ts,appid,concurrent,peak_in_game,src
1789673943,2070550,6,,single
1789673944,1055540,28,,single
1789673946,1586800,13,,single
1789673947,1740300,5,,single
1789673949,1567800,6,,single
1789673950,2073910,35,,single
1789673952,2869860,21,,single
1789673953,2124380,7,,single
1789673955,1405500,2,,single
1789673956,623080,1,,single
1789673958,1089980,111,,single
1789673959,413150,40146,,single
1789673961,1794680,4088,,single
1789673962,2231450,267,,single
1789673964,546560,562,,single
1789673965,2694490,57623,,single
1789673967,1623730,61039,,single
1789673968,420,39,,single
1789673970,15710,4,,single
1789673971,40800,91,,single
1789673972,200710,249,,single
1789673974,207690,6,,single
1789673976,209370,0,,single
1789673977,214490,305,,single
1789673978,219990,5673,,single
1789673980,227000,0,,single
1789673981,237740,1,,single
1789673983,239430,0,,single
1789673984,251270,4,,single
1789673986,264380,13,,single
1789673987,265610,25,,single
1789673989,274520,113,,single
1789673990,301860,0,,single
1789673992,310360,41,,single
1789673993,323320,5,,single
1789673995,324160,71,,single
1789673996,333600,69,,single
1789673998,337340,6,,single
1789673999,345180,7,,single
1789674001,353330,0,,single
1789674002,362890,690,,single
1789674004,373770,5,,single
1789674005,384190,13,,single
1789674007,385800,29,,single
1789674008,409660,0,,single
1789674010,418370,1525,,single
1789674011,449040,2,,single
1789674013,477870,1,,single
1789674014,483980,27,,single
1789674016,501590,27,,single
1789674017,508550,4,,single
1789674019,526870,16083,,single
1789674020,544330,2,,single
1789674022,562360,8,,single
1789674023,568770,9,,single
1789674025,580200,11,,single
1789674026,583470,22,,single
1789674028,602700,0,,single
1789674029,642090,6,,single
1789674031,665370,4,,single
1789674033,691450,14,,single
1789674034,729660,0,,single
1789674036,745920,114,,single
1789674037,764790,68,,single
1789674039,802880,16,,single
1789674040,829280,7,,single
1789674042,869760,2,,single
1789674044,894940,11,,single
1789674045,899770,659,,single
1789674046,913740,25,,single
1789674048,924070,2,,single
1789674049,951440,53,,single
1789674051,969760,3,,single
1789674052,976730,3083,,single
1789674054,1001270,174,,single
1789674055,1018850,4,,single
1789674057,1047220,1,,single
1789674058,1067310,2,,single
1789674060,1079260,91,,single
1789674062,1083790,7,,single
1789674063,1092710,13,,single
1789674065,1116580,11,,single
1789674067,1140270,15,,single
1789674070,1158160,1726,,single
1789674071,1169040,1010,,single
1789674073,1172450,19,,single
1789674074,1213700,17,,single
1789674076,1230140,24,,single
1789674078,1240210,35,,single
1789674079,1245620,30040,,single
1789674081,1277400,195,,single
1789674082,1307550,78,,single
1789674084,1337010,12,,single
1789674086,1369340,7,,single
1789674087,1380420,26,,single
1789674088,1422380,0,,single
1789674090,1446780,4196,,single
1789674091,1488200,164,,single
1789674093,1518810,4,,single
1789674094,1566200,34,,single
1789674096,1597730,2,,single
1789674097,1614550,75,,single
1789674099,1654660,9,,single
1789674100,1665190,6,,single
1789674102,1730590,9,,single
1789674103,1763250,256,,single
1789674105,1808680,16,,single
1789674107,1866180,10,,single
1789674108,1919460,8,,single
1789674110,1928980,57,,single
1789674111,1945250,0,,single
1789674112,2001120,2694,,single
1789674114,2142790,8925,,single
1789674115,2240080,5,,single
1789674117,2250060,3,,single
1789674119,2262610,1,,single
1789674120,2294130,17,,single
1789674122,2354600,2,,single
1789674123,2356560,195,,single
1789674125,2450700,12,,single
1789674126,2484130,8,,single
1789674128,2567870,1617,,single
1789674129,2754380,158,,single
1789674131,2877540,9,,single
1789674132,3069120,25,,single
1789674134,3087650,6,,single
1789674135,3290710,3,,single
1789674137,70,858,,single
1789674138,500,453,,single
1789674140,2280,292,,single
1789674141,2600,111,,single
1789674143,3590,1614,,single
1789674144,4580,240,,single
1789674146,9420,882,,single
1789674147,13240,26,,single
1789674149,22330,554,,single
1789674150,22490,514,,single
1789674151,32470,1580,,single
1789674153,35140,677,,single
1789674154,48700,2626,,single
1789674156,72850,1697,,single
1789674157,107100,25,,single
1789674158,206190,4,,single
1789674160,214560,2,,single
1789674161,219740,739,,single
1789674163,227300,33433,,single
1789674164,233860,4299,,single
1789674166,238460,111,,single
1789674167,239140,4472,,single
1789674168,242760,4664,,single
1789674170,246840,49,,single
1789674171,250900,53264,,single
1789674173,260750,9,,single
1789674174,264200,11,,single
1789674176,268910,1766,,single
1789674177,274190,114,,single
1789674178,284160,21835,,single
1789674180,294100,24364,,single
1789674181,304430,65,,single
1789674183,312990,15,,single
1789674184,337320,420,,single
1789674186,351640,0,,single
1789674187,362680,100,,single
1789674189,397740,6,,single
1789674190,411960,9,,single
1789674192,413410,1469,,single
1789674193,420530,127,,single
1789674195,425580,34,,single
1789674196,427520,18916,,single
1789674198,433950,3,,single
1789674200,439490,4,,single
1789674201,450540,176,,single
1789674203,460950,78,,single
1789674204,466630,4,,single
1789674206,504230,1826,,single
1789674207,512900,199,,single
1789674208,521200,13,,single
1789674210,541570,446,,single
1789674211,553310,42,,single
1789674213,588650,2140,,single
1789674214,597170,240,,single
1789674216,603960,17,,single
1789674217,611760,23,,single
1789674219,615610,1,,single
1789674220,636480,574,,single
1789674222,647960,161,,single
1789674223,668350,11,,single
1789674225,732690,45,,single
1789674226,745880,3,,single
1789674229,774181,56,,single
1789674230,787480,684,,single
1789674231,799640,1,,single
1789674233,824600,11,,single
1789674234,851100,20,,single
1789674236,883710,3160,,single
1789674237,908520,230,,single
1789674239,914710,43,,single
1789674240,960090,8800,,single
1789674242,992310,1,,single
1789674243,1043340,30,,single
1789674245,1057090,351,,single
1789674246,1070550,3,,single
1789674248,1082430,10,,single
1789674249,1092790,906,,single
1789674251,1102190,164,,single
1789674252,1109410,2,,single
1789674254,1115050,3,,single
1789674255,1127400,856,,single
1789674256,1150690,420,,single
1789674258,1170880,3,,single
1789674260,1175140,1,,single
1789674261,1198320,0,,single
1789674263,1202540,3,,single
1789674264,1216200,14,,single
1789674265,1241700,1,,single
1789674267,1260520,17,,single
1789674268,1275670,23,,single
1789674270,1281800,27,,single
1789674271,1283130,0,,single
1789674273,1285670,11,,single
1789674275,1288310,5,,single
1789674276,1292940,93,,single
1789674278,1293860,0,,single
1789674279,1328840,37,,single
1789674281,1333910,10,,single
1789674282,1353230,61,,single
1789674284,1366540,1787,,single
1789674285,1388770,58,,single
1789674287,1407420,1,,single
1789674288,1419860,1,,single
1789674290,1424330,94,,single
1789674291,1444350,12,,single
1789674292,1473350,100,,single
1789674294,1507580,33,,single
1789674296,1511860,0,,single
1789674297,1532510,1,,single
1789674299,1536610,462,,single
1789674300,1545990,3,,single
1789674302,1562700,67,,single
1789674303,1566410,2,,single
1789674305,1585180,65,,single
1789674306,1609230,100,,single
1789674308,1634860,35,,single
1789674309,1644940,37,,single
1789674311,1669980,156,,single
1789674312,1677770,36,,single
1789674314,1684930,38,,single
1789674315,1708150,17,,single
1789674316,1715460,0,,single
1789674318,1718910,7,,single
1789674320,1734320,13,,single
1789674321,1765350,0,,single
1789674323,1796580,11,,single
1789674324,1817000,1,,single
1789674326,1836730,31,,single
1789674327,1876590,12,,single
1789674328,1898500,12,,single
1789674330,1903340,5874,,single
1789674331,1931020,0,,single
1789674333,1935660,4,,single
1789674335,1955830,13,,single
1789674336,1967430,42,,single
1789674337,1986840,19,,single
1789674339,1999360,78,,single
1789674340,2011780,9,,single
1789674342,2056220,20,,single
1789674343,2060590,10,,single
1789674345,2088570,167,,single
1789674346,2097570,39,,single
1789674348,2112520,0,,single
1789674349,2128270,70,,single
1789674351,2135690,0,,single
1789674353,2162800,1463,,single
1789674354,2179850,29,,single
1789674356,2218750,343,,single
1789674357,2291760,130,,single
1789674360,2305840,54,,single
1789674361,2358720,5573,,single
1789674363,2369900,72,,single
1789674364,2379780,8465,,single
1789674367,2394650,23,,single
1789674369,2420510,283,,single
1789674371,2443360,3,,single
1789674372,2501600,13,,single
1789674374,2532550,5,,single
1789674375,2585830,14,,single
1789674377,2612680,0,,single
1789674378,2660460,215,,single
1789674380,2667430,2,,single
1789674381,2703850,29,,single
1789674383,2719060,1,,single
1789674384,2763670,6,,single
1789674386,2835570,994,,single
1789674387,2878710,0,,single
1789674389,2883280,2,,single
1789674390,2929730,2,,single
1789674392,3068300,108,,single
1789674393,3084280,2,,single
1789674395,3108510,8,,single
1789674396,3191030,165,,single
1789674398,3195790,648,,single
1789674399,3247500,1,,single
1789674401,3361470,17,,single
1789674402,20,68,,single
1789674404,50,121,,single
1789674405,80,401,,single
1789674407,130,50,,single
1789674408,300,371,,single
1789674410,340,1,,single
1789674411,440,68086,,single
1789674413,730,1009081,,single
1789674414,1250,235,,single
1789674416,1510,6,,single
1789674417,1630,71,,single
1789674419,1700,16,,single
1789674420,2100,34,,single
1789674422,2270,21,,single
1789674423,2320,119,,single
1789674425,2400,2,,single
1789674426,2620,94,,single
1789674428,2700,37,,single
1789674429,2990,276,,single
1789674431,3310,78,,single
1789674432,3330,603,,single
1789674434,3540,104,,single
1789674435,3700,70,,single
1789674437,3900,690,,single
1789674438,3920,114,,single
1789674440,4560,80,,single
1789674441,4700,4464,,single
1789674442,4850,242,,single
1789674444,6010,15,,single
1789674445,6030,26,,single
1789674447,6200,6,,single
1789674448,6370,4,,single
1789674450,6800,94,,single
1789674451,6850,28,,single
1789674453,6920,7,,single
1789674454,7000,42,,single
1789674456,7610,57,,single
1789674457,7670,50,,single
1789674459,7800,9,,single
1789674460,7860,2,,single
1789674462,8000,60,,single
1789674463,8140,44,,single
1789674465,8190,120,,single
1789674466,8500,4761,,single
1789674469,8850,39,,single
1789674471,8930,15407,,single
1789674472,9010,74,,single
1789674474,9180,9,,single
1789674475,9340,30,,single
1789674477,9450,366,,single
1789674478,9900,1554,,single
1789674480,10130,2,,single
1789674481,10180,453,,single
1789674482,10500,2586,,single
1789674484,11020,182,,single
1789674485,11450,28,,single
1789674487,12110,165,,single
1789674488,12140,57,,single
1789674490,12210,4589,,single
1789674491,12360,74,,single
1789674493,12710,34,,single
1789674494,12900,13,,single
1789674496,13250,5,,single
1789674497,13530,32,,single
1789674499,13600,28,,single
1789674500,15100,39,,single
1789674502,15200,27,,single
1789674503,15300,13,,single
1789674505,15390,14,,single
1789674506,15750,5,,single
1789674508,16810,362,,single
1789674510,17390,482,,single
1789674511,17440,25,,single
1789674512,17460,32,,single
1789674514,17480,449,,single
1789674515,17570,22,,single
1789674517,17740,4,,single
1789674518,19680,326,,single
1789674520,20530,7,,single
1789674521,20570,45,,single
1789674523,21000,171,,single
1789674524,21100,24,,single
1789674526,21690,1493,,single
1789674527,21980,23,,single
1789674529,22180,7,,single
1789674530,22230,10,,single
1789674532,22600,39,,single
1789674533,24010,743,,single
1789674535,24240,54,,single
1789674536,24720,120,,single
1789674538,24780,376,,single
1789674539,24810,495,,single
1789674541,24980,7,,single
1789674542,25800,58,,single
1789674544,25890,69,,single
1789674545,26800,2,,single
1789674547,29180,1,,single
1789674548,31290,1,,single
1789674549,32360,36,,single
1789674551,32380,11,,single
1789674552,32430,57,,single
1789674554,32460,23,,single
1789674556,32800,15,,single
1789674557,33230,294,,single
1789674558,33600,14,,single
1789674560,33930,172,,single
1789674561,34030,1351,,single
1789674563,34440,4,,single
1789674564,34830,25,,single
1789674566,35000,15,,single
1789674567,35450,130,,single
1789674569,35480,1,,single
1789674570,35720,46,,single
1789674572,38410,173,,single
1789674573,38720,0,,single
1789674575,39000,4,,single
1789674576,39150,108,,single
1789674577,39210,21008,,single
1789674579,39530,17,,single
1789674580,39670,5,,single
1789674582,39800,1,,single
1789674583,40300,120,,single
1789674585,40390,58,,single
1789674586,40720,5,,single
1789674588,40960,171,,single
1789674589,41000,80,,single
1789674591,41060,19,,single
1789674592,41100,7,,single
1789674594,41500,45,,single
1789674595,42670,17,,single
1789674597,42700,512,,single
1789674598,42960,419,,single
1789674600,45700,3,,single
1789674601,45760,181,,single
1789674602,46510,29,,single
1789674604,47810,507,,single
1789674605,48000,65,,single
1789674607,48190,222,,single
1789674608,49520,3206,,single
1789674610,50300,33,,single
1789674611,55110,4,,single
1789674613,55150,182,,single
1789674614,57640,13,,single
1789674616,58520,3,,single
1789674618,61700,22,,single
1789674619,63200,1,,single
1789674621,63610,5,,single
1789674622,63910,103,,single
1789674624,65300,14,,single
1789674625,65740,2,,single
1789674627,65800,246,,single
1789674628,70100,1,,single
1789674630,70600,75,,single
1789674631,71340,45,,single
1789674633,73010,10,,single
1789674634,78000,395,,single
1789674636,80330,4,,single
1789674637,91200,3,,single
1789674639,92800,9,,single
1789674640,94300,2,,single
1789674642,94590,4,,single
1789674643,97000,5,,single
1789674645,98200,1,,single
1789674646,98400,1,,single
1789674648,99900,259,,single
1789674649,102600,13,,single
1789674651,105000,8,,single
1789674652,107200,5,,single
1789674654,107310,0,,single
1789674655,107600,4,,single
1789674657,108600,55455,,single
1789674658,108800,23,,single
1789674661,113020,18,,single
1789674662,115100,6,,single
1789674664,115320,141,,single
1789674665,200210,1733,,single
1789674666,200510,786,,single
1789674669,200940,1,,single
1789674670,201270,0,,single
1789674671,201810,385,,single
1789674673,201870,117,,single
1789674675,202200,20,,single
1789674676,202710,5,,single
1789674677,203160,869,,single
1789674679,203350,92,,single
1789674683,203750,5,,single
1789674684,203830,9,,single
1789674686,204240,2,,single
1789674687,204340,118,,single
1789674689,204450,107,,single
1789674690,204630,3,,single
1789674692,205190,2,,single
1789674694,205650,12,,single
1789674695,206210,3,,single
1789674697,206440,19,,single
1789674698,206500,31,,single
1789674700,207140,124,,single
1789674701,207230,1,,single
1789674703,207350,18,,single
1789674704,207750,0,,single
1789674706,208140,59,,single
1789674707,208480,11,,single
1789674709,208580,350,,single
1789674711,209000,621,,single
1789674712,209160,122,,single
1789674714,209190,0,,single
1789674715,209650,81,,single
1789674717,210770,7,,single
1789674718,211260,1,,single
1789674720,211600,33,,single
1789674721,211820,768,,single
1789674723,212480,42,,single
1789674725,212680,1438,,single
1789674726,212800,0,,single
1789674728,213610,192,,single
1789674729,213850,16,,single
1789674731,214340,136,,single
1789674733,214510,181,,single
1789674734,214730,197,,single
1789674736,214830,1,,single
1789674737,214970,3,,single
1789674739,215470,4,,single
1789674740,216890,13,,single
1789674741,218060,0,,single
1789674743,218620,31892,,single
1789674744,219640,46,,single
1789674746,219890,10,,single
1789674747,220090,123,,single
1789674749,220200,2868,,single
1789674750,220440,102,,single
1789674752,220780,0,,single
1789674754,221040,1189,,single
1789674755,221380,2770,,single
1789674756,221640,13,,single
1789674758,221910,37,,single
1789674760,222440,111,,single
1789674761,222730,6,,single
1789674762,222880,209,,single
1789674764,223330,24,,single
1789674765,223710,564,,single
1789674767,223830,34,,single
1789674769,224260,467,,single
1789674770,224460,3,,single
1789674772,224600,2,,single
1789674773,224820,2,,single
1789674775,224920,0,,single
1789674776,224960,5,,single
1789674778,225260,50,,single
1789674779,225840,243,,single
1789674781,226840,179,,single
1789674783,227080,0,,single
1789674784,227200,0,,single
1789674786,227260,1,,single
1789674787,227780,34,,single
1789674789,228200,1103,,single
1789674790,228280,557,,single
1789674792,228400,8,,single
1789674793,229480,3,,single
1789674795,230070,23,,single
1789674796,230230,46,,single
1789674798,230410,44372,,single
1789674799,231160,2,,single
1789674801,231430,2358,,single
1789674802,232750,1,,single
1789674804,232790,16,,single
1789674805,232910,98,,single
1789674807,233150,3,,single
1789674808,233450,916,,single
1789674810,233610,10,,single
1789674811,233740,4,,single
1789674813,234140,843,,single
1789674814,234330,279,,single
1789674816,234650,19,,single
1789674817,234710,13,,single
1789674819,235320,35,,single
1789674820,235540,48,,single
1789674822,235800,13,,single
1789674824,236150,3,,single
1789674825,236450,4,,single
1789674826,236850,10512,,single
1789674828,237430,6,,single
1789674829,237850,18,,single
1789674831,237990,34,,single
1789674832,238090,390,,single
1789674834,238750,21,,single
1789674835,239250,25,,single
1789674837,239820,159,,single
1789674839,240760,16,,single
1789674840,241260,32,,single
1789674842,241560,9,,single
1789674843,241930,664,,single
1789674845,242570,3,,single
1789674846,242700,50,,single
1789674848,242860,41,,single
1789674849,242920,547,,single
1789674851,243450,1,,single
1789674852,243800,3,,single
1789674854,243970,28,,single
1789674855,244050,10,,single
1789674857,244210,13867,,single
1789674858,244450,831,,single
1789674860,244850,3349,,single
1789674861,244930,1,,single
1789674863,245390,21,,single
1789674864,245470,7,,single
1789674866,246580,6,,single
1789674868,246900,146,,single
1789674869,247020,15,,single
1789674871,247240,3,,single
1789674872,247910,4,,single
1789674874,248310,5,,single
1789674875,248390,310,,single
1789674877,248610,8,,single
1789674878,248860,29,,single
1789674880,249130,513,,single
1789674881,249680,2,,single
1789674883,250050,2,,single
1789674885,250180,21,,single
1789674886,250340,18,,single
1789674888,250560,0,,single
1789674889,251060,336,,single
1789674891,251150,76,,single
1789674892,251470,24,,single
1789674894,251730,54,,single
1789674896,252030,2,,single
1789674897,252130,1,,single
1789674899,252410,41,,single
1789674900,252530,996,,single
1789674902,252630,1,,single
1789674903,252870,5,,single
1789674905,253030,1,,single
1789674906,253330,1,,single
1789674908,253710,168,,single
1789674909,253770,0,,single
1789674911,253900,109,,single
1789674912,254320,29,,single
1789674914,254700,907,,single
1789674915,255320,17,,single
1789674917,256290,14,,single
1789674919,256370,3,,single
1789674920,257170,35,,single
1789674922,257510,93,,single
1789674923,257850,40,,single
1789674925,258220,1,,single
1789674926,259060,4,,single
1789674928,259530,0,,single
1789674930,259680,152,,single
1789674931,260210,5,,single
1789674933,260430,46,,single
1789674934,261180,1,,single
1789674936,261510,3,,single
1789674937,261570,48,,single
1789674939,262060,4125,,single
1789674940,262280,24,,single
1789674942,262690,2,,single
1789674943,262940,13,,single
1789674945,263300,1,,single
1789674947,263760,6,,single
1789674948,264140,3,,single
1789674950,265890,2,,single
1789674951,266010,3,,single
1789674953,266310,2,,single
1789674954,266430,5,,single
1789674956,266840,807,,single
1789674957,268130,23,,single
1789674959,268420,1,,single
1789674961,268540,6,,single
1789674962,268850,319,,single
1789674964,269030,0,,single
1789674966,269710,2,,single
1789674967,269950,349,,single
1789674969,270130,0,,single
1789674970,270210,2,,single
1789674972,271500,1,,single
1789674975,271900,9,,single
1789674977,272470,8,,single
1789674978,272600,14,,single
1789674980,274170,386,,single
1789674981,274500,13,,single
1789674983,274920,54,,single
1789674984,274980,1,,single
1789674986,275390,19,,single
1789674987,276810,181,,single
1789674989,278080,93,,single
1789674990,278460,0,,single
1789674992,280160,19,,single
1789674993,281920,4,,single
1789674995,282070,629,,single
1789674996,282440,469,,single
1789674997,282660,1,,single
1789674999,283160,5,,single
1789675000,283680,1,,single
1789675002,284050,1,,single
1789675003,284710,1,,single
1789675005,284830,3,,single
1789675006,285110,28,,single
1789675008,285190,146,,single
1789675009,285330,167,,single
1789675011,285500,14,,single
1789675012,285800,0,,single
1789675014,285920,256,,single
1789675015,286100,0,,single
1789675017,286260,0,,single
1789675018,286690,1074,,single
1789675020,287310,18,,single
1789675021,287450,707,,single
1789675023,287980,140,,single
1789675024,289070,26826,,single
1789675026,289520,97,,single
1789675027,289930,27,,single
1789675029,290100,13,,single
1789675030,290340,57,,single
1789675032,290770,1,,single
1789675033,291650,384,,single
1789675035,292180,0,,single
1789675036,292730,495,,single
1789675038,292990,28,,single
1789675039,293260,44,,single
1789675041,293780,14,,single
1789675042,294810,2,,single
1789675044,296490,141,,single
1789675045,296870,1,,single
1789675047,298030,117,,single
1789675048,298160,5,,single
1789675050,298610,33,,single
1789675051,299030,1,,single
1789675053,299680,1,,single
1789675054,300550,27,,single
1789675056,301190,0,,single
1789675057,301640,73,,single
1789675059,301760,14,,single
1789675060,302610,3,,single
1789675062,302710,10,,single
1789675063,303310,50,,single
1789675065,304240,474,,single
1789675066,304410,203,,single
1789675068,304930,14259,,single
1789675069,306020,179,,single
1789675071,306660,9,,single
1789675072,307070,1,,single
1789675074,307230,1,,single
1789675075,307640,8,,single
1789675077,307690,610,,single
1789675078,307960,339,,single
1789675080,308600,288,,single
1789675081,310080,6,,single
1789675083,310560,103,,single
1789675084,311210,7467,,single
1789675086,311310,283,,single
1789675087,311560,183,,single
1789675089,312370,12,,single
1789675090,312520,1374,,single
1789675092,312670,38,,single
1789675093,313120,318,,single
1789675095,313340,35,,single
1789675096,313500,30,,single
1789675098,314160,512,,single
1789675099,314280,1,,single
1789675101,314430,14,,single
1789675102,314650,200,,single
1789675104,314980,31,,single
1789675105,316010,40,,single
1789675107,316610,3,,single
1789675108,317360,3,,single
1789675110,318100,0,,single
1789675111,318600,4,,single
1789675113,319510,106,,single
1789675115,319910,8,,single
1789675116,320140,5,,single
1789675118,320430,59,,single
1789675119,321400,1,,single
1789675120,322170,43671,,single
1789675122,322210,11,,single
1789675123,322330,13619,,single
1789675125,322500,53,,single
1789675126,322770,1,,single
1789675128,322920,3,,single
1789675129,323190,1708,,single
1789675131,323580,5,,single
1789675132,323850,66,,single
1789675134,324310,4,,single
1789675135,324800,81,,single
1789675137,325260,2,,single
1789675138,326180,4,,single
1789675140,326460,385,,single
1789675141,327090,3,,single
1789675142,327400,208,,single
1789675144,327640,0,,single
1789675145,328080,16,,single
1789675147,329050,201,,single
1789675148,329110,847,,single
1789675150,329970,12,,single
1789675151,330830,26,,single
1789675153,331480,2,,single
1789675154,331670,12,,single
1789675156,332310,48,,single
1789675157,332800,53,,single
1789675159,333420,1095,,single
1789675160,333930,55,,single
1789675162,334540,5,,single
1789675163,334940,11,,single
1789675165,335240,1287,,single
1789675166,335670,40,,single
1789675168,337000,261,,single
1789675169,338170,2,,single
1789675171,339280,4,,single
1789675172,339610,58,,single
1789675174,341310,4,,single
1789675175,342310,3,,single
1789675177,342580,0,,single
1789675178,343780,99,,single
1789675179,344770,0,,single
1789675181,345660,3,,single
1789675182,346110,12029,,single
1789675184,346560,5,,single
1789675185,346940,34,,single
1789675187,348360,2,,single
1789675188,348710,3,,single
1789675190,350080,124,,single
1789675191,351510,11,,single
1789675193,351910,2,,single
1789675194,351990,0,,single
1789675196,352520,3,,single
1789675197,353090,7,,single
1789675199,353640,9,,single
1789675200,354140,13,,single
1789675202,354240,8,,single
1789675203,355060,1,,single
1789675205,355790,21,,single
1789675206,356400,8,,single
1789675208,356520,0,,single
1789675209,357070,31,,single
1789675211,357330,0,,single
1789675212,358090,0,,single
1789675214,359310,6,,single
1789675215,359550,80427,,single
1789675218,360620,3,,single
1789675220,360650,1,,single
1789675221,361280,180,,single
1789675223,361630,0,,single
1789675224,362620,177,,single
1789675226,362960,70,,single
1789675227,363680,22,,single
1789675228,363970,1911,,single
1789675230,365160,5,,single
1789675231,365360,1809,,single
1789675233,365590,380,,single
1789675234,366760,1,,single
1789675236,367450,83,,single
1789675237,367670,85,,single
1789675239,368230,49,,single
1789675240,368370,8,,single
1789675242,368500,256,,single
1789675243,369990,107,,single
1789675245,370360,21,,single
1789675246,371520,12,,single
1789675248,371970,756,,single
1789675249,372800,52,,single
1789675251,373390,2,,single
1789675252,373930,131,,single
1789675254,374190,11,,single
1789675255,374900,18,,single
1789675257,375530,105,,single
1789675258,375900,17,,single
1789675260,376210,18583,,single
1789675261,376870,4,,single
1789675263,377860,5,,single
1789675264,379210,11,,single
1789675266,380150,5,,single
1789675268,380840,9,,single
1789675270,381780,3,,single
1789675271,382310,944,,single
1789675273,382560,7,,single
1789675274,383840,26,,single
1789675276,383980,277,,single
1789675277,384300,51,,single
1789675279,385380,7,,single
1789675280,385770,170,,single
1789675282,386260,0,,single
1789675283,386620,19,,single
1789675285,386940,390,,single
1789675286,388080,465,,single
1789675288,388210,17,,single
1789675289,388880,8,,single
1789675291,389170,6,,single
1789675292,389730,686,,single
1789675294,390670,0,,single
1789675295,391220,1215,,single
1789675296,391540,2828,,single
1789675298,392110,503,,single
1789675299,393190,1,,single
1789675301,393430,8,,single
1789675302,394360,38019,,single
1789675304,394690,165,,single
1789675305,395170,3,,single
1789675307,396650,1,,single
1789675308,396750,34,,single
1789675310,397060,25,,single
1789675311,397350,138,,single
1789675313,397460,22,,single
1789675314,398710,13,,single
1789675315,399120,1,,single
1789675317,399820,6,,single
1789675318,400630,1,,single
1789675320,401680,22,,single
1789675321,402560,11,,single
1789675323,403640,577,,single
1789675324,404410,114,,single
1789675326,404790,2091,,single
1789675327,405310,144,,single
1789675329,405710,19,,single
1789675330,405830,18,,single
1789675332,406150,12,,single
1789675333,406350,25,,single
1789675335,406970,3,,single
1789675336,407530,5,,single
1789675337,408900,2,,single
1789675339,409590,0,,single
1789675340,410110,23,,single
1789675342,410340,733,,single
1789675343,410890,27,,single
1789675345,410980,189,,single
1789675346,412740,1,,single
1789675348,413710,3,,single
1789675350,414740,5,,single
1789675351,415420,4,,single
1789675352,417430,1,,single
1789675354,418070,5,,single
1789675355,418340,8,,single
1789675357,418500,1,,single
1789675359,418650,1,,single
1789675360,420000,68,,single
1789675362,420440,35,,single
1789675363,421020,35,,single
1789675365,421050,23,,single
1789675366,422900,31,,single
1789675367,424030,286,,single
1789675369,425210,0,,single
1789675370,427250,3,,single
1789675372,428430,2,,single
1789675373,428660,8,,single
1789675375,429050,134,,single
1789675376,429680,3,,single
1789675378,429790,151,,single
1789675379,431180,2,,single
1789675380,431600,26,,single
1789675382,431730,6202,,single
1789675383,433550,0,,single
1789675385,434030,4,,single
1789675386,435120,43,,single
1789675388,435400,12,,single
1789675389,435790,3,,single
1789675391,436320,0,,single
1789675392,437920,64,,single
1789675393,438100,39971,,single
1789675395,438270,1,,single
1789675396,438640,33,,single
1789675398,440310,20,,single
1789675399,440540,15,,single
1789675400,441550,58,,single
1789675402,444090,1072,,single
1789675403,444640,234,,single
1789675405,445190,37,,single
1789675406,445310,71,,single
1789675408,446800,99,,single
1789675409,447040,1197,,single
1789675411,447150,3,,single
1789675412,448280,14,,single
1789675414,448510,111,,single
1789675415,449610,28,,single
1789675416,450390,12,,single
1789675418,451340,251,,single
1789675419,452570,1,,single
1789675421,453340,0,,single
1789675422,454650,1242,,single
1789675424,455820,0,,single
1789675425,456750,49,,single
1789675427,457550,44,,single
1789675429,458710,179,,single
1789675430,459080,10,,single
1789675431,460920,180,,single
1789675433,462770,9,,single
1789675434,464060,34,,single
1789675436,464360,0,,single
1789675437,465520,1,,single
1789675439,466240,31,,single
1789675440,466910,3,,single
1789675442,468920,52,,single
1789675443,470220,229,,single
1789675445,470310,106,,single
1789675446,473770,14,,single
1789675448,474210,4,,single
1789675449,475150,645,,single
1789675450,475550,195,,single
1789675452,476600,576,,single
1789675453,477160,2297,,single
1789675455,477770,13,,single
1789675456,479130,1,,single
1789675458,480650,87,,single
1789675460,481510,64,,single
1789675461,482730,499,,single
1789675462,483420,2,,single
1789675464,485610,59,,single
1789675465,486310,8,,single
1789675467,488310,2,,single
1789675468,489140,0,,single
1789675470,489630,928,,single
1789675471,490110,119,,single
1789675473,491040,2,,single
1789675475,491530,10,,single
1789675476,491950,10,,single
1789675477,492720,947,,single
1789675479,493840,9,,single
1789675481,494150,7,,single
1789675482,495140,60,,single
1789675484,495560,19,,single
1789675485,496890,2,,single
1789675487,498240,58,,single
1789675488,499440,0,,single
1789675489,499660,3,,single
1789675491,501080,20,,single
1789675492,501320,0,,single
1789675494,502500,594,,single
1789675495,503400,4,,single
1789675497,503940,179,,single
1789675498,504370,248,,single
1789675500,505230,104,,single
1789675501,507010,5,,single
1789675502,508900,3,,single
1789675504,509580,13,,single
1789675505,510500,8,,single
1789675507,512470,26,,single
1789675508,513510,0,,single
1789675510,515180,66,,single
1789675511,516750,1343,,single
1789675513,517710,3,,single
1789675514,518030,3,,single
1789675515,518790,4247,,single
1789675517,520940,7,,single
1789675518,523660,11,,single
1789675520,524850,0,,single
1789675521,525510,12,,single
1789675523,526740,0,,single
1789675524,528200,47,,single
1789675525,529340,5629,,single
1789675527,530320,3,,single
1789675528,532110,87,,single
1789675530,533300,0,,single
1789675531,535520,0,,single
1789675533,537110,3,,single
1789675534,538100,5,,single
1789675536,539470,32,,single
1789675537,540840,6,,single
1789675539,541210,72,,single
1789675540,543870,37,,single
1789675542,544550,575,,single
1789675543,544810,791,,single
1789675544,545270,1,,single
1789675546,550320,59,,single
1789675547,551860,2,,single
1789675549,552100,1319,,single
1789675550,552520,1941,,single
1789675552,552990,7839,,single
1789675553,553260,7,,single
1789675555,553520,158,,single
1789675556,553640,8,,single
1789675557,554620,67,,single
1789675559,555160,50,,single
1789675561,557340,17,,single
1789675562,558100,4,,single
1789675564,558990,283,,single
1789675566,559330,0,,single
1789675569,560260,0,,single
1789675570,562010,64,,single
1789675572,562260,22,,single
1789675573,562860,11,,single
1789675575,564050,2,,single
1789675576,564530,110,,single
1789675578,566050,150,,single
1789675580,567290,0,,single
1789675581,568090,6,,single
1789675582,568320,46,,single
1789675584,569860,19,,single
1789675585,571310,43,,single
1789675587,572220,2,,single
1789675589,572890,44,,single
1789675590,573100,218,,single
1789675591,573410,8,,single
1789675593,574560,8,,single
1789675594,574980,3,,single
1789675596,576770,21,,single
1789675597,577800,15,,single
1789675599,578310,1,,single
1789675600,578720,0,,single
1789675602,579950,1,,single
1789675603,580720,10,,single
1789675605,581660,11,,single
1789675607,582500,375,,single
1789675608,583010,38,,single
1789675610,584400,117,,single
1789675611,585410,25,,single
1789675613,585710,8,,single
1789675614,586030,0,,single
1789675615,587430,3,,single
1789675617,587620,69,,single
1789675618,588040,2,,single
1789675620,589290,656,,single
1789675621,589870,86,,single
1789675623,591460,85,,single
1789675625,592260,18,,single
1789675626,592600,0,,single
1789675627,593960,3,,single
1789675629,594650,22071,,single
1789675630,595280,0,,single
1789675632,595520,279,,single
1789675633,597180,589,,single
1789675635,598550,9,,single
1789675636,598960,37,,single
1789675638,599140,4386,,single
1789675639,599750,2,,single
1789675640,600480,48,,single
1789675642,601220,2,,single
1789675643,601510,1576,,single
1789675645,602320,205,,single
1789675646,603850,572,,single
1789675648,604330,3,,single
1789675649,605740,121,,single
1789675651,606500,1,,single
1789675652,609110,2,,single
1789675654,609940,5,,single
1789675655,610360,1,,single
1789675657,611980,1,,single
1789675658,613830,132,,single
1789675660,616110,3,,single
1789675661,617480,11,,single
1789675663,618140,11,,single
1789675664,619150,46,,single
1789675666,619700,0,,single
1789675667,619910,1,,single
1789675669,620980,354,,single
1789675670,621060,137,,single
1789675672,623280,0,,single
1789675673,624270,66,,single
1789675675,626610,9,,single
1789675676,627690,2384,,single
1789675677,628770,0,,single
1789675679,629730,510,,single
1789675680,631510,543,,single
1789675682,632300,177,,single
1789675684,633060,3,,single
1789675685,633230,409,,single
1789675686,634160,3,,single
1789675688,635320,5,,single
1789675689,636150,32,,single
1789675691,637850,1,,single
1789675692,638230,33,,single
1789675694,639170,0,,single
1789675695,640590,33,,single
1789675697,641080,26,,single
1789675698,641960,0,,single
1789675700,643270,1,,single
1789675701,645090,2,,single
1789675702,645790,4,,single
1789675704,646500,12,,single
1789675705,647830,197,,single
1789675707,648350,168,,single
1789675708,648410,158,,single
1789675710,648800,5658,,single
1789675711,653530,114,,single
1789675712,655500,3099,,single
1789675714,657240,6,,single
1789675715,658700,17,,single
1789675717,660160,22,,single
1789675718,661790,0,,single
1789675720,663390,33,,single
1789675721,666140,263,,single
1789675722,666220,12,,single
1789675724,666860,261,,single
1789675726,667600,17,,single
1789675727,667870,0,,single
1789675729,669330,1368,,single
1789675730,671440,29,,single
1789675732,671620,2,,single
1789675733,672870,55,,single
1789675735,673610,222,,single
1789675737,673880,119,,single
1789675738,674500,30,,single
1789675739,674930,9,,single
1789675741,675010,449,,single
1789675743,677160,147,,single
1789675744,678800,102,,single
1789675746,678960,208,,single
1789675747,679900,97,,single
1789675749,681280,357,,single
1789675750,682130,20,,single
1789675752,686200,13,,single
1789675754,688470,11,,single
1789675755,690790,894,,single
1789675757,692890,281,,single
1789675758,695330,3,,single
1789675760,697550,1,,single
1789675762,699130,959,,single
1789675763,700600,143,,single
1789675765,702320,734,,single
1789675766,703080,3045,,single
1789675768,704850,176,,single
1789675769,705120,0,,single
1789675771,708720,0,,single
1789675772,711540,9,,single
1789675774,712100,261,,single
1789675775,716490,20,,single
1789675776,716710,2,,single
1789675778,718850,111,,single
1789675779,719890,717,,single
1789675781,720560,16,,single
1789675782,722060,17,,single
1789675784,725270,0,,single
1789675785,725480,2,,single
1789675787,726590,8,,single
1789675789,727020,1,,single
1789675790,728740,147,,single
1789675792,729000,21,,single
1789675793,730820,34,,single
1789675794,731490,516,,single
1789675796,732370,2,,single
1789675798,733070,15,,single
1789675799,733990,0,,single
1789675801,735280,66,,single
1789675802,735580,1,,single
1789675803,736590,237,,single
1789675805,738060,32,,single
1789675806,741140,3,,single
1789675808,742120,29,,single
1789675809,743130,4,,single
1789675811,744190,71,,single
1789675814,746850,34,,single
1789675815,747660,168,,single
1789675817,748360,4,,single
1789675819,750920,856,,single
1789675821,752590,786,,single
1789675822,753640,1124,,single
1789675824,754150,55,,single
1789675825,755500,26,,single
1789675827,756800,243,,single
1789675829,757240,5,,single
1789675830,757480,2,,single
1789675832,758330,17,,single
1789675833,758690,122,,single
1789675835,758990,25,,single
1789675836,760160,7,,single
1789675838,761600,35,,single
1789675839,761830,64,,single
1789675841,762650,2,,single
1789675843,763890,237,,single
1789675845,765810,11,,single
1789675846,766370,4,,single
1789675848,769560,91,,single
1789675849,770810,69,,single
1789675851,773370,2,,single
1789675852,774201,14,,single
1789675854,774791,2,,single
1789675855,775500,40,,single
1789675857,777390,109,,single
1789675858,780310,697,,single
1789675860,782670,54,,single
1789675862,784080,1494,,single
1789675863,784950,518,,single
1789675865,785790,16,,single
1789675866,786520,550,,single
1789675869,789660,4,,single
1789675870,790740,15,,single
1789675872,790850,0,,single
1789675873,792100,35,,single
1789675874,792300,14,,single
1789675876,793350,1,,single
1789675877,794800,42,,single
1789675879,795420,12,,single
1789675880,797400,27,,single
1789675882,797430,114,,single
1789675883,798460,112,,single
1789675885,798840,18,,single
1789675886,799600,449,,single
1789675888,800270,482,,single
1789675889,801550,33,,single
1789675891,803050,54,,single
1789675892,804010,37,,single
1789675893,805550,2990,,single
1789675895,807120,30,,single
1789675896,809020,11,,single
1789675898,810040,4,,single
1789675899,812040,6,,single
1789675901,813230,65,,single
1789675902,813780,19653,,single
1789675904,814000,72,,single
1789675905,815370,3224,,single
1789675907,816090,51,,single
1789675908,817510,0,,single
1789675910,818320,33,,single
1789675911,820520,13,,single
1789675913,822240,106,,single
1789675914,823500,39,,single
1789675916,824000,9,,single
1789675917,824720,1,,single
1789675919,828740,6,,single
1789675920,829590,28,,single
1789675922,831980,7,,single
1789675923,834280,9,,single
1789675924,834910,257,,single
1789675926,837470,103,,single
1789675927,838630,6,,single
1789675929,839910,4,,single
1789675930,840800,2,,single
1789675932,841370,33,,single
1789675933,842780,104,,single
1789675935,843380,338,,single
1789675936,843810,1,,single
1789675937,844590,10,,single
1789675939,845880,1,,single
1789675940,846030,26,,single
1789675942,846470,6,,single
1789675943,847370,50,,single
1789675945,848450,563,,single
1789675946,850320,7,,single
1789675947,852220,2,,single
1789675949,853550,4,,single
1789675950,855010,6,,single
1789675952,855860,36,,single
1789675953,858710,72,,single
1789675955,858820,79,,single
1789675956,860510,187,,single
1789675958,860950,14,,single
1789675959,861540,99,,single
1789675961,864060,12,,single
1789675962,865540,2,,single
1789675964,866140,9,,single
1789675965,866800,43,,single
1789675967,868270,1,,single
1789675968,870200,61,,single
1789675970,871720,147,,single
1789675971,872790,620,,single
1789675973,874260,32,,single
1789675974,876650,23,,single
1789675975,878670,2,,single
1789675977,881020,1491,,single
1789675978,881320,12,,single
1789675980,883360,1,,single
1789675981,884660,81,,single
1789675983,885970,1338,,single
1789675984,890550,7,,single
1789675985,891040,116,,single
1789675987,893850,58,,single
1789675988,895400,618,,single
1789675990,896160,6,,single
1789675991,897450,38,,single
1789675993,898750,86,,single
1789675994,898920,513,,single
1789675995,905340,19,,single
1789675997,908100,0,,single
1789675998,913060,4,,single
1789676000,914010,19,,single
1789676001,914800,25,,single
1789676003,915320,30,,single
1789676004,916440,1988,,single
1789676005,917150,3,,single
1789676007,918570,58,,single
1789676008,922320,12,,single
1789676010,925570,1,,single
1789676011,926140,20,,single
1789676013,934840,0,,single
1789676014,936720,21,,single
1789676016,937170,1,,single
1789676017,937580,12,,single
1789676019,939100,1,,single
1789676020,939620,1,,single
1789676021,940710,5,,single
1789676023,942970,61,,single
1789676024,945360,8356,,single
1789676026,946720,2,,single
1789676027,949290,8,,single
1789676029,950100,0,,single
1789676030,950740,4,,single
1789676032,952290,0,,single
1789676033,953490,86,,single
1789676035,954870,7,,single
1789676036,956030,16,,single
1789676038,958400,8,,single
1789676039,960690,14,,single
1789676040,961200,1745,,single
1789676042,962400,142,,single
1789676043,963710,2,,single
1789676045,964350,1,,single
1789676046,964800,36,,single
1789676048,965230,4,,single
1789676049,965680,63,,single
1789676051,966320,4,,single
1789676052,966610,86,,single
1789676054,968250,15,,single
1789676055,970500,7,,single
1789676057,973580,173,,single
1789676058,973810,29,,single
1789676060,976010,3,,single
1789676061,977400,4762,,single
1789676062,978300,203,,single
1789676064,978520,43,,single
1789676065,979080,4,,single
1789676067,979120,76,,single
1789676068,979920,256,,single
1789676070,980610,210,,single
1789676071,981890,5,,single
1789676073,982290,11,,single
1789676074,984780,21,,single
1789676075,986130,243,,single
1789676077,987020,0,,single
1789676078,988910,17,,single
1789676080,991170,18,,single
1789676081,994140,0,,single
1789676083,995980,2,,single
1789676084,996580,378,,single
1789676086,997380,36,,single
1789676087,998740,33,,single
1789676089,1000360,81,,single
1789676090,1003590,151,,single
1789676091,1004750,17,,single
1789676093,1005930,17,,single
1789676094,1009560,47,,single
1789676096,1010750,13,,single
1789676097,1010890,2,,single
1789676099,1012110,5,,single
1789676100,1012790,24,,single
1789676102,1012880,117,,single
1789676103,1013320,1880,,single
1789676104,1016920,116,,single
1789676106,1018010,16,,single
1789676107,1018800,9,,single
1789676109,1019310,0,,single
1789676110,1020790,275,,single
1789676112,1021210,168,,single
1789676113,1022310,2,,single
1789676115,1024380,4,,single
1789676116,1025440,47,,single
1789676118,1026820,13,,single
1789676120,1028310,165,,single
1789676121,1029550,79,,single
1789676122,1031140,1,,single
1789676124,1032790,1,,single
1789676126,1036890,9,,single
1789676127,1038250,30,,single
1789676128,1038450,5,,single
1789676130,1040070,3,,single
1789676132,1042550,695,,single
1789676133,1043390,1,,single
1789676134,1046030,23,,single
1789676136,1046930,898,,single
1789676137,1049280,6,,single
1789676139,1051200,6,,single
1789676141,1052990,12,,single
1789676142,1054490,667,,single
1789676144,1054800,1,,single
1789676145,1057700,1,,single
1789676146,1058430,24,,single
1789676148,1058640,4,,single
1789676149,1058770,6,,single
1789676151,1059120,1,,single
1789676152,1060230,29,,single
1789676154,1061180,1,,single
1789676155,1062090,6610,,single
1789676157,1062140,3,,single
1789676158,1062830,12,,single
1789676159,1063660,67,,single
1789676161,1064610,1,,single
1789676163,1066260,0,,single
1789676164,1066890,1239,,single
1789676167,1067900,1,,single
1789676168,1069160,29,,single
1789676169,1069650,44,,single
1789676171,1069690,17,,single
1789676172,1070330,4,,single
1789676173,1071120,0,,single
1789676175,1072040,609,,single
1789676176,1072420,102,,single
1789676178,1073390,23,,single
1789676180,1075190,34,,single
1789676181,1076160,91,,single
1789676183,1077520,0,,single
1789676184,1078730,11,,single
1789676186,1078920,2,,single
1789676187,1079800,10,,single
1789676189,1080750,3,,single
1789676190,1082180,21,,single
1789676191,1084600,1033,,single
1789676193,1085220,2,,single
1789676194,1085660,13928,,single
1789676196,1087280,16,,single
1789676197,1088790,80,,single
1789676198,1089090,232,,single
1789676200,1089830,8,,single
1789676201,1092630,3,,single
1789676203,1094000,1,,single
1789676204,1094780,321,,single
1789676206,1096900,936,,single
1789676207,1097150,498,,single
1789676209,1097840,448,,single
1789676210,1099640,2,,single
1789676212,1100260,3,,single
1789676213,1100620,82,,single
1789676214,1101120,29,,single
1789676216,1102130,3,,single
1789676218,1105670,305,,single
1789676219,1107300,2,,single
1789676221,1109570,1,,single
1789676222,1110100,1,,single
1789676224,1112890,8,,single
1789676225,1114150,887,,single
1789676226,1114940,20,,single
1789676228,1116540,3,,single
1789676230,1118920,0,,single
1789676231,1119980,30,,single
1789676233,1120810,0,,single
1789676234,1122050,0,,single
1789676236,1122680,0,,single
1789676237,1123770,66,,single
1789676238,1124180,95,,single
1789676240,1126310,7,,single
1789676241,1127700,15,,single
1789676243,1129220,0,,single
1789676244,1129580,2588,,single
1789676246,1131190,10,,single
1789676247,1134100,30,,single
1789676249,1134710,214,,single
1789676250,1135690,327,,single
1789676251,1137460,10,,single
1789676253,1138190,202,,single
1789676254,1138850,29,,single
1789676256,1139890,4,,single
1789676257,1139980,930,,single
1789676259,1140290,4,,single
1789676260,1141550,3,,single
1789676262,1142500,13,,single
1789676263,1144030,5,,single
1789676265,1144200,10041,,single
1789676266,1146310,9,,single
1789676268,1147560,302,,single
1789676269,1147860,141,,single
1789676271,1148650,10,,single
1789676272,1149460,8026,,single
1789676274,1150590,0,,single
1789676275,1150950,1,,single
1789676276,1151080,1,,single
1789676278,1152340,3,,single
1789676279,1153640,18,,single
1789676281,1154790,2,,single
1789676282,1155330,8,,single
1789676284,1156990,13,,single
1789676285,1157390,151,,single
1789676287,1158370,23,,single
1789676288,1158940,39,,single
1789676290,1159560,18,,single
1789676291,1160490,11,,single
1789676292,1161490,16,,single
1789676294,1161590,112,,single
1789676295,1163550,74,,single
1789676297,1164050,3,,single
1789676298,1164940,169,,single
1789676300,1166860,146,,single
1789676301,1167630,2234,,single
1789676302,1168660,3,,single
1789676304,1170080,7,,single
1789676305,1172470,75491,,single
1789676307,1172650,5,,single
1789676308,1173510,2117,,single
1789676310,1173790,41,,single
1789676311,1173810,98,,single
1789676312,1174180,27564,,single
1789676314,1176470,1030,,single
1789676315,1178160,21,,single
1789676317,1179080,60,,single
1789676318,1180660,64,,single
1789676320,1181840,6,,single
1789676322,1182310,14,,single
1789676323,1182900,667,,single
1789676325,1184160,2,,single
1789676326,1186740,1,,single
1789676327,1188930,86,,single
1789676329,1190000,1342,,single
1789676330,1190970,2861,,single
1789676332,1191580,7,,single
1789676333,1191900,2,,single
1789676335,1194810,6,,single
1789676336,1195460,8,,single
1789676338,1196630,36,,single
1789676339,1197570,4,,single
1789676341,1199030,48,,single
1789676342,1201240,1654,,single
1789676344,1201540,52,,single
1789676345,1202200,56,,single
1789676346,1203190,251,,single
1789676348,1203630,15,,single
1789676349,1204050,141,,single
1789676351,1205450,7,,single
1789676352,1205970,176,,single
1789676354,1206560,1368,,single
1789676355,1207650,188,,single
1789676357,1210250,4,,single
1789676358,1211600,36,,single
1789676359,1213210,917,,single
1789676361,1214470,40,,single
1789676362,1216320,108,,single
1789676364,1217060,727,,single
1789676365,1220010,53,,single
1789676367,1221250,5,,single
1789676368,1222300,30,,single
1789676369,1222730,76,,single
1789676371,1224290,10,,single
1789676372,1227280,40,,single
1789676374,1227650,9,,single
1789676375,1229240,237,,single
1789676377,1229900,4,,single
1789676378,1231880,6,,single
1789676380,1232580,18,,single
1789676381,1233410,34,,single
1789676383,1233590,0,,single
1789676384,1236720,143,,single
1789676386,1237970,1111,,single
1789676387,1238840,4716,,single
1789676389,1239080,450,,single
1789676390,1239320,16,,single
1789676392,1240590,8,,single
1789676393,1241950,28,,single
1789676394,1243850,31,,single
1789676396,1244460,410,,single
1789676397,1244800,84,,single
1789676399,1245540,0,,single
1789676400,1249040,10,,single
1789676402,1250410,2657,,single
1789676403,1252780,250,,single
1789676405,1254370,2,,single
1789676406,1257360,2,,single
1789676408,1258080,3249,,single
1789676409,1259840,13,,single
1789676411,1260320,2099,,single
1789676412,1260810,1,,single
1789676414,1262350,221,,single
1789676415,1262540,317,,single
1789676417,1262580,341,,single
1789676418,1263230,0,,single
1789676420,1264250,41,,single
1789676421,1265820,105,,single
1789676423,1266030,13,,single
1789676424,1267470,2,,single
1789676426,1267910,3092,,single
1789676427,1269950,5,,single
1789676429,1271280,6,,single
1789676430,1272010,7,,single
1789676432,1272320,505,,single
1789676433,1273400,829,,single
1789676435,1273710,2,,single
1789676436,1275350,106,,single
1789676438,1278480,102,,single
1789676439,1280780,96,,single
1789676441,1281630,303,,single
1789676442,1282410,19,,single
1789676444,1283190,32,,single
1789676445,1283410,45,,single
1789676447,1286220,1106,,single
1789676448,1286320,7,,single
1789676449,1286580,119,,single
1789676451,1286830,4482,,single
1789676452,1288320,187,,single
1789676454,1289380,24,,single
1789676455,1289810,61,,single
1789676457,1291010,41,,single
1789676458,1291500,0,,single
1789676461,1293170,1,,single
1789676462,1294420,4,,single
1789676464,1294760,13,,single
1789676465,1295500,162,,single
1789676468,1295920,52,,single
1789676470,1297160,0,,single
1789676471,1299460,30,,single
1789676473,1301720,21,,single
1789676474,1304550,17,,single
1789676476,1305420,7,,single
1789676477,1307890,157,,single
1789676479,1309950,4,,single
1789676480,1310520,0,,single
1789676481,1313140,2396,,single
1789676483,1315980,5,,single
1789676484,1316910,10,,single
1789676486,1319460,1,,single
1789676487,1323420,4,,single
1789676489,1324530,7,,single
1789676490,1328350,25,,single
1789676492,1329500,98,,single
1789676493,1329880,9,,single
1789676495,1330470,19,,single
1789676496,1331440,0,,single
1789676498,1332470,1,,single
1789676499,1334730,5,,single
1789676500,1335560,2,,single
1789676502,1335830,86,,single
1789676503,1336560,0,,single
1789676505,1337520,185,,single
1789676506,1337890,4,,single
1789676508,1338580,2,,single
1789676509,1338840,1,,single
1789676511,1340530,1,,single
1789676512,1341290,414,,single
1789676514,1342620,2,,single
1789676515,1343240,28,,single
1789676517,1343400,2269,,single
1789676518,1345820,5,,single
1789676519,1346010,2,,single
1789676521,1347550,3,,single
1789676522,1347970,5,,single
1789676524,1350200,6,,single
1789676525,1351080,279,,single
1789676527,1352330,178,,single
1789676528,1352930,22,,single
1789676530,1356670,25,,single
1789676531,1357860,14,,single
1789676533,1358700,62,,single
1789676534,1360000,97,,single
1789676536,1360810,21,,single
1789676537,1361210,5893,,single
1789676538,1363080,6579,,single
1789676540,1364020,2,,single
1789676541,1364210,316,,single
1789676543,1364390,239,,single
1789676544,1366290,2,,single
1789676546,1366950,5,,single
1789676547,1368030,11,,single
1789676549,1369670,714,,single
1789676550,1370050,1,,single
1789676551,1372280,70,,single
1789676553,1372530,89,,single
1789676554,1373780,2,,single
1789676556,1375400,8,,single
1789676557,1376200,5,,single
1789676559,1377360,4,,single
1789676560,1377450,2,,single
1789676562,1379870,6,,single
1789676563,1382200,1,,single
1789676565,1384770,6,,single
1789676566,1386780,50,,single
1789676568,1388870,13,,single
1789676569,1389630,0,,single
1789676570,1390190,11,,single
1789676572,1392820,12,,single
1789676573,1393750,3,,single
1789676575,1396240,17,,single
1789676576,1397920,536,,single
1789676578,1401590,4628,,single
1789676579,1404210,640,,single
1789676581,1406850,1,,single
1789676582,1408230,11,,single
1789676583,1408720,8,,single
1789676585,1410710,65,,single
1789676586,1413480,99,,single
1789676588,1414180,3,,single
1789676589,1416130,0,,single
1789676591,1416260,95,,single
1789676592,1417930,7,,single
1789676593,1419170,1396,,single
1789676595,1420350,16,,single
1789676596,1421250,189,,single
1789676598,1422130,354,,single
1789676599,1423330,0,,single
1789676601,1426210,3355,,single
1789676602,1428100,3,,single
1789676603,1430680,26,,single
1789676605,1432100,7,,single
1789676606,1433340,58,,single
1789676608,1435670,11,,single
1789676609,1436590,4,,single
1789676611,1437760,34,,single
1789676612,1437830,194,,single
1789676614,1440670,41,,single
1789676615,1444110,0,,single
1789676617,1445790,53,,single
1789676618,1447430,952,,single
1789676620,1448530,13,,single
1789676621,1449280,15,,single
1789676623,1450150,5,,single
1789676624,1450900,137,,single
1789676625,1451480,5,,single
1789676627,1451810,15,,single
1789676628,1455630,72,,single
1789676630,1455840,510,,single
1789676632,1456760,7,,single
1789676633,1458140,335,,single
1789676635,1461600,0,,single
1789676636,1462470,0,,single
1789676637,1462810,208,,single
1789676639,1465360,4939,,single
1789676640,1466640,82,,single
1789676642,1467920,0,,single
1789676643,1468720,106,,single
1789676645,1471410,56,,single
1789676646,1475380,0,,single
1789676648,1476970,12836,,single
1789676649,1477590,34,,single
1789676650,1478160,2,,single
1789676652,1481170,80,,single
1789676653,1482860,78,,single
1789676655,1484280,10,,single
1789676656,1485590,11,,single
1789676658,1486920,229,,single
1789676659,1489970,3,,single
1789676661,1491340,20,,single
1789676662,1493640,239,,single
1789676663,1494810,18,,single
1789676665,1499120,2,,single
1789676666,1502190,6,,single
1789676668,1507190,9,,single
1789676669,1509820,0,,single
1789676671,1510460,80,,single
1789676672,1511630,123,,single
1789676674,1511780,32,,single
1789676675,1515210,42,,single
1789676676,1519350,22,,single
1789676678,1522160,16,,single
1789676679,1522870,37,,single
1789676681,1526490,51,,single
1789676682,1527950,3146,,single
1789676684,1533390,689,,single
1789676685,1536070,9,,single
1789676687,1538460,7,,single
1789676688,1539140,50,,single
1789676690,1540960,188,,single
1789676691,1544360,2,,single
1789676693,1545560,126,,single
1789676694,1546320,2421,,single
1789676696,1546860,6,,single
1789676697,1549690,45,,single
1789676699,1552550,54,,single
1789676700,1554840,2,,single
1789676702,1556200,34,,single
1789676703,1556980,0,,single
1789676705,1557990,0,,single
1789676706,1559600,78,,single
1789676708,1562430,474,,single
1789676709,1564090,3,,single
1789676710,1567020,70,,single
1789676712,1569040,1445,,single
1789676713,1569520,2,,single
1789676715,1570010,16,,single
1789676716,1570330,18,,single
1789676718,1573280,6,,single
1789676719,1574310,3,,single
1789676721,1574820,154,,single
1789676722,1575870,34,,single
1789676724,1576060,2,,single
1789676725,1578650,48,,single
1789676726,1579380,11,,single
1789676728,1580520,33,,single
1789676729,1582650,33,,single
1789676731,1583320,620,,single
1789676732,1587130,43,,single
1789676734,1589120,14,,single
1789676735,1590760,19,,single
1789676737,1592190,331,,single
1789676738,1592290,21,,single
1789676739,1592670,0,,single
1789676741,1594940,256,,single
1789676742,1598160,1,,single
1789676744,1599560,1,,single
1789676745,1599880,4,,single
1789676747,1601580,696,,single
1789676748,1602080,8,,single
1789676750,1603640,45,,single
1789676751,1604030,3254,,single
1789676753,1606180,48,,single
1789676754,1607680,116,,single
1789676756,1608230,74,,single
1789676757,1608640,11,,single
1789676759,1610440,14,,single
1789676761,1611410,22,,single
1789676762,1611600,845,,single
1789676764,1612620,0,,single
1789676766,1615290,20,,single
1789676767,1620340,45,,single
1789676769,1621310,16,,single
1789676771,1622770,17,,single
1789676772,1624540,60,,single
1789676774,1626890,0,,single
1789676775,1628130,3,,single
1789676777,1630920,1,,single
1789676778,1634150,5,,single
1789676779,1637320,677,,single
1789676781,1638220,12,,single
1789676783,1644320,270,,single
1789676784,1645820,857,,single
1789676785,1648390,133,,single
1789676787,1649730,87,,single
1789676788,1650010,167,,single
1789676790,1651960,1,,single
1789676791,1656780,38,,single
1789676793,1658040,163,,single
1789676794,1659040,2998,,single
1789676796,1660080,221,,single
1789676797,1663040,25,,single
1789676799,1664220,22,,single
1789676800,1668510,35,,single
1789676802,1669000,1566,,single
1789676803,1669420,28,,single
1789676805,1674170,433,,single
1789676806,1676130,4,,single
1789676808,1677280,2878,,single
1789676809,1677740,2380,,single
1789676810,1681430,296,,single
1789676812,1682060,5,,single
1789676813,1684350,193,,single
1789676815,1689620,187,,single
1789676816,1693980,759,,single
1789676818,1696440,18,,single
1789676820,1697700,7,,single
1789676821,1700270,90,,single
1789676823,1701380,17,,single
1789676824,1703340,81,,single
1789676825,1707650,3,,single
1789676827,1709900,11,,single
1789676829,1711610,3,,single
1789676830,1712840,12,,single
1789676831,1715730,0,,single
1789676833,1718870,116,,single
1789676834,1723780,39,,single
1789676836,1730250,19,,single
1789676837,1730700,16,,single
1789676838,1732430,6,,single
1789676840,1735950,1,,single
1789676841,1739010,26,,single
1789676843,1743850,11,,single
1789676844,1746930,3,,single
1789676846,1750570,1,,single
1789676847,1754840,2,,single
1789676849,1761380,25,,single
1789676850,1761620,0,,single
1789676852,1764530,93,,single
1789676853,1768280,36,,single
1789676855,1769420,12,,single
1789676856,1771980,17,,single
1789676858,1779200,24,,single
1789676859,1782330,5,,single
1789676861,1785150,161,,single
1789676862,1789480,16,,single
1789676864,1792250,46,,single
1789676865,1796470,211,,single
1789676867,1798010,48,,single
1789676868,1801520,10,,single
1789676870,1804010,4,,single
1789676872,1811040,2,,single
1789676873,1811950,8,,single
1789676875,1812090,77,,single
1789676876,1812620,5153,,single
1789676878,1816300,26,,single
1789676879,1817190,797,,single
1789676881,1818750,28,,single
1789676882,1822910,2,,single
1789676883,1824220,2514,,single
1789676885,1831250,3,,single
1789676886,1835240,11,,single
1789676888,1837220,3,,single
1789676889,1839810,4,,single
1789676891,1839940,5,,single
1789676892,1843090,3,,single
1789676894,1844380,6,,single
1789676895,1846380,863,,single
1789676897,1848450,4,,single
1789676898,1849900,3,,single
1789676900,1850480,0,,single
1789676901,1850570,2728,,single
1789676903,1859280,19,,single
1789676905,1860510,101,,single
1789676906,1863750,7,,single
1789676907,1866880,4,,single
1789676909,1871990,0,,single
1789676910,1874490,56,,single
1789676912,1875060,21,,single
1789676913,1879380,0,,single
1789676915,1881420,11,,single
1789676916,1882500,21,,single
1789676918,1885110,14,,single
1789676919,1887400,24,,single
1789676920,1888160,755,,single
1789676922,1889640,0,,single
1789676923,1892420,1,,single
1789676925,1894430,43,,single
1789676926,1895300,37,,single
1789676928,1898290,40,,single
1789676929,1900340,0,,single
1789676931,1902960,27,,single
1789676932,1904540,2589,,single
1789676933,1909420,4,,single
1789676935,1911390,7,,single
1789676936,1913210,5,,single
1789676938,1915510,8,,single
1789676940,1920480,10,,single
1789676941,1922560,923,,single
1789676943,1927740,5,,single
1789676944,1931730,8,,single
1789676946,1932570,1,,single
1789676947,1933700,0,,single
1789676949,1934680,2423,,single
1789676950,1938010,22,,single
1789676952,1939970,35,,single
1789676953,1943950,3389,,single
1789676955,1944790,23,,single
1789676956,1946700,18,,single
1789676958,1949960,1,,single
1789676959,1952370,15,,single
1789676961,1954200,74,,single
1789676962,1955330,2,,single
1789676964,1956800,31,,single
1789676965,1958220,37,,single
1789676967,1963570,12,,single
1789676968,1967260,3,,single
1789676970,1967630,135,,single
1789676971,1970580,135,,single
1789676973,1971650,451,,single
1789676974,1975440,13,,single
1789676976,1978590,17,,single
1789676977,1980530,23,,single
1789676979,1983260,31,,single
1789676980,1988550,35,,single
1789676982,1990110,28,,single
1789676983,2000950,1742,,single
1789676985,2008920,44,,single
1789676986,2011470,0,,single
1789676988,2013730,15,,single
1789676989,2015240,20,,single
1789676991,2019810,23,,single
1789676992,2024070,40,,single
1789676994,2026820,92,,single
1789676995,2051620,3251,,single
1789676997,2056210,14,,single
1789676999,2058190,197,,single
1789677000,2059660,2,,single
1789677002,2060160,1483,,single
1789677003,2064650,181,,single
1789677005,2066020,381,,single
1789677006,2067790,0,,single
1789677008,2068280,42,,single
1789677009,2069310,589,,single
1789677011,2073250,358,,single
1789677013,2075070,21,,single
1789677014,2076140,15,,single
1789677016,2080690,760,,single
1789677018,2085360,0,,single
1789677019,2088160,2,,single
1789677021,2093910,3,,single
1789677022,2096600,110,,single
1789677024,2097230,4,,single
1789677025,2103130,15,,single
1789677027,2104890,1249,,single
1789677028,2108330,131,,single
1789677030,2111170,28,,single
1789677031,2114740,588,,single
1789677033,2118810,35,,single
1789677034,2120900,11,,single
1789677036,2124420,0,,single
1789677037,2128480,20,,single
1789677038,2131640,232,,single
1789677040,2134770,45,,single
1789677041,2138710,297,,single
1789677043,2140510,284,,single
1789677044,2144740,64,,single
1789677045,2155180,251,,single
1789677047,2161700,3095,,single
1789677049,2166060,10,,single
1789677050,2169200,1548,,single
1789677051,2172010,104,,single
1789677053,2180340,3,,single
1789677054,2181720,9,,single
1789677056,2182400,0,,single
1789677057,2183900,13407,,single
1789677059,2186320,682,,single
1789677061,2187290,191,,single
1789677062,2194530,48,,single
1789677064,2195250,1008,,single
1789677066,2196790,0,,single
1789677069,2205850,136,,single
1789677070,2206270,36,,single
1789677071,2208570,205,,single
1789677073,2211170,86,,single
1789677074,2215430,2689,,single
1789677076,2217000,508,,single
1789677077,2221490,4430,,single
1789677079,2230280,0,,single
1789677080,2230980,225,,single
1789677082,2233120,12,,single
1789677083,2237970,28,,single
1789677085,2239150,235,,single
1789677086,2244130,107,,single
1789677088,2248760,317,,single
1789677089,2252680,23,,single
1789677091,2271930,153,,single
1789677092,2272400,8,,single
1789677094,2273430,249,,single
1789677095,2273980,129,,single
1789677097,2277320,23,,single
1789677099,2287520,42,,single
1789677100,2289650,29,,single
1789677102,2290180,268,,single
1789677103,2292260,11,,single
1789677105,2296990,54,,single
1789677106,2300320,32159,,single
1789677107,2302660,24,,single
1789677109,2304990,5,,single
1789677110,2314160,32,,single
1789677112,2318480,5,,single
1789677113,2322010,2329,,single
1789677115,2328480,2,,single
1789677117,2330500,12,,single
1789677118,2334730,161,,single
1789677119,2338770,220,,single
1789677121,2348100,5,,single
1789677122,2353250,29,,single
1789677124,2356780,208,,single
1789677125,2357910,10,,single
1789677127,2366970,9,,single
1789677128,2370570,432,,single
1789677130,2379390,12,,single
1789677131,2380050,88,,single
1789677132,2383990,7,,single
1789677134,2389240,1,,single
1789677135,2399160,58,,single
1789677137,2400160,30,,single
1789677139,2400510,109,,single
1789677140,2401970,154,,single
1789677142,2410170,20,,single
1789677143,2419090,10,,single
1789677145,2420660,17,,single
1789677146,2427700,1069,,single
1789677148,2435900,1,,single
1789677149,2441270,13,,single
1789677151,2446600,32,,single
1789677152,2461850,39,,single
1789677153,2475490,67,,single
1789677155,2477340,60,,single
1789677156,2479830,9,,single
1789677158,2488370,680,,single
1789677159,2497920,27,,single
1789677161,2502760,54,,single
1789677162,2506160,25,,single
1789677164,2511500,309,,single
1789677165,2514960,8,,single
1789677167,2521180,0,,single
1789677168,2523120,8,,single
1789677170,2527390,52,,single
1789677171,2533960,3,,single
1789677173,2536840,0,,single
1789677174,2551020,856,,single
1789677176,2552450,727,,single
1789677177,2555430,68,,single
1789677178,2561580,555,,single
1789677180,2575900,3,,single
1789677181,2582560,150,,single
1789677183,2593370,12,,single
1789677184,2595860,10,,single
1789677186,2597970,5,,single
1789677187,2612700,1,,single
1789677189,2629330,3,,single
1789677190,2634950,154,,single
1789677192,2644610,35,,single
1789677193,2649080,10,,single
1789677195,2651330,0,,single
1789677196,2653940,7,,single
1789677198,2658450,32,,single
1789677199,2667120,64,,single
1789677201,2669410,29,,single
1789677202,2674590,72,,single
1789677204,2676840,7,,single
1789677205,2679460,1250,,single
1789677207,2687970,8,,single
1789677208,2688950,1645,,single
1789677210,2693930,22,,single
1789677211,2695490,20,,single
1789677213,2698780,1063,,single
1789677214,2707900,72,,single
1789677216,2708450,0,,single
1789677217,2716400,64,,single
1789677219,2719160,65,,single
1789677220,2726450,5,,single
1789677221,2742830,608,,single
1789677223,2761670,70,,single
1789677225,2776450,263,,single
1789677226,2784470,1184,,single
1789677227,2797340,4,,single
1789677229,2816950,9,,single
1789677230,2824660,10,,single
1789677232,2826180,87,,single
1789677233,2828860,276,,single
1789677235,2849080,152,,single
1789677236,2853730,219,,single
1789677238,2873080,48,,single
1789677239,2878980,895,,single
1789677241,2888980,0,,single
1789677242,2903560,17,,single
1789677244,2916430,171,,single
1789677245,2928280,4,,single
1789677246,2933080,348,,single
1789677248,2956820,2,,single
1789677249,2961880,56,,single
1789677251,2967990,116,,single
1789677253,2976720,0,,single
1789677255,3014080,174,,single
1789677256,3019370,1,,single
1789677257,3024540,1,,single
1789677259,3035500,144,,single
1789677260,3058630,1048,,single
1789677262,3061810,119,,single
1789677264,3107230,27,,single
1789677265,3112260,64,,single
1789677266,3121110,92,,single
1789677268,3126470,0,,single
1789677269,3149840,10,,single
1789677271,3156770,384,,single
1789677272,3168600,43,,single
1789677274,3176060,74,,single
1789677275,3188550,2,,single
1789677277,3218600,2,,single
1789677278,3228180,8,,single
1789677280,3244220,74,,single
1789677282,3272300,0,,single
1789677283,3371240,32,,single
1789677285,3402530,60,,single
1789677286,3454590,102,,single
1789677287,990080,6290,,single
1789677289,1546970,181,,single
1789677290,1547000,791,,single
1789677292,40,3,,single
1789677294,1900,7,,single
1789677295,2210,26,,single
1789677297,2420,0,,single
1789677298,2500,3,,single
1789677300,2640,48,,single
1789677301,3300,26,,single
1789677303,3710,5,,single
1789677304,3980,6,,single
1789677306,4770,22,,single
1789677307,6040,4,,single
1789677309,6120,5,,single
1789677310,6310,3,,single
1789677312,6510,7,,single
1789677313,6870,5,,single
1789677315,6900,18,,single
1789677316,7510,3,,single
1789677318,7600,84,,single
1789677319,7660,20,,single
1789677321,9160,0,,single
1789677322,9480,154,,single
1789677324,10220,6,,single
1789677325,11610,10,,single
1789677327,12150,72,,single
1789677328,12830,8,,single
1789677330,13520,78,,single
1789677331,13560,24,,single
1789677333,15120,27,,single
1789677334,15190,19,,single
1789677336,15370,297,,single
1789677337,15700,10,,single
1789677339,16450,34,,single
1789677340,17300,11,,single
1789677342,17710,0,,single
1789677343,18700,0,,single
1789677345,19800,7,,single
1789677346,19900,98,,single
1789677348,20510,88,,single
1789677349,20900,754,,single
1789677351,21010,5,,single
1789677352,21670,1,,single
1789677354,21780,12,,single
1789677355,22100,52,,single
1789677357,22140,0,,single
1789677358,22310,0,,single
1789677360,22370,253,,single
1789677361,22610,5,,single
1789677363,23310,17,,single
1789677364,24670,18,,single
1789677367,24840,8,,single
1789677369,24880,46,,single
1789677371,25980,17,,single
1789677372,27000,3,,single
1789677374,29900,7,,single
1789677375,32340,3,,single
1789677377,32500,15,,single
1789677378,34190,15,,single
1789677380,34900,6,,single
1789677381,37600,0,,single
1789677382,38700,2,,single
1789677384,39160,12,,single
1789677386,39500,247,,single
1789677387,40400,4,,single
1789677389,41800,0,,single
1789677390,42170,0,,single
1789677392,42990,6,,single
1789677393,44340,1,,single
1789677394,45750,3,,single
1789677396,46560,22,,single
1789677397,47410,409,,single
1789677399,47800,6,,single
1789677400,47920,4,,single
1789677402,48240,72,,single
1789677403,49470,6,,single
1789677405,50130,238,,single
1789677406,55100,10,,single
1789677408,57650,2,,single
1789677409,57740,25,,single
1789677411,61500,17,,single
1789677413,63500,1,,single
1789677414,63700,0,,single
1789677415,63950,1,,single
1789677417,65930,18,,single
1789677418,67370,56,,single
1789677420,71250,86,,single
1789677421,73020,11,,single
1789677423,91600,1,,single
1789677424,92100,6,,single
1789677426,93200,0,,single
1789677427,96100,0,,single
1789677429,99300,1,,single
1789677430,102840,3,,single
1789677432,105800,1,,single
1789677433,110800,378,,single
1789677435,111900,0,,single
1789677436,113420,2,,single
1789677438,200170,66,,single
1789677439,201290,12,,single
1789677441,201510,2,,single
1789677443,202310,6,,single
1789677444,202990,398,,single
1789677446,203510,0,,single
1789677447,203810,0,,single
1789677449,204100,309,,single
1789677451,205020,1,,single
1789677452,205710,200,,single
1789677454,205950,5,,single
1789677455,207420,0,,single
1789677457,208670,4,,single
1789677458,208750,4,,single
1789677460,209100,2,,single
1789677461,209630,1,,single
1789677463,209870,0,,single
1789677465,210950,0,,single
1789677466,211340,0,,single
1789677468,211500,749,,single
1789677469,212070,32,,single
1789677471,212200,390,,single
1789677472,212630,39,,single
1789677474,214250,1,,single
1789677475,214790,3,,single
1789677477,215080,286,,single
1789677478,215160,4,,single
1789677480,215630,0,,single
1789677481,215790,0,,single
1789677483,215930,51,,single
1789677484,216260,3,,single
1789677486,217100,0,,single
1789677487,217690,1,,single
1789677489,217790,1,,single
1789677490,218090,5,,single
1789677492,218510,1,,single
1789677493,218740,2,,single
1789677495,219830,2,,single
1789677497,220240,659,,single
1789677498,220700,197,,single
1789677500,221020,2,,single
1789677501,221180,12,,single
1789677503,222480,173,,single
1789677504,222940,21,,single
1789677506,223100,54,,single
1789677507,223490,0,,single
1789677509,403120,8,,single
1789677510,224980,6,,single
1789677512,225160,7,,single
1789677513,225320,3,,single
1789677515,225540,652,,single
1789677516,226100,3,,single
1789677518,226580,12,,single
1789677519,226720,5,,single
1789677521,227600,11,,single
1789677522,227940,12,,single
1789677524,228380,548,,single
1789677525,230860,2,,single
1789677527,231140,3,,single
1789677528,231740,8,,single
1789677529,232090,3590,,single
1789677531,232890,238,,single
1789677533,233290,12,,single
1789677534,233550,1,,single
1789677535,233840,22,,single
1789677537,234190,3,,single
1789677539,234900,1,,single
1789677540,235360,4,,single
1789677542,235600,67,,single
1789677543,236370,1,,single
1789677545,236730,0,,single
1789677546,236930,0,,single
1789677548,237870,3,,single
1789677549,238240,0,,single
1789677551,238320,337,,single
1789677552,238430,13,,single
1789677554,238930,0,,single
1789677555,239160,86,,single
1789677557,239840,5,,single
1789677558,240440,0,,single
1789677559,404730,75,,single
1789677561,241540,8,,single
1789677562,242550,98,,single
1789677564,242780,0,,single
1789677565,243040,5,,single
1789677567,243160,2,,single
1789677569,243780,14,,single
1789677570,244070,4,,single
1789677572,244770,5,,single
1789677573,245150,0,,single
1789677575,245300,7,,single
1789677576,245490,12,,single
1789677578,246090,0,,single
1789677579,246760,7,,single
1789677581,247950,5,,single
1789677582,249050,38,,single
1789677584,249590,1,,single
1789677585,249650,21,,single
1789677587,250380,3,,single
1789677588,250420,2,,single
1789677590,250580,0,,single
1789677591,250680,0,,single
1789677593,251110,20,,single
1789677594,251430,1,,single
1789677596,251830,1,,single
1789677597,251950,14,,single
1789677599,252350,1,,single
1789677600,252450,2,,single
1789677602,252670,1,,single
1789677603,253190,0,,single
1789677605,253510,2,,single
1789677606,253920,3,,single
1789677608,254060,7,,single
1789677609,255070,0,,single
1789677610,255280,105,,single
1789677612,255390,0,,single
1789677613,255520,1,,single
1789677615,256460,1,,single
1789677616,257400,8,,single
1789677618,257690,0,,single
1789677620,257750,3,,single
1789677621,258520,2,,single
1789677622,259170,2,,single
1789677624,260190,8,,single
1789677625,261110,7,,single
1789677627,261700,0,,single
1789677628,262000,4,,single
1789677630,262260,2,,single
1789677631,262470,0,,single
1789677632,262960,1,,single
1789677634,263200,5,,single
1789677635,263560,0,,single
1789677637,263980,1,,single
1789677638,264730,1,,single
1789677640,265330,6,,single
1789677641,265590,5,,single
1789677643,265990,8,,single
1789677645,266130,0,,single
1789677646,267600,0,,single
1789677648,268750,11,,single
1789677649,269110,4,,single
1789677651,269210,3820,,single
1789677652,269310,2,,single
1789677653,269650,4,,single
1789677655,269730,2,,single
1789677656,270170,3,,single
1789677658,270630,3,,single
1789677659,270910,14,,single
1789677661,271260,27,,single
1789677663,271670,1,,single
1789677664,271820,0,,single
1789677666,272230,1,,single
1789677668,273350,18,,single
1789677670,274250,0,,single
1789677671,274310,0,,single
1789677673,274560,0,,single
1789677675,275180,1,,single
1789677676,275670,4,,single
1789677678,277450,33,,single
1789677680,278100,1,,single
1789677681,278970,4,,single
1789677683,280680,1515,,single
1789677684,280790,27,,single
1789677685,281610,17,,single
1789677687,282050,2,,single
1789677689,282210,19,,single
1789677690,282590,3,,single
1789677692,282900,36,,single
1789677693,283640,50,,single
1789677694,283940,15,,single
1789677696,284750,5,,single
1789677697,284950,5,,single
1789677699,285820,1,,single
1789677700,286240,2,,single
1789677702,287020,2,,single
1789677703,287390,615,,single
1789677705,287920,4,,single
1789677706,288140,20,,single
1789677708,289090,0,,single
1789677709,290080,201,,single
1789677711,290510,0,,single
1789677712,291010,0,,single
1789677714,291550,13155,,single
1789677715,292120,284,,single
1789677717,292410,16,,single
1789677718,293220,0,,single
1789677720,293540,0,,single
1789677721,294160,4,,single
1789677723,294660,20,,single
1789677724,296070,1,,single
1789677726,296770,0,,single
1789677727,297000,1475,,single
1789677729,297120,2,,single
1789677730,297860,10,,single
1789677732,298180,1,,single
1789677733,298520,0,,single
1789677735,299460,1,,single
1789677736,299740,70,,single
1789677738,300060,1,,single
1789677739,300970,21,,single
1789677741,301280,1,,single
1789677742,301910,14,,single
1789677744,302510,118,,single
1789677745,302790,0,,single
1789677747,303390,134,,single
1789677749,303680,3,,single
1789677750,304030,1,,single
1789677751,304730,14,,single
1789677753,305260,10,,single
1789677754,306040,0,,single
1789677756,307050,0,,single
1789677757,307880,0,,single
1789677759,310370,2,,single
1789677760,310890,0,,single
1789677762,311010,0,,single
1789677763,311260,144,,single
1789677764,311730,76,,single
1789677766,311800,1,,single
1789677767,312280,12,,single
1789677769,312560,11,,single
1789677770,312750,47,,single
1789677772,312840,16,,single
1789677773,313020,1,,single
1789677775,313730,0,,single
1789677776,313780,1,,single
1789677778,314020,0,,single
1789677779,314150,1,,single
1789677781,314660,14,,single
1789677782,314790,4,,single
1789677784,315210,96,,single
1789677785,315660,49,,single
1789677786,317250,1,,single
1789677788,317470,30,,single
1789677789,318020,22,,single
1789677791,318530,2,,single
1789677792,319480,0,,single
1789677794,320240,54,,single
1789677795,321270,4,,single
1789677797,321480,0,,single
1789677798,322110,5,,single
1789677800,323220,20,,single
1789677801,324510,13,,single
1789677802,324740,2,,single
1789677804,325090,1,,single
1789677805,326160,21,,single
1789677807,327030,302,,single
1789677808,327220,14,,single
1789677810,327670,2,,single
1789677811,328070,3,,single
1789677813,329430,94,,single
1789677814,329490,1,,single
1789677816,330020,499,,single
1789677817,330390,23,,single
1789677819,330840,4,,single
1789677820,331470,361,,single
1789677822,332200,27,,single
1789677823,333950,16,,single
1789677824,334040,0,,single
1789677826,334210,0,,single
1789677827,335070,34,,single
1789677829,335430,0,,single
1789677830,337930,1,,single
1789677832,338390,11,,single
1789677833,339200,5,,single
1789677835,339340,234,,single
1789677836,339600,1,,single
1789677838,340000,0,,single
1789677839,340150,5,,single
1789677841,340490,6,,single
1789677842,341500,0,,single
1789677844,342180,6,,single
1789677845,342380,1,,single
1789677847,342980,0,,single
1789677848,343710,0,,single
1789677850,344740,2,,single
1789677851,344850,11,,single
1789677853,345240,106,,single
1789677854,345330,0,,single
1789677856,345370,28,,single
1789677857,345610,8,,single
1789677859,345820,10,,single
1789677860,346250,0,,single
1789677862,346850,18,,single
1789677863,347430,2,,single
1789677865,347600,8,,single
1789677866,347800,12,,single
1789677868,348200,27,,single
1789677869,348510,0,,single
1789677871,349730,6,,single
1789677872,350640,24,,single
1789677874,350910,0,,single
1789677875,351090,8,,single
1789677877,351290,0,,single
1789677878,351800,0,,single
1789677880,352550,3,,single
1789677881,353270,7,,single
1789677883,353540,12,,single
1789677884,354200,6,,single
1789677886,354380,8,,single
1789677887,355250,2,,single
1789677889,355840,0,,single
1789677890,356050,0,,single
1789677892,356310,8,,single
1789677893,356670,13,,single
1789677895,357310,14,,single
1789677896,357900,1,,single
1789677898,359050,5,,single
1789677899,359230,1,,single
1789677901,359800,5,,single
1789677902,359870,643,,single
1789677904,360430,1011,,single
1789677905,360870,2,,single
1789677907,361300,15,,single
1789677908,362870,38,,single
1789677910,363360,2,,single
1789677911,363600,2,,single
1789677913,363930,4,,single
1789677914,364470,1,,single
1789677916,365670,11737,,single
1789677917,366220,88,,single
1789677919,366250,6,,single
1789677920,366910,0,,single
1789677922,367270,22,,single
1789677923,368340,118,,single
1789677925,368430,1,,single
1789677926,368860,0,,single
1789677928,369070,1,,single
1789677929,369530,2,,single
1789677931,371140,3,,single
1789677932,371200,0,,single
1789677934,371660,378,,single
1789677935,373330,0,,single
1789677937,375200,0,,single
1789677938,375600,2,,single
1789677940,376520,0,,single
1789677941,377160,11530,,single
1789677943,377530,26,,single
1789677944,378360,9,,single
1789677946,378720,30,,single
1789677947,378860,69,,single
1789677949,379980,0,,single
1789677950,380360,8,,single
1789677951,381210,54268,,single
1789677953,381990,12,,single
1789677954,382890,7,,single
1789677956,383080,45,,single
1789677958,383180,83,,single
1789677960,383580,0,,single
1789677961,384360,1,,single
1789677963,384740,0,,single
1789677964,385370,0,,single
1789677967,385730,4,,single
1789677968,386180,1203,,single
1789677970,387340,2,,single
1789677971,387970,1,,single
1789677973,388750,1,,single
1789677974,389430,2067,,single
1789677976,390290,8,,single
1789677977,390560,1,,single
1789677979,391040,11,,single
1789677980,391460,0,,single
1789677982,392950,18,,single
1789677983,393200,0,,single
1789677985,393520,7,,single
1789677986,394160,15,,single
1789677988,394760,5,,single
1789677989,395520,0,,single
1789677991,396480,4,,single
1789677992,397270,2,,single
1789677994,397900,1043,,single
1789677995,400020,1,,single
1789677997,400080,24,,single
1789677998,400160,0,,single
1789678000,400740,10,,single
1789678002,400940,2,,single
1789678003,401710,0,,single
1789678005,402180,0,,single
1789678006,402330,1,,single
1789678008,402620,2,,single
1789678009,402840,170,,single
1789678010,403430,4,,single
1789678012,404620,0,,single
1789678013,405500,0,,single
1789678015,407560,2,,single
1789678016,408990,0,,single
1789678018,409670,0,,single
1789678020,409870,2,,single
1789678022,410710,6,,single
1789678023,411000,4,,single
1789678025,411370,15,,single
1789678026,411970,6,,single
1789678028,412880,5,,single
1789678029,414700,149,,single
1789678031,415600,76,,single
1789678032,416590,1,,single
1789678034,416690,0,,single
1789678036,417290,11,,single
1789678037,418620,0,,single
1789678039,420560,9,,single
1789678040,420930,6,,single
1789678042,421670,1,,single
1789678043,422810,0,,single
1789678045,423230,19,,single
1789678046,423880,1,,single
1789678048,424370,39,,single
1789678049,426790,4,,single
1789678051,427190,38,,single
1789678052,427490,0,,single
1789678054,427730,66,,single
1789678055,427880,1,,single
1789678057,428690,31,,single
1789678059,429300,0,,single
1789678060,429660,57,,single
1789678061,431940,4,,single
1789678063,432010,0,,single
1789678064,433100,4,,single
1789678066,433280,19,,single
1789678067,433530,16,,single
1789678069,434050,46,,single
1789678070,434420,0,,single
1789678072,434570,31,,single
1789678073,434730,3,,single
1789678075,435300,0,,single
1789678076,436180,6,,single
1789678078,436520,11,,single
1789678079,437220,16,,single
1789678081,437630,4,,single
1789678082,438680,0,,single
1789678084,439340,3,,single
1789678085,440630,0,,single
1789678087,440900,6558,,single
1789678088,441790,0,,single
1789678090,441870,1,,single
1789678092,442080,1,,single
1789678093,442780,3,,single
1789678094,443580,0,,single
1789678096,444250,0,,single
1789678098,444940,6,,single
1789678099,445980,74,,single
1789678101,446150,7,,single
1789678102,448370,3,,single
1789678104,449540,0,,single
1789678105,449960,3,,single
1789678107,451760,0,,single
1789678108,452060,20,,single
1789678110,452510,1,,single
1789678111,453890,0,,single
1789678113,454250,3,,single
1789678115,455980,16,,single
1789678116,457960,0,,single
1789678117,459220,189,,single
1789678119,460120,9,,single
1789678121,460700,3,,single
1789678122,460930,3392,,single
1789678123,461430,16,,single
1789678125,461840,0,,single
1789678127,461950,9,,single
1789678128,462930,30,,single
1789678129,463150,1,,single
1789678131,464340,21,,single
1789678132,464880,9,,single
1789678134,465240,3,,single
1789678135,465650,3,,single
1789678137,465780,0,,single
1789678138,466500,1,,single
1789678140,467360,1,,single
1789678141,468700,0,,single
1789678143,469790,2,,single
1789678144,469920,12,,single
1789678146,471010,3,,single
1789678147,471660,2,,single
1789678149,473690,13,,single
1789678150,476530,7,,single
1789678151,477730,7,,single
1789678153,484900,12,,single
1789678154,485380,9,,single
1789678156,485510,324,,single
1789678157,486780,2,,single
1789678159,487120,6,,single
1789678160,487700,5,,single
1789678162,488440,0,,single
1789678163,489360,5,,single
1789678165,490220,10,,single
1789678166,493200,4,,single
1789678168,493490,498,,single
1789678169,493540,5,,single
1789678171,495050,52,,single
1789678172,495910,100,,single
1789678174,496300,71,,single
1789678175,496620,4,,single
1789678177,498330,1,,single
1789678178,500260,2,,single
1789678179,502280,10,,single
1789678181,502800,16,,single
1789678182,503300,0,,single
1789678184,503580,3,,single
1789678186,504050,2,,single
1789678187,504770,1,,single
1789678188,505630,4,,single
1789678190,505730,1,,single
1789678191,506140,51,,single
1789678193,509220,0,,single
1789678194,510420,9,,single
1789678196,510510,2,,single
1789678197,511740,5,,single
1789678199,512490,3,,single
1789678200,513290,2,,single
1789678202,513710,6093,,single
1789678203,514900,2,,single
1789678205,515040,3,,single
1789678206,515960,5,,single
1789678208,518920,1,,single
1789678209,519190,1,,single
1789678210,520440,73,,single
1789678212,520950,10,,single
1789678213,521890,315,,single
1789678215,523000,2,,single
1789678217,524220,565,,single
1789678218,524970,0,,single
1789678219,525680,5,,single
1789678221,526160,8,,single
1789678222,527100,2,,single
1789678224,527450,2,,single
1789678225,528550,2,,single
1789678227,529180,21,,single
1789678228,529590,6,,single
1789678229,529780,0,,single
1789678231,530390,0,,single
1789678233,530890,6,,single
1789678234,532210,205,,single
1789678236,533540,7,,single
1789678237,534380,3403,,single
1789678238,535480,8,,single
1789678240,536270,108,,single
1789678241,536930,1,,single
1789678243,537340,8,,single
1789678244,538030,225,,single
1789678246,540610,3,,single
1789678247,541670,10,,single
1789678249,543460,41,,single
1789678250,544730,1084,,single
1789678251,545540,1,,single
1789678253,546050,21,,single
1789678255,546390,0,,single
1789678256,547680,2,,single
1789678258,549260,0,,single
1789678259,550650,233,,single
1789678261,551170,378,,single
1789678262,552590,6,,single
1789678264,552700,14,,single
1789678266,554510,1,,single
1789678269,555210,1,,single
1789678270,555570,112,,single
1789678272,556180,11,,single
1789678273,557400,28,,single
1789678275,559100,22,,single
1789678276,559680,5,,single
1789678278,560170,3,,single
1789678279,562230,1,,single
1789678281,564230,102,,single
1789678282,566190,0,,single
1789678284,566540,7,,single
1789678285,567280,0,,single
1789678287,567640,406,,single
1789678288,569610,20,,single
1789678290,571880,3,,single
1789678291,574090,0,,single
1789678293,574760,6,,single
1789678294,575640,1,,single
1789678296,577480,14,,single
1789678297,578620,8,,single
1789678299,578900,0,,single
1789678300,579840,2,,single
1789678302,581270,2,,single
1789678303,582160,986,,single
1789678305,582890,0,,single
1789678307,585550,1,,single
1789678308,585840,0,,single
1789678309,586200,29,,single
1789678311,586980,2,,single
1789678313,587110,13,,single
1789678314,587520,135,,single
1789678316,588190,6,,single
1789678317,588430,1717,,single
1789678318,589360,78,,single
1789678320,589530,9,,single
1789678321,591370,14,,single
1789678323,591960,60,,single
1789678324,594130,0,,single
1789678326,595690,11,,single
1789678327,598060,3,,single
1789678329,598700,2,,single
1789678330,600750,242,,single
1789678332,601150,773,,single
1789678333,601810,2,,single
1789678335,602770,1,,single
1789678336,604490,0,,single
1789678338,604540,55,,single
1789678339,606230,35,,single
1789678341,606710,2,,single
1789678342,606880,136,,single
1789678344,607260,77,,single
1789678345,608800,1,,single
1789678347,609490,1,,single
1789678348,610080,376,,single
1789678350,611670,203,,single
1789678351,612020,64,,single
1789678352,612470,28,,single
1789678354,612720,38,,single
1789678355,613190,1,,single
1789678357,616560,14,,single
1789678358,617290,262,,single
1789678360,618720,0,,single
1789678361,619290,4,,single
1789678363,619780,0,,single
1789678364,620190,4,,single
1789678366,621220,2,,single
1789678367,622440,6,,single
1789678369,622720,4,,single
1789678370,624970,33,,single
1789678372,626680,3,,single
1789678373,628670,10,,single
1789678375,629090,2,,single
1789678376,629690,4,,single
1789678378,629910,19,,single
1789678379,630310,2,,single
1789678381,632350,4,,single
1789678382,633360,18,,single
1789678384,635730,1,,single
1789678385,636970,2,,single
1789678387,637100,19,,single
1789678388,637670,10,,single
1789678390,638490,15,,single
1789678391,638850,3,,single
1789678393,639780,0,,single
1789678395,640150,0,,single
1789678396,640820,653,,single
1789678398,644560,20,,single
1789678399,644830,67,,single
1789678401,645730,4,,single
1789678402,648100,73,,single
1789678404,649950,8,,single
1789678405,650220,1,,single
1789678407,650670,1,,single
1789678409,651670,8,,single
1789678410,654890,151,,single
1789678411,656240,0,,single
1789678413,658260,0,,single
1789678414,658850,90,,single
1789678416,663670,2,,single
1789678417,664830,4,,single
1789678419,665360,9,,single
1789678420,667890,51,,single
1789678422,668630,3,,single
1789678423,670260,1,,single
1789678425,671510,8,,single
1789678426,672630,26,,single
1789678428,673000,0,,single
1789678429,673560,112,,single
1789678430,674400,0,,single
1789678432,677120,73,,single
1789678433,677480,0,,single
1789678435,680420,153,,single
1789678437,683900,245,,single
1789678438,684580,5,,single
1789678440,685240,8,,single
1789678441,686680,5,,single
1789678442,687260,1,,single
1789678444,688060,6,,single
1789678445,689580,18,,single
1789678447,690810,1,,single
1789678448,691020,2,,single
1789678450,692840,0,,single
1789678451,694500,21,,single
1789678453,695290,4,,single
1789678454,696170,12,,single
1789678456,696480,1,,single
1789678458,698670,52,,single
1789678459,699330,14,,single
1789678461,700030,4,,single
1789678462,702050,34,,single
1789678464,702890,16,,single
1789678465,704270,337,,single
1789678467,706560,3,,single
1789678469,707010,396,,single
1789678470,709440,0,,single
1789678472,711750,4,,single
1789678473,712190,13,,single
1789678475,715560,10,,single
1789678476,716500,0,,single
1789678478,718590,4,,single
1789678479,718670,154,,single
1789678481,720250,17,,single
1789678482,722180,0,,single
1789678484,722560,1,,single
1789678485,723390,2,,single
1789678487,726390,17,,single
1789678488,727130,4,,single
1789678490,728530,70,,single
1789678491,730310,10,,single
1789678493,732240,2,,single
1789678495,733210,1,,single
1789678496,736220,86,,single
1789678498,737800,62,,single
1789678499,738530,0,,single
1789678501,739650,1,,single
1789678502,741670,0,,single
1789678504,743090,0,,single
1789678505,743890,102,,single
1789678507,744060,0,,single
1789678508,746510,3,,single
1789678510,747340,0,,single
1789678511,747360,1,,single
1789678513,751440,1,,single
1789678514,752900,45,,single
1789678516,753650,0,,single
1789678517,754530,15,,single
1789678519,755540,31,,single
1789678520,756530,7,,single
1789678522,757310,32,,single
1789678523,758480,2,,single
1789678525,761460,8,,single
1789678526,764300,19,,single
1789678528,765710,0,,single
1789678529,766570,9217,,single
1789678531,767930,1,,single
1789678532,768520,15,,single
1789678534,772430,1,,single
1789678535,773951,6,,single
1789678537,774241,24,,single
1789678538,774361,696,,single
1789678540,774811,0,,single
1789678541,776340,1,,single
1789678543,778700,13,,single
1789678544,779340,1543,,single
1789678546,780210,26,,single
1789678547,782250,7,,single
1789678549,785770,20,,single
1789678550,787810,21,,single
1789678552,788100,58,,single
1789678554,788270,18,,single
1789678555,790060,6,,single
1789678556,792220,4,,single
1789678558,794260,277,,single
1789678559,794600,320,,single
1789678561,798420,15,,single
1789678563,798810,2,,single
1789678565,802890,28,,single
1789678567,803980,0,,single
1789678569,804490,2,,single
1789678571,806510,0,,single
1789678572,809140,14,,single
1789678574,809890,6,,single
1789678575,812810,0,,single
1789678577,814480,44,,single
1789678578,814680,1,,single
1789678580,817130,10,,single
1789678581,819500,0,,single
1789678583,821880,40,,single
1789678585,822930,0,,single
1789678586,824070,1,,single
1789678588,825310,0,,single
1789678589,826940,3,,single
1789678591,830370,0,,single
1789678592,831560,30,,single
1789678594,834530,73,,single
1789678595,836450,1,,single
1789678597,838350,356,,single
1789678598,839310,1,,single
1789678600,841770,0,,single
1789678601,842910,2,,single
1789678603,844660,1,,single
1789678604,844930,3,,single
1789678606,846870,5,,single
1789678607,849740,1,,single
1789678609,851890,7,,single
1789678610,854940,1,,single
1789678612,857980,10,,single
1789678613,859570,3,,single
1789678615,862800,4,,single
1789678616,863550,117,,single
1789678618,865680,9,,single
1789678619,868020,0,,single
1789678621,869880,0,,single
1789678623,871930,11,,single
1789678624,872410,1657,,single
1789678626,877010,6,,single
1789678627,877810,0,,single
1789678629,878750,10,,single
1789678630,879510,0,,single
1789678632,882100,74,,single
1789678633,883860,167,,single
1789678635,886250,164,,single
1789678636,887490,5,,single
1789678638,889480,0,,single
1789678639,889910,10,,single
1789678641,893050,17,,single
1789678642,893680,11,,single
1789678644,896890,6,,single
1789678645,897220,8,,single
1789678647,899310,0,,single
1789678649,900010,1,,single
1789678650,903950,29,,single
1789678652,906100,11,,single
1789678653,909320,1,,single
1789678654,910830,7,,single
1789678656,911430,17,,single
1789678657,914620,90,,single
1789678659,914750,6,,single
1789678660,915810,0,,single
1789678662,917950,43,,single
1789678664,919360,3,,single
1789678665,920210,417,,single
1789678667,921590,5,,single
1789678668,922500,5,,single
1789678670,924140,0,,single
1789678671,924970,512,,single
1789678673,927250,1,,single
1789678674,927380,47,,single
1789678676,927990,0,,single
1789678677,929010,9,,single
1789678679,931690,2,,single
1789678680,933110,4255,,single
1789678682,934700,878,,single
1789678684,935400,3,,single
1789678685,938380,6,,single
1789678687,939520,11,,single
1789678688,939960,258,,single
1789678690,942140,0,,single
1789678691,944220,12,,single
1789678693,945710,8,,single
1789678694,947300,4,,single
1789678696,952040,7,,single
1789678698,952070,27,,single
1789678699,953580,9,,single
1789678701,954740,129,,single
1789678702,955050,4,,single
1789678704,956450,9,,single
1789678706,957960,15,,single
1789678707,959520,2,,single
1789678708,962580,7,,single
1789678710,964650,0,,single
1789678712,967460,0,,single
1789678713,968870,1,,single
1789678715,970570,26,,single
1789678716,970960,5,,single
1789678717,976310,1225,,single
1789678719,977720,0,,single
1789678720,978270,0,,single
1789678722,979070,23,,single
1789678723,980940,3,,single
1789678725,983970,17,,single
1789678726,984560,0,,single
1789678728,984800,14,,single
1789678730,989690,2,,single
1789678731,991260,3,,single
1789678733,991560,5,,single
1789678734,992300,25,,single
1789678736,993110,1,,single
1789678738,994280,12,,single
1789678739,996380,1,,single
1789678741,997070,93,,single
1789678742,999220,28,,single
1789678744,1000410,3,,single
1789678746,1003520,0,,single
1789678747,1004270,5,,single
1789678749,1005870,0,,single
1789678750,1011390,25,,single
1789678752,1011670,10,,single
1789678753,2696480,34,,single
1789678755,1015500,1,,single
1789678756,1016120,12,,single
1789678758,1016950,165,,single
1789678759,1017180,229,,single
1789678761,1020470,13,,single
1789678763,1025580,0,,single
1789678764,1026420,3,,single
1789678766,1028570,0,,single
1789678767,1029690,3069,,single
1789678769,1030210,18,,single
1789678770,1030840,669,,single
1789678772,1031460,0,,single
1789678774,1034860,30,,single
1789678775,1035510,18,,single
1789678777,1037020,10,,single
1789678778,1039890,2,,single
1789678780,1041320,826,,single
1789678781,1041920,1,,single
1789678783,1042490,22,,single
1789678785,1042800,36,,single
1789678786,1044620,17,,single
1789678788,1046790,2,,single
1789678789,1047440,6,,single
1789678791,1049320,9,,single
1789678792,1049800,24,,single
1789678794,1053680,9,,single
1789678795,1056640,761,,single
1789678797,1056960,53,,single
1789678798,1057750,4,,single
1789678800,1062810,33,,single
1789678801,1063490,2,,single
1789678803,1064340,11,,single
1789678804,1067600,1,,single
1789678806,1069530,1,,single
1789678807,1070910,23,,single
1789678809,1072390,2,,single
1789678810,1077290,0,,single
1789678812,1079620,1,,single
1789678813,1084160,497,,single
1789678815,1086850,1,,single
1789678816,1087460,10,,single
1789678818,1088150,43,,single
1789678820,1089130,7,,single
1789678821,1090630,7,,single
1789678823,1091980,10,,single
1789678824,1094030,3,,single
1789678826,1096200,0,,single
1789678827,1096570,4,,single
1789678829,1097200,18,,single
1789678830,1097580,14,,single
1789678831,1098770,2,,single
1789678833,1100410,37,,single
1789678835,1101450,6,,single
1789678836,1103210,10,,single
1789678838,1104330,13,,single
1789678839,1105420,498,,single
1789678840,1105510,135,,single
1789678842,1106530,118,,single
1789678844,1107320,26,,single
1789678845,1108000,4,,single
1789678847,1110050,0,,single
1789678848,1110910,75,,single
1789678850,1111370,3,,single
1789678851,1112790,17,,single
1789678853,1113560,193,,single
1789678854,1115690,42,,single
1789678856,1118240,13,,single
1789678857,1119700,2,,single
1789678859,1121420,3,,single
1789678861,1121910,4,,single
1789678863,1124260,3,,single
1789678864,1125510,8,,single
1789678866,1127980,5,,single
1789678867,1128810,2560,,single
1789678869,1129920,0,,single
1789678871,1131240,1,,single
1789678873,1133120,5,,single
1789678874,1133870,668,,single
1789678876,1135240,2,,single
1789678877,1136160,18,,single
1789678878,1136380,5,,single
1789678880,1138640,7,,single
1789678881,1140890,3,,single
1789678883,1141220,17,,single
1789678885,1142100,2,,single
1789678886,1546920,0,,single
1789678888,1145960,19,,single
1789678889,1146510,4,,single
1789678891,1147510,0,,single
1789678893,1150080,3,,single
1789678894,1150530,53,,single
1789678895,1151340,8697,,single
1789678897,1155650,4,,single
1789678898,1158420,2,,single
1789678900,1159660,0,,single
1789678902,1160920,8,,single
1789678903,1162680,1,,single
1789678905,1164390,0,,single
1789678906,1164850,11,,single
1789678908,1168880,3,,single
1789678909,1170950,332,,single
1789678911,1171690,93,,single
1789678912,1173200,8,,single
1789678914,1173780,58,,single
1789678915,1175360,2,,single
1789678917,1175880,2,,single
1789678918,1178780,0,,single
1789678920,1178880,2,,single
1789678921,1180030,1,,single
1789678923,1181400,1,,single
1789678924,1182370,2,,single
1789678926,1184050,65,,single
1789678927,1184370,2526,,single
1789678929,1184790,3,,single
1789678930,1188680,1,,single
1789678932,1189630,11,,single
1789678933,1190150,7,,single
1789678935,1191630,6,,single
1789678936,1194840,0,,single
1789678938,1196090,8,,single
1789678940,1196590,1720,,single
1789678941,1200860,0,,single
1789678943,1203420,1,,single
1789678944,1203930,23,,single
1789678981,1206060,3,,single
1789678982,1208260,5,,single
1789678984,1209040,0,,single
1789678985,1212620,5,,single
1789678987,1213750,0,,single
1789678988,1216060,2,,single
1789678990,1218280,5,,single
1789678991,1218740,58,,single
1789678993,1220150,7,,single
1789678994,1222670,22963,,single
1789678996,1222700,567,,single
1789678997,1224600,2,,single
1789678999,1225570,147,,single
1789679000,1226510,5,,single
1789679002,1227890,140,,single
1789679004,1229460,2,,single
1789679005,1230530,67,,single
1789679006,1232130,0,,single
1789679008,1234430,23,,single
1789679010,1235110,15,,single
1789679011,1236300,1,,single
1789679013,1237980,48,,single
1789679014,1238020,56,,single
1789679016,1238060,180,,single
1789679017,1238820,166,,single
1789679019,1238880,47,,single
1789679020,1240440,1423,,single
1789679021,1243830,210,,single
1789679023,1245430,1,,single
1789679024,1249480,2,,single
1789679026,1250650,7,,single
1789679027,1252330,75,,single
1789679029,1252680,17,,single
1789679030,1253920,178,,single
1789679032,1254320,6,,single
1789679033,1255630,10,,single
1789679035,1257290,8,,single
1789679037,1259560,1,,single
1789679038,1259970,737,,single
1789679039,1263070,0,,single
1789679041,1265780,5,,single
1789679043,1265930,70,,single
1789679044,1266700,27,,single
1789679046,1268590,42,,single
1789679047,1269300,1,,single
1789679049,1269710,1,,single
1789679050,1271700,29,,single
1789679052,1274290,0,,single
1789679053,1275630,1,,single
1789679054,1276760,85,,single
1789679056,1277920,8,,single
1789679058,1278060,164,,single
1789679059,1281270,3,,single
1789679061,1282210,4,,single
1789679062,1282690,6,,single
1789679064,1283230,6,,single
1789679065,1284410,499,,single
1789679067,1286880,15,,single
1789679068,1287840,56,,single
1789679070,1289310,37,,single
1789679071,1290330,4,,single
1789679073,1293160,23,,single
1789679074,1293820,19,,single
1789679076,1295900,18,,single
1789679077,1296510,1,,single
1789679079,1296830,84,,single
1789679080,1299120,1,,single
1789679082,1305080,27,,single
1789679083,1306630,7,,single
1789679085,1310410,16,,single
1789679086,1311070,5,,single
1789679088,1316230,20,,single
1789679089,1318090,2,,single
1789679090,1321450,0,,single
1789679092,1324340,33,,single
1789679094,1325200,488,,single
1789679095,1325860,7074,,single
1789679097,1328670,2771,,single
1789679098,1330460,26,,single
1789679100,1333200,2,,single
1789679101,1334000,5,,single
1789679103,1334590,4,,single
1789679104,1336180,6,,single
1789679106,1341200,16,,single
1789679107,1344350,35,,single
1789679109,1346070,4,,single
1789679110,1349230,14,,single
1789679112,1353270,6,,single
1789679113,1355090,32,,single
1789679115,1357210,338,,single
1789679116,1358710,4,,single
1789679118,1361680,42,,single
1789679120,1367300,5,,single
1789679121,1368130,6,,single
1789679123,1368870,20,,single
1789679124,1369470,49,,single
1789679126,1371580,345,,single
1789679127,1371690,4,,single
1789679129,1372110,118,,single
1789679130,1373090,20,,single
1789679132,1373550,5,,single
1789679133,1374930,21,,single
1789679135,1375900,4,,single
1789679136,1377580,145,,single
1789679138,1380220,1,,single
1789679139,1381650,1,,single
1789679140,1384700,3,,single
1789679142,1388590,75,,single
1789679143,1389160,1,,single
1789679145,1391530,12,,single
1789679146,1394270,0,,single
1789679148,1397790,8,,single
1789679149,1401730,11,,single
1789679151,1402120,5,,single
1789679152,1403370,0,,single
1789679154,1406990,11,,single
1789679155,1412190,0,,single
1789679156,1413020,0,,single
1789679158,1415660,1,,single
1789679161,1417010,0,,single
1789679162,1419160,28,,single
1789679163,1420300,9,,single
1789679165,1421490,1,,single
1789679168,1424980,0,,single
1789679170,1425980,7,,single
1789679171,1428420,24,,single
1789679173,1428900,0,,single
1789679174,1430760,9,,single
1789679175,1432320,95,,single
1789679177,1433990,24,,single
1789679179,1437400,21,,single
1789679180,1439750,29,,single
1789679181,1443490,2,,single
1789679183,1444650,6,,single
1789679184,1448440,135,,single
1789679186,1451940,297,,single
1789679187,1454970,4,,single
1789679189,1456880,1,,single
1789679190,1457320,44,,single
1789679192,1465070,1,,single
1789679193,1465470,2366,,single
1789679195,1465860,0,,single
1789679196,1468810,1083,,single
1789679197,1472560,44,,single
1789679199,1474740,8,,single
1789679201,1477940,3,,single
1789679202,1479140,10,,single
1789679203,1480560,32,,single
1789679205,1482910,23,,single
1789679206,1484900,1,,single
1789679208,1487210,114,,single
1789679209,1488560,12,,single
1789679211,1490060,2,,single
1789679212,1491410,18,,single
1789679214,1492680,17,,single
1789679215,1493760,16,,single
1789679217,1494460,110,,single
1789679218,1496790,139,,single
1789679220,1498740,0,,single
1789679221,1502660,10,,single
1789679223,1504740,0,,single
1789679224,1506850,7,,single
1789679226,1508460,0,,single
1789679227,1515950,20,,single
1789679229,1517970,27,,single
1789679230,1519490,45,,single
1789679232,1529810,1,,single
1789679233,1530160,117,,single
1789679235,1532690,14,,single
1789679236,1536620,11,,single
1789679238,1538570,17,,single
1789679239,1543030,8,,single
1789679241,1544020,62,,single
1789679242,1548850,42,,single
1789679244,1549750,0,,single
1789679245,1550010,12,,single
1789679247,1551360,3664,,single
1789679248,1553120,4,,single
1789679250,1556100,10,,single
1789679251,1559680,3,,single
1789679253,1563180,51,,single
1789679254,1569200,6,,single
1789679255,1571940,1,,single
1789679257,1574240,43,,single
1789679258,1574270,2,,single
1789679260,1577120,295,,single
1789679261,1579880,5,,single
1789679263,1580780,25,,single
1789679264,1583230,158,,single
1789679266,1587540,7,,single
1789679267,1590840,12,,single
1789679269,1591290,8,,single
1789679270,1591530,10,,single
1789679272,1593030,84,,single
1789679273,1594060,0,,single
1789679275,1599340,7892,,single
1789679276,1602000,292,,single
1789679278,1607240,2,,single
1789679279,1608450,18,,single
1789679281,1609730,8,,single
1789679282,1611490,0,,single
1789679284,1612770,12,,single
1789679285,1618380,46,,single
1789679287,1619570,4,,single
1789679288,1621560,15,,single
1789679290,1622900,32,,single
1789679291,1623070,61,,single
1789679293,1627570,26,,single
1789679294,1632490,1,,single
1789679296,1635450,68,,single
1789679298,1639610,1,,single
1789679299,1641960,202,,single
1789679301,1643320,12517,,single
1789679302,1647160,11,,single
1789679303,1649080,236,,single
1789679305,1658290,13,,single
1789679306,1660840,4,,single
1789679308,1662210,19,,single
1789679309,1665500,0,,single
1789679311,1668520,42,,single
1789679312,1670870,16,,single
1789679314,1672310,3,,single
1789679315,1674780,3,,single
1789679317,1677350,89,,single
1789679318,1679210,5,,single
1789679320,1682050,12,,single
1789679321,1684410,1,,single
1789679323,1687950,4127,,single
1789679324,1691190,13,,single
1789679326,1692240,0,,single
1789679327,1694600,3,,single
1789679329,1695830,9,,single
1789679330,1697880,12,,single
1789679332,1702010,300,,single
1789679333,1703140,3,,single
1789679335,1707550,12,,single
1789679336,1708010,7,,single
1789679338,1708850,123,,single
1789679339,1711950,6,,single
1789679340,1713810,7,,single
1789679342,1714420,0,,single
1789679344,1715130,75,,single
1789679345,1716120,27,,single
1789679346,1721060,85,,single
1789679348,1722620,0,,single
1789679349,1726120,2,,single
1789679351,1729790,5,,single
1789679353,1732190,13,,single
1789679354,1734680,4,,single
1789679356,1740930,15,,single
1789679357,1742930,2,,single
1789679359,1748390,7,,single
1789679360,1755100,2,,single
1789679362,1760250,24,,single
1789679363,1762270,0,,single
1789679365,1765780,0,,single
1789679366,1766100,10,,single
1789679368,1776380,12,,single
1789679369,1778820,5029,,single
1789679371,1781160,3,,single
1789679372,1784570,271,,single
1789679374,1789490,7,,single
1789679375,1800940,3,,single
1789679377,1803400,11,,single
1789679378,1807080,57,,single
1789679380,1812300,4,,single
1789679381,1814010,24,,single
1789679383,1822060,25,,single
1789679384,1832040,13,,single
1789679386,1836120,79,,single
1789679387,1837750,10,,single
1789679389,1840490,0,,single
1789679390,1843760,120,,single
1789679392,1846460,3,,single
1789679393,1850050,5,,single
1789679395,1850740,111,,single
1789679396,1853760,1,,single
1789679398,1857080,80,,single
1789679399,1858630,20,,single
1789679401,1863430,51,,single
1789679402,1868180,36,,single
1789679404,1872860,2,,single
1789679406,1877020,15,,single
1789679407,1879330,38,,single
1789679408,1885750,0,,single
1789679410,1889930,9,,single
1789679411,1893820,1,,single
1789679413,1898300,1118,,single
1789679414,1901910,31,,single
1789679416,1910860,3,,single
1789679418,1914580,0,,single
1789679419,1916970,3,,single
1789679421,1920490,176,,single
1789679422,1923790,0,,single
1789679424,1924780,3,,single
1789679425,1926620,0,,single
1789679427,1929610,387,,single
1789679428,1931180,37,,single
1789679430,1937480,32,,single
1789679431,1938090,27403,,single
1789679433,1942110,12,,single
1789679434,1946970,28,,single
1789679436,1947500,14,,single
1789679437,1948980,239,,single
1789679439,1950440,1,,single
1789679440,1954420,224,,single
1789679442,1958340,3,,single
1789679443,1959390,2,,single
1789679445,1961950,54,,single
1789679446,1963370,106,,single
1789679448,1971870,1267,,single
1789679449,1975520,50,,single
1789679451,1981610,3,,single
1789679453,1982340,4,,single
1789679454,1984020,2,,single
1789679456,1985820,151,,single
1789679457,1988540,97,,single
1789679459,1990740,12,,single
1789679460,1995890,71,,single
1789679462,1999770,9,,single
1789679463,2001070,55,,single
1789679465,2004640,3,,single
1789679466,2008100,70,,single
1789679468,2009100,11,,single
1789679469,2012510,9,,single
1789679471,2015270,32,,single
1789679472,2021910,188,,single
1789679473,2022670,18,,single
1789679475,2024230,0,,single
1789679476,2051120,14,,single
1789679478,2054970,3959,,single
1789679479,2058570,13,,single
1789679481,2071280,1199,,single
1789679482,2072450,624,,single
1789679483,2076580,6,,single
1789679485,2083210,4,,single
1789679487,2089250,0,,single
1789679488,2094320,2,,single
1789679490,2102450,23,,single
1789679491,2105910,0,,single
1789679493,2107090,3,,single
1789679494,2110820,9,,single
1789679496,2118120,8,,single
1789679497,2123640,1,,single
1789679499,2130460,9,,single
1789679500,2137700,6,,single
1789679502,2139020,0,,single
1789679504,2141730,779,,single
1789679505,2147950,2,,single
1789679507,2160360,0,,single
1789679508,2167220,10,,single
1789679510,2178070,6,,single
1789679511,2186400,1,,single
1789679513,2192790,2,,single
1789679514,2197890,77,,single
1789679516,2198510,56,,single
1789679518,2202770,0,,single
1789679519,2209680,3,,single
1789679521,2213190,7,,single
1789679522,2216830,9,,single
1789679523,2221920,106,,single
1789679525,2224640,30,,single
1789679526,2232840,22,,single
1789679528,2239710,411,,single
1789679529,2242760,4,,single
1789679530,2250600,19,,single
1789679532,2257010,15,,single
1789679534,2259310,7,,single
1789679535,2274110,6,,single
1789679537,2276980,7,,single
1789679538,2285150,48,,single
1789679539,2287220,19,,single
1789679541,2288630,43,,single
1789679542,2291060,272,,single
1789679544,2292800,59,,single
1789679545,2306590,91,,single
1789679547,2313330,24,,single
1789679548,2315430,14,,single
1789679550,2316580,1,,single
1789679551,2322560,12,,single
1789679553,2334220,0,,single
1789679554,2338140,42,,single
1789679556,2342950,58,,single
1789679557,2345020,2,,single
1789679559,2348610,31,,single
1789679560,2358260,66,,single
1789679562,2369390,1264,,single
1789679563,2375550,94,,single
1789679564,2383120,9,,single
1789679566,2386310,18,,single
1789679567,2390230,18,,single
1789679569,2395210,63,,single
1789679570,2399420,4115,,single
1789679572,2401230,1,,single
1789679573,2404880,702,,single
1789679575,2406770,8523,,single
1789679576,2407830,52,,single
1789679578,2420880,3,,single
1789679579,2427420,130,,single
1789679581,2429350,0,,single
1789679582,2430990,0,,single
1789679583,2437170,5611,,single
1789679585,2440380,26,,single
1789679586,2442020,1,,single
1789679588,2445990,27,,single
1789679589,2448930,0,,single
1789679591,2453060,16,,single
1789679592,2456740,3378,,single
1789679594,2457890,1,,single
1789679595,2458830,0,,single
1789679597,2467810,14,,single
1789679599,2477010,158,,single
1789679600,2481020,3,,single
1789679602,2488620,300,,single
1789679603,2492040,147,,single
1789679604,2497900,11,,single
1789679606,2499800,5,,single
1789679608,2515240,0,,single
1789679609,2518960,68,,single
1789679610,2527500,259,,single
1789679612,2529820,11,,single
1789679613,2536530,0,,single
1789679615,2544110,29,,single
1789679616,2556990,8,,single
1789679618,2565550,3,,single
1789679619,2578910,2,,single
1789679621,2599300,6,,single
1789679622,2609610,138,,single
1789679623,2617700,44,,single
1789679625,2622000,761,,single
1789679626,2623190,1219,,single
1789679628,2627570,35,,single
1789679629,2644470,77,,single
1789679631,2659900,5,,single
1789679632,2665680,101,,single
1789679634,2668510,991,,single
1789679635,2671970,17,,single
1789679637,2680550,84,,single
1789679638,2685900,0,,single
1789679639,2691350,1,,single
1789679641,2693730,48,,single
1789679642,2698940,939,,single
1789679644,2701660,82,,single
1789679645,2717880,84,,single
1789679647,2720950,8,,single
1789679648,2727650,8,,single
1789679650,2738490,103,,single
1789679651,2747550,35,,single
1789679653,2749770,29,,single
1789679655,2751000,131,,single
1789679656,2764750,56,,single
1789679658,2768430,278,,single
1789679659,2773280,39,,single
1789679661,2789460,20,,single
1789679662,2796010,8,,single
1789679664,2807150,9,,single
1789679665,2821800,126,,single
1789679667,2826800,7,,single
1789679668,2835590,18,,single
1789679670,2845630,0,,single
1789679671,2853590,163,,single
1789679673,2863640,12,,single
1789679674,2878960,263,,single
1789679675,2891310,3,,single
1789679677,2903950,140,,single
1789679678,2909110,157,,single
1789679680,2919660,9,,single
1789679681,2921380,1,,single
1789679683,2925510,1,,single
1789679684,2943150,15,,single
1789679686,2950340,175,,single
1789679687,2957800,0,,single
1789679689,2965660,2,,single
1789679690,2977620,2,,single
1789679692,3004100,11,,single
1789679693,3011030,7,,single
1789679695,3017580,18,,single
1789679696,3030720,24,,single
1789679698,3037410,748,,single
1789679699,3059520,5224,,single
1789679701,3070520,58,,single
1789679702,3099730,0,,single
1789679704,3116890,276,,single
1789679705,3145620,0,,single
1789679707,3149370,1,,single
1789679709,3172700,25,,single
1789679710,3183280,395,,single
1789679712,3187030,686,,single
1789679713,3212530,0,,single
1789679714,3222970,4,,single
1789679716,3238670,363,,single
1789679718,3243190,14,,single
1789679719,3287520,28,,single
1789679721,3314060,171,,single
1789679722,3330250,148,,single
1789679724,3359320,34,,single
1789679725,3400930,51,,single
1789679726,3431040,64,,single
1789679728,3438800,86,,single
1789679729,3461920,4,,single
1789679731,3539440,10,,single
1789679732,3615160,118,,single
1789679734,202970,197,,single
1789679735,1520470,131,,single
1789679737,991780,14,,single
1789679738,1178490,17,,single
1789679740,1880330,3,,single
1789679741,875210,60,,single
1789679743,1559390,3,,single
1789679744,47790,24,,single
1789679745,1214280,2,,single
1789679747,584980,6,,single
1789679749,652980,2,,single
1789679750,347620,4,,single
1789679752,1126290,0,,single
1789679753,1407450,7,,single
1789679755,1264670,0,,single
1789679756,253980,2,,single
1789679758,1461810,21,,single
1789679759,1991040,59,,single
1789679761,1816570,2,,single
1789679762,570780,5,,single
1789679764,998930,0,,single
1789679765,1064730,0,,single
1789679769,2453360,15,,single
1789679770,1392060,5,,single
1789679772,1263370,1,,single
1789679773,1434480,10,,single
1789679774,2161440,85,,single
1789679776,2059790,26,,single
1789679778,33220,32,,single
1789679779,1049100,0,,single
1789679781,604450,0,,single
1789679782,2321210,0,,single
1789679784,1108320,0,,single
1789679786,1269370,12,,single
1789679787,1233270,1,,single
1789679789,1909840,6,,single
1789679790,17330,7,,single
1789679792,2875140,2,,single
1789679793,1776970,10,,single
1789679795,2755330,3,,single
1789679796,967250,0,,single
1789679798,840140,1,,single
1789679799,1122750,0,,single
1789679801,296710,10,,single
1789679802,943380,5,,single
1789679804,662960,0,,single
1789679805,1186400,0,,single
1789679807,325120,0,,single
1789679808,944020,0,,single
1789679809,1217390,1,,single
1789679811,1140440,2,,single
1789679812,1345740,1,,single
1789679814,2093920,8,,single
1789679815,2500750,48,,single
1789679817,715400,1,,single
1789679818,2734450,3,,single
1789679820,1437880,89,,single
1789679821,326360,166,,single
1789679822,1225780,1,,single
1789679824,1084520,47,,single
1789679825,334310,8,,single
1789679827,789760,1,,single
1789679828,223810,9,,single
1789679830,1974520,10,,single
1789679831,1334040,3,,single
1789679833,850000,0,,single
1789679834,1639430,7,,single
1789679836,1149660,0,,single
1789679838,1618230,1,,single
1789679839,3003300,195,,single
1789679841,339400,2,,single
1789679842,921390,2,,single
1789679844,695630,2,,single
1789679845,1786200,0,,single
1789679847,828070,3,,single
1789679848,2346410,32,,single
1789679850,839630,1,,single
1789679851,995460,0,,single
1789679853,1161870,0,,single
1789679854,2232880,36,,single
1789679856,1777430,3,,single
1789679857,2510770,2,,single
1789679859,1191330,126,,single
1789679860,1634680,111,,single
1789679861,1868000,1,,single
1789679863,2507980,5,,single
1789679864,2078780,0,,single
1789679866,370280,0,,single
1789679867,1933650,24,,single
1789679869,1314140,10,,single
1789679870,1212830,1,,single
1789679872,836640,1,,single
1789679873,1394800,1,,single
1789679875,258760,4,,single
1789679876,2669860,12,,single
1789679878,466860,0,,single
1789679879,1601740,0,,single
1789679881,1747650,0,,single
1789679882,2734310,0,,single
1789679884,3028500,2,,single
1789679885,873190,0,,single
1789679887,844850,2,,single
1789679889,1041840,3,,single
1789679891,1153430,0,,single
1789679892,931500,13,,single
1789679894,2868860,52,,single
1789679895,2206340,1,,single
1789679897,448780,1,,single
1789679898,704030,0,,single
1789679900,452440,1,,single
1789679901,2774380,4,,single
1789679903,1060670,0,,single
1789679904,3158270,5,,single
1789679905,1171310,0,,single
1789679907,758530,1,,single
1789679909,740080,10,,single
1789679910,1097420,7,,single
1789679911,1011940,5,,single
1789679913,381640,0,,single
1789679915,2726890,0,,single
1789679916,577670,4,,single
1789679917,2780710,137,,single
1789679919,3328720,1,,single
1789679920,2781370,0,,single
1789679922,810670,1,,single
1789679923,314810,12,,single
1789679925,976390,6,,single
1789679926,2093010,4,,single
1789679928,495990,1,,single
1789679929,1726130,8,,single
1789679931,742250,1,,single
1789679932,1193090,5,,single
1789679934,2654540,47,,single
1789679935,656200,0,,single
1789679937,885570,35,,single
1789679938,2084940,9,,single
1789679940,1985930,1,,single
1789679941,802870,1,,single
1789679943,741260,0,,single
1789679944,2957700,5,,single
1789679946,2989950,4,,single
1789679947,1125480,0,,single
1789679949,2642890,0,,single
1789679951,2059810,35,,single
1789679952,926340,0,,single
1789679954,1166990,12,,single
1789679955,668550,8,,single
1789679957,2625620,2,,single
1789679958,2531940,19,,single
1789679960,1101360,8,,single
1789679962,610380,0,,single
1789679963,2793370,3,,single
1789679965,1246020,1,,single
1789679967,1930640,0,,single
1789679968,2328540,2,,single
1789679970,1089630,0,,single
1789679971,3042190,29,,single
1789679973,2604480,1,,single
1789679974,2963550,1,,single
1789679976,2620730,1,,single
1789679977,1732740,1,,single
1789679979,585020,1,,single
1789679980,3088250,0,,single
1789679982,254480,8,,single
1789679983,1274490,8,,single
1789679985,2313020,16,,single
1789679986,1550510,2,,single
1789679988,710470,0,,single
1789679989,2292060,2,,single
1789679991,1029500,2,,single
1789679992,2621150,3,,single
1789679994,2113040,2,,single
1789679995,1301390,4,,single
1789679997,2788040,4,,single
1789679998,2738380,7,,single
1789680000,3168260,14,,single
1789680001,223870,3,,single
1789680003,1057180,1,,single
1789680004,2532430,4,,single
1789680006,550840,0,,single
1789680007,1092040,0,,single
1789680009,1157740,3,,single
1789680010,1724770,6,,single
1789680012,1405470,1,,single
1789680013,892420,28,,single
1789680015,1300,6,,single
1789680016,3395140,3,,single
1789680018,467520,4,,single
1789680020,1464930,0,,single
1789680021,671800,0,,single
1789680023,717640,5,,single
1789680024,233190,0,,single
1789680026,418670,0,,single
1789680028,360150,0,,single
1789680029,355150,1,,single
1789680031,1638300,15,,single
1789680032,370770,1,,single
1789680034,950620,1,,single
1789680036,2902540,1,,single
1789680037,630060,4,,single
1789680039,2115390,0,,single
1789680040,2153350,13,,single
1789680042,3170,56,,single
1789680043,326190,2,,single
1789680045,1072920,0,,single
1789680046,449220,1,,single
1789680048,553790,35,,single
1789680049,1956600,0,,single
1789680051,591630,0,,single
1789680052,975470,0,,single
1789680054,429620,0,,single
1789680055,2337860,10,,single
1789680057,1409830,2,,single
1789680058,3144640,1,,single
1789680060,1419730,1,,single
1789680061,1930600,1,,single
1789680063,2142160,3,,single
1789680064,2157680,0,,single
1789680066,1074070,3,,single
1789680068,769970,1,,single
1789680070,319830,3,,single
1789680071,938220,1,,single
1789680073,1529710,0,,single
1789680074,1433420,0,,single
1789680076,1424660,5,,single
1789680077,2360210,4,,single
1789680079,275470,0,,single
1789680080,207930,2,,single
1789680082,934580,0,,single
1789680083,2997980,9,,single
1789680085,1689080,0,,single
1789680086,359600,5,,single
1789680088,2186700,0,,single
1789680089,986680,0,,single
1789680090,1058380,3,,single
1789680092,440760,0,,single
1789680094,2972990,7,,single
1789680095,776960,6,,single
1789680097,645260,44,,single
1789680098,607880,1,,single
1789680100,364690,4,,single
1789680102,1115780,0,,single
1789680103,301750,18,,single
1789680105,1521970,1,,single
1789680106,2776780,13,,single
1789680108,2087460,1,,single
1789680109,1473060,15,,single
1789680111,446840,3,,single
1789680112,2125540,2,,single
1789680114,2582650,10,,single
1789680115,3025290,0,,single
1789680117,481870,0,,single
1789680118,1836860,2,,single
1789680120,37000,3,,single
1789680121,289300,8,,single
1789680123,1426490,4,,single
1789680124,2976400,2,,single
1789680126,445230,0,,single
1789680128,3268080,0,,single
1789680129,2178590,66,,single
1789680131,562410,0,,single
1789680132,2904890,3,,single
1789680133,764570,4,,single
1789680135,342300,2,,single
1789680136,1222800,140,,single
1789680138,2907190,0,,single
1789680139,267920,1,,single
1789680141,2782610,13,,single
1789680142,357780,1,,single
1789680144,3334660,1,,single
1789680145,2603020,23,,single
1789680147,588160,11,,single
1789680149,1239300,0,,single
1789680150,2754690,1,,single
1789680152,2714970,0,,single
1789680153,510660,29,,single
1789680155,975680,4,,single
1789680156,384570,8,,single
1789680158,410210,1,,single
1789680159,809060,1,,single
1789680161,1084570,0,,single
1789680162,2169950,0,,single
1789680164,2318070,0,,single
1789680166,1557480,0,,single
1789680167,1822450,17,,single
1789680169,340070,2,,single
1789680170,2701510,4,,single
1789680172,885640,0,,single
1789680173,738510,1,,single
1789680175,1528130,0,,single
1789680177,412470,6,,single
1789680178,375450,105,,single
1789680180,2423300,1,,single
1789680181,613730,0,,single
1789680183,1433570,4,,single
1789680184,887720,1,,single
1789680186,1910790,0,,single
1789680187,329380,1,,single
1789680189,2258770,11,,single
1789680190,587420,0,,single
1789680192,714080,0,,single
1789680193,2620240,1,,single
1789680195,895110,0,,single
1789680197,1098940,1,,single
1789680198,482300,0,,single
1789680200,1149440,14,,single
1789680201,897820,0,,single
1789680203,713650,1,,single
1789680204,352890,1,,single
1789680206,1524630,3,,single
1789680207,970510,0,,single
1789680209,2398170,2,,single
1789680210,1441840,1,,single
1789680212,673260,28,,single
1789680213,1416240,0,,single
1789680215,466110,0,,single
1789680216,522570,2,,single
1789680218,960420,9,,single
1789680219,2450450,1,,single
1789680221,1731520,0,,single
1789680222,1851280,8,,single
1789680224,1800790,2,,single
1789680225,482450,7,,single
1789680227,2739830,20,,single
1789680229,3173890,0,,single
1789680230,2057550,3,,single
1789680232,1096720,1,,single
1789680233,2566340,22,,single
1789680235,229580,0,,single
1789680237,1937750,2,,single
1789680238,2331130,17,,single
1789680240,489610,0,,single
1789680241,2539350,1,,single
1789680243,1092400,0,,single
1789680245,1003480,10,,single
1789680246,3171460,3,,single
1789680248,1768470,0,,single
1789680249,2286780,11,,single
1789680251,1307090,13,,single
1789680252,2185770,0,,single
1789680254,205840,2,,single
1789680255,694770,6,,single
1789680257,495110,2,,single
1789680258,1964040,3,,single
1789680260,2331070,2,,single
1789680261,3036010,3,,single
1789680263,391070,1,,single
1789680264,1452250,9,,single
1789680266,3090080,2,,single
1789680267,658550,0,,single
1789680269,2296550,25,,single
1789680271,1799220,2,,single
1789680272,655100,0,,single
1789680274,457730,1,,single
1789680275,447890,0,,single
1789680277,1393410,0,,single
1789680278,787450,0,,single
1789680279,1232420,188,,single
1789680281,369420,1,,single
1789680282,1648590,0,,single
1789680284,2214880,2,,single
1789680285,357290,2,,single
1789680287,620210,1,,single
1789680288,1142390,3,,single
1789680290,2455370,2,,single
1789680292,418270,1,,single
1789680293,1278390,2,,single
1789680295,1948700,0,,single
1789680296,759940,0,,single
1789680298,629650,5,,single
1789680299,2618840,1,,single
1789680301,508290,2,,single
1789680302,1167950,12,,single
1789680304,2461050,1,,single
1789680305,394870,1,,single
1789680307,1132190,2,,single
1789680309,1178400,57,,single
1789680310,1305300,0,,single
1789680312,1823600,20,,single
1789680313,252010,0,,single
1789680315,2852980,14,,single
1789680317,2262080,6,,single
1789680318,2521630,12,,single
1789680320,9800,0,,single
1789680321,448070,1,,single
1789680323,1370140,13,,single
1789680324,1916310,4,,single
1789680326,1986010,3,,single
1789680327,1679320,0,,single
1789680329,1258780,8,,single
1789680330,2766860,0,,single
1789680332,90200,13,,single
1789680334,3408110,1,,single
1789680335,2159730,0,,single
1789680337,1299360,5,,single
1789680338,33570,55,,single
1789680340,839200,37,,single
1789680341,1475400,0,,single
1789680343,724740,0,,single
1789680345,2717260,1,,single
1789680346,2294450,7,,single
1789680348,1301620,0,,single
1789680349,365810,0,,single
1789680351,1334700,0,,single
1789680352,1290170,0,,single
1789680354,2608040,3,,single
1789680356,871420,0,,single
1789680357,2233790,2,,single
1789680359,1781260,0,,single
1789680360,301200,1,,single
1789680362,289620,2,,single
1789680363,3384350,0,,single
1789680365,1501690,17,,single
1789680368,1094820,1,,single
1789680370,979710,78,,single
1789680371,352950,0,,single
1789680373,33520,30,,single
1789680374,3376760,3,,single
1789680376,2910460,0,,single
1789680377,398030,0,,single
1789680379,2091500,6,,single
1789680380,447850,4,,single
1789680382,1494470,5,,single
1789680384,2494780,5,,single
1789680385,289780,15,,single
1789680386,526790,4,,single
1789680388,3328480,13,,single
1789680390,2616140,10,,single
1789680391,887060,0,,single
1789680393,1687000,3,,single
1789680394,3060170,0,,single
1789680396,1637370,1,,single
1789680397,2019760,1,,single
1789680399,1139280,1,,single
1789680400,904380,1,,single
1789680402,1789030,9,,single
1789680404,1157250,0,,single
1789680405,625980,2,,single
1789680407,832360,2,,single
1789680408,491280,2,,single
1789680409,2165390,0,,single
1789680411,282030,4,,single
1789680413,1098280,5,,single
1789680414,503820,2,,single
1789680416,1373430,6,,single
1789680417,330350,1,,single
1789680419,2251010,0,,single
1789680420,2746910,7,,single
1789680422,3072450,9,,single
1789680423,703320,23,,single
1789680425,258050,0,,single
1789680426,445720,3,,single
1789680428,18820,1,,single
1789680429,1385100,1,,single
1789680431,253880,3,,single
1789680432,809720,0,,single
1789680434,1118840,0,,single
1789680436,1060220,10,,single
1789680437,2088030,0,,single
1789680439,1811500,0,,single
1789680440,1349120,0,,single
1789680442,692100,1,,single
1789680443,2015620,0,,single
1789680445,1939790,1,,single
1789680446,643880,0,,single
1789680448,1802980,0,,single
1789680449,1483370,5,,single
1789680451,1027820,0,,single
1789680452,646240,0,,single
1789680454,1429880,6,,single
1789680455,369440,1,,single
1789680457,225000,2,,single
1789680459,2064810,1,,single
1789680460,2688680,1,,single
1789680462,434210,0,,single
1789680464,2367230,2,,single
1789680465,1791590,0,,single
1789680467,415610,1,,single
1789680468,1266630,169,,single
1789680470,1640630,3,,single
1789680471,862570,4,,single
1789680473,1502970,16,,single
1789680475,1518770,0,,single
1789680476,2305500,15,,single
1789680477,398000,5,,single
1789680479,1213230,1,,single
1789680481,494730,4,,single
1789680482,1049660,0,,single
1789680484,1054550,0,,single
1789680485,746710,0,,single
1789680487,865040,1,,single
1789680489,1311250,0,,single
1789680490,2741560,48,,single
1789680492,1225580,0,,single
1789680493,1335230,0,,single
1789680495,1555400,0,,single
1789680496,1351210,5,,single
1789680498,111600,2,,single
1789680500,2307120,0,,single
1789680501,612930,0,,single
1789680503,1373880,6,,single
1789680504,1620540,4,,single
1789680506,2090760,0,,single
1789680507,2774190,0,,single
1789680509,2130540,0,,single
1789680510,1933840,1,,single
1789680512,1260130,1,,single
1789680513,1546790,3,,single
1789680515,588440,0,,single
1789680516,3385670,3,,single
1789680518,2591210,22,,single
1789680519,340520,1,,single
1789680521,783120,0,,single
1789680522,345430,0,,single
1789680524,2113920,6,,single
1789680526,371670,0,,single
1789680527,65610,2,,single
1789680529,2308630,2,,single
1789680530,929670,9,,single
1789680532,2270210,4,,single
1789680533,1178790,97,,single
1789680535,2951580,0,,single
1789680536,2532050,1,,single
1789680538,1411020,1,,single
1789680539,1186460,0,,single
1789680541,2457540,25,,single
1789680542,1773180,1,,single
1789680544,336240,0,,single
1789680545,2221500,0,,single
1789680547,2552310,2,,single
1789680548,3130,5,,single
1789680550,824190,0,,single
1789680551,986040,3,,single
1789680553,2479290,1,,single
1789680555,1688100,1,,single
1789680556,1490840,2,,single
1789680558,502770,0,,single
1789680559,485040,1,,single
1789680561,1395760,1,,single
1789680562,2613060,4,,single
1789680564,3046600,30,,single
1789680565,1403650,8,,single
1789680567,2707070,41,,single
1789680568,301840,2,,single
1789680570,294020,0,,single
1789680571,1333470,1,,single
1789680573,545690,0,,single
1789680575,39650,10,,single
1789680576,891360,0,,single
1789680578,1494560,8,,single
1789680579,2368300,11,,single
1789680581,950530,6,,single
1789680582,546080,0,,single
1789680584,247140,1,,single
1789680585,2361460,1,,single
1789680587,839450,1,,single
1789680588,389270,1,,single
1789680590,1786670,0,,single
1789680592,919280,6,,single
1789680593,2002220,6,,single
1789680595,975270,3,,single
1789680596,1261520,5,,single
1789680598,810660,0,,single
1789680599,2851150,3,,single
1789680601,108700,2,,single
1789680603,625430,3,,single
1789680604,1292910,0,,single
1789680606,1159830,7,,single
1789680608,967390,1,,single
1789680609,2917350,15,,single
1789680611,2543760,0,,single
1789680612,279440,4,,single
1789680614,1252560,2,,single
1789680616,498660,3,,single
1789680617,2514640,2,,single
1789680619,341550,0,,single
1789680621,435100,0,,single
1789680622,11140,1,,single
1789680624,574080,0,,single
1789680625,1372300,2,,single
1789680627,3308560,0,,single
1789680628,1200230,4,,single
1789680630,865820,1,,single
1789680631,2234150,22,,single
1789680633,1331210,2,,single
1789680634,508840,0,,single
1789680636,368610,10,,single
1789680637,755980,1,,single
1789680639,268240,0,,single
1789680640,2536960,2,,single
1789680642,1418020,1,,single
1789680643,574180,1,,single
1789680645,639650,0,,single
1789680646,574050,0,,single
1789680648,1013870,0,,single
1789680649,1096550,5,,single
1789680651,1662480,1,,single
1789680653,530950,1,,single
1789680654,3257490,1,,single
1789680656,2673490,0,,single
1789680657,1144440,0,,single
1789680659,1354230,1,,single
1789680660,444220,1,,single
1789680662,1793090,2,,single
1789680663,251530,3,,single
1789680665,1602560,1,,single
1789680666,842150,25,,single
1789680669,517810,31,,single
1789680670,2744010,12,,single
1789680672,2579280,0,,single
1789680673,1036740,0,,single
1789680675,414160,0,,single
1789680676,1389560,0,,single
1789680678,877360,1,,single
1789680680,458470,0,,single
1789680681,232970,0,,single
1789680683,3080380,0,,single
1789680684,350010,0,,single
1789680686,3598130,1,,single
1789680687,1517150,0,,single
1789680689,555510,4,,single
1789680690,339000,0,,single
1789680692,944920,0,,single
1789680693,326150,0,,single
1789680694,377870,1,,single
1789680696,509250,0,,single
1789680697,232950,0,,single
1789680699,545040,1,,single
1789680700,2061430,6,,single
1789680702,1140630,1,,single
1789680703,2494810,18,,single
1789680705,366690,16,,single
1789680706,2699820,5,,single
1789680708,599610,0,,single
1789680709,2715370,0,,single
1789680711,3029990,0,,single
1789680712,214550,0,,single
1789680714,787850,0,,single
1789680715,1168870,1,,single
1789680717,506730,0,,single
1789680719,469730,2,,single
1789680720,1390700,0,,single
1789680722,1047010,0,,single
1789680723,1750030,1,,single
1789680724,898720,1,,single
1789680726,259780,3,,single
1789680727,1127110,3,,single
1789680729,865090,1,,single
1789680731,262490,10,,single
1789680732,449210,0,,single
1789680734,384030,37,,single
1789680769,423890,0,,single
1789680771,451650,3,,single
1789680772,381560,1,,single
1789680774,1383960,1,,single
1789680775,406090,0,,single
1789680777,691770,1,,single
1789680779,284890,1,,single
1789680780,2458310,1,,single
1789680782,1461910,38,,single
1789680783,887530,2,,single
1789680785,1133060,3,,single
1789680786,2295920,3,,single
1789680788,579020,3,,single
1789680789,449710,6,,single
1789680791,567030,1,,single
1789680792,1259640,4,,single
1789680794,346180,0,,single
1789680795,321150,1,,single
1789680797,1085180,1,,single
1789680798,2633640,5,,single
1789680800,2099220,6,,single
1789680801,43190,1,,single
1789680803,965300,41,,single
1789680804,340460,1,,single
1789680806,2835110,17,,single
1789680807,1941410,0,,single
1789680809,351160,4,,single
1789680810,2667410,2,,single
1789680812,1883370,2,,single
1789680813,1399080,4,,single
1789680815,1209410,1,,single
1789680816,421740,2,,single
1789680818,299250,1,,single
1789680819,421660,1,,single
1789680821,2476100,3,,single
1789680822,911220,0,,single
1789680824,1514840,0,,single
1789680825,1146600,0,,single
1789680827,3042680,0,,single
1789680828,925440,0,,single
1789680830,561770,10,,single
1789680831,1658920,109,,single
1789680833,887450,1,,single
1789680834,284730,2,,single
1789680836,497400,0,,single
1789680838,12640,13,,single
1789680839,3447690,1,,single
1789680841,2328650,4,,single
1789680843,2138580,1,,single
1789680844,959000,4,,single
1789680846,286360,0,,single
1789680847,466270,0,,single
1789680849,758980,21,,single
1789680850,4800,2,,single
1789680852,2662780,13,,single
1789680853,70620,1,,single
1789680855,2538910,0,,single
1789680856,945770,17,,single
1789680858,2864890,57,,single
1789680859,424250,12,,single
1789680861,1262040,3,,single
1789680862,1033950,0,,single
1789680864,2981590,1,,single
1789680865,346810,1,,single
1789680867,34820,1,,single
1789680869,1667700,1,,single
1789680870,437900,0,,single
1789680872,699180,2,,single
1789680873,1475840,4,,single
1789680875,289600,0,,single
1789680876,2430690,1,,single
1789680878,2321120,0,,single
1789680879,1525410,0,,single
1789680881,349500,0,,single
1789680882,270050,0,,single
1789680884,787790,6,,single
1789680885,2055220,1,,single
1789680887,893010,1,,single
1789680888,783840,0,,single
1789680890,1859360,1,,single
1789680891,1437840,12,,single
1789680893,1312960,2,,single
1789680894,346470,12,,single
1789680896,1056610,0,,single
1789680897,583090,3,,single
1789680899,2803810,0,,single
1789680900,1523400,0,,single
1789680902,1915550,0,,single
1789680903,316930,0,,single
1789680905,3077390,62,,single
1789680906,65560,1,,single
1789680908,438080,0,,single
1789680910,1337970,14,,single
1789680911,897410,3,,single
1789680912,447780,0,,single
1789680914,2526310,2,,single
1789680916,781030,114,,single
1789680917,1824580,2,,single
1789680919,630610,8,,single
1789680920,1059900,4,,single
1789680922,536280,2,,single
1789680924,501840,1,,single
1789680925,432100,0,,single
1789680927,260570,1,,single
1789680928,1114290,3,,single
1789680930,45300,1,,single
1789680931,2822370,0,,single
1789680933,1952250,1,,single
1789680934,692030,2,,single
1789680936,370350,5,,single
1789680938,1078280,1,,single
1789680939,1046300,5,,single
1789680941,1836550,19,,single
1789680942,300610,10,,single
1789680943,3098470,1,,single
1789680945,896440,1,,single
1789680946,882020,5,,single
1789680948,2421310,0,,single
1789680950,696180,4,,single
1789680951,1251930,2,,single
1789680952,1985260,4,,single
1789680954,1134520,0,,single
1789680956,1792820,4,,single
1789680957,2464880,2,,single
1789680959,298400,0,,single
1789680961,377670,1,,single
1789680962,2712540,0,,single
1789680964,410430,0,,single
1789680965,305940,1,,single
1789680968,1998450,0,,single
1789680970,404200,0,,single
1789680971,1767560,49,,single
1789680973,907760,0,,single
1789680974,1330250,15,,single
1789680976,1361010,5,,single
1789680977,1928090,1,,single
1789680979,2644360,6,,single
1789680980,467370,2,,single
1789680982,1044490,0,,single
1789680983,1171270,1,,single
1789680985,2494350,176,,single
1789680987,508170,0,,single
1789680988,895670,0,,single
1789680990,2432110,0,,single
1789680991,704040,20,,single
1789680993,328270,0,,single
1789680994,392580,0,,single
1789680996,1339460,0,,single
1789680997,2810,5,,single
1789680999,321870,0,,single
1789681000,1619230,1,,single
1789681002,2803280,4,,single
1789681004,2274200,3,,single
1789681005,363490,0,,single
1789681007,926580,0,,single
1789681008,289420,9,,single
1789681010,3021630,1,,single
1789681011,959890,4,,single
1789681013,7010,0,,single
1789681014,1583850,2,,single
1789681016,58570,2,,single
1789681017,1956740,60,,single
1789681019,2729480,4,,single
1789681020,814200,0,,single
1789681022,1325890,4,,single
1789681023,427700,1,,single
1789681025,3553210,4,,single
1789681026,680380,3,,single
1789681028,1170640,0,,single
1789681029,397500,0,,single
1789681031,32350,0,,single
1789681032,979560,6,,single
1789681034,1111450,0,,single
1789681035,1140610,0,,single
1789681037,1611580,7,,single
1789681039,737520,4,,single
1789681041,691320,0,,single
1789681042,328590,0,,single
1789681044,1932260,0,,single
1789681045,1510470,4,,single
1789681047,3098070,7,,single
1789681048,1370170,2,,single
1789681050,983350,1,,single
1789681051,1114130,4,,single
1789681053,1031920,2,,single
1789681054,642560,2,,single
1789681056,1504150,1,,single
1789681057,2825110,12,,single
1789681059,2455920,1,,single
1789681060,521570,1,,single
1789681062,610810,0,,single
1789681064,2789810,7,,single
1789681065,880580,54,,single
1789681066,1781890,4,,single
1789681068,2937710,0,,single
1789681069,516480,0,,single
1789681071,2285630,4,,single
1789681072,458730,3,,single
1789681074,2152740,0,,single
1789681076,525780,0,,single
1789681077,400800,3,,single
1789681078,1921560,1,,single
1789681080,3337210,1,,single
1789681082,325520,0,,single
1789681083,2439710,1,,single
1789681085,2844700,0,,single
1789681086,598780,0,,single
1789681088,466810,0,,single
1789681089,640120,0,,single
1789681091,236790,0,,single
1789681093,1783280,4,,single
1789681094,2823890,10,,single
1789681096,227380,3,,single
1789681097,527280,3,,single
1789681099,1183260,0,,single
1789681100,1304340,3,,single
1789681102,2165620,2,,single
1789681103,303290,2,,single
1789681105,471810,2,,single
1789681106,1094530,0,,single
1789681108,623840,1,,single
1789681109,543140,0,,single
1789681111,1449750,2,,single
1789681112,3088410,0,,single
1789681114,332790,1,,single
1789681115,730830,1,,single
1789681117,489220,1,,single
1789681118,951820,1,,single
1789681120,286460,6,,single
1789681121,1736400,1,,single
1789681123,912570,0,,single
1789681125,2868430,1,,single
1789681126,2650730,0,,single
1789681128,3428620,1,,single
1789681129,892860,0,,single
1789681131,412770,2,,single
1789681132,2268470,0,,single
1789681134,933860,0,,single
1789681135,1056490,0,,single
1789681137,854570,0,,single
1789681138,34600,5,,single
1789681140,285480,2,,single
1789681141,1156060,2,,single
1789681143,2216360,0,,single
1789681144,1721170,1,,single
1789681146,493720,0,,single
1789681148,1743830,3,,single
1789681149,1588870,3,,single
1789681151,1100150,4,,single
1789681152,1498130,13,,single
1789681154,1243960,15,,single
1789681155,656970,0,,single
1789681157,2804510,0,,single
1789681158,1960590,1,,single
1789681160,345200,2,,single
1789681162,1200720,2,,single
1789681163,262450,1,,single
1789681165,3444480,6,,single
1789681166,3232040,3,,single
1789681168,2081080,3,,single
1789681169,851110,7,,single
1789681171,438180,2,,single
1789681173,1766390,2,,single
1789681174,715310,18,,single
1789681176,503770,2,,single
1789681177,206610,0,,single
1789681179,715670,36,,single
1789681180,11240,0,,single
1789681182,738550,14,,single
1789681183,317710,2,,single
1789681185,305640,2,,single
1789681187,451880,1,,single
1789681188,1038300,5,,single
1789681190,585830,2,,single
1789681191,814740,0,,single
1789681193,1389360,0,,single
1789681194,522040,0,,single
1789681196,294750,1,,single
1789681197,733300,2,,single
1789681199,1432850,3,,single
1789681200,2193720,2,,single
1789681202,266390,0,,single
1789681203,1420740,0,,single
1789681205,628200,0,,single
1789681206,1164000,0,,single
1789681208,883100,0,,single
1789681210,1733250,0,,single
1789681211,2844850,14,,single
1789681213,1976950,0,,single
1789681214,1496590,12,,single
1789681216,2708210,3,,single
1789681217,2450100,0,,single
1789681219,207020,0,,single
1789681220,977230,0,,single
1789681222,948630,2,,single
1789681223,753220,0,,single
1789681225,534290,2,,single
1789681226,1032590,2,,single
1789681228,462990,1,,single
1789681229,2753720,0,,single
1789681231,46250,1,,single
1789681232,2078040,1,,single
1789681234,2384920,0,,single
1789681235,1568970,0,,single
1789681237,1189100,5,,single
1789681238,1071140,0,,single
1789681240,2817620,3,,single
1789681241,1648190,5,,single
1789681243,936160,19,,single
1789681244,1148490,6,,single
1789681246,748040,14,,single
1789681247,1018130,2,,single
1789681249,3169580,21,,single
1789681250,1141100,2,,single
1789681252,3027620,0,,single
1789681253,1453850,29,,single
1789681255,234160,0,,single
1789681256,1065260,0,,single
1789681258,2063610,59,,single
1789681259,409890,5,,single
1789681261,2351860,1,,single
1789681262,1555150,2,,single
1789681264,557040,2,,single
1789681265,762840,0,,single
1789681268,1585020,0,,single
1789681269,369000,3,,single
1789681270,289200,2,,single
1789681272,1480120,1,,single
1789681273,865830,3,,single
1789681275,260250,0,,single
1789681276,470740,1,,single
1789681278,1037190,1,,single
1789681279,643810,0,,single
1789681281,1732920,0,,single
1789681282,331920,21,,single
1789681284,575490,1,,single
1789681285,1348700,3,,single
1789681287,299050,0,,single
1789681289,243360,8,,single
1789681290,943140,0,,single
1789681291,2916770,9,,single
1789681293,2738940,4,,single
1789681294,644540,12,,single
1789681296,2314820,1,,single
1789681297,1629200,3,,single
1789681299,850980,0,,single
1789681300,1810960,1,,single
1789681302,2630020,8,,single
1789681303,781480,25,,single
1789681305,302190,1,,single
1789681306,27020,1,,single
1789681308,1657810,0,,single
1789681309,1642220,3,,single
1789681311,324140,0,,single
1789681312,638160,2,,single
1789681314,460850,1,,single
1789681315,1429740,0,,single
1789681317,3159570,7,,single
1789681318,226120,2,,single
1789681320,266170,0,,single
1789681321,2669150,3,,single
1789681323,24400,1,,single
1789681324,1367530,1,,single
1789681326,1522280,1,,single
1789681327,392470,13,,single
1789681329,1141530,156,,single
1789681330,1271300,2,,single
1789681332,112100,1,,single
1789681334,2871930,1,,single
1789681335,1329600,0,,single
1789681337,449530,0,,single
1789681338,2216770,11,,single
1789681340,298930,1,,single
1789681341,585890,0,,single
1789681343,365660,0,,single
1789681344,351860,9,,single
1789681346,255870,2,,single
1789681347,2129810,5,,single
1789681349,61520,21,,single
1789681350,2550040,2,,single
1789681352,1188720,0,,single
1789681353,319250,0,,single
1789681355,268890,1,,single
1789681356,1005460,2,,single
1789681358,1642790,0,,single
1789681359,1866630,2,,single
1789681361,659960,0,,single
1789681362,2523310,12,,single
1789681364,407980,0,,single
1789681365,1875280,0,,single
1789681367,2168260,5,,single
1789681368,4880,23,,single
1789681370,2730530,0,,single
1789681372,1309620,4,,single
1789681373,1755180,1,,single
1789681375,782340,1,,single
1789681376,1448260,0,,single
1789681378,561610,7,,single
1789681379,3487060,5,,single
1789681381,1346830,0,,single
1789681382,490370,36,,single
1789681383,416000,1,,single
1789681385,3357250,7,,single
1789681386,206690,2,,single
1789681388,2600570,0,,single
1789681389,880400,0,,single
1789681391,1644150,0,,single
1789681392,1509090,0,,single
1789681394,3373670,3,,single
1789681395,1691970,30,,single
1789681397,1295270,7,,single
1789681398,336610,0,,single
1789681400,1710540,3,,single
1789681401,575510,0,,single
1789681403,211010,2,,single
1789681404,239700,0,,single
1789681406,2198800,33,,single
1789681407,1530,1,,single
1789681409,1063310,0,,single
1789681410,2518900,0,,single
1789681412,518730,0,,single
1789681413,995050,6,,single
1789681415,311720,0,,single
1789681417,286320,0,,single
1789681418,2697560,1,,single
1789681420,1553910,0,,single
1789681421,618950,2,,single
1789681422,1361400,2,,single
1789681424,242940,2,,single
1789681425,904360,0,,single
1789681427,3010070,0,,single
1789681428,767490,2,,single
1789681430,1692080,96,,single
1789681432,650440,0,,single
1789681433,812550,0,,single
1789681434,773840,0,,single
1789681436,497780,1,,single
1789681437,1663640,2,,single
1789681439,973090,2,,single
1789681440,708340,1,,single
1789681442,227560,0,,single
1789681443,717610,1,,single
1789681445,1083600,10,,single
1789681446,12330,4,,single
1789681448,829420,64,,single
1789681449,575050,0,,single
1789681451,2240920,1,,single
1789681453,867490,0,,single
1789681454,837510,20,,single
1789681456,468490,0,,single
1789681457,1722840,49,,single
1789681458,761030,3,,single
1789681460,529240,3,,single
1789681461,449020,0,,single
1789681463,2597460,1,,single
1789681464,2914480,5,,single
1789681466,1883000,6,,single
1789681467,1036640,36,,single
1789681469,350970,0,,single
1789681471,717790,1,,single
1789681472,1983710,14,,single
1789681473,338320,6,,single
1789681475,1592170,0,,single
1789681476,280320,1,,single
1789681478,2202120,7,,single
1789681479,1144800,0,,single
1789681481,943980,0,,single
1789681482,576130,0,,single
1789681484,1097530,3,,single
1789681485,2794770,3,,single
1789681487,3601790,2,,single
1789681488,968350,0,,single
1789681490,322130,4,,single
1789681491,405780,0,,single
1789681493,669290,0,,single
1789681494,1062040,6,,single
1789681496,1205900,2,,single
1789681497,596590,0,,single
1789681499,1269150,1,,single
1789681500,1364800,1,,single
1789681502,298480,2,,single
1789681503,2026990,0,,single
1789681505,2279600,1,,single
1789681506,3131680,2,,single
1789681508,705280,0,,single
1789681510,265810,0,,single
1789681511,724250,1,,single
1789681513,3029820,2,,single
1789681514,253860,1,,single
1789681516,1787500,0,,single
1789681517,1673190,1,,single
1789681519,1905020,3,,single
1789681520,2736020,0,,single
1789681522,1258310,0,,single
1789681523,46370,0,,single
1789681525,537430,0,,single
1789681526,494720,3,,single
1789681528,2443630,2,,single
1789681529,2072660,1,,single
1789681531,2058730,1,,single
1789681532,3027260,0,,single
1789681534,1024480,1,,single
1789681535,1221540,0,,single
1789681537,3585310,0,,single
1789681538,1533050,0,,single
1789681540,1919550,1,,single
1789681541,1727210,0,,single
1789681543,2382250,0,,single
1789681544,733050,0,,single
1789681546,2652000,3,,single
1789681547,1045620,5,,single
1789681549,814530,0,,single
1789681550,292620,0,,single
1789681552,1117160,0,,single
1789681553,377080,1,,single
1789681555,302060,0,,single
1789681556,1184890,0,,single
1789681558,438130,2,,single
1789681559,957720,71,,single
1789681561,1070860,3,,single
1789681563,2193050,1,,single
1789681564,265970,1,,single
1789681566,1620520,0,,single
1789681569,3128740,1,,single
1789681571,345860,0,,single
1789681572,1582510,2,,single
1789681574,425670,1,,single
1789681575,2808570,0,,single
1789681577,271920,0,,single
1789681578,3562530,1,,single
1789681580,1846330,3,,single
1789681581,620220,1,,single
1789681583,2071200,1,,single
1789681584,39520,12,,single
1789681586,461730,0,,single
1789681587,431710,9,,single
1789681589,2286770,1,,single
1789681591,3242950,25,,single
1789681592,1732330,0,,single
1789681594,2529520,15,,single
1789681595,320320,5,,single
1789681597,2716110,0,,single
1789681598,1356240,7,,single
1789681599,2877720,0,,single
1789681601,320690,5,,single
1789681603,583270,1,,single
1789681604,457420,1,,single
1789681606,1681600,8,,single
1789681607,1266800,0,,single
1789681609,2330870,1,,single
1789681611,2492290,0,,single
1789681612,449550,2,,single
1789681614,200370,2,,single
1789681615,867400,0,,single
1789681617,314180,2,,single
1789681618,1252710,1,,single
1789681620,222160,0,,single
1789681621,655160,1,,single
1789681623,1546710,3,,single
1789681624,214910,1,,single
1789681626,2562730,63,,single
1789681627,62000,2,,single
1789681629,2336200,0,,single
1789681631,385250,3,,single
1789681632,1551530,4,,single
1789681634,2096030,6,,single
1789681635,2404110,0,,single
1789681637,1073820,0,,single
1789681638,300580,0,,single
1789681640,1149940,4,,single
1789681641,224000,0,,single
1789681643,1247170,3,,single
1789681644,2513240,38,,single
1789681646,463980,1,,single
1789681647,726910,1,,single
1789681649,263320,0,,single
1789681650,1185160,0,,single
1789681652,2296380,9,,single
1789681653,390100,0,,single
1789681654,497730,3,,single
1789681656,2745800,0,,single
1789681657,1957990,3,,single
1789681659,1880470,1,,single
1789681660,715010,1,,single
1789681662,1477920,0,,single
1789681664,2351330,0,,single
1789681665,506900,0,,single
1789681666,1092140,1,,single
1789681668,2719190,0,,single
1789681670,1163910,1,,single
1789681671,495290,12,,single
1789681673,914320,10,,single
1789681674,810500,0,,single
1789681676,11180,2,,single
1789681677,787400,0,,single
1789681679,1409200,1,,single
1789681680,985950,6,,single
1789681682,1251460,0,,single
1789681683,1934030,0,,single
1789681685,3432160,0,,single
1789681686,1040730,25,,single
1789681688,527700,1,,single
1789681689,398840,0,,single
1789681691,2304620,2,,single
1789681692,779090,1,,single
1789681694,554600,2,,single
1789681695,46490,1,,single
1789681697,586210,3,,single
1789681698,802450,1,,single
1789681700,2994010,3,,single
1789681701,594680,0,,single
1789681703,936490,0,,single
1789681704,281200,0,,single
1789681706,698700,8,,single
1789681707,1163740,0,,single
1789681709,1706360,5,,single
1789681710,373970,5,,single
1789681712,2399730,16,,single
1789681713,1034940,9,,single
1789681715,2951840,0,,single
1789681716,638200,10,,single
1789681718,1673630,1,,single
1789681720,497850,1,,single
1789681721,808080,13,,single
1789681723,403900,0,,single
1789681724,1450080,5,,single
1789681725,463220,1,,single
1789681727,2350020,0,,single
1789681728,427240,0,,single
1789681730,313080,0,,single
1789681731,628050,51,,single
1789681733,1318740,1,,single
1789681734,713530,0,,single
1789681736,2616430,3,,single
1789681737,2056340,1,,single
1789681739,453290,1,,single
1789681740,1566880,3,,single
1789681742,436290,1,,single
1789681743,581030,0,,single
1789681745,1561340,2,,single
1789681746,939990,0,,single
1789681748,523600,18,,single
1789681749,277490,1,,single
1789681751,579820,0,,single
1789681752,428180,8,,single
1789681754,2392520,41,,single
1789681755,1610460,13,,single
1789681757,1540350,1,,single
1789681758,750290,1,,single
1789681760,635250,0,,single
1789681761,2966850,1,,single
1789681763,1167790,1,,single
1789681764,352220,4,,single
1789681766,1665130,12,,single
1789681767,2452080,5,,single
1789681769,435440,23,,single
1789681770,2409360,2,,single
1789681772,34410,0,,single
1789681773,1011610,0,,single
1789681775,1348390,11,,single
1789681776,2060790,6,,single
1789681778,1144970,0,,single
1789681779,342620,1,,single
1789681781,1097110,0,,single
1789681783,792050,0,,single
1789681784,1803390,12,,single
1789681786,1020730,1,,single
1789681787,287200,0,,single
1789681789,1141650,0,,single
1789681790,1627680,0,,single
1789681792,1028350,0,,single
1789681793,742500,13,,single
1789681795,263860,1,,single
1789681796,1805930,0,,single
1789681798,1363850,0,,single
1789681799,725780,0,,single
1789681801,2050510,1,,single
1789681802,2515070,3,,single
1789681804,1680000,10,,single
1789681805,2647820,12,,single
1789681807,1832220,0,,single
1789681808,444490,0,,single
1789681810,1374290,0,,single
1789681811,1961160,1,,single
1789681813,1451080,1,,single
1789681814,2839450,1,,single
1789681816,769670,4,,single
1789681817,323670,1,,single
1789681819,948880,1,,single
1789681820,663110,0,,single
1789681822,1184250,0,,single
1789681823,1397650,1,,single
1789681825,319760,0,,single
1789681826,826230,1,,single
1789681828,512460,1,,single
1789681829,2229990,1,,single
1789681831,664750,0,,single
1789681833,2840480,0,,single
1789681834,1671720,1,,single
1789681836,428950,1,,single
1789681837,40350,3,,single
1789681839,1184760,1,,single
1789681840,520850,0,,single
1789681842,923810,0,,single
1789681843,1413370,1,,single
1789681845,2000770,5,,single
1789681846,2304440,3,,single
1789681848,809540,2,,single
1789681849,689980,0,,single
1789681851,1731260,1,,single
1789681852,2748830,3,,single
1789681854,1411670,0,,single
1789681855,373720,7,,single
1789681857,227020,5,,single
1789681858,349270,1,,single
1789681860,1015770,0,,single
1789681862,399430,0,,single
1789681863,1797680,3,,single
1789681865,1946070,2,,single
1789681867,1671480,1,,single
1789681869,1374580,4,,single
1789681871,438030,1,,single
1789681872,2449160,0,,single
1789681874,539270,35,,single
1789681875,1782150,3,,single
1789681876,1164100,0,,single
1789681878,2908950,6,,single
1789681880,658600,1,,single
1789681881,691730,3,,single
1789681883,1145340,0,,single
1789681884,505330,0,,single
1789681886,594220,0,,single
1789681887,1304430,5,,single
1789681889,2800,9,,single
1789681890,273070,0,,single
1789681892,2686580,0,,single
1789681893,509570,1,,single
1789681895,678520,0,,single
1789681896,1245250,1,,single
1789681898,1933370,6,,single
1789681899,2074480,4,,single
1789681901,364640,1,,single
1789681903,945460,0,,single
1789681904,1079830,0,,single
1789681905,1983220,1,,single
1789681907,223730,0,,single
1789681908,3446150,4,,single
1789681910,1457520,3,,single
1789681911,67000,0,,single
1789681913,1693040,0,,single
1789681914,366640,1,,single
1789681916,1118380,0,,single
1789681917,2248330,0,,single
1789681919,1077970,0,,single
1789681921,510540,4,,single
1789681922,291710,4,,single
1789681923,1536080,2,,single
1789681925,825730,25,,single
1789681927,2437040,1,,single
1789681928,2116510,1,,single
1789681930,1596540,1,,single
1789681931,3091390,2,,single
1789681933,2295970,1,,single
1789681934,2615670,3,,single
1789681936,2836860,1,,single
1789681937,2258590,7,,single
1789681939,1028590,4,,single
1789681940,2593900,1,,single
1789681942,1561910,0,,single
1789681943,2665460,3,,single
1789681945,968440,20,,single
1789681946,618510,0,,single
1789681948,1393420,1,,single
1789681949,3244210,31,,single
1789681951,1341490,2,,single
1789681952,1169740,0,,single
1789681954,1984720,8,,single
1789681955,1114430,0,,single
1789681957,3331320,4,,single
1789681959,2116260,0,,single
1789681960,11130,1,,single
1789681962,465170,1,,single
1789681963,476480,0,,single
1789681965,1299620,2,,single
1789681966,1112830,0,,single
1789681968,389900,1,,single
1789681969,3990,152,,single
1789681971,490230,1,,single
1789681973,695100,0,,single
1789681974,1162560,2,,single
1789681976,463170,0,,single
1789681977,1921980,4,,single
1789681979,382080,0,,single
1789681981,410820,0,,single
1789681982,1709050,8,,single
1789681984,1500820,14,,single
1789681985,440640,0,,single
1789681987,570980,0,,single
1789681988,361230,1,,single
1789681990,1099220,4,,single
1789681991,971160,0,,single
1789681993,15000,0,,single
1789681994,952540,57,,single
1789681996,586750,5,,single
1789681998,682480,0,,single
1789681999,1911940,7,,single
1789682001,1253190,2,,single
1789682002,70660,1,,single
1789682004,2058750,10,,single
1789682005,2442380,2,,single
1789682007,381100,0,,single
1789682009,883070,0,,single
1789682010,848550,0,,single
1789682012,2456960,3,,single
1789682013,1512480,1,,single
1789682015,1122120,1,,single
1789682016,316160,2,,single
1789682018,2936180,0,,single
1789682019,568040,0,,single
1789682021,1065520,2,,single
1789682022,777590,0,,single
1789682024,2094070,14,,single
1789682025,378270,0,,single
1789682027,650330,0,,single
1789682028,550340,2,,single
1789682030,1144020,2,,single
1789682031,961490,1,,single
1789682032,1112930,1,,single
1789682034,370870,1,,single
1789682035,7020,0,,single
1789682037,2494450,0,,single
1789682038,1301950,0,,single
1789682040,750470,4,,single
1789682041,1098270,0,,single
1789682043,1331910,0,,single
1789682044,2960770,4,,single
1789682046,1709170,0,,single
1789682048,387930,1,,single
1789682049,335790,0,,single
1789682051,1219950,1,,single
1789682053,1912750,2,,single
1789682055,2017370,1,,single
1789682056,975120,0,,single
1789682058,2543050,1,,single
1789682059,976700,1,,single
1789682061,1475430,0,,single
1789682062,671390,0,,single
1789682064,2311260,0,,single
1789682065,1649740,0,,single
1789682067,2154650,5,,single
1789682068,678560,0,,single
1789682070,1152300,8,,single
1789682071,1998340,20,,single
1789682073,860860,0,,single
1789682074,451780,1,,single
1789682076,529490,6,,single
1789682077,625470,0,,single
1789682079,1483780,1,,single
1789682080,1742360,1,,single
1789682082,1674820,4,,single
1789682083,351870,8,,single
1789682085,293240,0,,single
1789682087,1329540,0,,single
1789682088,460340,0,,single
1789682090,1141760,0,,single
1789682091,1925320,3,,single
1789682093,3304770,1,,single
1789682095,2374000,2,,single
1789682096,3001730,1,,single
1789682098,769950,0,,single
1789682099,900400,1,,single
1789682101,2876250,1,,single
1789682103,405950,0,,single
1789682104,1475850,5,,single
1789682106,541370,0,,single
1789682107,2573260,0,,single
1789682109,923570,0,,single
1789682110,1067860,2,,single
1789682112,200020,1,,single
1789682113,307350,0,,single
1789682115,881560,1,,single
1789682116,1258220,0,,single
1789682118,270790,7,,single
1789682119,1109840,6,,single
1789682121,271370,9,,single
1789682122,414190,0,,single
1789682123,247350,0,,single
1789682125,1605320,0,,single
1789682126,350310,2,,single
1789682128,1517180,6,,single
1789682130,1194680,1,,single
1789682131,630900,1,,single
1789682133,3521320,1,,single
1789682134,211180,0,,single
1789682135,248190,2,,single
1789682137,1386040,4,,single
1789682139,372390,5,,single
1789682140,3263210,0,,single
1789682142,1671280,0,,single
1789682143,46450,0,,single
1789682145,496680,1,,single
1789682146,848050,37,,single
1789682148,546400,0,,single
1789682149,1925090,0,,single
1789682151,280560,0,,single
1789682152,2956280,0,,single
1789682154,1248080,2,,single
1789682155,388420,0,,single
1789682157,971690,2,,single
1789682158,756880,0,,single
1789682160,2356460,0,,single
1789682161,454890,1,,single
1789682163,1050280,20,,single
1789682164,273570,1,,single
1789682166,2430900,0,,single
1789682169,40330,2,,single
1789682170,2910,9,,single
1789682172,2078350,23,,single
1789682173,2125770,2,,single
1789682175,931650,12,,single
1789682176,16710,0,,single
1789682178,1206410,9,,single
1789682179,1847150,0,,single
1789682181,1194590,2,,single
1789682182,442210,0,,single
1789682184,904540,5,,single
1789682185,3194550,7,,single
1789682187,267980,0,,single
1789682188,1771180,1,,single
1789682190,926390,0,,single
1789682191,390730,1,,single
1789682193,259130,1,,single
1789682194,2648050,3,,single
1789682196,2631960,48,,single
1789682197,1157750,0,,single
1789682199,2086680,4,,single
1789682200,1304610,0,,single
1789682202,725330,1,,single
1789682203,415170,0,,single
1789682205,2373290,0,,single
1789682206,3048140,1,,single
1789682208,1340640,0,,single
1789682209,1690,7,,single
1789682211,556740,0,,single
1789682212,2088340,0,,single
1789682214,263700,1,,single
1789682215,1315200,5,,single
1789682217,2330750,29,,single
1789682218,464620,1,,single
1789682220,414720,0,,single
1789682221,1766790,2,,single
1789682223,676630,2,,single
1789682225,1339410,0,,single
1789682226,1738610,0,,single
1789682228,1293730,1,,single
1789682229,1664670,1,,single
1789682231,2959670,0,,single
1789682232,367000,1,,single
1789682234,485870,1,,single
1789682235,1972710,3,,single
1789682237,279140,3,,single
1789682238,1570760,0,,single
1789682240,2587770,0,,single
1789682241,3296760,0,,single
1789682243,968370,1,,single
1789682244,827290,1,,single
1789682246,364300,1,,single
1789682248,221830,1,,single
1789682249,434020,1,,single
1789682251,881420,6,,single
1789682252,438430,0,,single
1789682254,1627870,2,,single
1789682255,1398390,4,,single
1789682256,411310,5,,single
1789682258,687750,0,,single
1789682259,356260,2,,single
1789682261,1336600,1,,single
1789682262,1949770,30,,single
1789682264,2711030,3,,single
1789682265,3139620,1,,single
1789682267,3340810,3,,single
1789682268,1581480,1,,single
1789682270,685310,8,,single
1789682271,1896880,0,,single
1789682273,2116850,1,,single
1789682275,38430,4,,single
1789682276,1960900,0,,single
1789682277,256030,1,,single
1789682279,1443430,1,,single
1789682280,202130,0,,single
1789682282,1484960,0,,single
1789682284,3227760,1,,single
1789682285,919410,0,,single
1789682287,1215270,0,,single
1789682288,290280,9,,single
1789682289,538840,0,,single
1789682291,17100,2,,single
1789682293,276890,3,,single
1789682294,1201830,1,,single
1789682296,390310,0,,single
1789682297,525920,23,,single
1789682299,985080,0,,single
1789682300,319450,2,,single
1789682302,439930,1,,single
1789682303,1278360,0,,single
1789682305,796790,1,,single
1789682306,3324320,2,,single
1789682308,315860,0,,single
1789682309,2229940,2,,single
1789682311,1083870,0,,single
1789682312,871100,1,,single
1789682314,267060,0,,single
1789682315,387840,0,,single
1789682316,437000,0,,single
1789682318,1477700,0,,single
1789682319,1979410,1,,single
1789682321,2211730,0,,single
1789682322,270010,1,,single
1789682324,1454010,0,,single
1789682325,944080,3,,single
1789682327,488210,1,,single
1789682328,446120,0,,single
1789682330,1942010,0,,single
1789682331,2202590,5,,single
1789682333,1563700,0,,single
1789682334,312650,1,,single
1789682336,2162020,0,,single
1789682337,2118130,1,,single
1789682339,898800,7,,single
1789682340,2401680,1,,single
1789682342,3116640,0,,single
1789682343,1733880,1,,single
1789682345,1541020,73,,single
1789682346,201070,0,,single
1789682348,1290710,6,,single
1789682349,1209000,0,,single
1789682351,697610,21,,single
1789682352,2505570,76,,single
1789682354,547050,11,,single
1789682355,1299510,4,,single
1789682357,1573750,0,,single
1789682358,804850,1,,single
1789682360,2474030,1,,single
1789682361,3223390,3,,single
1789682363,2974060,0,,single
1789682365,874040,0,,single
1789682366,365900,1,,single
1789682368,1940200,0,,single
1789682369,2462520,4,,single
1789682371,1550730,1,,single
1789682372,1148480,4,,single
1789682374,623090,2,,single
1789682375,1551670,2,,single
1789682377,2946030,6,,single
1789682378,453100,0,,single
1789682380,812160,1,,single
1789682381,967130,4,,single
1789682383,768100,6,,single
1789682384,295750,0,,single
1789682386,934860,0,,single
1789682388,1985050,10,,single
1789682389,850450,0,,single
1789682390,1691560,0,,single
1789682392,2214220,0,,single
1789682394,207570,1,,single
1789682395,1008860,0,,single
1789682397,925470,0,,single
1789682398,1586750,2,,single
1789682400,235660,12,,single
1789682401,949970,0,,single
1789682403,470270,1,,single
1789682404,361040,1,,single
1789682406,469800,3,,single
1789682407,394680,1,,single
1789682409,1096180,0,,single
1789682410,1519710,3,,single
1789682412,2530430,1,,single
1789682413,1955030,0,,single
1789682415,242530,0,,single
1789682416,685690,0,,single
1789682418,1011300,0,,single
1789682420,306200,0,,single
1789682421,391490,0,,single
1789682423,363980,0,,single
1789682424,504300,0,,single
1789682426,1337920,1,,single
1789682427,977390,0,,single
1789682429,2230070,2,,single
1789682430,70110,0,,single
1789682432,2460980,0,,single
1789682433,202730,2,,single
1789682435,921710,0,,single
1789682436,683830,0,,single
1789682438,2597880,0,,single
1789682439,46270,1,,single
1789682441,1096930,33,,single
1789682442,505210,0,,single
1789682444,1813860,5,,single
1789682445,1101180,0,,single
1789682447,378800,0,,single
1789682448,350990,0,,single
1789682450,1442450,0,,single
1789682451,1503670,0,,single
1789682453,562470,0,,single
1789682454,2479840,0,,single
1789682456,3449850,18,,single
1789682457,1722520,0,,single
1789682459,2077380,0,,single
1789682461,1077430,0,,single
1789682463,758730,4,,single
1789682464,645690,1,,single
1789682466,425410,1,,single
1789682469,835520,1,,single
1789682471,675170,1,,single
1789682472,873270,0,,single
1789682474,2543030,1,,single
1789682475,1522560,0,,single
1789682476,1229030,0,,single
1789682478,1497450,0,,single
1789682480,1174640,4,,single
1789682481,651090,4,,single
1789682483,63800,0,,single
1789682484,704230,24,,single
1789682486,512270,0,,single
1789682487,1866980,7,,single
1789682489,343930,0,,single
1789682491,297760,2,,single
1789682492,1058060,1,,single
1789682494,1736290,1,,single
1789682495,2079950,0,,single
1789682497,579110,0,,single
1789682498,935930,0,,single
1789682500,1524750,0,,single
1789682502,992730,6,,single
1789682503,973000,0,,single
1789682505,448240,0,,single
1789682506,392000,0,,single
1789682508,1865670,4,,single
1789682509,2948640,9,,single
1789682511,1919470,5,,single
1789682512,1457510,6,,single
1789682514,606980,0,,single
1789682515,1037910,0,,single
1789682517,2253470,3,,single
1789682518,3002930,0,,single
1789682520,351790,0,,single
1789682522,730050,0,,single
1789682523,2800900,0,,single
1789682524,502400,0,,single
1789682526,2194790,1,,single
1789682527,1072640,1,,single
1789682529,1520270,0,,single
1789682530,346820,0,,single
1789682532,3175860,1,,single
1789682533,595430,0,,single
1789682535,355630,0,,single
1789682537,1437340,0,,single
1789682538,1487590,1,,single
1789682540,344440,2,,single
1789682541,583040,1,,single
1789682543,1063590,4,,single
1789682544,286200,1,,single
1789682546,1510950,1,,single
1789682547,2785200,0,,single
1789682549,2630080,5,,single
1789682550,628080,30,,single
1789682552,1424710,11,,single
1789682553,843660,243,,single
1789682555,336300,1,,single
1789682556,985430,0,,single
1789682558,824280,0,,single
1789682559,1585910,3,,single
1789682561,1525660,0,,single
1789682562,448470,56,,single
1789682564,347610,5,,single
1789682565,459010,0,,single
1789682567,306350,0,,single
1789682569,524390,5,,single
1789682570,2431880,26,,single
1789682572,353190,0,,single
1789682573,539670,0,,single
1789682575,252830,0,,single
1789682576,2118370,1,,single
1789682578,2060870,0,,single
1789682580,1333920,0,,single
1789682581,634340,1,,single
1789682583,441010,0,,single
1789682584,46550,0,,single
1789682586,1038280,0,,single
1789682587,3296200,0,,single
1789682589,874400,1,,single
1789682590,2211390,0,,single
1789682592,1216880,3,,single
1789682593,1749750,10,,single
1789682595,1192010,1,,single
1789682596,1078970,0,,single
1789682598,1506440,2,,single
1789682599,2601030,0,,single
1789682600,2985930,2,,single
1789682602,411760,0,,single
1789682603,1078200,0,,single
1789682605,1434540,2,,single
1789682606,1828630,0,,single
1789682608,1358800,26,,single
1789682609,2794610,1,,single
1789682611,2216660,3,,single
1789682612,595770,5,,single
1789682614,355530,1,,single
1789682615,2106810,1,,single
1789682617,3198540,4,,single
1789682618,2178480,310,,single
1789682620,757330,0,,single
1789682622,1734390,0,,single
1789682623,322850,11,,single
1789682625,496730,0,,single
1789682626,1807810,2,,single
1789682628,1671360,1,,single
1789682629,391170,7,,single
1789682631,548090,0,,single
1789682632,294000,0,,single
1789682634,956140,0,,single
1789682635,346630,0,,single
1789682637,336940,0,,single
1789682638,1891090,1,,single
1789682640,1032700,0,,single
1789682641,410970,62,,single
1789682643,955870,1,,single
1789682644,1482750,1,,single
1789682645,102850,0,,single
1789682647,772070,0,,single
1789682649,1457620,4,,single
1789682650,2246110,3,,single
1789682651,1205260,0,,single
1789682653,831050,0,,single
1789682654,2491640,1,,single
1789682656,1465510,0,,single
1789682657,785480,2,,single
1789682659,1193760,0,,single
1789682660,506480,0,,single
1789682662,385070,0,,single
1789682663,31830,8,,single
1789682665,292800,6,,single
1789682666,1502080,0,,single
1789682668,3018910,0,,single
1789682669,1637230,5,,single
1789682671,908740,0,,single
1789682672,1419370,0,,single
1789682674,398450,0,,single
1789682676,2319390,0,,single
1789682677,543030,1,,single
1789682679,470210,0,,single
1789682680,2795270,0,,single
1789682682,375710,0,,single
1789682683,843890,1,,single
1789682685,1450090,2,,single
1789682686,981020,0,,single
1789682688,222660,1,,single
1789682689,453850,1,,single
1789682691,559910,0,,single
1789682692,1259510,0,,single
1789682694,1696220,2,,single
1789682695,547590,0,,single
1789682697,963280,3,,single
1789682698,1040430,0,,single
1789682700,992490,1,,single
1789682701,375840,3,,single
1789682703,2627780,2,,single
1789682704,300260,0,,single
1789682706,1754960,1,,single
1789682707,1413960,1,,single
1789682709,710030,0,,single
1789682710,1300360,0,,single
1789682712,680480,1,,single
1789682713,1934800,0,,single
1789682715,200960,1,,single
1789682716,580710,3,,single
1789682718,1882040,0,,single
1789682719,2279330,3,,single
1789682721,625860,3,,single
1789682722,780500,0,,single
1789682724,1071290,1,,single
1789682725,1321270,2,,single
1789682727,325730,0,,single
1789682729,461010,0,,single
1789682730,921700,70,,single
1789682731,1568620,0,,single
1789682733,1581040,5,,single
1789682735,2072840,5,,single
1789682736,2347940,2,,single
1789682738,3311560,0,,single
1789682739,2276830,7,,single
1789682741,2998970,1,,single
1789682742,1579020,0,,single
1789682744,893020,0,,single
1789682745,1641700,19,,single
1789682747,683940,1,,single
1789682748,867180,1,,single
1789682750,2510890,0,,single
1789682751,1303740,0,,single
1789682753,926540,1,,single
1789682754,1288900,0,,single
1789682756,546980,0,,single
1789682757,1516080,0,,single
1789682759,1213670,37,,single
1789682760,801290,2,,single
1789682762,349250,1,,single
1789682764,386770,1,,single
1789682765,1542810,1,,single
1789682768,407780,0,,single
1789682769,1575980,0,,single
1789682771,1277130,0,,single
1789682772,557260,0,,single
1789682774,569810,0,,single
1789682775,530020,1,,single
1789682776,1131920,12,,single
1789682778,1016860,0,,single
1789682780,2775370,6,,single
1789682781,431500,0,,single
1789682782,10110,8,,single
1789682784,574140,1,,single
1789682786,2716930,8,,single
1789682787,914430,0,,single
1789682789,1148560,2,,single
1789682790,1056970,0,,single
1789682792,1508570,3,,single
1789682794,492290,0,,single
1789682795,1788850,1,,single
1789682797,394280,0,,single
1789682798,223430,0,,single
1789682800,1055990,1,,single
1789682801,1740240,0,,single
1789682803,412600,0,,single
1789682804,2577760,3,,single
1789682806,1929360,0,,single
1789682807,355920,0,,single
1789682809,1771360,1,,single
1789682810,545820,1,,single
1789682812,1543710,0,,single
1789682813,424000,0,,single
1789682815,1229020,0,,single
1789682816,291170,2,,single
1789682818,288370,1,,single
1789682820,959880,0,,single
1789682821,99400,0,,single
1789682823,447270,0,,single
1789682824,42850,12,,single
1789682826,377460,2,,single
1789682827,1078490,0,,single
1789682829,1392340,1,,single
1789682830,326950,0,,single
1789682832,1045580,0,,single
1789682833,1895810,0,,single
1789682835,940310,1,,single
1789682837,3265880,0,,single
1789682838,696360,1,,single
1789682840,1854980,1,,single
1789682841,2123140,0,,single
1789682843,402390,0,,single
1789682844,2289560,0,,single
1789682846,2850310,4,,single
1789682847,476540,0,,single
1789682849,351140,0,,single
1789682850,338800,9,,single
1789682852,1913420,1,,single
1789682853,279640,0,,single
1789682855,758410,0,,single
1789682856,2458940,4,,single
1789682858,2380340,1,,single
1789682860,1233800,2,,single
1789682861,2101130,0,,single
1789682863,2424650,1,,single
1789682864,445770,8,,single
1789682866,217270,0,,single
1789682867,1830870,0,,single
1789682869,837590,0,,single
1789682870,2244470,7,,single
1789682872,403510,0,,single
1789682873,1958600,0,,single
1789682875,2095290,0,,single
1789682876,1042670,0,,single
1789682878,1919720,0,,single
1789682879,65530,2,,single
1789682881,429600,0,,single
1789682883,2473640,0,,single
1789682884,1174720,0,,single
1789682886,567060,0,,single
1789682887,341950,22,,single
1789682889,501760,1,,single
1789682890,1068640,1,,single
1789682892,965590,5,,single
1789682893,775580,0,,single
1789682895,928990,1,,single
1789682896,2789130,1,,single
1789682898,1523650,0,,single
1789682899,2658720,5,,single
1789682901,761350,0,,single
1789682902,1575710,1,,single
1789682904,436230,0,,single
1789682906,371550,0,,single
1789682907,915230,0,,single
1789682909,809730,0,,single
1789682910,1769980,0,,single
1789682912,340320,0,,single
1789682913,2788360,0,,single
1789682915,290060,0,,single
1789682916,1018000,0,,single
1789682918,1377540,0,,single
1789682919,351480,1,,single
1789682921,1212410,0,,single
1789682922,1790370,0,,single
1789682924,1512940,7,,single
1789682925,1842730,2,,single
1789682927,1714250,2,,single
1789682928,887400,0,,single
1789682930,956240,8,,single
1789682931,1111940,5,,single
1789682933,332490,5,,single
1789682934,386970,1,,single
1789682936,1078320,0,,single
1789682938,2375780,284,,single
1789682939,1515890,2,,single
1789682941,1191660,0,,single
1789682942,61510,12,,single
1789682944,1324070,0,,single
1789682946,237570,0,,single
1789682947,1507720,2,,single
1789682949,889770,0,,single
1789682951,1203360,1,,single
1789682952,611120,1,,single
1789682953,1348690,1,,single
1789682955,1547380,3,,single
1789682957,1028860,11,,single
1789682958,693580,1,,single
1789682960,458920,0,,single
1789682961,1095120,3,,single
1789682963,1461920,0,,single
1789682964,1386650,0,,single
1789682966,466730,0,,single
1789682968,1177130,0,,single
1789682969,736810,3,,single
1789682971,1647920,2,,single
1789682972,485860,0,,single
1789682974,1243890,0,,single
1789682975,343090,1,,single
1789682977,730410,0,,single
1789682979,542590,7,,single
1789682980,1444020,0,,single
1789682982,2264020,1,,single
1789682983,1013540,7,,single
1789682985,2082350,1,,single
1789682987,380140,4,,single
1789682988,343070,0,,single
1789682990,1435010,1,,single
1789682991,235520,0,,single
1789682993,292370,1,,single
1789682995,2531950,1,,single
1789682996,2131010,1,,single
1789682998,434610,1,,single
1789683000,666820,3,,single
1789683001,1617030,0,,single
1789683003,603100,0,,single
1789683005,647740,0,,single
1789683006,1768780,1,,single
1789683008,2359470,29,,single
1789683009,377310,2,,single
1789683011,812560,2,,single
1789683013,622460,2,,single
1789683014,730430,0,,single
1789683015,369290,6,,single
1789683017,844920,0,,single
1789683019,280930,1,,single
1789683020,2572560,0,,single
1789683022,2544990,0,,single
1789683023,402120,0,,single
1789683025,46290,0,,single
1789683026,1736550,0,,single
1789683028,512160,0,,single
1789683029,2196980,4,,single
1789683031,1547160,0,,single
1789683032,440740,0,,single
1789683034,1089840,0,,single
1789683035,2070850,0,,single
1789683037,658590,1,,single
1789683039,600610,1,,single
1789683040,2155770,1,,single
1789683042,785840,1,,single
1789683043,341190,0,,single
1789683045,1865960,2,,single
1789683046,1399240,0,,single
1789683048,1600900,0,,single
1789683049,454950,1,,single
1789683051,532320,4,,single
1789683052,1205480,7,,single
1789683054,1005120,1,,single
1789683055,2529770,0,,single
1789683057,2929540,0,,single
1789683058,611750,0,,single
1789683060,1099500,0,,single
1789683062,822760,2,,single
1789683063,868150,2,,single
1789683065,392070,0,,single
1789683067,467950,0,,single
1789683069,368080,0,,single
1789683071,1502990,4,,single
1789683072,922100,1,,single
1789683074,2722360,3,,single
1789683076,2544570,1,,single
1789683077,1261180,2,,single
1789683079,1155880,4,,single
1789683080,32310,3,,single
1789683082,823610,4,,single
1789683084,361320,2,,single
1789683085,1386890,4,,single
1789683087,347170,0,,single
1789683088,1740850,0,,single
1789683090,486360,0,,single
1789683091,3110010,1,,single
1789683093,409600,2,,single
1789683095,31100,1,,single
1789683096,230330,26,,single
1789683098,767420,2,,single
1789683099,15380,24,,single
1789683101,916900,0,,single
1789683102,26000,0,,single
1789683104,2374190,5,,single
1789683106,2786830,0,,single
1789683107,2935840,0,,single
1789683109,280600,0,,single
1789683110,2892000,0,,single
1789683112,687540,1,,single
1789683113,1097100,0,,single
1789683115,500500,2,,single
1789683116,1348180,1,,single
1789683118,1921780,3,,single
1789683119,1016770,2,,single
1789683121,409320,0,,single
1789683123,2710950,0,,single
1789683124,3048280,5,,single
1789683126,363950,0,,single
1789683127,636570,1,,single
1789683129,1902850,2,,single
1789683130,1385780,1,,single
1789683132,1832950,2,,single
1789683133,792660,20,,single
1789683135,2494720,1,,single
1789683136,704860,0,,single
1789683138,310490,0,,single
1789683139,715580,1,,single
1789683141,1010600,0,,single
1789683142,1015920,0,,single
1789683144,337350,0,,single
1789683145,488660,0,,single
1789683147,562520,2,,single
1789683148,42140,0,,single
1789683150,2545,0,,single
1789683152,2550,3,,single
1789683153,2406180,2,,single
1789683155,392820,0,,single
1789683156,1281200,1,,single
1789683158,912370,0,,single
1789683159,2003050,0,,single
1789683160,245050,3,,single
1789683162,1185780,0,,single
1789683163,1042920,2,,single
1789683165,360970,0,,single
1789683167,388450,1,,single
1789683168,1190130,0,,single
1789683170,1630590,7,,single
1789683171,1516400,5,,single
1789683173,2770160,3,,single
1789683174,1070790,0,,single
1789683176,513320,0,,single
1789683177,1056720,0,,single
1789683179,660920,0,,single
1789683180,355520,0,,single
1789683182,1115450,1,,single
1789683183,1618290,18,,single
1789683185,742490,3,,single
1789683186,485950,0,,single
1789683188,1594400,0,,single
1789683189,1532710,0,,single
1789683191,1349600,0,,single
1789683192,431750,2,,single
1789683194,427780,0,,single
1789683195,286280,0,,single
1789683197,2715590,0,,single
1789683199,341150,1,,single
1789683200,205690,0,,single
1789683202,2064490,0,,single
1789683203,4870,15,,single
1789683205,936180,8,,single
1789683206,1151740,0,,single
1789683208,70900,0,,single
1789683209,2204170,0,,single
1789683211,657280,4,,single
1789683212,491220,1,,single
1789683214,1641890,0,,single
1789683215,306630,13,,single
1789683217,2707040,0,,single
1789683218,1870320,0,,single
1789683220,949050,12,,single
1789683221,421060,0,,single
1789683223,489560,7,,single
1789683224,989790,2,,single
1789683226,1627890,0,,single
1789683227,1106940,0,,single
1789683229,2709940,0,,single
1789683231,2432100,0,,single
1789683232,2412490,0,,single
1789683234,1073220,0,,single
1789683235,1717510,0,,single
1789683237,441280,0,,single
1789683238,730840,3,,single
1789683240,2218970,66,,single
1789683241,2010370,0,,single
1789683243,324760,1,,single
1789683245,1031440,0,,single
1789683246,23500,1,,single
1789683247,2289390,0,,single
1789683249,2888120,597,,single
1789683250,3180240,3,,single
1789683252,926310,0,,single
1789683253,1658930,1,,single
1789683255,294540,13,,single
1789683256,11050,2,,single
1789683258,1163070,2,,single
1789683259,211970,0,,single
1789683261,857350,6,,single
1789683262,44690,0,,single
1789683264,1564540,1,,single
1789683265,2488340,4,,single
1789683267,809310,1,,single
1789683268,603020,0,,single
1789683270,771810,0,,single
1789683271,46400,0,,single
1789683273,411120,0,,single
1789683274,1161160,0,,single
1789683276,338120,3,,single
1789683277,553480,0,,single
1789683278,2761610,2,,single
1789683280,209690,6,,single
1789683281,390200,0,,single
1789683283,252890,4,,single
1789683284,292230,1,,single
1789683286,2205750,0,,single
1789683287,828960,1,,single
1789683289,442290,0,,single
1789683290,1395850,2,,single
1789683292,420660,0,,single
1789683293,536040,0,,single
1789683295,1163600,0,,single
1789683296,2506480,19,,single
1789683298,2321880,0,,single
1789683300,2288070,2,,single
1789683301,2132560,3,,single
1789683303,397720,5,,single
1789683304,834150,0,,single
1789683306,1194700,1,,single
1789683307,1548750,0,,single
1789683309,889080,2,,single
1789683310,2176900,1,,single
1789683312,944770,93,,single
1789683313,344860,0,,single
1789683315,1231460,0,,single
1789683316,1300600,0,,single
1789683318,452860,2,,single
1789683319,1223910,5,,single
1789683321,544310,0,,single
1789683323,1259380,5,,single
1789683324,1876730,0,,single
1789683326,550670,0,,single
1789683327,304170,0,,single
1789683329,238890,0,,single
1789683330,264520,1,,single
1789683332,434510,1,,single
1789683333,350700,7,,single
1789683335,2259210,5,,single
1789683336,796860,0,,single
1789683338,2754170,0,,single
1789683340,467390,1,,single
1789683341,1179560,0,,single
1789683343,1477770,0,,single
1789683344,415830,1,,single
1789683346,608120,0,,single
1789683347,326120,0,,single
1789683349,1793030,16,,single
1789683351,504000,2,,single
1789683352,2111090,0,,single
1789683354,573770,0,,single
1789683355,1322290,0,,single
1789683357,1789650,0,,single
1789683358,2276420,0,,single
1789683360,1666510,0,,single
1789683361,1126750,0,,single
1789683363,1708190,1,,single
1789683365,1314820,66,,single
1789683367,1066180,0,,single
1789683369,1787790,0,,single
1789683371,577460,0,,single
1789683373,1580150,1,,single
1789683374,2701350,1,,single
1789683376,2449430,2,,single
1789683377,915490,0,,single
1789683379,622890,0,,single
1789683380,461880,4,,single
1789683382,1334840,0,,single
1789683383,584100,2,,single
1789683385,1696720,2,,single
1789683386,377260,0,,single
1789683388,701870,1,,single
1789683389,3064670,1,,single
1789683391,2508980,0,,single
1789683393,1131900,0,,single
1789683394,856880,2,,single
1789683396,1865930,7,,single
1789683397,606370,7,,single
1789683399,477290,0,,single
1789683400,541930,0,,single
1789683402,599560,1,,single
1789683403,1338250,0,,single
1789683405,2149420,1,,single
1789683406,369030,1,,single
1789683408,449250,0,,single
1789683409,408640,0,,single
1789683411,1400870,2,,single
1789683412,375010,0,,single
1789683414,481180,0,,single
1789683415,496190,0,,single
1789683417,907210,0,,single
1789683418,1535100,1,,single
1789683420,912450,3,,single
1789683421,1856480,2,,single
1789683423,2928700,0,,single
1789683424,3122990,0,,single
1789683426,910450,5,,single
1789683427,1188080,1,,single
1789683429,382420,0,,single
1789683430,741990,0,,single
1789683432,322970,0,,single
1789683434,568720,1,,single
1789683435,458830,2,,single
1789683437,274480,0,,single
1789683438,2146570,0,,single
1789683440,1694750,1,,single
1789683441,2453610,0,,single
1789683443,959860,0,,single
1789683445,42210,3,,single
1789683446,989550,1,,single
1789683448,373750,2,,single
1789683449,2125420,1,,single
1789683451,1188970,0,,single
1789683452,2189640,0,,single
1789683454,473140,0,,single
1789683455,1080010,1,,single
1789683457,1142810,1,,single
1789683458,280640,0,,single
1789683460,2487390,0,,single
1789683462,1150730,0,,single
1789683463,1491640,0,,single
1789683465,1361860,0,,single
1789683466,1431240,3,,single
1789683468,338530,0,,single
1789683469,716260,0,,single
1789683470,383330,0,,single
1789683472,467760,1,,single
1789683473,1140570,0,,single
1789683475,2786100,0,,single
1789683476,2393770,7,,single
1789683478,406940,0,,single
1789683480,251910,0,,single
1789683481,528160,0,,single
1789683483,200670,0,,single
1789683484,490860,0,,single
1789683486,1134480,3,,single
1789683487,1886830,0,,single
1789683489,1946430,2,,single
1789683491,1122040,0,,single
1789683492,1015730,2,,single
1789683494,1530340,59,,single
1789683495,237470,2,,single
1789683497,605830,0,,single
1789683498,622680,0,,single
1789683500,1399750,3,,single
1789683502,1925970,0,,single
1789683503,515570,7,,single
1789683505,2310160,0,,single
1789683506,2626970,0,,single
1789683508,3162110,0,,single
1789683510,337850,3,,single
1789683511,691830,6,,single
1789683513,1770050,5,,single
1789683514,2285820,8,,single
1789683516,1883580,3,,single
1789683517,404820,2,,single
1789683519,1363360,0,,single
1789683520,966530,0,,single
1789683522,15240,11,,single
1789683524,344190,0,,single
1789683525,2765460,0,,single
1789683527,292160,3,,single
1789683528,444160,0,,single
1789683530,1197220,0,,single
1789683531,364910,0,,single
1789683533,273620,1,,single
1789683534,1585540,0,,single
1789683536,536560,1,,single
1789683538,925460,1,,single
1789683539,2452920,0,,single
1789683541,454200,0,,single
1789683542,964040,9,,single
1789683544,1627840,1,,single
1789683545,223000,1,,single
1789683547,623700,0,,single
1789683548,399520,0,,single
1789683550,1453790,1,,single
1789683551,2930320,2,,single
1789683553,468070,11,,single
1789683554,294530,9,,single
1789683556,3057760,1,,single
1789683557,1587710,0,,single
1789683559,2019300,139,,single
1789683560,302310,0,,single
1789683562,1739070,2,,single
1789683563,424780,10,,single
1789683565,1489410,0,,single
1789683566,1074190,0,,single
1789683568,2220870,2,,single
1789683569,1372000,1,,single
1789683571,612620,0,,single
1789683572,764230,2,,single
1789683574,1717270,1,,single
1789683575,2304640,2,,single
1789683577,299070,1,,single
1789683578,283600,1,,single
1789683580,1481440,6,,single
1789683581,294830,1,,single
1789683583,2655580,1,,single
1789683584,1729940,1,,single
1789683586,18120,0,,single
1789683587,1508750,1,,single
1789683589,1659210,1,,single
1789683590,500580,0,,single
1789683592,1702390,23,,single
1789683593,686440,0,,single
1789683595,271550,0,,single
1789683596,334030,0,,single
1789683598,4520,1,,single
1789683599,1460040,0,,single
1789683601,386870,1,,single
1789683602,949600,3,,single
1789683603,200550,1,,single
1789683605,285130,0,,single
1789683607,1650550,0,,single
1789683608,754620,1,,single
1789683610,451920,0,,single
1789683611,928390,0,,single
1789683613,1337530,1,,single
1789683614,760330,0,,single
1789683616,1716940,1,,single
1789683617,1253880,1,,single
1789683619,335700,0,,single
1789683620,703880,0,,single
1789683622,1122690,1,,single
1789683623,32770,5,,single
1789683624,968550,0,,single
1789683626,2387110,1,,single
1789683627,761700,3,,single
1789683629,687590,0,,single
1789683630,606960,2,,single
1789683632,1829470,2,,single
1789683634,251210,0,,single
1789683635,1862840,1,,single
1789683637,606480,0,,single
1789683638,1735980,0,,single
1789683639,1546440,1,,single
1789683641,754350,1,,single
1789683642,516130,0,,single
1789683644,2693460,0,,single
1789683645,446990,1,,single
1789683647,244410,1,,single
1789683648,741590,1,,single
1789683650,98500,1,,single
1789683651,1725340,3,,single
1789683653,1369770,1,,single
1789683655,676760,0,,single
1789683656,581520,2,,single
1789683658,1330890,2,,single
1789683659,32750,1,,single
1789683662,1887020,0,,single
1789683663,1452500,4,,single
1789683664,1448000,0,,single
1789683666,946990,1,,single
1789683669,1550840,0,,single
1789683671,1379970,0,,single
1789683673,347400,5,,single
1789683674,334190,0,,single
1789683676,1671550,0,,single
1789683677,1998330,1,,single
1789683679,413680,0,,single
1789683680,317320,1,,single
1789683682,1279260,1,,single
1789683683,1583500,6,,single
1789683685,254840,0,,single
1789683686,1972410,0,,single
1789683688,1301220,0,,single
1789683689,285090,0,,single
1789683690,331980,0,,single
1789683692,38230,1,,single
1789683694,1818180,4,,single
1789683695,1257170,0,,single
1789683696,1788780,1,,single
1789683698,966670,0,,single
1789683699,362400,0,,single
1789683701,1368850,10,,single
1789683702,741430,1,,single
1789683704,828580,0,,single
1789683705,2054740,1,,single
1789683707,733740,0,,single
1789683708,590910,0,,single
1789683710,831570,1,,single
1789683711,8890,0,,single
1789683713,226820,6,,single
1789683714,404690,0,,single
1789683716,529950,0,,single
1789683717,981590,7,,single
1789683719,1200110,1,,single
1789683720,33950,2,,single
1789683722,18050,0,,single
1789683723,704640,4,,single
1789683725,1021670,0,,single
1789683726,673190,1,,single
1789683728,1460750,0,,single
1789683729,1094060,0,,single
1789683731,570420,2,,single
1789683732,389870,2,,single
1789683734,438920,0,,single
1789683735,361690,0,,single
1789683737,924650,0,,single
1789683738,1528810,2,,single
1789683740,599000,4,,single
1789683741,1266100,2,,single
1789683743,780750,1,,single
1789683744,1010270,0,,single
1789683746,9710,0,,single
1789683747,2152990,2,,single
1789683749,2055500,0,,single
1789683750,1425730,3,,single
1789683752,968760,2,,single
1789683753,324710,0,,single
1789683755,1114420,48,,single
1789683756,341540,1,,single
1789683758,1098100,0,,single
1789683760,1413990,1,,single
1789683761,447190,1,,single
1789683763,710600,0,,single
1789683764,260650,2,,single
1789683766,1169100,3,,single
1789683767,1726760,1,,single
1789683769,926860,0,,single
1789683770,1132030,0,,single
1789683772,1785910,1,,single
1789683773,2524480,0,,single
1789683775,853860,0,,single
1789683776,537520,0,,single
1789683778,677020,1,,single
1789683779,408110,1,,single
1789683781,377360,0,,single
1789683782,551370,2,,single
1789683784,263460,0,,single
1789683785,1183500,0,,single
1789683787,1830910,1,,single
1789683788,304690,8,,single
1789683790,2307220,3,,single
1789683791,2553960,0,,single
1789683793,586310,0,,single
1789683794,1210610,0,,single
1789683796,416190,4,,single
1789683797,2018640,0,,single
1789683799,1572420,0,,single
1789683800,1217830,0,,single
1789683802,1156730,1,,single
1789683803,1803600,0,,single
1789683805,277520,0,,single
1789683806,1561890,1,,single
1789683808,291190,1,,single
1789683809,397390,1,,single
1789683811,1420810,1,,single
1789683812,458660,0,,single
1789683814,435490,0,,single
1789683815,594050,1,,single
1789683817,462940,16,,single
1789683818,37210,5,,single
1789683820,875800,1,,single
1789683821,751640,0,,single
1789683823,1102880,2,,single
1789683824,539450,0,,single
1789683826,424200,0,,single
1789683828,869840,0,,single
1789683829,950050,2,,single
1789683831,1598370,0,,single
1789683832,1124080,0,,single
1789683834,528730,0,,single
1789683835,1265230,0,,single
1789683837,2055410,0,,single
1789683839,564010,3,,single
1789683840,1885690,2,,single
1789683842,386690,0,,single
1789683843,495350,0,,single
1789683844,288220,1,,single
1789683846,857060,0,,single
1789683847,359190,0,,single
1789683849,2254910,0,,single
1789683850,873890,1,,single
1789683852,1876460,2,,single
1789683853,323780,0,,single
1789683855,691390,0,,single
1789683856,684270,0,,single
1789683858,652810,3,,single
1789683859,1491490,3,,single
1789683861,796290,0,,single
1789683862,1015940,0,,single
1789683864,1714580,3,,single
1789683866,289820,0,,single
1789683867,392970,0,,single
1789683869,922710,0,,single
1789683870,356270,2,,single
1789683872,381870,2,,single
1789683873,1458900,2,,single
1789683874,1293650,0,,single
1789683876,1033410,16,,single
1789683878,1610,17,,single
1789683879,816430,0,,single
1789683881,253790,0,,single
1789683882,451980,0,,single
1789683884,1558990,2,,single
1789683885,1457630,2,,single
1789683887,1524550,2,,single
1789683888,1933990,4,,single
1789683890,675940,1,,single
1789683891,2334780,0,,single
1789683893,886820,2,,single
1789683894,396280,0,,single
1789683896,1770400,2,,single
1789683897,704360,0,,single
1789683899,291030,0,,single
1789683900,1152810,0,,single
1789683902,536780,0,,single
1789683903,415920,0,,single
1789683905,311860,0,,single
1789683907,1674640,1,,single
1789683908,1236780,1,,single
1789683910,1859370,7,,single
1789683911,299110,0,,single
1789683913,415840,0,,single
1789683914,1114870,1,,single
1789683916,626660,1,,single
1789683917,400580,0,,single
1789683919,2443780,1,,single
1789683920,656510,1,,single
1789683922,338130,2,,single
1789683923,1018680,34,,single
1789683925,977570,0,,single
1789683927,342190,0,,single
1789683928,461170,0,,single
1789683930,512020,0,,single
1789683931,9850,2,,single
1789683933,1091320,0,,single
1789683934,283410,0,,single
1789683936,686720,3,,single
1789683937,1325470,0,,single
1789683939,833140,6,,single
1789683940,710780,1,,single
1789683942,491650,0,,single
1789683943,11550,1,,single
1789683945,787110,0,,single
1789683946,1333410,2,,single
1789683948,1055850,0,,single
1789683950,464850,2,,single
1789683951,749800,2,,single
1789683953,1480480,1,,single
1789683954,741150,11,,single
1789683956,300630,2,,single
1789683957,872680,2,,single
1789683959,1373930,1,,single
1789683960,1508740,0,,single
1789683962,1023690,1,,single
1789683964,628900,2,,single
1789683965,678970,1,,single
1789683967,312640,0,,single
1789683969,1243130,0,,single
1789683970,1058270,1,,single
1789683972,385150,3,,single
1789683973,733800,0,,single
1789683975,1054710,1,,single
1789683976,362090,0,,single
1789683978,299340,0,,single
1789683980,1165860,9,,single
1789683981,497580,0,,single
1789683983,751060,2,,single
1789683984,364210,0,,single
1789683986,1065940,2,,single
1789683987,333430,1,,single
1789683989,369830,1,,single
1789683990,1469160,15,,single
1789683992,938810,0,,single
1789683993,2320910,0,,single
1789683995,496450,7,,single
1789683996,1931240,1,,single
1789683998,589670,0,,single
1789683999,1781350,3,,single
1789684001,358830,0,,single
1789684002,245410,9,,single
1789684004,277700,0,,single
1789684006,1666250,0,,single
1789684007,251410,0,,single
1789684008,31840,5,,single
1789684010,94620,0,,single
1789684011,1155120,1,,single
1789684013,2422090,23,,single
1789684014,1494110,0,,single
1789684016,2445390,0,,single
1789684017,1837580,0,,single
1789684019,2022290,0,,single
1789684020,809250,0,,single
1789684022,734550,0,,single
1789684023,1656640,0,,single
1789684025,46750,0,,single
1789684026,266030,0,,single
1789684028,46570,0,,single
1789684030,953900,3,,single
1789684031,1669360,0,,single
1789684033,31850,5,,single
1789684034,738610,0,,single
1789684036,496350,1,,single
1789684037,673850,0,,single
1789684039,450700,0,,single
1789684041,1393500,13,,single
1789684042,245430,10,,single
1789684044,2251620,2,,single
1789684045,615400,0,,single
1789684047,517360,0,,single
1789684048,349140,0,,single
1789684050,361380,2,,single
1789684052,925940,7,,single
1789684053,1147330,1,,single
1789684055,560720,1,,single
1789684056,1387500,1,,single
1789684058,1471530,0,,single
1789684059,202670,6,,single
1789684061,1316800,0,,single
1789684062,514090,0,,single
1789684064,1704080,0,,single
1789684065,960740,0,,single
1789684067,1828690,0,,single
1789684068,306490,2,,single
1789684070,1202970,0,,single
1789684072,1895630,59,,single
1789684073,2004440,0,,single
1789684075,42980,3,,single
1789684076,1304090,0,,single
1789684078,1141120,0,,single
1789684079,2099790,0,,single
1789684081,240620,0,,single
1789684082,508530,0,,single
1789684084,613450,0,,single
1789684086,539330,0,,single
1789684087,1156590,1,,single
1789684089,1719660,1,,single
1789684090,1988940,0,,single
1789684092,337940,0,,single
1789684093,39660,2,,single
1789684095,1009450,0,,single
1789684096,1849890,0,,single
1789684098,1728660,0,,single
1789684099,494600,0,,single
1789684101,25910,10,,single
1789684102,1183030,0,,single
1789684104,558790,0,,single
1789684106,506510,0,,single
1789684107,1240230,2,,single
1789684109,1057780,1,,single
1789684110,1054580,4,,single
1789684112,1293040,0,,single
1789684113,1308500,0,,single
1789684115,1005400,0,,single
1789684116,1184560,0,,single
1789684118,330720,2,,single
1789684119,2362420,21,,single
1789684121,780100,18,,single
1789684123,1872790,0,,single
1789684124,701720,0,,single
1789684126,880220,0,,single
1789684127,1081670,0,,single
1789684129,1812180,0,,single
1789684130,593620,0,,single
1789684132,351250,1,,single
1789684134,208110,1,,single
1789684135,2377420,2,,single
1789684137,253350,0,,single
1789684138,805870,0,,single
1789684140,289440,1,,single
1789684141,839420,0,,single
1789684143,346950,0,,single
1789684144,689070,0,,single
1789684146,889700,1,,single
1789684147,296730,0,,single
1789684149,446040,0,,single
1789684150,1182830,0,,single
1789684152,514580,0,,single
1789684153,1277500,0,,single
1789684155,2348650,0,,single
1789684156,2216600,2,,single
1789684158,1073810,1,,single
1789684159,1406020,1,,single
1789684161,651470,1,,single
1789684163,1198740,0,,single
1789684164,680830,0,,single
1789684166,368160,1,,single
1789684167,1067720,1,,single
1789684169,366280,1,,single
1789684170,1306570,0,,single
1789684172,838410,2,,single
1789684173,300340,0,,single
1789684175,866420,1,,single
1789684176,2516360,1,,single
1789684178,977500,0,,single
1789684179,347950,14,,single
1789684181,493060,0,,single
1789684183,1442160,0,,single
1789684184,709840,4,,single
1789684186,512080,0,,single
1789684187,1476350,0,,single
1789684189,640340,2,,single
1789684190,399420,0,,single
1789684192,1079000,0,,single
1789684193,737870,2,,single
1789684195,734330,5,,single
1789684196,507380,1,,single
1789684198,904400,0,,single
1789684199,342490,0,,single
1789684201,2142330,2,,single
1789684202,557680,1,,single
1789684204,2114370,0,,single
1789684205,1660860,0,,single
1789684207,615770,4,,single
1789684209,1170370,0,,single
1789684210,679660,0,,single
1789684212,1046230,0,,single
1789684213,1056690,0,,single
1789684215,1603420,0,,single
1789684216,1013910,0,,single
1789684218,1717020,3,,single
1789684219,874460,0,,single
1789684221,1461200,2,,single
1789684222,964130,4,,single
1789684224,291930,0,,single
1789684226,532770,0,,single
1789684227,2400880,3,,single
1789684229,1745690,2,,single
1789684230,1383630,0,,single
1789684232,1454160,2,,single
1789684233,1109160,0,,single
1789684235,312790,1,,single
1789684236,2336590,0,,single
1789684238,1553320,0,,single
1789684240,204940,2,,single
1789684241,821610,2,,single
1789684243,262210,0,,single
1789684244,744050,1,,single
1789684246,521230,0,,single
1789684247,1173590,2,,single
1789684249,1240480,1,,single
1789684251,1918300,0,,single
1789684252,1540220,1,,single
1789684254,1972820,10,,single
1789684255,1975670,0,,single
1789684257,584800,0,,single
1789684258,1431350,1,,single
1789684260,2124470,1,,single
1789684261,794270,0,,single
1789684263,595460,1,,single
1789684264,1431040,0,,single
1789684266,621810,1,,single
1789684267,1270010,0,,single
1789684269,1851020,0,,single
1789684272,695600,0,,single
1789684273,403860,0,,single
1789684275,491260,0,,single
1789684276,1811600,3,,single
1789684278,1807930,2,,single
1789684279,12480,0,,single
1789684281,1066110,47,,single
1789684282,444970,3,,single
1789684284,1492160,0,,single
1789684285,436260,0,,single
1789684287,573600,0,,single
1789684289,289500,1,,single
1789684290,420180,0,,single
1789684292,1074030,1,,single
1789684293,834450,0,,single
1789684295,1287590,3,,single
1789684296,1424870,0,,single
1789684298,785880,0,,single
1789684299,578590,0,,single
1789684301,1171660,0,,single
1789684302,32760,1,,single
1789684303,1640320,0,,single
1789684305,1066860,11,,single
1789684306,1352740,0,,single
1789684308,1273220,1,,single
1789684310,613670,0,,single
1789684311,12390,1,,single
1789684313,1882240,17,,single
1789684314,1786010,0,,single
1789684316,2250550,13,,single
1789684317,1063790,1,,single
1789684319,396850,1,,single
1789684320,1700630,0,,single
1789684322,1185490,1,,single
1789684323,1838970,5,,single
1789684325,637060,0,,single
1789684326,844040,0,,single
1789684328,1399700,0,,single
1789684329,200130,2,,single
1789684331,666940,1,,single
1789684332,1282760,1,,single
1789684334,1461030,3,,single
1789684335,970840,0,,single
1789684337,1094920,0,,single
1789684338,369040,0,,single
1789684340,600630,0,,single
1789684341,626600,2,,single
1789684343,545580,0,,single
1789684344,320610,0,,single
1789684346,934850,0,,single
1789684347,11260,2,,single
1789684348,659500,3,,single
1789684350,423900,0,,single
1789684351,395560,1,,single
1789684353,555290,0,,single
1789684355,448630,0,,single
1789684356,1145630,0,,single
1789684358,1808130,0,,single
1789684359,856890,0,,single
1789684361,1480810,2,,single
1789684362,1319550,0,,single
1789684364,344500,0,,single
1789684365,428200,0,,single
1789684367,411980,6,,single
1789684368,450950,0,,single
1789684370,4460,1,,single
1789684371,2303800,1,,single
1789684373,1649630,0,,single
1789684374,1300700,1,,single
1789684376,990250,0,,single
1789684377,315850,0,,single
1789684379,1550870,1,,single
1789684380,1249010,0,,single
1789684382,858040,1,,single
1789684383,1562910,0,,single
1789684384,31880,4,,single
1789684386,2007930,0,,single
1789684387,2297010,8,,single
1789684389,355270,0,,single
1789684390,1058690,1,,single
1789684392,809000,1,,single
1789684393,1129250,0,,single
1789684395,396890,0,,single
1789684396,446000,0,,single
1789684398,555710,0,,single
1789684399,1247940,0,,single
1789684401,2000090,2,,single
1789684403,1307870,0,,single
1789684404,313870,2,,single
1789684406,204440,0,,single
1789684407,576480,0,,single
1789684409,454530,11,,single
1789684410,35300,2,,single
1789684411,1836030,0,,single
1789684413,1709350,0,,single
1789684414,366290,2,,single
1789684416,1160360,0,,single
1789684417,808010,0,,single
1789684419,378300,0,,single
1789684420,1046660,0,,single
1789684422,681110,0,,single
1789684423,657040,0,,single
1789684424,2562240,0,,single
1789684426,574260,2,,single
1789684428,1379600,1,,single
1789684429,2398940,0,,single
1789684431,1750110,0,,single
1789684432,556160,0,,single
1789684433,1233540,1,,single
1789684435,1947530,1,,single
1789684436,31820,5,,single
1789684438,1882280,45,,single
1789684439,2402310,2,,single
1789684441,1878070,1,,single
1789684442,1388580,1,,single
1789684444,1451870,0,,single
1789684446,356910,2,,single
1789684447,1597290,0,,single
1789684449,870690,2,,single
1789684450,533970,0,,single
1789684452,720660,0,,single
1789684453,1433950,1,,single
1789684454,513740,0,,single
1789684456,4530,0,,single
1789684458,348440,1,,single
1789684459,2644010,3,,single
1789684461,1298080,1,,single
1789684462,331880,1,,single
1789684464,2486930,2,,single
1789684465,517330,0,,single
1789684467,815000,0,,single
1789684469,331790,1,,single
1789684470,1041210,2,,single
1789684471,1848130,0,,single
1789684473,603700,0,,single
1789684474,1707870,1,,single
1789684476,714250,0,,single
1789684478,650490,0,,single
1789684479,450140,9,,single
1789684480,447200,0,,single
1789684482,834880,0,,single
1789684484,2293420,0,,single
1789684485,451130,6,,single
1789684487,816270,0,,single
1789684488,1436920,0,,single
1789684490,384690,1,,single
1789684491,1346720,1,,single
1789684493,950300,0,,single
1789684494,262240,0,,single
1789684496,1803410,0,,single
1789684497,260330,0,,single
1789684499,817020,2,,single
1789684500,1015710,0,,single
1789684502,1185600,0,,single
1789684504,1038810,2,,single
1789684505,2265310,0,,single
1789684507,1086860,1,,single
1789684508,541310,0,,single
1789684510,1012460,1,,single
1789684511,358360,1,,single
1789684513,2093900,0,,single
1789684514,1532460,0,,single
1789684516,861270,0,,single
1789684517,1608560,0,,single
1789684519,1361110,0,,single
1789684520,575860,0,,single
1789684522,2297650,0,,single
1789684524,1341170,3,,single
1789684525,771240,0,,single
1789684527,1814490,0,,single
1789684528,23300,0,,single
1789684529,330100,0,,single
1789684531,2527660,0,,single
1789684533,587180,0,,single
1789684534,1326270,0,,single
1789684536,853200,1,,single
1789684537,1662570,0,,single
1789684539,2560530,0,,single
1789684540,527160,0,,single
1789684542,275810,11,,single
1789684543,2310300,0,,single
1789684545,1509230,0,,single
1789684546,610860,0,,single
1789684548,1034850,0,,single
1789684549,1325800,2,,single
1789684551,751590,0,,single
1789684552,748610,7,,single
1789684554,489930,1,,single
1789684555,65500,0,,single
1789684557,302470,0,,single
1789684558,281060,9,,single
1789684560,40340,2,,single
1789684562,846730,1,,single
1789684564,1523390,0,,single
1789684565,1777750,1,,single
1789684567,457890,0,,single
1789684569,311910,1,,single
1789684571,574270,1,,single
1789684573,287720,0,,single
1789684574,1154120,1,,single
1789684576,788210,0,,single
1789684578,434430,0,,single
1789684579,15160,0,,single
1789684581,1475460,0,,single
1789684582,523150,1,,single
1789684584,7730,0,,single
1789684585,2342030,17,,single
1789684587,1229420,1,,single
1789684588,1153210,3,,single
1789684590,570490,3,,single
1789684592,2018130,0,,single
1789684593,284100,0,,single
1789684595,1963510,0,,single
1789684596,1311700,0,,single
1789684597,458030,2,,single
1789684599,2131200,2,,single
1789684600,429280,0,,single
1789684602,527750,6,,single
1789684603,33990,0,,single
1789684605,1413970,0,,single
1789684606,1829650,0,,single
1789684608,1519060,1,,single
1789684609,1192940,0,,single
1789684611,390220,0,,single
1789684612,490870,0,,single
1789684614,1040820,0,,single
1789684615,1771070,0,,single
1789684617,2009380,0,,single
1789684618,1662080,0,,single
1789684620,1941110,2,,single
1789684621,1180540,1,,single
1789684623,338980,0,,single
1789684624,1418360,3,,single
1789684626,2176850,1,,single
1789684627,693700,0,,single
1789684629,794960,0,,single
1789684630,1173830,2,,single
1789684632,364820,1,,single
1789684633,1535780,0,,single
1789684635,1041710,19,,single
1789684636,1351450,1,,single
1789684638,590720,0,,single
1789684639,320630,1,,single
1789684641,585190,0,,single
1789684643,867050,2,,single
1789684644,1128900,0,,single
1789684646,15930,5,,single
1789684647,1289990,3,,single
1789684648,1324270,1,,single
1789684650,1039830,0,,single
1789684651,16120,13,,single
1789684653,2685490,0,,single
1789684654,2574840,0,,single
1789684656,15900,9,,single
1789684657,1154090,1,,single
1789684659,2464090,1,,single
1789684660,2384610,3,,single
1789684662,2051420,4,,single
1789684663,1273540,0,,single
1789684665,385260,0,,single
1789684666,2422110,0,,single
1789684668,662190,0,,single
1789684669,994340,0,,single
1789684671,1833300,0,,single
1789684672,1532250,0,,single
1789684674,1551160,3,,single
1789684675,489170,0,,single
1789684677,1852830,1,,single
1789684678,1622710,3,,single
1789684680,428830,0,,single
1789684682,393610,0,,single
1789684683,407720,0,,single
1789684685,718940,0,,single
1789684686,612540,7,,single
1789684688,473970,0,,single
1789684690,408960,0,,single
1789684691,628440,2,,single
1789684693,2175250,0,,single
1789684694,1146170,0,,single
1789684696,543180,0,,single
1789684697,1804170,3,,single
1789684699,2119650,3,,single
1789684700,4731620,596,,single
1789684702,4734170,0,,single
1789684703,4836540,33,,single
1789684705,4740420,0,,single
1789684706,4773840,34,,single
1789684708,4804480,24,,single
1789684709,4830880,47,,single
1789684711,4794380,42,,single
1789684712,4808310,448,,single
1789684714,4754090,0,,single
1789684715,4230,0,,single
1789684717,18420,1,,single
1789684718,31860,4,,single
1789684720,31910,2,,single
1789684721,32730,1,,single
1789684723,38120,4,,single
1789684724,60800,0,,single
1789684726,73220,0,,single
1789684727,211070,0,,single
1789684729,229890,1,,single
1789684730,241300,0,,single
1789684732,245010,1,,single
1789684733,274880,0,,single
1789684735,291960,1,,single
1789684736,300320,0,,single
1789684738,319230,0,,single
1789684739,341170,0,,single
1789684741,343390,1,,single
1789684742,352620,0,,single
1789684744,370300,1,,single
1789684745,387060,0,,single
1789684747,397190,1,,single
1789684748,407340,0,,single
1789684750,426050,0,,single
1789684752,432940,0,,single
1789684753,443370,1,,single
1789684754,464260,0,,single
1789684756,466490,0,,single
1789684757,482890,1,,single
1789684759,512640,0,,single
1789684760,529420,1,,single
1789684762,532270,0,,single
1789684764,546900,0,,single
1789684765,552780,0,,single
1789684767,554290,0,,single
1789684768,558780,1,,single
1789684770,560000,1,,single
1789684771,563190,2,,single
1789684773,567160,0,,single
1789684774,572740,9,,single
1789684776,575680,0,,single
1789684777,576960,1,,single
1789684779,581200,0,,single
1789684780,593900,1,,single
1789684782,599880,1,,single
1789684783,603010,0,,single
1789684785,616520,1,,single
1789684786,617710,1,,single
1789684788,632050,6,,single
1789684789,647040,0,,single
1789684791,651340,0,,single
1789684792,655080,0,,single
1789684794,664320,0,,single
1789684795,675610,0,,single
1789684797,684000,8,,single
1789684798,691080,0,,single
1789684800,703980,1,,single
1789684802,721390,1,,single
1789684803,729460,2,,single
1789684805,739720,0,,single
1789684806,743940,0,,single
1789684808,762520,0,,single
1789684809,770070,0,,single
1789684811,812840,0,,single
1789684812,826010,0,,single
1789684814,842130,0,,single
1789684816,853240,0,,single
1789684817,896960,2,,single
1789684818,912840,1,,single
1789684820,942200,1,,single
1789684821,946880,27,,single
1789684823,954280,1,,single
1789684824,973220,0,,single
1789684826,977510,1,,single
1789684828,995070,2,,single
1789684829,1011290,1,,single
1789684831,1020910,1,,single
1789684832,1029980,5,,single
1789684834,1037120,0,,single
1789684835,1066760,1,,single
1789684837,1075080,0,,single
1789684838,1094660,0,,single
1789684840,1101270,0,,single
1789684841,1107620,0,,single
1789684843,1121530,2,,single
1789684844,1124160,0,,single
1789684846,1133500,0,,single
1789684847,1144300,1,,single
1789684849,1151130,0,,single
1789684850,1163040,0,,single
1789684852,1174500,0,,single
1789684853,1181000,9,,single
1789684855,1192610,0,,single
1789684856,1212100,0,,single
1789684858,1216870,0,,single
1789684859,1228360,0,,single
1789684861,1229390,0,,single
1789684863,1234730,23,,single
1789684865,1247190,0,,single
1789684866,1261760,1,,single
1789684869,1263620,0,,single
1789684871,1269500,7,,single
1789684872,1274200,0,,single
1789684874,1291660,0,,single
1789684875,1299290,7,,single
1789684877,1306180,11,,single
1789684879,1311570,1,,single
1789684880,1316760,0,,single
1789684882,1324030,4,,single
1789684883,1332990,0,,single
1789684885,1347630,3,,single
1789684886,1365760,7,,single
1789684888,1367690,2,,single
1789684889,1378360,0,,single
1789684891,1379550,1,,single
1789684893,1383570,2,,single
1789684894,1387350,0,,single
1789684896,1397110,0,,single
1789684897,1403740,2,,single
1789684899,1414650,1,,single
1789684901,1424050,2,,single
1789684902,1425250,1,,single
1789684904,1437850,2,,single
1789684905,1448610,0,,single
1789684907,1451680,0,,single
1789684908,1454640,0,,single
1789684910,1461980,2,,single
1789684911,1465710,0,,single
1789684913,1474930,0,,single
1789684914,1482700,2,,single
1789684916,1500180,1,,single
1789684917,1515490,0,,single
1789684919,1530450,4,,single
1789684920,1542790,1,,single
1789684922,1557180,0,,single
1789684923,1560770,0,,single
1789684925,1562920,0,,single
1789684926,1571990,2,,single
1789684928,1586880,0,,single
1789684929,1594130,0,,single
1789684931,1597910,0,,single
1789684932,1620030,1,,single
1789684934,1624380,0,,single
1789684935,1626620,0,,single
1789684937,1641240,3,,single
1789684938,1646350,1,,single
1789684940,1659050,7,,single
1789684941,1665280,0,,single
1789684943,1676870,1,,single
1789684945,1681880,0,,single
1789684946,1685460,21,,single
1789684948,1689190,1,,single
1789684949,1702830,1,,single
1789684951,1725950,2,,single
1789684952,1729140,0,,single
1789684954,1739000,0,,single
1789684955,1743080,1,,single
1789684957,1747890,0,,single
1789684958,1764700,0,,single
1789684960,1780070,15,,single
1789684962,1795180,0,,single
1789684963,1802850,0,,single
1789684965,1812410,0,,single
1789684966,1818940,21,,single
1789684968,1827650,10,,single
1789684969,1842690,3,,single
1789684971,1851610,2,,single
1789684973,1856900,0,,single
1789684974,1865010,0,,single
1789684976,1870150,1,,single
1789684977,1879950,1,,single
1789684979,1882190,0,,single
1789684980,1889890,3,,single
1789684982,1898830,777,,single
1789684983,1906830,5,,single
1789684985,1917850,0,,single
1789684987,1919040,0,,single
1789684989,1920540,0,,single
1789684990,1924180,0,,single
1789684992,1934300,6,,single
1789684993,1938050,8,,single
1789684995,1949010,0,,single
1789684996,1957760,3,,single
1789684998,1961760,1,,single
1789684999,1970060,1,,single
1789685001,1978100,5,,single
1789685002,1985740,1,,single
1789685004,1989320,2,,single
1789685005,2004180,0,,single
1789685007,2008410,0,,single
1789685008,2017620,15,,single
1789685010,2056200,11,,single
1789685011,2060000,0,,single
1789685013,2063530,0,,single
1789685015,2072980,0,,single
1789685016,2076260,4,,single
1789685018,2088360,6,,single
1789685020,2089450,4,,single
1789685021,2093610,1,,single
1789685023,2097890,0,,single
1789685025,2102490,6,,single
1789685026,2109060,0,,single
1789685028,2118540,0,,single
1789685029,2122090,1,,single
1789685031,2140570,2,,single
1789685032,2146170,20,,single
1789685034,2157210,0,,single
1789685035,2164310,0,,single
1789685037,2169120,0,,single
1789685038,2170370,1,,single
1789685040,2173760,5,,single
1789685041,2185030,4,,single
1789685043,2191490,8,,single
1789685044,2200580,1,,single
1789685046,2203040,0,,single
1789685048,2214000,3,,single
1789685049,2216120,1,,single
1789685051,2219820,0,,single
1789685052,2223740,2,,single
1789685054,2225480,1,,single
1789685055,2228030,1,,single
1789685057,2235500,0,,single
1789685059,2239130,0,,single
1789685060,2248890,0,,single
1789685062,2251580,0,,single
1789685063,2275940,3,,single
1789685065,2278790,2,,single
1789685066,2298690,2,,single
1789685068,2300340,2,,single
1789685069,2305900,0,,single
1789685071,2326020,0,,single
1789685073,2333240,24,,single
1789685074,2341070,0,,single
1789685076,2348730,0,,single
1789685077,2352640,0,,single
1789685078,2359170,0,,single
1789685080,2370170,4,,single
1789685082,2386870,2,,single
1789685083,2392500,4,,single
1789685085,2402280,1,,single
1789685086,2408920,0,,single
1789685088,2413190,15,,single
1789685089,2414550,2,,single
1789685091,2420240,0,,single
1789685092,2425150,9,,single
1789685094,2427100,5,,single
1789685095,2431700,0,,single
1789685097,2437570,0,,single
1789685098,2443770,15,,single
1789685100,2450820,1,,single
1789685101,2457030,4,,single
1789685103,2460920,2,,single
1789685104,2464460,0,,single
1789685106,2477140,0,,single
1789685107,2481670,2,,single
1789685108,2485350,1,,single
1789685110,2495050,43,,single
1789685111,2506110,0,,single
1789685113,2508210,0,,single
1789685115,2516990,0,,single
1789685116,2520870,0,,single
1789685118,2527450,0,,single
1789685119,2539910,4,,single
1789685121,2545220,0,,single
1789685122,2562460,1,,single
1789685124,2581370,5,,single
1789685125,2583300,0,,single
1789685127,2598800,0,,single
1789685129,2599950,1,,single
1789685130,2602020,1,,single
1789685132,2633500,4,,single
1789685133,2666550,1,,single
1789685135,2668910,1,,single
1789685136,2685380,0,,single
1789685138,2700540,1,,single
1789685139,2708790,2,,single
1789685141,2718240,8,,single
1789685142,2735220,0,,single
1789685144,2739700,4,,single
1789685145,2742150,0,,single
1789685147,2769210,2,,single
1789685148,2789770,1,,single
1789685150,2800840,3,,single
1789685151,2804680,0,,single
1789685153,2811200,1,,single
1789685154,2818150,11,,single
1789685156,2820130,43,,single
1789685157,2825210,0,,single
1789685159,2837600,2,,single
1789685160,2851700,6,,single
1789685162,2853130,2,,single
1789685164,2857000,0,,single
1789685165,2858370,7,,single
1789685167,2875280,0,,single
1789685169,2881800,3,,single
1789685171,2893260,0,,single
1789685172,2905090,1,,single
1789685174,2915950,28,,single
1789685175,2925970,1,,single
1789685177,2938850,0,,single
1789685178,2951340,0,,single
1789685180,2954920,0,,single
1789685182,2963230,1,,single
1789685183,2977570,0,,single
1789685185,2981650,0,,single
1789685186,2986370,3,,single
1789685188,2992500,3,,single
1789685189,2994240,1,,single
1789685191,2999030,13,,single
1789685192,3000120,2,,single
1789685194,3010460,10,,single
1789685195,3023190,19,,single
1789685197,3028730,1,,single
1789685198,3035990,0,,single
1789685200,3037180,2,,single
1789685202,3039500,34,,single
1789685203,3051470,3,,single
1789685204,3073580,1,,single
1789685206,3077670,0,,single
1789685207,3085890,1,,single
1789685209,3100210,1,,single
1789685210,3107590,0,,single
1789685212,3118160,0,,single
1789685213,3125890,6,,single
1789685215,3128950,1,,single
1789685216,3145320,1,,single
1789685218,3151830,0,,single
1789685219,3158260,0,,single
1789685221,3170410,6,,single
1789685222,3198680,0,,single
1789685224,3201570,0,,single
1789685225,3215190,2,,single
1789685227,3264820,0,,single
1789685228,3281130,48,,single
1789685230,3288460,0,,single
1789685231,3303780,0,,single
1789685233,3314340,50,,single
1789685234,3320800,2,,single
1789685235,3329420,1,,single
1789685237,3333890,0,,single
1789685239,3339330,9,,single
1789685240,3358360,0,,single
1789685242,3360110,1,,single
1789685243,3380740,0,,single
1789685245,3392420,1,,single
1789685246,3400650,2,,single
1789685248,3408020,2,,single
1789685249,3422450,6,,single
1789685251,3444050,1,,single
1789685252,3449590,1,,single
1789685254,3478200,0,,single
1789685255,3570430,2,,single
1789685257,3584190,1,,single
