ts,appid,concurrent,peak_in_game,src
1788338642,2070550,2,,single
1788338643,1055540,22,,single
1788338644,1586800,5,,single
1788338646,1740300,6,,single
1788338647,1567800,12,,single
1788338649,2073910,10,,single
1788338650,2869860,11,,single
1788338652,2124380,1,,single
1788338653,1405500,5,,single
1788338654,623080,5,,single
1788338656,1089980,96,,single
1788338657,413150,47804,,single
1788338659,1794680,4027,,single
1788338660,2231450,109,,single
1788338661,546560,113,,single
1788338663,2694490,11662,,single
1788338664,1623730,85172,,single
1788338665,420,19,,single
1788338667,15710,9,,single
1788338668,40800,45,,single
1788338669,200710,178,,single
1788338671,207690,5,,single
1788338672,209370,0,,single
1788338673,214490,182,,single
1788338675,219990,4952,,single
1788338676,227000,2,,single
1788338678,237740,0,,single
1788338679,239430,0,,single
1788338681,251270,3,,single
1788338682,264380,18,,single
1788338684,265610,14,,single
1788338685,274520,95,,single
1788338687,303610,1,,single
1788338688,315810,16,,single
1788338690,323470,24,,single
1788338691,331870,0,,single
1788338692,335300,943,,single
1788338694,339190,31,,single
1788338695,351970,16,,single
1788338697,359510,43,,single
1788338698,367500,268,,single
1788338699,377330,0,,single
1788338701,385240,2,,single
1788338702,399810,20,,single
1788338704,418030,123,,single
1788338705,430960,2,,single
1788338707,467380,1,,single
1788338708,480490,226,,single
1788338709,487430,1,,single
1788338711,506870,0,,single
1788338712,524910,4,,single
1788338713,527430,87,,single
1788338715,550010,8,,single
1788338716,563840,1,,single
1788338718,570940,1357,,single
1788338719,582010,11965,,single
1788338720,593150,4,,single
1788338722,635940,33,,single
1788338723,654880,7,,single
1788338724,674140,36,,single
1788338726,711660,23,,single
1788338727,736570,2,,single
1788338728,751780,179,,single
1788338730,768200,149,,single
1788338731,814370,72,,single
1788338732,851850,261,,single
1788338734,892970,8027,,single
1788338735,899440,50,,single
1788338737,910630,1,,single
1788338738,920320,2,,single
1788338740,951000,0,,single
1788338741,963000,1,,single
1788338743,973230,44,,single
1788338744,983870,158,,single
1788338745,1012570,0,,single
1788338747,1040420,9,,single
1788338748,1062520,722,,single
1788338750,1067850,9,,single
1788338751,1082710,25,,single
1788338752,1092700,5,,single
1788338754,1092720,7,,single
1788338755,1119840,2,,single
1788338756,1145350,2460,,single
1788338758,1159690,154,,single
1788338759,1171320,0,,single
1788338761,1177980,48,,single
1788338762,1218210,88,,single
1788338763,1237320,98,,single
1788338765,1245560,83,,single
1788338766,1272840,1,,single
1788338768,1280930,121,,single
1788338769,1321440,92,,single
1788338770,1364960,7,,single
1788338772,1374490,1491,,single
1788338773,1382070,23,,single
1788338774,1446780,4741,,single
1788338776,1488200,214,,single
1788338777,1518810,1,,single
1788338779,1566200,16,,single
1788338780,1597730,3,,single
1788338781,1614550,62,,single
1788338783,1654660,10,,single
1788338784,1665190,6,,single
1788338786,1730590,4,,single
1788338787,1763250,136,,single
1788338788,1808680,11,,single
1788338790,1866180,4,,single
1788338791,1919460,8,,single
1788338792,1928980,42,,single
1788338794,1945250,0,,single
1788338795,2001120,3149,,single
1788338797,2142790,6790,,single
1788338798,2240080,0,,single
1788338799,2250060,3,,single
1788338801,2262610,5,,single
1788338802,2294130,6,,single
1788338804,2354600,3,,single
1788338805,2356560,53,,single
1788338806,2450700,11,,single
1788338808,2484130,7,,single
1788338809,2567870,2856,,single
1788338811,2754380,253,,single
1788338812,2877540,18,,single
1788338813,3069120,81,,single
1788338815,3087650,0,,single
1788338816,3290710,1,,single
1788338818,70,390,,single
1788338819,500,240,,single
1788338820,2280,138,,single
1788338822,2600,30,,single
1788338823,3590,2755,,single
1788338825,4580,99,,single
1788338826,9420,412,,single
1788338828,13240,6,,single
1788338829,22330,292,,single
1788338830,22490,237,,single
1788338832,32470,779,,single
1788338833,35140,318,,single
1788338834,48700,2865,,single
1788338836,72850,829,,single
1788338837,107100,14,,single
1788338839,206190,5,,single
1788338840,214560,0,,single
1788338841,219740,1641,,single
1788338843,227300,16725,,single
1788338844,233860,3630,,single
1788338845,238460,51,,single
1788338847,239140,2634,,single
1788338848,242760,3438,,single
1788338849,246840,19,,single
1788338851,250900,47551,,single
1788338852,260750,2,,single
1788338854,264200,6,,single
1788338855,268910,1110,,single
1788338856,274190,171,,single
1788338858,284160,10653,,single
1788338859,294100,21494,,single
1788338860,304430,85,,single
1788338862,312990,7,,single
1788338863,337320,149,,single
1788338864,351640,1,,single
1788338866,362680,55,,single
1788338867,397740,7,,single
1788338869,411960,12,,single
1788338870,413410,291,,single
1788338871,420530,62,,single
1788338873,425580,19,,single
1788338874,427520,11263,,single
1788338876,433950,6,,single
1788338877,439490,0,,single
1788338878,450540,87,,single
1788338880,460950,73,,single
1788338881,466630,4,,single
1788338882,504230,1375,,single
1788338884,512900,186,,single
1788338885,521200,7,,single
1788338887,541570,346,,single
1788338888,553310,13,,single
1788338889,588650,2011,,single
1788338891,597170,263,,single
1788338892,603960,6,,single
1788338894,611760,10,,single
1788338895,615610,2,,single
1788338897,636480,412,,single
1788338898,647960,186,,single
1788338899,668350,8,,single
1788338901,732690,6,,single
1788338902,745880,9,,single
1788338903,774181,104,,single
1788338905,787480,698,,single
1788338906,799640,5,,single
1788338908,824600,2,,single
1788338909,851100,11,,single
1788338910,883710,1568,,single
1788338912,908520,115,,single
1788338913,914710,29,,single
1788338914,960090,6941,,single
1788338916,992310,0,,single
1788338917,1043340,17,,single
1788338918,1057090,543,,single
1788338920,1070550,2,,single
1788338921,1082430,15,,single
1788338922,1092790,771,,single
1788338924,1102190,83,,single
1788338925,1109410,1,,single
1788338927,1115050,1,,single
1788338928,1127400,555,,single
1788338929,1150690,230,,single
1788338931,1170880,1,,single
1788338932,1175140,2,,single
1788338933,1198320,1,,single
1788338935,1202540,4,,single
1788338936,1216200,11,,single
1788338938,1241700,2,,single
1788338939,1260520,18,,single
1788338940,1275670,16,,single
1788338942,1281800,91,,single
1788338943,1283130,3,,single
1788338944,1285670,4,,single
1788338946,1288310,30,,single
1788338947,1292940,190,,single
1788338949,1293860,1,,single
1788338950,1328840,116,,single
1788338951,1333910,4,,single
1788338953,1353230,37,,single
1788338954,1366540,2566,,single
1788338956,1388770,39,,single
1788338957,1407420,1,,single
1788338958,1419860,2,,single
1788338960,1424330,52,,single
1788338961,1444350,10,,single
1788338963,1473350,89,,single
1788338964,1507580,5,,single
1788338965,1511860,0,,single
1788338967,1532510,0,,single
1788338968,1536610,289,,single
1788338970,1545990,0,,single
1788338971,1562700,79,,single
1788338972,1566410,4,,single
1788338974,1585180,62,,single
1788338975,1609230,41,,single
1788338977,1634860,36,,single
1788338978,1644940,12,,single
1788338979,1669980,407,,single
1788338981,1677770,43,,single
1788338982,1684930,39,,single
1788338983,1708150,14,,single
1788338985,1715460,0,,single
1788338986,1718910,3,,single
1788338989,1734320,9,,single
1788338991,1765350,2,,single
1788338992,1796580,2,,single
1788338993,1817000,2,,single
1788338995,1836730,15,,single
1788338996,1876590,20,,single
1788338997,1898500,9,,single
1788338999,1903340,2992,,single
1788339000,1931020,0,,single
1788339001,1935660,0,,single
1788339003,1955830,46,,single
1788339004,1967430,49,,single
1788339005,1986840,15,,single
1788339007,1999360,70,,single
1788339008,2011780,5,,single
1788339010,2056220,7,,single
1788339011,2060590,16,,single
1788339012,2088570,113,,single
1788339014,2097570,45,,single
1788339015,2112520,0,,single
1788339017,2128270,39,,single
1788339018,2135690,1,,single
1788339019,2162800,527,,single
1788339021,2179850,14,,single
1788339022,2218750,154,,single
1788339023,2291760,68,,single
1788339025,2305840,27,,single
1788339026,2358720,20463,,single
1788339027,2369900,33,,single
1788339029,2379780,5297,,single
1788339030,2394650,11,,single
1788339032,2420510,327,,single
1788339033,2443360,1,,single
1788339034,2501600,41,,single
1788339036,2532550,3,,single
1788339037,2585830,9,,single
1788339039,2612680,3,,single
1788339040,2660460,107,,single
1788339041,2667430,0,,single
1788339043,2703850,8,,single
1788339044,2719060,0,,single
1788339045,2763670,4,,single
1788339047,2835570,911,,single
1788339048,2878710,0,,single
1788339050,2883280,0,,single
1788339051,2929730,3,,single
1788339052,3068300,52,,single
1788339054,3084280,17,,single
1788339055,3108510,7,,single
1788339056,3191030,111,,single
1788339058,3195790,262,,single
1788339059,3247500,2,,single
1788339060,3361470,7,,single
1788339062,20,19,,single
1788339063,50,44,,single
1788339064,80,228,,single
1788339066,130,25,,single
1788339067,300,110,,single
1788339068,340,1,,single
1788339070,440,40046,,single
1788339071,730,693562,,single
1788339073,1250,85,,single
1788339074,1510,1,,single
1788339075,1630,36,,single
1788339077,1700,4,,single
1788339078,2100,18,,single
1788339079,2270,6,,single
1788339081,2320,50,,single
1788339082,2400,0,,single
1788339083,2620,35,,single
1788339085,2700,29,,single
1788339086,2990,89,,single
1788339088,3310,49,,single
1788339089,3330,632,,single
1788339090,3540,46,,single
1788339092,3700,14,,single
1788339093,3900,421,,single
1788339094,3920,55,,single
1788339096,4560,50,,single
1788339097,4700,2296,,single
1788339099,4850,144,,single
1788339100,6010,7,,single
1788339101,6030,8,,single
1788339103,6200,2,,single
1788339104,6370,0,,single
1788339106,6800,55,,single
1788339107,6850,12,,single
1788339108,6920,4,,single
1788339110,7000,24,,single
1788339111,7610,33,,single
1788339112,7670,47,,single
1788339114,7800,1,,single
1788339115,7860,1,,single
1788339116,8000,30,,single
1788339118,8140,21,,single
1788339119,8190,69,,single
1788339121,8500,3290,,single
1788339122,8850,16,,single
1788339123,8930,9460,,single
1788339125,9010,31,,single
1788339126,9180,2,,single
1788339128,9340,18,,single
1788339129,9450,178,,single
1788339130,9900,741,,single
1788339132,10130,0,,single
1788339133,10180,212,,single
1788339135,10500,1300,,single
1788339136,11020,102,,single
1788339137,11450,19,,single
1788339139,12110,86,,single
1788339140,12140,39,,single
1788339142,12210,2444,,single
1788339143,12360,27,,single
1788339144,12710,18,,single
1788339146,12900,7,,single
1788339147,13250,2,,single
1788339148,13530,5,,single
1788339150,13600,7,,single
1788339151,15100,16,,single
1788339153,15200,9,,single
1788339154,15300,10,,single
1788339155,15390,7,,single
1788339157,15750,1,,single
1788339158,16810,204,,single
1788339159,17390,292,,single
1788339161,17440,17,,single
1788339162,17460,14,,single
1788339163,17480,404,,single
1788339165,17570,3,,single
1788339166,17740,2,,single
1788339168,19680,153,,single
1788339169,20530,4,,single
1788339170,20570,23,,single
1788339172,21000,81,,single
1788339173,21100,10,,single
1788339174,21690,438,,single
1788339176,21980,12,,single
1788339177,22180,4,,single
1788339179,22230,3,,single
1788339180,22600,20,,single
1788339181,24010,408,,single
1788339183,24240,28,,single
1788339184,24720,81,,single
1788339185,24780,215,,single
1788339187,24810,298,,single
1788339188,24980,4,,single
1788339189,25800,36,,single
1788339191,25890,41,,single
1788339192,26800,4,,single
1788339194,29180,1,,single
1788339195,31290,0,,single
1788339196,32360,17,,single
1788339198,32380,1,,single
1788339199,32430,21,,single
1788339201,32460,9,,single
1788339202,32800,6,,single
1788339203,33230,186,,single
1788339205,33600,6,,single
1788339206,33930,88,,single
1788339207,34030,673,,single
1788339209,34440,1,,single
1788339210,34830,14,,single
1788339212,35000,6,,single
1788339213,35450,29,,single
1788339214,35480,0,,single
1788339216,35720,12,,single
1788339217,38410,113,,single
1788339218,38720,1,,single
1788339220,39000,1,,single
1788339221,39150,68,,single
1788339222,39210,11483,,single
1788339224,39530,10,,single
1788339225,39670,2,,single
1788339226,39800,2,,single
1788339228,40300,56,,single
1788339229,40390,22,,single
1788339231,40720,3,,single
1788339232,40960,123,,single
1788339233,41000,64,,single
1788339235,41060,8,,single
1788339236,41100,0,,single
1788339237,41500,31,,single
1788339239,42670,4,,single
1788339240,42700,247,,single
1788339242,42960,152,,single
1788339243,45700,1,,single
1788339244,45760,72,,single
1788339246,46510,5,,single
1788339247,47810,277,,single
1788339249,48000,37,,single
1788339250,48190,128,,single
1788339251,49520,1295,,single
1788339253,50300,22,,single
1788339254,55110,0,,single
1788339255,55150,39,,single
1788339257,57640,2,,single
1788339258,58520,2,,single
1788339260,61700,5,,single
1788339261,63200,0,,single
1788339262,63610,2,,single
1788339264,63910,74,,single
1788339265,65300,4,,single
1788339267,65740,6,,single
1788339268,65800,142,,single
1788339270,70100,1,,single
1788339271,70600,20,,single
1788339272,72200,13,,single
1788339274,73170,67,,single
1788339275,80310,2,,single
1788339276,91100,0,,single
1788339279,91700,3,,single
1788339280,94200,0,,single
1788339281,94400,4,,single
1788339283,96000,6,,single
1788339284,97330,8,,single
1788339285,98300,2,,single
1788339287,98800,15,,single
1788339288,99910,137,,single
1788339290,104900,2,,single
1788339291,105450,182,,single
1788339292,107300,0,,single
1788339294,107410,3717,,single
1788339295,108600,40355,,single
1788339296,108800,12,,single
1788339298,113020,4,,single
1788339299,115100,1,,single
1788339301,115320,51,,single
1788339302,200210,1157,,single
1788339303,200510,477,,single
1788339305,200940,1,,single
1788339306,201270,0,,single
1788339307,201810,215,,single
1788339309,201870,91,,single
1788339310,202200,12,,single
1788339311,202710,4,,single
1788339313,203160,1401,,single
1788339314,203350,76,,single
1788339315,203750,3,,single
1788339317,203830,17,,single
1788339318,204240,1,,single
1788339319,204340,107,,single
1788339321,204450,51,,single
1788339322,204630,1,,single
1788339324,205190,0,,single
1788339325,205650,11,,single
1788339326,206210,0,,single
1788339328,206440,46,,single
1788339329,206500,20,,single
1788339330,207140,21,,single
1788339332,207230,1,,single
1788339333,207350,7,,single
1788339335,207750,0,,single
1788339336,208140,35,,single
1788339338,208480,8,,single
1788339339,208580,178,,single
1788339340,209000,301,,single
1788339342,209160,41,,single
1788339343,209190,0,,single
1788339344,209650,24,,single
1788339346,210770,12,,single
1788339347,211260,1,,single
1788339348,211740,9,,single
1788339350,212010,2,,single
1788339351,212500,699,,single
1788339353,212740,0,,single
1788339354,213330,59,,single
1788339356,213650,1,,single
1788339357,214170,25,,single
1788339358,214420,1,,single
1788339360,214590,1,,single
1788339361,214770,2,,single
1788339362,214950,3026,,single
1788339364,215280,39,,single
1788339365,215530,10,,single
1788339366,217200,96,,single
1788339368,218410,3,,single
1788339369,218680,9,,single
1788339371,219780,14,,single
1788339372,219910,26,,single
1788339374,220200,1808,,single
1788339375,220440,86,,single
1788339376,220780,0,,single
1788339378,221040,520,,single
1788339379,221380,1812,,single
1788339380,221640,17,,single
1788339382,221910,20,,single
1788339383,222440,80,,single
1788339384,222730,3,,single
1788339386,222880,81,,single
1788339387,223330,16,,single
1788339388,223710,264,,single
1788339390,223830,24,,single
1788339391,224260,574,,single
1788339393,224460,0,,single
1788339394,224600,2,,single
1788339395,224820,2,,single
1788339397,224920,2,,single
1788339398,224960,3,,single
1788339399,225260,41,,single
1788339401,225840,87,,single
1788339402,226840,113,,single
1788339404,227080,0,,single
1788339405,227220,1,,single
1788339406,227580,0,,single
1788339408,228180,270,,single
1788339409,228260,7,,single
1788339410,228360,3,,single
1788339412,228760,7,,single
1788339413,230050,1,,single
1788339415,230190,47,,single
1788339416,230270,18,,single
1788339417,230820,17,,single
1788339419,231200,4,,single
1788339420,232010,8,,single
1788339422,232770,33,,single
1788339423,232810,0,,single
1788339424,233130,10,,single
1788339426,233270,13,,single
1788339427,233470,0,,single
1788339428,233700,7,,single
1788339430,233980,12,,single
1788339431,234270,14,,single
1788339432,234630,13,,single
1788339434,234670,18,,single
1788339435,235210,2,,single
1788339437,235460,165,,single
1788339438,235620,5,,single
1788339440,235900,194,,single
1788339441,236390,37442,,single
1788339442,236690,47,,single
1788339444,237110,14,,single
1788339445,237630,10,,single
1788339446,237930,12,,single
1788339448,238010,118,,single
1788339449,238210,6,,single
1788339451,239120,27,,single
1788339452,239350,35,,single
1788339453,240600,0,,single
1788339455,241240,11,,single
1788339456,241410,2,,single
1788339458,241600,25,,single
1788339459,242050,251,,single
1788339460,242640,21,,single
1788339462,242820,0,,single
1788339463,242880,2,,single
1788339465,242960,2,,single
1788339466,243470,438,,single
1788339467,243950,2,,single
1788339469,244030,1,,single
1788339470,244160,61,,single
1788339471,244430,4,,single
1788339473,244730,0,,single
1788339474,244870,0,,single
1788339475,245170,45,,single
1788339477,245450,19,,single
1788339478,245620,48,,single
1788339479,246620,606,,single
1788339481,247000,57,,single
1788339482,247080,58,,single
1788339484,247430,11,,single
1788339485,248170,101,,single
1788339486,248330,1,,single
1788339488,248570,35,,single
1788339489,248820,16,,single
1788339490,248970,3,,single
1788339492,249330,6,,single
1788339493,249870,5,,single
1788339495,250110,0,,single
1788339496,250260,6,,single
1788339497,250520,78,,single
1788339499,251060,235,,single
1788339500,251150,25,,single
1788339502,251470,3,,single
1788339503,251730,31,,single
1788339504,252030,0,,single
1788339506,252130,0,,single
1788339507,252410,22,,single
1788339509,252530,445,,single
1788339510,252630,1,,single
1788339511,252870,4,,single
1788339513,253030,3,,single
1788339515,253330,3,,single
1788339516,253710,114,,single
1788339517,253770,0,,single
1788339519,253900,41,,single
1788339520,254320,9,,single
1788339522,254700,343,,single
1788339523,255320,21,,single
1788339525,256290,3,,single
1788339526,256370,1,,single
1788339527,257170,17,,single
1788339529,257510,31,,single
1788339530,257850,19,,single
1788339531,258220,0,,single
1788339533,259060,4,,single
1788339534,259530,0,,single
1788339536,259680,105,,single
1788339537,260210,7,,single
1788339538,260430,26,,single
1788339540,261180,1,,single
1788339541,261510,0,,single
1788339543,261570,148,,single
1788339544,262060,6404,,single
1788339545,262280,12,,single
1788339547,262690,0,,single
1788339548,262940,5,,single
1788339549,263300,3,,single
1788339551,263760,6,,single
1788339552,264140,4,,single
1788339553,265890,2,,single
1788339555,266010,6,,single
1788339556,266310,6,,single
1788339558,266430,4,,single
1788339559,266840,422,,single
1788339560,268130,14,,single
1788339562,268420,3,,single
1788339563,268540,11,,single
1788339564,268850,257,,single
1788339566,269030,0,,single
1788339567,269710,1,,single
1788339568,269950,276,,single
1788339570,270150,189,,single
1788339571,270450,0,,single
1788339572,271590,41524,,single
1788339574,272040,1,,single
1788339575,272510,4,,single
1788339577,273110,148,,single
1788339578,274230,0,,single
1788339579,274900,0,,single
1788339581,274940,16,,single
1788339582,275200,0,,single
1788339584,275850,5206,,single
1788339585,277590,4,,single
1788339586,278360,4,,single
1788339588,279800,0,,single
1788339589,281640,11,,single
1788339590,281990,8245,,single
1788339592,282400,24,,single
1788339593,282530,5,,single
1788339595,282800,107,,single
1788339596,283290,3,,single
1788339597,283960,10,,single
1788339599,284390,2,,single
1788339600,284770,1,,single
1788339601,284850,3,,single
1788339603,285160,46,,single
1788339604,285310,89,,single
1788339606,285380,1,,single
1788339607,285740,4,,single
1788339608,285900,139,,single
1788339610,286040,2,,single
1788339611,286160,2927,,single
1788339612,286340,1,,single
1788339614,287290,116,,single
1788339615,287450,414,,single
1788339616,287980,104,,single
1788339618,289070,25271,,single
1788339619,289520,77,,single
1788339620,289930,24,,single
1788339622,290100,11,,single
1788339623,290340,21,,single
1788339625,290770,0,,single
1788339626,291650,198,,single
1788339627,292180,0,,single
1788339629,292730,103,,single
1788339630,292990,96,,single
1788339631,293260,18,,single
1788339633,293780,8,,single
1788339634,294810,4,,single
1788339636,296490,73,,single
1788339637,296870,1,,single
1788339639,298030,64,,single
1788339640,298160,7,,single
1788339641,298610,26,,single
1788339643,299030,0,,single
1788339644,300380,29,,single
1788339646,300570,4,,single
1788339647,301320,60,,single
1788339649,301650,9,,single
1788339650,301970,2,,single
1788339651,302670,74,,single
1788339653,303210,0,,single
1788339654,304050,617,,single
1788339656,304390,2031,,single
1788339657,304650,22,,single
1788339658,305620,1989,,single
1788339660,306130,5594,,single
1788339661,306760,16,,single
1788339662,307110,13,,single
1788339664,307580,1,,single
1788339665,307670,0,,single
1788339667,307780,191,,single
1788339668,308060,1,,single
1788339669,310060,10,,single
1788339671,310510,6,,single
1788339672,310790,1,,single
1788339673,311240,9,,single
1788339675,311340,70,,single
1788339676,311690,522,,single
1788339677,312450,111,,single
1788339679,312660,516,,single
1788339680,312980,8,,single
1788339682,313160,65,,single
1788339683,313480,37,,single
1788339684,313690,73,,single
1788339686,314280,0,,single
1788339687,314430,12,,single
1788339688,314650,115,,single
1788339690,314980,13,,single
1788339691,316010,32,,single
1788339693,316610,1,,single
1788339694,317360,1,,single
1788339695,318100,0,,single
1788339697,318600,8,,single
1788339698,319510,48,,single
1788339699,319910,3,,single
1788339701,320140,2,,single
1788339702,320430,31,,single
1788339704,321400,1,,single
1788339705,322170,22579,,single
1788339707,322210,22,,single
1788339708,322330,29797,,single
1788339709,322500,28,,single
1788339711,322910,3,,single
1788339712,323060,1,,single
1788339713,323380,0,,single
1788339715,323720,42,,single
1788339716,324080,88,,single
1788339717,324680,10,,single
1788339719,325210,29,,single
1788339720,326180,2,,single
1788339722,326460,91,,single
1788339723,327090,1,,single
1788339724,327400,141,,single
1788339726,327640,1,,single
1788339727,328080,15,,single
1788339728,329050,152,,single
1788339730,329110,870,,single
1788339731,329970,14,,single
1788339733,330830,16,,single
1788339734,331360,0,,single
1788339736,331600,16,,single
1788339737,331750,3,,single
1788339738,332570,21,,single
1788339740,332950,150,,single
1788339741,333640,178,,single
1788339743,334230,88,,single
1788339744,334920,52,,single
1788339745,335000,2,,single
1788339747,335620,15,,single
1788339748,336140,1,,single
1788339749,337150,9,,single
1788339751,338930,1,,single
1788339752,339350,0,,single
1788339753,341000,6,,single
1788339755,341940,75,,single
1788339756,342560,42,,single
1788339757,343440,2,,single
1788339759,343860,2,,single
1788339760,345390,5,,single
1788339762,346010,177,,single
1788339763,346120,0,,single
1788339764,346900,769,,single
1788339766,348250,15,,single
1788339767,348550,33,,single
1788339769,349040,203,,single
1788339770,351490,2,,single
1788339771,351700,16,,single
1788339773,351940,20,,single
1788339774,352520,2,,single
1788339775,353090,9,,single
1788339777,353640,10,,single
1788339778,354140,10,,single
1788339779,354240,1,,single
1788339781,355060,3,,single
1788339782,355790,21,,single
1788339784,356400,2,,single
1788339785,356520,0,,single
1788339786,357070,681,,single
1788339788,357330,0,,single
1788339789,358090,0,,single
1788339790,359310,0,,single
1788339792,359550,34634,,single
1788339793,360620,0,,single
1788339794,360650,3,,single
1788339796,361280,186,,single
1788339797,361630,1,,single
1788339798,362620,119,,single
1788339800,362960,47,,single
1788339801,363680,9,,single
1788339802,363970,1652,,single
1788339804,365160,6,,single
1788339805,365360,1581,,single
1788339807,365590,273,,single
1788339808,366760,1,,single
1788339809,367450,61,,single
1788339811,367670,88,,single
1788339812,368230,43,,single
1788339814,368370,3,,single
1788339815,368500,226,,single
1788339816,369990,84,,single
1788339818,370360,11,,single
1788339819,371520,13,,single
1788339820,371970,416,,single
1788339822,372800,54,,single
1788339823,373390,0,,single
1788339824,373930,121,,single
1788339826,374190,16,,single
1788339827,374900,2,,single
1788339828,375530,43,,single
1788339830,375900,6,,single
1788339831,376210,15768,,single
1788339832,376870,4,,single
1788339834,377860,3,,single
1788339835,379210,10,,single
1788339837,380150,0,,single
1788339838,380840,1,,single
1788339839,381780,1,,single
1788339841,382310,485,,single
1788339842,382560,6,,single
1788339844,383840,3,,single
1788339845,383980,114,,single
1788339846,384300,50,,single
1788339848,385380,9,,single
1788339849,386070,103,,single
1788339851,386360,489,,single
1788339852,386880,1,,single
1788339853,387290,261,,single
1788339855,388090,11,,single
1788339856,388410,118,,single
1788339857,389140,9,,single
1788339859,389570,15,,single
1788339860,390520,0,,single
1788339861,390710,1,,single
1788339863,391260,1,,single
1788339864,391730,100,,single
1788339865,392160,2245,,single
1788339867,393380,8037,,single
1788339868,394230,0,,single
1788339869,394510,102,,single
1788339871,394970,7,,single
1788339872,395570,0,,single
1788339873,396710,2,,single
1788339875,396900,12,,single
1788339876,397340,30,,single
1788339878,397430,17,,single
1788339879,397950,14,,single
1788339880,398850,12,,single
1788339882,399670,0,,single
1788339883,400170,6,,single
1788339884,400910,18,,single
1788339886,402020,0,,single
1788339887,403190,115,,single
1788339888,403970,0,,single
1788339890,404540,1,,single
1788339891,405290,10,,single
1788339893,405640,10,,single
1788339894,405820,3,,single
1788339895,405900,32,,single
1788339897,406290,63,,single
1788339898,406550,40,,single
1788339899,407130,67,,single
1788339901,408410,10,,single
1788339902,409160,1,,single
1788339903,409710,282,,single
1788339905,410320,71,,single
1788339906,410890,15,,single
1788339907,410980,99,,single
1788339909,412740,0,,single
1788339910,413710,2,,single
1788339911,414740,3,,single
1788339913,415420,7,,single
1788339914,417430,1,,single
1788339916,418070,5,,single
1788339917,418340,2,,single
1788339918,418500,1,,single
1788339920,418650,2,,single
1788339921,420000,59,,single
1788339923,420440,24,,single
1788339924,421020,18,,single
1788339926,421050,11,,single
1788339927,422900,26,,single
1788339928,424030,44,,single
1788339930,425210,0,,single
1788339931,427250,2,,single
1788339933,428430,19,,single
1788339934,428660,4,,single
1788339935,429050,126,,single
1788339937,429680,1,,single
1788339938,429790,92,,single
1788339939,431180,3,,single
1788339941,431600,17,,single
1788339942,431730,5210,,single
1788339944,433550,2,,single
1788339945,434030,2,,single
1788339946,435120,105,,single
1788339948,435400,16,,single
1788339949,435790,1,,single
1788339950,436320,0,,single
1788339952,437920,50,,single
1788339953,438100,31708,,single
1788339955,438270,5,,single
1788339956,438640,18,,single
1788339957,440310,9,,single
1788339959,440540,5,,single
1788339960,441550,33,,single
1788339961,444090,387,,single
1788339963,444640,183,,single
1788339964,445190,9,,single
1788339965,445310,52,,single
1788339967,446800,57,,single
1788339968,447040,1537,,single
1788339969,447150,5,,single
1788339971,448280,20,,single
1788339972,448510,161,,single
1788339974,449610,16,,single
1788339975,450390,5,,single
1788339976,451340,148,,single
1788339978,452570,2,,single
1788339979,454120,6,,single
1788339980,455400,5,,single
1788339982,456670,16,,single
1788339983,457210,5,,single
1788339984,458710,296,,single
1788339986,459080,0,,single
1788339987,460920,25,,single
1788339988,462770,4,,single
1788339990,464060,11,,single
1788339991,464360,1,,single
1788339993,465520,2,,single
1788339994,466240,2,,single
1788339995,466910,3,,single
1788339997,468920,102,,single
1788339998,470220,64,,single
1788339999,470310,94,,single
1788340001,473770,2,,single
1788340002,474210,0,,single
1788340003,475150,518,,single
1788340005,475550,49,,single
1788340006,476600,112,,single
1788340007,477160,971,,single
1788340009,477770,7,,single
1788340010,479130,2,,single
1788340012,480650,33,,single
1788340013,481510,25,,single
1788340014,482730,318,,single
1788340016,483420,0,,single
1788340017,485610,22,,single
1788340018,486310,2,,single
1788340020,488310,3,,single
1788340021,489140,0,,single
1788340022,489630,489,,single
1788340024,490110,65,,single
1788340025,491040,0,,single
1788340027,491530,9,,single
1788340028,491950,12,,single
1788340029,492720,661,,single
1788340031,493840,8,,single
1788340032,494150,7,,single
1788340034,495140,30,,single
1788340035,495560,9,,single
1788340036,496890,1,,single
1788340038,498240,27,,single
1788340039,499440,0,,single
1788340041,499660,3,,single
1788340042,501080,11,,single
1788340043,501320,1,,single
1788340045,502500,433,,single
1788340046,503400,3,,single
1788340048,503940,108,,single
1788340049,504370,100,,single
1788340050,505230,28,,single
1788340052,507010,2,,single
1788340053,508900,4,,single
1788340054,509580,5,,single
1788340056,510500,3,,single
1788340057,512470,25,,single
1788340058,513510,0,,single
1788340060,515180,42,,single
1788340061,516750,576,,single
1788340063,517710,1,,single
1788340064,518030,4,,single
1788340065,518790,2515,,single
1788340067,522470,16,,single
1788340068,523780,5,,single
1788340070,525360,0,,single
1788340071,525620,12,,single
1788340072,528200,24,,single
1788340074,529340,4158,,single
1788340075,530320,3,,single
1788340076,532110,260,,single
1788340078,533300,2,,single
1788340079,535520,1,,single
1788340081,537110,10,,single
1788340082,538100,8,,single
1788340083,539470,16,,single
1788340085,540840,9,,single
1788340086,541210,51,,single
1788340088,543870,17,,single
1788340089,544550,276,,single
1788340090,544810,2945,,single
1788340092,547860,1,,single
1788340093,551730,7,,single
1788340094,552080,0,,single
1788340096,552500,1700,,single
1788340097,552920,0,,single
1788340099,553210,1,,single
1788340100,553420,113,,single
1788340101,553540,58,,single
1788340103,553850,28580,,single
1788340104,555000,1,,single
1788340105,555880,1,,single
1788340107,557600,64,,single
1788340108,558260,2,,single
1788340109,559210,0,,single
1788340111,559650,20,,single
1788340112,561600,3,,single
1788340113,562220,0,,single
1788340115,562810,10,,single
1788340116,563560,113,,single
1788340117,564310,68,,single
1788340119,564710,42,,single
1788340120,566160,2,,single
1788340121,567630,97,,single
1788340123,568220,1510,,single
1788340124,569480,129,,single
1788340126,571260,18,,single
1788340127,571740,71,,single
1788340128,572430,8,,single
1788340130,573090,811,,single
1788340131,573120,18,,single
1788340132,574310,0,,single
1788340134,574740,0,,single
1788340135,575720,86,,single
1788340136,577690,5,,single
1788340138,577940,15,,single
1788340139,578330,112,,single
1788340141,579950,0,,single
1788340142,580720,6,,single
1788340143,581660,7,,single
1788340145,582500,103,,single
1788340146,583010,27,,single
1788340147,584400,70,,single
1788340149,585410,18,,single
1788340150,585710,7,,single
1788340151,586030,0,,single
1788340153,587430,1,,single
1788340154,587620,38,,single
1788340155,588040,3,,single
1788340157,589290,280,,single
1788340158,589870,72,,single
1788340159,591460,5,,single
1788340161,592260,20,,single
1788340162,592600,0,,single
1788340163,593960,0,,single
1788340165,594650,10781,,single
1788340166,595280,0,,single
1788340168,595520,184,,single
1788340169,597180,330,,single
1788340170,598550,5,,single
1788340172,598960,21,,single
1788340173,599140,1692,,single
1788340174,599750,4,,single
1788340176,600480,49,,single
1788340177,601220,1,,single
1788340178,601510,1368,,single
1788340180,602320,293,,single
1788340181,603850,224,,single
1788340183,604330,2,,single
1788340184,605740,80,,single
1788340185,606500,3,,single
1788340187,609110,3,,single
1788340188,609940,3,,single
1788340189,610360,0,,single
1788340191,611980,0,,single
1788340192,613830,83,,single
1788340193,616110,7,,single
1788340195,617480,10,,single
1788340196,618140,249,,single
1788340197,619150,4,,single
1788340199,619700,0,,single
1788340200,619910,3,,single
1788340201,620980,198,,single
1788340203,621060,121,,single
1788340204,623280,0,,single
1788340206,624270,8,,single
1788340207,626610,11,,single
1788340208,627690,1819,,single
1788340210,628770,4,,single
1788340211,629730,215,,single
1788340213,631510,273,,single
1788340214,632300,389,,single
1788340215,633060,3,,single
1788340217,633230,304,,single
1788340218,634160,6,,single
1788340219,635320,0,,single
1788340221,636150,49,,single
1788340222,637850,0,,single
1788340224,638230,62,,single
1788340225,639170,0,,single
1788340226,640590,30,,single
1788340228,641080,12,,single
1788340229,641960,1,,single
1788340230,643270,1,,single
1788340232,645090,1,,single
1788340233,645790,3,,single
1788340235,646500,11,,single
1788340236,647830,175,,single
1788340237,648390,0,,single
1788340239,648580,49,,single
1788340240,650700,27,,single
1788340241,653930,2,,single
1788340243,656350,50,,single
1788340244,658560,3,,single
1788340245,659540,3,,single
1788340247,661790,1,,single
1788340249,663390,23,,single
1788340250,666140,237,,single
1788340251,666220,9,,single
1788340253,666860,97,,single
1788340254,667600,12,,single
1788340255,667870,0,,single
1788340257,669330,950,,single
1788340258,671440,13,,single
1788340259,671620,2,,single
1788340261,672870,34,,single
1788340262,673610,145,,single
1788340263,673880,34,,single
1788340265,674500,13,,single
1788340266,674930,5,,single
1788340268,675010,245,,single
1788340269,677160,8,,single
1788340270,678800,80,,single
1788340272,678960,214,,single
1788340273,679900,31,,single
1788340274,681280,164,,single
1788340276,682130,20,,single
1788340277,686200,29,,single
1788340279,688470,83,,single
1788340280,690790,406,,single
1788340281,692890,83,,single
1788340283,695330,6,,single
1788340284,697550,0,,single
1788340286,699130,1785,,single
1788340287,700600,82,,single
1788340288,702320,521,,single
1788340290,703080,2154,,single
1788340291,704850,318,,single
1788340293,705120,1,,single
1788340294,708720,0,,single
1788340295,711540,10,,single
1788340297,712100,163,,single
1788340298,716490,5,,single
1788340299,716710,7,,single
1788340301,718850,74,,single
1788340302,719890,485,,single
1788340303,720560,3,,single
1788340305,722060,17,,single
1788340306,725270,0,,single
1788340308,725480,0,,single
1788340309,726590,4,,single
1788340310,727020,0,,single
1788340312,728740,24,,single
1788340313,729000,5,,single
1788340314,730820,11,,single
1788340316,731490,132,,single
1788340317,732370,8,,single
1788340318,733070,35,,single
1788340320,733990,1,,single
1788340321,735280,22,,single
1788340323,735580,0,,single
1788340324,736590,91,,single
1788340325,738060,30,,single
1788340327,741140,10,,single
1788340328,742120,18,,single
1788340330,743130,1,,single
1788340331,744190,233,,single
1788340332,746850,11,,single
1788340334,747660,105,,single
1788340335,748360,0,,single
1788340336,748940,0,,single
1788340338,751630,21,,single
1788340339,753420,59,,single
1788340340,753660,7,,single
1788340342,754500,10,,single
1788340343,755790,1,,single
1788340345,757210,47,,single
1788340346,757320,65,,single
1788340347,758190,610,,single
1788340349,758370,88,,single
1788340350,758870,87,,single
1788340351,759740,8,,single
1788340353,760650,9,,single
1788340354,761620,27,,single
1788340355,761890,5954,,single
1788340357,762830,0,,single
1788340358,764050,0,,single
1788340359,766280,0,,single
1788340361,767390,2,,single
1788340362,770240,27,,single
1788340363,772540,3,,single
1788340365,773790,100,,single
1788340366,774461,10,,single
1788340367,774861,10,,single
1788340369,776490,1,,single
1788340370,780290,173,,single
1788340372,782330,517,,single
1788340373,783770,2,,single
1788340375,784150,2024,,single
1788340376,785740,39,,single
1788340378,785890,3,,single
1788340379,787860,743,,single
1788340380,790600,10,,single
1788340382,790820,71,,single
1788340383,792040,2,,single
1788340384,792120,1,,single
1788340386,792710,8,,single
1788340387,793460,43,,single
1788340388,795100,5,,single
1788340390,795630,86,,single
1788340391,797410,1,,single
1788340393,798290,8,,single
1788340394,798490,9,,single
1788340395,799070,2,,single
1788340397,799960,412,,single
1788340398,801480,3,,single
1788340400,801630,4,,single
1788340401,803330,12,,single
1788340403,804700,16,,single
1788340404,805940,5,,single
1788340405,808290,79,,single
1788340407,809230,66,,single
1788340408,811320,10,,single
1788340409,812140,4258,,single
1788340411,813630,87,,single
1788340412,813820,0,,single
1788340413,814380,4535,,single
1788340415,815780,11,,single
1788340416,816340,178,,single
1788340417,817540,1,,single
1788340419,819030,9,,single
1788340420,821250,178,,single
1788340422,823130,104,,single
1788340423,823950,2,,single
1788340424,824550,60,,single
1788340426,826630,44,,single
1788340427,829110,70,,single
1788340429,829660,31,,single
1788340430,833360,402,,single
1788340431,834740,33,,single
1788340433,835960,67,,single
1788340434,838310,1,,single
1788340435,839770,129,,single
1788340437,840010,3,,single
1788340438,841190,7,,single
1788340439,842180,5,,single
1788340441,843260,17,,single
1788340442,843390,5,,single
1788340443,844260,2,,single
1788340445,845070,15,,single
1788340446,845890,0,,single
1788340447,846110,26,,single
1788340449,846770,111,,single
1788340450,848350,9,,single
1788340451,848480,106,,single
1788340453,852110,1,,single
1788340454,853450,16,,single
1788340456,853770,1,,single
1788340457,855640,1,,single
1788340458,858260,1,,single
1788340460,858760,10,,single
1788340461,859580,208,,single
1788340462,860890,24,,single
1788340464,861250,2,,single
1788340465,863590,3,,single
1788340467,865360,108,,single
1788340468,865610,4,,single
1788340469,866440,0,,single
1788340471,867210,107,,single
1788340472,868360,599,,single
1788340473,870780,1310,,single
1788340475,872670,31,,single
1788340476,873940,10,,single
1788340477,874390,153,,single
1788340479,878380,4,,single
1788340480,880940,846,,single
1788340482,881100,1297,,single
1788340483,882710,3,,single
1788340484,884260,0,,single
1788340486,885810,7,,single
1788340487,887570,52,,single
1788340490,890720,2,,single
1788340491,893030,2,,single
1788340493,894020,41,,single
1788340494,895870,91,,single
1788340495,896520,1,,single
1788340497,897730,0,,single
1788340498,898890,4,,single
1788340499,900270,8,,single
1788340501,905340,9,,single
1788340502,908100,3,,single
1788340503,913060,3,,single
1788340505,914010,4,,single
1788340506,914800,14,,single
1788340507,915320,15,,single
1788340509,916440,1565,,single
1788340510,917150,0,,single
1788340512,918570,27,,single
1788340513,922320,15,,single
1788340514,925570,2,,single
1788340516,926140,7,,single
1788340517,934840,0,,single
1788340518,936720,10,,single
1788340520,937170,19,,single
1788340521,937580,22,,single
1788340522,939100,0,,single
1788340524,939620,1,,single
1788340525,940710,11,,single
1788340526,942970,141,,single
1788340528,945360,3551,,single
1788340529,946720,4,,single
1788340531,949290,6,,single
1788340532,950100,0,,single
1788340533,950740,7,,single
1788340535,952290,0,,single
1788340536,953490,111,,single
1788340537,954870,2,,single
1788340539,956030,26,,single
1788340540,958400,5,,single
1788340541,960690,12,,single
1788340543,961200,762,,single
1788340544,962400,88,,single
1788340545,963710,3,,single
1788340547,964350,0,,single
1788340548,964800,6,,single
1788340549,965230,16,,single
1788340551,965680,26,,single
1788340552,966320,1,,single
1788340554,966610,89,,single
1788340555,968250,12,,single
1788340556,970500,18,,single
1788340558,973580,174,,single
1788340559,973810,10,,single
1788340560,976010,1,,single
1788340562,977400,5357,,single
1788340563,978300,223,,single
1788340564,978520,41,,single
1788340566,979080,0,,single
1788340567,979120,47,,single
1788340568,979920,146,,single
1788340570,980610,107,,single
1788340571,981890,3,,single
1788340572,982290,2,,single
1788340574,984780,10,,single
1788340575,986130,127,,single
1788340576,987020,0,,single
1788340578,988910,4,,single
1788340579,991170,19,,single
1788340580,994140,1,,single
1788340582,995980,2,,single
1788340583,996580,128,,single
1788340584,997380,13,,single
1788340586,998740,25,,single
1788340587,1000360,26,,single
1788340589,1003590,53,,single
1788340590,1004750,32,,single
1788340591,1005930,8,,single
1788340593,1009560,44,,single
1788340594,1010750,10,,single
1788340595,1010890,1,,single
1788340597,1012110,10,,single
1788340598,1012790,12,,single
1788340600,1012880,117,,single
1788340601,1013320,1688,,single
1788340602,1016920,131,,single
1788340604,1018010,7,,single
1788340605,1018800,4,,single
1788340606,1019310,0,,single
1788340608,1020790,105,,single
1788340609,1021210,53,,single
1788340610,1022980,317,,single
1788340612,1024650,46,,single
1788340613,1025960,11,,single
1788340614,1026840,1,,single
1788340616,1028630,69,,single
1788340617,1029780,1039,,single
1788340618,1031480,2,,single
1788340620,1036240,14,,single
1788340621,1036950,106,,single
1788340622,1038370,1,,single
1788340624,1039880,0,,single
1788340625,1040230,67,,single
1788340626,1043260,20,,single
1788340628,1044720,1254,,single
1788340629,1046400,5,,single
1788340630,1048540,2,,single
1788340632,1049410,68,,single
1788340633,1051690,8,,single
1788340634,1054430,0,,single
1788340636,1054510,206,,single
1788340637,1055430,36,,single
1788340639,1058020,21,,single
1788340640,1058450,2,,single
1788340641,1058650,0,,single
1788340643,1058830,8,,single
1788340644,1059980,2,,single
1788340645,1061090,62,,single
1788340647,1061910,18,,single
1788340648,1062110,2,,single
1788340650,1062160,45,,single
1788340651,1063420,41,,single
1788340652,1064460,2,,single
1788340654,1065310,29,,single
1788340655,1066780,2960,,single
1788340656,1067540,4,,single
1788340658,1069160,14,,single
1788340659,1069650,23,,single
1788340660,1069690,4,,single
1788340662,1070330,9,,single
1788340663,1071130,7,,single
1788340664,1072150,3,,single
1788340666,1072480,8,,single
1788340667,1073910,9,,single
1788340668,1075740,7,,single
1788340670,1076200,71,,single
1788340671,1078420,0,,single
1788340672,1078760,4,,single
1788340674,1079160,4,,single
1788340675,1080110,38,,single
1788340677,1081510,0,,single
1788340678,1084020,103,,single
1788340679,1084640,1,,single
1788340681,1085510,5,,single
1788340682,1086410,0,,single
1788340683,1087760,6,,single
1788340685,1088850,222,,single
1788340686,1089350,148,,single
1788340687,1091920,6,,single
1788340689,1092660,7,,single
1788340690,1094520,102,,single
1788340692,1096530,182,,single
1788340693,1097130,10,,single
1788340694,1097350,18,,single
1788340696,1098340,3,,single
1788340697,1100140,24,,single
1788340698,1100600,743,,single
1788340700,1100990,26,,single
1788340701,1101140,3,,single
1788340702,1104450,3,,single
1788340704,1106840,250,,single
1788340705,1108370,73,,single
1788340706,1109680,28,,single
1788340708,1111460,6,,single
1788340709,1114150,277,,single
1788340710,1114940,32,,single
1788340712,1116540,1,,single
1788340713,1118920,0,,single
1788340715,1119980,9,,single
1788340716,1121640,142,,single
1788340717,1122680,1,,single
1788340719,1123770,30,,single
1788340720,1124180,102,,single
1788340721,1126310,14,,single
1788340723,1127700,46,,single
1788340724,1129220,2,,single
1788340725,1129580,1661,,single
1788340727,1131190,3,,single
1788340728,1134100,15,,single
1788340729,1134710,220,,single
1788340731,1135690,78,,single
1788340732,1137460,6,,single
1788340734,1138100,0,,single
1788340735,1138660,31,,single
1788340736,1139800,3,,single
1788340738,1139900,124,,single
1788340739,1140150,86,,single
1788340740,1140620,14,,single
1788340742,1141580,4,,single
1788340743,1142710,21454,,single
1788340744,1144170,93,,single
1788340746,1144770,1,,single
1788340747,1147550,21,,single
1788340748,1147690,2866,,single
1788340750,1148590,15,,single
1788340751,1148760,32,,single
1788340753,1149620,114,,single
1788340754,1150760,20,,single
1788340755,1151050,0,,single
1788340757,1151640,330,,single
1788340758,1153410,35,,single
1788340759,1154040,0,,single
1788340761,1154840,38,,single
1788340762,1155970,21,,single
1788340764,1157220,20,,single
1788340765,1158310,13919,,single
1788340766,1158850,169,,single
1788340768,1159290,25,,single
1788340769,1160220,6,,single
1788340771,1161170,6,,single
1788340772,1161580,109,,single
1788340773,1162130,5,,single
1788340775,1163870,4,,single
1788340776,1164250,6,,single
1788340777,1166290,26,,single
1788340779,1167450,13,,single
1788340780,1168470,0,,single
1788340781,1170060,2,,single
1788340783,1172380,423,,single
1788340784,1172620,1716,,single
1788340786,1173010,5,,single
1788340787,1173770,35,,single
1788340788,1173800,30,,single
1788340790,1173820,116,,single
1788340791,1175460,11,,single
1788340792,1177660,2,,single
1788340794,1178220,6,,single
1788340795,1179210,9,,single
1788340796,1181830,28,,single
1788340798,1182110,20,,single
1788340799,1182620,6,,single
1788340801,1182920,34,,single
1788340802,1186640,10,,single
1788340803,1187510,17,,single
1788340805,1189490,1661,,single
1788340806,1190170,0,,single
1788340807,1191120,14,,single
1788340809,1191840,9,,single
1788340810,1194630,20,,single
1788340812,1195290,0,,single
1788340813,1196470,24,,single
1788340814,1197260,660,,single
1788340816,1198090,52,,single
1788340817,1201230,87,,single
1788340818,1201270,12,,single
1788340820,1202130,131,,single
1788340821,1202900,12,,single
1788340823,1203220,28105,,single
1788340824,1203710,12,,single
1788340825,1205040,12,,single
1788340827,1205520,44,,single
1788340828,1206430,3,,single
1788340829,1206610,19,,single
1788340831,1210030,3,,single
1788340832,1210320,346,,single
1788340833,1211630,29,,single
1788340835,1214360,0,,single
1788340836,1215390,108,,single
1788340837,1216710,58,,single
1788340839,1218900,0,,single
1788340840,1221250,5,,single
1788340842,1222300,5,,single
1788340843,1222730,28,,single
1788340844,1224290,5,,single
1788340846,1227280,13,,single
1788340847,1227650,6,,single
1788340848,1229240,64,,single
1788340850,1229900,2,,single
1788340851,1231880,9,,single
1788340853,1232580,25,,single
1788340854,1233410,7,,single
1788340855,1233590,1,,single
1788340857,1236720,64,,single
1788340858,1237970,871,,single
1788340860,1238840,4495,,single
1788340861,1239080,360,,single
1788340862,1239320,12,,single
1788340864,1240590,3,,single
1788340865,1241950,17,,single
1788340867,1243850,22,,single
1788340868,1244460,370,,single
1788340869,1244800,53,,single
1788340871,1245540,1,,single
1788340872,1249040,12,,single
1788340873,1250410,2177,,single
1788340875,1252780,131,,single
1788340876,1254370,0,,single
1788340877,1257360,0,,single
1788340879,1258080,2891,,single
1788340880,1259840,9,,single
1788340882,1260320,2704,,single
1788340883,1260810,5,,single
1788340884,1262350,65,,single
1788340886,1262540,197,,single
1788340887,1262580,226,,single
1788340889,1263230,2,,single
1788340890,1264250,23,,single
1788340891,1265820,59,,single
1788340893,1266030,12,,single
1788340894,1267470,3,,single
1788340895,1267910,4266,,single
1788340897,1269950,5,,single
1788340898,1271280,4,,single
1788340900,1272010,8,,single
1788340901,1272320,786,,single
1788340903,1273400,613,,single
1788340904,1273710,16,,single
1788340905,1275350,64,,single
1788340907,1278480,103,,single
1788340908,1280780,59,,single
1788340910,1281630,181,,single
1788340911,1282410,12,,single
1788340912,1283190,36,,single
1788340914,1283410,66,,single
1788340915,1286220,1024,,single
1788340917,1286320,9,,single
1788340918,1286580,130,,single
1788340919,1286830,2251,,single
1788340921,1288320,119,,single
1788340922,1289380,27,,single
1788340923,1290260,0,,single
1788340925,1291340,34,,single
1788340926,1292630,37,,single
1788340928,1293830,1832,,single
1788340929,1294660,0,,single
1788340930,1294810,6,,single
1788340932,1295510,448,,single
1788340933,1296840,2,,single
1788340935,1297300,0,,single
1788340936,1299690,7,,single
1788340937,1302240,36,,single
1788340939,1304930,2155,,single
1788340940,1307710,25,,single
1788340942,1309610,1,,single
1788340943,1310330,1,,single
1788340944,1313140,2022,,single
1788340946,1315980,2,,single
1788340947,1316910,2,,single
1788340948,1319460,0,,single
1788340950,1323420,0,,single
1788340951,1324530,1,,single
1788340953,1328350,17,,single
1788340954,1329500,22,,single
1788340955,1329880,4,,single
1788340957,1330470,26,,single
1788340958,1331440,2,,single
1788340960,1332720,187,,single
1788340961,1335530,1,,single
1788340963,1335790,24,,single
1788340964,1336490,1396,,single
1788340965,1336980,1215,,single
1788340967,1337760,22,,single
1788340968,1338330,7,,single
1788340969,1338770,451,,single
1788340971,1339000,4,,single
1788340972,1340990,223,,single
1788340974,1342330,93,,single
1788340975,1342890,0,,single
1788340977,1343370,942,,single
1788340978,1343670,61,,single
1788340979,1345890,3,,single
1788340981,1347030,0,,single
1788340982,1347780,6,,single
1788340984,1348300,17,,single
1788340985,1350840,13,,single
1788340987,1351630,14,,single
1788340988,1352850,4,,single
1788340989,1354830,9,,single
1788340991,1356810,24,,single
1788340992,1357870,8,,single
1788340994,1359980,18,,single
1788340995,1360390,3,,single
1788340997,1361000,4,,single
1788340998,1361510,83,,single
1788341000,1363430,14,,single
1788341001,1364100,2,,single
1788341002,1364290,17,,single
1788341004,1364780,17555,,single
1788341005,1366800,24026,,single
1788341006,1367550,217,,single
1788341008,1369630,172,,single
1788341009,1369760,17,,single
1788341011,1371720,11,,single
1788341012,1372320,1,,single
1788341013,1372810,19,,single
1788341015,1373960,35,,single
1788341016,1375740,0,,single
1788341018,1377150,14,,single
1788341019,1377380,168,,single
1788341021,1378290,8,,single
1788341022,1380910,18,,single
1788341024,1384160,794,,single
1788341025,1385380,175,,single
1788341026,1386900,2,,single
1788341028,1389550,6,,single
1788341029,1389990,32,,single
1788341031,1390410,5,,single
1788341032,1392960,31,,single
1788341033,1395560,5,,single
1788341035,1397390,4,,single
1788341036,1398740,4,,single
1788341038,1402110,3,,single
1788341039,1404850,118,,single
1788341040,1407200,5777,,single
1788341042,1408610,55,,single
1788341043,1410640,13,,single
1788341045,1411740,14,,single
1788341046,1413870,7,,single
1788341047,1414850,1,,single
1788341049,1416230,1,,single
1788341050,1416920,159,,single
1788341052,1418630,1113,,single
1788341053,1419850,20,,single
1788341054,1420770,23,,single
1788341056,1421790,5,,single
1788341057,1422440,129,,single
1788341058,1426010,3,,single
1788341060,1426450,75,,single
1788341061,1430420,5,,single
1788341063,1431610,2,,single
1788341064,1432860,343,,single
1788341065,1434950,48,,single
1788341067,1435790,137,,single
1788341068,1436990,30,,single
1788341069,1437820,91,,single
1788341071,1440440,2,,single
1788341072,1442430,246,,single
1788341074,1444480,218,,single
1788341075,1447000,9,,single
1788341076,1448030,0,,single
1788341078,1449200,12,,single
1788341080,1449690,599,,single
1788341081,1450830,5,,single
1788341082,1451190,278,,single
1788341084,1451810,13,,single
1788341085,1455630,20,,single
1788341087,1455840,319,,single
1788341088,1456760,6,,single
1788341089,1458140,310,,single
1788341091,1461600,0,,single
1788341092,1462470,1,,single
1788341095,1462810,85,,single
1788341096,1465360,2003,,single
1788341098,1466640,45,,single
1788341099,1467920,3,,single
1788341101,1468720,64,,single
1788341102,1471410,30,,single
1788341103,1475380,0,,single
1788341105,1476970,14617,,single
1788341106,1477590,77,,single
1788341108,1478160,4,,single
1788341109,1481170,43,,single
1788341111,1482860,63,,single
1788341112,1484280,6,,single
1788341114,1485590,7,,single
1788341115,1486920,148,,single
1788341116,1489970,3,,single
1788341118,1491340,17,,single
1788341119,1493640,75,,single
1788341120,1494810,15,,single
1788341122,1499120,1,,single
1788341123,1502190,3,,single
1788341125,1507190,10,,single
1788341126,1509960,75,,single
1788341127,1511460,30,,single
1788341129,1511670,1,,single
1788341130,1514930,0,,single
1788341132,1517290,739,,single
1788341133,1521580,14,,single
1788341134,1522820,91,,single
1788341136,1525700,88,,single
1788341137,1527910,5,,single
1788341139,1532200,34,,single
1788341140,1534980,105,,single
1788341141,1536090,39,,single
1788341143,1538970,17,,single
1788341144,1540210,15,,single
1788341145,1543280,7,,single
1788341147,1545450,31,,single
1788341148,1546310,3,,single
1788341150,1546400,26,,single
1788341151,1547890,29,,single
1788341152,1552350,6,,single
1788341154,1554790,9,,single
1788341155,1556200,34,,single
1788341157,1556980,0,,single
1788341158,1557990,0,,single
1788341160,1559600,46,,single
1788341161,1562430,425,,single
1788341163,1564090,3,,single
1788341164,1567020,17,,single
1788341165,1569040,1082,,single
1788341167,1569520,2,,single
1788341168,1570010,15,,single
1788341169,1570330,2,,single
1788341171,1573280,6,,single
1788341172,1574310,1,,single
1788341174,1574820,102,,single
1788341175,1575870,8,,single
1788341176,1576060,6,,single
1788341178,1578650,46,,single
1788341179,1579380,13,,single
1788341181,1580520,17,,single
1788341182,1582650,27,,single
1788341184,1583320,279,,single
1788341185,1587130,24,,single
1788341186,1589120,16,,single
1788341188,1590760,19,,single
1788341189,1592190,138,,single
1788341190,1592290,19,,single
1788341192,1592670,4,,single
1788341193,1594940,224,,single
1788341195,1598160,0,,single
1788341196,1599560,0,,single
1788341198,1599880,2,,single
1788341199,1601580,473,,single
1788341200,1602080,9,,single
1788341202,1603640,5,,single
1788341203,1604030,2062,,single
1788341205,1606180,113,,single
1788341206,1607680,14,,single
1788341207,1608230,30,,single
1788341209,1608640,10,,single
1788341210,1610440,51,,single
1788341212,1611410,74,,single
1788341213,1611600,567,,single
1788341215,1612620,0,,single
1788341216,1615290,23,,single
1788341218,1620340,21,,single
1788341219,1621310,23,,single
1788341220,1622770,22,,single
1788341222,1624540,61,,single
1788341223,1626890,0,,single
1788341225,1628130,0,,single
1788341226,1630920,0,,single
1788341227,1634150,3,,single
1788341229,1637320,558,,single
1788341230,1638220,81,,single
1788341232,1644320,208,,single
1788341233,1645820,610,,single
1788341235,1648390,70,,single
1788341236,1649730,122,,single
1788341237,1650010,123,,single
1788341239,1651960,1,,single
1788341240,1656780,31,,single
1788341242,1658040,67,,single
1788341243,1659040,2658,,single
1788341244,1660080,178,,single
1788341246,1663040,24,,single
1788341247,1664220,10,,single
1788341249,1668510,26,,single
1788341250,1669000,1051,,single
1788341251,1669420,6,,single
1788341253,1674170,237,,single
1788341254,1676130,3,,single
1788341256,1677280,2955,,single
1788341257,1677740,1534,,single
1788341258,1681430,267,,single
1788341260,1682060,16,,single
1788341261,1684350,35,,single
1788341263,1689620,77,,single
1788341264,1693980,485,,single
1788341265,1696440,29,,single
1788341267,1697700,8,,single
1788341268,1700270,71,,single
1788341269,1701380,26,,single
1788341271,1703340,70,,single
1788341272,1707650,1,,single
1788341274,1709900,9,,single
1788341275,1711610,3,,single
1788341276,1712840,2,,single
1788341278,1715730,1,,single
1788341279,1718870,83,,single
1788341281,1723780,22,,single
1788341282,1730250,6,,single
1788341283,1730700,24,,single
1788341285,1732430,6,,single
1788341286,1735950,8,,single
1788341287,1739010,20,,single
1788341289,1743850,6,,single
1788341290,1746930,4,,single
1788341292,1750570,0,,single
1788341293,1754840,0,,single
1788341294,1761380,51,,single
1788341296,1761620,1,,single
1788341297,1764530,64,,single
1788341299,1768280,17,,single
1788341300,1769420,10,,single
1788341301,1771980,8,,single
1788341303,1779200,24,,single
1788341304,1782330,3,,single
1788341305,1785150,16,,single
1788341307,1789480,4,,single
1788341308,1792250,50,,single
1788341310,1796470,157,,single
1788341311,1798010,53,,single
1788341312,1801520,4,,single
1788341314,1804010,1,,single
1788341315,1811040,3,,single
1788341317,1811950,24,,single
1788341318,1812090,66,,single
1788341319,1812620,3467,,single
1788341321,1816300,26,,single
1788341322,1817190,836,,single
1788341324,1818750,14,,single
1788341325,1822910,0,,single
1788341326,1824220,1132,,single
1788341328,1831250,28,,single
1788341329,1835240,7,,single
1788341331,1837220,3,,single
1788341332,1839810,5,,single
1788341333,1839940,17,,single
1788341335,1843090,2,,single
1788341336,1844380,9,,single
1788341338,1846380,531,,single
1788341339,1848450,2,,single
1788341340,1849900,3,,single
1788341342,1850480,0,,single
1788341343,1850570,951,,single
1788341345,1859280,10,,single
1788341347,1860510,82,,single
1788341348,1863750,17,,single
1788341350,1866880,16,,single
1788341351,1871990,2,,single
1788341352,1874490,32,,single
1788341354,1875060,10,,single
1788341355,1879380,6,,single
1788341356,1881420,11,,single
1788341358,1882500,13,,single
1788341359,1885110,2,,single
1788341361,1887400,11,,single
1788341362,1888160,789,,single
1788341363,1889640,0,,single
1788341365,1892420,2,,single
1788341366,1894430,47,,single
1788341368,1895300,29,,single
1788341369,1898290,11,,single
1788341370,1900340,4,,single
1788341372,1902960,9,,single
1788341374,1904540,1912,,single
1788341375,1909420,1,,single
1788341377,1911390,4,,single
1788341378,1913210,4,,single
1788341379,1915510,44,,single
1788341381,1920480,7,,single
1788341382,1922560,513,,single
1788341384,1927740,19,,single
1788341385,1931730,4,,single
1788341386,1932570,1,,single
1788341389,1933700,4,,single
1788341390,1934680,1246,,single
1788341391,1938010,37,,single
1788341393,1939970,17,,single
1788341394,1943950,4124,,single
1788341396,1944790,20,,single
1788341397,1946700,8,,single
1788341398,1949960,1,,single
1788341400,1952370,7,,single
1788341401,1954200,38,,single
1788341403,1955330,0,,single
1788341404,1956800,113,,single
1788341405,1958220,64,,single
1788341407,1963570,4,,single
1788341408,1967260,21,,single
1788341410,1967630,82,,single
1788341411,1970580,137,,single
1788341413,1971650,985,,single
1788341414,1975440,13,,single
1788341415,1978590,10,,single
1788341417,1980530,18,,single
1788341418,1983260,20,,single
1788341420,1988550,32,,single
1788341421,1990110,18,,single
1788341422,2000950,769,,single
1788341424,2008920,34,,single
1788341425,2011470,4,,single
1788341427,2013730,7,,single
1788341428,2015240,34,,single
1788341429,2019810,17,,single
1788341431,2024070,2,,single
1788341432,2026820,85,,single
1788341434,2051620,2049,,single
1788341435,2056210,18,,single
1788341437,2058190,319,,single
1788341438,2059660,0,,single
1788341439,2060160,436,,single
1788341441,2064650,168,,single
1788341442,2066020,254,,single
1788341443,2067790,2,,single
1788341445,2068280,80,,single
1788341446,2069310,510,,single
1788341448,2073250,62,,single
1788341449,2075070,7,,single
1788341450,2076140,6,,single
1788341452,2080690,601,,single
1788341453,2085360,2,,single
1788341455,2088160,3,,single
1788341456,2093910,4,,single
1788341457,2096600,88,,single
1788341459,2097230,3,,single
1788341460,2103130,148,,single
1788341461,2104890,567,,single
1788341463,2108330,68,,single
1788341464,2111170,19,,single
1788341466,2114740,522,,single
1788341467,2118810,35,,single
1788341469,2120900,7,,single
1788341470,2124420,1,,single
1788341471,2128480,73,,single
1788341473,2131640,116,,single
1788341474,2134770,27,,single
1788341476,2138710,324,,single
1788341477,2140510,136,,single
1788341478,2144740,53,,single
1788341480,2155180,151,,single
1788341481,2161700,4415,,single
1788341483,2166060,4,,single
1788341484,2169200,368,,single
1788341486,2172010,35,,single
1788341487,2180340,2,,single
1788341488,2181720,7,,single
1788341490,2182400,5,,single
1788341491,2183900,7966,,single
1788341493,2186320,339,,single
1788341494,2187290,55,,single
1788341495,2194530,162,,single
1788341497,2195250,804,,single
1788341498,2196790,1,,single
1788341500,2205850,111,,single
1788341501,2206270,43,,single
1788341502,2208570,60,,single
1788341504,2211170,58,,single
1788341505,2215430,1790,,single
1788341506,2217000,174,,single
1788341508,2221490,3408,,single
1788341509,2230280,3,,single
1788341510,2230980,155,,single
1788341512,2233120,12,,single
1788341513,2237970,42,,single
1788341515,2239150,302,,single
1788341516,2244130,227,,single
1788341517,2248760,605,,single
1788341519,2252680,11,,single
1788341520,2271930,324,,single
1788341522,2272400,10,,single
1788341523,2273430,1160,,single
1788341524,2273980,64,,single
1788341526,2277320,7,,single
1788341527,2287520,5,,single
1788341529,2289650,42,,single
1788341530,2290180,248,,single
1788341532,2292260,9,,single
1788341533,2296990,66,,single
1788341534,2300320,16787,,single
1788341536,2302660,23,,single
1788341537,2304990,7,,single
1788341539,2314160,10,,single
1788341540,2318480,0,,single
1788341541,2322010,1230,,single
1788341543,2328480,29,,single
1788341544,2330500,6,,single
1788341545,2334730,101,,single
1788341547,2338770,511,,single
1788341548,2351560,36,,single
1788341550,2354000,9,,single
1788341551,2357000,8,,single
1788341552,2362300,23,,single
1788341554,2366980,12,,single
1788341555,2378900,134,,single
1788341557,2379910,5,,single
1788341558,2381590,10,,single
1788341559,2384580,876,,single
1788341561,2390260,0,,single
1788341562,2399830,19434,,single
1788341564,2400340,4,,single
1788341565,2400770,18,,single
1788341566,2408820,362,,single
1788341568,2418520,948,,single
1788341569,2420110,941,,single
1788341570,2421410,50,,single
1788341572,2431660,0,,single
1788341573,2436940,5656,,single
1788341575,2442460,35,,single
1788341576,2455640,157,,single
1788341577,2470300,7,,single
1788341579,2477090,8,,single
1788341580,2479810,1459,,single
1788341582,2486740,40,,single
1788341583,2495100,461,,single
1788341584,2499470,30,,single
1788341586,2503770,197,,single
1788341587,2510710,12,,single
1788341589,2512560,0,,single
1788341590,2515020,566,,single
1788341592,2521380,12,,single
1788341593,2525310,71,,single
1788341595,2531310,1308,,single
1788341596,2535830,0,,single
1788341597,2543180,30,,single
1788341599,2552430,2750,,single
1788341600,2555320,0,,single
1788341602,2559270,4,,single
1788341603,2570210,123,,single
1788341604,2581700,44,,single
1788341606,2591280,463,,single
1788341607,2594540,20,,single
1788341608,2597080,165,,single
1788341610,2608270,61,,single
1788341611,2617400,40,,single
1788341612,2634890,29,,single
1788341614,2638370,6,,single
1788341615,2646460,1952,,single
1788341616,2651280,3284,,single
1788341618,2653790,33,,single
1788341619,2656540,49,,single
1788341621,2658470,2,,single
1788341622,2669320,2809,,single
1788341623,2670630,1923,,single
1788341625,2675290,1,,single
1788341626,2677660,241,,single
1788341627,2683150,196,,single
1788341629,2688570,4,,single
1788341630,2689470,7,,single
1788341632,2694420,6,,single
1788341633,2697930,21,,single
1788341634,2706170,36,,single
1788341636,2707940,109,,single
1788341637,2709570,4708,,single
1788341639,2719030,67,,single
1788341640,2719290,40,,single
1788341641,2737300,11,,single
1788341643,2758000,14,,single
1788341644,2772750,306,,single
1788341645,2780980,132,,single
1788341647,2793710,7,,single
1788341648,2798600,0,,single
1788341650,2818260,62,,single
1788341651,2825530,44,,single
1788341652,2827230,13,,single
1788341654,2842040,318,,single
1788341655,2850190,6,,single
1788341656,2865490,4,,single
1788341658,2878420,254,,single
1788341659,2881650,424,,single
1788341661,2890830,116,,single
1788341662,2909400,1719,,single
1788341663,2923390,13,,single
1788341665,2928520,77,,single
1788341666,2933130,266,,single
1788341668,2961530,5,,single
1788341669,2963880,2,,single
1788341670,2971610,12,,single
1788341672,2993780,294,,single
1788341673,3017860,741,,single
1788341674,3020510,585,,single
1788341676,3028310,98,,single
1788341677,3035570,186,,single
1788341679,3059010,14,,single
1788341680,3097560,332,,single
1788341681,3107800,8,,single
1788341683,3117820,1939,,single
1788341684,3126330,5,,single
1788341685,3132990,49,,single
1788341687,3150440,30,,single
1788341688,3167550,648,,single
1788341691,3170540,17,,single
1788341692,3178350,49,,single
1788341693,3204250,30,,single
1788341695,3226530,340,,single
1788341696,3228590,638,,single
1788341697,3261010,24,,single
1788341699,3292260,3,,single
1788341700,3399950,26,,single
1788341701,3416070,453,,single
1788341703,3463050,0,,single
1788341704,1326470,8018,,single
1788341706,1546990,237,,single
1788341707,292030,12051,,single
1788341709,360,23,,single
1788341710,1930,21,,single
1788341712,2290,0,,single
1788341713,2450,3,,single
1788341714,2640,15,,single
1788341716,3300,36,,single
1788341717,3710,2,,single
1788341718,3980,8,,single
1788341720,4770,9,,single
1788341721,6040,4,,single
1788341723,6120,4,,single
1788341724,6310,5,,single
1788341725,6510,7,,single
1788341727,6870,3,,single
1788341728,6900,6,,single
1788341729,7510,0,,single
1788341731,7600,46,,single
1788341732,7660,11,,single
1788341734,9160,0,,single
1788341735,9480,129,,single
1788341736,10220,7,,single
1788341738,11610,5,,single
1788341739,12150,61,,single
1788341740,12830,5,,single
1788341742,13520,43,,single
1788341743,13560,14,,single
1788341745,15120,9,,single
1788341746,15190,6,,single
1788341747,15370,197,,single
1788341749,15740,0,,single
1788341750,16720,1,,single
1788341752,17300,8,,single
1788341753,17710,0,,single
1788341754,18700,0,,single
1788341756,19800,5,,single
1788341757,19900,43,,single
1788341759,20510,71,,single
1788341760,20900,482,,single
1788341761,21010,0,,single
1788341763,21670,0,,single
1788341764,21780,4,,single
1788341766,22100,58,,single
1788341767,22140,0,,single
1788341768,22310,2,,single
1788341770,22370,170,,single
1788341771,22610,0,,single
1788341773,23310,9,,single
1788341774,24670,22,,single
1788341775,24840,7,,single
1788341777,24880,23,,single
1788341778,25980,11,,single
1788341779,27000,0,,single
1788341781,29900,10,,single
1788341782,32340,0,,single
1788341784,32500,7,,single
1788341785,34190,8,,single
1788341786,34900,5,,single
1788341788,37600,2,,single
1788341789,38700,0,,single
1788341790,39160,5,,single
1788341792,39500,163,,single
1788341793,40400,2,,single
1788341795,41800,1,,single
1788341796,42170,1,,single
1788341798,42990,2,,single
1788341799,44340,0,,single
1788341800,45750,3,,single
1788341802,46560,8,,single
1788341803,47410,340,,single
1788341804,47800,1,,single
1788341806,47920,3,,single
1788341807,48240,40,,single
1788341809,49470,6,,single
1788341810,50130,180,,single
1788341811,55100,6,,single
1788341813,57650,3,,single
1788341814,57740,21,,single
1788341816,61500,11,,single
1788341817,63500,2,,single
1788341818,63700,0,,single
1788341820,63950,0,,single
1788341821,65930,5,,single
1788341822,67370,25,,single
1788341824,71250,64,,single
1788341825,73020,7,,single
1788341827,91600,2,,single
1788341828,92100,0,,single
1788341829,93200,0,,single
1788341831,96100,1,,single
1788341832,99300,1,,single
1788341834,102840,3,,single
1788341835,105800,0,,single
1788341836,110800,111,,single
1788341838,111900,0,,single
1788341839,113420,2,,single
1788341841,200170,13,,single
1788341842,201290,11,,single
1788341843,201510,0,,single
1788341845,202310,4,,single
1788341846,202990,122,,single
1788341847,203650,3,,single
1788341849,204060,0,,single
1788341850,204180,1,,single
1788341852,205230,0,,single
1788341853,205730,0,,single
1788341854,205990,14,,single
1788341856,207430,0,,single
1788341857,208670,4,,single
1788341859,208750,3,,single
1788341860,209100,1,,single
1788341861,209630,0,,single
1788341863,209870,2,,single
1788341864,210950,3,,single
1788341866,211340,0,,single
1788341867,211500,360,,single
1788341869,212070,32,,single
1788341870,212200,303,,single
1788341871,213670,157,,single
1788341873,214360,3,,single
1788341874,214870,7,,single
1788341875,215100,48,,single
1788341877,215510,0,,single
1788341878,215690,0,,single
1788341879,215830,5,,single
1788341881,216150,7727,,single
1788341882,216910,0,,single
1788341883,217140,3,,single
1788341885,217750,38,,single
1788341886,217920,2,,single
1788341887,218230,229,,single
1788341889,218640,13,,single
1788341890,218820,0,,single
1788341892,219950,1,,single
1788341893,220660,7,,single
1788341895,220820,3,,single
1788341896,221100,24638,,single
1788341898,221810,2,,single
1788341899,222640,0,,single
1788341900,222980,2,,single
1788341902,223410,5,,single
1788341903,224500,7,,single
1788341905,224860,0,,single
1788341906,225020,2,,single
1788341907,225300,7,,single
1788341909,225420,9,,single
1788341910,225640,33,,single
1788341912,226560,2,,single
1788341913,226700,5,,single
1788341915,227180,1,,single
1788341916,227860,15,,single
1788341918,228300,14,,single
1788341919,230700,6,,single
1788341920,231060,4,,single
1788341922,231330,0,,single
1788341923,232050,23,,single
1788341924,232430,3,,single
1788341926,233230,0,,single
1788341927,233350,2,,single
1788341928,233720,7,,single
1788341930,234080,16,,single
1788341931,234390,5,,single
1788341933,235250,0,,single
1788341934,235380,5,,single
1788341936,236110,221,,single
1788341937,236510,0,,single
1788341938,236870,27,,single
1788341940,237310,112,,single
1788341941,237890,3,,single
1788341942,238260,19,,single
1788341944,238370,13,,single
1788341945,238910,0,,single
1788341947,239070,5,,single
1788341948,239200,5,,single
1788341949,240320,0,,single
1788341951,240720,154,,single
1788341952,241320,0,,single
1788341953,241720,1,,single
1788341955,242720,1,,single
1788341956,242980,0,,single
1788341958,243120,1,,single
1788341959,243780,7,,single
1788341960,244070,3,,single
1788341962,244770,3,,single
1788341963,245150,1,,single
1788341964,245300,7,,single
1788341966,245490,3,,single
1788341967,246090,0,,single
1788341969,246760,15,,single
1788341970,247950,1,,single
1788341971,249050,14,,single
1788341973,249590,0,,single
1788341974,249650,60,,single
1788341976,250380,2,,single
1788341977,250420,3,,single
1788341978,250580,0,,single
1788341980,250680,0,,single
1788341981,251110,12,,single
1788341983,251630,1,,single
1788341984,251950,1,,single
1788341985,252350,1,,single
1788341987,252450,4,,single
1788341988,252670,0,,single
1788341989,253190,0,,single
1788341991,253510,1,,single
1788341992,253920,2,,single
1788341993,254060,1,,single
1788341995,255070,1,,single
1788341996,255280,81,,single
1788341998,255390,2,,single
1788341999,255520,1,,single
1788342000,256460,0,,single
1788342002,257400,8,,single
1788342003,257690,0,,single
1788342005,257750,0,,single
1788342006,258520,1,,single
1788342008,259170,3,,single
1788342009,260190,6,,single
1788342010,261110,2,,single
1788342012,261700,0,,single
1788342013,262000,1,,single
1788342015,262260,0,,single
1788342016,262470,0,,single
1788342018,262960,0,,single
1788342019,263540,38,,single
1788342020,263980,0,,single
1788342022,264730,2,,single
1788342023,265330,411,,single
1788342024,265590,1,,single
1788342026,265990,2,,single
1788342027,266130,1,,single
1788342029,267600,2,,single
1788342030,268750,6,,single
1788342031,269110,1,,single
1788342033,269190,8,,single
1788342034,269250,1,,single
1788342036,269490,0,,single
1788342037,269670,8,,single
1788342038,269790,4,,single
1788342040,270630,8,,single
1788342041,270910,6,,single
1788342042,271260,2,,single
1788342044,271760,2,,single
1788342045,272060,8,,single
1788342047,272270,5,,single
1788342048,273500,0,,single
1788342050,274290,3,,single
1788342051,274350,2,,single
1788342053,275180,0,,single
1788342054,275670,4,,single
1788342055,277450,15,,single
1788342057,278100,0,,single
1788342058,278970,4,,single
1788342060,280680,1070,,single
1788342061,280790,20,,single
1788342062,281610,30,,single
1788342064,282050,0,,single
1788342065,282210,11,,single
1788342066,282590,0,,single
1788342068,282900,16,,single
1788342069,283640,55,,single
1788342071,283940,7,,single
1788342072,284750,2,,single
1788342074,284950,2,,single
1788342075,285820,1,,single
1788342076,286240,0,,single
1788342078,286940,0,,single
1788342079,287260,0,,single
1788342080,287580,1,,single
1788342082,288060,0,,single
1788342083,288470,287,,single
1788342085,289690,3,,single
1788342086,290470,35,,single
1788342087,290790,1,,single
1788342089,291480,2,,single
1788342090,292000,3156,,single
1788342092,292140,59,,single
1788342093,292910,25,,single
1788342094,293680,0,,single
1788342096,294440,0,,single
1788342097,295790,3,,single
1788342098,296470,0,,single
1788342100,296830,1,,single
1788342101,297020,1,,single
1788342102,297130,5,,single
1788342104,298050,200,,single
1788342105,298260,0,,single
1788342107,298630,33,,single
1788342108,299720,0,,single
1788342109,299950,1,,single
1788342111,300820,6,,single
1788342112,301120,66,,single
1788342113,301520,3,,single
1788342115,302080,2,,single
1788342116,302590,1,,single
1788342118,302830,1,,single
1788342119,303430,0,,single
1788342120,303800,7,,single
1788342122,304530,3,,single
1788342123,305050,2,,single
1788342124,305380,5,,single
1788342126,307050,0,,single
1788342127,307880,0,,single
1788342128,310370,0,,single
1788342130,310950,78,,single
1788342131,311190,1,,single
1788342133,311290,7,,single
1788342134,311770,35,,single
1788342135,312200,1,,single
1788342137,312540,1,,single
1788342138,312610,12,,single
1788342140,312780,12,,single
1788342141,313010,8,,single
1788342142,313740,0,,single
1788342144,314000,35,,single
1788342145,314070,0,,single
1788342146,314450,0,,single
1788342148,314710,1,,single
1788342149,314970,5,,single
1788342151,315430,1,,single
1788342152,317040,1,,single
1788342154,317470,14,,single
1788342155,318020,20,,single
1788342156,318230,0,,single
1788342158,318530,2,,single
1788342159,319480,0,,single
1788342160,320240,21,,single
1788342162,321270,7,,single
1788342163,321480,0,,single
1788342165,322110,4,,single
1788342166,323220,16,,single
1788342168,324510,6,,single
1788342169,324740,1,,single
1788342170,325090,1,,single
1788342172,326160,17,,single
1788342173,327030,78,,single
1788342174,327220,174,,single
1788342176,327670,1,,single
1788342177,328070,0,,single
1788342178,329430,95,,single
1788342180,329490,2,,single
1788342181,330020,43,,single
1788342183,330390,7,,single
1788342184,330840,1,,single
1788342185,331470,194,,single
1788342187,332200,2,,single
1788342188,333250,0,,single
1788342189,333980,4,,single
1788342191,334120,1,,single
1788342192,334420,2,,single
1788342194,335190,0,,single
1788342195,336150,39,,single
1788342196,338180,2,,single
1788342198,338540,0,,single
1788342199,339230,2,,single
1788342201,339600,2,,single
1788342202,340000,0,,single
1788342203,340150,2,,single
1788342205,340490,7,,single
1788342207,341500,0,,single
1788342208,342180,4,,single
1788342209,342380,0,,single
1788342211,342980,1,,single
1788342212,343710,0,,single
1788342214,344740,5,,single
1788342215,344850,10,,single
1788342216,345240,66,,single
1788342218,345330,0,,single
1788342219,345370,32,,single
1788342221,345610,6,,single
1788342222,345820,7,,single
1788342224,346250,1,,single
1788342225,346850,10,,single
1788342227,347430,0,,single
1788342228,347600,5,,single
1788342230,347800,4,,single
1788342231,348200,23,,single
1788342232,348510,0,,single
1788342234,349700,0,,single
1788342235,350070,7,,single
1788342236,350740,0,,single
1788342238,351030,72,,single
1788342239,351100,5,,single
1788342241,351710,5,,single
1788342242,352550,1,,single
1788342243,353270,3,,single
1788342245,353540,5,,single
1788342246,354200,10,,single
1788342248,354380,0,,single
1788342249,355170,3,,single
1788342250,355800,4,,single
1788342252,356040,29,,single
1788342253,356190,1564,,single
1788342254,356650,12,,single
1788342256,357300,0,,single
1788342257,357340,2,,single
1788342258,358750,0,,single
1788342260,359100,1,,single
1788342261,359390,42,,single
1788342263,359840,15,,single
1788342264,360170,6,,single
1788342266,360730,1,,single
1788342267,360940,4,,single
1788342268,362490,64,,single
1788342270,363150,399,,single
1788342271,363440,68,,single
1788342273,363860,0,,single
1788342274,364420,4,,single
1788342275,365070,0,,single
1788342277,365960,144,,single
1788342278,366240,5,,single
1788342280,366320,0,,single
1788342281,367120,1,,single
1788342282,368070,123,,single
1788342284,368360,24,,single
1788342285,368730,1,,single
1788342287,369070,0,,single
1788342289,369530,2,,single
1788342290,371140,0,,single
1788342292,371200,1,,single
1788342293,371660,307,,single
1788342294,374030,2,,single
1788342296,375460,5,,single
1788342297,375910,33,,single
1788342298,376680,44,,single
1788342300,377300,35,,single
1788342301,377680,0,,single
1788342303,378540,38,,single
1788342304,378760,138,,single
1788342305,379430,2876,,single
1788342307,381120,4,,single
1788342308,381940,0,,single
1788342309,382140,80,,single
1788342311,382900,8,,single
1788342312,383150,191,,single
1788342313,383270,10,,single
1788342315,384110,17,,single
1788342316,384490,1,,single
1788342318,385330,0,,single
1788342319,385560,2,,single
1788342320,385760,32,,single
1788342322,386590,1,,single
1788342323,387860,0,,single
1788342324,387990,3664,,single
1788342326,388800,1,,single
1788342327,389510,2,,single
1788342328,390340,3,,single
1788342330,391040,8,,single
1788342331,391460,1,,single
1788342333,392950,11,,single
1788342334,393200,1,,single
1788342335,393520,7,,single
1788342337,394160,10,,single
1788342338,394760,4,,single
1788342340,395520,1,,single
1788342341,396480,6,,single
1788342342,397270,2,,single
1788342344,397900,201,,single
1788342345,400020,0,,single
1788342347,400080,7,,single
1788342348,400160,1,,single
1788342349,400740,4,,single
1788342351,400940,1,,single
1788342352,401710,0,,single
1788342353,402180,0,,single
1788342355,402330,1,,single
1788342356,402620,16,,single
1788342358,402840,146,,single
1788342359,403430,5,,single
1788342360,404620,1,,single
1788342362,405500,0,,single
1788342363,407560,2,,single
1788342365,408990,1,,single
1788342366,409670,1,,single
1788342367,409870,9,,single
1788342369,410710,1,,single
1788342370,411000,1,,single
1788342372,411370,11,,single
1788342373,411970,5,,single
1788342374,412880,5,,single
1788342376,414700,143,,single
1788342377,415600,76,,single
1788342378,416590,1,,single
1788342380,416690,0,,single
1788342381,417290,3,,single
1788342382,417910,0,,single
1788342384,420110,6,,single
1788342385,420790,13,,single
1788342386,421170,2,,single
1788342388,422510,0,,single
1788342389,422910,7,,single
1788342391,423580,51,,single
1788342392,423950,0,,single
1788342394,426000,20,,single
1788342395,427100,65,,single
1788342396,427290,86,,single
1788342397,427510,5,,single
1788342399,427940,3,,single
1788342400,429180,1,,single
1788342402,429660,30,,single
1788342403,431940,2,,single
1788342405,432010,0,,single
1788342406,433100,2,,single
1788342407,433280,16,,single
1788342409,433530,3,,single
1788342410,434050,26,,single
1788342412,434460,6,,single
1788342413,434650,285,,single
1788342414,435030,36,,single
1788342416,436110,0,,single
1788342417,436500,1,,single
1788342418,436670,17,,single
1788342420,437570,3,,single
1788342421,438490,17,,single
1788342422,438740,9,,single
1788342424,439940,3,,single
1788342425,440650,15,,single
1788342427,441380,3,,single
1788342428,441830,1,,single
1788342429,442070,11,,single
1788342431,442500,1,,single
1788342432,443110,81,,single
1788342433,443810,33,,single
1788342435,444930,15,,single
1788342436,445130,1,,single
1788342438,446020,20,,single
1788342439,447820,6,,single
1788342441,449140,2,,single
1788342442,449800,4,,single
1788342443,450220,1,,single
1788342445,452060,14,,single
1788342446,453480,4,,single
1788342447,454060,0,,single
1788342449,455910,3,,single
1788342450,457330,0,,single
1788342452,459220,93,,single
1788342453,460120,2,,single
1788342454,460700,2,,single
1788342456,460930,3558,,single
1788342457,461430,2,,single
1788342458,461840,0,,single
1788342460,461950,10,,single
1788342461,462930,17,,single
1788342463,463150,2,,single
1788342464,464340,13,,single
1788342465,464880,8,,single
1788342467,465240,2,,single
1788342468,465650,3,,single
1788342469,466130,24,,single
1788342471,466940,0,,single
1788342472,468530,0,,single
1788342473,469610,4,,single
1788342475,469820,1,,single
1788342476,469990,9,,single
1788342477,471550,12,,single
1788342479,472870,18,,single
1788342480,474750,8,,single
1788342482,476650,4,,single
1788342483,480640,1,,single
1788342484,485030,0,,single
1788342486,485450,2,,single
1788342487,486720,3,,single
1788342489,487000,0,,single
1788342490,487220,1,,single
1788342491,487720,1,,single
1788342493,488790,139,,single
1788342494,489940,2,,single
1788342495,490280,3,,single
1788342497,493370,15,,single
1788342498,493520,379,,single
1788342499,494430,4,,single
1788342501,495420,1270,,single
1788342502,496240,4,,single
1788342503,496460,43,,single
1788342505,496810,1,,single
1788342506,499890,0,,single
1788342508,501790,1,,single
1788342509,502800,11,,single
1788342510,503300,3,,single
1788342512,503620,0,,single
1788342513,504130,2,,single
1788342515,505460,1266,,single
1788342516,505640,0,,single
1788342517,505740,0,,single
1788342519,506610,10,,single
1788342520,509980,14,,single
1788342521,510490,0,,single
1788342523,511680,8,,single
1788342524,512250,0,,single
1788342526,513000,37,,single
1788342527,513450,0,,single
1788342528,514310,1,,single
1788342530,514920,0,,single
1788342531,515220,7,,single
1788342533,518060,14,,single
1788342534,519140,1,,single
1788342535,520010,0,,single
1788342537,520720,2,,single
1788342538,521150,11,,single
1788342539,522210,8,,single
1788342541,523650,2,,single
1788342542,524580,1,,single
1788342543,525480,36,,single
1788342545,525700,1,,single
1788342546,526490,15,,single
1788342548,527450,0,,single
1788342549,528550,0,,single
1788342550,529180,29,,single
1788342552,529590,2,,single
1788342553,529780,0,,single
1788342554,530390,0,,single
1788342556,530890,6,,single
1788342557,532210,116,,single
1788342558,533540,10,,single
1788342560,534380,2749,,single
1788342561,535480,2,,single
1788342562,536270,84,,single
1788342564,536930,2,,single
1788342565,537340,6,,single
1788342567,538030,193,,single
1788342568,540610,1,,single
1788342569,541670,6,,single
1788342571,543460,26,,single
1788342572,544730,609,,single
1788342574,545540,0,,single
1788342575,546050,30,,single
1788342576,546390,0,,single
1788342578,547680,3,,single
1788342579,549260,0,,single
1788342580,550650,151,,single
1788342582,551170,470,,single
1788342583,552620,78,,single
1788342584,553660,0,,single
1788342586,554510,0,,single
1788342587,555210,0,,single
1788342590,555570,135,,single
1788342592,556180,5,,single
1788342593,557400,28,,single
1788342594,559100,7,,single
1788342596,559680,1,,single
1788342597,560170,1,,single
1788342598,562230,0,,single
1788342600,564230,53,,single
1788342601,566190,0,,single
1788342603,566540,9,,single
1788342604,567380,0,,single
1788342605,568570,5,,single
1788342607,570840,6,,single
1788342608,572410,16,,single
1788342609,574720,20,,single
1788342611,575550,1,,single
1788342612,576500,1,,single
1788342613,578080,323852,,single
1788342615,578650,29,,single
1788342616,579180,35,,single
1788342617,580040,0,,single
1788342619,581320,606,,single
1788342620,582660,18266,,single
1788342621,585450,8,,single
1788342623,585690,13,,single
1788342624,586140,180,,single
1788342626,586350,96,,single
1788342627,587100,4,,single
1788342628,587260,8,,single
1788342630,587860,0,,single
1788342631,588210,1,,single
1788342633,588950,4,,single
1788342634,589500,3,,single
1788342635,589780,17,,single
1788342637,591420,0,,single
1788342638,593640,2,,single
1788342639,594330,17,,single
1788342641,597820,28,,single
1788342642,598330,16,,single
1788342643,599080,0,,single
1788342645,601050,62,,single
1788342646,601530,1,,single
1788342647,602520,9,,single
1788342649,603530,0,,single
1788342650,604500,125,,single
1788342651,605450,1,,single
1788342653,606280,70,,single
1788342654,606800,30,,single
1788342655,607050,8,,single
1788342657,607890,14,,single
1788342658,609150,7,,single
1788342659,609920,0,,single
1788342661,611660,22,,single
1788342662,611790,217,,single
1788342663,612390,2,,single
1788342665,612570,0,,single
1788342666,612880,210,,single
1788342667,613880,7,,single
1788342669,617160,5,,single
1788342670,617700,1,,single
1788342672,618970,1,,single
1788342673,619540,1,,single
1788342674,619880,5,,single
1788342676,621070,0,,single
1788342677,622220,4,,single
1788342679,622650,95,,single
1788342680,623340,3,,single
1788342681,625960,1138,,single
1788342683,626690,60,,single
1788342684,629090,0,,single
1788342685,629690,3,,single
1788342687,629840,0,,single
1788342688,630100,0,,single
1788342690,632000,1,,single
1788342691,632470,958,,single
1788342692,635200,0,,single
1788342694,636040,301,,single
1788342695,637090,786,,single
1788342696,637650,322,,single
1788342698,638070,0,,single
1788342699,638650,20,,single
1788342701,638970,226,,single
1788342702,639790,1,,single
1788342703,640380,34,,single
1788342705,641780,24,,single
1788342706,644570,6,,single
1788342707,644930,2167,,single
1788342709,646200,0,,single
1788342710,649640,2,,single
1788342711,650000,1,,single
1788342713,650510,0,,single
1788342714,651660,1,,single
1788342716,652410,0,,single
1788342717,654990,1,,single
1788342719,657200,3,,single
1788342720,658620,22,,single
1788342721,661130,25,,single
1788342723,664430,4,,single
1788342724,665180,0,,single
1788342725,667610,14,,single
1788342727,668580,1026,,single
1788342728,669950,0,,single
1788342729,670290,491,,single
1788342731,671970,25,,single
1788342732,672680,197,,single
1788342734,673560,8,,single
1788342735,674400,0,,single
1788342736,677120,49,,single
1788342738,677480,0,,single
1788342739,680420,89,,single
1788342740,683900,211,,single
1788342742,684580,1,,single
1788342743,685240,1,,single
1788342744,686680,5,,single
1788342746,687260,0,,single
1788342747,688060,5,,single
1788342748,689580,15,,single
1788342750,690810,0,,single
1788342751,691020,1,,single
1788342753,692850,128,,single
1788342754,694720,0,,single
1788342755,695920,5,,single
1788342757,696370,1,,single
1788342758,698640,6,,single
1788342759,698780,492,,single
1788342761,699920,10,,single
1788342762,700330,3357,,single
1788342764,702670,48,,single
1788342765,703860,5,,single
1788342766,705210,789,,single
1788342768,706990,14,,single
1788342769,707030,16,,single
1788342771,711750,1,,single
1788342772,712190,4,,single
1788342773,715560,5,,single
1788342775,716500,1,,single
1788342776,718590,4,,single
1788342778,718670,234,,single
1788342779,720250,4,,single
1788342780,722180,0,,single
1788342782,722560,0,,single
1788342783,723390,4,,single
1788342784,726390,16,,single
1788342786,727130,10,,single
1788342787,728530,140,,single
1788342788,730310,26,,single
1788342790,732240,2,,single
1788342791,735850,0,,single
1788342793,736820,198,,single
1788342794,738520,1266,,single
1788342795,738540,60,,single
1788342797,740130,122,,single
1788342798,742300,59,,single
1788342799,743450,9,,single
1788342801,743900,36,,single
1788342802,744900,773,,single
1788342803,747200,20,,single
1788342805,747350,0,,single
1788342806,750130,48,,single
1788342808,752480,0,,single
1788342809,753590,1,,single
1788342810,753930,1,,single
1788342812,754890,4,,single
1788342813,755800,114,,single
1788342815,757300,3,,single
1788342816,757910,1,,single
1788342817,760060,14,,single
1788342819,764300,8,,single
1788342820,765710,0,,single
1788342822,766570,14858,,single
1788342823,767930,1,,single
1788342824,768520,8,,single
1788342826,772430,9,,single
1788342827,773951,15,,single
1788342828,774241,16,,single
1788342830,774361,398,,single
1788342831,774811,1,,single
1788342833,776340,0,,single
1788342834,778700,11,,single
1788342835,779340,3772,,single
1788342837,780210,13,,single
1788342838,782250,4,,single
1788342840,785770,21,,single
1788342841,787810,5,,single
1788342842,788100,122,,single
1788342844,788270,6,,single
1788342845,790060,14,,single
1788342846,792220,3,,single
1788342848,794260,168,,single
1788342849,794600,237,,single
1788342850,798420,27,,single
1788342852,798810,0,,single
1788342853,802890,19,,single
1788342854,803980,0,,single
1788342856,804490,1,,single
1788342857,806510,0,,single
1788342858,809140,21,,single
1788342860,809890,7,,single
1788342861,812810,2,,single
1788342862,814480,60,,single
1788342864,814680,0,,single
1788342865,817130,8,,single
1788342867,819500,0,,single
1788342868,821880,25,,single
1788342869,822930,0,,single
1788342871,824070,0,,single
1788342872,825310,1,,single
1788342873,826940,4,,single
1788342875,830370,1,,single
1788342876,831560,66,,single
1788342878,834530,38,,single
1788342879,836450,1,,single
1788342880,838350,1450,,single
1788342882,839310,1,,single
1788342883,841770,1,,single
1788342884,842910,1,,single
1788342886,844660,2,,single
1788342887,844930,2,,single
1788342889,846870,2,,single
1788342890,849740,3,,single
1788342891,851890,3,,single
1788342893,854940,3,,single
1788342894,857980,4,,single
1788342895,859570,0,,single
1788342897,862800,4,,single
1788342898,863550,113,,single
1788342900,865680,6,,single
1788342901,868020,1,,single
1788342902,869880,0,,single
1788342904,871930,5,,single
1788342905,872410,1830,,single
1788342907,877010,4,,single
1788342908,877810,1,,single
1788342909,878750,10,,single
1788342911,879510,5,,single
1788342912,882100,57,,single
1788342914,883860,292,,single
1788342915,886250,55,,single
1788342916,887490,2,,single
1788342918,889510,8,,single
1788342919,891220,0,,single
1788342921,893180,28,,single
1788342922,895620,19,,single
1788342923,897030,0,,single
1788342925,898650,0,,single
1788342926,899970,8,,single
1788342928,900040,59,,single
1788342929,905640,11,,single
1788342930,907650,38,,single
1788342932,910490,1,,single
1788342933,911400,232,,single
1788342935,914260,0,,single
1788342936,914690,0,,single
1788342937,915460,0,,single
1788342939,916840,13,,single
1788342940,918820,1,,single
1788342941,919640,174,,single
1788342943,921570,540,,single
1788342944,921800,19,,single
1788342946,923260,1,,single
1788342947,924750,7,,single
1788342948,924980,20,,single
1788342950,927270,0,,single
1788342951,927890,1,,single
1788342952,928960,7,,single
1788342954,931280,10,,single
1788342955,932850,25,,single
1788342957,933820,186,,single
1788342958,934780,6,,single
1788342959,936780,8,,single
1788342961,939330,5,,single
1788342962,939850,25,,single
1788342964,940910,4,,single
1788342965,943260,2,,single
1788342967,944250,5,,single
1788342968,946030,6,,single
1788342969,948740,22,,single
1788342971,952060,594,,single
1788342972,952250,0,,single
1788342973,954650,0,,single
1788342975,954850,29,,single
1788342976,955900,450,,single
1788342978,957960,5,,single
1788342979,959520,2,,single
1788342980,962580,8,,single
1788342982,964650,0,,single
1788342983,967460,1,,single
1788342984,968870,0,,single
1788342986,970570,65,,single
1788342987,970960,9,,single
1788342989,976310,876,,single
1788342990,977720,0,,single
1788342991,978270,0,,single
1788342993,979070,9,,single
1788342994,980940,1,,single
1788342996,983970,7,,single
1788342997,984680,14,,single
1788342999,985830,13,,single
1788343000,990050,3,,single
1788343001,991270,45,,single
1788343003,992070,608,,single
1788343004,993110,0,,single
1788343005,994280,91,,single
1788343007,996380,2,,single
1788343008,997070,90,,single
1788343010,999220,9,,single
1788343011,1000410,1,,single
1788343012,1003520,0,,single
1788343014,1004270,5,,single
1788343015,1005870,0,,single
1788343017,1011390,11,,single
1788343018,1011670,11,,single
1788343019,2696480,28,,single
1788343021,1015500,5,,single
1788343022,1016120,8,,single
1788343024,1016950,76,,single
1788343025,1017180,180,,single
1788343026,1020470,9,,single
1788343028,1025580,1,,single
1788343029,1026420,1,,single
1788343031,1028570,1,,single
1788343032,1029690,953,,single
1788343033,1030210,10,,single
1788343035,1030840,801,,single
1788343036,1031460,3,,single
1788343037,1034860,19,,single
1788343039,1035510,62,,single
1788343040,1037020,8,,single
1788343042,1039890,6,,single
1788343043,1041720,100,,single
1788343044,1042380,4,,single
1788343046,1042780,1,,single
1788343047,1043180,0,,single
1788343048,1045720,4,,single
1788343050,1046820,2,,single
1788343051,1048100,190,,single
1788343053,1049400,0,,single
1788343054,1049890,8,,single
1788343055,1056600,0,,single
1788343057,1056840,2,,single
1788343058,1057640,14,,single
1788343059,1062000,0,,single
1788343061,1062960,6,,single
1788343062,1063730,298,,single
1788343064,1065100,2,,single
1788343065,1069030,0,,single
1788343067,1070820,66,,single
1788343068,1071870,151,,single
1788343070,1072500,14,,single
1788343071,1079210,0,,single
1788343073,1080020,100,,single
1788343074,1086640,0,,single
1788343075,1086940,26892,,single
1788343077,1088090,141,,single
1788343078,1088710,45,,single
1788343079,1090250,0,,single
1788343081,1091500,27643,,single
1788343082,1092730,11,,single
1788343084,1094390,7,,single
1788343085,1096410,7,,single
1788343086,1096710,24,,single
1788343088,1097430,832,,single
1788343089,1097620,0,,single
1788343090,1099410,260,,single
1788343092,1101190,18,,single
1788343093,1101790,25,,single
1788343095,1104280,49,,single
1788343096,1104660,3,,single
1788343098,1105500,92,,single
1788343099,1106340,1,,single
1788343101,1106850,0,,single
1788343102,1107790,0,,single
1788343103,1108590,9,,single
1788343105,1110390,19,,single
1788343106,1111210,2,,single
1788343107,1112400,2,,single
1788343109,1113120,477,,single
1788343110,1113570,1,,single
1788343112,1117090,10,,single
1788343113,1118310,313,,single
1788343114,1120320,18,,single
1788343116,1121560,17,,single
1788343117,1123050,29,,single
1788343119,1124300,696,,single
1788343120,1127840,8,,single
1788343122,1128000,7,,single
1788343123,1128860,62,,single
1788343125,1130620,3,,single
1788343126,1133120,8,,single
1788343128,1133870,520,,single
1788343129,1135240,1,,single
1788343131,1136160,45,,single
1788343132,1136380,31,,single
1788343134,1138640,5,,single
1788343135,1140890,0,,single
1788343136,1141220,13,,single
1788343138,1142100,0,,single
1788343139,1546920,0,,single
1788343141,1145960,53,,single
1788343142,1146510,1,,single
1788343143,1147510,0,,single
1788343145,1150080,5,,single
1788343146,1150530,59,,single
1788343147,1151340,3521,,single
1788343149,1155650,4,,single
1788343150,1158420,6,,single
1788343151,1159660,2,,single
1788343153,1160920,3,,single
1788343154,1162680,1,,single
1788343156,1164390,0,,single
1788343157,1164850,8,,single
1788343159,1168880,0,,single
1788343160,1170950,323,,single
1788343161,1171690,185,,single
1788343163,1173200,1,,single
1788343164,1173780,51,,single
1788343166,1175360,2,,single
1788343167,1175880,1,,single
1788343169,1178780,0,,single
1788343170,1178880,3,,single
1788343171,1180380,1121,,single
1788343173,1182020,147,,single
1788343174,1183800,1,,single
1788343176,1184140,0,,single
1788343177,1184480,1,,single
1788343178,1186040,5,,single
1788343179,1189630,50,,single
1788343181,1190150,6,,single
1788343182,1191630,6,,single
1788343184,1194930,1,,single
1788343185,1196310,54,,single
1788343186,1197370,0,,single
1788343188,1203180,1,,single
1788343191,1203620,4806,,single
1788343192,1205960,0,,single
1788343193,1206480,1,,single
1788343195,1208600,0,,single
1788343196,1209490,7,,single
1788343198,1213740,12,,single
1788343199,1214650,3,,single
1788343201,1218250,0,,single
1788343202,1218500,1,,single
1788343204,1220140,38,,single
1788343205,1222370,8,,single
1788343206,1222690,322,,single
1788343208,1224020,6,,single
1788343209,1225560,6,,single
1788343211,1225590,1,,single
1788343212,1227780,6,,single
1788343214,1228520,2,,single
1788343215,1229580,1,,single
1788343217,1231990,4,,single
1788343218,1233260,5,,single
1788343219,1234520,0,,single
1788343221,1235140,649,,single
1788343222,1236990,0,,single
1788343224,1238000,178,,single
1788343225,1238040,83,,single
1788343227,1238810,3594,,single
1788343228,1238860,382,,single
1788343229,1239520,4,,single
1788343231,1243830,470,,single
1788343232,1245430,4,,single
1788343234,1249480,0,,single
1788343235,1250650,5,,single
1788343236,1252330,58,,single
1788343238,1252680,6,,single
1788343239,1253920,133,,single
1788343241,1254320,4,,single
1788343242,1255630,13,,single
1788343244,1257290,16,,single
1788343245,1259560,0,,single
1788343247,1259970,526,,single
1788343248,1263070,0,,single
1788343249,1265780,0,,single
1788343251,1265930,26,,single
1788343252,1266700,9,,single
1788343254,1268590,33,,single
1788343255,1269300,1,,single
1788343256,1269710,3,,single
1788343258,1271700,22,,single
1788343260,1274290,0,,single
1788343261,1275630,1,,single
1788343262,1276760,152,,single
1788343264,1277920,5,,single
1788343265,1278060,139,,single
1788343267,1281270,1,,single
1788343268,1282210,3,,single
1788343270,1282690,8,,single
1788343271,1283230,6,,single
1788343272,1284410,619,,single
1788343274,1286880,27,,single
1788343275,1287840,42,,single
1788343277,1290270,5,,single
1788343278,1292020,5,,single
1788343279,1293230,3,,single
1788343281,1295660,5187,,single
1788343282,1296360,5,,single
1788343284,1296610,246,,single
1788343285,1298140,6,,single
1788343286,1302800,0,,single
1788343288,1306580,0,,single
1788343289,1307660,0,,single
1788343291,1310510,0,,single
1788343292,1314000,27,,single
1788343293,1317020,0,,single
1788343295,1321450,4,,single
1788343296,1324340,9,,single
1788343298,1325200,807,,single
1788343299,1325860,10975,,single
1788343300,1328670,1514,,single
1788343302,1330460,18,,single
1788343303,1333200,4,,single
1788343305,1334000,1,,single
1788343306,1334590,4,,single
1788343307,1336180,7,,single
1788343309,1341200,31,,single
1788343310,1344350,0,,single
1788343312,1346070,0,,single
1788343313,1349230,11,,single
1788343314,1353270,4,,single
1788343316,1355090,36,,single
1788343317,1357210,179,,single
1788343318,1358710,1,,single
1788343320,1359650,0,,single
1788343321,1363740,16,,single
1788343323,1367590,14,,single
1788343324,1368820,133,,single
1788343326,1369370,6,,single
1788343327,1369520,1,,single
1788343328,1371630,56,,single
1788343330,1371980,1137,,single
1788343331,1372150,2,,single
1788343333,1373510,6,,single
1788343334,1374840,32,,single
1788343335,1374970,3,,single
1788343337,1376070,0,,single
1788343338,1378990,35,,single
1788343340,1380390,0,,single
1788343341,1382330,139,,single
1788343342,1385730,0,,single
1788343344,1388880,70,,single
1788343345,1390010,4,,single
1788343347,1393370,6,,single
1788343348,1395030,8,,single
1788343349,1398210,2,,single
1788343351,1402020,7,,single
1788343352,1402320,5,,single
1788343354,1406780,0,,single
1788343355,1409160,10,,single
1788343356,1412310,3,,single
1788343358,1414250,2,,single
1788343359,1416050,3,,single
1788343361,1419160,18,,single
1788343362,1420300,4,,single
1788343363,1421490,5,,single
1788343365,1424980,0,,single
1788343366,1425980,16,,single
1788343368,1428420,17,,single
1788343369,1428900,0,,single
1788343371,1430760,9,,single
1788343372,1432320,49,,single
1788343373,1433990,18,,single
1788343375,1437400,15,,single
1788343376,1439750,9,,single
1788343378,1443490,1,,single
1788343379,1444650,3,,single
1788343380,1448440,172,,single
1788343382,1451940,191,,single
1788343383,1456820,18,,single
1788343384,1457080,1,,single
1788343386,1458100,65,,single
1788343387,1465460,606,,single
1788343389,1465550,5,,single
1788343390,1466390,10,,single
1788343392,1471270,5,,single
1788343393,1473480,242,,single
1788343394,1475810,240,,single
1788343396,1478070,1,,single
1788343397,1479730,122,,single
1788343399,1481080,55,,single
1788343400,1484720,13,,single
1788343401,1486350,371,,single
1788343403,1487390,2,,single
1788343404,1489630,36,,single
1788343405,1491000,255,,single
1788343407,1492070,9,,single
1788343408,1493750,4,,single
1788343410,1494420,20,,single
1788343411,1494840,8,,single
1788343413,1498570,198,,single
1788343414,1501750,747,,single
1788343415,1504020,1,,single
1788343417,1506830,497,,single
1788343418,1507780,0,,single
1788343420,1512590,1,,single
1788343421,1517340,1,,single
1788343422,1519310,12,,single
1788343424,1522960,0,,single
1788343425,1530140,0,,single
1788343427,1531540,57,,single
1788343428,1534840,0,,single
1788343430,1536980,4,,single
1788343431,1541250,0,,single
1788343432,1543150,0,,single
1788343434,1547670,10,,single
1788343435,1549970,72,,single
1788343437,1550710,2,,single
1788343438,1552810,2,,single
1788343439,1555110,10,,single
1788343441,1556870,3,,single
1788343442,1562420,7,,single
1788343444,1564600,60,,single
1788343445,1571440,3,,single
1788343446,1573720,6,,single
1788343448,1574250,0,,single
1788343449,1575470,2,,single
1788343450,1577250,3,,single
1788343452,1580180,2,,single
1788343453,1580790,7,,single
1788343455,1584940,23,,single
1788343456,1588010,45,,single
1788343458,1590910,12,,single
1788343459,1591530,13,,single
1788343461,1593030,50,,single
1788343462,1594060,0,,single
1788343463,1599340,355,,single
1788343465,1602000,354,,single
1788343466,1607240,3,,single
1788343468,1608450,44,,single
1788343469,1609730,3,,single
1788343470,1611490,1,,single
1788343472,1612770,13,,single
1788343473,1618380,102,,single
1788343475,1619570,1,,single
1788343476,1621560,1,,single
1788343477,1622900,17,,single
1788343480,1623070,39,,single
1788343481,1627570,22,,single
1788343482,1632490,2,,single
1788343484,1635450,317,,single
1788343485,1639610,1,,single
1788343487,1641960,154,,single
1788343488,1643320,14405,,single
1788343489,1647160,9,,single
1788343491,1649080,316,,single
1788343492,1658290,4,,single
1788343495,1660840,9,,single
1788343496,1662210,17,,single
1788343498,1665500,0,,single
1788343499,1668520,35,,single
1788343501,1670870,4,,single
1788343502,1672310,0,,single
1788343503,1674780,3,,single
1788343505,1677350,67,,single
1788343506,1679210,2,,single
1788343508,1682050,2,,single
1788343509,1684410,4,,single
1788343510,1687950,6871,,single
1788343512,1691190,6,,single
1788343513,1692240,1,,single
1788343515,1694600,4,,single
1788343516,1695830,0,,single
1788343517,1697880,4,,single
1788343519,1702010,450,,single
1788343520,1703140,1,,single
1788343522,1707550,15,,single
1788343523,1708010,7,,single
1788343524,1708850,81,,single
1788343526,1711950,4,,single
1788343527,1713810,4,,single
1788343528,1714420,0,,single
1788343530,1715130,105,,single
1788343531,1716120,41,,single
1788343533,1721060,124,,single
1788343534,1722620,1,,single
1788343535,1726120,0,,single
1788343537,1729790,3,,single
1788343538,1732190,9,,single
1788343540,1734680,0,,single
1788343541,1740930,6,,single
1788343543,1742930,2,,single
1788343544,1748390,3,,single
1788343546,1755100,1,,single
1788343547,1760250,8,,single
1788343548,1762270,0,,single
1788343550,1765780,1,,single
1788343551,1766100,1,,single
1788343553,1776380,6,,single
1788343554,1778820,4626,,single
1788343555,1781160,7,,single
1788343557,1784570,231,,single
1788343558,1789490,3,,single
1788343560,1800940,1,,single
1788343561,1803400,7,,single
1788343562,1807080,26,,single
1788343564,1812300,3,,single
1788343565,1814010,15,,single
1788343567,1822060,19,,single
1788343568,1832040,7,,single
1788343569,1836120,439,,single
1788343571,1837750,2,,single
1788343572,1840490,0,,single
1788343574,1843760,61,,single
1788343575,1846460,2,,single
1788343577,1850050,2,,single
1788343578,1850740,32,,single
1788343580,1856030,10,,single
1788343581,1857090,286,,single
1788343582,1861610,17,,single
1788343584,1867530,1,,single
1788343585,1872680,4,,single
1788343587,1874000,62,,single
1788343588,1878740,0,,single
1788343589,1881700,189,,single
1788343591,1888930,1092,,single
1788343592,1893620,0,,single
1788343593,1895880,102,,single
1788343595,1901200,0,,single
1788343596,1902690,47,,single
1788343597,1911360,2,,single
1788343599,1915380,27,,single
1788343600,1918040,15,,single
1788343602,1921900,0,,single
1788343603,1923790,2,,single
1788343605,1926520,4,,single
1788343606,1928870,11,,single
1788343607,1931010,9,,single
1788343609,1933660,15,,single
1788343610,1937780,31,,single
1788343612,1940340,959,,single
1788343613,1944240,3,,single
1788343614,1947070,0,,single
1788343616,1948800,644,,single
1788343617,1949030,24,,single
1788343619,1954160,16,,single
1788343620,1954750,0,,single
1788343621,1959350,0,,single
1788343623,1960270,41,,single
1788343624,1963210,1,,single
1788343626,1968340,2,,single
1788343627,1975360,0,,single
1788343628,1975580,26,,single
1788343630,1981820,16,,single
1788343631,1983990,2,,single
1788343633,1985810,193,,single
1788343634,1987080,227,,single
1788343635,1990050,5,,single
1788343637,1995520,497,,single
1788343638,1997660,10,,single
1788343639,2000890,45,,single
1788343641,2004080,11,,single
1788343642,2005160,15,,single
1788343644,2008980,5,,single
1788343645,2012190,12,,single
1788343646,2013360,21,,single
1788343648,2020710,28,,single
1788343649,2022180,4,,single
1788343651,2023360,2,,single
1788343652,2026870,1,,single
1788343654,2052410,158,,single
1788343655,2055290,7,,single
1788343657,2059530,17,,single
1788343658,2071500,34,,single
1788343659,2075720,14,,single
1788343661,2078230,6,,single
1788343662,2085370,18,,single
1788343664,2089350,9,,single
1788343665,2095340,5,,single
1788343666,2102520,5,,single
1788343668,2106670,76,,single
1788343669,2109460,37,,single
1788343670,2113570,2,,single
1788343672,2121980,21,,single
1788343673,2124490,465,,single
1788343675,2131680,20,,single
1788343676,2138610,44,,single
1788343677,2140020,215,,single
1788343679,2142680,9,,single
1788343680,2157560,199,,single
1788343682,2160480,2,,single
1788343683,2176130,41,,single
1788343684,2179380,17,,single
1788343686,2187220,248,,single
1788343687,2193540,15,,single
1788343689,2198070,10,,single
1788343690,2201940,219,,single
1788343691,2204130,33,,single
1788343693,2213120,4,,single
1788343694,2215260,4,,single
1788343695,2217580,11,,single
1788343697,2223840,5,,single
1788343698,2230110,60,,single
1788343699,2235020,11,,single
1788343701,2240790,7,,single
1788343702,2249160,2,,single
1788343704,2254890,203,,single
1788343705,2259260,0,,single
1788343706,2262770,7,,single
1788343708,2275020,15,,single
1788343709,2280350,9,,single
1788343711,2286390,0,,single
1788343712,2287330,6,,single
1788343713,2289450,706,,single
1788343715,2292650,9,,single
1788343716,2302990,73,,single
1788343717,2311190,6,,single
1788343719,2315400,25,,single
1788343720,2315690,36,,single
1788343722,2319640,3,,single
1788343723,2334170,1,,single
1788343724,2336720,0,,single
1788343726,2340520,72,,single
1788343727,2344520,2851,,single
1788343729,2348120,11,,single
1788343730,2355150,8,,single
1788343731,2367820,3,,single
1788343733,2371630,99,,single
1788343734,2382520,48,,single
1788343736,2384620,41,,single
1788343737,2389570,0,,single
1788343738,2393160,18,,single
1788343740,2396980,131,,single
1788343741,2400430,12,,single
1788343742,2401410,18,,single
1788343744,2405060,12,,single
1788343745,2407270,262,,single
1788343747,2414270,23,,single
1788343748,2427410,167,,single
1788343749,2427430,98,,single
1788343751,2429860,67,,single
1788343752,2435960,0,,single
1788343754,2438680,16,,single
1788343755,2440510,411,,single
1788343756,2445690,2542,,single
1788343758,2446550,15,,single
1788343759,2449040,0,,single
1788343760,2454890,0,,single
1788343762,2457220,144,,single
1788343763,2458560,9,,single
1788343764,2464530,18,,single
1788343766,2473480,56,,single
1788343767,2478970,171,,single
1788343769,2488510,2,,single
1788343770,2490990,23,,single
1788343771,2495450,190,,single
1788343773,2498570,20,,single
1788343774,2510960,37,,single
1788343775,2518630,6,,single
1788343777,2521600,9,,single
1788343778,2529170,9,,single
1788343779,2530490,23,,single
1788343781,2537590,4101,,single
1788343782,2545360,10,,single
1788343784,2561270,0,,single
1788343785,2731870,3,,single
1788343786,2599270,4,,single
1788343788,2607060,71,,single
1788343789,2616460,38,,single
1788343790,2619650,21,,single
1788343792,2622380,12440,,single
1788343793,2625420,460,,single
1788343794,2631250,2,,single
1788343796,2647680,54,,single
1788343797,2663530,17,,single
1788343798,2668430,40,,single
1788343800,2669380,33,,single
1788343801,2680010,1048,,single
1788343803,2682580,4,,single
1788343804,2689120,98,,single
1788343805,2693060,1,,single
1788343807,2695940,71,,single
1788343808,2700780,0,,single
1788343809,2707490,33,,single
1788343811,2719940,33,,single
1788343812,2726490,19,,single
1788343814,2735870,1,,single
1788343815,2745870,6,,single
1788343816,2747770,27,,single
1788343818,2750000,21,,single
1788343819,2757330,6,,single
1788343820,2767520,212,,single
1788343822,2772990,12,,single
1788343823,2786680,29,,single
1788343824,2790330,7,,single
1788343826,2796180,0,,single
1788343827,2820820,92,,single
1788343829,2823080,5,,single
1788343830,2828500,120,,single
1788343831,2840770,549,,single
1788343833,2849680,12,,single
1788343834,2854740,27,,single
1788343836,2870710,5,,single
1788343837,2880730,67,,single
1788343838,2897700,15,,single
1788343840,2904000,1303,,single
1788343841,2918150,1490,,single
1788343842,2920570,13,,single
1788343844,2922410,83,,single
1788343845,2943150,1,,single
1788343846,2950340,131,,single
1788343848,2957800,1,,single
1788343849,2965660,7,,single
1788343851,2977620,5,,single
1788343852,3004100,7,,single
1788343853,3011030,23,,single
1788343855,3017580,42,,single
1788343856,3030720,9,,single
1788343858,3037410,761,,single
1788343859,3059520,2858,,single
1788343860,3070520,17,,single
1788343862,3099730,0,,single
1788343863,3116890,230,,single
1788343865,3145620,1,,single
1788343866,3149370,1,,single
1788343868,3172700,11,,single
1788343869,3183280,297,,single
1788343870,3187030,688,,single
1788343872,3212530,2,,single
1788343873,3222970,9,,single
1788343875,3238670,92,,single
1788343876,3243190,7,,single
1788343878,3287520,23,,single
1788343879,3314060,63,,single
1788343880,3330250,201,,single
1788343882,3359320,27,,single
1788343883,3400930,39,,single
1788343884,3431040,46,,single
1788343886,3438800,58,,single
1788343887,3453600,27,,single
1788343889,3511030,3141,,single
1788343890,3580580,13,,single
1788343891,1859910,712,,single
1788343893,1241100,65,,single
1788343894,583950,9133,,single
1788343896,1504570,4,,single
1788343897,9200,35,,single
1788343898,2901520,16,,single
1788343900,1162520,282,,single
1788343901,882790,22,,single
1788343902,1249800,9,,single
1788343904,2361680,74,,single
1788343905,2458530,200,,single
1788343906,298240,8,,single
1788343908,1239020,29,,single
1788343909,2190290,50,,single
1788343910,615530,10,,single
1788343912,1506980,7,,single
1788343913,2201710,27,,single
1788343914,2128940,22,,single
1788343916,1008710,1,,single
1788343917,1829980,135,,single
1788343918,287630,5,,single
1788343920,1064730,0,,single
1788343921,2453360,159,,single
1788343923,1392060,5,,single
1788343924,1263370,2,,single
1788343925,1434480,26,,single
1788343927,2161440,396,,single
1788343928,2059790,27,,single
1788343929,33220,11,,single
1788343931,1049100,1,,single
1788343932,604450,0,,single
1788343934,2321210,1,,single
1788343935,1108320,0,,single
1788343936,1269370,6,,single
1788343938,1233270,2,,single
1788343939,1909840,49,,single
1788343940,17330,5,,single
1788343942,2875140,4,,single
1788343943,1776970,39,,single
1788343945,2755330,5,,single
1788343946,967250,2,,single
1788343947,840140,0,,single
1788343949,1122750,6,,single
1788343950,296710,15,,single
1788343952,943380,1,,single
1788343953,662960,1,,single
1788343954,1186400,1,,single
1788343956,3109580,83,,single
1788343957,743640,1,,single
1788343958,919370,6,,single
1788343960,851800,1,,single
1788343961,2190220,70,,single
1788343962,1566390,10,,single
1788343964,1191210,0,,single
1788343965,1310990,8,,single
1788343966,1993150,32,,single
1788343968,570770,7,,single
1788343969,907470,2,,single
1788343971,1016600,2,,single
1788343972,1939560,9,,single
1788343973,1786790,42,,single
1788343975,1540150,16,,single
1788343976,600090,11,,single
1788343978,650760,63,,single
1788343979,3099660,13,,single
1788343980,1256610,3,,single
1788343982,1429500,31,,single
1788343983,1078350,17,,single
1788343984,278890,3,,single
1788343986,2074800,294,,single
1788343987,1817940,3,,single
1788343988,552280,0,,single
1788343990,779640,5,,single
1788343991,241910,24,,single
1788343993,1325400,27,,single
1788343994,939600,4,,single
1788343995,588690,4,,single
1788343997,1662840,5,,single
1788343998,1918680,14,,single
1788344000,400240,1,,single
1788344001,2930120,2,,single
1788344002,2399220,32,,single
1788344004,280180,0,,single
1788344005,740260,2,,single
1788344006,1517960,0,,single
1788344008,1510030,2,,single
1788344009,1801650,5,,single
1788344010,1782570,1,,single
1788344012,1562260,1,,single
1788344013,1025250,26,,single
1788344014,2285550,1594,,single
1788344016,1193340,1,,single
1788344017,791330,4,,single
1788344019,2663950,11,,single
1788344020,1277940,29,,single
1788344021,1012030,2,,single
1788344023,2695270,2,,single
1788344024,1604380,40,,single
1788344026,1109460,1,,single
1788344027,2986260,11,,single
1788344028,2141690,4,,single
1788344030,485310,1,,single
1788344031,500710,12,,single
1788344032,2873760,0,,single
1788344034,638990,11,,single
1788344035,2226700,42,,single
1788344036,715510,3,,single
1788344038,593200,0,,single
1788344039,599460,11,,single
1788344040,10270,27,,single
1788344042,2581050,23,,single
1788344043,551770,4,,single
1788344045,3066570,5,,single
1788344046,588970,2,,single
1788344047,1449070,10,,single
1788344049,3376250,176,,single
1788344051,581130,33,,single
1788344052,857450,5,,single
1788344053,1519090,4,,single
1788344055,2445340,4,,single
1788344056,2144590,3,,single
1788344057,1083210,2,,single
1788344059,2455060,7,,single
1788344060,1553000,5,,single
1788344062,948830,0,,single
1788344063,465100,0,,single
1788344064,1033420,20,,single
1788344066,600370,0,,single
1788344067,2094910,24,,single
1788344069,2522520,4,,single
1788344070,1028470,0,,single
1788344071,457680,0,,single
1788344073,2242710,4,,single
1788344074,1904860,32,,single
1788344075,1000080,1,,single
1788344077,2983140,13,,single
1788344078,1471180,11,,single
1788344080,427030,9,,single
1788344081,2423620,52,,single
1788344083,1340130,1,,single
1788344084,364390,0,,single
1788344086,2834600,14,,single
1788344087,2111870,5,,single
1788344088,662830,15,,single
1788344090,1951220,0,,single
1788344091,2165610,0,,single
1788344092,970560,31,,single
1788344094,702120,56,,single
1788344095,3132860,217,,single
1788344097,1159420,17,,single
1788344098,1476520,0,,single
1788344099,2340500,8,,single
1788344101,2628570,1,,single
1788344102,3418690,0,,single
1788344103,2118420,2,,single
1788344105,1783780,9,,single
1788344106,1151440,3,,single
1788344107,1048350,7,,single
1788344109,835650,8,,single
1788344110,1527890,0,,single
1788344111,1100930,0,,single
1788344113,1594880,4,,single
1788344114,2224850,1,,single
1788344116,2750080,67,,single
1788344117,2137760,6,,single
1788344118,275530,12,,single
1788344120,1179580,2,,single
1788344121,2882870,0,,single
1788344122,2788310,14,,single
1788344124,2113040,1,,single
1788344125,1301390,11,,single
1788344126,2788040,6,,single
1788344128,2738380,17,,single
1788344129,3168260,23,,single
1788344130,223870,3,,single
1788344132,1057180,3,,single
1788344133,2532430,2,,single
1788344134,550840,1,,single
1788344136,2144640,42,,single
1788344137,1674890,6,,single
1788344139,1951410,117,,single
1788344140,1149550,10,,single
1788344141,1546010,2,,single
1788344143,3395140,13,,single
1788344144,467520,6,,single
1788344145,1464930,0,,single
1788344147,671800,10,,single
1788344148,826600,1,,single
1788344149,343100,0,,single
1788344151,951430,6,,single
1788344152,1232460,0,,single
1788344154,1638300,11,,single
1788344155,370770,0,,single
1788344156,950620,1,,single
1788344158,2902540,8,,single
1788344159,630060,1,,single
1788344161,2115390,4,,single
1788344162,2153350,5,,single
1788344163,3170,100,,single
1788344165,2774830,0,,single
1788344166,2389040,30,,single
1788344168,783170,1,,single
1788344169,921780,0,,single
1788344170,1037130,1,,single
1788344172,1589570,1,,single
1788344174,33130,5,,single
1788344175,858940,1,,single
1788344176,629220,0,,single
1788344178,3192360,1,,single
1788344179,3364770,1,,single
1788344180,1930600,1,,single
1788344182,2142160,18,,single
1788344183,2157680,4,,single
1788344184,1074070,32,,single
1788344186,2081400,3,,single
1788344187,385400,1,,single
1788344189,1328890,1,,single
1788344190,981750,9,,single
1788344191,542340,0,,single
1788344193,2310700,30,,single
1788344194,2567190,14,,single
1788344195,1802880,0,,single
1788344197,2720280,1,,single
1788344198,1679220,4,,single
1788344199,2101890,12,,single
1788344201,929200,21,,single
1788344202,2738080,7,,single
1788344204,1065970,1,,single
1788344205,2456350,10,,single
1788344206,366260,6,,single
1788344208,1681060,11,,single
1788344209,2712580,0,,single
1788344211,2647230,2,,single
1788344212,420060,0,,single
1788344213,2162680,5,,single
1788344215,337410,453,,single
1788344216,212030,0,,single
1788344218,453270,3,,single
1788344219,2485180,11,,single
1788344220,1056570,5,,single
1788344222,1989070,9,,single
1788344223,3215170,0,,single
1788344224,2587450,6,,single
1788344226,2976870,7,,single
1788344227,1253710,1,,single
1788344229,3270,2,,single
1788344230,1004490,5,,single
1788344231,418950,0,,single
1788344233,1269020,1,,single
1788344234,673800,0,,single
1788344236,4890,29,,single
1788344237,370510,0,,single
1788344239,752580,71,,single
1788344240,2905970,8,,single
1788344242,562410,0,,single
1788344243,2904890,2,,single
1788344244,764570,10,,single
1788344246,342300,1,,single
1788344247,1222800,161,,single
1788344248,2907190,0,,single
1788344250,267920,1,,single
1788344251,2782610,62,,single
1788344253,357780,3,,single
1788344254,3334660,6,,single
1788344255,2603020,13,,single
1788344257,588160,3,,single
1788344258,1239300,0,,single
1788344260,2754690,2,,single
1788344261,2714970,2,,single
1788344262,510660,17,,single
1788344264,975680,0,,single
1788344265,384570,8,,single
1788344267,410210,1,,single
1788344268,809060,1,,single
1788344269,1084570,0,,single
1788344271,2169950,0,,single
1788344272,2318070,3,,single
1788344273,1557480,3,,single
1788344275,1822450,13,,single
1788344276,340070,1,,single
1788344278,2701510,0,,single
1788344279,1238280,3,,single
1788344280,2730540,2,,single
1788344282,3334550,0,,single
1788344283,1016730,1,,single
1788344284,603320,0,,single
1788344286,880510,0,,single
1788344287,836480,0,,single
1788344288,1423600,0,,single
1788344290,2697490,35,,single
1788344291,1016960,0,,single
1788344293,2846290,1,,single
1788344294,2109270,5,,single
1788344295,2473710,2,,single
1788344297,2600600,1,,single
1788344298,359610,1,,single
1788344299,2175540,105,,single
1788344301,1124660,1,,single
1788344302,293320,0,,single
1788344304,1485870,0,,single
1788344305,257990,0,,single
1788344306,3391500,2,,single
1788344308,1007350,0,,single
1788344309,2990510,0,,single
1788344311,3362990,21,,single
1788344312,685340,10,,single
1788344313,3054610,4,,single
1788344315,377600,0,,single
1788344316,1460220,4,,single
1788344317,1276800,2,,single
1788344319,279720,1,,single
1788344320,380020,0,,single
1788344322,350810,0,,single
1788344323,1851280,1,,single
1788344324,1800790,1,,single
1788344326,482450,0,,single
1788344327,881690,2,,single
1788344328,1562940,30,,single
1788344330,248530,0,,single
1788344331,1612780,1,,single
1788344333,492630,1,,single
1788344334,1100420,18,,single
1788344335,2331130,2,,single
1788344337,2517200,2,,single
1788344338,2317640,14,,single
1788344340,2530950,4,,single
1788344341,1729410,2,,single
1788344342,1755910,28,,single
1788344344,407310,1,,single
1788344345,264300,0,,single
1788344347,2185770,1,,single
1788344348,205840,1,,single
1788344350,694770,3,,single
1788344351,495110,2,,single
1788344353,1964040,7,,single
1788344354,2331070,0,,single
1788344355,3036010,13,,single
1788344357,391070,0,,single
1788344358,1452250,4,,single
1788344359,3090080,22,,single
1788344361,658550,3,,single
1788344362,2296550,29,,single
1788344364,1799220,0,,single
1788344365,655100,0,,single
1788344366,457730,2,,single
1788344368,447890,0,,single
1788344369,1393410,0,,single
1788344371,1232420,149,,single
1788344372,446390,1,,single
1788344374,1264970,4,,single
1788344375,745330,3,,single
1788344376,3543420,1,,single
1788344378,701930,1,,single
1788344379,1660280,0,,single
1788344380,1573100,9,,single
1788344382,488730,0,,single
1788344383,2397250,18,,single
1788344384,269330,0,,single
1788344386,415480,4,,single
1788344387,415350,6,,single
1788344390,774511,0,,single
1788344392,2430730,4,,single
1788344393,510840,10,,single
1788344394,1394960,6,,single
1788344396,2075100,5,,single
1788344397,271360,27,,single
1788344399,1135830,1,,single
1788344400,282010,3,,single
1788344401,1314460,3,,single
1788344403,2717010,22,,single
1788344404,2262080,16,,single
1788344405,2521630,26,,single
1788344407,9800,0,,single
1788344408,448070,1,,single
1788344410,1370140,2,,single
1788344411,1916310,6,,single
1788344412,745960,2,,single
1788344414,259340,1,,single
1788344415,654900,1,,single
1788344416,2381740,5,,single
1788344418,285010,1,,single
1788344419,664180,0,,single
1788344421,2025610,1,,single
1788344422,2248180,30,,single
1788344424,345220,0,,single
1788344425,1273100,7,,single
1788344426,2732100,7,,single
1788344428,1266600,1,,single
1788344429,2229560,5,,single
1788344431,2094270,1,,single
1788344432,1768650,4,,single
1788344433,1485690,10,,single
1788344435,1671350,5,,single
1788344436,257830,2,,single
1788344438,524660,236,,single
1788344439,332480,2,,single
1788344440,2014550,14,,single
1788344442,402530,1,,single
1788344443,2856450,0,,single
1788344445,2637070,2,,single
1788344446,732730,0,,single
1788344447,3177970,1,,single
1788344449,719640,164,,single
1788344450,1269260,16,,single
1788344452,1493520,1,,single
1788344453,965320,25,,single
1788344454,396160,24,,single
1788344456,206370,1,,single
1788344457,1664350,0,,single
1788344459,347940,2,,single
1788344460,3089130,8,,single
1788344461,1158220,5,,single
1788344463,286120,1,,single
1788344464,699670,1,,single
1788344466,1150090,1,,single
1788344467,2404370,2,,single
1788344469,886960,2,,single
1788344470,252230,1,,single
1788344471,1132980,3,,single
1788344473,402040,0,,single
1788344474,916930,0,,single
1788344476,376730,1,,single
1788344477,454100,1,,single
1788344479,1119600,3,,single
1788344480,1035760,0,,single
1788344482,625980,2,,single
1788344483,832360,1,,single
1788344484,491280,4,,single
1788344486,2165390,2,,single
1788344487,282030,4,,single
1788344489,1098280,0,,single
1788344490,503820,1,,single
1788344491,1373430,3,,single
1788344493,541230,3,,single
1788344494,377900,1,,single
1788344496,2830150,12,,single
1788344497,2082410,5,,single
1788344499,384680,0,,single
1788344500,1259800,11,,single
1788344502,651500,1,,single
1788344503,1296540,0,,single
1788344504,2696320,0,,single
1788344506,462680,0,,single
1788344507,1297330,0,,single
1788344508,1601330,3,,single
1788344510,1418160,0,,single
1788344511,851530,0,,single
1788344513,2162780,0,,single
1788344514,528060,0,,single
1788344515,1133590,1,,single
1788344517,1135910,10,,single
1788344518,494230,6,,single
1788344520,575950,6,,single
1788344521,682530,1,,single
1788344523,2468100,4,,single
1788344524,423590,0,,single
1788344525,864700,19,,single
1788344527,2924170,13,,single
1788344528,2151580,8,,single
1788344530,771350,0,,single
1788344531,2388460,1,,single
1788344533,418190,0,,single
1788344534,2367230,1,,single
1788344535,794580,3,,single
1788344537,920680,0,,single
1788344538,714370,2,,single
1788344540,1640630,1,,single
1788344541,862570,4,,single
1788344542,1502970,21,,single
1788344544,1518770,2,,single
1788344545,2305500,8,,single
1788344547,398000,1,,single
1788344548,1213230,4,,single
1788344549,494730,6,,single
1788344551,1049660,1,,single
1788344552,229870,0,,single
1788344554,1049710,2,,single
1788344555,3211680,8,,single
1788344557,91330,1,,single
1788344558,605610,0,,single
1788344559,2206350,16,,single
1788344561,638000,0,,single
1788344562,388060,2,,single
1788344564,971620,62,,single
1788344565,2080640,0,,single
1788344567,659190,0,,single
1788344568,1073320,1,,single
1788344569,1307690,5,,single
1788344571,1430220,6,,single
1788344572,1585440,0,,single
1788344573,466740,1,,single
1788344575,1223870,3,,single
1788344576,251230,0,,single
1788344578,1546790,2,,single
1788344579,588440,1,,single
1788344581,3385670,2,,single
1788344582,2591210,23,,single
1788344584,340520,0,,single
1788344585,3393750,16,,single
1788344586,463060,6,,single
1788344588,294230,1,,single
1788344589,1020820,0,,single
1788344590,402880,0,,single
1788344592,33180,1,,single
1788344593,2270210,2,,single
1788344595,1178790,64,,single
1788344596,2951580,1,,single
1788344598,2532050,1,,single
1788344599,1411020,2,,single
1788344601,1186460,2,,single
1788344602,2457540,77,,single
1788344603,41014,0,,single
1788344605,2280520,4,,single
1788344606,760410,1,,single
1788344607,1113010,1,,single
1788344609,521350,0,,single
1788344610,824190,0,,single
1788344612,986040,0,,single
1788344613,2479290,3,,single
1788344615,1688100,1,,single
1788344616,1490840,0,,single
1788344617,502770,0,,single
1788344619,485040,0,,single
1788344620,1395760,2,,single
1788344622,2613060,9,,single
1788344623,3046600,37,,single
1788344624,1403650,2,,single
1788344626,2707070,37,,single
1788344627,3255380,5,,single
1788344629,1449320,0,,single
1788344630,545690,0,,single
1788344631,39650,3,,single
1788344633,292600,0,,single
1788344634,2776940,0,,single
1788344636,228960,1,,single
1788344637,546080,0,,single
1788344638,247140,0,,single
1788344640,2361460,4,,single
1788344641,839450,1,,single
1788344643,389270,99,,single
1788344644,1786670,3,,single
1788344646,919280,8,,single
1788344647,2002220,3,,single
1788344648,655790,0,,single
1788344650,859340,0,,single
1788344651,1261520,8,,single
1788344652,810660,0,,single
1788344654,384980,0,,single
1788344655,1620290,0,,single
1788344657,2751050,10,,single
1788344658,1142830,9,,single
1788344660,2353340,4,,single
1788344661,286810,1,,single
1788344663,1934080,0,,single
1788344664,1300920,3,,single
1788344666,597150,3,,single
1788344667,459160,10,,single
1788344669,1189440,2,,single
1788344670,1840800,10,,single
1788344671,201480,0,,single
1788344673,2439760,6,,single
1788344674,315260,0,,single
1788344676,1090440,2,,single
1788344677,687850,3,,single
1788344678,1119060,0,,single
1788344680,1833490,7,,single
1788344681,2234150,68,,single
1788344683,1331210,2,,single
1788344684,508840,5,,single
1788344686,368610,5,,single
1788344687,755980,0,,single
1788344689,538810,1,,single
1788344691,2732820,0,,single
1788344693,2264340,57,,single
1788344694,965670,1,,single
1788344695,33110,7,,single
1788344697,715380,0,,single
1788344698,1016930,0,,single
1788344700,23450,8,,single
1788344701,1163590,5,,single
1788344703,254080,1,,single
1788344704,3411020,3,,single
1788344705,1323900,2,,single
1788344707,476240,1,,single
1788344708,745740,1,,single
1788344710,209230,4,,single
1788344711,418040,1,,single
1788344713,1515900,2,,single
1788344714,472680,0,,single
1788344715,1442820,4,,single
1788344717,3292340,0,,single
1788344718,2187230,1,,single
1788344720,46540,0,,single
1788344721,1379830,0,,single
1788344723,1389560,0,,single
1788344724,2692570,1,,single
1788344725,1007810,0,,single
1788344727,303790,0,,single
1788344728,11200,0,,single
1788344730,2204350,7,,single
1788344731,2377970,10,,single
1788344732,878580,1,,single
1788344734,2616420,2,,single
1788344735,1497950,2,,single
1788344737,1265800,1,,single
1788344738,1724140,5,,single
1788344740,1656930,2,,single
1788344741,1159090,3,,single
1788344742,1932160,2,,single
1788344744,628750,0,,single
1788344745,256010,0,,single
1788344747,2414630,3,,single
1788344748,595440,0,,single
1788344750,1682260,0,,single
1788344751,1739900,0,,single
1788344752,1731200,1,,single
1788344754,1243140,0,,single
1788344755,214550,0,,single
1788344757,787850,1,,single
1788344758,1168870,0,,single
1788344759,296240,3,,single
1788344761,1897650,1,,single
1788344762,358270,4,,single
1788344764,1415220,2,,single
1788344765,3014520,0,,single
1788344767,1761780,11,,single
1788344768,1201400,0,,single
1788344770,1303950,6,,single
1788344771,262490,4,,single
1788344772,449210,0,,single
1788344774,384030,45,,single
1788344775,2192620,1,,single
1788344777,1824960,1,,single
1788344778,721090,12,,single
1788344779,2990640,2,,single
1788344781,882960,0,,single
1788344782,1638390,2,,single
1788344784,1277510,13,,single
1788344785,2817140,3,,single
1788344786,603750,14,,single
1788344788,3064290,3,,single
1788344789,291130,0,,single
1788344791,2295920,2,,single
1788344792,248710,0,,single
1788344794,3037930,0,,single
1788344795,1600780,3,,single
1788344797,1132910,1,,single
1788344798,1473050,1,,single
1788344799,1349540,47,,single
1788344801,1883090,1,,single
1788344802,891510,1,,single
1788344804,380750,0,,single
1788344805,512180,8,,single
1788344806,1061880,2,,single
1788344808,423620,1,,single
1788344809,11340,0,,single
1788344811,1576240,0,,single
1788344812,351160,7,,single
1788344813,2667410,4,,single
1788344815,1883370,3,,single
1788344816,1399080,2,,single
1788344818,1209410,3,,single
1788344819,421740,1,,single
1788344821,299250,0,,single
1788344822,421660,3,,single
1788344823,2476100,1,,single
1788344825,655290,2,,single
1788344826,1614270,0,,single
1788344827,675690,50,,single
1788344829,2411910,28,,single
1788344830,1299400,9,,single
1788344832,306670,0,,single
1788344833,2794830,1,,single
1788344835,1440500,0,,single
1788344836,487370,2,,single
1788344838,12640,10,,single
1788344839,3447690,8,,single
1788344840,549860,0,,single
1788344842,2153330,5,,single
1788344843,1025140,2,,single
1788344845,2818450,1,,single
1788344846,687920,0,,single
1788344847,1515640,22,,single
1788344849,1071100,47,,single
1788344850,573130,0,,single
1788344852,1502040,2,,single
1788344853,537990,0,,single
1788344855,3281300,4,,single
1788344856,1627850,1,,single
1788344857,402160,0,,single
1788344859,1129570,6,,single
1788344860,219760,5,,single
1788344862,1037590,0,,single
1788344863,1273560,1,,single
1788344864,2976900,0,,single
1788344866,3469850,7,,single
1788344867,1177400,0,,single
1788344869,775900,4,,single
1788344870,393980,0,,single
1788344872,2336980,4,,single
1788344873,2637940,19,,single
1788344874,908360,1,,single
1788344876,1045180,0,,single
1788344877,386280,0,,single
1788344879,936140,36,,single
1788344880,1784780,0,,single
1788344882,3072640,9,,single
1788344883,259390,0,,single
1788344884,1437840,82,,single
1788344886,604780,0,,single
1788344887,7210,4,,single
1788344888,1137350,0,,single
1788344890,1969440,2,,single
1788344891,837880,1,,single
1788344892,799240,92,,single
1788344894,522940,0,,single
1788344895,3077390,92,,single
1788344897,65560,0,,single
1788344898,438080,0,,single
1788344899,1337970,32,,single
1788344901,897410,1,,single
1788344902,447780,0,,single
1788344904,2526310,0,,single
1788344905,781030,134,,single
1788344906,1824580,3,,single
1788344908,630610,3,,single
1788344909,1059900,8,,single
1788344911,536280,0,,single
1788344912,422100,1,,single
1788344913,260570,1,,single
1788344915,1114290,1,,single
1788344917,45300,0,,single
1788344918,2822370,6,,single
1788344919,1952250,1,,single
1788344921,692030,4,,single
1788344922,370350,1,,single
1788344924,1078280,0,,single
1788344925,1046300,10,,single
1788344927,1836550,24,,single
1788344928,300610,3,,single
1788344929,3098470,12,,single
1788344931,2436570,16,,single
1788344932,1550180,5,,single
1788344934,516600,0,,single
1788344935,1492360,0,,single
1788344936,774091,0,,single
1788344938,595740,5,,single
1788344939,230210,1,,single
1788344941,1876880,13,,single
1788344942,1381440,5,,single
1788344943,586960,1,,single
1788344945,1423370,1,,single
1788344946,311400,0,,single
1788344948,1085160,0,,single
1788344949,2712550,8,,single
1788344950,1167680,5,,single
1788344952,2776500,0,,single
1788344953,2891120,0,,single
1788344955,446810,0,,single
1788344956,1202310,1,,single
1788344958,2514460,0,,single
1788344959,467370,0,,single
1788344961,1044490,3,,single
1788344962,1171270,1,,single
1788344964,2494350,161,,single
1788344965,1917920,0,,single
1788344966,2432110,5,,single
1788344968,704040,14,,single
1788344969,328270,0,,single
1788344971,392580,0,,single
1788344972,1339460,1,,single
1788344973,2810,10,,single
1788344975,252310,0,,single
1788344976,1619230,0,,single
1788344978,2803280,1,,single
1788344980,2274200,3,,single
1788344981,363490,0,,single
1788344983,926580,0,,single
1788344984,289420,3,,single
1788344985,3021630,0,,single
1788344987,959890,0,,single
1788344988,7010,0,,single
1788344989,1583850,0,,single
1788344992,58570,0,,single
1788344993,1956740,27,,single
1788344994,2729480,4,,single
1788344996,1075200,0,,single
1788344997,2803360,0,,single
1788344999,2625510,0,,single
1788345000,802730,0,,single
1788345002,2817690,1,,single
1788345003,397500,2,,single
1788345004,32350,1,,single
1788345006,979560,5,,single
1788345007,1111450,0,,single
1788345009,423810,0,,single
1788345010,1611580,7,,single
1788345011,691320,0,,single
1788345013,328590,0,,single
1788345014,1932260,2,,single
1788345016,1510470,2,,single
1788345017,3098070,11,,single
1788345018,1370170,1,,single
1788345020,983350,2,,single
1788345021,1114130,1,,single
1788345022,1031920,3,,single
1788345024,1950570,6,,single
1788345025,2825110,1,,single
1788345027,2455920,3,,single
1788345028,521570,0,,single
1788345030,610810,1,,single
1788345031,871200,0,,single
1788345032,1798780,0,,single
1788345034,320760,0,,single
1788345035,2332260,0,,single
1788345037,589760,1,,single
1788345038,2243710,22,,single
1788345039,458730,1,,single
1788345041,2152740,1,,single
1788345042,525780,0,,single
1788345044,400800,2,,single
1788345045,1921560,3,,single
1788345047,3337210,3,,single
1788345048,325520,0,,single
1788345049,2439710,4,,single
1788345051,2844700,1,,single
1788345052,598780,0,,single
1788345054,466810,0,,single
1788345055,640120,0,,single
1788345057,654260,0,,single
1788345058,236790,0,,single
1788345059,1783280,1,,single
1788345061,2823890,20,,single
1788345062,227380,1,,single
1788345064,527280,0,,single
1788345065,1183260,0,,single
1788345066,1304340,2,,single
1788345068,2165620,4,,single
1788345069,303290,4,,single
1788345071,471810,1,,single
1788345072,1094530,2,,single
1788345074,623840,1,,single
1788345075,543140,1,,single
1788345077,1449750,3,,single
1788345078,1416960,23,,single
1788345080,396800,2,,single
1788345081,3218880,1,,single
1788345082,2020860,7,,single
1788345084,286460,4,,single
1788345085,1736400,3,,single
1788345087,1918450,3,,single
1788345088,2894960,0,,single
1788345089,244810,0,,single
1788345091,415030,0,,single
1788345092,892860,1,,single
1788345094,235820,0,,single
1788345095,2268470,0,,single
1788345097,933860,0,,single
1788345098,1056490,0,,single
1788345099,290260,4,,single
1788345101,819020,2,,single
1788345102,70640,2,,single
1788345104,2552440,129,,single
1788345105,253960,1,,single
1788345106,493720,0,,single
1788345108,1743830,9,,single
1788345109,1588870,0,,single
1788345111,1100150,14,,single
1788345112,1498130,11,,single
1788345114,1243960,6,,single
1788345115,656970,0,,single
1788345116,2804510,0,,single
1788345118,1960590,0,,single
1788345119,345200,3,,single
1788345120,1200720,1,,single
1788345122,3140620,3,,single
1788345123,1109130,2,,single
1788345125,2081080,2,,single
1788345126,851110,12,,single
1788345128,707300,0,,single
1788345129,758090,2,,single
1788345130,749250,3,,single
1788345132,417750,0,,single
1788345133,715670,36,,single
1788345134,11240,0,,single
1788345136,738550,4,,single
1788345137,317710,0,,single
1788345139,305640,1,,single
1788345140,451880,1,,single
1788345141,1038300,4,,single
1788345143,585830,4,,single
1788345144,814740,1,,single
1788345146,1389360,2,,single
1788345147,522040,0,,single
1788345149,294750,0,,single
1788345150,3032020,0,,single
1788345151,3107900,0,,single
1788345153,218760,8,,single
1788345154,1420740,1,,single
1788345155,628200,0,,single
1788345157,1164000,0,,single
1788345158,883100,0,,single
1788345160,1733250,1,,single
1788345161,2844850,8,,single
1788345162,1976950,0,,single
1788345164,1496590,3,,single
1788345165,2708210,6,,single
1788345167,207020,0,,single
1788345168,1674920,1,,single
1788345170,1591450,1,,single
1788345171,1032590,0,,single
1788345172,462990,6,,single
1788345174,1689640,0,,single
1788345175,488280,0,,single
1788345177,702700,1,,single
1788345178,1044980,1,,single
1788345179,1472250,0,,single
1788345181,716340,1,,single
1788345182,1071140,5,,single
1788345184,2817620,5,,single
1788345185,1648190,0,,single
1788345187,936160,16,,single
1788345188,1148490,6,,single
1788345190,748040,25,,single
1788345191,1018130,4,,single
1788345192,3169580,11,,single
1788345194,1141100,2,,single
1788345195,3027620,4,,single
1788345197,1453850,26,,single
1788345198,1065260,0,,single
1788345199,409850,2,,single
1788345201,453690,0,,single
1788345202,517160,1,,single
1788345204,1555150,0,,single
1788345205,552970,1,,single
1788345206,864160,0,,single
1788345208,297920,5,,single
1788345209,35320,2,,single
1788345211,1944250,4,,single
1788345212,226960,0,,single
1788345213,586110,0,,single
1788345215,470740,1,,single
1788345216,1037190,0,,single
1788345218,643810,0,,single
1788345219,1732920,0,,single
1788345221,331920,11,,single
1788345222,575490,0,,single
1788345223,299050,1,,single
1788345225,243360,2,,single
1788345226,943140,2,,single
1788345228,2916770,42,,single
1788345229,368640,0,,single
1788345230,1305720,0,,single
1788345232,917840,1,,single
1788345233,850980,1,,single
1788345234,1810960,0,,single
1788345236,2630020,6,,single
1788345237,781480,0,,single
1788345238,27020,0,,single
1788345240,2479720,0,,single
1788345241,1642220,2,,single
1788345243,324140,8,,single
1788345244,638160,0,,single
1788345245,460850,0,,single
1788345247,723790,6,,single
1788345248,991810,6,,single
1788345249,115200,9,,single
1788345251,1306770,1,,single
1788345252,1590660,1,,single
1788345254,450500,0,,single
1788345255,2243110,2,,single
1788345257,721180,7,,single
1788345258,257970,0,,single
1788345260,423490,0,,single
1788345261,80360,0,,single
1788345262,1349960,0,,single
1788345264,2693940,1,,single
1788345265,2553050,3,,single
1788345266,2097030,0,,single
1788345268,787740,2,,single
1788345269,585890,0,,single
1788345271,365660,0,,single
1788345272,351860,46,,single
1788345274,255870,1,,single
1788345275,2129810,2,,single
1788345277,61520,15,,single
1788345278,2550040,2,,single
1788345280,1188720,1,,single
1788345282,1998530,1,,single
1788345283,39560,0,,single
1788345284,1642790,2,,single
1788345286,1866630,2,,single
1788345287,659960,0,,single
1788345290,2523310,1,,single
1788345291,407980,0,,single
1788345292,1875280,2,,single
1788345294,2168260,6,,single
1788345295,4880,25,,single
1788345296,2730530,0,,single
1788345298,1309620,2,,single
1788345299,1243670,18,,single
1788345301,1770390,2,,single
1788345302,597840,5,,single
1788345303,1581800,8,,single
1788345305,463350,0,,single
1788345306,522230,35,,single
1788345308,1424910,6,,single
1788345309,1113680,0,,single
1788345310,3357250,8,,single
1788345312,206690,1,,single
1788345314,2600570,4,,single
1788345315,880400,0,,single
1788345316,1644150,0,,single
1788345318,1509090,0,,single
1788345319,3373670,1,,single
1788345321,1691970,6,,single
1788345322,1295270,9,,single
1788345324,336610,1,,single
1788345325,1710540,2,,single
1788345326,575510,1,,single
1788345328,211010,1,,single
1788345329,239700,0,,single
1788345330,2198800,14,,single
1788345332,1530,2,,single
1788345333,1063310,0,,single
1788345335,2518900,0,,single
1788345336,518730,0,,single
1788345338,995050,1,,single
1788345339,311720,0,,single
1788345341,286320,0,,single
1788345342,2697560,4,,single
1788345343,1553910,1,,single
1788345345,618950,1,,single
1788345346,1361400,0,,single
1788345347,242940,0,,single
1788345349,904360,1,,single
1788345350,3010070,0,,single
1788345352,767490,0,,single
1788345353,1692080,150,,single
1788345355,650440,1,,single
1788345356,370060,2,,single
1788345357,1020800,2,,single
1788345359,259320,0,,single
1788345360,973090,0,,single
1788345362,708340,2,,single
1788345363,227560,1,,single
1788345364,717610,0,,single
1788345366,1083600,17,,single
1788345367,283370,0,,single
1788345368,619390,4,,single
1788345370,22670,1,,single
1788345371,444140,4,,single
1788345373,1794780,6,,single
1788345374,2005210,0,,single
1788345375,301610,5,,single
1788345377,311120,0,,single
1788345379,1810820,52,,single
1788345380,467930,0,,single
1788345382,281410,0,,single
1788345383,1549030,0,,single
1788345384,2328310,0,,single
1788345386,1577620,3,,single
1788345387,2458430,1,,single
1788345389,2141770,10,,single
1788345390,346750,12,,single
1788345391,460960,33,,single
1788345393,1588560,0,,single
1788345394,403400,1,,single
1788345396,1125390,0,,single
1788345397,115220,10,,single
1788345399,1120560,0,,single
1788345400,370540,11,,single
1788345401,576130,0,,single
1788345403,1097530,1,,single
1788345404,2794770,0,,single
1788345406,3601790,2,,single
1788345407,968350,0,,single
1788345408,322130,8,,single
1788345410,405780,1,,single
1788345411,2655590,3,,single
1788345413,201490,3,,single
1788345414,384310,10,,single
1788345415,341870,0,,single
1788345417,254100,0,,single
1788345418,257120,0,,single
1788345420,319850,1,,single
1788345421,464150,0,,single
1788345422,926520,2,,single
1788345424,3010,1,,single
1788345425,724250,9,,single
1788345427,3029820,1,,single
1788345428,253860,0,,single
1788345430,1787500,1,,single
1788345431,1673190,4,,single
1788345432,1905020,0,,single
1788345434,2736020,1,,single
1788345435,1111380,10,,single
1788345437,1152090,0,,single
1788345438,403950,1,,single
1788345440,1731460,1,,single
1788345441,336060,2,,single
1788345443,357280,0,,single
1788345444,3114010,1,,single
1788345445,1024480,3,,single
1788345447,1221540,2,,single
1788345448,3585310,8,,single
1788345450,1533050,0,,single
1788345451,1919550,1,,single
1788345452,1727210,3,,single
1788345454,2382250,0,,single
1788345455,733050,0,,single
1788345457,2652000,5,,single
1788345458,1045620,7,,single
1788345460,814530,0,,single
1788345461,292620,0,,single
1788345462,1117160,0,,single
1788345464,377080,1,,single
1788345465,302060,0,,single
1788345467,1184890,0,,single
1788345468,438130,2,,single
1788345470,957720,53,,single
1788345471,1070860,1,,single
1788345472,2193050,2,,single
1788345474,265970,0,,single
1788345475,1620520,0,,single
1788345476,3128740,1,,single
1788345478,345860,0,,single
1788345479,1582510,2,,single
1788345481,425670,1,,single
1788345482,2808570,2,,single
1788345484,1295790,0,,single
1788345485,335820,10,,single
1788345486,3560,12,,single
1788345488,323490,1,,single
1788345489,1903910,0,,single
1788345490,1287920,9,,single
1788345492,240970,1,,single
1788345493,2759810,0,,single
1788345495,402750,2,,single
1788345496,1013750,3,,single
1788345498,2529520,8,,single
1788345499,320320,7,,single
1788345500,2716110,0,,single
1788345502,1356240,5,,single
1788345503,2877720,0,,single
1788345505,320690,5,,single
1788345506,583270,2,,single
1788345507,457420,1,,single
1788345509,1681600,0,,single
1788345510,1266800,1,,single
1788345512,270270,0,,single
1788345513,2812850,1,,single
1788345515,985900,1,,single
1788345516,200370,0,,single
1788345517,508790,0,,single
1788345519,1252710,2,,single
1788345520,222160,0,,single
1788345522,655160,2,,single
1788345523,1546710,2,,single
1788345525,214910,2,,single
1788345526,2562730,44,,single
1788345528,62000,0,,single
1788345529,2336200,0,,single
1788345530,385250,7,,single
1788345532,1551530,11,,single
1788345533,2404110,0,,single
1788345535,1073820,1,,single
1788345536,300580,0,,single
1788345537,1149940,1,,single
1788345539,1455120,0,,single
1788345540,282880,0,,single
1788345541,308173,4,,single
1788345543,1403020,1,,single
1788345544,263320,0,,single
1788345546,1185160,0,,single
1788345547,2296380,1,,single
1788345549,390100,0,,single
1788345550,497730,0,,single
1788345551,2745800,1,,single
1788345553,1957990,2,,single
1788345554,1880470,0,,single
1788345555,987230,0,,single
1788345557,3070880,39,,single
1788345558,506900,0,,single
1788345560,1092140,0,,single
1788345561,2719190,1,,single
1788345563,1163910,0,,single
1788345564,495290,12,,single
1788345565,914320,16,,single
1788345567,810500,1,,single
1788345568,11180,2,,single
1788345570,787400,0,,single
1788345571,1409200,1,,single
1788345572,985950,3,,single
1788345574,1251460,0,,single
1788345575,1934030,0,,single
1788345576,3432160,0,,single
1788345578,1040730,17,,single
1788345580,1479810,0,,single
1788345582,594040,1,,single
1788345583,3002620,2,,single
1788345584,554600,0,,single
1788345586,46490,3,,single
1788345587,1226670,2,,single
1788345588,1446350,2,,single
1788345591,2903160,1,,single
1788345593,936490,0,,single
1788345594,281200,0,,single
1788345595,1407860,14,,single
1788345597,375750,0,,single
1788345598,1502380,6,,single
1788345600,3800,1,,single
1788345601,1735420,1,,single
1788345603,1942440,1,,single
1788345604,1668460,0,,single
1788345606,2529080,4,,single
1788345607,416450,24,,single
1788345608,403560,1,,single
1788345610,808080,1,,single
1788345611,403900,1,,single
1788345613,1450080,29,,single
1788345614,463220,0,,single
1788345615,544970,0,,single
1788345617,332260,0,,single
1788345618,313080,0,,single
1788345620,628050,149,,single
1788345621,1318740,4,,single
1788345622,2616430,10,,single
1788345624,2056340,0,,single
1788345625,453290,0,,single
1788345626,1566880,7,,single
1788345628,436290,0,,single
1788345629,8880,0,,single
1788345631,1111930,6,,single
1788345632,655740,2,,single
1788345633,419520,0,,single
1788345635,438020,1,,single
1788345636,552110,1,,single
1788345638,355680,2,,single
1788345639,253410,0,,single
1788345641,295250,2,,single
1788345642,1146720,7,,single
1788345643,586380,0,,single
1788345645,890880,0,,single
1788345646,1745170,0,,single
1788345648,782570,0,,single
1788345649,1302050,0,,single
1788345651,303690,4,,single
1788345652,237950,5,,single
1788345654,266230,0,,single
1788345655,1183470,7,,single
1788345656,1011610,0,,single
1788345658,1348390,13,,single
1788345659,2060790,1,,single
1788345660,1144970,1,,single
1788345662,342620,0,,single
1788345663,1097110,1,,single
1788345665,792050,0,,single
1788345666,1803390,3,,single
1788345667,1020730,0,,single
1788345669,618850,0,,single
1788345670,1627680,3,,single
1788345672,1028350,1,,single
1788345673,742500,16,,single
1788345674,263860,0,,single
1788345676,1805930,0,,single
1788345677,2553710,0,,single
1788345679,1531490,0,,single
1788345680,275570,2,,single
1788345681,292390,0,,single
1788345683,2540860,0,,single
1788345684,703510,0,,single
1788345686,33670,4,,single
1788345687,652190,1,,single
1788345689,200390,1,,single
1788345690,252190,1,,single
1788345692,1911860,1,,single
1788345693,209330,1,,single
1788345694,354680,0,,single
1788345696,851930,0,,single
1788345697,948880,2,,single
1788345698,663110,0,,single
1788345700,1184250,0,,single
1788345701,1397650,2,,single
1788345703,319760,1,,single
1788345704,826230,0,,single
1788345705,33530,4,,single
1788345707,664750,1,,single
1788345708,2840480,0,,single
1788345710,1671720,0,,single
1788345711,428950,2,,single
1788345713,1078330,0,,single
1788345714,1154850,2,,single
1788345715,1103860,0,,single
1788345717,1586700,3,,single
1788345718,1368340,0,,single
1788345720,2475040,1,,single
1788345721,428880,0,,single
1788345723,809540,0,,single
1788345725,689980,0,,single
1788345726,1731260,1,,single
1788345727,2748830,4,,single
1788345729,1019450,0,,single
1788345730,1076550,2,,single
1788345732,235980,1,,single
1788345733,754120,3,,single
1788345734,329460,0,,single
1788345736,404040,15,,single
1788345737,1798020,27,,single
1788345739,24480,1,,single
1788345740,1671480,0,,single
1788345742,1374580,1,,single
1788345743,438030,1,,single
1788345745,2449160,3,,single
1788345746,539270,20,,single
1788345747,1782150,1,,single
1788345749,1164100,1,,single
1788345750,2908950,4,,single
1788345751,658600,1,,single
1788345753,691730,1,,single
1788345754,1145340,1,,single
1788345755,505330,0,,single
1788345757,315330,0,,single
1788345758,1304430,7,,single
1788345760,2800,8,,single
1788345761,273070,2,,single
1788345762,548840,0,,single
1788345764,32630,5,,single
1788345765,1245250,1,,single
1788345766,1810980,0,,single
1788345768,429610,2,,single
1788345769,1302110,0,,single
1788345771,2337820,2,,single
1788345772,1646580,4,,single
1788345773,306700,0,,single
1788345775,668430,1,,single
1788345776,1058200,6,,single
1788345777,892760,1,,single
1788345779,67000,0,,single
1788345780,1693040,0,,single
1788345782,12520,2,,single
1788345783,2741360,1,,single
1788345784,3111800,0,,single
1788345786,682570,3,,single
1788345787,361850,0,,single
1788345788,2097720,1,,single
1788345790,412670,2,,single
1788345791,496550,0,,single
1788345792,1157700,99,,single
1788345794,1592360,0,,single
1788345795,556050,0,,single
1788345797,406720,3,,single
1788345798,1407180,23,,single
1788345799,983150,0,,single
1788345801,521920,0,,single
1788345802,2258590,15,,single
1788345804,1028590,3,,single
1788345805,2593900,1,,single
1788345806,1561910,0,,single
1788345808,2665460,3,,single
1788345809,968440,16,,single
1788345810,618510,0,,single
1788345812,1393420,2,,single
1788345813,3244210,31,,single
1788345815,1341490,1,,single
1788345816,1169740,1,,single
1788345818,1984720,48,,single
1788345819,1114430,7,,single
1788345820,3331320,1,,single
1788345822,2116260,0,,single
1788345823,11130,0,,single
1788345824,465170,0,,single
1788345826,946610,12,,single
1788345827,613470,3,,single
1788345829,1112830,0,,single
1788345830,389900,0,,single
1788345831,3990,124,,single
1788345833,490230,2,,single
1788345834,1298530,0,,single
1788345836,1174460,15,,single
1788345837,1907720,7,,single
1788345838,1252000,7,,single
1788345840,2134560,0,,single
1788345841,769920,11,,single
1788345843,229810,0,,single
1788345844,1338420,0,,single
1788345845,433000,2,,single
1788345847,3226850,2,,single
1788345848,1043500,1,,single
1788345849,1099220,0,,single
1788345851,971160,1,,single
1788345852,15000,0,,single
1788345853,952540,30,,single
1788345855,586750,1,,single
1788345856,682480,0,,single
1788345858,1911940,1,,single
1788345859,1253190,1,,single
1788345860,70660,0,,single
1788345862,2058750,15,,single
1788345863,2442380,1,,single
1788345865,381100,1,,single
1788345866,1967450,0,,single
1788345867,1622800,1,,single
1788345869,1122120,3,,single
1788345870,316160,7,,single
1788345871,2936180,1,,single
1788345873,568040,0,,single
1788345875,1065520,6,,single
1788345876,1319420,0,,single
1788345877,919220,1,,single
1788345880,1135260,1,,single
1788345881,550340,1,,single
1788345882,1144020,3,,single
1788345884,961490,0,,single
1788345885,1112930,3,,single
1788345887,370870,1,,single
1788345888,7020,3,,single
1788345889,2494450,0,,single
1788345891,1301950,1,,single
1788345892,750470,12,,single
1788345894,297750,5,,single
1788345895,2582660,1,,single
1788345896,3313310,2,,single
1788345898,236130,0,,single
1788345899,289340,1,,single
1788345901,2118250,0,,single
1788345902,1921480,0,,single
1788345904,2085000,7,,single
1788345905,860620,1,,single
1788345906,1944360,0,,single
1788345908,989770,1,,single
1788345909,555750,0,,single
1788345910,473560,0,,single
1788345912,955170,1,,single
1788345913,3335120,25,,single
1788345915,368570,0,,single
1788345916,2154650,1,,single
1788345917,678560,1,,single
1788345919,1152300,7,,single
1788345920,1998340,30,,single
1788345922,860860,1,,single
1788345923,451780,1,,single
1788345925,529490,4,,single
1788345926,625470,0,,single
1788345927,1483780,1,,single
1788345929,1742360,1,,single
1788345930,1674820,3,,single
1788345932,351870,10,,single
1788345933,2071430,3,,single
1788345934,1961520,3,,single
1788345936,1925320,0,,single
1788345937,3304770,0,,single
1788345939,2374000,1,,single
1788345940,3001730,0,,single
1788345942,769950,1,,single
1788345943,900400,0,,single
1788345944,2876250,0,,single
1788345946,2392280,0,,single
1788345947,427680,2,,single
1788345949,1296280,0,,single
1788345950,267940,0,,single
1788345951,923570,1,,single
1788345953,1067860,0,,single
1788345954,200020,0,,single
1788345956,73210,1,,single
1788345957,3167970,0,,single
1788345959,1412850,0,,single
1788345960,778390,1,,single
1788345961,1281790,1,,single
1788345963,271370,17,,single
1788345964,414190,1,,single
1788345965,247350,1,,single
1788345967,1605320,2,,single
1788345968,350310,2,,single
1788345970,1517180,9,,single
1788345971,1082970,11,,single
1788345972,1399840,0,,single
1788345974,211180,0,,single
1788345975,248190,2,,single
1788345976,312230,0,,single
1788345978,372390,5,,single
1788345979,3263210,0,,single
1788345981,1671280,0,,single
1788345982,46450,0,,single
1788345983,496680,5,,single
1788345985,848050,13,,single
1788345986,2737980,3,,single
1788345987,758500,0,,single
1788345989,2677310,7,,single
1788345990,422920,23,,single
1788345992,1602540,2,,single
1788345993,684050,1,,single
1788345995,331650,1,,single
1788345996,429330,0,,single
1788345997,383930,0,,single
1788345999,454890,0,,single
1788346000,1050280,11,,single
1788346002,273570,2,,single
1788346003,2430900,2,,single
1788346004,40330,4,,single
1788346006,811880,1,,single
1788346007,2125770,1,,single
1788346008,931650,9,,single
1788346010,16710,0,,single
1788346011,1206410,4,,single
1788346013,2461780,0,,single
1788346014,565720,0,,single
1788346015,452230,3,,single
1788346017,584990,0,,single
1788346018,95900,3,,single
1788346020,418250,7,,single
1788346021,289890,1,,single
1788346022,1596730,1,,single
1788346024,666870,1,,single
1788346025,938860,0,,single
1788346027,1257280,0,,single
1788346028,2781750,3,,single
1788346029,2403340,5,,single
1788346031,809440,1,,single
1788346032,3471670,1,,single
1788346034,1137450,0,,single
1788346035,342610,2,,single
1788346036,1069190,2,,single
1788346038,3018830,0,,single
1788346039,1690,3,,single
1788346040,1823390,4,,single
1788346042,1295320,3,,single
1788346043,2162820,30,,single
1788346045,1714900,3,,single
1788346046,703180,4,,single
1788346047,1662140,4,,single
1788346049,227060,5,,single
1788346050,676630,0,,single
1788346052,1339410,0,,single
1788346053,1738610,0,,single
1788346055,1293730,2,,single
1788346056,1664670,0,,single
1788346057,502750,5,,single
1788346059,1995870,1,,single
1788346060,585910,0,,single
1788346062,777770,0,,single
1788346063,372210,0,,single
1788346064,2263920,0,,single
1788346066,2947220,1,,single
1788346067,2115850,1,,single
1788346068,666610,9,,single
1788346070,827290,0,,single
1788346071,364300,0,,single
1788346073,221830,2,,single
1788346074,434020,2,,single
1788346075,881420,0,,single
1788346077,438430,1,,single
1788346078,1627870,1,,single
1788346080,496640,1,,single
1788346081,2161050,2,,single
1788346083,2065810,1,,single
1788346084,1918970,0,,single
1788346085,744260,1,,single
1788346087,3600840,0,,single
1788346088,2197680,3,,single
1788346089,2736690,0,,single
1788346091,2516820,0,,single
1788346092,1214670,2,,single
1788346094,1889620,42,,single
1788346095,1358090,2,,single
1788346097,2281360,4,,single
1788346098,1698220,4,,single
1788346099,256030,1,,single
1788346101,1443430,1,,single
1788346102,202130,2,,single
1788346104,1484960,1,,single
1788346105,3227760,9,,single
1788346106,919410,2,,single
1788346108,3275010,1,,single
1788346109,2242100,6,,single
1788346110,17100,2,,single
1788346112,276890,1,,single
1788346113,1201830,1,,single
1788346115,390310,0,,single
1788346116,525920,24,,single
1788346117,985080,0,,single
1788346119,319450,2,,single
1788346120,439930,0,,single
1788346122,1278360,0,,single
1788346123,1036440,1,,single
1788346125,296220,7,,single
1788346126,2229940,0,,single
1788346128,1083870,1,,single
1788346129,871100,1,,single
1788346130,524010,0,,single
1788346132,244090,1,,single
1788346133,7770,1,,single
1788346135,1802330,0,,single
1788346136,2211730,0,,single
1788346137,270010,0,,single
1788346139,1454010,1,,single
1788346140,944080,2,,single
1788346141,488210,0,,single
1788346143,446120,0,,single
1788346144,1942010,0,,single
1788346146,2202590,3,,single
1788346147,1563700,0,,single
1788346149,312650,2,,single
1788346150,2162020,1,,single
1788346151,2118130,1,,single
1788346153,898800,4,,single
1788346154,2401680,0,,single
1788346155,3116640,1,,single
1788346157,1733880,1,,single
1788346158,448000,0,,single
1788346160,8100,0,,single
1788346161,788470,9,,single
1788346162,1721870,0,,single
1788346164,541660,5,,single
1788346165,1252010,10,,single
1788346167,1321230,0,,single
1788346168,1063980,0,,single
1788346170,343740,1,,single
1788346171,71000,0,,single
1788346172,42500,0,,single
1788346174,1588380,0,,single
1788346175,337490,0,,single
1788346177,365900,1,,single
1788346178,1940200,0,,single
1788346179,2462520,4,,single
1788346181,1550730,3,,single
1788346182,1148480,3,,single
1788346183,623090,1,,single
1788346185,2103680,0,,single
1788346186,3432500,0,,single
1788346187,509110,0,,single
1788346189,1028730,0,,single
1788346190,2825300,3,,single
1788346191,453310,0,,single
1788346193,934860,1,,single
1788346194,1985050,13,,single
1788346196,850450,0,,single
1788346197,1691560,1,,single
1788346199,2214220,0,,single
1788346200,207570,0,,single
1788346201,1392170,0,,single
1788346203,1393830,0,,single
1788346204,235660,6,,single
1788346205,1125910,0,,single
1788346207,1000440,1,,single
1788346208,437250,0,,single
1788346210,458430,3,,single
1788346211,1096180,0,,single
1788346213,1519710,0,,single
1788346214,2530430,0,,single
1788346216,1955030,1,,single
1788346217,1841240,1,,single
1788346218,1416730,0,,single
1788346220,277110,1,,single
1788346221,439250,30,,single
1788346223,267960,1,,single
1788346224,246960,0,,single
1788346226,373600,0,,single
1788346227,908070,2,,single
1788346229,977390,0,,single
1788346230,2230070,0,,single
1788346231,1555140,2,,single
1788346233,1381980,0,,single
1788346234,2179300,2,,single
1788346236,1980240,1,,single
1788346237,2380320,0,,single
1788346238,626510,1,,single
1788346240,1608040,0,,single
1788346241,595960,0,,single
1788346243,2737970,6,,single
1788346244,579940,10,,single
1788346245,395270,0,,single
1788346247,398170,2,,single
1788346248,1665260,0,,single
1788346250,1503670,1,,single
1788346251,562470,2,,single
1788346253,2479840,0,,single
1788346254,3449850,45,,single
1788346255,1722520,3,,single
1788346257,2077380,0,,single
1788346258,1077430,0,,single
1788346259,758730,10,,single
1788346261,645690,0,,single
1788346262,425410,1,,single
1788346264,835520,4,,single
1788346265,675170,0,,single
1788346266,2450400,0,,single
1788346268,406850,0,,single
1788346269,854860,0,,single
1788346271,1920100,0,,single
1788346272,1497450,1,,single
1788346273,290040,0,,single
1788346275,63800,0,,single
1788346276,704230,14,,single
1788346278,512270,0,,single
1788346279,1866980,0,,single
1788346281,242110,0,,single
1788346282,275060,0,,single
1788346283,415150,2,,single
1788346285,1409740,0,,single
1788346286,948640,7,,single
1788346287,546220,1,,single
1788346289,377060,1,,single
1788346290,1313,2,,single
1788346292,229950,1,,single
1788346293,2179440,2,,single
1788346294,1931690,1,,single
1788346296,1271100,2,,single
1788346297,2897240,10,,single
1788346298,1919470,5,,single
1788346300,1457510,15,,single
1788346301,606980,0,,single
1788346303,1037910,0,,single
1788346304,451570,0,,single
1788346305,2248900,6,,single
1788346307,2800900,2,,single
1788346308,502400,1,,single
1788346310,2194790,0,,single
1788346311,1072640,0,,single
1788346312,304670,0,,single
1788346314,754810,1,,single
1788346315,2740280,4,,single
1788346317,1347420,2,,single
1788346318,1698520,0,,single
1788346320,577080,0,,single
1788346321,2238630,2,,single
1788346322,710230,49,,single
1788346324,672730,0,,single
1788346325,529760,0,,single
1788346327,1433860,3,,single
1788346328,2312520,5,,single
1788346329,665330,0,,single
1788346331,621930,1,,single
1788346332,2252960,0,,single
1788346334,1451120,0,,single
1788346335,748970,0,,single
1788346336,2001570,0,,single
1788346338,824280,1,,single
1788346339,1585910,2,,single
1788346340,1525660,3,,single
1788346342,448470,1,,single
1788346343,347610,3,,single
1788346344,1109690,0,,single
1788346346,697650,1,,single
1788346347,977460,7,,single
1788346349,391740,0,,single
1788346350,353190,0,,single
1788346352,539670,0,,single
1788346353,252830,0,,single
1788346355,2118370,0,,single
1788346356,2060870,2,,single
1788346357,446640,0,,single
1788346359,2295610,1,,single
1788346361,46550,0,,single
1788346362,1038280,0,,single
1788346363,3296200,1,,single
1788346365,874400,0,,single
1788346366,439910,0,,single
1788346368,1747050,2,,single
1788346369,299540,0,,single
1788346371,1506440,0,,single
1788346372,2601030,0,,single
1788346373,2985930,1,,single
1788346375,411760,0,,single
1788346376,1434540,1,,single
1788346378,2529120,1,,single
1788346379,575330,0,,single
1788346381,1629830,7,,single
1788346382,450190,0,,single
1788346384,2013900,0,,single
1788346385,2223590,3,,single
1788346387,757330,0,,single
1788346388,1734390,0,,single
1788346389,890400,16,,single
1788346391,882410,0,,single
1788346392,2052990,5,,single
1788346394,1021070,0,,single
1788346395,1986880,1,,single
1788346396,1693250,11,,single
1788346398,2281820,1,,single
1788346399,575480,4,,single
1788346400,356420,0,,single
1788346402,1509590,0,,single
1788346403,1055610,0,,single
1788346405,403830,0,,single
1788346406,556240,0,,single
1788346408,1536470,0,,single
1788346409,311250,0,,single
1788346411,772070,0,,single
1788346412,1457620,12,,single
1788346413,237370,1,,single
1788346415,573490,2,,single
1788346416,408760,4,,single
1788346418,1187940,0,,single
1788346419,421810,1,,single
1788346420,506480,0,,single
1788346422,507390,1,,single
1788346423,1768880,1,,single
1788346424,292800,8,,single
1788346426,1502080,1,,single
1788346427,549080,0,,single
1788346429,1819230,1,,single
1788346430,492270,0,,single
1788346431,771420,0,,single
1788346433,593030,44,,single
1788346434,2319390,0,,single
1788346436,543030,0,,single
1788346437,470210,1,,single
1788346439,2795270,2,,single
1788346440,375710,0,,single
1788346442,843890,0,,single
1788346443,497700,3,,single
1788346444,981020,0,,single
1788346446,222660,0,,single
1788346447,453850,0,,single
1788346449,559910,0,,single
1788346450,1259510,0,,single
1788346451,1696220,0,,single
1788346453,547590,0,,single
1788346454,963280,0,,single
1788346456,1040430,0,,single
1788346457,601010,2,,single
1788346459,2009860,0,,single
1788346460,2000800,5,,single
1788346461,3330280,192,,single
1788346463,1413960,2,,single
1788346464,710030,0,,single
1788346466,1300360,2,,single
1788346467,680480,2,,single
1788346468,1934800,0,,single
1788346470,200960,0,,single
1788346471,580710,5,,single
1788346472,1882040,4,,single
1788346474,2279330,1,,single
1788346475,949200,1,,single
1788346477,780500,0,,single
1788346478,2311680,19,,single
1788346480,46770,18,,single
1788346481,1055760,3,,single
1788346483,1216490,0,,single
1788346484,921700,28,,single
1788346486,412520,0,,single
1788346487,864540,0,,single
1788346488,2488350,8,,single
1788346490,402060,0,,single
1788346491,1497360,1,,single
1788346493,1926590,3,,single
1788346494,499460,0,,single
1788346495,396640,0,,single
1788346497,1668310,0,,single
1788346498,1437500,1,,single
1788346500,415850,0,,single
1788346501,2510890,0,,single
1788346502,562570,0,,single
1788346504,651490,0,,single
1788346505,1556490,0,,single
1788346506,33770,7,,single
1788346508,437420,0,,single
1788346509,809870,0,,single
1788346511,801290,1,,single
1788346512,349250,0,,single
1788346514,386770,1,,single
1788346515,331190,0,,single
1788346516,661990,4,,single
1788346518,281450,4,,single
1788346519,650940,1,,single
1788346521,557260,1,,single
1788346522,569810,0,,single
1788346523,530020,0,,single
1788346525,1131920,6,,single
1788346526,443860,0,,single
1788346528,2224610,0,,single
1788346529,395860,0,,single
1788346530,415300,0,,single
1788346532,1580800,4,,single
1788346533,914430,1,,single
1788346535,1708110,0,,single
1788346536,1151120,1,,single
1788346537,200080,3,,single
1788346539,473670,0,,single
1788346540,394280,0,,single
1788346542,223430,0,,single
1788346543,1055990,0,,single
1788346544,1740240,0,,single
1788346546,412600,1,,single
1788346547,2577760,2,,single
1788346549,1929360,0,,single
1788346550,1592750,3,,single
1788346551,3410,1,,single
1788346553,1420540,0,,single
1788346554,2355140,2,,single
1788346555,1063040,1,,single
1788346557,563360,0,,single
1788346558,288370,0,,single
1788346560,1162280,0,,single
1788346561,1057800,0,,single
1788346562,1343810,0,,single
1788346564,1195560,0,,single
1788346565,1062340,1,,single
1788346567,1155870,1,,single
1788346569,1045580,1,,single
1788346570,1895810,0,,single
1788346571,2083800,0,,single
1788346573,1819450,0,,single
1788346574,617850,0,,single
1788346576,2329130,0,,single
1788346577,2865440,22,,single
1788346578,25600,2,,single
1788346580,1733170,0,,single
1788346581,39630,0,,single
1788346583,351140,0,,single
1788346584,338800,7,,single
1788346586,1505560,1,,single
1788346587,1775550,47,,single
1788346588,2002570,9,,single
1788346590,1285920,0,,single
1788346591,2101130,0,,single
1788346592,1592540,1,,single
1788346594,852910,1,,single
1788346595,377520,1,,single
1788346596,252270,0,,single
1788346598,432980,0,,single
1788346599,403510,0,,single
1788346600,1958600,20,,single
1788346602,453720,0,,single
1788346603,999830,0,,single
1788346605,278570,0,,single
1788346606,289400,4,,single
1788346607,429600,0,,single
1788346609,2473640,0,,single
1788346610,1174720,0,,single
1788346611,567060,0,,single
1788346613,341950,14,,single
1788346615,501760,0,,single
1788346616,488920,0,,single
1788346618,764030,23,,single
1788346619,1001140,1,,single
1788346621,928990,1,,single
1788346622,2789130,1,,single
1788346623,1523650,1,,single
1788346625,2658720,1,,single
1788346626,1061730,2,,single
1788346628,436230,0,,single
1788346629,371550,0,,single
1788346630,915230,0,,single
1788346632,908050,0,,single
1788346633,2840,3,,single
1788346635,2184350,4,,single
1788346636,290060,0,,single
1788346637,1018000,1,,single
1788346639,1377540,0,,single
1788346640,351480,0,,single
1788346642,1216230,2,,single
1788346643,1694560,0,,single
1788346645,360890,0,,single
1788346646,2743850,2,,single
1788346647,887400,0,,single
1788346649,956240,13,,single
1788346650,1111940,0,,single
1788346652,931310,2,,single
1788346653,1822240,0,,single
1788346654,200150,1,,single
1788346656,730870,12,,single
1788346657,431810,0,,single
1788346659,10100,4,,single
1788346660,249190,0,,single
1788346661,1507720,0,,single
1788346663,295670,0,,single
1788346664,1236240,1,,single
1788346666,877080,1,,single
1788346667,504390,50,,single
1788346668,1028860,18,,single
1788346670,693580,1,,single
1788346671,340350,0,,single
1788346672,1461920,17,,single
1788346674,1386650,0,,single
1788346675,466730,0,,single
1788346677,955320,0,,single
1788346678,493080,0,,single
1788346680,485860,0,,single
1788346681,1243890,1,,single
1788346683,343090,1,,single
1788346684,730410,1,,single
1788346686,542590,25,,single
1788346687,1737690,28,,single
1788346688,1088770,1,,single
1788346690,2082350,0,,single
1788346691,380140,6,,single
1788346693,686900,2,,single
1788346694,848500,23,,single
1788346696,31810,3,,single
1788346697,260930,1,,single
1788346698,292370,0,,single
1788346700,2531950,1,,single
1788346701,2131010,0,,single
1788346703,670750,0,,single
1788346704,1557420,0,,single
1788346705,1406810,1,,single
1788346707,800600,1,,single
1788346708,391580,0,,single
1788346709,1256530,0,,single
1788346711,560370,0,,single
1788346712,7220,0,,single
1788346714,600460,1,,single
1788346715,1168690,0,,single
1788346716,2410890,0,,single
1788346718,679750,0,,single
1788346719,1763740,6,,single
1788346721,1495860,4,,single
1788346722,1100160,10,,single
1788346724,1978150,2,,single
1788346725,3245050,0,,single
1788346726,383740,10,,single
1788346728,1736550,0,,single
1788346729,512160,2,,single
1788346730,2196980,0,,single
1788346732,1547160,0,,single
1788346733,440740,1,,single
1788346735,1089840,1,,single
1788346736,658590,0,,single
1788346737,1459960,0,,single
1788346739,3380,31,,single
1788346740,665270,0,,single
1788346742,574640,2,,single
1788346743,1201550,0,,single
1788346745,1600900,0,,single
1788346746,2140650,6,,single
1788346748,1909810,0,,single
1788346749,617440,0,,single
1788346750,1510580,32,,single
1788346752,2428840,1,,single
1788346753,283060,2,,single
1788346755,1292180,45,,single
1788346756,702110,1,,single
1788346758,2497610,0,,single
1788346759,392070,2,,single
1788346761,467950,1,,single
1788346762,368080,0,,single
1788346763,570710,0,,single
1788346765,922100,0,,single
1788346766,2722360,0,,single
1788346768,2544570,3,,single
1788346769,1261180,2,,single
1788346771,1155880,2,,single
1788346772,32310,2,,single
1788346773,823610,0,,single
1788346775,361320,3,,single
1788346776,1386890,4,,single
1788346778,347170,0,,single
1788346779,1740850,0,,single
1788346781,486360,0,,single
1788346782,3110010,1,,single
1788346784,409600,0,,single
1788346785,31100,2,,single
1788346786,230330,14,,single
1788346788,767420,3,,single
1788346790,916900,0,,single
1788346791,26000,0,,single
1788346792,2374190,2,,single
1788346794,2786830,0,,single
1788346795,2935840,1,,single
1788346797,280600,0,,single
1788346798,2892000,1,,single
1788346799,1651490,1,,single
1788346801,562730,2,,single
1788346802,283390,0,,single
1788346803,1348180,0,,single
1788346805,1921780,27,,single
1788346806,1016770,1,,single
1788346808,409320,0,,single
1788346809,2710950,2,,single
1788346811,1403310,4,,single
1788346812,1058140,1,,single
1788346814,545410,1,,single
1788346815,1385780,1,,single
1788346816,556860,1,,single
1788346818,750200,1,,single
1788346819,2512090,0,,single
1788346821,2400280,33,,single
1788346822,504400,0,,single
1788346824,344230,0,,single
1788346825,515470,1,,single
1788346826,1348920,0,,single
1788346828,786450,1,,single
1788346829,1247290,9,,single
1788346831,2138090,0,,single
1788346832,1309990,1,,single
1788346834,392820,0,,single
1788346835,1281200,1,,single
1788346836,538590,2,,single
1788346838,243020,0,,single
1788346839,1095040,0,,single
1788346841,1418390,0,,single
1788346842,1515200,0,,single
1788346844,388450,0,,single
1788346845,1630590,4,,single
1788346846,1516400,5,,single
1788346848,2770160,13,,single
1788346849,1070790,0,,single
1788346851,440520,1,,single
1788346852,432470,2,,single
1788346853,852340,2,,single
1788346855,628760,4,,single
1788346856,1237610,1,,single
1788346858,910320,2,,single
1788346859,1594400,0,,single
1788346861,1532710,0,,single
1788346862,1349600,0,,single
1788346864,1459010,1,,single
1788346865,1534180,1,,single
1788346867,286280,1,,single
1788346868,2715590,0,,single
1788346870,341150,0,,single
1788346871,205690,0,,single
1788346872,2064490,0,,single
1788346874,4870,14,,single
1788346875,936180,10,,single
1788346877,70900,0,,single
1788346878,1466230,1,,single
1788346880,1898610,0,,single
1788346881,512890,0,,single
1788346882,292780,6,,single
1788346884,1378040,3,,single
1788346885,2707040,0,,single
1788346887,1516750,1,,single
1788346888,919330,0,,single
1788346890,576810,0,,single
1788346891,2017610,1,,single
1788346893,2506580,0,,single
1788346894,1106940,0,,single
1788346896,2709940,0,,single
1788346897,2432100,2,,single
1788346898,2412490,0,,single
1788346900,1073220,0,,single
1788346901,1717510,0,,single
1788346903,441280,0,,single
1788346904,730840,4,,single
1788346906,2218970,138,,single
1788346907,622060,1,,single
1788346909,1184420,0,,single
1788346910,1861440,0,,single
1788346911,1054950,0,,single
1788346913,2171560,5,,single
1788346914,2094750,0,,single
1788346915,1658930,0,,single
1788346917,294540,14,,single
1788346918,11050,4,,single
1788346920,1163070,0,,single
1788346921,211970,0,,single
1788346922,857350,5,,single
1788346924,44690,0,,single
1788346925,962090,0,,single
1788346927,1554600,0,,single
1788346928,1010850,2,,single
1788346929,451600,6,,single
1788346931,1025070,0,,single
1788346932,1633370,3,,single
1788346934,1422430,0,,single
1788346936,1026400,0,,single
1788346937,1742610,0,,single
1788346939,2784620,1,,single
1788346940,1248800,1,,single
1788346942,428340,1,,single
1788346943,909190,0,,single
1788346945,935070,0,,single
1788346946,346420,0,,single
1788346948,1585700,0,,single
1788346949,430020,1,,single
1788346950,710710,0,,single
1788346952,579490,7,,single
1788346953,636960,0,,single
1788346954,1163600,4,,single
1788346956,2506480,27,,single
1788346957,2321880,0,,single
1788346959,2288070,1,,single
1788346960,2132560,3,,single
1788346962,397720,12,,single
1788346963,1111080,1,,single
1788346965,1548750,1,,single
1788346966,889080,3,,single
1788346967,2176900,1,,single
1788346969,1240290,1,,single
1788346970,363090,178,,single
1788346972,1152310,11,,single
1788346973,452860,3,,single
1788346974,1223910,2,,single
1788346976,1259380,5,,single
1788346977,1876730,0,,single
1788346979,1835840,0,,single
1788346980,492840,0,,single
1788346981,304170,0,,single
1788346983,238890,0,,single
1788346984,264520,0,,single
1788346986,1811740,0,,single
1788346987,905490,0,,single
1788346989,205810,2,,single
1788346990,211900,0,,single
1788346992,2261350,1,,single
1788346993,3034130,0,,single
1788346995,528300,0,,single
1788346996,478960,2,,single
1788346998,372930,2,,single
1788346999,496750,0,,single
1788347000,1035660,1,,single
1788347002,504000,0,,single
1788347003,2111090,1,,single
1788347004,573770,0,,single
1788347006,1322650,0,,single
1788347007,1404090,0,,single
1788347009,497860,2,,single
1788347010,1126750,7,,single
1788347011,267340,3,,single
1788347013,999660,2,,single
1788347014,1547860,0,,single
1788347016,1079310,1,,single
1788347017,1580150,1,,single
1788347019,2701350,1,,single
1788347021,2449430,2,,single
1788347022,622890,0,,single
1788347023,461880,1,,single
1788347025,584100,1,,single
1788347026,1696720,0,,single
1788347028,377260,0,,single
1788347030,701870,2,,single
1788347031,3064670,1,,single
1788347033,2435180,0,,single
1788347034,856880,2,,single
1788347035,1865930,0,,single
1788347037,1404660,0,,single
1788347038,612520,18,,single
1788347039,1262060,1,,single
1788347041,525300,2,,single
1788347042,341020,0,,single
1788347044,2149420,3,,single
1788347045,1689870,1,,single
1788347046,1035750,0,,single
1788347048,1400870,0,,single
1788347049,375010,0,,single
1788347051,481180,0,,single
1788347052,496190,0,,single
1788347053,1535100,0,,single
1788347056,912450,7,,single
1788347057,1856480,2,,single
1788347059,2928700,1,,single
1788347060,910450,0,,single
1788347062,1188080,0,,single
1788347063,382420,0,,single
1788347064,741990,0,,single
1788347066,322970,0,,single
1788347068,871170,20,,single
1788347069,8330,0,,single
1788347071,2146570,3,,single
1788347072,1694750,3,,single
1788347074,570950,0,,single
1788347075,2596100,0,,single
1788347076,781810,0,,single
1788347078,450850,2,,single
1788347080,1521070,2,,single
1788347082,504920,0,,single
1788347083,785780,1,,single
1788347084,43600,1,,single
1788347086,2191480,17,,single
1788347087,277500,0,,single
1788347089,347000,0,,single
1788347092,2487390,1,,single
1788347093,497800,1,,single
1788347095,962630,0,,single
1788347096,39110,0,,single
1788347098,252750,0,,single
1788347099,338530,0,,single
1788347100,2298300,0,,single
1788347102,383330,1,,single
1788347103,6400,3,,single
1788347105,1325040,7,,single
1788347106,3081830,1,,single
1788347108,1991300,1,,single
1788347109,508180,1,,single
1788347110,946010,2,,single
1788347112,384080,1,,single
1788347113,557410,1,,single
1788347115,344300,0,,single
1788347116,724490,0,,single
1788347117,568750,1,,single
1788347119,1458560,0,,single
1788347120,2183910,3,,single
1788347122,303720,0,,single
1788347123,458590,0,,single
1788347124,622680,0,,single
1788347126,1399750,0,,single
1788347127,1925970,0,,single
1788347129,515570,20,,single
1788347130,1763030,1,,single
1788347132,2918410,1,,single
1788347133,337850,10,,single
1788347134,691830,2,,single
1788347136,1770050,3,,single
1788347137,523160,0,,single
1788347139,1400070,0,,single
1788347140,1309820,0,,single
1788347141,404820,3,,single
1788347143,1363360,0,,single
1788347144,966530,0,,single
1788347146,15240,5,,single
1788347147,344190,0,,single
1788347148,2765460,5,,single
1788347150,292160,2,,single
1788347151,444160,155,,single
1788347153,1197220,0,,single
1788347154,1586290,0,,single
1788347155,1350350,0,,single
1788347157,1426110,0,,single
1788347158,2564860,0,,single
1788347160,399230,1,,single
1788347161,1431780,1,,single
1788347162,613270,0,,single
1788347164,223000,4,,single
1788347165,623700,0,,single
1788347166,739980,0,,single
1788347168,1079510,2,,single
1788347169,661000,0,,single
1788347171,1847510,0,,single
1788347172,1121780,4,,single
1788347174,1793170,0,,single
1788347175,822990,1,,single
1788347177,302130,1,,single
1788347178,598490,0,,single
1788347179,1934040,0,,single
1788347181,619400,0,,single
1788347182,1074190,1,,single
1788347184,2220870,0,,single
1788347185,2936030,3,,single
1788347186,634120,0,,single
1788347188,646100,0,,single
1788347189,1895860,28,,single
1788347191,571890,3,,single
1788347192,1082930,2,,single
1788347193,1780370,0,,single
1788347195,344840,0,,single
1788347196,1373320,0,,single
1788347198,2302150,0,,single
1788347199,18120,0,,single
1788347200,1508750,5,,single
1788347202,1180130,3,,single
1788347203,1600500,0,,single
1788347204,1336120,1,,single
1788347206,1487680,0,,single
1788347207,821670,3,,single
1788347208,276870,0,,single
1788347210,555400,1,,single
1788347211,259890,0,,single
1788347212,657000,0,,single
1788347214,2084930,0,,single
1788347215,2490790,0,,single
1788347217,1650550,1,,single
1788347218,754620,0,,single
1788347219,451920,0,,single
1788347221,928390,0,,single
1788347222,1337530,0,,single
1788347224,760330,0,,single
1788347225,877850,2,,single
1788347226,527420,1,,single
1788347228,851280,0,,single
1788347229,1122690,0,,single
1788347230,375130,0,,single
1788347232,2387110,1,,single
1788347233,761700,0,,single
1788347234,687590,0,,single
1788347236,606960,0,,single
1788347237,1829470,4,,single
1788347238,251210,2,,single
1788347240,1862840,0,,single
1788347241,977810,0,,single
1788347243,1735980,0,,single
1788347244,1546440,0,,single
1788347245,754350,1,,single
1788347247,516130,0,,single
1788347248,2693460,0,,single
1788347250,446990,0,,single
1788347251,741590,2,,single
1788347252,98500,0,,single
1788347254,1725340,2,,single
1788347255,1369770,0,,single
1788347257,676760,0,,single
1788347258,581520,0,,single
1788347259,1330890,2,,single
1788347261,32750,1,,single
1788347262,2109640,2,,single
1788347264,1492310,0,,single
1788347265,1449500,6,,single
1788347267,1550840,1,,single
1788347268,347400,1,,single
1788347269,358460,3,,single
1788347271,1998330,1,,single
1788347272,413680,0,,single
1788347274,1670,0,,single
1788347275,658160,0,,single
1788347277,1848520,4,,single
1788347278,1737070,0,,single
1788347279,1576280,1,,single
1788347281,285090,0,,single
1788347282,331980,0,,single
1788347283,38230,6,,single
1788347285,1818180,0,,single
1788347286,1788780,4,,single
1788347288,25700,0,,single
1788347289,567980,0,,single
1788347290,1184840,3,,single
1788347292,465720,0,,single
1788347293,63900,2,,single
1788347295,2206140,1,,single
1788347296,590910,0,,single
1788347297,831570,3,,single
1788347299,8890,0,,single
1788347300,2503220,0,,single
1788347302,2168450,0,,single
1788347303,562430,0,,single
1788347304,951530,4,,single
1788347306,1537910,14,,single
1788347307,474030,0,,single
1788347308,704510,5,,single
1788347310,1376910,0,,single
1788347311,214150,1,,single
1788347312,2156620,1,,single
1788347314,2560460,1,,single
1788347315,570420,0,,single
1788347316,389870,0,,single
1788347318,361690,0,,single
1788347319,924650,1,,single
1788347320,1528810,1,,single
1788347322,599000,0,,single
1788347323,1266100,1,,single
1788347324,985260,0,,single
1788347326,9710,0,,single
1788347327,2152990,0,,single
1788347329,635310,0,,single
1788347330,867960,0,,single
1788347331,584890,0,,single
1788347333,324710,0,,single
1788347334,1147890,1,,single
1788347336,312350,3,,single
1788347337,1192810,0,,single
1788347338,603800,0,,single
1788347340,265380,0,,single
1788347341,260650,0,,single
1788347342,1169100,3,,single
1788347344,1726760,0,,single
1788347345,926860,1,,single
1788347346,1132030,0,,single
1788347348,1785910,1,,single
1788347349,685400,0,,single
1788347351,420210,0,,single
1788347352,448400,4,,single
1788347353,677020,1,,single
1788347355,408110,2,,single
1788347356,551370,2,,single
1788347357,263460,0,,single
1788347359,1183500,3,,single
1788347360,1830910,0,,single
1788347362,1722760,0,,single
1788347363,1222210,6,,single
1788347364,324090,1,,single
1788347366,1401220,0,,single
1788347367,1394930,9,,single
1788347368,416190,5,,single
1788347370,2018640,3,,single
1788347371,1572420,0,,single
1788347373,1217830,0,,single
1788347374,1803600,1,,single
1788347375,1561890,0,,single
1788347377,291190,2,,single
1788347378,751500,0,,single
1788347379,255260,2,,single
1788347381,1301010,4,,single
1788347382,462940,12,,single
1788347383,37210,2,,single
1788347385,875800,1,,single
1788347386,751640,0,,single
1788347388,539450,0,,single
1788347389,424200,1,,single
1788347390,869840,1,,single
1788347392,950050,0,,single
1788347393,1124080,0,,single
1788347394,528730,1,,single
1788347396,1020540,0,,single
1788347397,865940,0,,single
1788347398,527990,0,,single
1788347400,1572340,1,,single
1788347401,541920,3,,single
1788347403,1518220,2,,single
1788347404,438000,0,,single
1788347405,275510,0,,single
1788347407,1430970,10,,single
1788347408,2202470,0,,single
1788347410,939000,1,,single
1788347411,9730,1,,single
1788347412,496760,1,,single
1788347414,1056750,1,,single
1788347415,1393270,0,,single
1788347416,916050,0,,single
1788347418,1714580,2,,single
1788347419,392970,0,,single
1788347420,922710,0,,single
1788347422,356270,1,,single
1788347423,381870,1,,single
1788347425,1458900,1,,single
1788347426,1293650,1,,single
1788347427,1033410,5,,single
1788347429,1610,11,,single
1788347430,816430,0,,single
1788347431,253790,0,,single
1788347433,322750,0,,single
1788347434,1328900,0,,single
1788347435,1163340,2,,single
1788347437,1146100,1,,single
1788347438,656880,0,,single
1788347439,2444350,0,,single
1788347441,886820,4,,single
1788347442,396280,0,,single
1788347444,403980,1,,single
1788347445,536780,2,,single
1788347447,415920,0,,single
1788347448,311860,1,,single
1788347449,1674640,0,,single
1788347451,770490,0,,single
1788347452,1859290,3,,single
1788347454,649790,1,,single
1788347455,1613670,0,,single
1788347456,1449510,0,,single
1788347458,626660,1,,single
1788347459,400580,0,,single
1788347461,345540,0,,single
1788347462,1522930,1,,single
1788347463,916160,1,,single
1788347465,2103640,0,,single
1788347466,1426280,0,,single
1788347467,39640,1,,single
1788347469,9850,1,,single
1788347470,1469690,0,,single
1788347472,1960110,1,,single
1788347473,1013220,0,,single
1788347474,744420,0,,single
1788347476,710780,0,,single
1788347477,491650,0,,single
1788347479,11550,0,,single
1788347480,787110,0,,single
1788347481,1333410,0,,single
1788347483,1055850,0,,single
1788347484,1519790,1,,single
1788347485,2304030,28,,single
1788347487,628800,1,,single
1788347488,300630,0,,single
1788347489,872680,1,,single
1788347491,2055910,0,,single
1788347492,1805130,0,,single
1788347493,845250,5,,single
1788347495,1273480,4,,single
1788347496,1458390,0,,single
1788347497,678970,0,,single
1788347499,783590,1,,single
1788347500,411320,7,,single
1788347501,1147130,1,,single
1788347503,749840,1,,single
1788347504,1054710,0,,single
1788347505,362090,0,,single
1788347507,1165860,5,,single
1788347508,497580,0,,single
1788347510,751060,1,,single
1788347511,364210,0,,single
1788347512,1065940,0,,single
1788347514,333430,2,,single
1788347515,369830,0,,single
1788347517,1469160,9,,single
1788347518,938810,1,,single
1788347519,420880,0,,single
1788347521,1414020,0,,single
1788347522,589670,1,,single
1788347524,1781350,7,,single
1788347525,358830,0,,single
1788347526,245410,3,,single
1788347528,277700,1,,single
1788347529,1666250,0,,single
1788347531,283330,0,,single
1788347532,31840,2,,single
1788347533,94620,0,,single
1788347535,1432500,0,,single
1788347536,378770,1,,single
1788347537,1249110,0,,single
1788347539,1508530,0,,single
1788347540,1837580,0,,single
1788347542,2022290,3,,single
1788347543,809250,0,,single
1788347544,97130,10,,single
1788347546,394220,0,,single
1788347547,266030,0,,single
1788347549,953900,1,,single
1788347550,1924400,0,,single
1788347551,857320,37,,single
1788347553,496350,6,,single
1788347554,298950,0,,single
1788347555,500190,8,,single
1788347557,245430,6,,single
1788347558,500870,0,,single
1788347560,358080,0,,single
1788347561,517360,0,,single
1788347563,668980,1,,single
1788347564,396090,1,,single
1788347565,456540,1,,single
1788347567,1387500,2,,single
1788347568,32610,0,,single
1788347569,416040,0,,single
1788347571,1923680,15,,single
1788347572,1529470,0,,single
1788347574,2109430,0,,single
1788347575,788420,3,,single
1788347576,1202970,4,,single
1788347578,1895630,62,,single
1788347579,2004440,0,,single
1788347581,1378890,0,,single
1788347583,1304090,1,,single
1788347584,1141120,1,,single
1788347585,872750,0,,single
1788347587,508530,0,,single
1788347588,1292500,0,,single
1788347590,502570,56,,single
1788347591,517780,1,,single
1788347593,567080,2,,single
1788347594,1356180,21,,single
1788347595,1826570,0,,single
1788347597,522090,2,,single
1788347598,1864790,4,,single
1788347600,1849890,0,,single
1788347601,1728660,1,,single
1788347602,494600,1,,single
1788347604,25910,5,,single
1788347605,558790,1,,single
1788347606,506510,0,,single
1788347608,1240230,0,,single
1788347609,286830,0,,single
1788347610,1054580,11,,single
1788347612,1308500,1,,single
1788347613,1005400,0,,single
1788347615,1184560,2,,single
1788347616,330720,0,,single
1788347617,2362420,10,,single
1788347619,595320,0,,single
1788347620,404640,0,,single
1788347622,2169830,2,,single
1788347623,880220,0,,single
1788347624,1603940,1,,single
1788347626,1119570,0,,single
1788347627,593620,0,,single
1788347628,351250,0,,single
1788347630,1748750,1,,single
1788347631,715650,0,,single
1788347633,289440,1,,single
1788347634,395900,5,,single
1788347635,406080,0,,single
1788347637,1125110,0,,single
1788347638,597030,0,,single
1788347639,1182830,0,,single
1788347641,514580,0,,single
1788347642,1277500,0,,single
1788347643,2348650,0,,single
1788347645,2216600,4,,single
1788347646,1073810,0,,single
1788347647,1406020,1,,single
1788347649,651470,0,,single
1788347650,1198740,0,,single
1788347652,958530,0,,single
1788347653,507520,0,,single
1788347654,1597400,1,,single
1788347656,1090670,1,,single
1788347657,838410,1,,single
1788347658,300340,0,,single
1788347660,866420,1,,single
1788347661,2516360,6,,single
1788347663,977500,0,,single
1788347664,347950,6,,single
1788347665,493060,0,,single
1788347667,1442160,0,,single
1788347668,709840,0,,single
1788347670,512080,0,,single
1788347671,1476350,0,,single
1788347672,640340,5,,single
1788347674,1441790,1,,single
1788347675,2130060,4,,single
1788347676,1227750,0,,single
1788347678,1308950,0,,single
1788347680,1767310,2,,single
1788347682,1872550,0,,single
1788347683,511140,1,,single
1788347684,365890,0,,single
1788347686,471920,0,,single
1788347687,1424600,0,,single
1788347689,2153780,0,,single
1788347690,2125160,0,,single
1788347691,1399090,0,,single
1788347693,514620,0,,single
1788347694,946650,0,,single
1788347695,1355780,0,,single
1788347697,377880,1,,single
1788347698,1013910,0,,single
1788347700,1717020,1,,single
1788347701,874460,1,,single
1788347702,1461200,0,,single
1788347704,964130,4,,single
1788347705,291930,0,,single
1788347707,574070,1,,single
1788347708,937940,1,,single
1788347709,809210,0,,single
1788347711,1044340,0,,single
1788347712,292420,1,,single
1788347713,312790,0,,single
1788347715,2336590,1,,single
1788347716,1553320,0,,single
1788347718,427550,0,,single
1788347719,264060,0,,single
1788347721,838390,0,,single
1788347722,2244480,0,,single
1788347724,326990,1,,single
1788347725,40420,1,,single
1788347726,1240480,0,,single
1788347728,770410,0,,single
1788347729,965600,1,,single
1788347731,1748660,0,,single
1788347732,377450,1,,single
1788347734,920520,0,,single
1788347735,1431350,2,,single
1788347736,2124470,5,,single
1788347738,1966420,0,,single
1788347739,255940,0,,single
1788347740,1257880,0,,single
1788347742,269610,0,,single
1788347743,1228500,2,,single
1788347745,1033170,0,,single
1788347746,695600,0,,single
1788347747,1234620,1,,single
1788347749,777200,0,,single
1788347750,1127970,0,,single
1788347751,453960,0,,single
1788347753,1066110,78,,single
1788347754,444970,6,,single
1788347756,1621680,7,,single
1788347757,1400290,1,,single
1788347758,690120,0,,single
1788347760,1179060,0,,single
1788347761,1074030,0,,single
1788347763,1227400,0,,single
1788347764,349520,0,,single
1788347766,785880,0,,single
1788347767,578590,1,,single
1788347768,648780,0,,single
1788347770,527190,0,,single
1788347772,1640320,0,,single
1788347773,1066860,3,,single
1788347774,243060,1,,single
1788347776,1273250,1,,single
1788347777,532030,0,,single
1788347778,1882240,20,,single
1788347780,1786010,0,,single
1788347781,2250550,5,,single
1788347782,1063790,4,,single
1788347784,396850,1,,single
1788347785,1638950,0,,single
1788347786,1281860,0,,single
1788347788,283350,0,,single
1788347789,1838970,2,,single
1788347790,637060,0,,single
1788347792,453300,0,,single
1788347793,1137970,1,,single
1788347795,273730,0,,single
1788347796,461850,0,,single
1788347797,277630,4,,single
1788347799,1178230,0,,single
1788347800,306640,8,,single
1788347802,514460,1,,single
1788347803,368450,0,,single
1788347804,626600,1,,single
1788347806,1524250,0,,single
1788347807,450440,0,,single
1788347808,1684670,0,,single
1788347810,2180550,1,,single
1788347811,659500,2,,single
1788347812,579720,0,,single
1788347814,1575830,0,,single
1788347815,448630,2,,single
1788347816,391160,0,,single
1788347818,1808130,0,,single
1788347819,1020270,1,,single
1788347821,1727520,1,,single
1788347822,1029650,1,,single
1788347823,422630,1,,single
1788347825,450950,0,,single
1788347826,4460,1,,single
1788347828,2303800,0,,single
1788347829,1649630,0,,single
1788347830,1152320,9,,single
1788347832,740810,1,,single
1788347833,472420,0,,single
1788347835,1755300,41,,single
1788347836,1437860,64,,single
1788347837,542780,0,,single
1788347839,332400,1,,single
1788347840,1969060,1,,single
1788347841,325790,0,,single
1788347843,1174860,13,,single
1788347844,827050,5,,single
1788347845,433670,0,,single
1788347847,1785300,0,,single
1788347848,555660,0,,single
1788347850,396890,1,,single
1788347851,446000,0,,single
1788347852,555710,0,,single
1788347854,1247940,0,,single
1788347855,2337140,0,,single
1788347856,314470,1,,single
1788347858,941650,0,,single
1788347859,416870,1,,single
1788347860,1229500,0,,single
1788347862,228320,0,,single
1788347863,1836030,2,,single
1788347864,1709350,1,,single
1788347866,366290,1,,single
1788347867,1160360,0,,single
1788347869,414120,0,,single
1788347870,2620500,0,,single
1788347871,1046660,0,,single
1788347873,681110,0,,single
1788347874,657040,0,,single
1788347875,2562240,0,,single
1788347876,574260,3,,single
1788347878,1379600,0,,single
1788347879,2398940,0,,single
1788347880,454690,0,,single
1788347882,1233540,2,,single
1788347883,1947530,0,,single
1788347885,31820,2,,single
1788347886,857080,1,,single
1788347887,1878070,1,,single
1788347889,46360,3,,single
1788347890,1451870,1,,single
1788347891,356910,1,,single
1788347893,1597290,0,,single
1788347894,870690,1,,single
1788347895,31930,2,,single
1788347897,592730,0,,single
1788347898,252730,3,,single
1788347900,4530,0,,single
1788347901,1543240,2,,single
1788347902,1398910,0,,single
1788347904,331880,0,,single
1788347905,2486930,7,,single
1788347906,2108600,0,,single
1788347908,343180,0,,single
1788347909,331790,0,,single
1788347911,1041210,0,,single
1788347912,1848130,0,,single
1788347913,437390,0,,single
1788347915,337290,0,,single
1788347916,607210,2,,single
1788347917,447200,0,,single
1788347919,834880,0,,single
1788347920,2225530,0,,single
1788347921,1280080,0,,single
1788347923,1436920,0,,single
1788347924,1346720,0,,single
1788347925,950300,0,,single
1788347927,1803410,0,,single
1788347928,1617220,0,,single
1788347929,1106830,0,,single
1788347931,1145290,0,,single
1788347932,1347600,2,,single
1788347934,363110,158,,single
1788347935,1945230,0,,single
1788347936,1271090,1,,single
1788347938,2247820,2,,single
1788347939,724000,0,,single
1788347940,2268560,1,,single
1788347942,509600,1,,single
1788347943,781820,0,,single
1788347945,273750,0,,single
1788347946,938270,0,,single
1788347947,1539620,0,,single
1788347949,23300,0,,single
1788347950,330100,0,,single
1788347952,2527660,0,,single
1788347953,587180,0,,single
1788347954,364510,1,,single
1788347956,291690,0,,single
1788347957,1662570,1,,single
1788347958,527160,0,,single
1788347960,275810,7,,single
1788347961,2310300,0,,single
1788347963,1509230,0,,single
1788347964,610860,0,,single
1788347965,1034850,0,,single
1788347967,1325800,1,,single
1788347968,751590,0,,single
1788347969,748610,5,,single
1788347971,489930,0,,single
1788347972,65500,0,,single
1788347974,302470,1,,single
1788347975,323950,0,,single
1788347976,501970,0,,single
1788347978,1523390,0,,single
1788347979,1793260,2,,single
1788347980,2135500,0,,single
1788347982,781180,1,,single
1788347983,455690,0,,single
1788347985,1154120,0,,single
1788347986,788210,1,,single
1788347987,15160,0,,single
1788347989,1475460,1,,single
1788347992,523150,6,,single
1788347993,7730,1,,single
1788347994,2342030,42,,single
1788347996,1229420,0,,single
1788347997,1153210,2,,single
1788347999,2229350,2,,single
1788348000,760630,7,,single
1788348001,465840,2,,single
1788348003,1630650,3,,single
1788348004,2131200,0,,single
1788348006,591790,1,,single
1788348007,1345760,1,,single
1788348008,598530,4,,single
1788348010,750990,0,,single
1788348011,1623700,0,,single
1788348013,1519060,3,,single
1788348014,343340,0,,single
1788348015,338840,1,,single
1788348017,277390,0,,single
1788348018,298360,1,,single
1788348020,1941110,1,,single
1788348021,1180540,0,,single
1788348022,338980,0,,single
1788348024,1418360,0,,single
1788348025,2176850,1,,single
1788348027,693700,0,,single
1788348028,283000,3,,single
1788348029,1508920,0,,single
1788348031,1535780,0,,single
1788348032,1041710,41,,single
1788348034,1351450,0,,single
1788348035,590720,0,,single
1788348036,412620,0,,single
1788348038,898450,13,,single
1788348039,2900,3,,single
1788348041,1680340,0,,single
1788348042,2120310,1,,single
1788348043,443880,0,,single
1788348045,1701560,0,,single
1788348046,820910,2,,single
1788348048,1572040,0,,single
1788348049,1756180,0,,single
1788348050,15900,10,,single
1788348052,1154090,0,,single
1788348053,2464090,0,,single
1788348055,1612480,0,,single
1788348056,2051420,3,,single
1788348058,1273540,0,,single
1788348059,385260,0,,single
1788348061,381260,0,,single
1788348062,692200,0,,single
1788348064,2490910,34,,single
1788348065,572700,1,,single
1788348066,283820,1,,single
1788348068,1442170,0,,single
1788348069,1622710,1,,single
1788348070,277270,3,,single
1788348072,846670,0,,single
1788348074,1745980,1,,single
1788348075,1048920,1,,single
1788348076,1966130,18,,single
1788348078,1157640,1,,single
1788348080,555630,1,,single
1788348081,2175250,16,,single
1788348083,1146170,0,,single
1788348084,543180,1,,single
1788348086,1804170,3,,single
1788348087,2119650,30,,single
1788348088,4731620,778,,single
1788348090,4734170,2,,single
1788348091,4836540,108,,single
1788348093,4740420,0,,single
1788348094,4773840,127,,single
1788348096,4804480,18,,single
1788348097,4830880,125,,single
1788348098,4794380,61,,single
1788348100,4808310,490,,single
1788348101,4754090,0,,single
1788348103,4230,0,,single
1788348104,31860,1,,single
1788348106,31910,1,,single
1788348107,32730,0,,single
1788348109,38120,4,,single
1788348110,60800,0,,single
1788348112,73220,1,,single
1788348113,216210,1,,single
1788348114,233310,2,,single
1788348116,244750,0,,single
1788348117,254820,1,,single
1788348119,289360,3,,single
1788348120,294680,11,,single
1788348121,303260,1,,single
1788348123,341170,0,,single
1788348124,345440,2,,single
1788348126,368220,5,,single
1788348127,387060,0,,single
1788348129,397190,1,,single
1788348130,407340,0,,single
1788348131,430080,0,,single
1788348133,443370,1,,single
1788348134,464260,1,,single
1788348136,467090,6,,single
1788348137,494360,0,,single
1788348138,512640,2,,single
1788348140,529420,3,,single
1788348141,539300,7,,single
1788348143,551080,1,,single
1788348144,554290,0,,single
1788348146,558780,1,,single
1788348147,560000,1,,single
1788348149,563190,3,,single
1788348150,567160,1,,single
1788348151,572330,0,,single
1788348153,575680,2,,single
1788348154,577740,21,,single
1788348156,581650,0,,single
1788348157,599880,0,,single
1788348159,603010,1,,single
1788348160,616520,0,,single
1788348161,617710,0,,single
1788348163,632050,1,,single
1788348164,647040,0,,single
1788348165,653060,1,,single
1788348167,664320,0,,single
1788348168,679520,3,,single
1788348170,701470,124,,single
1788348171,721390,0,,single
1788348173,729460,1,,single
1788348174,739720,1,,single
1788348175,743940,0,,single
1788348177,765940,0,,single
1788348178,778400,0,,single
1788348180,813530,1,,single
1788348181,842130,0,,single
1788348182,885910,1,,single
1788348184,897630,18,,single
1788348185,913850,0,,single
1788348186,942200,2,,single
1788348188,946880,4,,single
1788348189,954280,0,,single
1788348191,977510,1,,single
1788348192,1016250,0,,single
1788348193,1029980,19,,single
1788348195,1071240,0,,single
1788348196,1094660,0,,single
1788348197,1101270,0,,single
1788348199,1113780,2,,single
1788348200,1124060,0,,single
1788348201,1132070,0,,single
1788348203,1133930,1,,single
1788348204,1145130,0,,single
1788348206,1159500,0,,single
1788348207,1167700,0,,single
1788348209,1181000,10,,single
1788348210,1192610,1,,single
1788348211,1212100,0,,single
1788348213,1226970,1,,single
1788348214,1229060,0,,single
1788348216,1231950,0,,single
1788348217,1244040,11,,single
1788348218,1261760,0,,single
1788348220,1263620,0,,single
1788348221,1269500,12,,single
1788348223,1274200,0,,single
1788348224,1291660,0,,single
1788348226,1299290,0,,single
1788348227,1306180,4,,single
1788348228,1311570,4,,single
1788348230,1316760,0,,single
1788348231,1324030,7,,single
1788348233,1342060,0,,single
1788348234,1364690,15,,single
1788348235,1366810,0,,single
1788348237,1374990,3,,single
1788348238,1379110,1,,single
1788348239,1383250,0,,single
1788348241,1386730,2,,single
1788348242,1396540,0,,single
1788348243,1403740,8,,single
1788348245,1424860,0,,single
1788348246,1428820,2,,single
1788348248,1443620,1,,single
1788348249,1449780,0,,single
1788348251,1453900,0,,single
1788348252,1460490,1,,single
1788348254,1464380,0,,single
1788348255,1469220,1,,single
1788348257,1478850,4,,single
1788348258,1504760,0,,single
1788348259,1530450,3,,single
1788348261,1550270,0,,single
1788348262,1560770,0,,single
1788348263,1562920,0,,single
1788348265,1571990,1,,single
1788348266,1588090,0,,single
1788348268,1595000,0,,single
1788348269,1599780,2,,single
1788348271,1620030,1,,single
1788348272,1624380,1,,single
1788348273,1631850,0,,single
1788348275,1642580,6,,single
1788348276,1646790,3,,single
1788348278,1660290,0,,single
1788348279,1667360,0,,single
1788348281,1679010,4,,single
1788348282,1684080,0,,single
1788348283,1687530,3,,single
1788348285,1701950,0,,single
1788348286,1725950,23,,single
1788348288,1729140,0,,single
1788348290,1739000,2,,single
1788348292,1743080,1,,single
1788348294,1747890,0,,single
1788348295,1764700,0,,single
1788348296,1780070,10,,single
1788348298,1802850,0,,single
1788348299,1812410,0,,single
1788348301,1818940,8,,single
1788348302,1840710,1,,single
1788348304,1843470,8,,single
1788348305,1856900,1,,single
1788348306,1866430,1,,single
1788348308,1870700,0,,single
1788348309,1882190,0,,single
1788348311,1889890,5,,single
1788348312,1898830,1147,,single
1788348314,1906830,0,,single
1788348315,1917850,1,,single
1788348316,1919040,0,,single
1788348318,1920540,2,,single
1788348319,1924180,0,,single
1788348321,1934300,4,,single
1788348322,1938050,23,,single
1788348324,1955340,0,,single
1788348325,1960830,0,,single
1788348326,1967220,11,,single
1788348328,1978100,7,,single
1788348329,1985740,0,,single
1788348331,1989320,1,,single
1788348332,2004180,1,,single
1788348334,2012140,0,,single
1788348335,2024390,1,,single
1788348337,2060000,1,,single
1788348338,2063530,3,,single
1788348340,2070000,0,,single
1788348341,2076260,4,,single
1788348343,2088360,1,,single
1788348344,2089450,50,,single
1788348346,2101350,4,,single
1788348347,2107030,3,,single
1788348349,2113770,0,,single
1788348350,2122090,5,,single
1788348351,2140570,2,,single
1788348353,2146170,14,,single
1788348354,2157210,0,,single
1788348356,2158740,0,,single
1788348357,2168150,1,,single
1788348358,2169140,3,,single
1788348360,2173760,2,,single
1788348361,2185030,3,,single
1788348363,2191490,32,,single
1788348364,2200580,2,,single
1788348366,2203040,5,,single
1788348367,2214000,1,,single
1788348369,2216120,0,,single
1788348370,2219890,0,,single
1788348371,2224740,1,,single
1788348373,2227130,3,,single
1788348375,2235150,0,,single
1788348376,2236590,0,,single
1788348378,2241380,22,,single
1788348379,2249850,0,,single
1788348380,2274480,0,,single
1788348382,2277090,3,,single
1788348383,2280060,3,,single
1788348385,2299510,21,,single
1788348386,2303320,0,,single
1788348387,2321350,0,,single
1788348389,2326590,0,,single
1788348391,2337460,5,,single
1788348392,2342150,1,,single
1788348394,2350280,2,,single
1788348395,2358040,5,,single
1788348397,2367610,0,,single
1788348398,2372330,17,,single
1788348400,2390480,1,,single
1788348401,2400960,2,,single
1788348403,2406370,1,,single
1788348404,2413190,16,,single
1788348406,2414550,2,,single
1788348407,2420240,0,,single
1788348409,2425150,9,,single
1788348410,2427100,56,,single
1788348412,2434730,267,,single
1788348413,2443770,13,,single
1788348415,2450820,0,,single
1788348416,2457030,1,,single
1788348417,2460920,0,,single
1788348419,2464460,1,,single
1788348420,2472390,0,,single
1788348422,2481670,4,,single
1788348423,2485350,2,,single
1788348425,2496920,13,,single
1788348426,2508210,0,,single
1788348427,2516990,1,,single
1788348429,2520870,1,,single
1788348430,2527450,5,,single
1788348432,2539910,0,,single
1788348433,2560500,1,,single
1788348435,2577180,0,,single
1788348436,2585050,0,,single
1788348438,2598800,0,,single
1788348439,2599950,4,,single
1788348440,2602020,12,,single
1788348442,2633500,8,,single
1788348443,2668000,1,,single
1788348445,2674190,0,,single
1788348446,2685380,0,,single
1788348447,2700540,5,,single
1788348449,2708790,8,,single
1788348450,2718240,3,,single
1788348452,2735220,0,,single
1788348453,2739700,2,,single
1788348455,2742150,0,,single
1788348456,2758290,0,,single
1788348457,2774540,0,,single
1788348459,2789770,2,,single
1788348460,2800840,3,,single
1788348462,2804680,1,,single
1788348463,2811200,0,,single
1788348465,2818150,19,,single
1788348466,2820130,44,,single
1788348468,2825210,0,,single
1788348469,2837600,5,,single
1788348470,2851700,0,,single
1788348472,2856370,3,,single
1788348473,2858150,0,,single
1788348475,2860990,6,,single
1788348477,2877480,2,,single
1788348478,2884190,3,,single
1788348479,2905090,0,,single
1788348481,2915950,41,,single
1788348482,2925970,1,,single
1788348484,2938850,0,,single
1788348485,2951340,4,,single
1788348486,2955590,0,,single
1788348488,2973120,11,,single
1788348489,2983350,0,,single
1788348491,2987750,0,,single
1788348492,2993720,0,,single
1788348494,2998750,1,,single
1788348495,3000030,77,,single
1788348497,3001330,1,,single
1788348498,3015620,2,,single
1788348500,3023190,16,,single
1788348501,3028730,0,,single
1788348503,3035990,1,,single
1788348504,3037180,2,,single
1788348506,3051470,1,,single
1788348507,3060630,2,,single
1788348508,3075800,1,,single
1788348510,3085890,10,,single
1788348511,3100210,0,,single
1788348513,3107590,1,,single
1788348514,3124550,15,,single
1788348515,3127000,0,,single
1788348517,3140990,1,,single
1788348518,3147190,0,,single
1788348520,3158260,2,,single
1788348521,3170410,2,,single
1788348523,3198680,0,,single
1788348524,3207880,2,,single
1788348526,3257360,0,,single
1788348527,3265280,0,,single
1788348528,3282700,1,,single
1788348530,3289090,6,,single
1788348531,3316470,4,,single
1788348533,3328900,2,,single
1788348534,3331000,2,,single
1788348535,3336530,4,,single
1788348537,3352300,0,,single
1788348538,3359200,14,,single
1788348540,3374720,0,,single
1788348541,3388870,4,,single
1788348543,3392510,1,,single
1788348544,3404380,2,,single
1788348546,3419780,0,,single
1788348547,3429910,2,,single
1788348548,3446200,0,,single
1788348550,3472890,65,,single
1788348551,3583060,0,,single
1788348552,3676960,0,,single
