ts,appid,concurrent,peak_in_game,src
1790517042,3376990,14,,single
1790517044,2179170,3,,single
1790517046,1307580,214,,single
1790517048,1129190,117,,single
1790517049,1969080,10,,single
1790517051,1864950,16,,single
1790517052,1717770,4,,single
1790517053,2840190,5,,single
1790517055,3373660,408,,single
1790517056,2714620,4,,single
1790517058,620,2109,,single
1790517059,1118200,2420,,single
1790517060,400,597,,single
1790517062,3164500,12410,,single
1790517063,1145360,6883,,single
1790517065,374320,8812,,single
1790517066,2246340,56234,,single
1790517067,220,1930,,single
1790517069,3830,74,,single
1790517070,31270,3,,single
1790517072,200010,0,,single
1790517073,204030,53,,single
1790517074,208200,70,,single
1790517076,211420,139,,single
1790517077,219680,0,,single
1790517079,226740,0,,single
1790517080,236430,260,,single
1790517081,238960,8498,,single
1790517083,250600,2,,single
1790517084,261530,4,,single
1790517085,265210,8,,single
1790517087,274270,0,,single
1790517088,282140,137,,single
1790517090,303610,10,,single
1790517091,315810,13,,single
1790517092,323320,2,,single
1790517094,324160,124,,single
1790517095,333600,51,,single
1790517097,337340,20,,single
1790517098,345180,16,,single
1790517099,353330,1,,single
1790517101,362890,785,,single
1790517102,373770,5,,single
1790517104,384190,15,,single
1790517105,385800,19,,single
1790517106,409660,0,,single
1790517108,418370,2398,,single
1790517109,449040,0,,single
1790517111,477870,11,,single
1790517112,483980,18,,single
1790517114,501590,63,,single
1790517115,508550,2,,single
1790517116,526870,21134,,single
1790517118,544330,6,,single
1790517119,562360,308,,single
1790517120,568770,7,,single
1790517122,580200,7,,single
1790517123,583470,16,,single
1790517125,602700,3,,single
1790517126,642090,5,,single
1790517127,665370,11,,single
1790517129,691450,5,,single
1790517130,729660,0,,single
1790517132,745920,106,,single
1790517133,764790,47,,single
1790517134,802880,43,,single
1790517136,829280,3,,single
1790517137,862440,0,,single
1790517139,892970,201927,,single
1790517140,899440,138,,single
1790517141,910630,2,,single
1790517143,920320,3,,single
1790517144,951000,4,,single
1790517145,963000,2,,single
1790517147,973230,23,,single
1790517148,983870,307,,single
1790517150,1012570,0,,single
1790517151,1040420,13,,single
1790517152,1062520,1102,,single
1790517154,1067850,18,,single
1790517155,1082710,44,,single
1790517157,1092700,13,,single
1790517158,1092720,17,,single
1790517159,1119840,3,,single
1790517161,1145350,6120,,single
1790517162,1159690,303,,single
1790517164,1171320,3,,single
1790517165,1177980,109,,single
1790517167,1218210,94,,single
1790517168,1237320,232,,single
1790517169,1245560,150,,single
1790517171,1272840,9,,single
1790517172,1280930,143,,single
1790517174,1321440,269,,single
1790517175,1364960,25,,single
1790517177,1374490,24892,,single
1790517178,1382070,126,,single
1790517179,1441550,14,,single
1790517181,1477790,3,,single
1790517182,1516240,1,,single
1790517184,1549550,5,,single
1790517185,1587560,0,,single
1790517187,1599020,34,,single
1790517189,1629520,530,,single
1790517190,1658150,113,,single
1790517191,1709880,21,,single
1790517193,1733060,1,,single
1790517194,1772830,21,,single
1790517195,1819460,5,,single
1790517197,1895350,15,,single
1790517198,1924360,8,,single
1790517200,1944570,16,,single
1790517201,1948280,423,,single
1790517203,2007530,4,,single
1790517204,2238040,5,,single
1790517205,2246880,32,,single
1790517207,2256450,5,,single
1790517208,2276930,168,,single
1790517209,2313240,0,,single
1790517211,2356500,0,,single
1790517212,2415010,162,,single
1790517214,2479320,2,,single
1790517215,2525380,133,,single
1790517216,2637990,7,,single
1790517218,2788520,62,,single
1790517219,3027930,98,,single
1790517221,3069810,15,,single
1790517222,3263320,80,,single
1790517223,10,11499,,single
1790517225,240,3148,,single
1790517226,550,27905,,single
1790517227,2310,216,,single
1790517229,3480,208,,single
1790517230,4000,30683,,single
1790517232,6910,82,,single
1790517233,13230,25,,single
1790517234,22320,405,,single
1790517236,22380,3039,,single
1790517237,32440,184,,single
1790517239,33100,44,,single
1790517240,40970,807,,single
1790517241,70400,15,,single
1790517243,105600,49388,,single
1790517244,205100,645,,single
1790517245,207610,201,,single
1790517247,219150,326,,single
1790517248,223470,521,,single
1790517250,230290,426,,single
1790517251,236090,5,,single
1790517252,239030,368,,single
1790517254,242680,144,,single
1790517255,246420,17424,,single
1790517256,250320,120,,single
1790517258,253230,183,,single
1790517259,261030,87,,single
1790517261,264710,3452,,single
1790517262,270880,11040,,single
1790517263,280220,166,,single
1790517265,288160,65,,single
1790517266,303590,4,,single
1790517268,312530,59,,single
1790517269,319630,515,,single
1790517270,341800,185,,single
1790517272,360740,17,,single
1790517273,367520,9830,,single
1790517274,407900,0,,single
1790517276,412830,338,,single
1790517277,418240,172,,single
1790517279,424280,8,,single
1790517280,427410,3496,,single
1790517282,433340,1298,,single
1790517283,434170,109,,single
1790517284,447530,99,,single
1790517286,457140,10732,,single
1790517287,466300,91,,single
1790517288,488860,201,,single
1790517290,508440,2268,,single
1790517291,519860,56,,single
1790517293,531510,86,,single
1790517294,548430,9463,,single
1790517296,557630,11,,single
1790517297,593280,42,,single
1790517298,597220,50,,single
1790517300,610370,268,,single
1790517301,615120,1,,single
1790517302,617670,8,,single
1790517304,646570,9768,,single
1790517305,667970,195,,single
1790517307,683320,110,,single
1790517308,736260,244,,single
1790517310,760890,7,,single
1790517311,774801,403,,single
1790517312,791470,23,,single
1790517314,805590,1,,single
1790517315,850190,668,,single
1790517317,858210,115,,single
1790517318,897330,509,,single
1790517319,909080,233,,single
1790517321,926990,401,,single
1790517322,990630,150,,single
1790517324,992740,2,,single
1790517325,1043340,28,,single
1790517326,1057090,14434,,single
1790517328,1070550,2,,single
1790517330,1082430,23,,single
1790517331,1092790,1134,,single
1790517333,1102190,248,,single
1790517334,1109410,0,,single
1790517336,1115050,2,,single
1790517337,1127400,1448,,single
1790517338,1150690,498,,single
1790517342,1170880,3,,single
1790517344,1175140,0,,single
1790517345,1198320,8,,single
1790517346,1202540,20,,single
1790517348,1216200,6,,single
1790517349,1241700,5,,single
1790517351,1260520,47,,single
1790517352,1275670,41,,single
1790517353,1281800,96,,single
1790517355,1283130,1,,single
1790517356,1285670,5,,single
1790517358,1288310,51,,single
1790517359,1292940,188,,single
1790517361,1293860,3,,single
1790517362,1328840,72,,single
1790517363,1333910,25,,single
1790517365,1353230,57,,single
1790517366,1366540,5085,,single
1790517367,1388770,54,,single
1790517369,1407420,3,,single
1790517370,1419860,5,,single
1790517372,1424330,91,,single
1790517373,1444350,9,,single
1790517374,1473350,128,,single
1790517376,1507580,50,,single
1790517377,1511860,1,,single
1790517379,1532510,1,,single
1790517380,1536610,540,,single
1790517381,1545990,3,,single
1790517383,1562700,160,,single
1790517384,1566410,13,,single
1790517386,1585180,101,,single
1790517387,1609230,78,,single
1790517388,1634860,38,,single
1790517390,1644940,51,,single
1790517391,1669980,660,,single
1790517393,1677770,58,,single
1790517394,1684930,52,,single
1790517395,1708150,19,,single
1790517397,1715460,6,,single
1790517398,1718910,1,,single
1790517400,1734320,7,,single
1790517401,1765350,1,,single
1790517402,1796580,3,,single
1790517404,1817000,2,,single
1790517405,1836730,75,,single
1790517407,1876590,17,,single
1790517408,1898500,9,,single
1790517409,1903340,8432,,single
1790517411,1931020,3,,single
1790517412,1935660,2,,single
1790517414,1955830,181,,single
1790517415,1967430,131,,single
1790517416,1986840,19,,single
1790517418,1999360,104,,single
1790517419,2011780,9,,single
1790517421,2056220,41,,single
1790517422,2060590,14,,single
1790517424,2088570,163,,single
1790517425,2097570,41,,single
1790517426,2112520,1,,single
1790517428,2128270,46,,single
1790517429,2135690,1,,single
1790517430,2162800,1311,,single
1790517432,2179850,48,,single
1790517433,2218750,312,,single
1790517435,2291760,77,,single
1790517436,2305840,86,,single
1790517437,2358720,21277,,single
1790517439,2369900,257,,single
1790517440,2379780,7922,,single
1790517442,2394650,39,,single
1790517443,2420510,476,,single
1790517444,2443360,1,,single
1790517446,2501600,43,,single
1790517447,2532550,7,,single
1790517449,2585830,17,,single
1790517450,2612680,6,,single
1790517452,2660460,223,,single
1790517453,2667430,2,,single
1790517454,2703850,113,,single
1790517456,2719060,5,,single
1790517457,2763670,14,,single
1790517459,2835570,1308,,single
1790517460,2878710,1,,single
1790517461,2883280,3,,single
1790517463,2929730,3,,single
1790517464,3068300,89,,single
1790517466,3084280,22,,single
1790517467,3108510,158,,single
1790517469,3191030,140,,single
1790517470,3195790,1888,,single
1790517471,3247500,0,,single
1790517473,3361470,18,,single
1790517474,20,48,,single
1790517476,50,117,,single
1790517477,80,512,,single
1790517479,130,48,,single
1790517480,300,275,,single
1790517481,340,0,,single
1790517483,440,72761,,single
1790517484,730,1340370,,single
1790517485,1250,199,,single
1790517487,1510,2,,single
1790517488,1630,82,,single
1790517490,1700,18,,single
1790517491,2100,65,,single
1790517492,2200,24,,single
1790517494,2300,11,,single
1790517495,2390,0,,single
1790517496,2610,9,,single
1790517498,2630,294,,single
1790517499,2820,78,,single
1790517501,3020,15,,single
1790517502,3320,68,,single
1790517503,3390,23,,single
1790517505,3620,246,,single
1790517506,3720,21,,single
1790517508,3910,1809,,single
1790517509,4500,252,,single
1790517510,4570,83,,single
1790517512,4760,1014,,single
1790517513,6000,24,,single
1790517515,6020,71,,single
1790517516,6060,133,,single
1790517518,6220,31,,single
1790517519,6550,1,,single
1790517520,6810,38,,single
1790517522,6860,234,,single
1790517523,6980,8,,single
1790517525,7200,108,,single
1790517526,7620,116,,single
1790517528,7760,37,,single
1790517530,7830,21,,single
1790517531,7940,302,,single
1790517533,8080,1,,single
1790517534,8170,11,,single
1790517536,8400,2,,single
1790517537,8800,1932,,single
1790517538,8870,404,,single
1790517540,8980,156,,single
1790517541,9050,27,,single
1790517543,9310,28,,single
1790517544,9350,68,,single
1790517546,9880,96,,single
1790517547,10090,391,,single
1790517549,10150,116,,single
1790517551,10190,268,,single
1790517553,10680,113,,single
1790517555,11390,3,,single
1790517556,12100,62,,single
1790517557,12120,663,,single
1790517559,12200,398,,single
1790517565,12320,83,,single
1790517567,12500,10,,single
1790517568,12810,62,,single
1790517570,13210,15,,single
1790517571,13500,83,,single
1790517572,13570,54,,single
1790517574,15080,9,,single
1790517575,15130,1,,single
1790517577,15210,71,,single
1790517578,15320,23,,single
1790517579,15620,249,,single
1790517582,16730,0,,single
1790517588,16900,258,,single
1790517589,17410,58,,single
1790517591,17450,7,,single
1790517592,17470,104,,single
1790517594,17500,17,,single
1790517595,17580,1,,single
1790517596,18500,39,,single
1790517598,20500,12,,single
1790517599,20540,88,,single
1790517601,20820,1,,single
1790517602,21090,72,,single
1790517603,21130,141,,single
1790517605,21970,299,,single
1790517607,22000,19,,single
1790517608,22200,6,,single
1790517610,22340,2,,single
1790517611,23490,11,,single
1790517612,24200,397,,single
1790517614,24420,2,,single
1790517616,24740,23,,single
1790517617,24790,589,,single
1790517619,24960,33,,single
1790517620,25000,17,,single
1790517621,25830,57,,single
1790517623,25900,248,,single
1790517624,26900,3,,single
1790517626,31280,5,,single
1790517627,32330,37,,single
1790517628,32370,264,,single
1790517630,32400,5,,single
1790517632,32450,19,,single
1790517633,32510,114,,single
1790517635,33120,53,,single
1790517636,33320,57,,single
1790517638,33900,0,,single
1790517639,34010,16,,single
1790517640,34330,3909,,single
1790517645,34460,7,,single
1790517646,34870,74,,single
1790517648,35130,8,,single
1790517649,35460,0,,single
1790517651,35700,42,,single
1790517652,38400,97,,single
1790517653,38600,3,,single
1790517655,38740,1,,single
1790517656,39140,188,,single
1790517658,39200,64,,single
1790517659,39510,857,,single
1790517661,39540,232,,single
1790517662,39680,230,,single
1790517664,40100,227,,single
1790517666,40380,1,,single
1790517668,40700,83,,single
1790517669,40950,143,,single
1790517670,40980,95,,single
1790517672,41050,26,,single
1790517673,41070,104,,single
1790517674,41300,4,,single
1790517676,41700,270,,single
1790517677,42680,340,,single
1790517679,42710,177,,single
1790517680,45100,3,,single
1790517682,45740,68,,single
1790517683,46500,35,,single
1790517685,47780,313,,single
1790517686,47830,1,,single
1790517687,48000,78,,single
1790517689,48190,702,,single
1790517690,49520,3324,,single
1790517692,50300,37,,single
1790517693,55110,9,,single
1790517694,55150,143,,single
1790517696,57640,11,,single
1790517697,58520,3,,single
1790517699,61700,25,,single
1790517700,63200,0,,single
1790517702,63610,7,,single
1790517703,63910,162,,single
1790517704,65300,7,,single
1790517706,65740,2,,single
1790517707,65800,270,,single
1790517709,70100,0,,single
1790517710,70600,44,,single
1790517711,71340,29,,single
1790517713,73010,18,,single
1790517714,78000,383,,single
1790517715,80330,0,,single
1790517717,91200,3,,single
1790517718,91900,0,,single
1790517720,94200,0,,single
1790517721,94400,7,,single
1790517723,95700,1,,single
1790517724,97000,9,,single
1790517725,98200,1,,single
1790517727,98400,3,,single
1790517728,99900,275,,single
1790517730,102600,36,,single
1790517731,105000,10,,single
1790517732,107200,11,,single
1790517734,107310,0,,single
1790517735,107600,0,,single
1790517737,108600,66234,,single
1790517738,108800,30,,single
1790517739,113020,7,,single
1790517741,115100,11,,single
1790517742,115320,123,,single
1790517744,200210,1554,,single
1790517745,200510,759,,single
1790517746,200940,3,,single
1790517748,201270,1,,single
1790517749,201810,444,,single
1790517751,201870,330,,single
1790517752,202200,16,,single
1790517753,202710,10,,single
1790517755,203160,1449,,single
1790517756,203350,140,,single
1790517758,203750,14,,single
1790517759,203830,12,,single
1790517761,204240,1,,single
1790517762,204340,161,,single
1790517763,204450,104,,single
1790517765,204630,1,,single
1790517766,205190,2,,single
1790517768,205650,17,,single
1790517769,206210,0,,single
1790517771,206440,52,,single
1790517772,206500,69,,single
1790517774,207140,97,,single
1790517775,207230,0,,single
1790517776,207350,20,,single
1790517778,207750,0,,single
1790517779,208140,60,,single
1790517781,208480,18,,single
1790517782,208580,331,,single
1790517783,209000,659,,single
1790517785,209160,101,,single
1790517786,209190,6,,single
1790517788,209650,60,,single
1790517789,210770,17,,single
1790517790,211260,1,,single
1790517792,211600,33,,single
1790517793,211820,888,,single
1790517795,212480,43,,single
1790517796,212680,1154,,single
1790517798,212800,0,,single
1790517799,213610,182,,single
1790517800,213850,19,,single
1790517802,214340,154,,single
1790517803,214510,269,,single
1790517805,214730,236,,single
1790517806,214830,2,,single
1790517807,214970,3,,single
1790517809,215470,2,,single
1790517810,216890,15,,single
1790517812,218060,1,,single
1790517813,218620,30972,,single
1790517814,219640,47,,single
1790517816,219890,13,,single
1790517817,220090,0,,single
1790517819,220200,4056,,single
1790517820,220440,160,,single
1790517822,220780,3,,single
1790517823,221040,1890,,single
1790517824,221380,3357,,single
1790517826,221640,8,,single
1790517827,221910,27,,single
1790517829,222440,154,,single
1790517830,222730,15,,single
1790517831,222880,207,,single
1790517833,223330,36,,single
1790517834,223710,679,,single
1790517836,223830,24,,single
1790517837,224260,955,,single
1790517838,224460,10,,single
1790517840,224600,1,,single
1790517841,224820,1,,single
1790517843,224920,1,,single
1790517844,224960,7,,single
1790517846,225260,48,,single
1790517847,225360,2,,single
1790517849,226620,7,,single
1790517850,226860,139,,single
1790517852,227100,11,,single
1790517853,227220,2,,single
1790517854,227580,1,,single
1790517856,228180,397,,single
1790517857,228260,25,,single
1790517859,228360,6,,single
1790517860,228760,27,,single
1790517862,230050,0,,single
1790517863,230190,70,,single
1790517864,230270,22,,single
1790517866,230820,13,,single
1790517867,231200,10,,single
1790517869,232010,23,,single
1790517870,232770,37,,single
1790517871,232810,0,,single
1790517873,233130,41,,single
1790517874,233270,121,,single
1790517875,233470,7,,single
1790517877,233700,4,,single
1790517878,233980,22,,single
1790517879,234270,22,,single
1790517881,234630,31,,single
1790517882,234670,60,,single
1790517884,235210,8,,single
1790517885,235460,411,,single
1790517886,235620,2,,single
1790517888,235900,275,,single
1790517889,236390,87602,,single
1790517891,236690,110,,single
1790517892,237110,50,,single
1790517893,237630,14,,single
1790517895,237930,24,,single
1790517896,238010,329,,single
1790517898,238210,10,,single
1790517899,239120,72,,single
1790517900,239350,71,,single
1790517902,239820,177,,single
1790517903,240760,12,,single
1790517905,241260,49,,single
1790517906,241560,5,,single
1790517907,241930,761,,single
1790517909,242570,2,,single
1790517910,242700,72,,single
1790517912,242860,44,,single
1790517913,242920,658,,single
1790517915,243450,2,,single
1790517916,243800,6,,single
1790517918,243970,25,,single
1790517919,244050,10,,single
1790517920,244210,15323,,single
1790517922,244450,1039,,single
1790517923,244850,3825,,single
1790517925,244930,0,,single
1790517926,245390,14,,single
1790517928,245470,14,,single
1790517929,246580,10,,single
1790517931,246900,177,,single
1790517932,247020,16,,single
1790517934,247240,3,,single
1790517935,247910,4,,single
1790517937,248310,5,,single
1790517938,248390,537,,single
1790517939,248610,19,,single
1790517941,248860,26,,single
1790517942,249130,690,,single
1790517944,249680,3,,single
1790517945,250050,1,,single
1790517946,250180,41,,single
1790517948,250340,18,,single
1790517949,250520,137,,single
1790517951,250760,60,,single
1790517952,251130,9,,single
1790517954,251290,38,,single
1790517955,251570,38764,,single
1790517957,251990,4,,single
1790517958,252110,22,,single
1790517959,252150,1,,single
1790517961,252470,9,,single
1790517962,252610,143,,single
1790517964,252690,5,,single
1790517965,252950,21462,,single
1790517967,253110,11,,single
1790517968,253430,14,,single
1790517969,253750,4,,single
1790517971,253840,1,,single
1790517972,254200,15,,single
1790517974,254460,9,,single
1790517975,254960,14,,single
1790517976,255710,11750,,single
1790517978,256330,12,,single
1790517979,257030,3,,single
1790517981,257350,547,,single
1790517982,257730,1,,single
1790517984,258180,6,,single
1790517985,258890,2,,single
1790517986,259080,2,,single
1790517988,259550,14,,single
1790517989,259740,1,,single
1790517991,260230,118,,single
1790517992,260730,63,,single
1790517993,261470,9,,single
1790517995,261550,38749,,single
1790517996,261640,438,,single
1790517997,262120,1,,single
1790517999,262410,157,,single
1790518000,262830,21,,single
1790518002,263060,0,,single
1790518003,263740,0,,single
1790518005,264080,7,,single
1790518006,265630,53,,single
1790518007,265930,165,,single
1790518009,266210,36,,single
1790518010,266410,847,,single
1790518012,266510,31,,single
1790518013,267530,76,,single
1790518015,268400,348,,single
1790518016,268500,4479,,single
1790518017,268650,315,,single
1790518019,268990,13,,single
1790518020,269270,0,,single
1790518021,269770,79,,single
1790518023,270110,40,,single
1790518024,270210,1,,single
1790518026,271500,0,,single
1790518027,271900,11,,single
1790518029,272470,4,,single
1790518030,272600,6,,single
1790518032,274170,443,,single
1790518033,274500,11,,single
1790518034,274920,140,,single
1790518036,274980,6,,single
1790518037,275390,12,,single
1790518039,276810,172,,single
1790518040,278080,410,,single
1790518041,278460,1,,single
1790518043,280160,15,,single
1790518044,281920,2,,single
1790518045,282070,1151,,single
1790518047,282440,303,,single
1790518048,282660,1,,single
1790518050,283160,3,,single
1790518051,283680,1,,single
1790518053,284050,2,,single
1790518054,284710,4,,single
1790518055,284830,0,,single
1790518057,285110,45,,single
1790518058,285190,160,,single
1790518060,285330,162,,single
1790518061,285500,19,,single
1790518063,285800,2,,single
1790518064,285920,324,,single
1790518065,286100,6,,single
1790518067,286260,2,,single
1790518068,286690,1483,,single
1790518070,287310,19,,single
1790518071,287450,764,,single
1790518072,287980,171,,single
1790518074,289070,45832,,single
1790518075,289520,118,,single
1790518077,289930,28,,single
1790518078,290100,8,,single
1790518079,290340,60,,single
1790518081,290770,1,,single
1790518082,291650,448,,single
1790518083,292180,0,,single
1790518085,292730,343,,single
1790518086,292990,144,,single
1790518088,293260,33,,single
1790518089,293780,9,,single
1790518091,294810,3,,single
1790518092,296490,118,,single
1790518094,296870,1,,single
1790518095,298030,129,,single
1790518096,298160,9,,single
1790518098,298610,62,,single
1790518099,299030,0,,single
1790518101,299680,0,,single
1790518102,300550,35,,single
1790518104,301190,3,,single
1790518105,301640,81,,single
1790518106,301760,8,,single
1790518108,302610,0,,single
1790518109,302710,0,,single
1790518111,303310,81,,single
1790518112,304240,673,,single
1790518113,304410,175,,single
1790518115,304930,12961,,single
1790518116,306020,167,,single
1790518118,306660,6,,single
1790518119,307070,1,,single
1790518120,307230,0,,single
1790518122,307640,6,,single
1790518123,307690,823,,single
1790518125,307960,290,,single
1790518126,308600,260,,single
1790518128,310080,3,,single
1790518129,310560,110,,single
1790518131,311210,4277,,single
1790518132,311310,502,,single
1790518133,311560,616,,single
1790518135,312370,12,,single
1790518136,312520,2142,,single
1790518138,312670,54,,single
1790518139,313120,418,,single
1790518141,313340,42,,single
1790518142,313500,44,,single
1790518144,314160,529,,single
1790518145,314280,2,,single
1790518147,314430,28,,single
1790518148,314650,293,,single
1790518150,314980,33,,single
1790518151,316010,55,,single
1790518152,316610,0,,single
1790518154,317360,0,,single
1790518155,318100,0,,single
1790518157,318600,9,,single
1790518158,319510,128,,single
1790518159,319910,22,,single
1790518161,320140,4,,single
1790518162,320430,52,,single
1790518164,321400,1,,single
1790518165,322170,50232,,single
1790518166,322210,18,,single
1790518168,322330,47609,,single
1790518170,322500,107,,single
1790518171,322770,0,,single
1790518172,322920,1,,single
1790518174,323190,3293,,single
1790518175,323580,2,,single
1790518177,323850,29,,single
1790518178,324310,9,,single
1790518180,324800,137,,single
1790518181,325260,1,,single
1790518182,326180,0,,single
1790518184,326460,262,,single
1790518185,327090,2,,single
1790518187,327400,190,,single
1790518188,327640,4,,single
1790518189,328080,41,,single
1790518191,329050,260,,single
1790518192,329110,1099,,single
1790518194,329970,20,,single
1790518195,330830,31,,single
1790518196,331480,1,,single
1790518198,331670,8,,single
1790518199,332310,108,,single
1790518201,332800,34,,single
1790518202,333420,1046,,single
1790518204,333930,45,,single
1790518205,334540,3,,single
1790518206,334940,12,,single
1790518208,335240,767,,single
1790518209,335670,32,,single
1790518211,337000,371,,single
1790518212,338170,2,,single
1790518213,339280,2,,single
1790518215,339610,87,,single
1790518216,341310,8,,single
1790518218,342310,4,,single
1790518219,342580,2,,single
1790518221,343780,123,,single
1790518222,344770,1,,single
1790518224,345660,1,,single
1790518225,346110,21990,,single
1790518226,346560,1,,single
1790518228,346940,22,,single
1790518229,348360,9,,single
1790518231,348710,2,,single
1790518233,350080,170,,single
1790518234,351510,25,,single
1790518235,351910,2,,single
1790518237,351990,1,,single
1790518238,352520,2,,single
1790518242,353090,14,,single
1790518243,353640,16,,single
1790518245,354140,19,,single
1790518246,354240,6,,single
1790518248,355060,4,,single
1790518249,355790,205,,single
1790518250,356400,6,,single
1790518252,356520,0,,single
1790518253,357070,108,,single
1790518255,357330,1,,single
1790518256,358090,1,,single
1790518258,359310,5,,single
1790518259,359550,75310,,single
1790518260,360620,3,,single
1790518262,360650,2,,single
1790518263,361280,289,,single
1790518265,361630,0,,single
1790518266,362620,225,,single
1790518267,362960,83,,single
1790518269,363680,27,,single
1790518270,363970,2009,,single
1790518272,365160,9,,single
1790518273,365360,2263,,single
1790518274,365590,1657,,single
1790518276,366760,1,,single
1790518277,367450,116,,single
1790518279,367670,123,,single
1790518280,368230,86,,single
1790518281,368370,11,,single
1790518283,368500,1174,,single
1790518284,369990,242,,single
1790518286,370360,26,,single
1790518287,371520,17,,single
1790518288,371970,668,,single
1790518290,372800,85,,single
1790518291,373390,5,,single
1790518293,373930,202,,single
1790518294,374190,12,,single
1790518295,374900,8,,single
1790518297,375530,98,,single
1790518298,375900,11,,single
1790518300,376210,24433,,single
1790518301,376870,5,,single
1790518302,377860,10,,single
1790518304,378660,0,,single
1790518305,379720,791,,single
1790518307,380600,4359,,single
1790518308,381020,2,,single
1790518310,382110,58,,single
1790518311,382490,3,,single
1790518312,383120,971,,single
1790518314,383870,118,,single
1790518315,384180,241,,single
1790518317,384630,2,,single
1790518318,385710,0,,single
1790518320,386070,208,,single
1790518321,386360,1021,,single
1790518322,386880,0,,single
1790518324,387290,1200,,single
1790518325,388090,28,,single
1790518326,388410,316,,single
1790518329,389140,19,,single
1790518330,389570,37,,single
1790518332,390520,2,,single
1790518333,390710,6,,single
1790518335,391260,1,,single
1790518336,391730,107,,single
1790518338,392160,4158,,single
1790518339,393380,21015,,single
1790518340,394230,0,,single
1790518342,394510,181,,single
1790518343,394970,8,,single
1790518345,395570,1,,single
1790518346,396710,4,,single
1790518348,396900,11,,single
1790518349,397340,43,,single
1790518351,397430,15,,single
1790518352,397950,81,,single
1790518354,398850,13,,single
1790518355,399670,0,,single
1790518356,400170,27,,single
1790518358,400910,40,,single
1790518359,402020,0,,single
1790518361,403190,202,,single
1790518362,403970,3,,single
1790518363,404540,2,,single
1790518365,405290,14,,single
1790518367,405640,11,,single
1790518368,405820,14,,single
1790518369,405900,53,,single
1790518371,406290,107,,single
1790518372,406550,57,,single
1790518373,407130,158,,single
1790518375,408410,53,,single
1790518376,409160,3,,single
1790518378,409710,422,,single
1790518379,410320,298,,single
1790518380,410380,0,,single
1790518382,410900,732,,single
1790518383,412220,3069,,single
1790518385,413420,1123,,single
1790518386,414340,129,,single
1790518387,415200,375,,single
1790518389,416680,20,,single
1790518390,417860,10,,single
1790518392,418180,8,,single
1790518393,418460,334,,single
1790518395,418530,351,,single
1790518396,419480,11,,single
1790518397,420290,24,,single
1790518399,420740,6,,single
1790518400,421040,6,,single
1790518402,421120,7,,single
1790518403,422970,26,,single
1790518405,424840,260,,single
1790518406,425220,24,,single
1790518407,427820,3,,single
1790518409,428550,20,,single
1790518410,428750,2,,single
1790518412,429470,1,,single
1790518413,429680,3,,single
1790518415,429790,161,,single
1790518416,431180,2,,single
1790518418,431600,38,,single
1790518419,431730,6177,,single
1790518421,433550,2,,single
1790518422,434030,11,,single
1790518424,435120,141,,single
1790518425,435400,10,,single
1790518427,435790,6,,single
1790518428,436320,2,,single
1790518429,437920,126,,single
1790518431,438100,58700,,single
1790518432,438270,2,,single
1790518434,438640,47,,single
1790518435,440310,15,,single
1790518437,440540,10,,single
1790518438,441550,60,,single
1790518439,444090,999,,single
1790518441,444640,219,,single
1790518442,445190,45,,single
1790518444,445310,134,,single
1790518445,446800,216,,single
1790518447,447040,9662,,single
1790518448,447150,3,,single
1790518450,448280,96,,single
1790518451,448510,295,,single
1790518452,449610,49,,single
1790518454,450390,56,,single
1790518455,451340,427,,single
1790518457,452570,7,,single
1790518458,453340,1,,single
1790518460,454650,1004,,single
1790518461,455820,0,,single
1790518462,456750,53,,single
1790518464,457550,44,,single
1790518465,458710,1725,,single
1790518467,459080,3,,single
1790518468,460920,1403,,single
1790518469,462770,5,,single
1790518471,464060,18,,single
1790518472,464360,0,,single
1790518474,465520,0,,single
1790518475,466240,43,,single
1790518477,466910,7,,single
1790518478,468920,102,,single
1790518480,470220,171,,single
1790518481,470310,206,,single
1790518483,473770,19,,single
1790518484,474210,1,,single
1790518485,475150,1131,,single
1790518487,475550,325,,single
1790518488,476600,465,,single
1790518490,477160,7573,,single
1790518491,477770,16,,single
1790518493,479130,0,,single
1790518494,480650,85,,single
1790518496,481510,67,,single
1790518497,482730,534,,single
1790518498,483420,3,,single
1790518500,485610,76,,single
1790518501,486310,3,,single
1790518503,488310,4,,single
1790518504,489140,1,,single
1790518506,489630,1118,,single
1790518507,490110,285,,single
1790518509,491040,1,,single
1790518510,491530,23,,single
1790518512,491950,15,,single
1790518513,492720,1266,,single
1790518514,493840,11,,single
1790518516,494150,7,,single
1790518517,495140,57,,single
1790518518,495560,15,,single
1790518520,496890,3,,single
1790518521,498240,115,,single
1790518523,499440,1,,single
1790518524,499660,3,,single
1790518525,501080,42,,single
1790518527,501320,1,,single
1790518528,502500,2151,,single
1790518530,502940,2,,single
1790518531,503560,146,,single
1790518533,504210,52,,single
1790518534,505170,23,,single
1790518536,506500,4,,single
1790518537,507490,51,,single
1790518539,508980,7,,single
1790518541,510050,1,,single
1790518544,511470,58,,single
1790518545,512790,25,,single
1790518546,513510,2,,single
1790518548,515180,77,,single
1790518549,516750,2182,,single
1790518551,517710,2,,single
1790518552,518030,5,,single
1790518554,518790,6153,,single
1790518555,520940,10,,single
1790518556,523660,10,,single
1790518558,524850,3,,single
1790518559,525510,50,,single
1790518561,526740,0,,single
1790518562,528200,42,,single
1790518564,529340,8477,,single
1790518565,530320,3,,single
1790518566,531640,138,,single
1790518568,532190,1,,single
1790518569,534370,11,,single
1790518571,536220,39,,single
1790518572,537800,127,,single
1790518574,538680,94,,single
1790518575,539720,51,,single
1790518577,541200,7,,single
1790518578,542050,4,,single
1790518579,544390,5,,single
1790518581,544610,46,,single
1790518582,544920,13,,single
1790518584,547860,1,,single
1790518585,551730,53,,single
1790518587,552080,3,,single
1790518588,552500,3062,,single
1790518589,552920,0,,single
1790518591,553210,3,,single
1790518592,553420,317,,single
1790518594,553540,249,,single
1790518595,553850,67634,,single
1790518596,555000,0,,single
1790518598,555880,0,,single
1790518599,557600,43,,single
1790518600,558260,4,,single
1790518602,559210,0,,single
1790518603,559650,67,,single
1790518605,562010,120,,single
1790518606,562260,30,,single
1790518607,562860,14,,single
1790518609,564050,2,,single
1790518610,564530,134,,single
1790518612,566050,195,,single
1790518613,567290,0,,single
1790518614,568090,5,,single
1790518616,568320,58,,single
1790518617,569860,24,,single
1790518619,571310,59,,single
1790518620,572220,4,,single
1790518621,572890,77,,single
1790518623,573100,246,,single
1790518624,573410,9,,single
1790518626,574560,6,,single
1790518627,574980,6,,single
1790518628,576770,51,,single
1790518630,577800,66,,single
1790518631,578310,7,,single
1790518633,578720,0,,single
1790518634,579950,1,,single
1790518635,580720,7,,single
1790518637,581660,7,,single
1790518638,582500,413,,single
1790518640,583010,32,,single
1790518641,584400,118,,single
1790518643,585410,16,,single
1790518644,585710,13,,single
1790518645,586030,0,,single
1790518647,587430,18,,single
1790518648,587620,67,,single
1790518650,588040,0,,single
1790518651,589290,465,,single
1790518652,589870,69,,single
1790518654,591460,51,,single
1790518655,592260,17,,single
1790518657,592600,0,,single
1790518658,593960,0,,single
1790518659,594650,34767,,single
1790518661,595280,0,,single
1790518662,595520,586,,single
1790518664,597180,585,,single
1790518665,598550,40,,single
1790518666,598960,50,,single
1790518668,599140,11436,,single
1790518669,599750,2,,single
1790518671,600480,59,,single
1790518672,601220,3,,single
1790518673,601510,2046,,single
1790518675,602320,260,,single
1790518676,603850,2020,,single
1790518678,604330,1,,single
1790518679,605740,106,,single
1790518680,606500,2,,single
1790518682,609110,3,,single
1790518684,609940,8,,single
1790518685,610360,0,,single
1790518686,611980,0,,single
1790518688,613830,285,,single
1790518689,616110,9,,single
1790518691,617480,15,,single
1790518692,618140,9,,single
1790518694,619150,23,,single
1790518695,619700,0,,single
1790518696,619910,3,,single
1790518698,620980,628,,single
1790518699,621060,205,,single
1790518701,623280,0,,single
1790518702,624270,38,,single
1790518704,626610,13,,single
1790518705,627690,2073,,single
1790518707,628770,5,,single
1790518708,629730,541,,single
1790518709,631510,593,,single
1790518711,632300,343,,single
1790518712,633060,3,,single
1790518714,633230,397,,single
1790518715,634160,14,,single
1790518717,635320,2,,single
1790518718,636150,73,,single
1790518720,637850,1,,single
1790518722,638230,35,,single
1790518723,639170,2,,single
1790518725,640590,97,,single
1790518726,641080,41,,single
1790518727,641960,0,,single
1790518729,643270,1,,single
1790518730,644390,35,,single
1790518732,645630,736,,single
1790518733,646270,26,,single
1790518735,646910,773,,single
1790518737,648120,0,,single
1790518738,648390,6,,single
1790518740,648580,87,,single
1790518741,650700,60,,single
1790518743,653930,5,,single
1790518744,656350,67,,single
1790518745,658560,2,,single
1790518747,659540,12,,single
1790518749,660880,1,,single
1790518750,663380,0,,single
1790518752,665300,826,,single
1790518753,666140,455,,single
1790518755,666220,14,,single
1790518756,666860,289,,single
1790518757,667600,36,,single
1790518759,667870,0,,single
1790518760,669330,3819,,single
1790518762,671440,30,,single
1790518763,671620,2,,single
1790518765,672870,52,,single
1790518766,673610,266,,single
1790518767,673880,100,,single
1790518769,674500,64,,single
1790518770,674930,4,,single
1790518772,675010,604,,single
1790518773,677160,101,,single
1790518775,678800,124,,single
1790518776,678960,766,,single
1790518777,679900,95,,single
1790518779,681280,531,,single
1790518780,682130,20,,single
1790518782,686200,55,,single
1790518783,688470,99,,single
1790518784,690790,1056,,single
1790518786,692890,241,,single
1790518787,695330,8,,single
1790518789,697550,1,,single
1790518790,699130,2728,,single
1790518792,700600,146,,single
1790518793,702320,903,,single
1790518795,703080,4744,,single
1790518796,704850,545,,single
1790518798,705120,6,,single
1790518799,709920,53,,single
1790518801,711980,31,,single
1790518802,712730,7,,single
1790518804,716640,1,,single
1790518805,718560,45,,single
1790518807,719750,0,,single
1790518808,720350,3,,single
1790518809,720620,350,,single
1790518811,722730,30,,single
1790518812,725340,0,,single
1790518814,726110,29,,single
1790518815,726830,10,,single
1790518816,727850,5,,single
1790518818,728880,11079,,single
1790518819,729040,686,,single
1790518821,731040,162,,single
1790518822,732050,25,,single
1790518824,732430,9,,single
1790518825,733790,50,,single
1790518826,734750,124,,single
1790518828,735290,0,,single
1790518829,735580,1,,single
1790518831,736590,231,,single
1790518832,738060,68,,single
1790518834,741140,15,,single
1790518835,742120,31,,single
1790518837,743130,6,,single
1790518838,744190,191,,single
1790518839,746850,45,,single
1790518841,747660,225,,single
1790518842,748360,3,,single
1790518844,750920,1559,,single
1790518845,752590,758,,single
1790518847,753640,1410,,single
1790518848,754150,67,,single
1790518851,755500,27,,single
1790518852,756800,667,,single
1790518853,757240,4,,single
1790518855,757480,6,,single
1790518856,758330,26,,single
1790518858,758690,160,,single
1790518859,758990,49,,single
1790518861,760160,3,,single
1790518862,761600,47,,single
1790518864,761830,98,,single
1790518865,762650,6,,single
1790518866,763890,242,,single
1790518868,765810,9,,single
1790518869,766370,9,,single
1790518871,769560,644,,single
1790518872,770810,72,,single
1790518874,773370,2,,single
1790518875,774201,12,,single
1790518877,774791,14,,single
1790518878,775500,95,,single
1790518879,777390,133,,single
1790518881,780310,1436,,single
1790518882,782670,56,,single
1790518884,784080,1410,,single
1790518885,784950,552,,single
1790518887,785790,8,,single
1790518888,786520,1450,,single
1790518890,789660,9,,single
1790518891,790740,259,,single
1790518892,790850,2,,single
1790518894,792100,21,,single
1790518895,792300,22,,single
1790518897,793350,3,,single
1790518898,794800,46,,single
1790518900,795420,21,,single
1790518901,797400,37,,single
1790518903,797430,106,,single
1790518904,798460,146,,single
1790518905,798840,79,,single
1790518907,799600,449,,single
1790518908,800270,425,,single
1790518910,801550,27,,single
1790518911,803050,58,,single
1790518912,804010,24,,single
1790518914,805550,3605,,single
1790518915,807120,39,,single
1790518917,809020,5,,single
1790518918,810040,1,,single
1790518920,812040,5,,single
1790518921,813230,178,,single
1790518922,813780,29336,,single
1790518924,814000,68,,single
1790518925,815370,5811,,single
1790518927,816090,50,,single
1790518928,816350,0,,single
1790518930,817540,1,,single
1790518931,819030,12,,single
1790518933,821250,145,,single
1790518934,823130,140,,single
1790518936,823950,2,,single
1790518937,824550,96,,single
1790518939,826630,161,,single
1790518940,829110,179,,single
1790518942,829660,66,,single
1790518943,833360,183,,single
1790518944,834740,26,,single
1790518946,835860,2,,single
1790518947,837470,350,,single
1790518949,838630,4,,single
1790518950,839910,6,,single
1790518952,840260,1,,single
1790518953,841190,38,,single
1790518954,842180,14,,single
1790518956,843260,44,,single
1790518957,843390,14,,single
1790518959,844260,18,,single
1790518960,845070,21,,single
1790518961,845890,0,,single
1790518963,846110,13,,single
1790518964,846770,295,,single
1790518966,848350,18,,single
1790518967,848480,176,,single
1790518968,852110,1,,single
1790518970,853450,9,,single
1790518971,853770,5,,single
1790518973,855640,4,,single
1790518974,858260,6,,single
1790518976,858760,2,,single
1790518977,859580,472,,single
1790518979,860890,156,,single
1790518980,861250,1,,single
1790518981,863590,16,,single
1790518983,865360,203,,single
1790518984,865610,8,,single
1790518986,866440,2,,single
1790518987,867210,193,,single
1790518989,868360,549,,single
1790518990,870780,4406,,single
1790518992,872670,119,,single
1790518993,873940,11,,single
1790518995,874390,227,,single
1790518996,878380,8,,single
1790518997,880940,3893,,single
1790518999,881100,2664,,single
1790519000,882710,8,,single
1790519001,884260,1,,single
1790519003,885810,26,,single
1790519004,887570,105,,single
1790519006,890720,7,,single
1790519007,893030,0,,single
1790519008,894020,113,,single
1790519010,895870,381,,single
1790519011,896520,5,,single
1790519013,897730,2,,single
1790519014,898890,12,,single
1790519016,900270,6,,single
1790519017,905370,2,,single
1790519018,909660,42,,single
1790519020,913550,52,,single
1790519021,914020,1,,single
1790519023,915310,5,,single
1790519024,915600,6,,single
1790519026,916730,5,,single
1790519027,917680,4,,single
1790519028,920490,763,,single
1790519030,922460,4,,single
1790519031,925950,5,,single
1790519032,928600,77,,single
1790519034,935880,27,,single
1790519035,936790,49,,single
1790519037,937310,239,,single
1790519038,938560,2,,single
1790519040,939400,192,,single
1790519041,940680,2,,single
1790519042,941460,2,,single
1790519044,944010,10,,single
1790519045,946050,243,,single
1790519047,949230,16533,,single
1790519048,949480,10,,single
1790519049,950180,1,,single
1790519051,951240,309,,single
1790519052,952860,358,,single
1790519054,953880,15,,single
1790519055,955740,17,,single
1790519057,956680,11,,single
1790519058,960170,1050,,single
1790519059,960990,756,,single
1790519061,962130,3491,,single
1790519062,962730,51,,single
1790519064,963930,25,,single
1790519065,964440,4,,single
1790519067,965200,113,,single
1790519068,965580,221,,single
1790519069,965820,2,,single
1790519071,966330,11,,single
1790519072,966680,2,,single
1790519073,969990,128,,single
1790519075,972660,722,,single
1790519076,973760,244,,single
1790519078,975370,833,,single
1790519079,976890,14,,single
1790519080,977950,1901,,single
1790519082,978460,10,,single
1790519083,978780,231,,single
1790519085,979110,423,,single
1790519086,979640,38,,single
1790519088,980300,9,,single
1790519089,981430,129,,single
1790519090,982270,7,,single
1790519092,982720,0,,single
1790519093,985890,197,,single
1790519095,986800,4,,single
1790519096,987840,216,,single
1790519098,989440,1,,single
1790519099,993090,7510,,single
1790519100,994910,280,,single
1790519102,996470,191,,single
1790519103,997010,576,,single
1790519105,998400,27,,single
1790519106,1000030,32,,single
1790519108,1003090,2,,single
1790519109,1003890,28,,single
1790519110,1005300,40,,single
1790519112,1007040,650,,single
1790519113,1009850,5923,,single
1790519115,1010800,1,,single
1790519116,1011190,5,,single
1790519118,1012560,10,,single
1790519119,1012840,6,,single
1790519120,1013140,28,,single
1790519122,1016790,2,,single
1790519123,1017900,940,,single
1790519125,1018160,23,,single
1790519126,1018830,62,,single
1790519127,1019550,5,,single
1790519131,1021100,8,,single
1790519132,1021950,1,,single
1790519133,1022980,282,,single
1790519135,1024650,80,,single
1790519136,1025960,25,,single
1790519138,1026840,0,,single
1790519140,1028630,111,,single
1790519142,1029780,2265,,single
1790519144,1031480,16,,single
1790519145,1036240,50,,single
1790519147,1036950,129,,single
1790519148,1038370,12,,single
1790519149,1039880,4,,single
1790519151,1040230,72,,single
1790519152,1043260,61,,single
1790519154,1044720,2545,,single
1790519155,1046400,15,,single
1790519157,1048540,9,,single
1790519158,1049410,78,,single
1790519160,1051690,7,,single
1790519161,1054430,13,,single
1790519162,1054510,226,,single
1790519164,1055430,65,,single
1790519165,1058020,57,,single
1790519167,1058450,25,,single
1790519168,1058650,0,,single
1790519170,1058830,14,,single
1790519171,1059980,0,,single
1790519172,1061090,97,,single
1790519174,1061910,20,,single
1790519175,1062110,20,,single
1790519177,1062160,66,,single
1790519178,1063420,94,,single
1790519179,1064460,4,,single
1790519181,1065310,81,,single
1790519182,1066780,10549,,single
1790519184,1067540,12,,single
1790519185,1068820,1815,,single
1790519187,1069640,33,,single
1790519188,1069660,562,,single
1790519190,1069740,6,,single
1790519191,1070580,52,,single
1790519193,1071130,9,,single
1790519194,1072150,5,,single
1790519195,1072480,13,,single
1790519197,1073910,13,,single
1790519198,1075740,32,,single
1790519200,1076200,53,,single
1790519201,1078420,5,,single
1790519202,1078760,45,,single
1790519204,1079160,10,,single
1790519205,1080110,188,,single
1790519207,1081510,2,,single
1790519208,1084020,222,,single
1790519209,1084640,2,,single
1790519211,1085510,17,,single
1790519212,1086410,2,,single
1790519214,1087760,20,,single
1790519215,1088850,282,,single
1790519217,1089350,253,,single
1790519218,1091920,7,,single
1790519220,1092660,22,,single
1790519221,1094520,89,,single
1790519222,1096530,769,,single
1790519224,1097130,21,,single
1790519225,1097350,26,,single
1790519227,1098340,3,,single
1790519228,1100140,40,,single
1790519229,1100600,1153,,single
1790519231,1100990,67,,single
1790519232,1101140,0,,single
1790519234,1104450,20,,single
1790519235,1106840,398,,single
1790519237,1108370,45,,single
1790519238,1109680,28,,single
1790519240,1111460,7,,single
1790519241,1114070,0,,single
1790519242,1114220,16,,single
1790519244,1115640,9,,single
1790519245,1116880,14,,single
1790519247,1119730,1053,,single
1790519248,1120480,2,,single
1790519249,1121640,144,,single
1790519251,1122340,337,,single
1790519252,1122720,1,,single
1790519254,1123830,68,,single
1790519255,1125240,24,,single
1790519257,1127610,3,,single
1790519258,1128920,384,,single
1790519260,1129310,17,,single
1790519261,1130410,7,,single
1790519263,1131620,219,,single
1790519264,1134570,135,,single
1790519265,1135230,132,,single
1790519267,1135810,19,,single
1790519268,1137750,87,,single
1790519269,1138660,52,,single
1790519271,1139800,1,,single
1790519272,1139900,354,,single
1790519274,1140150,242,,single
1790519275,1140620,113,,single
1790519277,1141580,13,,single
1790519278,1142710,100084,,single
1790519280,1144170,143,,single
1790519281,1144770,3,,single
1790519283,1147550,38,,single
1790519284,1147690,3199,,single
1790519286,1148590,29,,single
1790519287,1148760,43,,single
1790519288,1149620,1128,,single
1790519290,1150760,60,,single
1790519291,1151050,13,,single
1790519293,1151640,842,,single
1790519294,1153410,161,,single
1790519295,1154040,3,,single
1790519297,1154840,108,,single
1790519298,1155970,47,,single
1790519300,1157220,21,,single
1790519301,1158310,25166,,single
1790519303,1158850,369,,single
1790519304,1159290,48,,single
1790519305,1160220,10,,single
1790519307,1161170,10,,single
1790519309,1161580,218,,single
1790519310,1162130,7,,single
1790519312,1163870,3,,single
1790519313,1164250,4,,single
1790519314,1166290,26,,single
1790519316,1167450,21,,single
1790519317,1168470,0,,single
1790519319,1170060,1,,single
1790519320,1172380,1312,,single
1790519321,1172620,10942,,single
1790519323,1173010,15,,single
1790519324,1173770,159,,single
1790519326,1173800,102,,single
1790519327,1173820,279,,single
1790519329,1175460,13,,single
1790519330,1177660,4,,single
1790519331,1178220,9,,single
1790519333,1179210,21,,single
1790519334,1181830,60,,single
1790519336,1182110,28,,single
1790519337,1182620,11,,single
1790519338,1182920,45,,single
1790519340,1186640,21,,single
1790519341,1187510,23,,single
1790519343,1189490,2116,,single
1790519344,1190000,2101,,single
1790519346,1190970,3171,,single
1790519347,1191580,11,,single
1790519348,1191900,3,,single
1790519350,1194810,6,,single
1790519351,1195460,1,,single
1790519353,1196630,59,,single
1790519354,1197570,10,,single
1790519356,1199030,54,,single
1790519357,1201240,1610,,single
1790519359,1201540,93,,single
1790519360,1202200,43,,single
1790519362,1203190,266,,single
1790519363,1203630,17,,single
1790519365,1204050,182,,single
1790519366,1205450,11,,single
1790519368,1205970,343,,single
1790519369,1206560,2164,,single
1790519370,1207650,309,,single
1790519372,1210250,23,,single
1790519373,1211600,107,,single
1790519375,1213210,1267,,single
1790519376,1214470,50,,single
1790519378,1216320,117,,single
1790519379,1217060,1494,,single
1790519380,1220010,285,,single
1790519382,1221250,8,,single
1790519383,1222300,15,,single
1790519385,1222730,94,,single
1790519386,1224290,18,,single
1790519387,1227280,35,,single
1790519389,1227650,26,,single
1790519390,1229240,312,,single
1790519392,1229900,5,,single
1790519393,1231880,8,,single
1790519395,1232580,30,,single
1790519396,1233410,24,,single
1790519398,1233590,3,,single
1790519399,1236720,157,,single
1790519400,1237970,2856,,single
1790519402,1238840,11333,,single
1790519403,1239080,605,,single
1790519405,1239320,37,,single
1790519406,1240590,7,,single
1790519408,1241950,31,,single
1790519409,1243850,25,,single
1790519410,1244460,994,,single
1790519412,1244800,116,,single
1790519413,1245540,1,,single
1790519415,1249040,14,,single
1790519416,1250410,4005,,single
1790519417,1252780,245,,single
1790519419,1254370,3,,single
1790519420,1257360,6,,single
1790519422,1258080,3906,,single
1790519423,1259840,15,,single
1790519425,1260320,14607,,single
1790519426,1260810,4,,single
1790519427,1262350,223,,single
1790519429,1262540,517,,single
1790519430,1262580,619,,single
1790519432,1263230,2,,single
1790519433,1264250,68,,single
1790519435,1265820,101,,single
1790519436,1266030,12,,single
1790519438,1267470,3,,single
1790519439,1267910,4221,,single
1790519441,1269950,10,,single
1790519443,1271280,7,,single
1790519444,1272010,8,,single
1790519446,1272320,730,,single
1790519447,1273400,1152,,single
1790519449,1273710,24,,single
1790519450,1275350,112,,single
1790519452,1278480,131,,single
1790519453,1280780,107,,single
1790519454,1281630,529,,single
1790519456,1282410,18,,single
1790519457,1283190,93,,single
1790519459,1283410,64,,single
1790519460,1284240,0,,single
1790519462,1286280,3,,single
1790519463,1286350,17,,single
1790519465,1286680,392,,single
1790519466,1286990,38,,single
1790519468,1289340,5,,single
1790519469,1289810,77,,single
1790519471,1291010,32,,single
1790519472,1291500,1,,single
1790519474,1293170,1,,single
1790519475,1294420,3,,single
1790519476,1294760,39,,single
1790519478,1295500,165,,single
1790519479,1295920,33,,single
1790519481,1297160,0,,single
1790519482,1299460,19,,single
1790519484,1301720,24,,single
1790519485,1304550,24,,single
1790519486,1305420,19,,single
1790519488,1307890,305,,single
1790519489,1309950,2,,single
1790519491,1310520,1,,single
1790519492,1313140,2770,,single
1790519494,1315980,4,,single
1790519495,1316910,5,,single
1790519497,1319460,3,,single
1790519498,1323420,1,,single
1790519499,1324530,6,,single
1790519501,1328350,38,,single
1790519502,1329500,67,,single
1790519504,1329880,4,,single
1790519505,1330470,42,,single
1790519507,1331440,2,,single
1790519508,1332470,1,,single
1790519509,1334730,8,,single
1790519511,1335560,6,,single
1790519512,1335830,122,,single
1790519514,1336560,1,,single
1790519515,1337520,164,,single
1790519516,1337890,3,,single
1790519518,1338580,5,,single
1790519519,1338840,1,,single
1790519520,1340530,4,,single
1790519522,1341290,536,,single
1790519523,1342620,1,,single
1790519525,1343240,71,,single
1790519526,1343400,1920,,single
1790519528,1345820,8,,single
1790519529,1346010,6,,single
1790519530,1347550,4,,single
1790519532,1347970,19,,single
1790519533,1350200,11,,single
1790519535,1351080,345,,single
1790519536,1352330,212,,single
1790519537,1352930,54,,single
1790519539,1356670,59,,single
1790519540,1357860,18,,single
1790519542,1358700,284,,single
1790519543,1360000,187,,single
1790519545,1360810,99,,single
1790519546,1361210,6784,,single
1790519548,1363080,8683,,single
1790519549,1364020,3,,single
1790519550,1364210,389,,single
1790519552,1364390,329,,single
1790519553,1366290,1,,single
1790519555,1366950,5,,single
1790519556,1368030,13,,single
1790519557,1369670,770,,single
1790519559,1370050,8,,single
1790519560,1372280,142,,single
1790519562,1372530,97,,single
1790519563,1373780,1,,single
1790519565,1375400,10,,single
1790519566,1376200,11,,single
1790519567,1377360,10,,single
1790519569,1377450,10,,single
1790519570,1379870,13,,single
1790519572,1382200,0,,single
1790519573,1384770,5,,single
1790519574,1386780,59,,single
1790519576,1388870,9,,single
1790519577,1389630,1,,single
1790519579,1390190,25,,single
1790519580,1392820,10,,single
1790519582,1393750,3,,single
1790519583,1396240,64,,single
1790519584,1397920,648,,single
1790519586,1401590,7856,,single
1790519587,1404210,776,,single
1790519589,1406850,8,,single
1790519590,1408230,17,,single
1790519591,1408720,22,,single
1790519593,1410710,50,,single
1790519594,1413480,190,,single
1790519596,1414180,1,,single
1790519597,1416130,6,,single
1790519599,1416260,165,,single
1790519600,1417930,56,,single
1790519602,1419170,1614,,single
1790519603,1420350,15,,single
1790519605,1421250,215,,single
1790519606,1422130,480,,single
1790519608,1423330,5,,single
1790519609,1426210,17409,,single
1790519610,1428100,4,,single
1790519612,1430680,15,,single
1790519613,1432100,15,,single
1790519615,1433340,38,,single
1790519616,1435670,12,,single
1790519618,1436590,21,,single
1790519619,1437760,37,,single
1790519620,1437830,618,,single
1790519622,1440670,16,,single
1790519623,1444110,0,,single
1790519625,1445790,46,,single
1790519626,1447430,4308,,single
1790519628,1448530,19,,single
1790519629,1449280,14,,single
1790519630,1450150,14,,single
1790519632,1450900,157,,single
1790519633,1451480,26,,single
1790519635,1451810,30,,single
1790519636,1455630,44,,single
1790519637,1455840,496,,single
1790519639,1456760,8,,single
1790519640,1458140,346,,single
1790519643,1461600,1,,single
1790519645,1462470,2,,single
1790519646,1462810,210,,single
1790519648,1465360,6331,,single
1790519649,1466640,195,,single
1790519651,1467920,15,,single
1790519652,1468720,134,,single
1790519653,1471410,52,,single
1790519655,1475380,2,,single
1790519656,1476970,13607,,single
1790519658,1477590,145,,single
1790519659,1478160,8,,single
1790519661,1481170,135,,single
1790519662,1482860,68,,single
1790519664,1484280,17,,single
1790519665,1485590,33,,single
1790519666,1486920,362,,single
1790519668,1489970,12,,single
1790519669,1491340,35,,single
1790519671,1493640,260,,single
1790519672,1494810,9,,single
1790519674,1499120,3,,single
1790519675,1502190,7,,single
1790519677,1506510,0,,single
1790519678,1509510,295,,single
1790519680,1509960,302,,single
1790519681,1511460,49,,single
1790519682,1511670,0,,single
1790519684,1514930,0,,single
1790519685,1517290,2084,,single
1790519687,1521580,57,,single
1790519688,1522820,377,,single
1790519689,1525700,538,,single
1790519691,1527910,9,,single
1790519692,1532200,68,,single
1790519694,1534980,91,,single
1790519695,1536090,55,,single
1790519697,1538970,12,,single
1790519698,1540210,72,,single
1790519700,1543280,13,,single
1790519701,1545450,66,,single
1790519702,1546310,2,,single
1790519704,1546400,32,,single
1790519705,1547890,96,,single
1790519707,1552350,31,,single
1790519708,1554790,15,,single
1790519710,1555710,2,,single
1790519711,1556790,178,,single
1790519713,1557740,471,,single
1790519714,1558830,0,,single
1790519716,1560250,65,,single
1790519717,1563130,1,,single
1790519718,1566690,144,,single
1790519720,1567440,8,,single
1790519721,1569090,7,,single
1790519723,1569580,1135,,single
1790519724,1570070,30,,single
1790519726,1571100,7,,single
1790519727,1574260,13,,single
1790519729,1574580,80,,single
1790519731,1574900,74,,single
1790519733,1575940,1032,,single
1790519734,1578390,263,,single
1790519735,1578860,4,,single
1790519737,1580240,165,,single
1790519738,1581770,126,,single
1790519741,1582680,2,,single
1790519743,1585220,26,,single
1790519744,1588530,174,,single
1790519746,1590230,20,,single
1790519747,1591420,24,,single
1790519749,1592280,28,,single
1790519750,1592520,10,,single
1790519752,1594320,3980,,single
1790519753,1596310,3,,single
1790519755,1599330,62,,single
1790519756,1599600,1524,,single
1790519758,1600530,57,,single
1790519759,1601970,18,,single
1790519761,1603180,43,,single
1790519762,1604000,14,,single
1790519764,1605220,256,,single
1790519765,1606340,270,,single
1790519767,1608070,361,,single
1790519768,1608290,82,,single
1790519769,1608700,1,,single
1790519771,1610470,52,,single
1790519772,1611430,61,,single
1790519774,1611910,325,,single
1790519775,1614440,42,,single
1790519776,1618540,12,,single
1790519778,1621070,65,,single
1790519779,1621690,9940,,single
1790519781,1623940,60,,single
1790519782,1625080,3,,single
1790519783,1627720,3139,,single
1790519785,1629530,0,,single
1790519786,1631470,33,,single
1790519788,1635590,14,,single
1790519789,1637730,58,,single
1790519791,1638230,45,,single
1790519792,1644960,275,,single
1790519794,1646850,29,,single
1790519795,1649010,78,,single
1790519796,1649950,186,,single
1790519798,1651560,223,,single
1790519799,1652250,93,,single
1790519801,1657630,1769,,single
1790519803,1658280,159,,single
1790519804,1659420,1302,,single
1790519806,1661630,3,,single
1790519807,1663220,43,,single
1790519808,1665460,23083,,single
1790519810,1668690,23,,single
1790519811,1669170,3,,single
1790519813,1672970,1803,,single
1790519814,1675830,35,,single
1790519816,1677110,541,,single
1790519817,1677310,80,,single
1790519818,1679290,7,,single
1790519820,1681970,0,,single
1790519821,1682970,767,,single
1790519823,1689500,543,,single
1790519824,1689910,16,,single
1790519826,1694420,263,,single
1790519827,1696810,85,,single
1790519829,1699480,209,,single
1790519830,1700870,379,,single
1790519832,1701800,1,,single
1790519833,1705180,145,,single
1790519835,1708520,50,,single
1790519836,1710580,33,,single
1790519838,1712350,29,,single
1790519839,1715280,26,,single
1790519840,1718130,5,,single
1790519842,1723260,52,,single
1790519843,1726190,6,,single
1790519845,1730680,5,,single
1790519847,1731070,47,,single
1790519848,1735700,251,,single
1790519850,1737870,74,,single
1790519851,1740720,86,,single
1790519852,1746030,209,,single
1790519854,1747760,28,,single
1790519855,1750770,39,,single
1790519857,1755830,70,,single
1790519858,1761390,345,,single
1790519860,1763050,11,,single
1790519861,1766740,112,,single
1790519863,1769170,123,,single
1790519864,1771300,21620,,single
1790519866,1777760,27,,single
1790519867,1782120,573,,single
1790519869,1783360,2,,single
1790519870,1787090,2537,,single
1790519872,1790600,1250,,single
1790519873,1796220,52,,single
1790519874,1796790,174,,single
1790519876,1799930,15,,single
1790519878,1802720,1,,single
1790519879,1809540,848,,single
1790519880,1811260,856,,single
1790519882,1811990,99,,single
1790519883,1812370,16,,single
1790519885,1815570,47,,single
1790519886,1817070,4240,,single
1790519888,1817800,105,,single
1790519889,1822550,34,,single
1790519891,1823930,16,,single
1790519892,1830970,37,,single
1790519893,1832640,8,,single
1790519895,1836160,18,,single
1790519896,1839430,67,,single
1790519898,1839880,21,,single
1790519899,1839950,739,,single
1790519901,1843940,100,,single
1790519902,1846170,10,,single
1790519903,1847240,29,,single
1790519905,1849250,362,,single
1790519906,1850160,76,,single
1790519908,1850510,236,,single
1790519909,1853200,2,,single
1790519911,1859470,12,,single
1790519912,1862520,110,,single
1790519913,1865060,135,,single
1790519915,1869270,56,,single
1790519916,1874170,56,,single
1790519918,1874880,13338,,single
1790519919,1875830,1394,,single
1790519920,1881200,51,,single
1790519922,1881610,20,,single
1790519923,1883260,4,,single
1790519925,1886070,0,,single
1790519926,1887840,195,,single
1790519928,1889040,5,,single
1790519929,1892030,71,,single
1790519931,1893810,8,,single
1790519932,1895130,34,,single
1790519933,1896390,23,,single
1790519935,1899060,45,,single
1790519936,1902710,8,,single
1790519938,1903620,20,,single
1790519939,1907590,4,,single
1790519941,1910680,328,,single
1790519942,1911610,158,,single
1790519943,1913370,718,,single
1790519945,1919590,553,,single
1790519946,1920780,19,,single
1790519948,1924490,1,,single
1790519949,1929870,5,,single
1790519951,1931950,1,,single
1790519952,1932640,264,,single
1790519953,1934570,24,,single
1790519955,1937500,262,,single
1790519956,1939160,29,,single
1790519958,1942660,42,,single
1790519959,1944430,83,,single
1790519961,1946550,3,,single
1790519962,1949190,25,,single
1790519964,1951230,51,,single
1790519965,1953520,249,,single
1790519967,1955230,2,,single
1790519968,1956040,26,,single
1790519970,1957780,123,,single
1790519971,1963040,78,,single
1790519972,1966900,114,,single
1790519974,1967510,12,,single
1790519975,1968730,39,,single
1790519977,1970980,26,,single
1790519978,1972440,62,,single
1790519979,1977170,27,,single
1790519981,1979440,36,,single
1790519982,1981570,65,,single
1790519984,1985170,2,,single
1790519985,1989270,335,,single
1790519987,1999170,13,,single
1790519988,2005010,127,,single
1790519990,2009350,711,,single
1790519991,2013240,77,,single
1790519992,2014780,1395,,single
1790519994,2017080,15,,single
1790519995,2021880,66,,single
1790519997,2026000,348,,single
1790519998,2027330,1160,,single
1790520000,2055050,247,,single
1790520001,2058180,473,,single
1790520003,2059170,1136,,single
1790520004,2060130,31,,single
1790520006,2061440,5,,single
1790520007,2064870,167,,single
1790520009,2067050,30,,single
1790520010,2067920,132,,single
1790520011,2069040,20,,single
1790520013,2069900,0,,single
1790520014,2073470,6,,single
1790520016,2076010,178,,single
1790520017,2078450,5,,single
1790520019,2084000,237,,single
1790520020,2086430,61,,single
1790520021,2089600,165,,single
1790520023,2095300,62,,single
1790520024,2096610,165,,single
1790520026,2099110,45,,single
1790520027,2103140,2142,,single
1790520028,2106840,168,,single
1790520030,2109370,79,,single
1790520031,2113900,22,,single
1790520033,2116120,290,,single
1790520034,2119740,6,,single
1790520036,2124120,778,,single
1790520037,2124780,8,,single
1790520039,2131630,206,,single
1790520041,2131650,148,,single
1790520043,2135150,1741,,single
1790520044,2140330,48,,single
1790520046,2143680,12,,single
1790520047,2151290,180,,single
1790520048,2160220,9,,single
1790520050,2163330,1683,,single
1790520051,2168680,889,,single
1790520053,2171630,12,,single
1790520054,2172260,9,,single
1790520056,2181610,20,,single
1790520057,2181930,6,,single
1790520058,2183650,45,,single
1790520060,2185060,2044,,single
1790520061,2186680,7911,,single
1790520063,2193490,15,,single
1790520064,2195120,222,,single
1790520066,2195410,11,,single
1790520067,2200780,89,,single
1790520069,2206210,5,,single
1790520070,2207490,79,,single
1790520072,2208920,5285,,single
1790520073,2212330,776,,single
1790520075,2216130,68,,single
1790520076,2218400,118,,single
1790520077,2228280,20,,single
1790520079,2230650,62,,single
1790520080,2231380,4753,,single
1790520082,2235240,20,,single
1790520083,2238900,191,,single
1790520085,2239550,561,,single
1790520086,2248430,12,,single
1790520087,2252570,20239,,single
1790520089,2254740,44,,single
1790520090,2272250,27,,single
1790520092,2272900,22,,single
1790520093,2273550,7,,single
1790520095,2275150,10,,single
1790520096,2281410,60,,single
1790520097,2288150,736,,single
1790520099,2290000,26,,single
1790520100,2291340,58,,single
1790520102,2294660,535,,single
1790520104,2299900,3,,single
1790520105,2302140,3,,single
1790520107,2303350,63,,single
1790520108,2307350,190,,single
1790520109,2314720,7,,single
1790520111,2321470,1353,,single
1790520112,2322440,30,,single
1790520114,2328750,52,,single
1790520115,2331330,137,,single
1790520116,2336220,2268,,single
1790520118,2344320,0,,single
1790520119,2351560,61,,single
1790520121,2354000,17,,single
1790520122,2357000,29,,single
1790520123,2362300,41,,single
1790520125,2366980,50,,single
1790520126,2378900,277,,single
1790520128,2379910,15,,single
1790520129,2381590,12,,single
1790520131,2384580,2548,,single
1790520132,2390260,8,,single
1790520133,2399830,29090,,single
1790520135,2400340,8,,single
1790520136,2400770,43,,single
1790520138,2408820,1274,,single
1790520139,2418520,1826,,single
1790520141,2420110,2267,,single
1790520143,2421410,78,,single
1790520144,2431660,2,,single
1790520146,2436940,8013,,single
1790520147,2442460,37,,single
1790520148,2455640,2213,,single
1790520150,2470300,8,,single
1790520151,2477090,4,,single
1790520153,2479810,2320,,single
1790520154,2486740,112,,single
1790520156,2495100,880,,single
1790520157,2499470,39,,single
1790520159,2503770,432,,single
1790520160,2510710,35,,single
1790520161,2512560,1,,single
1790520163,2515020,1810,,single
1790520164,2521380,28,,single
1790520166,2525310,139,,single
1790520167,2531310,5178,,single
1790520169,2535830,1,,single
1790520170,2543180,70,,single
1790520172,2552430,5220,,single
1790520173,2555320,3,,single
1790520175,2559270,6,,single
1790520176,2570210,228,,single
1790520178,2581700,126,,single
1790520179,2591280,1288,,single
1790520180,2594540,32,,single
1790520182,2597080,1042,,single
1790520184,2608270,98,,single
1790520185,2617400,53,,single
1790520187,2634890,44,,single
1790520189,2638370,17,,single
1790520190,2646460,2758,,single
1790520192,2651280,3781,,single
1790520193,2653790,41,,single
1790520195,2656540,53,,single
1790520196,2658470,1,,single
1790520198,2669320,5271,,single
1790520200,2670630,4729,,single
1790520201,2675290,6,,single
1790520203,2677660,517,,single
1790520204,2683150,336,,single
1790520205,2687970,3,,single
1790520207,2688950,2466,,single
1790520209,2693930,34,,single
1790520210,2695490,22,,single
1790520211,2698780,1137,,single
1790520213,2707900,94,,single
1790520214,2708450,23,,single
1790520216,2716400,79,,single
1790520217,2719160,257,,single
1790520219,2726450,12,,single
1790520220,2742830,918,,single
1790520222,2761670,179,,single
1790520223,2776450,339,,single
1790520225,2784470,981,,single
1790520226,2797340,32,,single
1790520228,2816950,47,,single
1790520229,2824660,12,,single
1790520231,2826180,200,,single
1790520232,2828860,250,,single
1790520233,2849080,1349,,single
1790520235,2853730,264,,single
1790520236,2873080,100,,single
1790520238,2878980,3632,,single
1790520239,2888980,1,,single
1790520241,2903560,20,,single
1790520242,2916430,297,,single
1790520244,2928280,12,,single
1790520245,2933080,395,,single
1790520247,2956820,6,,single
1790520248,2961880,100,,single
1790520250,2967990,133,,single
1790520251,2976720,9,,single
1790520252,3014080,268,,single
1790520254,3019370,6,,single
1790520255,3024540,1,,single
1790520257,3035500,273,,single
1790520258,3058630,1287,,single
1790520260,3061810,256,,single
1790520261,3107230,29,,single
1790520263,3112260,201,,single
1790520264,3121110,284,,single
1790520265,3126470,4,,single
1790520267,3149840,10,,single
1790520268,3156770,484,,single
1790520270,3168600,75,,single
1790520271,3176060,56,,single
1790520273,3188550,26,,single
1790520274,3218600,9,,single
1790520275,3228180,7,,single
1790520277,3244220,102,,single
1790520278,3272300,2,,single
1790520280,3371240,35,,single
1790520281,3402530,106,,single
1790520283,3454590,83,,single
1790520284,990080,10303,,single
1790520285,1546970,481,,single
1790520287,1547000,2171,,single
1790520288,40,2,,single
1790520290,1900,9,,single
1790520291,2210,17,,single
1790520293,2420,0,,single
1790520294,2500,2,,single
1790520295,2640,45,,single
1790520297,3300,51,,single
1790520298,3710,3,,single
1790520300,3980,14,,single
1790520301,4770,22,,single
1790520303,6040,13,,single
1790520304,6120,7,,single
1790520306,6310,6,,single
1790520307,6510,10,,single
1790520308,6870,4,,single
1790520310,6900,19,,single
1790520311,7510,90,,single
1790520313,7600,98,,single
1790520314,7660,20,,single
1790520316,9160,0,,single
1790520317,9480,150,,single
1790520318,10220,7,,single
1790520320,11610,6,,single
1790520321,12150,91,,single
1790520323,12830,9,,single
1790520324,13520,205,,single
1790520326,13560,74,,single
1790520327,15120,47,,single
1790520329,15190,18,,single
1790520331,15370,469,,single
1790520332,15700,14,,single
1790520334,16450,36,,single
1790520335,17300,12,,single
1790520337,17710,0,,single
1790520338,18700,0,,single
1790520341,19800,19,,single
1790520343,19900,192,,single
1790520344,20510,160,,single
1790520346,20900,1144,,single
1790520348,21010,5,,single
1790520349,21670,1,,single
1790520351,21780,10,,single
1790520352,22100,101,,single
1790520353,22140,0,,single
1790520355,22310,1,,single
1790520356,22370,311,,single
1790520358,22610,3,,single
1790520359,23310,39,,single
1790520361,24670,29,,single
1790520362,24840,21,,single
1790520364,24880,75,,single
1790520365,25980,29,,single
1790520367,27000,0,,single
1790520368,29800,0,,single
1790520369,31170,4,,single
1790520371,32390,3,,single
1790520372,32500,18,,single
1790520374,34190,14,,single
1790520375,34900,6,,single
1790520377,37600,0,,single
1790520378,38700,1,,single
1790520379,39160,21,,single
1790520381,39500,354,,single
1790520382,40400,3,,single
1790520384,41800,0,,single
1790520385,42170,1,,single
1790520387,42990,7,,single
1790520388,44340,2,,single
1790520390,45750,6,,single
1790520391,46560,28,,single
1790520392,47410,441,,single
1790520394,47800,8,,single
1790520395,47920,6,,single
1790520397,48240,122,,single
1790520398,49470,6,,single
1790520400,50130,326,,single
1790520401,55100,32,,single
1790520402,57650,3,,single
1790520404,57740,29,,single
1790520405,61500,15,,single
1790520407,63500,2,,single
1790520408,63700,1,,single
1790520409,63950,0,,single
1790520411,65930,24,,single
1790520412,67370,41,,single
1790520414,71250,90,,single
1790520415,73020,25,,single
1790520417,91600,1,,single
1790520418,92100,10,,single
1790520419,93200,0,,single
1790520421,96100,0,,single
1790520422,99300,4,,single
1790520424,102500,26,,single
1790520425,104600,1,,single
1790520427,108500,2,,single
1790520428,111800,0,,single
1790520430,113400,225,,single
1790520431,115120,4,,single
1790520433,200910,0,,single
1790520434,201290,14,,single
1790520435,201510,5,,single
1790520437,202310,4,,single
1790520438,202990,219,,single
1790520440,203510,1,,single
1790520441,203810,0,,single
1790520443,204100,353,,single
1790520444,205020,0,,single
1790520446,205710,223,,single
1790520447,205950,8,,single
1790520448,207420,1,,single
1790520450,208670,1,,single
1790520451,208750,1,,single
1790520453,209100,4,,single
1790520454,209630,0,,single
1790520456,209870,1,,single
1790520457,210950,2,,single
1790520459,211340,0,,single
1790520460,211500,1018,,single
1790520461,212070,62,,single
1790520463,212200,316,,single
1790520464,212630,70,,single
1790520466,214250,1,,single
1790520467,214790,6,,single
1790520469,215080,435,,single
1790520470,215160,12,,single
1790520472,215630,0,,single
1790520473,215790,0,,single
1790520475,215930,65,,single
1790520476,216260,10,,single
1790520477,217100,0,,single
1790520479,217690,0,,single
1790520480,217790,4,,single
1790520482,218090,5,,single
1790520483,218510,2,,single
1790520484,218740,0,,single
1790520486,219830,2,,single
1790520487,220240,2213,,single
1790520489,220700,186,,single
1790520490,221020,2,,single
1790520492,221180,5,,single
1790520493,222480,269,,single
1790520495,222940,24,,single
1790520496,223100,95,,single
1790520498,223490,2,,single
1790520499,224540,1,,single
1790520501,224860,0,,single
1790520502,225020,4,,single
1790520504,225300,5,,single
1790520506,225420,24,,single
1790520507,225600,2,,single
1790520509,226100,7,,single
1790520510,226580,16,,single
1790520511,226720,5,,single
1790520513,227600,17,,single
1790520514,227940,12,,single
1790520516,228380,602,,single
1790520517,230860,0,,single
1790520519,231060,1,,single
1790520520,231330,8,,single
1790520521,232050,35,,single
1790520523,232430,8,,single
1790520525,233230,0,,single
1790520527,233350,7,,single
1790520528,233720,51,,single
1790520530,234080,117,,single
1790520531,234390,2,,single
1790520533,235250,1,,single
1790520534,235380,10,,single
1790520536,236110,368,,single
1790520537,236510,5,,single
1790520538,236870,70,,single
1790520540,237310,171,,single
1790520541,237890,10,,single
1790520543,238260,26,,single
1790520544,238320,368,,single
1790520546,238430,24,,single
1790520547,238930,0,,single
1790520549,239160,136,,single
1790520550,239840,6,,single
1790520552,240440,1,,single
1790520553,404730,86,,single
1790520555,241540,13,,single
1790520556,242550,189,,single
1790520558,242780,1,,single
1790520559,243040,4,,single
1790520560,243160,0,,single
1790520562,243780,9,,single
1790520563,244070,2,,single
1790520565,244770,7,,single
1790520566,245150,0,,single
1790520568,245300,9,,single
1790520569,245490,24,,single
1790520571,246090,1,,single
1790520572,246760,19,,single
1790520574,247950,4,,single
1790520575,249050,61,,single
1790520576,249590,0,,single
1790520578,249650,20,,single
1790520579,250380,2,,single
1790520581,250420,1,,single
1790520582,250580,1,,single
1790520583,250680,6,,single
1790520585,251110,18,,single
1790520586,251430,4,,single
1790520588,251830,1,,single
1790520589,251950,12,,single
1790520591,252350,4,,single
1790520592,252450,7,,single
1790520594,252670,2,,single
1790520595,253190,0,,single
1790520596,253510,1,,single
1790520598,253920,7,,single
1790520600,254060,9,,single
1790520601,255070,2,,single
1790520603,255280,11,,single
1790520604,255390,5,,single
1790520605,255520,5,,single
1790520607,256460,2,,single
1790520609,257400,15,,single
1790520610,257690,0,,single
1790520612,257750,1,,single
1790520613,258520,4,,single
1790520615,259170,2,,single
1790520616,260190,12,,single
1790520618,260790,0,,single
1790520619,261490,0,,single
1790520621,261760,4,,single
1790520622,262150,0,,single
1790520624,262390,3,,single
1790520625,262790,2,,single
1790520627,263020,0,,single
1790520628,263540,45,,single
1790520631,263620,0,,single
1790520632,264160,5,,single
1790520634,265300,30,,single
1790520635,265550,193,,single
1790520637,265690,11,,single
1790520638,266110,2,,single
1790520640,267490,8,,single
1790520641,268050,309,,single
1790520643,268870,8,,single
1790520644,269190,15,,single
1790520646,269250,0,,single
1790520649,269490,1,,single
1790520651,269670,4,,single
1790520652,269790,12,,single
1790520654,270570,0,,single
1790520655,270850,4,,single
1790520656,271240,33,,single
1790520658,271570,0,,single
1790520659,271760,14,,single
1790520661,272060,9,,single
1790520662,272270,12,,single
1790520664,273500,1,,single
1790520665,274290,4,,single
1790520667,274350,0,,single
1790520668,275100,5,,single
1790520670,275490,0,,single
1790520671,277430,7,,single
1790520673,277890,10,,single
1790520674,278910,0,,single
1790520676,279940,10,,single
1790520677,280720,1,,single
1790520678,281370,1,,single
1790520680,281940,0,,single
1790520681,282100,2,,single
1790520682,282560,12,,single
1790520684,282760,1,,single
1790520685,283230,0,,single
1790520687,283880,2,,single
1790520688,284240,1,,single
1790520690,284870,4,,single
1790520691,285440,0,,single
1790520693,286000,6,,single
1790520694,286570,33,,single
1790520695,287260,2,,single
1790520697,287580,3,,single
1790520698,288060,1,,single
1790520700,288470,247,,single
1790520701,289690,7,,single
1790520703,290470,42,,single
1790520704,290790,6,,single
1790520706,291550,11168,,single
1790520707,292120,495,,single
1790520708,292410,19,,single
1790520710,293220,1,,single
1790520712,293540,0,,single
1790520713,294160,1,,single
1790520714,294660,26,,single
1790520716,295790,7,,single
1790520717,296470,3,,single
1790520718,296830,2,,single
1790520720,297000,2140,,single
1790520721,297120,1,,single
1790520723,297860,10,,single
1790520724,298180,1,,single
1790520725,298520,0,,single
1790520727,299460,2,,single
1790520728,299740,83,,single
1790520730,300060,1,,single
1790520731,300970,31,,single
1790520732,301280,1,,single
1790520734,301910,17,,single
1790520735,302510,132,,single
1790520737,302790,3,,single
1790520738,303390,16,,single
1790520739,303680,4,,single
1790520741,304030,2,,single
1790520742,304730,16,,single
1790520744,305260,17,,single
1790520745,306040,0,,single
1790520746,307050,0,,single
1790520748,307880,0,,single
1790520749,310370,1,,single
1790520751,310890,0,,single
1790520752,311010,0,,single
1790520753,311260,306,,single
1790520755,311730,113,,single
1790520756,311800,1,,single
1790520758,312280,24,,single
1790520759,312560,23,,single
1790520761,312750,79,,single
1790520762,312840,52,,single
1790520764,313020,0,,single
1790520765,313730,2,,single
1790520766,313780,3,,single
1790520768,314020,1,,single
1790520769,314150,4,,single
1790520771,314660,7,,single
1790520772,314790,3,,single
1790520773,315210,124,,single
1790520775,315660,67,,single
1790520776,317250,0,,single
1790520778,317470,32,,single
1790520779,318020,42,,single
1790520780,318230,1,,single
1790520782,318970,1,,single
1790520783,319480,0,,single
1790520785,320240,51,,single
1790520786,321270,3,,single
1790520788,321480,3,,single
1790520789,322110,11,,single
1790520790,323220,55,,single
1790520792,324510,16,,single
1790520793,324740,2,,single
1790520795,325090,0,,single
1790520796,326160,25,,single
1790520797,327030,335,,single
1790520799,327220,12,,single
1790520800,327670,2,,single
1790520802,328070,1,,single
1790520803,329430,136,,single
1790520804,329490,1,,single
1790520806,330020,603,,single
1790520807,330390,23,,single
1790520809,330840,2,,single
1790520810,331470,419,,single
1790520811,332200,21,,single
1790520813,332500,1,,single
1790520814,333980,10,,single
1790520816,334120,2,,single
1790520817,334420,4,,single
1790520819,335190,0,,single
1790520820,336130,0,,single
1790520821,337930,3,,single
1790520823,338390,8,,single
1790520824,339200,8,,single
1790520826,339340,329,,single
1790520827,339600,1,,single
1790520829,340000,1,,single
1790520830,340150,1,,single
1790520831,340490,9,,single
1790520833,341500,0,,single
1790520834,342180,11,,single
1790520836,342380,0,,single
1790520837,342980,0,,single
1790520839,343710,1,,single
1790520840,344740,0,,single
1790520842,344850,6,,single
1790520843,345240,96,,single
1790520845,345330,0,,single
1790520846,345370,45,,single
1790520848,345610,10,,single
1790520849,345820,10,,single
1790520851,346250,0,,single
1790520852,346850,22,,single
1790520853,347430,0,,single
1790520855,347600,9,,single
1790520856,347800,10,,single
1790520858,348200,22,,single
1790520859,348510,2,,single
1790520860,349730,1,,single
1790520862,350640,38,,single
1790520863,350910,1,,single
1790520865,351090,7,,single
1790520866,351290,0,,single
1790520868,351800,0,,single
1790520869,352550,2,,single
1790520871,353270,13,,single
1790520872,353540,11,,single
1790520873,354200,6,,single
1790520875,354380,17,,single
1790520876,355170,2,,single
1790520878,355800,5,,single
1790520879,356040,69,,single
1790520881,356190,2803,,single
1790520882,356650,45,,single
1790520883,357300,1,,single
1790520885,357340,2,,single
1790520886,358750,0,,single
1790520888,359100,2,,single
1790520889,359390,88,,single
1790520891,359840,43,,single
1790520892,360170,42,,single
1790520893,360730,0,,single
1790520895,360940,0,,single
1790520896,362490,114,,single
1790520898,363150,657,,single
1790520899,363440,86,,single
1790520900,363860,0,,single
1790520902,364420,3,,single
1790520903,365070,0,,single
1790520905,365960,330,,single
1790520906,366240,5,,single
1790520908,366320,3,,single
1790520909,367120,0,,single
1790520911,368070,230,,single
1790520912,368360,28,,single
1790520914,368730,3,,single
1790520915,368950,1,,single
1790520917,369110,0,,single
1790520918,370020,4,,single
1790520919,371180,1,,single
1790520921,371420,0,,single
1790520922,372000,217,,single
1790520924,374030,1,,single
1790520925,375460,8,,single
1790520927,375910,158,,single
1790520928,376680,55,,single
1790520930,377300,106,,single
1790520931,377680,3,,single
1790520932,378540,74,,single
1790520934,378760,198,,single
1790520935,379430,6684,,single
1790520937,380360,4,,single
1790520938,381210,65277,,single
1790520940,382140,36,,single
1790520943,382900,15,,single
1790520944,383150,347,,single
1790520946,383270,22,,single
1790520947,384110,41,,single
1790520949,384490,2,,single
1790520950,385330,1,,single
1790520952,385560,4,,single
1790520953,385760,63,,single
1790520954,386590,0,,single
1790520956,387860,1,,single
1790520957,387990,5337,,single
1790520959,388800,3,,single
1790520960,389510,7,,single
1790520962,390290,12,,single
1790520963,390560,3,,single
1790520965,391040,24,,single
1790520966,391460,0,,single
1790520967,392950,19,,single
1790520969,393200,0,,single
1790520970,393520,5,,single
1790520972,394160,8,,single
1790520973,394760,4,,single
1790520975,395520,0,,single
1790520976,396480,5,,single
1790520978,397270,1,,single
1790520979,397900,680,,single
1790520980,400020,0,,single
1790520982,400080,24,,single
1790520983,400160,2,,single
1790520985,400450,3,,single
1790520986,400750,10543,,single
1790520988,401190,1,,single
1790520990,402130,9,,single
1790520991,402310,0,,single
1790520993,402430,4,,single
1790520994,402710,7,,single
1790520995,403180,5,,single
1790520997,404590,5,,single
1790520998,404680,10,,single
1790521000,407330,6,,single
1790521001,408120,0,,single
1790521003,408930,1,,single
1790521004,409100,0,,single
1790521006,409670,0,,single
1790521007,409870,11,,single
1790521008,410710,3,,single
1790521010,411000,3,,single
1790521011,411370,19,,single
1790521013,411970,5,,single
1790521014,412450,0,,single
1790521016,414530,0,,single
1790521017,414870,3,,single
1790521019,415600,108,,single
1790521020,416590,3,,single
1790521022,416690,0,,single
1790521023,417290,14,,single
1790521025,418620,2,,single
1790521026,420110,19,,single
1790521028,420790,65,,single
1790521029,421170,8,,single
1790521030,422510,2,,single
1790521032,422910,16,,single
1790521033,423580,73,,single
1790521035,423950,3,,single
1790521036,426000,42,,single
1790521038,427100,180,,single
1790521039,427290,268,,single
1790521041,427510,13,,single
1790521042,427880,1,,single
1790521044,428690,40,,single
1790521045,429300,0,,single
1790521046,429660,65,,single
1790521048,431940,2,,single
1790521049,432010,0,,single
1790521051,433100,0,,single
1790521052,433280,36,,single
1790521054,433530,17,,single
1790521055,434050,77,,single
1790521057,434420,0,,single
1790521058,434570,39,,single
1790521059,434730,2,,single
1790521061,435300,0,,single
1790521062,436180,7,,single
1790521064,436520,7,,single
1790521065,437220,0,,single
1790521067,437630,1,,single
1790521068,438680,6,,single
1790521069,439340,3,,single
1790521071,440630,1,,single
1790521072,440900,8520,,single
1790521074,441790,1,,single
1790521075,441870,3,,single
1790521077,442080,2,,single
1790521078,442780,2,,single
1790521079,443580,0,,single
1790521081,444250,0,,single
1790521082,444940,30,,single
1790521084,445980,96,,single
1790521085,446150,1,,single
1790521087,448370,1,,single
1790521088,449540,2,,single
1790521090,449960,7,,single
1790521091,451760,3,,single
1790521092,452060,42,,single
1790521094,452510,1,,single
1790521095,453890,0,,single
1790521097,454250,4,,single
1790521098,455980,18,,single
1790521100,458750,492,,single
1790521101,459820,739,,single
1790521102,460430,3,,single
1790521104,460790,198,,single
1790521105,461040,44,,single
1790521107,461640,0,,single
1790521108,461870,1,,single
1790521110,462780,269,,single
1790521111,462960,9,,single
1790521113,463270,3,,single
1790521114,464340,40,,single
1790521115,464880,11,,single
1790521117,465240,39,,single
1790521118,465650,7,,single
1790521120,465780,0,,single
1790521121,466500,1,,single
1790521123,467360,0,,single
1790521124,468700,3,,single
1790521126,469790,0,,single
1790521127,469920,12,,single
1790521128,471010,8,,single
1790521130,471660,3,,single
1790521131,473690,39,,single
1790521133,476530,15,,single
1790521134,477730,9,,single
1790521136,484900,16,,single
1790521137,485380,6,,single
1790521139,485510,810,,single
1790521140,486780,12,,single
1790521141,487120,14,,single
1790521143,487700,2,,single
1790521144,488440,0,,single
1790521146,489360,5,,single
1790521147,490220,10,,single
1790521149,493200,6,,single
1790521150,493490,918,,single
1790521152,493540,7,,single
1790521153,495050,50,,single
1790521154,495910,109,,single
1790521156,496300,93,,single
1790521157,496620,3,,single
1790521159,498330,1,,single
1790521160,500260,4,,single
1790521162,502280,18,,single
1790521163,502800,15,,single
1790521164,503300,2,,single
1790521166,503580,2,,single
1790521167,504050,7,,single
1790521169,504770,1,,single
1790521170,505630,1,,single
1790521172,505730,2,,single
1790521173,506140,62,,single
1790521175,509220,1,,single
1790521176,510420,13,,single
1790521177,510510,3,,single
1790521179,511740,9,,single
1790521180,512490,0,,single
1790521182,513290,1,,single
1790521183,513710,12416,,single
1790521184,514900,3,,single
1790521186,515040,1,,single
1790521187,515960,8,,single
1790521189,518920,9,,single
1790521190,519190,3,,single
1790521192,520440,60,,single
1790521193,520950,7,,single
1790521194,521890,555,,single
1790521196,523000,16,,single
1790521198,523650,5,,single
1790521199,524580,11,,single
1790521200,525680,7,,single
1790521202,526160,21,,single
1790521203,527100,4,,single
1790521205,527450,2,,single
1790521206,528550,4,,single
1790521208,529180,32,,single
1790521209,529590,4,,single
1790521210,529780,0,,single
1790521212,530390,3,,single
1790521213,530890,20,,single
1790521215,532210,229,,single
1790521216,533540,5,,single
1790521217,534380,8281,,single
1790521219,535480,6,,single
1790521220,536270,271,,single
1790521222,536930,1,,single
1790521223,537340,6,,single
1790521225,538030,274,,single
1790521226,540610,4,,single
1790521228,541670,18,,single
1790521231,543460,82,,single
1790521232,544730,994,,single
1790521234,545540,2,,single
1790521235,546050,29,,single
1790521237,546390,0,,single
1790521238,547680,3,,single
1790521240,549260,2,,single
1790521243,550650,290,,single
1790521245,551170,965,,single
1790521246,552590,6,,single
1790521248,552700,30,,single
1790521249,554510,0,,single
1790521250,555210,0,,single
1790521252,555570,292,,single
1790521253,556180,0,,single
1790521255,557400,25,,single
1790521256,559100,26,,single
1790521258,559680,10,,single
1790521259,560170,3,,single
1790521261,562230,1,,single
1790521262,564230,91,,single
1790521264,566190,0,,single
1790521265,566540,25,,single
1790521267,567380,2,,single
1790521269,568570,7,,single
1790521270,570460,0,,single
1790521272,571880,1,,single
1790521273,574090,12,,single
1790521275,574760,5,,single
1790521276,575640,1,,single
1790521278,577480,22,,single
1790521279,578620,22,,single
1790521281,578900,2,,single
1790521282,579840,2,,single
1790521284,581270,2,,single
1790521285,582160,3840,,single
1790521286,582890,0,,single
1790521288,585550,2,,single
1790521289,585840,0,,single
1790521291,586200,47,,single
1790521292,586980,2,,single
1790521294,587110,14,,single
1790521295,587520,46,,single
1790521297,588190,6,,single
1790521298,588430,1925,,single
1790521300,589360,125,,single
1790521301,589530,65,,single
1790521302,591370,18,,single
1790521304,591960,48,,single
1790521305,594130,3,,single
1790521307,595690,13,,single
1790521308,598060,4,,single
1790521309,598700,36,,single
1790521311,600750,214,,single
1790521312,601150,1600,,single
1790521314,601810,2,,single
1790521315,602770,3,,single
1790521316,604490,0,,single
1790521318,604540,67,,single
1790521319,606230,36,,single
1790521321,606710,7,,single
1790521322,606880,159,,single
1790521324,607260,74,,single
1790521325,608800,1,,single
1790521326,609490,4,,single
1790521328,610080,412,,single
1790521329,611670,278,,single
1790521330,612020,88,,single
1790521332,612470,35,,single
1790521333,612720,56,,single
1790521335,613190,0,,single
1790521336,616560,30,,single
1790521337,617290,1942,,single
1790521339,618720,1,,single
1790521340,619290,9,,single
1790521342,619780,8,,single
1790521343,620190,4,,single
1790521345,621220,3,,single
1790521346,622440,5,,single
1790521347,622720,10,,single
1790521349,624970,29,,single
1790521350,626680,1,,single
1790521352,628670,14,,single
1790521353,629090,3,,single
1790521355,629690,3,,single
1790521356,629910,24,,single
1790521358,630310,3,,single
1790521359,632350,5,,single
1790521360,633360,27,,single
1790521362,635730,0,,single
1790521363,636970,3,,single
1790521365,637100,16,,single
1790521366,637670,45,,single
1790521367,638490,15,,single
1790521369,638850,1,,single
1790521370,639790,0,,single
1790521372,640380,45,,single
1790521373,641780,37,,single
1790521375,644570,5,,single
1790521376,644930,3149,,single
1790521377,646200,0,,single
1790521379,649640,7,,single
1790521380,650000,3,,single
1790521382,650510,9,,single
1790521383,651660,3,,single
1790521384,652410,0,,single
1790521386,654990,1,,single
1790521387,657200,24,,single
1790521389,658620,36,,single
1790521390,661130,22,,single
1790521391,664430,1,,single
1790521393,665180,1,,single
1790521394,667610,29,,single
1790521396,668580,6211,,single
1790521397,669950,0,,single
1790521399,670290,726,,single
1790521400,671970,20,,single
1790521401,672680,346,,single
1790521403,673210,3,,single
1790521404,674020,8,,single
1790521406,674750,33,,single
1790521407,677340,32,,single
1790521408,678900,46,,single
1790521410,681660,1,,single
1790521411,683900,296,,single
1790521413,684580,1,,single
1790521414,685240,7,,single
1790521415,686680,8,,single
1790521417,687260,1,,single
1790521418,688060,7,,single
1790521420,689580,26,,single
1790521421,690640,187,,single
1790521423,690830,1290,,single
1790521424,691690,11,,single
1790521425,692850,308,,single
1790521427,694720,0,,single
1790521428,695920,2,,single
1790521430,696370,7,,single
1790521431,698640,9,,single
1790521433,698780,856,,single
1790521434,699920,14,,single
1790521435,700330,6708,,single
1790521437,702670,37,,single
1790521438,703860,26,,single
1790521440,705210,1526,,single
1790521441,706990,17,,single
1790521442,707030,49,,single
1790521444,710920,202,,single
1790521445,711810,5,,single
1790521447,714120,24,,single
1790521448,716350,8,,single
1790521450,717560,1,,single
1790521451,718650,2,,single
1790521453,719040,421,,single
1790521454,720280,1,,single
1790521455,722230,2,,single
1790521457,723090,11,,single
1790521458,726360,12,,single
1790521460,726840,44,,single
1790521461,728240,7,,single
1790521463,728730,44,,single
1790521464,730390,6,,single
1790521466,732810,1,,single
1790521467,735850,0,,single
1790521468,736820,568,,single
1790521470,738520,714,,single
1790521471,738540,115,,single
1790521473,740130,385,,single
1790521474,742300,47,,single
1790521475,743890,114,,single
1790521477,744060,2,,single
1790521478,746510,2,,single
1790521480,747340,0,,single
1790521481,747360,1,,single
1790521482,750130,119,,single
1790521484,752480,4,,single
1790521485,753590,0,,single
1790521487,753930,1,,single
1790521488,754890,5,,single
1790521490,755800,110,,single
1790521491,757130,0,,single
1790521492,757310,30,,single
1790521494,758480,1,,single
1790521495,761460,7,,single
1790521497,764300,8,,single
1790521498,765710,0,,single
1790521500,766570,22880,,single
1790521501,767930,2,,single
1790521502,768520,14,,single
1790521504,770390,1,,single
1790521505,773670,1,,single
1790521507,774171,1976,,single
1790521509,774351,3,,single
1790521510,774541,2,,single
1790521512,775940,0,,single
1790521513,777130,223,,single
1790521515,779290,7,,single
1790521516,779590,0,,single
1790521517,781440,0,,single
1790521519,785260,12,,single
1790521520,787070,1,,single
1790521522,787980,4,,single
1790521523,788260,0,,single
1790521525,788690,0,,single
1790521526,790060,26,,single
1790521528,792220,3,,single
1790521529,794260,361,,single
1790521530,794600,339,,single
1790521532,798420,32,,single
1790521533,798810,1,,single
1790521535,802890,45,,single
1790521536,803980,1,,single
1790521538,804490,6,,single
1790521539,806510,0,,single
1790521540,809140,40,,single
1790521542,809890,6,,single
1790521545,812810,1,,single
1790521546,814480,49,,single
1790521548,814680,1,,single
1790521549,817130,13,,single
1790521550,819500,0,,single
1790521552,821880,64,,single
1790521553,822930,0,,single
1790521555,824070,0,,single
1790521556,825310,0,,single
1790521558,826940,5,,single
1790521559,830370,0,,single
1790521560,831560,186,,single
1790521562,834530,68,,single
1790521563,836450,6,,single
1790521565,838350,1807,,single
1790521566,839310,4,,single
1790521568,841770,3,,single
1790521570,842910,4,,single
1790521571,844660,1,,single
1790521572,844930,4,,single
1790521574,846870,6,,single
1790521575,849740,2,,single
1790521577,851890,12,,single
1790521578,854940,3,,single
1790521579,857980,7,,single
1790521581,859570,8,,single
1790521582,862800,6,,single
1790521584,863550,207,,single
1790521585,865680,14,,single
1790521587,868020,10,,single
1790521588,869880,2,,single
1790521589,871930,6,,single
1790521591,872410,6971,,single
1790521592,877010,14,,single
1790521594,877810,0,,single
1790521595,878750,11,,single
1790521597,879510,6,,single
1790521598,882100,97,,single
1790521599,883860,313,,single
1790521601,886250,95,,single
1790521602,887490,5,,single
1790521604,889480,0,,single
1790521605,889910,8,,single
1790521606,893050,4,,single
1790521608,893680,18,,single
1790521609,896890,2,,single
1790521611,897220,35,,single
1790521612,899310,2,,single
1790521614,900010,3,,single
1790521615,903950,52,,single
1790521617,906100,16,,single
1790521618,909320,3,,single
1790521620,910830,6,,single
1790521621,911430,16,,single
1790521623,914620,118,,single
1790521624,914750,6,,single
1790521625,915810,3,,single
1790521627,917950,17,,single
1790521629,919360,3,,single
1790521630,920210,655,,single
1790521632,921590,25,,single
1790521633,922500,5,,single
1790521635,924140,10,,single
1790521636,924970,1287,,single
1790521637,927250,0,,single
1790521639,927380,45,,single
1790521640,927990,0,,single
1790521642,929010,7,,single
1790521643,931690,0,,single
1790521645,933110,6461,,single
1790521646,934700,1376,,single
1790521648,935400,1,,single
1790521649,938380,43,,single
1790521650,939520,25,,single
1790521652,939960,792,,single
1790521653,942140,1,,single
1790521655,944220,2,,single
1790521656,945710,3,,single
1790521657,947300,6,,single
1790521659,952040,84,,single
1790521660,952070,27,,single
1790521662,953580,24,,single
1790521663,954740,108,,single
1790521665,955050,8,,single
1790521666,956450,11,,single
1790521668,957960,10,,single
1790521669,959520,1,,single
1790521671,962580,2,,single
1790521672,964650,0,,single
1790521673,967460,2,,single
1790521675,968870,5,,single
1790521676,970570,66,,single
1790521678,970960,24,,single
1790521679,976310,1841,,single
1790521681,977720,3,,single
1790521682,978270,0,,single
1790521683,979070,52,,single
1790521685,980940,4,,single
1790521686,983970,15,,single
1790521688,984560,0,,single
1790521689,984800,10,,single
1790521690,989690,11,,single
1790521692,991260,5,,single
1790521693,991560,14,,single
1790521695,992300,136,,single
1790521696,992910,2,,single
1790521698,994220,2,,single
1790521699,994730,108,,single
1790521701,996770,140,,single
1790521702,999020,64,,single
1790521704,1000010,13,,single
1790521705,1000760,7,,single
1790521707,1004240,0,,single
1790521708,1004770,18,,single
1790521710,1009290,32,,single
1790521711,1011510,129,,single
1790521713,1012610,2,,single
1790521714,1015140,0,,single
1790521716,1015930,2,,single
1790521717,1016800,84,,single
1790521719,1017100,158,,single
1790521720,1018020,4,,single
1790521722,1022450,1266,,single
1790521723,1025600,478,,single
1790521725,1026680,295,,single
1790521726,1029210,38,,single
1790521728,1029890,14,,single
1790521729,1030830,887,,single
1790521730,1031120,27,,single
1790521732,1032430,39,,single
1790521734,1034900,1,,single
1790521735,1035990,7,,single
1790521736,1038740,5,,single
1790521738,1040550,0,,single
1790521739,1041720,357,,single
1790521741,1042380,10,,single
1790521742,1042780,6,,single
1790521744,1043180,0,,single
1790521745,1045720,17,,single
1790521746,1046820,4,,single
1790521748,1048100,90,,single
1790521749,1049400,0,,single
1790521751,1049890,9,,single
1790521752,1056600,0,,single
1790521754,1056840,4,,single
1790521755,1057640,36,,single
1790521756,1062000,0,,single
1790521758,1062960,8,,single
1790521759,1063730,575,,single
1790521761,1064340,11,,single
1790521762,1067600,0,,single
1790521763,1069530,3,,single
1790521765,1070910,20,,single
1790521766,1072390,11,,single
1790521768,1077290,3,,single
1790521769,1079620,0,,single
1790521771,1082680,0,,single
1790521772,1086640,1,,single
1790521773,1086940,67971,,single
1790521775,1088090,236,,single
1790521776,1088710,69,,single
1790521778,1090630,8,,single
1790521779,1091980,12,,single
1790521781,1094030,1,,single
1790521782,1096200,1,,single
1790521784,1096570,3,,single
1790521785,1097200,21,,single
1790521786,1097580,24,,single
1790521788,1098770,0,,single
1790521789,1100410,61,,single
1790521791,1101450,5,,single
1790521792,1103210,9,,single
1790521794,1104330,28,,single
1790521795,1105420,529,,single
1790521797,1105510,242,,single
1790521798,1106530,121,,single
1790521799,1107320,36,,single
1790521801,1108000,6,,single
1790521802,1110050,1,,single
1790521804,1110910,91,,single
1790521805,1111370,3,,single
1790521807,1112790,27,,single
1790521808,1113560,507,,single
1790521809,1115690,106,,single
1790521811,1118240,59,,single
1790521812,1119700,10,,single
1790521814,1121420,2,,single
1790521815,1121910,5,,single
1790521817,1124260,8,,single
1790521818,1125510,13,,single
1790521820,1127980,6,,single
1790521821,1128810,2303,,single
1790521822,1129920,0,,single
1790521824,1131240,0,,single
1790521825,1133120,1,,single
1790521827,1133870,920,,single
1790521828,1135240,2,,single
1790521830,1136160,13,,single
1790521831,1136380,27,,single
1790521833,1138640,9,,single
1790521834,1140890,2,,single
1790521836,1141220,13,,single
1790521837,1142100,1,,single
1790521839,1546920,2,,single
1790521841,1145960,36,,single
1790521842,1146510,3,,single
1790521844,1147510,0,,single
1790521845,1150080,5,,single
1790521846,1150530,51,,single
1790521848,1151340,9880,,single
1790521849,1155650,4,,single
1790521851,1158420,8,,single
1790521852,1159660,0,,single
1790521853,1160920,9,,single
1790521855,1162680,1,,single
1790521856,1164390,0,,single
1790521858,1164850,7,,single
1790521859,1168880,4,,single
1790521860,1170950,362,,single
1790521862,1171690,275,,single
1790521863,1173200,8,,single
1790521865,1173780,143,,single
1790521866,1175360,1,,single
1790521868,1175880,2,,single
1790521869,1178780,1,,single
1790521870,1178880,3,,single
1790521872,1180030,0,,single
1790521873,1181400,1,,single
1790521875,1182370,3,,single
1790521876,1184050,73,,single
1790521878,1184370,4234,,single
1790521879,1184790,2,,single
1790521881,1188680,0,,single
1790521882,1189630,72,,single
1790521884,1190150,11,,single
1790521885,1191630,10,,single
1790521886,1194840,4,,single
1790521888,1196090,44,,single
1790521889,1196590,3311,,single
1790521891,1200860,1,,single
1790521892,1203420,1,,single
1790521894,1203930,23,,single
1790521895,1206060,6,,single
1790521897,1208260,3,,single
1790521898,1209040,0,,single
1790521900,1212620,4,,single
1790521901,1213750,0,,single
1790521903,1216060,9,,single
1790521904,1218280,8,,single
1790521905,1218740,62,,single
1790521907,1220150,6,,single
1790521908,1222670,34728,,single
1790521910,1222700,1161,,single
1790521911,1224600,4,,single
1790521913,1225570,333,,single
1790521914,1226510,5,,single
1790521915,1227890,827,,single
1790521917,1229460,1,,single
1790521918,1230530,80,,single
1790521920,1233260,19,,single
1790521921,1234520,0,,single
1790521923,1235140,864,,single
1790521924,1236990,0,,single
1790521925,1238000,507,,single
1790521927,1238040,247,,single
1790521928,1238810,6978,,single
1790521930,1238860,1463,,single
1790521931,1239520,12,,single
1790521933,1243830,1019,,single
1790521934,1245430,4,,single
1790521936,1249130,2,,single
1790521937,1249880,0,,single
1790521939,1250790,66,,single
1790521940,1252600,94,,single
1790521941,1253870,0,,single
1790521943,1254120,284,,single
1790521944,1255560,23,,single
1790521946,1256230,2,,single
1790521947,1258040,0,,single
1790521949,1259790,249,,single
1790521950,1261040,34,,single
1790521952,1263550,88,,single
1790521953,1265780,6,,single
1790521954,1265930,85,,single
1790521956,1266700,62,,single
1790521957,1268590,36,,single
1790521959,1269300,6,,single
1790521960,1269710,4,,single
1790521962,1271700,56,,single
1790521963,1274290,2,,single
1790521964,1275630,0,,single
1790521966,1276760,312,,single
1790521967,1277920,5,,single
1790521969,1278060,209,,single
1790521970,1281270,1,,single
1790521972,1282210,6,,single
1790521973,1282690,14,,single
1790521975,1283230,30,,single
1790521976,1284410,761,,single
1790521977,1286880,532,,single
1790521979,1287840,68,,single
1790521980,1289310,79,,single
1790521982,1290330,14,,single
1790521983,1293160,33,,single
1790521984,1293820,50,,single
1790521986,1295900,26,,single
1790521987,1296510,1,,single
1790521989,1296830,693,,single
1790521990,1299120,1,,single
1790521992,1305080,44,,single
1790521993,1306630,21,,single
1790521995,1310410,41,,single
1790521996,1311070,6,,single
1790521997,1316230,39,,single
1790521999,1318090,1,,single
1790522000,1321450,19,,single
1790522002,1324340,32,,single
1790522003,1325200,1719,,single
1790522004,1325860,17613,,single
1790522006,1328670,3632,,single
1790522007,1330460,47,,single
1790522009,1333200,4,,single
1790522010,1334000,3,,single
1790522012,1334590,4,,single
1790522013,1336180,35,,single
1790522014,1341200,49,,single
1790522016,1344350,1,,single
1790522017,1346070,1,,single
1790522019,1349230,16,,single
1790522020,1353270,0,,single
1790522022,1355090,40,,single
1790522023,1357210,384,,single
1790522024,1358710,2,,single
1790522026,1361680,54,,single
1790522027,1367300,6,,single
1790522029,1368130,7,,single
1790522030,1368870,23,,single
1790522032,1369470,37,,single
1790522033,1371580,657,,single
1790522034,1371690,3,,single
1790522036,1372110,540,,single
1790522037,1373090,34,,single
1790522039,1373550,5,,single
1790522040,1374930,18,,single
1790522041,1375900,7,,single
1790522043,1377580,257,,single
1790522044,1380220,4,,single
1790522046,1381650,1,,single
1790522047,1384700,3,,single
1790522049,1388590,113,,single
1790522050,1389160,3,,single
1790522052,1391530,24,,single
1790522053,1394270,1,,single
1790522055,1397790,3,,single
1790522056,1401730,43,,single
1790522057,1402120,17,,single
1790522059,1403370,0,,single
1790522060,1406990,15,,single
1790522062,1412190,5,,single
1790522063,1413020,0,,single
1790522065,1415660,1,,single
1790522066,1417010,1,,single
1790522067,1419160,30,,single
1790522069,1420300,15,,single
1790522070,1421490,3,,single
1790522072,1424980,0,,single
1790522073,1425980,12,,single
1790522076,1428420,27,,single
1790522077,1428900,1,,single
1790522078,1430760,13,,single
1790522080,1432320,103,,single
1790522081,1433990,28,,single
1790522083,1437400,48,,single
1790522084,1439750,21,,single
1790522086,1443490,4,,single
1790522087,1444650,23,,single
1790522088,1448440,696,,single
1790522090,1451940,357,,single
1790522091,1454970,12,,single
1790522093,1456880,2,,single
1790522094,1457320,51,,single
1790522095,1465070,8,,single
1790522097,1465470,2412,,single
1790522098,1465860,1,,single
1790522100,1468810,4805,,single
1790522101,1472560,108,,single
1790522103,1474740,8,,single
1790522104,1477940,4,,single
1790522105,1479140,20,,single
1790522107,1480560,48,,single
1790522109,1482910,23,,single
1790522110,1484900,7,,single
1790522112,1487210,99,,single
1790522113,1488560,14,,single
1790522115,1490060,4,,single
1790522116,1491410,17,,single
1790522117,1492680,8,,single
1790522119,1493760,13,,single
1790522120,1494460,140,,single
1790522122,1496790,172,,single
1790522123,1498740,1,,single
1790522125,1502660,10,,single
1790522126,1504740,2,,single
1790522128,1506850,9,,single
1790522129,1508460,1,,single
1790522131,1515950,50,,single
1790522133,1517970,45,,single
1790522134,1519490,50,,single
1790522136,1529810,4,,single
1790522137,1530160,109,,single
1790522139,1532690,19,,single
1790522141,1536620,9,,single
1790522143,1538570,18,,single
1790522144,1543030,78,,single
1790522146,1544020,110,,single
1790522147,1548850,45,,single
1790522149,1549750,0,,single
1790522150,1550010,21,,single
1790522152,1551360,8314,,single
1790522153,1553120,2,,single
1790522155,1556100,8,,single
1790522156,1559680,2,,single
1790522157,1563180,68,,single
1790522159,1569200,6,,single
1790522160,1571940,2,,single
1790522162,1574240,60,,single
1790522163,1574270,3,,single
1790522165,1577120,648,,single
1790522166,1579880,11,,single
1790522167,1580780,55,,single
1790522169,1583230,166,,single
1790522170,1587540,6,,single
1790522172,1590840,16,,single
1790522173,1591290,11,,single
1790522175,1591530,27,,single
1790522176,1593030,547,,single
1790522178,1594060,2,,single
1790522179,1599340,6237,,single
1790522180,1602000,604,,single
1790522182,1607240,4,,single
1790522183,1608450,40,,single
1790522185,1609730,4,,single
1790522186,1611490,5,,single
1790522188,1612770,24,,single
1790522189,1618380,32,,single
1790522191,1619570,3,,single
1790522192,1621560,14,,single
1790522193,1622900,45,,single
1790522195,1623070,56,,single
1790522196,1627570,42,,single
1790522198,1632490,4,,single
1790522199,1635450,185,,single
1790522200,1639610,1,,single
1790522202,1641960,257,,single
1790522203,1643320,18044,,single
1790522205,1647160,8,,single
1790522206,1649080,492,,single
1790522207,1658290,19,,single
1790522209,1660840,9,,single
1790522211,1662210,21,,single
1790522213,1665500,2,,single
1790522214,1668520,41,,single
1790522215,1670870,25,,single
1790522217,1672310,1,,single
1790522218,1674780,7,,single
1790522220,1677350,89,,single
1790522221,1679210,7,,single
1790522223,1682050,8,,single
1790522224,1684410,2,,single
1790522225,1687950,12576,,single
1790522227,1691190,87,,single
1790522229,1692240,0,,single
1790522230,1694600,3,,single
1790522232,1695830,6,,single
1790522233,1697880,13,,single
1790522235,1702010,503,,single
1790522236,1703140,1,,single
1790522238,1707550,36,,single
1790522239,1708010,33,,single
1790522241,1708850,233,,single
1790522242,1711950,21,,single
1790522243,1713810,13,,single
1790522245,1714420,0,,single
1790522246,1715130,159,,single
1790522248,1716120,39,,single
1790522249,1721060,92,,single
1790522250,1722620,0,,single
1790522252,1726120,4,,single
1790522253,1729790,6,,single
1790522255,1732190,29,,single
1790522256,1734680,2,,single
1790522258,1740930,4,,single
1790522259,1742930,3,,single
1790522261,1748390,10,,single
1790522262,1755100,8,,single
1790522263,1760250,25,,single
1790522265,1762270,0,,single
1790522266,1765780,3,,single
1790522268,1766060,1988,,single
1790522269,1774580,2163,,single
1790522271,1777620,57,,single
1790522272,1778840,49,,single
1790522274,1782210,1473,,single
1790522275,1785650,283,,single
1790522276,1794960,92,,single
1790522278,1801110,141,,single
1790522279,1805480,160,,single
1790522281,1809700,272,,single
1790522282,1812450,2534,,single
1790522284,1814170,20,,single
1790522285,1823950,22,,single
1790522286,1834920,3,,single
1790522288,1837480,23,,single
1790522289,1840080,34,,single
1790522291,1843310,6,,single
1790522292,1845910,770,,single
1790522294,1849790,11,,single
1790522295,1850550,0,,single
1790522297,1850960,17,,single
1790522298,1856030,19,,single
1790522299,1857090,382,,single
1790522301,1861610,35,,single
1790522302,1867530,2,,single
1790522304,1872680,4,,single
1790522305,1874000,135,,single
1790522307,1878740,0,,single
1790522308,1881700,222,,single
1790522310,1888930,6479,,single
1790522311,1893620,1,,single
1790522313,1895880,216,,single
1790522314,1901200,1,,single
1790522315,1902690,77,,single
1790522317,1911360,5,,single
1790522318,1915380,46,,single
1790522320,1918040,46,,single
1790522321,1922010,3,,single
1790522323,1924430,3,,single
1790522324,1926520,12,,single
1790522325,1928870,26,,single
1790522327,1931010,26,,single
1790522328,1933660,103,,single
1790522330,1937780,53,,single
1790522331,1940340,1033,,single
1790522333,1944240,2,,single
1790522334,1947070,0,,single
1790522335,1948800,680,,single
1790522337,1949030,52,,single
1790522338,1954160,16,,single
1790522340,1954750,0,,single
1790522341,1959350,0,,single
1790522343,1960270,39,,single
1790522344,1963210,10,,single
1790522346,1968340,5,,single
1790522347,1975360,5,,single
1790522349,1975580,34,,single
1790522350,1981820,32,,single
1790522352,1983990,3,,single
1790522353,1985810,918,,single
1790522355,1987080,453,,single
1790522356,1990050,7,,single
1790522357,1995520,933,,single
1790522359,1997660,31,,single
1790522360,2000890,107,,single
1790522362,2004080,20,,single
1790522363,2005160,20,,single
1790522365,2008980,4,,single
1790522366,2012190,16,,single
1790522368,2013360,38,,single
1790522369,2020710,15,,single
1790522371,2022180,9,,single
1790522372,2023360,2,,single
1790522373,2026870,0,,single
1790522375,2052410,313,,single
1790522376,2055290,7,,single
1790522378,2059530,23,,single
1790522379,2071500,50,,single
1790522381,2075720,65,,single
1790522382,2078230,33,,single
1790522383,2085370,43,,single
1790522385,2089350,11,,single
1790522386,2095340,7,,single
1790522388,2102520,1,,single
1790522389,2106670,81,,single
1790522391,2109460,52,,single
1790522392,2113570,0,,single
1790522393,2121980,45,,single
1790522395,2124490,1531,,single
1790522396,2131680,39,,single
1790522398,2138610,75,,single
1790522399,2140020,278,,single
1790522400,2142680,7,,single
1790522402,2157560,545,,single
1790522403,2160480,0,,single
1790522405,2176130,84,,single
1790522406,2179380,36,,single
1790522407,2187220,507,,single
1790522409,2193540,53,,single
1790522411,2198070,16,,single
1790522412,2201940,566,,single
1790522414,2204130,64,,single
1790522415,2213120,4,,single
1790522416,2215260,7,,single
1790522418,2217580,11,,single
1790522419,2223840,20,,single
1790522421,2230110,84,,single
1790522422,2235020,7,,single
1790522423,2240790,0,,single
1790522425,2249160,6,,single
1790522426,2254890,310,,single
1790522428,2259260,10,,single
1790522429,2262770,15,,single
1790522431,2275020,17,,single
1790522432,2280350,23,,single
1790522434,2286390,5,,single
1790522435,2287330,11,,single
1790522437,2289450,770,,single
1790522438,2292650,11,,single
1790522440,2302990,108,,single
1790522441,2311190,9,,single
1790522442,2315400,25,,single
1790522444,2315690,82,,single
1790522445,2319640,9,,single
1790522448,2334170,20,,single
1790522449,2336720,2,,single
1790522451,2340520,121,,single
1790522452,2344520,48460,,single
1790522454,2348120,21,,single
1790522455,2355150,9,,single
1790522456,2367820,0,,single
1790522458,2371630,102,,single
1790522459,2382520,46,,single
1790522460,2384620,96,,single
1790522462,2389570,1,,single
1790522463,2393160,37,,single
1790522465,2396980,188,,single
1790522466,2400430,23,,single
1790522467,2401410,46,,single
1790522469,2405060,44,,single
1790522470,2407270,576,,single
1790522472,2414270,108,,single
1790522473,2427410,293,,single
1790522474,2427430,215,,single
1790522476,2429860,206,,single
1790522477,2435960,0,,single
1790522479,2438680,29,,single
1790522480,2440510,480,,single
1790522482,2445690,5346,,single
1790522483,2446550,23,,single
1790522484,2449040,3,,single
1790522486,2454890,0,,single
1790522487,2457220,435,,single
1790522489,2458560,9,,single
1790522490,2464530,65,,single
1790522491,2473480,32,,single
1790522493,2478970,354,,single
1790522494,2488510,5,,single
1790522496,2490990,80,,single
1790522497,2495450,449,,single
1790522498,2498570,42,,single
1790522500,2510960,57,,single
1790522501,2518630,6,,single
1790522503,2521600,11,,single
1790522504,2529170,12,,single
1790522506,2530490,95,,single
1790522507,2537590,8452,,single
1790522508,2545360,17,,single
1790522510,2561270,15,,single
1790522511,2731870,2,,single
1790522513,2599270,4,,single
1790522514,2607060,75,,single
1790522516,2616460,79,,single
1790522517,2619650,107,,single
1790522518,2622380,25246,,single
1790522520,2625420,815,,single
1790522521,2631250,4,,single
1790522523,2647680,97,,single
1790522524,2663530,25,,single
1790522526,2668430,81,,single
1790522527,2669380,81,,single
1790522528,2680010,1027,,single
1790522530,2682580,17,,single
1790522531,2689120,311,,single
1790522533,2693060,6,,single
1790522534,2695940,144,,single
1790522535,2700780,4,,single
1790522537,2707490,56,,single
1790522538,2719940,116,,single
1790522540,2726490,57,,single
1790522541,2735870,3,,single
1790522542,2745870,13,,single
1790522544,2747770,5,,single
1790522545,2750000,45,,single
1790522547,2757330,7,,single
1790522548,2767520,231,,single
1790522550,2772990,40,,single
1790522551,2786680,42,,single
1790522552,2790330,4,,single
1790522554,2796180,12,,single
1790522555,2820820,209,,single
1790522556,2823080,0,,single
1790522558,2828500,188,,single
1790522559,2840770,2015,,single
1790522561,2849680,30,,single
1790522562,2854740,25,,single
1790522563,2870710,11,,single
1790522565,2880730,289,,single
1790522566,2897700,81,,single
1790522568,2904000,2298,,single
1790522569,2918150,1606,,single
1790522570,2920570,25,,single
1790522572,2922410,59,,single
1790522573,2934190,5,,single
1790522575,2943280,45,,single
1790522576,2952470,10,,single
1790522577,2958970,9,,single
1790522579,2967320,4,,single
1790522580,2996040,147,,single
1790522582,3009850,9,,single
1790522583,3011440,0,,single
1790522585,3021100,60,,single
1790522586,3036080,160,,single
1790522587,3059070,218,,single
1790522589,3062930,1,,single
1790522590,3083300,94,,single
1790522592,3111080,2,,single
1790522593,3123410,176,,single
1790522594,3147430,7,,single
1790522596,3151380,112,,single
1790522597,3179730,86,,single
1790522599,3184110,22,,single
1790522600,3205080,4,,single
1790522601,3213850,2094,,single
1790522603,3226750,2,,single
1790522605,3240220,73508,,single
1790522607,3258290,105,,single
1790522608,3311740,9,,single
1790522610,3314070,1538,,single
1790522611,3339780,7,,single
1790522613,3400000,72,,single
1790522614,3404470,203,,single
1790522615,3435260,12,,single
1790522617,3453600,49,,single
1790522618,3511030,2980,,single
1790522620,3580580,21,,single
1790522621,1859910,788,,single
1790522622,1241100,175,,single
1790522624,583950,10256,,single
1790522625,1504570,7,,single
1790522627,9200,87,,single
1790522628,2901520,40,,single
1790522629,1162520,484,,single
1790522631,882790,28,,single
1790522632,1249800,4,,single
1790522634,2361680,95,,single
1790522635,2458530,243,,single
1790522637,298240,10,,single
1790522638,1239020,53,,single
1790522640,2190290,201,,single
1790522641,615530,20,,single
1790522643,1506980,18,,single
1790522644,2201710,15,,single
1790522646,2128940,108,,single
1790522647,1008710,1,,single
1790522649,1829980,174,,single
1790522650,287630,15,,single
1790522652,1393350,4,,single
1790522653,1737340,21,,single
1790522654,724970,5,,single
1790522656,703700,7,,single
1790522657,378370,3,,single
1790522659,104200,2,,single
1790522660,2696050,94,,single
1790522662,1051310,24,,single
1790522663,862690,3,,single
1790522665,2106520,38,,single
1790522666,1002560,10,,single
1790522667,3358510,140,,single
1790522669,1146970,5,,single
1790522670,1213300,44,,single
1790522672,308420,0,,single
1790522673,1230410,0,,single
1790522675,577230,75,,single
1790522676,3094010,152,,single
1790522677,244710,0,,single
1790522679,880950,3,,single
1790522680,3433810,7,,single
1790522682,1069230,5,,single
1790522683,616720,368,,single
1790522684,3167180,13,,single
1790522686,1672670,4,,single
1790522687,976800,0,,single
1790522688,722960,5,,single
1790522690,3109580,141,,single
1790522691,743640,3,,single
1790522693,919370,9,,single
1790522694,851800,1,,single
1790522696,2190220,85,,single
1790522697,1566390,35,,single
1790522698,1191210,1,,single
1790522700,1310990,7,,single
1790522701,1993150,74,,single
1790522703,570770,25,,single
1790522704,907470,0,,single
1790522706,1016600,8,,single
1790522707,1939560,10,,single
1790522708,1786790,190,,single
1790522710,1540150,12,,single
1790522711,600090,8,,single
1790522713,650760,82,,single
1790522714,3099660,15,,single
1790522716,1256610,3,,single
1790522717,1429500,15,,single
1790522718,1078350,95,,single
1790522720,278890,6,,single
1790522721,2074800,487,,single
1790522723,1817940,2,,single
1790522724,552280,0,,single
1790522726,779640,8,,single
1790522727,241910,25,,single
1790522729,1325400,22,,single
1790522730,939600,0,,single
1790522732,588690,4,,single
1790522734,1662840,1,,single
1790522735,1918680,12,,single
1790522737,400240,1,,single
1790522738,2930120,1,,single
1790522740,2399220,116,,single
1790522743,280180,1,,single
1790522744,740260,1,,single
1790522746,1517960,4,,single
1790522747,1510030,4,,single
1790522749,1801650,7,,single
1790522751,1782570,5,,single
1790522752,1562260,1,,single
1790522754,1025250,32,,single
1790522755,2285550,1671,,single
1790522757,1193340,1,,single
1790522758,791330,9,,single
1790522759,2663950,56,,single
1790522761,1277940,32,,single
1790522762,1012030,32,,single
1790522764,2695270,5,,single
1790522765,665090,0,,single
1790522767,1604380,38,,single
1790522768,1109460,4,,single
1790522770,2986260,7,,single
1790522771,2141690,9,,single
1790522773,485310,2,,single
1790522774,500710,14,,single
1790522775,2873760,0,,single
1790522777,638990,6,,single
1790522778,2226700,32,,single
1790522780,715510,9,,single
1790522781,593200,0,,single
1790522783,599460,19,,single
1790522784,10270,57,,single
1790522785,2581050,12,,single
1790522787,551770,2,,single
1790522788,3066570,37,,single
1790522790,588970,0,,single
1790522791,1449070,8,,single
1790522793,1097420,10,,single
1790522794,1011940,5,,single
1790522795,381640,1,,single
1790522797,2726890,4,,single
1790522798,577670,1,,single
1790522800,2780710,124,,single
1790522801,3328720,4,,single
1790522803,2781370,0,,single
1790522804,810670,0,,single
1790522806,314810,12,,single
1790522807,976390,18,,single
1790522808,2093010,0,,single
1790522810,495990,0,,single
1790522811,1726130,79,,single
1790522813,742250,1,,single
1790522814,1193090,8,,single
1790522816,2654540,59,,single
1790522817,656200,3,,single
1790522819,885570,103,,single
1790522820,2084940,30,,single
1790522822,1985930,1,,single
1790522823,802870,3,,single
1790522824,741260,0,,single
1790522826,2957700,17,,single
1790522827,2989950,7,,single
1790522829,1125480,0,,single
1790522830,2642890,1,,single
1790522832,2059810,174,,single
1790522833,926340,0,,single
1790522835,662830,22,,single
1790522836,1951220,0,,single
1790522838,2165610,3,,single
1790522839,970560,27,,single
1790522841,702120,58,,single
1790522842,3132860,272,,single
1790522844,1159420,25,,single
1790522845,1476520,0,,single
1790522847,2340500,7,,single
1790522848,2628570,0,,single
1790522850,3418690,1,,single
1790522851,2118420,1,,single
1790522852,1783780,22,,single
1790522854,1151440,22,,single
1790522855,1048350,0,,single
1790522857,835650,5,,single
1790522858,1527890,4,,single
1790522860,1100930,1,,single
1790522861,1594880,6,,single
1790522863,2224850,1,,single
1790522864,2750080,235,,single
1790522866,2137760,11,,single
1790522867,275530,6,,single
1790522869,1179580,4,,single
1790522870,2882870,1,,single
1790522872,2788310,9,,single
1790522873,1996430,27,,single
1790522875,1162070,5,,single
1790522876,1508680,4,,single
1790522878,3126150,33,,single
1790522879,2232600,11,,single
1790522881,292380,0,,single
1790522882,223870,8,,single
1790522883,1057180,1,,single
1790522885,2532430,6,,single
1790522886,550840,0,,single
1790522888,1092040,1,,single
1790522889,1157740,6,,single
1790522891,1724770,8,,single
1790522892,1405470,14,,single
1790522894,892420,36,,single
1790522895,1300,2,,single
1790522897,3395140,9,,single
1790522898,467520,6,,single
1790522899,1464930,1,,single
1790522901,671800,6,,single
1790522902,717640,2,,single
1790522904,233190,1,,single
1790522905,418670,0,,single
1790522906,360150,1,,single
1790522908,355150,0,,single
1790522909,1638300,31,,single
1790522911,370770,0,,single
1790522912,2510130,7,,single
1790522914,1151450,15,,single
1790522915,65600,11,,single
1790522917,550080,3,,single
1790522918,39550,57,,single
1790522920,1029630,5,,single
1790522921,1205240,0,,single
1790522922,2774830,0,,single
1790522924,2389040,29,,single
1790522925,783170,3,,single
1790522927,921780,1,,single
1790522928,1037130,5,,single
1790522930,1589570,2,,single
1790522931,33130,6,,single
1790522933,858940,1,,single
1790522934,629220,1,,single
1790522935,3192360,1,,single
1790522937,3364770,1,,single
1790522938,1490610,1,,single
1790522940,2300230,4,,single
1790522941,907270,0,,single
1790522943,3138780,8,,single
1790522944,1074070,16,,single
1790522946,769970,5,,single
1790522947,319830,12,,single
1790522948,938220,1,,single
1790522950,1529710,0,,single
1790522951,1433420,0,,single
1790522953,1424660,8,,single
1790522954,2360210,14,,single
1790522955,275470,0,,single
1790522957,207930,2,,single
1790522958,934580,2,,single
1790522960,2997980,37,,single
1790522961,1689080,1,,single
1790522963,359600,7,,single
1790522964,2186700,0,,single
1790522965,986680,5,,single
1790522967,1058380,1,,single
1790522968,440760,0,,single
1790522970,2972990,11,,single
1790522971,776960,2,,single
1790522973,645260,193,,single
1790522974,607880,1,,single
1790522976,364690,2,,single
1790522977,1115780,0,,single
1790522979,301750,0,,single
1790522980,453270,2,,single
1790522982,2485180,0,,single
1790522983,1056570,12,,single
1790522984,1989070,34,,single
1790522986,3215170,1,,single
1790522987,2587450,21,,single
1790522989,2976870,17,,single
1790522990,1253710,5,,single
1790522992,3270,5,,single
1790522993,1004490,15,,single
1790522995,418950,0,,single
1790522996,578540,1,,single
1790522998,289300,13,,single
1790522999,1426490,4,,single
1790523000,2976400,7,,single
1790523002,445230,0,,single
1790523003,3268080,2,,single
1790523005,2178590,62,,single
1790523006,562410,0,,single
1790523008,2904890,3,,single
1790523009,764570,10,,single
1790523011,342300,4,,single
1790523012,1222800,148,,single
1790523014,2907190,0,,single
1790523015,267920,2,,single
1790523017,2782610,32,,single
1790523018,357780,0,,single
1790523019,3334660,6,,single
1790523021,2603020,34,,single
1790523022,588160,13,,single
1790523024,1239300,4,,single
1790523025,2754690,3,,single
1790523027,2714970,0,,single
1790523028,510660,32,,single
1790523029,975680,4,,single
1790523031,384570,8,,single
1790523032,410210,1,,single
1790523034,809060,1,,single
1790523035,1084570,1,,single
1790523036,2169950,0,,single
1790523038,1684100,2,,single
1790523039,1755350,2,,single
1790523043,2658920,3,,single
1790523044,966430,0,,single
1790523046,1162650,22,,single
1790523047,923470,0,,single
1790523048,1238280,3,,single
1790523050,2730540,12,,single
1790523051,3334550,2,,single
1790523053,1016730,0,,single
1790523054,603320,1,,single
1790523056,880510,0,,single
1790523057,836480,0,,single
1790523058,885140,0,,single
1790523060,887720,1,,single
1790523061,1910790,10,,single
1790523063,329380,2,,single
1790523064,2258770,28,,single
1790523066,587420,0,,single
1790523067,714080,1,,single
1790523069,2620240,7,,single
1790523070,895110,0,,single
1790523072,1098940,5,,single
1790523073,482300,1,,single
1790523075,1149440,21,,single
1790523076,897820,4,,single
1790523078,713650,0,,single
1790523079,352890,1,,single
1790523081,1524630,8,,single
1790523082,970510,5,,single
1790523084,2398170,3,,single
1790523085,1441840,4,,single
1790523087,673260,55,,single
1790523088,1416240,0,,single
1790523089,466110,1,,single
1790523091,522570,0,,single
1790523092,960420,12,,single
1790523094,2450450,4,,single
1790523095,1731520,1,,single
1790523097,1851280,7,,single
1790523098,1800790,4,,single
1790523100,482450,3,,single
1790523101,2739830,22,,single
1790523103,3173890,1,,single
1790523104,2057550,3,,single
1790523106,1096720,0,,single
1790523107,2566340,16,,single
1790523108,229580,0,,single
1790523110,1937750,4,,single
1790523111,2331130,9,,single
1790523113,489610,0,,single
1790523114,2539350,2,,single
1790523116,1092400,3,,single
1790523117,1003480,20,,single
1790523119,3171460,14,,single
1790523120,1768470,0,,single
1790523121,2286780,50,,single
1790523123,1307090,0,,single
1790523124,2185770,2,,single
1790523126,205840,4,,single
1790523127,694770,1,,single
1790523129,495110,7,,single
1790523130,1964040,4,,single
1790523132,2331070,7,,single
1790523133,3036010,12,,single
1790523135,391070,0,,single
1790523136,1452250,9,,single
1790523137,3090080,11,,single
1790523139,658550,1,,single
1790523140,2296550,37,,single
1790523142,1799220,0,,single
1790523143,655100,0,,single
1790523145,457730,7,,single
1790523146,447890,1,,single
1790523147,1393410,0,,single
1790523149,787450,0,,single
1790523151,1232420,198,,single
1790523152,369420,2,,single
1790523153,1648590,0,,single
1790523155,2214880,3,,single
1790523156,357290,0,,single
1790523158,620210,4,,single
1790523159,1142390,2,,single
1790523160,2455370,4,,single
1790523162,418270,1,,single
1790523163,1278390,8,,single
1790523165,1948700,0,,single
1790523166,759940,1,,single
1790523168,629650,19,,single
1790523169,2618840,1,,single
1790523171,508290,0,,single
1790523172,1167950,17,,single
1790523174,2461050,1,,single
1790523175,394870,1,,single
1790523176,1132190,3,,single
1790523178,1178400,62,,single
1790523179,1305300,4,,single
1790523181,1823600,16,,single
1790523182,252010,1,,single
1790523184,2852980,20,,single
1790523185,2262080,8,,single
1790523186,2521630,31,,single
1790523188,9800,4,,single
1790523189,448070,0,,single
1790523191,1370140,17,,single
1790523192,1916310,1,,single
1790523194,1986010,9,,single
1790523195,1679320,0,,single
1790523196,1258780,11,,single
1790523198,2766860,7,,single
1790523199,90200,9,,single
1790523201,3408110,12,,single
1790523202,2159730,7,,single
1790523204,1299360,1,,single
1790523205,33570,68,,single
1790523207,839200,118,,single
1790523208,1475400,0,,single
1790523209,724740,0,,single
1790523211,2717260,0,,single
1790523212,2294450,15,,single
1790523214,1301620,2,,single
1790523215,365810,1,,single
1790523217,1334700,0,,single
1790523218,1290170,6,,single
1790523220,2608040,0,,single
1790523221,871420,5,,single
1790523222,2233790,14,,single
1790523224,1781260,3,,single
1790523225,301200,2,,single
1790523227,289620,1,,single
1790523229,3384350,0,,single
1790523230,1501690,18,,single
1790523231,1094820,1,,single
1790523233,979710,97,,single
1790523234,352950,0,,single
1790523236,33520,32,,single
1790523237,3376760,5,,single
1790523239,2910460,1,,single
1790523240,398030,0,,single
1790523241,2091500,9,,single
1790523243,447850,2,,single
1790523244,1494470,5,,single
1790523246,2494780,5,,single
1790523247,289780,16,,single
1790523249,526790,2,,single
1790523250,3328480,16,,single
1790523252,2616140,27,,single
1790523253,887060,2,,single
1790523255,1687000,8,,single
1790523256,3060170,11,,single
1790523258,1637370,2,,single
1790523259,2019760,21,,single
1790523260,1139280,12,,single
1790523262,904380,3,,single
1790523263,1119600,9,,single
1790523265,1035760,1,,single
1790523266,2749000,8,,single
1790523268,11480,13,,single
1790523269,1321070,0,,single
1790523270,491280,0,,single
1790523272,2165390,1,,single
1790523273,282030,4,,single
1790523275,1098280,3,,single
1790523276,503820,2,,single
1790523277,1373430,10,,single
1790523279,330350,2,,single
1790523280,2251010,3,,single
1790523282,2746910,50,,single
1790523283,3072450,70,,single
1790523285,703320,23,,single
1790523286,258050,0,,single
1790523288,445720,7,,single
1790523289,904740,0,,single
1790523290,1296540,0,,single
1790523292,2696320,1,,single
1790523293,462680,3,,single
1790523295,1297330,3,,single
1790523296,1601330,14,,single
1790523297,1418160,1,,single
1790523299,408280,0,,single
1790523300,1811500,2,,single
1790523302,1349120,0,,single
1790523303,692100,0,,single
1790523305,2015620,6,,single
1790523306,1939790,13,,single
1790523308,643880,1,,single
1790523309,1802980,4,,single
1790523311,1483370,6,,single
1790523312,1027820,0,,single
1790523314,646240,0,,single
1790523315,1429880,6,,single
1790523317,369440,1,,single
1790523318,225000,0,,single
1790523319,2064810,7,,single
1790523321,2688680,3,,single
1790523322,434210,1,,single
1790523324,253290,0,,single
1790523325,1791590,4,,single
1790523327,415610,5,,single
1790523328,1266630,188,,single
1790523331,1640630,4,,single
1790523333,862570,5,,single
1790523334,1502970,81,,single
1790523335,1518770,6,,single
1790523337,2305500,16,,single
1790523338,398000,5,,single
1790523340,1213230,7,,single
1790523341,494730,1,,single
1790523343,1049660,1,,single
1790523344,1054550,1,,single
1790523346,746710,3,,single
1790523349,865040,1,,single
1790523350,1311250,0,,single
1790523352,2741560,74,,single
1790523353,1225580,2,,single
1790523355,1335230,1,,single
1790523356,1555400,5,,single
1790523358,1351210,9,,single
1790523359,111600,0,,single
1790523360,2307120,2,,single
1790523362,612930,0,,single
1790523363,1373880,13,,single
1790523365,1620540,8,,single
1790523366,2090760,2,,single
1790523368,2774190,0,,single
1790523369,2130540,2,,single
1790523371,1933840,0,,single
1790523372,1260130,0,,single
1790523374,1546790,0,,single
1790523375,588440,0,,single
1790523377,3385670,4,,single
1790523378,2591210,37,,single
1790523379,340520,1,,single
1790523381,783120,1,,single
1790523382,345430,0,,single
1790523384,2113920,25,,single
1790523385,371670,0,,single
1790523387,65610,1,,single
1790523388,2308630,5,,single
1790523390,929670,20,,single
1790523391,2270210,3,,single
1790523392,1178790,201,,single
1790523394,2951580,3,,single
1790523395,2532050,2,,single
1790523397,1411020,16,,single
1790523398,1186460,2,,single
1790523400,2457540,108,,single
1790523401,2280520,3,,single
1790523403,336240,2,,single
1790523404,2221500,1,,single
1790523406,2552310,4,,single
1790523407,3130,16,,single
1790523409,1914970,0,,single
1790523410,1717090,5,,single
1790523412,1904790,35,,single
1790523413,547910,0,,single
1790523415,212780,3,,single
1790523416,1233880,16,,single
1790523418,407230,5,,single
1790523419,2757490,1,,single
1790523420,268220,0,,single
1790523422,606680,5,,single
1790523423,3413590,2,,single
1790523425,1415140,0,,single
1790523426,1683320,14,,single
1790523428,3255380,40,,single
1790523429,1449320,9,,single
1790523431,406870,0,,single
1790523432,2803060,3,,single
1790523434,741820,1,,single
1790523435,292600,0,,single
1790523436,2776940,0,,single
1790523438,228960,2,,single
1790523439,1639080,14,,single
1790523441,454540,0,,single
1790523442,1720850,7,,single
1790523444,2060750,1,,single
1790523445,1579340,11,,single
1790523447,363330,1,,single
1790523448,339790,20,,single
1790523450,919280,8,,single
1790523451,2002220,2,,single
1790523453,975270,12,,single
1790523454,1261520,21,,single
1790523456,810660,0,,single
1790523457,2851150,1,,single
1790523458,108700,2,,single
1790523460,625430,3,,single
1790523461,1292910,2,,single
1790523463,1159830,14,,single
1790523464,967390,3,,single
1790523466,2917350,23,,single
1790523467,2543760,3,,single
1790523469,279440,1,,single
1790523470,1252560,4,,single
1790523471,498660,0,,single
1790523473,2514640,1,,single
1790523474,341550,0,,single
1790523476,435100,0,,single
1790523477,11140,10,,single
1790523479,574080,0,,single
1790523480,576470,1,,single
1790523482,687850,1,,single
1790523483,1119060,1,,single
1790523485,1200230,6,,single
1790523486,1833490,0,,single
1790523488,209730,3,,single
1790523489,2091250,15,,single
1790523490,1621760,11,,single
1790523492,353550,1,,single
1790523493,263720,0,,single
1790523495,602890,0,,single
1790523496,538810,2,,single
1790523498,2732820,1,,single
1790523499,2264340,85,,single
1790523501,965670,1,,single
1790523502,33110,6,,single
1790523504,715380,0,,single
1790523505,1016930,0,,single
1790523507,23450,9,,single
1790523508,1163590,12,,single
1790523509,254080,2,,single
1790523511,3411020,8,,single
1790523512,1323900,0,,single
1790523514,476240,1,,single
1790523515,262550,0,,single
1790523517,444220,0,,single
1790523518,1793090,3,,single
1790523519,251530,2,,single
1790523521,1602560,0,,single
1790523522,842150,33,,single
1790523524,517810,38,,single
1790523525,2744010,23,,single
1790523527,2579280,3,,single
1790523528,1036740,2,,single
1790523529,414160,0,,single
1790523531,1389560,0,,single
1790523532,877360,0,,single
1790523534,458470,5,,single
1790523535,232970,2,,single
1790523537,3080380,0,,single
1790523538,350010,0,,single
1790523539,3598130,0,,single
1790523541,1517150,1,,single
1790523542,555510,1,,single
1790523544,339000,0,,single
1790523545,944920,0,,single
1790523547,326150,4,,single
1790523548,377870,3,,single
1790523550,509250,1,,single
1790523551,232950,2,,single
1790523553,545040,0,,single
1790523554,2061430,10,,single
1790523556,1140630,4,,single
1790523557,2494810,20,,single
1790523559,366690,33,,single
1790523560,2699820,32,,single
1790523562,599610,1,,single
1790523563,2715370,2,,single
1790523564,3029990,1,,single
1790523566,214550,1,,single
1790523567,787850,2,,single
1790523569,1168870,1,,single
1790523570,506730,0,,single
1790523572,469730,2,,single
1790523573,1390700,5,,single
1790523575,1047010,2,,single
1790523576,1750030,3,,single
1790523578,898720,6,,single
1790523579,259780,3,,single
1790523581,1127110,1,,single
1790523582,865090,0,,single
1790523584,262490,4,,single
1790523585,1299170,19,,single
1790523587,384030,56,,single
1790523588,423890,0,,single
1790523590,451650,4,,single
1790523591,381560,1,,single
1790523592,1383960,5,,single
1790523594,406090,0,,single
1790523595,691770,3,,single
1790523597,284890,0,,single
1790523598,2458310,2,,single
1790523600,1461910,38,,single
1790523601,887530,5,,single
1790523603,1133060,3,,single
1790523604,2295920,17,,single
1790523606,248710,0,,single
1790523607,3037930,0,,single
1790523609,1600780,5,,single
1790523610,1132910,1,,single
1790523612,1473050,1,,single
1790523613,1349540,41,,single
1790523615,321150,0,,single
1790523616,1085180,3,,single
1790523618,2633640,10,,single
1790523619,2099220,4,,single
1790523621,43190,2,,single
1790523622,965300,80,,single
1790523624,340460,0,,single
1790523625,2835110,9,,single
1790523627,1941410,1,,single
1790523628,351160,5,,single
1790523630,2667410,6,,single
1790523632,1883370,1,,single
1790523633,1399080,3,,single
1790523635,1209410,3,,single
1790523636,421740,0,,single
1790523638,299250,2,,single
1790523639,1286340,0,,single
1790523642,963450,1,,single
1790523644,3107770,35,,single
1790523646,655290,1,,single
1790523647,1614270,1,,single
1790523648,675690,73,,single
1790523650,2411910,50,,single
1790523652,1299400,13,,single
1790523653,306670,0,,single
1790523654,2794830,1,,single
1790523656,1440500,1,,single
1790523657,487370,1,,single
1790523659,1534340,3,,single
1790523660,463930,0,,single
1790523662,242130,1,,single
1790523663,549860,0,,single
1790523665,2153330,8,,single
1790523666,1025140,3,,single
1790523667,2818450,2,,single
1790523669,687920,0,,single
1790523670,1515640,67,,single
1790523672,1071100,77,,single
1790523673,573130,2,,single
1790523675,1502040,1,,single
1790523676,537990,0,,single
1790523678,3281300,6,,single
1790523679,1627850,1,,single
1790523680,402160,1,,single
1790523682,1129570,12,,single
1790523683,219760,9,,single
1790523685,454410,0,,single
1790523686,346810,2,,single
1790523688,34820,0,,single
1790523689,1667700,4,,single
1790523691,437900,1,,single
1790523692,699180,0,,single
1790523694,1475840,0,,single
1790523695,289600,2,,single
1790523697,2430690,21,,single
1790523698,2321120,3,,single
1790523700,1525410,0,,single
1790523701,349500,17,,single
1790523703,270050,1,,single
1790523704,787790,21,,single
1790523705,2055220,0,,single
1790523707,893010,5,,single
1790523708,783840,6,,single
1790523710,259390,0,,single
1790523711,1903560,1,,single
1790523712,547360,0,,single
1790523714,604780,0,,single
1790523716,7210,12,,single
1790523717,1056610,0,,single
1790523719,583090,14,,single
1790523720,2803810,3,,single
1790523722,1523400,1,,single
1790523723,2084450,0,,single
1790523725,522940,0,,single
1790523726,1238730,1,,single
1790523728,1734070,0,,single
1790523729,855630,0,,single
1790523731,2288210,3,,single
1790523732,553960,0,,single
1790523733,339120,0,,single
1790523735,1153130,1,,single
1790523736,447780,1,,single
1790523738,2526310,5,,single
1790523739,781030,126,,single
1790523740,1824580,8,,single
1790523742,630610,16,,single
1790523743,1059900,4,,single
1790523745,536280,2,,single
1790523746,501840,0,,single
1790523747,1759350,2,,single
1790523749,347670,1,,single
1790523750,542260,2,,single
1790523752,1093290,14,,single
1790523753,429780,1,,single
1790523755,1871310,1,,single
1790523756,58550,0,,single
1790523758,935580,11,,single
1790523759,1306720,1,,single
1790523760,1996630,30,,single
1790523762,57620,54,,single
1790523763,1508270,2,,single
1790523765,2061150,4,,single
1790523766,2436570,95,,single
1790523768,1550180,3,,single
1790523770,516600,0,,single
1790523771,1492360,1,,single
1790523773,774091,5,,single
1790523774,595740,10,,single
1790523775,230210,0,,single
1790523777,1876880,13,,single
1790523778,1381440,1,,single
1790523780,586960,1,,single
1790523781,377670,3,,single
1790523783,2712540,0,,single
1790523784,1085160,3,,single
1790523786,2712550,21,,single
1790523787,395160,0,,single
1790523789,424590,0,,single
1790523790,1767560,74,,single
1790523792,907760,0,,single
1790523793,1330250,25,,single
1790523795,1361010,6,,single
1790523796,1928090,1,,single
1790523797,2644360,5,,single
1790523799,467370,0,,single
1790523800,1044490,2,,single
1790523802,1171270,1,,single
1790523803,2494350,237,,single
1790523805,508170,10,,single
1790523806,895670,0,,single
1790523808,2432110,11,,single
1790523809,403740,0,,single
1790523811,568930,4,,single
1790523812,1146300,1,,single
1790523814,524640,0,,single
1790523815,1533680,14,,single
1790523817,490820,0,,single
1790523818,547960,0,,single
1790523820,384500,0,,single
1790523821,46260,12,,single
1790523823,1808780,0,,single
1790523824,2014380,34,,single
1790523825,363490,0,,single
1790523827,926580,0,,single
1790523828,289420,6,,single
1790523830,3021630,5,,single
1790523831,959890,2,,single
1790523833,7010,2,,single
1790523834,1583850,0,,single
1790523836,58570,0,,single
1790523837,1956740,75,,single
1790523839,2729480,22,,single
1790523840,1075200,0,,single
1790523841,2803360,1,,single
1790523843,2625510,4,,single
1790523845,802730,1,,single
1790523846,2817690,0,,single
1790523847,724300,1,,single
1790523849,241620,1,,single
1790523850,1490130,0,,single
1790523852,344910,0,,single
1790523853,1111450,0,,single
1790523855,1140610,1,,single
1790523856,1611580,10,,single
1790523858,737520,3,,single
1790523859,691320,1,,single
1790523860,328590,2,,single
1790523862,1932260,2,,single
1790523863,1510470,3,,single
1790523865,3098070,10,,single
1790523866,1370170,1,,single
1790523868,983350,2,,single
1790523869,1397010,0,,single
1790523871,3206200,1,,single
1790523872,899390,0,,single
1790523873,1950570,4,,single
1790523875,1325310,1,,single
1790523876,2947240,4,,single
1790523878,2378910,3,,single
1790523879,965310,71,,single
1790523880,1494190,0,,single
1790523882,871200,3,,single
1790523883,790540,1,,single
1790523885,1781890,8,,single
1790523886,2937710,2,,single
1790523888,516480,1,,single
1790523889,2285630,2,,single
1790523890,458730,4,,single
1790523892,2152740,1,,single
1790523893,525780,0,,single
1790523895,400800,2,,single
1790523896,1921560,2,,single
1790523898,3337210,0,,single
1790523899,325520,0,,single
1790523901,2439710,0,,single
1790523902,2844700,1,,single
1790523904,628060,121,,single
1790523905,694130,54,,single
1790523907,2747780,0,,single
1790523908,294370,0,,single
1790523910,1783280,8,,single
1790523911,2823890,21,,single
1790523912,227380,0,,single
1790523914,527280,2,,single
1790523915,1183260,1,,single
1790523917,1304340,0,,single
1790523918,2052040,24,,single
1790523920,2252820,1,,single
1790523921,426690,1,,single
1790523923,773580,3,,single
1790523924,896590,1,,single
1790523925,623840,0,,single
1790523927,818520,5,,single
1790523928,336420,1,,single
1790523931,861050,0,,single
1790523933,1416960,57,,single
1790523935,396800,5,,single
1790523936,3218880,3,,single
1790523937,2020860,9,,single
1790523939,3345960,1,,single
1790523942,11040,14,,single
1790523944,38440,4,,single
1790523946,1918450,8,,single
1790523947,2894960,2,,single
1790523949,244810,0,,single
1790523950,415030,0,,single
1790523952,892860,4,,single
1790523953,412770,1,,single
1790523955,2268470,1,,single
1790523956,933860,0,,single
1790523958,1056490,2,,single
1790523959,854570,2,,single
1790523960,34600,5,,single
1790523962,285480,3,,single
1790523963,1156060,1,,single
1790523965,2216360,3,,single
1790523966,1721170,2,,single
1790523968,493720,4,,single
1790523969,1743830,8,,single
1790523971,1588870,1,,single
1790523972,1100150,23,,single
1790523974,1498130,19,,single
1790523975,1243960,11,,single
1790523976,656970,0,,single
1790523978,2804510,2,,single
1790523979,1960590,1,,single
1790523981,345200,3,,single
1790523982,1200720,0,,single
1790523984,262450,1,,single
1790523985,3444480,5,,single
1790523987,3232040,0,,single
1790523988,2081080,4,,single
1790523989,851110,13,,single
1790523991,438180,1,,single
1790523992,1766390,0,,single
1790523994,715310,25,,single
1790523995,503770,48,,single
1790523997,206610,0,,single
1790523998,715670,43,,single
1790524000,11240,1,,single
1790524001,738550,15,,single
1790524003,317710,0,,single
1790524004,305640,0,,single
1790524006,451880,0,,single
1790524007,1038300,13,,single
1790524009,585830,1,,single
1790524010,814740,0,,single
1790524012,1389360,2,,single
1790524013,522040,0,,single
1790524014,294750,0,,single
1790524016,733300,0,,single
1790524017,3107900,8,,single
1790524019,218760,14,,single
1790524020,2824310,4,,single
1790524022,581300,1,,single
1790524023,547340,1,,single
1790524025,12470,32,,single
1790524026,1733250,2,,single
1790524028,2844850,40,,single
1790524029,1976950,1,,single
1790524031,1496590,11,,single
1790524032,2708210,3,,single
1790524034,2450100,1,,single
1790524035,207020,0,,single
1790524037,977230,0,,single
1790524038,1674920,7,,single
1790524040,534290,2,,single
1790524041,1591450,1,,single
1790524043,1409530,1,,single
1790524044,888530,0,,single
1790524046,1689640,0,,single
1790524047,488280,1,,single
1790524049,702700,3,,single
1790524050,1044980,4,,single
1790524052,1472250,0,,single
1790524053,716340,3,,single
1790524055,1026110,0,,single
1790524057,1687550,1,,single
1790524058,258880,2,,single
1790524060,343560,0,,single
1790524062,1815530,0,,single
1790524063,840390,6,,single
1790524065,1328530,1,,single
1790524066,474020,0,,single
1790524068,22130,83,,single
1790524070,259190,0,,single
1790524071,434520,35,,single
1790524073,2343930,1,,single
1790524074,409850,2,,single
1790524076,453690,2,,single
1790524077,517160,8,,single
1790524079,975510,0,,single
1790524080,2964280,2,,single
1790524082,557040,0,,single
1790524083,762840,1,,single
1790524085,1585020,1,,single
1790524086,369000,0,,single
1790524088,289200,6,,single
1790524089,1480120,2,,single
1790524091,865830,1,,single
1790524092,260250,0,,single
1790524094,470740,1,,single
1790524095,1037190,0,,single
1790524097,643810,0,,single
1790524098,1732920,6,,single
1790524100,331920,35,,single
1790524101,575490,0,,single
1790524102,1348700,2,,single
1790524104,299050,0,,single
1790524105,243360,5,,single
1790524107,943140,0,,single
1790524108,2916770,143,,single
1790524110,2738940,1,,single
1790524111,644540,13,,single
1790524113,2314820,3,,single
1790524114,1629200,2,,single
1790524116,850980,2,,single
1790524117,1810960,0,,single
1790524119,2630020,10,,single
1790524120,781480,6,,single
1790524122,321950,5,,single
1790524123,426310,0,,single
1790524125,307940,4,,single
1790524126,1642220,1,,single
1790524128,324140,2,,single
1790524129,638160,2,,single
1790524130,460850,1,,single
1790524132,1429740,2,,single
1790524133,3159570,10,,single
1790524135,226120,2,,single
1790524136,266170,0,,single
1790524138,2669150,1,,single
1790524139,24400,2,,single
1790524140,1367530,0,,single
1790524142,2243110,2,,single
1790524143,721180,4,,single
1790524145,257970,2,,single
1790524146,423490,1,,single
1790524148,80360,1,,single
1790524149,1349960,3,,single
1790524150,2693940,1,,single
1790524152,2553050,2,,single
1790524153,2097030,1,,single
1790524155,787740,4,,single
1790524156,351470,1,,single
1790524158,2939640,4,,single
1790524159,2719200,59,,single
1790524161,1478650,35,,single
1790524162,216090,0,,single
1790524164,2810780,2,,single
1790524165,2285570,0,,single
1790524167,264690,1,,single
1790524168,1226990,0,,single
1790524169,1998530,1,,single
1790524171,39560,3,,single
1790524172,619280,0,,single
1790524174,273840,4,,single
1790524175,717310,4,,single
1790524177,2523310,4,,single
1790524178,407980,0,,single
1790524180,1875280,1,,single
1790524181,2168260,9,,single
1790524183,4880,52,,single
1790524184,2730530,0,,single
1790524186,1309620,4,,single
1790524187,1755180,1,,single
1790524189,782340,0,,single
1790524190,1448260,0,,single
1790524192,561610,19,,single
1790524193,3487060,10,,single
1790524194,1346830,0,,single
1790524196,490370,49,,single
1790524197,416000,0,,single
1790524199,3357250,9,,single
1790524200,206690,1,,single
1790524202,2600570,7,,single
1790524203,880400,0,,single
1790524205,1644150,1,,single
1790524206,1509090,0,,single
1790524208,3373670,3,,single
1790524209,1691970,29,,single
1790524210,1295270,33,,single
1790524212,336610,3,,single
1790524213,1710540,1,,single
1790524215,575510,0,,single
1790524216,211010,2,,single
1790524218,239700,0,,single
1790524219,2198800,28,,single
1790524220,1530,2,,single
1790524222,500670,0,,single
1790524223,1960480,2,,single
1790524225,319180,1,,single
1790524226,45450,0,,single
1790524228,1158690,9,,single
1790524229,1681840,16,,single
1790524231,398100,0,,single
1790524232,1020340,1,,single
1790524233,583930,4,,single
1790524235,528660,0,,single
1790524236,1985420,2,,single
1790524238,633110,0,,single
1790524239,1269810,3,,single
1790524241,231310,0,,single
1790524244,592480,4,,single
1790524246,567670,1,,single
1790524247,1422420,3,,single
1790524248,370060,2,,single
1790524250,1020800,3,,single
1790524251,497780,3,,single
1790524253,1663640,5,,single
1790524254,973090,1,,single
1790524256,708340,0,,single
1790524257,227560,0,,single
1790524259,717610,0,,single
1790524260,1083600,14,,single
1790524262,12330,4,,single
1790524263,829420,88,,single
1790524264,575050,1,,single
1790524266,2240920,0,,single
1790524268,476420,0,,single
1790524269,2005210,3,,single
1790524271,301610,8,,single
1790524272,311120,0,,single
1790524273,1810820,107,,single
1790524275,529240,2,,single
1790524277,449020,1,,single
1790524278,2597460,3,,single
1790524279,2914480,18,,single
1790524281,1883000,20,,single
1790524282,1036640,58,,single
1790524284,350970,0,,single
1790524285,717790,0,,single
1790524287,1983710,30,,single
1790524288,338320,4,,single
1790524290,1592170,0,,single
1790524291,280320,1,,single
1790524293,2202120,14,,single
1790524294,1144800,0,,single
1790524296,943980,2,,single
1790524297,576130,0,,single
1790524298,1097530,2,,single
1790524300,2794770,2,,single
1790524301,3601790,2,,single
1790524303,968350,1,,single
1790524304,322130,11,,single
1790524306,405780,1,,single
1790524307,669290,0,,single
1790524309,1062040,2,,single
1790524310,1205900,1,,single
1790524312,596590,0,,single
1790524313,1269150,0,,single
1790524315,1364800,0,,single
1790524316,298480,3,,single
1790524317,2026990,2,,single
1790524319,464150,0,,single
1790524320,926520,3,,single
1790524322,3010,4,,single
1790524323,517130,0,,single
1790524325,1813170,0,,single
1790524326,655730,0,,single
1790524328,1722870,58,,single
1790524329,416080,0,,single
1790524331,643200,0,,single
1790524332,1001800,0,,single
1790524333,1427890,1,,single
1790524335,378690,1,,single
1790524336,1111380,11,,single
1790524338,3147510,0,,single
1790524339,403950,2,,single
1790524341,1731460,4,,single
1790524342,336060,4,,single
1790524343,357280,0,,single
1790524345,3114010,2,,single
1790524346,420520,5,,single
1790524348,963330,50,,single
1790524349,606860,0,,single
1790524351,1335240,7,,single
1790524352,301300,6,,single
1790524354,1147450,3,,single
1790524355,837610,6,,single
1790524357,364230,0,,single
1790524358,961620,0,,single
1790524360,431250,2,,single
1790524361,1045620,20,,single
1790524363,814530,1,,single
1790524364,299260,0,,single
1790524366,3044030,1,,single
1790524367,1717640,2,,single
1790524369,2843640,20,,single
1790524370,1017410,0,,single
1790524371,1184890,3,,single
1790524373,438130,3,,single
1790524374,957720,127,,single
1790524376,1070860,2,,single
1790524377,2193050,1,,single
1790524379,265970,92,,single
1790524380,1620520,1,,single
1790524382,3128740,3,,single
1790524383,345860,0,,single
1790524385,1582510,5,,single
1790524386,425670,1,,single
1790524388,2808570,0,,single
1790524389,271920,0,,single
1790524391,3562530,0,,single
1790524392,1846330,4,,single
1790524393,620220,2,,single
1790524395,2071200,2,,single
1790524396,39520,23,,single
1790524398,461730,0,,single
1790524399,431710,7,,single
1790524401,2286770,8,,single
1790524402,508600,0,,single
1790524404,3242950,47,,single
1790524405,1732330,17,,single
1790524407,2529520,10,,single
1790524408,320320,7,,single
1790524410,2716110,1,,single
1790524411,304350,12,,single
1790524412,1356240,2,,single
1790524414,2877720,1,,single
1790524415,1572810,0,,single
1790524417,2638050,5,,single
1790524418,48950,0,,single
1790524420,457420,1,,single
1790524421,1681600,8,,single
1790524423,1266800,0,,single
1790524424,2330870,4,,single
1790524426,2492290,5,,single
1790524427,449550,8,,single
1790524429,200370,3,,single
1790524430,867400,0,,single
1790524432,314180,0,,single
1790524433,1252710,0,,single
1790524435,222160,0,,single
1790524436,655160,0,,single
1790524438,1546710,3,,single
1790524439,214910,2,,single
1790524441,2562730,70,,single
1790524442,62000,0,,single
1790524444,2336200,0,,single
1790524445,385250,4,,single
1790524446,1551530,24,,single
1790524448,2096030,5,,single
1790524449,2404110,3,,single
1790524451,1073820,0,,single
1790524452,300580,1,,single
1790524454,1149940,3,,single
1790524455,224000,0,,single
1790524456,1247170,2,,single
1790524458,2513240,48,,single
1790524459,463980,3,,single
1790524461,1403020,0,,single
1790524462,252170,0,,single
1790524464,263320,0,,single
1790524465,1185160,0,,single
1790524467,2296380,10,,single
1790524468,257790,1,,single
1790524470,1575450,0,,single
1790524471,457010,0,,single
1790524472,1102980,0,,single
1790524474,2636420,2,,single
1790524475,330990,3,,single
1790524477,715010,2,,single
1790524478,1477920,0,,single
1790524480,2351330,1,,single
1790524481,506900,0,,single
1790524483,1092140,0,,single
1790524484,2719190,9,,single
1790524486,1163910,0,,single
1790524487,495290,14,,single
1790524489,914320,17,,single
1790524490,810500,2,,single
1790524492,11180,4,,single
1790524493,787400,0,,single
1790524494,2744150,0,,single
1790524496,1409200,1,,single
1790524498,985950,7,,single
1790524499,1251460,3,,single
1790524501,1934030,2,,single
1790524502,3432160,0,,single
1790524503,1040730,49,,single
1790524505,527700,0,,single
1790524506,398840,0,,single
1790524508,1016360,5,,single
1790524509,3002620,3,,single
1790524511,458000,0,,single
1790524512,655780,4,,single
1790524514,3201910,0,,single
1790524515,265120,0,,single
1790524517,1226670,3,,single
1790524518,1446350,0,,single
1790524520,2903160,1,,single
1790524521,327060,0,,single
1790524523,936490,1,,single
1790524524,281200,0,,single
1790524525,698700,10,,single
1790524527,1163740,0,,single
1790524528,1706360,6,,single
1790524531,373970,3,,single
1790524532,2399730,25,,single
1790524534,1034940,17,,single
1790524535,2951840,1,,single
1790524537,638200,16,,single
1790524538,1673630,1,,single
1790524540,497850,0,,single
1790524543,383460,1,,single
1790524545,808080,2,,single
1790524546,403900,0,,single
1790524548,528460,7,,single
1790524549,1773890,1,,single
1790524551,2717570,2,,single
1790524552,332260,4,,single
1790524554,470780,0,,single
1790524555,1240060,1,,single
1790524557,2050590,1,,single
1790524558,656700,0,,single
1790524560,245730,2,,single
1790524561,1676380,1,,single
1790524563,453290,1,,single
1790524564,1566880,2,,single
1790524566,436290,1,,single
1790524567,581030,0,,single
1790524569,1561340,0,,single
1790524570,939990,4,,single
1790524571,523600,23,,single
1790524573,277490,0,,single
1790524574,586950,0,,single
1790524576,552110,0,,single
1790524577,355680,2,,single
1790524579,253410,0,,single
1790524580,295250,1,,single
1790524582,1540350,2,,single
1790524583,750290,2,,single
1790524585,635250,0,,single
1790524586,1745170,0,,single
1790524588,782570,1,,single
1790524589,1302050,1,,single
1790524591,303690,4,,single
1790524592,237950,9,,single
1790524594,266230,2,,single
1790524595,1183470,6,,single
1790524597,340580,0,,single
1790524598,1060310,2,,single
1790524600,2827810,3,,single
1790524601,643960,18,,single
1790524603,233680,0,,single
1790524604,485690,1,,single
1790524606,1055210,0,,single
1790524607,1803390,12,,single
1790524609,1020730,1,,single
1790524610,287200,1,,single
1790524612,1141650,3,,single
1790524613,1627680,2,,single
1790524615,1028350,2,,single
1790524616,742500,14,,single
1790524618,2336440,0,,single
1790524619,263860,1,,single
1790524621,1805930,1,,single
1790524622,1363850,0,,single
1790524624,725780,1,,single
1790524625,2050510,1,,single
1790524626,2515070,3,,single
1790524628,1680000,29,,single
1790524629,2647820,2,,single
1790524631,1832220,0,,single
1790524632,444490,0,,single
1790524634,1374290,0,,single
1790524635,1961160,2,,single
1790524637,1451080,2,,single
1790524638,2839450,1,,single
1790524640,769670,6,,single
1790524641,323670,1,,single
1790524643,948880,1,,single
1790524644,663110,0,,single
1790524646,1515290,0,,single
1790524647,211580,0,,single
1790524649,1397650,1,,single
1790524650,319760,1,,single
1790524651,826230,3,,single
1790524653,512460,0,,single
1790524654,2229990,1,,single
1790524656,664750,1,,single
1790524657,2840480,0,,single
1790524659,1671720,0,,single
1790524660,428950,0,,single
1790524662,1078330,3,,single
1790524663,1154850,1,,single
1790524665,1103860,1,,single
1790524666,1586700,11,,single
1790524668,1368340,1,,single
1790524669,2475040,0,,single
1790524671,2304440,10,,single
1790524672,809540,3,,single
1790524674,689980,3,,single
1790524675,1731260,0,,single
1790524677,2748830,5,,single
1790524678,1019450,0,,single
1790524680,1076550,4,,single
1790524681,235980,0,,single
1790524683,754120,1,,single
1790524684,329460,0,,single
1790524686,404040,20,,single
1790524687,1798020,35,,single
1790524688,24480,3,,single
1790524690,1285360,1,,single
1790524692,289800,1,,single
1790524693,1381530,1,,single
1790524694,1762570,5,,single
1790524696,787040,0,,single
1790524698,1098610,0,,single
1790524699,2722270,1,,single
1790524701,286480,6,,single
1790524702,400510,0,,single
1790524704,691730,2,,single
1790524705,1145340,1,,single
1790524707,505330,0,,single
1790524708,594220,0,,single
1790524710,1304430,20,,single
1790524711,2800,15,,single
1790524713,273070,1,,single
1790524714,2686580,0,,single
1790524716,509570,2,,single
1790524717,678520,0,,single
1790524719,1245250,2,,single
1790524720,1933370,1,,single
1790524722,2074480,3,,single
1790524723,364640,4,,single
1790524724,945460,0,,single
1790524726,1079830,1,,single
1790524727,1983220,1,,single
1790524729,223730,0,,single
1790524730,3446150,17,,single
1790524732,1457520,28,,single
1790524733,18300,0,,single
1790524735,1693040,2,,single
1790524736,366640,3,,single
1790524738,825380,0,,single
1790524739,2741360,4,,single
1790524741,3111800,0,,single
1790524742,682570,4,,single
1790524744,361850,0,,single
1790524745,2097720,3,,single
1790524746,412670,2,,single
1790524748,496550,0,,single
1790524749,1157700,188,,single
1790524751,1592360,0,,single
1790524752,556050,0,,single
1790524754,406720,0,,single
1790524755,1407180,49,,single
1790524757,983150,1,,single
1790524758,839870,5,,single
1790524760,359580,0,,single
1790524761,1266820,0,,single
1790524763,2602030,15,,single
1790524764,2665460,6,,single
1790524766,968440,15,,single
1790524767,618510,0,,single
1790524768,1393420,1,,single
1790524770,3244210,28,,single
1790524771,1341490,0,,single
1790524773,1169740,0,,single
1790524774,1984720,64,,single
1790524776,1114430,2,,single
1790524777,3331320,44,,single
1790524779,2116260,0,,single
1790524780,11130,1,,single
1790524782,465170,2,,single
1790524783,476480,0,,single
1790524785,1299620,2,,single
1790524786,1112830,0,,single
1790524788,389900,2,,single
1790524789,3990,196,,single
1790524791,490230,0,,single
1790524792,963400,1,,single
1790524793,1174460,13,,single
1790524795,1907720,15,,single
1790524796,1252000,4,,single
1790524798,2134560,0,,single
1790524799,410820,0,,single
1790524801,1709050,9,,single
1790524802,1500820,28,,single
1790524804,440640,1,,single
1790524806,1043500,0,,single
1790524807,1493300,0,,single
1790524809,403290,0,,single
1790524810,1378060,3,,single
1790524812,444480,0,,single
1790524813,2330360,4,,single
1790524815,925930,3,,single
1790524816,446380,0,,single
1790524818,235720,0,,single
1790524819,1253190,0,,single
1790524821,70660,2,,single
1790524822,2058750,18,,single
1790524823,2442380,1,,single
1790524825,381100,0,,single
1790524826,883070,1,,single
1790524828,1967450,0,,single
1790524829,2456960,0,,single
1790524832,1512480,1,,single
1790524833,1122120,6,,single
1790524834,316160,8,,single
1790524836,2936180,4,,single
1790524837,568040,0,,single
1790524839,1065520,14,,single
1790524841,777590,1,,single
1790524842,2094070,14,,single
1790524844,919220,1,,single
1790524845,1135260,1,,single
1790524847,746140,0,,single
1790524848,1631640,1,,single
1790524849,501990,2,,single
1790524851,2524360,0,,single
1790524852,1507120,1,,single
1790524854,283080,0,,single
1790524855,2348090,1,,single
1790524856,1504250,5,,single
1790524858,1412470,1,,single
1790524859,1068360,0,,single
1790524861,297750,8,,single
1790524862,2582660,10,,single
1790524864,3313310,2,,single
1790524865,236130,6,,single
1790524867,289340,4,,single
1790524868,2118250,1,,single
1790524870,1921480,2,,single
1790524871,2085000,67,,single
1790524872,827640,0,,single
1790524874,975120,0,,single
1790524875,989770,0,,single
1790524877,555750,1,,single
1790524878,473560,0,,single
1790524880,955170,1,,single
1790524881,3335120,29,,single
1790524882,368570,1,,single
1790524884,579760,0,,single
1790524885,678560,1,,single
1790524887,1152300,20,,single
1790524888,1998340,30,,single
1790524889,860860,1,,single
1790524891,451780,2,,single
1790524892,529490,5,,single
1790524894,625470,1,,single
1790524895,1483780,1,,single
1790524897,1742360,4,,single
1790524898,1674820,3,,single
1790524900,351870,15,,single
1790524901,293240,0,,single
1790524903,2071430,1,,single
1790524904,1961520,2,,single
1790524905,1726730,0,,single
1790524907,2306030,2,,single
1790524908,2374000,5,,single
1790524910,3001730,0,,single
1790524911,769950,3,,single
1790524912,900400,0,,single
1790524914,2876250,0,,single
1790524915,405950,1,,single
1790524917,1475850,14,,single
1790524918,541370,0,,single
1790524920,2573260,1,,single
1790524921,923570,0,,single
1790524922,1067860,2,,single
1790524924,200020,1,,single
1790524925,307350,0,,single
1790524927,881560,0,,single
1790524928,1258220,1,,single
1790524930,270790,13,,single
1790524931,1109840,16,,single
1790524933,271370,35,,single
1790524934,414190,0,,single
1790524936,247350,0,,single
1790524937,951940,2,,single
1790524938,1636030,3,,single
1790524940,771950,0,,single
1790524941,1098170,0,,single
1790524943,1082970,15,,single
1790524944,1399840,0,,single
1790524946,1841390,1,,single
1790524947,562270,0,,single
1790524949,1386040,1,,single
1790524950,372390,5,,single
1790524952,3263210,0,,single
1790524953,1671280,1,,single
1790524955,46450,0,,single
1790524956,496680,3,,single
1790524958,848050,44,,single
1790524959,546400,0,,single
1790524961,1925090,2,,single
1790524962,280560,0,,single
1790524964,2956280,0,,single
1790524965,1248080,2,,single
1790524967,388420,0,,single
1790524968,971690,3,,single
1790524969,756880,0,,single
1790524971,2356460,0,,single
1790524972,454890,0,,single
1790524974,1050280,17,,single
1790524975,273570,3,,single
1790524977,2430900,1,,single
1790524978,40330,7,,single
1790524980,2910,13,,single
1790524981,2078350,53,,single
1790524983,2125770,0,,single
1790524984,931650,20,,single
1790524986,23400,17,,single
1790524987,703940,0,,single
1790524988,2461780,2,,single
1790524990,565720,1,,single
1790524991,452230,4,,single
1790524993,584990,2,,single
1790524994,95900,2,,single
1790524996,418250,7,,single
1790524997,289890,1,,single
1790524998,1596730,1,,single
1790525000,666870,0,,single
1790525001,40930,0,,single
1790525003,2648050,3,,single
1790525004,2631960,73,,single
1790525006,1157750,0,,single
1790525007,2403340,4,,single
1790525008,809440,3,,single
1790525010,1304610,0,,single
1790525011,725330,0,,single
1790525013,415170,0,,single
1790525014,2373290,0,,single
1790525016,3048140,1,,single
1790525017,1340640,0,,single
1790525019,1690,22,,single
1790525020,556740,0,,single
1790525022,2088340,2,,single
1790525023,263700,0,,single
1790525025,1315200,4,,single
1790525026,1714900,8,,single
1790525027,703180,5,,single
1790525029,1662140,1,,single
1790525030,227060,4,,single
1790525032,502090,0,,single
1790525033,1480830,0,,single
1790525035,1243220,1,,single
1790525036,3077020,58,,single
1790525037,1788100,3,,single
1790525039,1664670,3,,single
1790525040,2959670,0,,single
1790525042,367000,2,,single
1790525043,485870,1,,single
1790525045,1972710,3,,single
1790525046,279140,5,,single
1790525048,1570760,0,,single
1790525049,2587770,3,,single
1790525051,3296760,0,,single
1790525052,968370,0,,single
1790525054,827290,1,,single
1790525055,364300,1,,single
1790525057,221830,3,,single
1790525058,434020,2,,single
1790525060,881420,1,,single
1790525061,438430,4,,single
1790525063,1627870,1,,single
1790525064,1398390,1,,single
1790525066,411310,26,,single
1790525067,687750,0,,single
1790525069,356260,6,,single
1790525070,1336600,0,,single
1790525071,1949770,30,,single
1790525073,2711030,6,,single
1790525074,3139620,1,,single
1790525076,3340810,1,,single
1790525077,1581480,3,,single
1790525079,685310,17,,single
1790525080,1896880,2,,single
1790525082,2116850,2,,single
1790525083,38430,0,,single
1790525084,1960900,1,,single
1790525086,256030,1,,single
1790525087,1443430,4,,single
1790525089,234920,1,,single
1790525090,669320,0,,single
1790525092,289460,1,,single
1790525093,3215660,2,,single
1790525095,1647310,24,,single
1790525096,3275010,1,,single
1790525097,2242100,4,,single
1790525099,1172980,1,,single
1790525100,582810,0,,single
1790525102,80200,1,,single
1790525103,237550,8,,single
1790525105,390310,3,,single
1790525106,525920,36,,single
1790525108,985080,0,,single
1790525109,1454520,1,,single
1790525111,2598020,1,,single
1790525112,531680,0,,single
1790525114,796790,0,,single
1790525115,3324320,2,,single
1790525116,315860,0,,single
1790525118,2229940,2,,single
1790525119,1083870,2,,single
1790525121,871100,1,,single
1790525122,2004590,0,,single
1790525124,387840,1,,single
1790525125,437000,3,,single
1790525127,1477700,0,,single
1790525128,1788170,0,,single
1790525130,344480,0,,single
1790525131,2958700,0,,single
1790525133,1279240,0,,single
1790525134,1198400,1,,single
1790525136,542350,0,,single
1790525137,1709080,2,,single
1790525139,1942010,1,,single
1790525140,2202590,3,,single
1790525142,3109800,0,,single
1790525143,941570,4,,single
1790525145,1448600,3,,single
1790525146,41740,0,,single
1790525149,354430,5,,single
1790525152,2182630,3,,single
1790525154,1393820,5,,single
1790525155,549100,0,,single
1790525157,1724440,3,,single
1790525158,8100,2,,single
1790525160,788470,15,,single
1790525161,1209000,0,,single
1790525162,697610,17,,single
1790525164,2505570,88,,single
1790525166,547050,13,,single
1790525167,1299510,49,,single
1790525169,1573750,1,,single
1790525170,804850,4,,single
1790525172,2474030,1,,single
1790525173,1588380,0,,single
1790525175,2974060,0,,single
1790525177,874040,1,,single
1790525178,365900,0,,single
1790525180,1940200,1,,single
1790525181,919260,1,,single
1790525183,513340,0,,single
1790525184,1861290,5,,single
1790525186,1546500,2,,single
1790525187,2103680,1,,single
1790525189,3432500,0,,single
1790525190,509110,2,,single
1790525192,1028730,0,,single
1790525193,2825300,12,,single
1790525195,453310,0,,single
1790525196,2852770,3,,single
1790525197,453750,0,,single
1790525199,888040,2,,single
1790525200,850450,1,,single
1790525202,1691560,0,,single
1790525203,2214220,0,,single
1790525205,207570,1,,single
1790525206,1008860,0,,single
1790525208,925470,0,,single
1790525210,1586750,0,,single
1790525211,235660,20,,single
1790525213,949970,2,,single
1790525214,470270,1,,single
1790525215,361040,0,,single
1790525217,469800,3,,single
1790525218,394680,1,,single
1790525220,1096180,0,,single
1790525222,1519710,0,,single
1790525223,2530430,2,,single
1790525225,1955030,1,,single
1790525226,242530,1,,single
1790525228,685690,2,,single
1790525229,1011300,0,,single
1790525231,277110,1,,single
1790525232,439250,5,,single
1790525234,267960,1,,single
1790525235,363980,0,,single
1790525237,504300,1,,single
1790525238,1337920,0,,single
1790525240,977390,0,,single
1790525241,2230070,44,,single
1790525243,70110,0,,single
1790525244,2460980,0,,single
1790525245,202730,0,,single
1790525247,921710,0,,single
1790525248,683830,2,,single
1790525250,2597880,0,,single
1790525251,46270,8,,single
1790525253,1096930,77,,single
1790525254,2737970,11,,single
1790525256,1756160,0,,single
1790525257,1739880,0,,single
1790525258,398170,1,,single
1790525260,1665260,1,,single
1790525261,2596420,1,,single
1790525263,987720,0,,single
1790525264,883080,0,,single
1790525266,1341160,18,,single
1790525267,585950,1,,single
1790525269,3141720,21,,single
1790525270,1170230,3,,single
1790525271,2180700,11,,single
1790525273,395620,1,,single
1790525274,1163690,0,,single
1790525276,336080,2,,single
1790525277,539400,3,,single
1790525279,1247360,2,,single
1790525280,501120,1,,single
1790525282,2450400,1,,single
1790525283,406850,1,,single
1790525285,854860,0,,single
1790525286,1920100,0,,single
1790525288,25860,0,,single
1790525289,1162700,3,,single
1790525291,651090,5,,single
1790525292,63800,0,,single
1790525294,704230,27,,single
1790525295,512270,0,,single
1790525296,1866980,13,,single
1790525298,343930,3,,single
1790525299,297760,1,,single
1790525301,1058060,1,,single
1790525302,1736290,7,,single
1790525304,2079950,1,,single
1790525305,579110,1,,single
1790525307,935930,1,,single
1790525308,1524750,0,,single
1790525310,992730,0,,single
1790525311,973000,0,,single
1790525313,1931690,1,,single
1790525314,1271100,3,,single
1790525315,2897240,2,,single
1790525317,564150,2,,single
1790525318,464700,0,,single
1790525320,576030,1,,single
1790525322,1119710,0,,single
1790525323,1178210,2,,single
1790525325,451570,1,,single
1790525326,2583430,2,,single
1790525328,351790,0,,single
1790525330,730050,0,,single
1790525331,2800900,0,,single
1790525333,2701910,0,,single
1790525334,1285060,1,,single
1790525336,3058140,1,,single
1790525337,3220010,0,,single
1790525338,304670,1,,single
1790525340,754810,0,,single
1790525341,2740280,11,,single
1790525343,595430,0,,single
1790525344,355630,0,,single
1790525346,1437340,0,,single
1790525347,1487590,5,,single
1790525349,344440,3,,single
1790525350,583040,0,,single
1790525352,1063590,25,,single
1790525353,286200,2,,single
1790525355,1510950,0,,single
1790525356,2785200,1,,single
1790525358,2630080,13,,single
1790525359,628080,81,,single
1790525360,1424710,9,,single
1790525362,843660,230,,single
1790525363,336300,0,,single
1790525365,985430,0,,single
1790525366,824280,6,,single
1790525368,1585910,1,,single
1790525369,1525660,0,,single
1790525371,448470,54,,single
1790525372,347610,14,,single
1790525373,459010,1,,single
1790525376,306350,0,,single
1790525377,524390,6,,single
1790525379,2431880,75,,single
1790525380,353190,0,,single
1790525382,539670,0,,single
1790525383,252830,0,,single
1790525384,2118370,1,,single
1790525386,2060870,1,,single
1790525387,1333920,1,,single
1790525389,634340,0,,single
1790525390,1933740,8,,single
1790525392,2322180,2,,single
1790525393,589320,7,,single
1790525395,409000,3,,single
1790525396,2211390,0,,single
1790525398,952950,0,,single
1790525399,1747050,8,,single
1790525401,299540,0,,single
1790525402,1383740,1,,single
1790525404,551450,0,,single
1790525405,2362090,4,,single
1790525407,2783610,0,,single
1790525408,2947230,1,,single
1790525410,1078200,1,,single
1790525411,1434540,6,,single
1790525413,1828630,0,,single
1790525414,1358800,34,,single
1790525416,2794610,2,,single
1790525417,2216660,5,,single
1790525419,595770,6,,single
1790525420,355530,1,,single
1790525421,2106810,2,,single
1790525423,3198540,2,,single
1790525424,2178480,760,,single
1790525426,757330,0,,single
1790525427,1734390,0,,single
1790525429,1801850,0,,single
1790525430,890400,27,,single
1790525432,882410,0,,single
1790525434,2052990,2,,single
1790525435,1021070,0,,single
1790525437,1986880,0,,single
1790525438,1693250,37,,single
1790525440,2281820,2,,single
1790525443,3418930,0,,single
1790525444,575480,2,,single
1790525446,336940,0,,single
1790525447,1891090,2,,single
1790525448,337480,1,,single
1790525450,1055610,0,,single
1790525451,403830,0,,single
1790525453,492500,2,,single
1790525454,1536470,1,,single
1790525456,2313130,4,,single
1790525457,1285230,24,,single
1790525458,1059880,0,,single
1790525460,237370,1,,single
1790525461,831050,4,,single
1790525463,581360,2,,single
1790525464,1187940,3,,single
1790525466,421810,22,,single
1790525467,1206600,0,,single
1790525469,1554700,0,,single
1790525470,612370,1,,single
1790525472,507390,2,,single
1790525473,1768880,0,,single
1790525475,116100,0,,single
1790525476,416790,0,,single
1790525477,3018910,2,,single
1790525479,1637230,5,,single
1790525480,314320,0,,single
1790525482,492270,0,,single
1790525483,3050,1,,single
1790525485,398450,0,,single
1790525486,2319390,2,,single
1790525488,1518430,5,,single
1790525489,2332240,0,,single
1790525490,1780270,0,,single
1790525492,3155430,5,,single
1790525494,247870,0,,single
1790525495,408250,0,,single
1790525497,1450090,14,,single
1790525498,464100,0,,single
1790525500,1346020,7,,single
1790525501,777880,0,,single
1790525503,1516820,1,,single
1790525504,658690,2,,single
1790525505,1502980,24,,single
1790525507,1906020,4,,single
1790525508,1126190,2,,single
1790525510,1040430,0,,single
1790525511,992490,2,,single
1790525513,375840,1,,single
1790525514,2009860,1,,single
1790525516,2000800,7,,single
1790525517,3330280,250,,single
1790525519,394600,0,,single
1790525520,1147500,0,,single
1790525522,710030,0,,single
1790525523,1300360,0,,single
1790525524,680480,1,,single
1790525526,1934800,0,,single
1790525527,2201810,1,,single
1790525529,200960,0,,single
1790525530,580710,8,,single
1790525532,1882040,3,,single
1790525533,2279330,1,,single
1790525534,625860,2,,single
1790525536,1631210,0,,single
1790525538,332360,3,,single
1790525539,2311680,16,,single
1790525540,46770,24,,single
1790525542,1055760,4,,single
1790525543,1839510,1,,single
1790525545,260130,1,,single
1790525546,412520,2,,single
1790525548,864540,0,,single
1790525549,2072840,4,,single
1790525550,2347940,0,,single
1790525552,402060,0,,single
1790525553,1497360,0,,single
1790525555,1926590,9,,single
1790525556,499460,2,,single
1790525558,1579020,1,,single
1790525559,893020,3,,single
1790525561,1641700,57,,single
1790525562,683940,6,,single
1790525563,867180,5,,single
1790525565,2510890,1,,single
1790525566,2158270,1,,single
1790525568,651490,0,,single
1790525569,926540,0,,single
1790525571,1288900,2,,single
1790525572,546980,0,,single
1790525574,1516080,0,,single
1790525575,1213670,64,,single
1790525577,801290,1,,single
1790525578,349250,1,,single
1790525580,386770,2,,single
1790525581,1542810,0,,single
1790525583,407780,0,,single
1790525585,1575980,3,,single
1790525586,1277130,0,,single
1790525588,557260,0,,single
1790525589,569810,2,,single
1790525590,530020,0,,single
1790525592,1131920,14,,single
1790525593,1016860,0,,single
1790525595,443860,5,,single
1790525596,2224610,0,,single
1790525598,395860,0,,single
1790525599,415300,0,,single
1790525600,1580800,7,,single
1790525602,914430,3,,single
1790525603,1148560,0,,single
1790525605,1056970,1,,single
1790525606,1151120,0,,single
1790525608,200080,20,,single
1790525609,1055090,0,,single
1790525611,700160,0,,single
1790525612,394280,3,,single
1790525613,1946140,33,,single
1790525615,760510,0,,single
1790525616,664000,2,,single
1790525618,894630,1,,single
1790525619,306680,0,,single
1790525621,1929360,5,,single
1790525622,355920,0,,single
1790525624,1771360,5,,single
1790525625,545820,6,,single
1790525627,2355140,2,,single
1790525628,1063040,5,,single
1790525630,563360,0,,single
1790525631,650780,0,,single
1790525632,477200,3,,single
1790525634,1162280,0,,single
1790525635,99400,0,,single
1790525637,447270,0,,single
1790525638,42850,23,,single
1790525640,377460,8,,single
1790525641,1078490,0,,single
1790525642,1392340,0,,single
1790525644,227760,8,,single
1790525645,1600370,5,,single
1790525647,1600,1,,single
1790525649,2083800,0,,single
1790525650,1819450,0,,single
1790525651,301690,0,,single
1790525653,1854980,3,,single
1790525654,2123140,5,,single
1790525656,402390,2,,single
1790525657,2289560,0,,single
1790525659,2850310,8,,single
1790525660,476540,0,,single
1790525662,351140,0,,single
1790525663,338800,16,,single
1790525665,1913420,3,,single
1790525666,428630,0,,single
1790525668,1775550,88,,single
1790525669,357120,0,,single
1790525671,2380340,1,,single
1790525672,1233800,1,,single
1790525674,2101130,0,,single
1790525675,2424650,3,,single
1790525677,445770,9,,single
1790525678,217270,0,,single
1790525680,252270,0,,single
1790525681,432980,0,,single
1790525683,256070,0,,single
1790525684,403510,0,,single
1790525686,1958600,7,,single
1790525687,2095290,0,,single
1790525689,1042670,1,,single
1790525690,278570,0,,single
1790525692,289400,3,,single
1790525693,1797610,11,,single
1790525694,850050,1,,single
1790525696,1196080,17,,single
1790525697,298560,0,,single
1790525699,1124830,0,,single
1790525700,488920,0,,single
1790525702,447570,0,,single
1790525703,965590,6,,single
1790525705,775580,2,,single
1790525706,928990,0,,single
1790525708,2789130,1,,single
1790525709,1523650,2,,single
1790525711,2658720,2,,single
1790525712,761350,0,,single
1790525714,1575710,6,,single
1790525715,1309,0,,single
1790525716,1113030,0,,single
1790525718,449200,1,,single
1790525719,2247570,1,,single
1790525721,908050,0,,single
1790525723,2840,6,,single
1790525724,2184350,16,,single
1790525725,1542280,27,,single
1790525727,1043230,9,,single
1790525729,759440,2,,single
1790525730,480450,0,,single
1790525732,1720090,2,,single
1790525734,1216230,3,,single
1790525735,1694560,3,,single
1790525737,882250,1,,single
1790525738,2743850,2,,single
1790525740,454140,2,,single
1790525741,946040,11,,single
1790525744,1815230,3,,single
1790525746,272330,1,,single
1790525747,931310,0,,single
1790525748,1822240,2,,single
1790525750,200150,1,,single
1790525751,730870,23,,single
1790525753,431810,0,,single
1790525754,10100,13,,single
1790525756,96200,1,,single
1790525757,1250440,0,,single
1790525759,237570,0,,single
1790525760,1507720,0,,single
1790525762,889770,1,,single
1790525763,1203360,2,,single
1790525765,611120,0,,single
1790525767,1348690,2,,single
1790525768,1547380,0,,single
1790525770,1028860,19,,single
1790525771,693580,1,,single
1790525773,340350,0,,single
1790525774,341120,0,,single
1790525776,1461920,13,,single
1790525777,1386650,0,,single
1790525779,466730,0,,single
1790525780,1177130,0,,single
1790525782,736810,3,,single
1790525783,1647920,1,,single
1790525785,1405440,0,,single
1790525786,804730,1,,single
1790525787,1597720,0,,single
1790525789,2360020,2,,single
1790525790,493650,1,,single
1790525792,1837650,3,,single
1790525793,1737690,49,,single
1790525795,793490,1,,single
1790525796,1013540,5,,single
1790525798,513890,0,,single
1790525799,380140,0,,single
1790525800,343070,1,,single
1790525802,1435010,1,,single
1790525803,235520,0,,single
1790525805,292370,0,,single
1790525806,3044100,2,,single
1790525808,605990,1,,single
1790525809,1557420,2,,single
1790525811,1406810,6,,single
1790525812,800600,0,,single
1790525814,391580,0,,single
1790525815,1256530,0,,single
1790525817,560370,1,,single
1790525818,7220,2,,single
1790525819,600460,0,,single
1790525821,1168690,1,,single
1790525822,2410890,0,,single
1790525824,679750,0,,single
1790525825,1763740,1,,single
1790525827,1495860,5,,single
1790525828,1100160,12,,single
1790525830,1978150,0,,single
1790525831,3245050,1,,single
1790525833,383740,6,,single
1790525834,1058130,5,,single
1790525836,1682410,2,,single
1790525837,760810,2,,single
1790525839,893390,0,,single
1790525840,440740,0,,single
1790525841,1089840,2,,single
1790525843,2070850,0,,single
1790525844,658590,1,,single
1790525846,600610,0,,single
1790525847,2155770,5,,single
1790525849,785840,3,,single
1790525850,341190,0,,single
1790525851,1865960,2,,single
1790525853,1399240,3,,single
1790525854,1600900,1,,single
1790525856,454950,0,,single
1790525857,532320,4,,single
1790525859,1205480,18,,single
1790525860,1510580,17,,single
1790525862,2428840,1,,single
1790525863,283060,2,,single
1790525864,1292180,60,,single
1790525866,702110,2,,single
1790525867,2497610,0,,single
1790525869,1478410,1,,single
1790525870,558450,1,,single
1790525872,205830,1,,single
1790525873,705290,0,,single
1790525875,841350,0,,single
1790525876,1682340,0,,single
1790525877,832500,3,,single
1790525879,473520,1,,single
1790525880,771920,0,,single
1790525882,1512710,2,,single
1790525883,527760,83,,single
1790525885,293740,0,,single
1790525886,356880,0,,single
1790525888,1055010,10,,single
1790525889,785850,2,,single
1790525891,287070,15,,single
1790525892,3110010,1,,single
1790525893,409600,0,,single
1790525895,31100,3,,single
1790525896,230330,30,,single
1790525898,767420,6,,single
1790525899,15380,48,,single
1790525901,916900,0,,single
1790525902,26000,0,,single
1790525904,670500,8,,single
1790525905,1492730,22,,single
1790525906,70650,1,,single
1790525908,252710,0,,single
1790525909,294670,23,,single
1790525911,466980,0,,single
1790525912,58200,0,,single
1790525914,1097100,2,,single
1790525915,500500,5,,single
1790525917,1348180,0,,single
1790525918,1921780,12,,single
1790525919,1016770,1,,single
1790525921,409320,0,,single
1790525923,328100,1,,single
1790525924,2508890,2,,single
1790525925,1403310,3,,single
1790525927,1058140,1,,single
1790525928,545410,1,,single
1790525930,427910,0,,single
1790525931,1832950,2,,single
1790525933,792660,33,,single
1790525934,2494720,1,,single
1790525936,704860,3,,single
1790525937,310490,3,,single
1790525939,715580,5,,single
1790525940,1010600,2,,single
1790525941,1015920,2,,single
1790525943,1348920,3,,single
1790525944,1961300,0,,single
1790525946,786450,2,,single
1790525947,345010,0,,single
1790525949,1247290,8,,single
1790525950,1833040,0,,single
1790525951,2138090,15,,single
1790525953,1309990,1,,single
1790525954,1450250,0,,single
1790525956,914170,1,,single
1790525957,538590,0,,single
1790525958,243020,0,,single
1790525960,1095040,0,,single
1790525961,1418390,3,,single
1790525963,1515200,0,,single
1790525964,360970,1,,single
1790525966,388450,4,,single
1790525967,1190130,3,,single
1790525969,1630590,5,,single
1790525970,1516400,11,,single
1790525971,2770160,10,,single
1790525973,1070790,1,,single
1790525975,440520,4,,single
1790525976,432470,2,,single
1790525978,844960,20,,single
1790525979,852340,1,,single
1790525981,1115450,2,,single
1790525982,1618290,35,,single
1790525983,742490,4,,single
1790525985,485950,1,,single
1790525987,313810,4,,single
1790525988,1332760,1,,single
1790525990,868770,2,,single
1790525991,1459010,3,,single
1790525993,1534180,0,,single
1790525994,655550,0,,single
1790525996,286280,2,,single
1790525997,1783680,3,,single
1790525998,1281490,0,,single
1790526000,958480,2,,single
1790526002,505060,0,,single
1790526003,4870,24,,single
1790526004,936180,18,,single
1790526006,1151740,1,,single
1790526007,70900,3,,single
1790526009,2204170,1,,single
1790526010,657280,4,,single
1790526012,491220,2,,single
1790526013,1641890,1,,single
1790526015,306630,14,,single
1790526016,2707040,0,,single
1790526018,1870320,0,,single
1790526019,949050,10,,single
1790526021,576810,1,,single
1790526022,2017610,0,,single
1790526024,2506580,1,,single
1790526025,386640,0,,single
1790526027,283560,0,,single
1790526028,864300,0,,single
1790526030,675240,2,,single
1790526032,2139840,1,,single
1790526033,12690,1,,single
1790526034,400790,1,,single
1790526036,2094600,3,,single
1790526037,2153770,19,,single
1790526039,1790340,0,,single
1790526040,1125710,0,,single
1790526042,622060,3,,single
1790526043,371510,0,,single
1790526045,2289390,8,,single
1790526048,2888120,737,,single
1790526050,1054950,1,,single
1790526051,2171560,1,,single
1790526053,412460,2,,single
1790526054,1668080,4,,single
1790526056,1087270,1,,single
1790526057,453820,0,,single
1790526059,742480,0,,single
1790526060,1469170,11,,single
1790526062,267130,0,,single
1790526063,1791910,1,,single
1790526065,962090,0,,single
1790526066,1554600,0,,single
1790526068,1010850,3,,single
1790526069,603020,0,,single
1790526071,771810,0,,single
1790526072,401690,0,,single
1790526074,830980,1,,single
1790526075,1633370,60,,single
1790526077,1161160,0,,single
1790526078,338120,3,,single
1790526080,553480,0,,single
1790526081,2761610,10,,single
1790526082,209690,2,,single
1790526084,390200,3,,single
1790526085,252890,1,,single
1790526087,292230,1,,single
1790526088,2205750,3,,single
1790526090,1585700,0,,single
1790526091,430020,0,,single
1790526093,710710,0,,single
1790526094,420660,1,,single
1790526096,536040,0,,single
1790526097,858060,0,,single
1790526099,1469620,1,,single
1790526100,750170,3,,single
1790526101,1520760,1,,single
1790526103,23380,0,,single
1790526104,2132560,4,,single
1790526106,397720,3,,single
1790526107,488910,5,,single
1790526109,1111080,0,,single
1790526110,2422080,0,,single
1790526112,1548750,3,,single
1790526113,1120370,0,,single
1790526115,2968430,0,,single
1790526116,535760,0,,single
1790526118,1240290,1,,single
1790526119,363090,149,,single
1790526121,1152310,23,,single
1790526122,283920,9,,single
1790526124,844670,8,,single
1790526125,418440,0,,single
1790526127,2231190,4,,single
1790526128,392410,0,,single
1790526130,755470,0,,single
1790526131,2137470,5,,single
1790526133,407600,3,,single
1790526135,319470,0,,single
1790526136,1374480,0,,single
1790526138,1811740,1,,single
1790526139,905490,0,,single
1790526142,205810,5,,single
1790526143,2259210,4,,single
1790526145,2261350,3,,single
1790526146,3034130,0,,single
1790526148,1179560,0,,single
1790526149,1477770,0,,single
1790526150,664090,0,,single
1790526152,372930,1,,single
1790526153,401760,0,,single
1790526155,326120,0,,single
1790526156,1793030,82,,single
1790526157,504000,3,,single
1790526159,2111090,2,,single
1790526161,573770,0,,single
1790526162,1322290,0,,single
1790526164,1789650,1,,single
1790526165,2276420,0,,single
1790526166,1666510,0,,single
1790526168,1126750,2,,single
1790526169,1708190,0,,single
1790526171,1314820,85,,single
1790526172,1066180,1,,single
1790526174,1787790,0,,single
1790526176,1818280,0,,single
1790526177,709410,0,,single
1790526178,559960,0,,single
1790526180,2817530,2,,single
1790526181,384750,0,,single
1790526183,8790,1,,single
1790526184,474910,0,,single
1790526186,299420,0,,single
1790526188,305920,0,,single
1790526189,448080,7,,single
1790526191,555640,0,,single
1790526192,48900,2,,single
1790526194,951670,0,,single
1790526195,536750,0,,single
1790526197,2435180,1,,single
1790526198,742460,0,,single
1790526200,3134550,2,,single
1790526201,1404660,3,,single
1790526202,612520,34,,single
1790526204,1262060,0,,single
1790526205,541930,0,,single
1790526207,599560,0,,single
1790526208,1338250,0,,single
1790526209,2149420,3,,single
1790526211,369030,0,,single
1790526212,449250,0,,single
1790526214,1035750,0,,single
1790526215,1819160,0,,single
1790526217,473530,1,,single
1790526218,2005090,0,,single
1790526220,307570,0,,single
1790526221,403690,0,,single
1790526223,321030,0,,single
1790526224,994020,0,,single
1790526226,23700,4,,single
1790526227,338820,6,,single
1790526229,741250,1,,single
1790526230,1454500,4,,single
1790526232,596000,0,,single
1790526233,910450,2,,single
1790526235,1188080,0,,single
1790526236,382420,0,,single
1790526238,741990,1,,single
1790526239,322970,0,,single
1790526241,568720,1,,single
1790526242,458830,3,,single
1790526244,274480,1,,single
1790526245,2146570,0,,single
1790526247,1694750,3,,single
1790526248,2453610,1,,single
1790526250,959860,5,,single
1790526251,42210,0,,single
1790526253,989550,0,,single
1790526254,373750,1,,single
1790526256,2125420,7,,single
1790526257,1188970,0,,single
1790526258,2189640,0,,single
1790526260,2191480,17,,single
1790526262,277500,0,,single
1790526263,347000,0,,single
1790526265,584370,5,,single
1790526266,497800,0,,single
1790526268,962630,0,,single
1790526269,1361860,2,,single
1790526271,252750,1,,single
1790526272,241660,225,,single
1790526274,491470,0,,single
1790526275,1306970,0,,single
1790526277,46440,0,,single
1790526278,335320,0,,single
1790526280,6400,8,,single
1790526281,1325040,8,,single
1790526282,3081830,0,,single
1790526284,1991300,0,,single
1790526285,403410,8,,single
1790526287,508180,0,,single
1790526289,946010,6,,single
1790526290,384080,3,,single
1790526292,557410,3,,single
1790526293,344300,0,,single
1790526294,724490,0,,single
1790526296,568750,0,,single
1790526297,1458560,2,,single
1790526299,2183910,5,,single
1790526300,303720,1,,single
1790526302,237470,6,,single
1790526303,458590,0,,single
1790526305,1054340,7,,single
1790526306,1718160,4,,single
1790526307,410840,0,,single
1790526309,1383770,0,,single
1790526310,1494140,0,,single
1790526312,1763030,1,,single
1790526313,2918410,0,,single
1790526315,437530,0,,single
1790526316,691830,5,,single
1790526318,1770050,9,,single
1790526319,2285820,6,,single
1790526320,1883580,0,,single
1790526322,404820,5,,single
1790526323,922050,0,,single
1790526325,1444920,2,,single
1790526327,782140,1,,single
1790526328,466840,1,,single
1790526330,344190,1,,single
1790526331,2765460,0,,single
1790526333,292160,2,,single
1790526334,444160,0,,single
1790526336,1197220,0,,single
1790526337,364910,0,,single
1790526339,273620,1,,single
1790526340,1585540,0,,single
1790526343,536560,1,,single
1790526345,925460,1,,single
1790526347,2452920,0,,single
1790526348,454200,0,,single
1790526350,964040,10,,single
1790526351,1627840,2,,single
1790526353,223000,4,,single
1790526354,623700,0,,single
1790526356,399520,0,,single
1790526357,1453790,1,,single
1790526359,1683100,0,,single
1790526360,2930320,2,,single
1790526361,468070,8,,single
1790526363,294530,19,,single
1790526365,3057760,0,,single
1790526366,1587710,0,,single
1790526367,2019300,64,,single
1790526369,302310,2,,single
1790526370,1739070,4,,single
1790526372,424780,13,,single
1790526374,1489410,0,,single
1790526375,1074190,1,,single
1790526377,2220870,6,,single
1790526378,1372000,2,,single
1790526380,612620,0,,single
1790526381,634120,0,,single
1790526383,1717270,3,,single
1790526384,2304640,2,,single
1790526386,299070,10,,single
1790526387,283600,0,,single
1790526389,1481440,5,,single
1790526390,1373320,0,,single
1790526392,2302150,0,,single
1790526393,658780,0,,single
1790526395,2941580,29,,single
1790526396,909380,1,,single
1790526398,1180130,5,,single
1790526399,1600500,10,,single
1790526401,1336120,2,,single
1790526402,1487680,1,,single
1790526404,821670,13,,single
1790526405,276870,1,,single
1790526406,555400,0,,single
1790526408,259890,0,,single
1790526410,657000,1,,single
1790526411,2084930,0,,single
1790526413,2490790,0,,single
1790526414,1040460,0,,single
1790526416,3600,7,,single
1790526418,496260,1,,single
1790526420,655480,1,,single
1790526421,376920,1,,single
1790526423,681330,1,,single
1790526424,1608470,0,,single
1790526426,1322170,0,,single
1790526427,1253880,2,,single
1790526429,335700,0,,single
1790526430,703880,2,,single
1790526432,1122690,0,,single
1790526433,32770,11,,single
1790526435,968550,3,,single
1790526436,2387110,0,,single
1790526438,761700,3,,single
1790526439,687590,0,,single
1790526441,606960,5,,single
1790526442,976420,0,,single
1790526443,2171280,28,,single
1790526445,1709730,0,,single
1790526446,205870,0,,single
1790526448,977810,1,,single
1790526449,485900,0,,single
1790526451,699740,0,,single
1790526452,1050370,0,,single
1790526454,373240,0,,single
1790526455,811270,0,,single
1790526457,287220,0,,single
1790526458,1346960,0,,single
1790526460,545600,1,,single
1790526461,389250,7,,single
1790526463,1209770,0,,single
1790526464,1982150,2,,single
1790526466,290000,0,,single
1790526467,2068980,1,,single
1790526469,1330890,2,,single
1790526470,32750,1,,single
1790526472,1887020,0,,single
1790526474,2109640,3,,single
1790526475,1492310,1,,single
1790526477,1449500,12,,single
1790526478,443970,0,,single
1790526480,556640,0,,single
1790526481,587580,0,,single
1790526483,347400,8,,single
1790526485,334190,0,,single
1790526486,1671550,0,,single
1790526488,1998330,2,,single
1790526489,413680,0,,single
1790526491,1733500,1,,single
1790526492,1670,0,,single
1790526493,658160,1,,single
1790526495,1848520,5,,single
1790526496,1272580,0,,single
1790526498,1576280,0,,single
1790526500,567750,1,,single
1790526501,1949000,3,,single
1790526503,936190,19,,single
1790526504,985760,0,,single
1790526505,1818180,4,,single
1790526507,1257170,3,,single
1790526508,1788780,10,,single
1790526510,966670,0,,single
1790526511,362400,1,,single
1790526513,1368850,28,,single
1790526514,741430,0,,single
1790526516,465720,2,,single
1790526517,63900,5,,single
1790526519,2206140,2,,single
1790526520,1748230,0,,single
1790526522,1276470,0,,single
1790526524,691150,1,,single
1790526525,2342980,0,,single
1790526526,2503220,0,,single
1790526528,2168450,0,,single
1790526529,562430,0,,single
1790526531,951530,1,,single
1790526533,1537910,14,,single
1790526534,33950,1,,single
1790526536,474030,3,,single
1790526537,704510,2,,single
1790526539,1376910,1,,single
1790526540,214150,2,,single
1790526542,2156620,2,,single
1790526543,2560460,1,,single
1790526544,386080,0,,single
1790526546,278640,1,,single
1790526548,1031900,1,,single
1790526549,490930,1,,single
1790526551,1706210,0,,single
1790526552,1237730,1,,single
1790526554,444280,0,,single
1790526555,1489680,3,,single
1790526557,533480,2,,single
1790526558,423550,1,,single
1790526560,229600,0,,single
1790526561,1090800,0,,single
1790526563,2249830,0,,single
1790526564,635310,1,,single
1790526566,968760,1,,single
1790526568,324710,0,,single
1790526569,1114420,64,,single
1790526570,341540,1,,single
1790526572,1098100,1,,single
1790526573,1413990,3,,single
1790526575,447190,3,,single
1790526576,265380,0,,single
1790526578,897930,1,,single
1790526579,1093320,0,,single
1790526581,1169100,5,,single
1790526582,1726760,2,,single
1790526584,926860,1,,single
1790526586,1132030,1,,single
1790526587,1785910,4,,single
1790526588,2524480,0,,single
1790526590,853860,0,,single
1790526591,826480,0,,single
1790526593,777240,0,,single
1790526594,408110,0,,single
1790526596,377360,0,,single
1790526597,551370,1,,single
1790526599,263460,0,,single
1790526600,1183500,1,,single
1790526602,1830910,0,,single
1790526603,304690,10,,single
1790526605,2307220,2,,single
1790526606,2553960,0,,single
1790526607,586310,2,,single
1790526609,1210610,0,,single
1790526611,416190,6,,single
1790526612,2018640,0,,single
1790526614,1572420,0,,single
1790526615,1523720,10,,single
1790526617,1899810,0,,single
1790526618,821560,0,,single
1790526619,1803600,0,,single
1790526621,277520,0,,single
1790526622,1561890,0,,single
1790526624,291190,1,,single
1790526625,397390,0,,single
1790526627,1420810,3,,single
1790526628,458660,0,,single
1790526630,803080,0,,single
1790526631,340280,0,,single
1790526633,287840,0,,single
1790526635,1693260,1,,single
1790526640,677450,0,,single
1790526643,751640,0,,single
1790526645,1102880,0,,single
1790526646,329650,0,,single
1790526648,1550760,0,,single
1790526649,517000,0,,single
1790526651,1598370,0,,single
1790526652,1124080,0,,single
1790526654,528730,0,,single
1790526655,1265230,1,,single
1790526657,2055410,0,,single
1790526658,564010,0,,single
1790526660,1885690,6,,single
1790526661,386690,0,,single
1790526663,495350,0,,single
1790526664,288220,0,,single
1790526665,857060,0,,single
1790526667,359190,0,,single
1790526668,2254910,5,,single
1790526670,873890,3,,single
1790526671,1876460,2,,single
1790526673,323780,0,,single
1790526674,690980,0,,single
1790526676,9730,4,,single
1790526677,496760,3,,single
1790526679,652810,8,,single
1790526680,1491490,5,,single
1790526682,796290,1,,single
1790526683,1015940,0,,single
1790526685,1714580,9,,single
1790526686,289820,2,,single
1790526688,392970,3,,single
1790526689,922710,0,,single
1790526691,356270,4,,single
1790526692,381870,0,,single
1790526693,330420,1,,single
1790526695,1293650,1,,single
1790526697,1033410,5,,single
1790526698,608110,0,,single
1790526700,279990,0,,single
1790526701,289840,0,,single
1790526703,396360,0,,single
1790526704,322750,0,,single
1790526706,1328900,1,,single
1790526707,552880,0,,single
1790526709,1163340,4,,single
1790526710,1146100,0,,single
1790526712,675940,0,,single
1790526713,2334780,0,,single
1790526715,886820,2,,single
1790526716,46340,1,,single
1790526718,644480,0,,single
1790526719,403980,0,,single
1790526720,1871510,1,,single
1790526722,1705930,0,,single
1790526723,325930,0,,single
1790526725,1859860,1,,single
1790526727,1167170,2,,single
1790526728,3350,7,,single
1790526730,527770,64,,single
1790526731,1859290,8,,single
1790526733,649790,0,,single
1790526735,1613670,0,,single
1790526736,1449510,1,,single
1790526738,1222050,0,,single
1790526739,1305310,1,,single
1790526741,1385950,1,,single
1790526742,345540,2,,single
1790526744,1522930,1,,single
1790526745,916160,2,,single
1790526747,2103640,3,,single
1790526748,1426280,0,,single
1790526750,2142450,1,,single
1790526752,39640,3,,single
1790526753,1083310,0,,single
1790526754,1091320,7,,single
1790526756,283410,0,,single
1790526758,686720,31,,single
1790526759,1013220,1,,single
1790526760,744520,0,,single
1790526762,2026880,0,,single
1790526763,747920,36,,single
1790526765,719730,53,,single
1790526767,1045610,2,,single
1790526768,1333410,2,,single
1790526770,1055850,0,,single
1790526771,464850,2,,single
1790526773,749800,0,,single
1790526774,1480480,1,,single
1790526775,741150,13,,single
1790526777,300630,2,,single
1790526778,872680,0,,single
1790526780,1373930,1,,single
1790526781,1508740,2,,single
1790526783,1023690,0,,single
1790526784,2205290,0,,single
1790526786,762610,1,,single
1790526787,1542110,0,,single
1790526789,783590,0,,single
1790526790,411320,14,,single
1790526792,1147130,1,,single
1790526793,385150,4,,single
1790526795,733800,0,,single
1790526796,1054710,0,,single
1790526797,362090,0,,single
1790526799,446540,1,,single
1790526801,2086140,0,,single
1790526802,528250,2,,single
1790526804,289260,0,,single
1790526806,1437050,0,,single
1790526807,453910,0,,single
1790526808,1167320,0,,single
1790526810,603150,0,,single
1790526811,375180,0,,single
1790526813,297290,1,,single
1790526814,420880,0,,single
1790526816,1414020,1,,single
1790526817,379960,0,,single
1790526819,61100,0,,single
1790526820,1781350,2,,single
1790526822,358830,0,,single
1790526823,245410,5,,single
1790526825,277700,0,,single
1790526826,2013300,1,,single
1790526828,1458920,5,,single
1790526829,672860,24,,single
1790526831,1727000,1,,single
1790526832,94620,0,,single
1790526834,1155120,0,,single
1790526835,2422090,29,,single
1790526837,1494110,0,,single
1790526838,1249110,1,,single
1790526839,619210,0,,single
1790526841,1779560,1,,single
1790526842,2020030,1,,single
1790526844,543390,0,,single
1790526845,734550,0,,single
1790526847,394220,0,,single
1790526848,1490340,1,,single
1790526850,266030,0,,single
1790526851,46570,0,,single
1790526853,953900,0,,single
1790526854,1669360,0,,single
1790526856,31850,11,,single
1790526857,738610,0,,single
1790526859,496350,2,,single
1790526860,673850,1,,single
1790526862,450700,1,,single
1790526864,1393500,11,,single
1790526865,752500,0,,single
1790526866,502230,5,,single
1790526868,358080,0,,single
1790526869,18070,1,,single
1790526871,517360,1,,single
1790526872,349140,1,,single
1790526874,361380,3,,single
1790526875,396090,0,,single
1790526877,456540,0,,single
1790526879,429530,1,,single
1790526880,1859490,0,,single
1790526882,653220,0,,single
1790526883,32610,0,,single
1790526885,416040,0,,single
1790526886,1923680,7,,single
1790526887,1529470,1,,single
1790526889,960740,0,,single
1790526891,1828690,0,,single
1790526892,306490,2,,single
1790526893,1202970,1,,single
1790526895,1895630,56,,single
1790526897,2004440,3,,single
1790526898,42980,9,,single
1790526900,50000,0,,single
1790526901,1141120,0,,single
1790526903,2099790,1,,single
1790526904,1604240,1,,single
1790526906,508530,0,,single
1790526907,613450,0,,single
1790526909,539330,0,,single
1790526910,1156590,0,,single
1790526912,1719660,2,,single
1790526913,1988940,1,,single
1790526915,337940,0,,single
1790526916,39660,11,,single
1790526918,1009450,0,,single
1790526919,1849890,0,,single
1790526921,307130,1,,single
1790526922,1567000,2,,single
1790526924,25910,15,,single
1790526925,1311540,0,,single
1790526927,1970020,0,,single
1790526928,346040,0,,single
1790526930,1240230,3,,single
1790526931,1422410,0,,single
1790526933,2444470,2,,single
1790526934,2184230,0,,single
1790526936,2150660,3,,single
1790526937,1280370,0,,single
1790526939,294650,13,,single
1790526940,567800,2,,single
1790526942,392260,0,,single
1790526943,780100,20,,single
1790526945,1315210,1,,single
1790526948,2169830,4,,single
1790526950,17140,5,,single
1790526952,1603940,3,,single
1790526953,1119570,0,,single
1790526955,1469910,1,,single
1790526956,351250,0,,single
1790526958,1748750,1,,single
1790526959,1840610,1,,single
1790526961,840930,1,,single
1790526962,2063420,6,,single
1790526964,395900,7,,single
1790526965,406080,0,,single
1790526967,1615060,0,,single
1790526968,1125110,2,,single
1790526970,597030,0,,single
1790526972,1182830,0,,single
1790526973,1005240,12,,single
1790526975,1184570,1,,single
1790526976,104000,2,,single
1790526978,271970,1,,single
1790526981,1647420,13,,single
1790526983,1406020,1,,single
1790526984,651470,1,,single
1790526986,1198740,0,,single
1790526988,680830,0,,single
1790526989,368160,0,,single
1790526991,1067720,1,,single
1790526992,366280,1,,single
1790526994,1306570,0,,single
1790526995,334560,0,,single
1790526997,1845670,1,,single
1790526998,903040,19,,single
1790527000,705810,0,,single
1790527001,788630,1,,single
1790527003,293880,0,,single
1790527004,347950,20,,single
1790527006,493060,2,,single
1790527007,1442160,3,,single
1790527009,709840,1,,single
1790527010,512080,3,,single
1790527012,587810,1,,single
1790527013,347710,0,,single
1790527016,735350,0,,single
1790527017,399420,0,,single
1790527019,1079000,0,,single
1790527021,737870,6,,single
1790527022,734330,3,,single
1790527024,507380,1,,single
1790527025,1763830,0,,single
1790527027,511140,5,,single
1790527029,365890,0,,single
1790527030,471920,0,,single
1790527032,1424600,2,,single
1790527033,2153780,2,,single
1790527035,2125160,1,,single
1790527037,1399090,0,,single
1790527038,679660,0,,single
1790527040,1355780,1,,single
1790527041,377880,2,,single
1790527043,798280,0,,single
1790527044,217290,2,,single
1790527046,874460,0,,single
1790527047,1461200,1,,single
1790527049,964130,5,,single
1790527050,291930,1,,single
1790527052,532770,0,,single
1790527054,2400880,0,,single
1790527055,1745690,1,,single
1790527057,1383630,0,,single
1790527058,1454160,2,,single
1790527060,1109160,1,,single
1790527061,312790,0,,single
1790527063,2336590,0,,single
1790527064,476020,1,,single
1790527066,427550,0,,single
1790527067,264060,1,,single
1790527069,783940,0,,single
1790527070,2244480,0,,single
1790527072,326990,184,,single
1790527073,40420,0,,single
1790527075,577990,0,,single
1790527076,1918300,0,,single
1790527078,1540220,0,,single
1790527079,1972820,9,,single
1790527081,1975670,3,,single
1790527082,584800,0,,single
1790527084,946920,1,,single
1790527085,1966420,1,,single
1790527087,255940,0,,single
1790527089,1457730,0,,single
1790527090,621810,2,,single
1790527092,1270010,5,,single
1790527093,1851020,1,,single
1790527095,695600,2,,single
1790527096,1234620,0,,single
1790527098,33730,0,,single
1790527099,777200,0,,single
1790527100,1807930,1,,single
1790527102,12480,1,,single
1790527103,1066110,100,,single
1790527105,444970,7,,single
1790527106,1731870,0,,single
1790527108,1621680,10,,single
1790527109,1400290,0,,single
1790527111,690120,2,,single
1790527112,1179060,1,,single
1790527114,264560,0,,single
1790527115,1835870,0,,single
1790527117,1227400,1,,single
1790527118,349520,0,,single
1790527120,1010670,4,,single
1790527121,1269820,5,,single
1790527123,2093000,2,,single
1790527124,648780,1,,single
1790527126,527190,0,,single
1790527127,395760,1,,single
1790527129,317300,0,,single
1790527130,1352740,0,,single
1790527132,1273220,3,,single
1790527133,613670,1,,single
1790527135,921070,2,,single
1790527136,709240,0,,single
1790527138,859700,0,,single
1790527139,1786010,1,,single
1790527141,2250550,10,,single
1790527143,1063790,4,,single
1790527144,396850,0,,single
1790527145,1638950,0,,single
1790527147,1281860,1,,single
1790527149,1185490,0,,single
1790527150,1838970,4,,single
1790527152,637060,0,,single
1790527153,453300,0,,single
1790527155,1137970,0,,single
1790527156,273730,0,,single
1790527157,1282760,0,,single
1790527159,1461030,3,,single
1790527160,970840,2,,single
1790527162,1094920,0,,single
1790527163,1077340,2,,single
1790527165,431280,0,,single
1790527166,370550,4,,single
1790527168,450440,0,,single
1790527169,1684670,0,,single
1790527171,11260,3,,single
1790527172,659500,2,,single
1790527174,579720,0,,single
1790527175,1575830,0,,single
1790527177,1916850,0,,single
1790527178,1826860,1,,single
1790527180,1358530,2,,single
1790527181,1732650,0,,single
1790527183,1020270,2,,single
1790527184,1727520,0,,single
1790527186,1029650,0,,single
1790527187,502720,0,,single
1790527189,422630,0,,single
1790527190,389650,0,,single
1790527192,1968650,12,,single
1790527194,317970,1,,single
1790527195,2303800,3,,single
1790527197,1649630,0,,single
1790527198,1300700,0,,single
1790527199,990250,1,,single
1790527202,315850,0,,single
1790527203,1550870,0,,single
1790527205,1249010,2,,single
1790527206,858040,2,,single
1790527208,1562910,1,,single
1790527209,31880,5,,single
1790527211,2007930,1,,single
1790527212,2297010,28,,single
1790527214,355270,0,,single
1790527215,1058690,0,,single
1790527217,809000,1,,single
1790527218,1129250,0,,single
1790527220,396890,1,,single
1790527221,1715980,0,,single
1790527222,787510,6,,single
1790527224,953870,0,,single
1790527225,2337140,3,,single
1790527227,314470,0,,single
1790527228,941650,1,,single
1790527230,416870,2,,single
1790527232,1229500,2,,single
1790527234,281860,0,,single
1790527235,35300,0,,single
1790527236,1836030,2,,single
1790527238,1709350,0,,single
1790527239,2013120,0,,single
1790527241,1623420,0,,single
1790527244,2091960,0,,single
1790527245,2620500,1,,single
1790527246,1046660,1,,single
1790527248,327440,0,,single
1790527249,1947940,0,,single
1790527251,270770,1,,single
1790527252,2562240,1,,single
1790527254,574260,4,,single
1790527255,1379600,3,,single
1790527256,2398940,2,,single
1790527258,1750110,1,,single
1790527259,556160,0,,single
1790527261,1233540,0,,single
1790527262,1947530,1,,single
1790527264,31820,5,,single
1790527265,1882280,58,,single
1790527267,2402310,3,,single
1790527269,1878070,1,,single
1790527270,1388580,0,,single
1790527271,1451870,1,,single
1790527273,356910,1,,single
1790527274,1597290,0,,single
1790527276,870690,1,,single
1790527277,1500380,0,,single
1790527279,31930,7,,single
1790527280,1433950,1,,single
1790527282,513740,0,,single
1790527283,348440,0,,single
1790527285,2644010,7,,single
1790527286,1298080,1,,single
1790527288,331880,3,,single
1790527289,2486930,11,,single
1790527290,517330,0,,single
1790527292,347590,9,,single
1790527293,1114950,1,,single
1790527295,1302780,2,,single
1790527296,3430,3,,single
1790527298,1127850,0,,single
1790527299,435480,1,,single
1790527301,255960,1,,single
1790527302,337290,0,,single
1790527304,1378800,0,,single
1790527305,450140,13,,single
1790527307,1901810,0,,single
1790527309,746840,0,,single
1790527310,1452630,0,,single
1790527311,2225530,0,,single
1790527313,1280080,5,,single
1790527315,816270,0,,single
1790527316,1436920,0,,single
1790527317,384690,0,,single
1790527319,1292170,21,,single
1790527320,262240,0,,single
1790527322,1803410,1,,single
1790527323,260330,1,,single
1790527324,817020,3,,single
1790527326,2281480,0,,single
1790527327,993170,0,,single
1790527329,1145290,1,,single
1790527330,1347600,0,,single
1790527332,2265310,0,,single
1790527333,1086860,1,,single
1790527335,541310,1,,single
1790527336,1012460,1,,single
1790527338,358360,0,,single
1790527339,2093900,0,,single
1790527341,1532460,0,,single
1790527342,2268560,0,,single
1790527344,509600,4,,single
1790527345,462620,0,,single
1790527347,781820,0,,single
1790527348,273750,0,,single
1790527350,938270,0,,single
1790527351,1539620,1,,single
1790527353,935570,0,,single
1790527354,338760,0,,single
1790527356,1466690,1,,single
1790527357,820540,1,,single
1790527359,257220,1,,single
1790527360,296930,0,,single
1790527361,1326270,0,,single
1790527363,853200,2,,single
1790527365,1662570,0,,single
1790527366,2560530,0,,single
1790527367,527160,0,,single
1790527369,275810,12,,single
1790527371,2310300,0,,single
1790527373,1509230,0,,single
1790527374,615970,0,,single
1790527376,1325800,0,,single
1790527377,1233950,3,,single
1790527378,950990,1,,single
1790527380,635390,0,,single
1790527381,1161640,0,,single
1790527383,302470,1,,single
1790527384,281060,1,,single
1790527386,315920,0,,single
1790527387,501970,1,,single
1790527389,1523390,0,,single
1790527390,1777750,1,,single
1790527392,457890,0,,single
1790527394,311910,0,,single
1790527395,574270,2,,single
1790527396,287720,1,,single
1790527398,1154120,0,,single
1790527399,788210,2,,single
1790527401,434430,0,,single
1790527402,15160,5,,single
1790527404,1475460,0,,single
1790527405,523150,2,,single
1790527407,7730,0,,single
1790527408,2342030,47,,single
1790527410,1229420,1,,single
1790527411,1153210,2,,single
1790527413,974910,0,,single
1790527414,2229350,2,,single
1790527416,284100,0,,single
1790527417,1963510,1,,single
1790527418,1311700,3,,single
1790527420,458030,1,,single
1790527422,1309200,0,,single
1790527423,930640,0,,single
1790527424,591790,0,,single
1790527426,1345760,2,,single
1790527427,598530,5,,single
1790527429,750990,0,,single
1790527430,1829650,2,,single
1790527432,1897050,0,,single
1790527433,696560,1,,single
1790527435,1496180,1,,single
1790527436,343340,0,,single
1790527437,415400,1,,single
1790527439,1223020,0,,single
1790527440,1040820,0,,single
1790527442,439800,0,,single
1790527443,2009380,0,,single
1790527444,1662080,0,,single
1790527446,396860,0,,single
1790527447,2444000,0,,single
1790527449,727570,1,,single
1790527450,1210230,1,,single
1790527451,514660,1,,single
1790527453,34810,0,,single
1790527454,579230,0,,single
1790527456,1316160,1,,single
1790527457,283000,0,,single
1790527459,364820,2,,single
1790527460,1535780,2,,single
1790527461,1041710,30,,single
1790527463,1351450,2,,single
1790527464,590720,0,,single
1790527466,320630,1,,single
1790527467,585190,2,,single
1790527468,867050,1,,single
1790527470,1128900,0,,single
1790527471,15930,4,,single
1790527473,1289990,0,,single
1790527474,1324270,1,,single
1790527476,1701560,0,,single
1790527477,820910,2,,single
1790527478,1110890,0,,single
1790527480,1094730,0,,single
1790527481,15900,15,,single
1790527483,1154090,1,,single
1790527485,2464090,0,,single
1790527486,1612480,1,,single
1790527488,302490,0,,single
1790527489,1405810,0,,single
1790527491,1287800,1,,single
1790527492,1779460,0,,single
1790527494,381260,1,,single
1790527495,761170,2,,single
1790527496,2490910,38,,single
1790527498,572700,7,,single
1790527499,283820,0,,single
1790527501,1442170,1,,single
1790527502,525240,1,,single
1790527504,548330,1,,single
1790527505,277270,1,,single
1790527507,1084790,9,,single
1790527509,1745980,0,,single
1790527510,1048920,23,,single
1790527512,1966130,36,,single
1790527513,1157640,0,,single
1790527515,555630,0,,single
1790527516,1637140,1,,single
1790527518,704020,0,,single
1790527519,292240,1,,single
1790527521,1365010,4,,single
1790527523,1694430,56,,single
1790527524,2349830,0,,single
1790527525,4800590,1708,,single
1790527527,4877110,32,,single
1790527528,4887360,11,,single
1790527530,4834070,26,,single
1790527532,4855760,3,,single
1790527534,4779560,112,,single
1790527535,4775410,1,,single
1790527537,4824420,32,,single
1790527538,4719730,0,,single
1790527540,4746070,231,,single
1790527543,18020,0,,single
1790527544,25930,3,,single
1790527546,31890,12,,single
1790527547,31920,5,,single
1790527549,35800,0,,single
1790527550,38130,18,,single
1790527552,63960,0,,single
1790527553,200490,0,,single
1790527555,229890,4,,single
1790527556,241300,1,,single
1790527558,245010,0,,single
1790527559,274880,0,,single
1790527561,291960,3,,single
1790527563,300320,1,,single
1790527564,319230,0,,single
1790527566,337880,0,,single
1790527567,342860,0,,single
1790527569,345440,0,,single
1790527570,368220,7,,single
1790527572,371460,0,,single
1790527573,388980,10,,single
1790527575,397190,0,,single
1790527576,407340,0,,single
1790527578,416290,0,,single
1790527579,430080,1,,single
1790527581,437720,1,,single
1790527583,448560,1,,single
1790527584,465000,8,,single
1790527586,467090,3,,single
1790527588,494360,1,,single
1790527590,512640,1,,single
1790527591,529420,0,,single
1790527593,532270,0,,single
1790527594,546900,0,,single
1790527596,552780,1,,single
1790527597,554290,0,,single
1790527598,558780,0,,single
1790527600,560000,1,,single
1790527601,563190,3,,single
1790527603,567160,0,,single
1790527604,572330,0,,single
1790527606,573110,0,,single
1790527607,575830,0,,single
1790527609,577740,7,,single
1790527611,581650,0,,single
1790527612,594350,0,,single
1790527614,601590,8,,single
1790527615,608760,0,,single
1790527617,617610,0,,single
1790527618,631770,1,,single
1790527620,635850,18,,single
1790527621,648890,1,,single
1790527623,653060,2,,single
1790527624,664320,1,,single
1790527626,679520,1,,single
1790527627,701470,81,,single
1790527629,717950,0,,single
1790527630,724470,0,,single
1790527632,729720,9,,single
1790527633,740090,1,,single
1790527635,749890,2,,single
1790527636,765940,1,,single
1790527638,778400,1,,single
1790527639,813530,1,,single
1790527641,834390,1,,single
1790527642,844500,4,,single
1790527644,885910,1,,single
1790527646,897630,0,,single
1790527647,928840,5,,single
1790527649,946780,0,,single
1790527650,951930,1,,single
1790527652,961010,2,,single
1790527653,976900,0,,single
1790527654,990090,0,,single
1790527656,1001040,4,,single
1790527657,1016250,1,,single
1790527659,1023740,0,,single
1790527660,1031270,1,,single
1790527662,1040630,1,,single
1790527663,1066630,2,,single
1790527665,1071240,1,,single
1790527666,1086620,2,,single
1790527668,1094870,0,,single
1790527669,1107230,0,,single
1790527671,1113780,1,,single
1790527672,1124060,0,,single
1790527674,1132070,0,,single
1790527675,1133930,2,,single
1790527677,1151130,0,,single
1790527678,1163040,0,,single
1790527680,1174500,0,,single
1790527682,1181000,8,,single
1790527683,1192610,0,,single
1790527685,1212100,0,,single
1790527686,1216870,0,,single
1790527688,1228360,2,,single
1790527689,1229390,0,,single
1790527691,1234730,39,,single
1790527693,1247190,0,,single
1790527694,1261760,3,,single
1790527696,1263620,0,,single
1790527697,1269500,9,,single
1790527699,1274200,0,,single
1790527700,1291660,0,,single
1790527702,1299290,4,,single
1790527703,1306180,14,,single
1790527705,1311570,1,,single
1790527706,1316760,1,,single
1790527708,1324030,2,,single
1790527709,1332990,0,,single
1790527710,1347630,1,,single
1790527712,1365760,14,,single
1790527714,1367690,2,,single
1790527715,1378360,0,,single
1790527716,1379550,0,,single
1790527718,1383570,2,,single
1790527719,1387350,2,,single
1790527721,1397110,0,,single
1790527722,1403740,22,,single
1790527724,1414650,0,,single
1790527725,1424050,0,,single
1790527727,1425250,0,,single
1790527728,1437850,5,,single
1790527730,1443620,0,,single
1790527731,1449780,0,,single
1790527733,1453900,1,,single
1790527734,1460490,6,,single
1790527736,1464380,0,,single
1790527738,1469220,1,,single
1790527739,1478850,7,,single
1790527741,1486440,0,,single
1790527742,1504760,0,,single
1790527744,1521810,0,,single
1790527745,1530450,4,,single
1790527747,1542790,0,,single
1790527748,1558000,2,,single
1790527750,1561960,0,,single
1790527752,1570510,9,,single
1790527753,1578160,2,,single
1790527754,1588090,8,,single
1790527756,1595000,0,,single
1790527757,1599780,0,,single
1790527759,1620040,1,,single
1790527760,1625230,1,,single
1790527762,1631850,0,,single
1790527764,1642580,8,,single
1790527765,1646790,10,,single
1790527767,1660290,0,,single
1790527769,1667400,4,,single
1790527770,1679010,3,,single
1790527771,1684080,0,,single
1790527773,1687530,1,,single
1790527774,1701950,0,,single
1790527776,1702830,0,,single
1790527778,1725950,12,,single
1790527779,1729140,0,,single
1790527780,1739000,3,,single
1790527782,1740660,1,,single
1790527783,1747830,4,,single
1790527785,1762550,12,,single
1790527786,1778210,8,,single
1790527788,1785940,0,,single
1790527789,1795510,0,,single
1790527791,1804270,0,,single
1790527792,1812420,3,,single
1790527794,1820140,0,,single
1790527795,1840710,1,,single
1790527797,1843470,30,,single
1790527798,1856190,2,,single
1790527800,1863080,0,,single
1790527801,1866430,2,,single
1790527802,1870700,2,,single
1790527804,1880610,2,,single
1790527805,1882580,2,,single
1790527807,1892790,0,,single
1790527809,1905530,1,,single
1790527810,1910600,0,,single
1790527812,1917850,3,,single
1790527813,1919040,0,,single
1790527815,1920540,1,,single
1790527816,1924180,0,,single
1790527818,1934300,12,,single
1790527819,1945590,0,,single
1790527820,1949010,1,,single
1790527822,1957760,4,,single
1790527823,1961760,1,,single
1790527825,1970060,0,,single
1790527826,1978100,7,,single
1790527828,1985740,0,,single
1790527829,1989320,2,,single
1790527832,2004180,1,,single
1790527833,2008410,6,,single
1790527835,2017620,17,,single
1790527836,2025840,2,,single
1790527838,2058340,1,,single
1790527839,2063480,3,,single
1790527841,2067350,4,,single
1790527842,2076260,5,,single
1790527844,2088360,13,,single
1790527845,2089450,27,,single
1790527848,2093610,3,,single
1790527850,2097890,0,,single
1790527851,2102490,8,,single
1790527853,2109060,0,,single
1790527854,2118540,1,,single
1790527856,2122090,4,,single
1790527857,2140570,3,,single
1790527859,2146170,31,,single
1790527860,2154240,4,,single
1790527862,2157710,1,,single
1790527863,2164310,1,,single
1790527865,2169120,1,,single
1790527866,2170370,0,,single
1790527868,2173760,3,,single
1790527869,2185030,5,,single
1790527871,2191490,16,,single
1790527872,2200580,1,,single
1790527874,2203040,2,,single
1790527875,2214000,9,,single
1790527877,2216120,0,,single
1790527878,2219820,1,,single
1790527880,2223740,6,,single
1790527881,2225480,1,,single
1790527883,2228030,4,,single
1790527884,2235500,0,,single
1790527886,2239130,1,,single
1790527887,2248890,2,,single
1790527889,2251580,1,,single
1790527890,2275940,8,,single
1790527892,2278790,3,,single
1790527893,2298690,4,,single
1790527895,2300340,1,,single
1790527896,2305900,0,,single
1790527898,2326020,0,,single
1790527899,2333240,16,,single
1790527901,2341070,1,,single
1790527902,2348730,0,,single
1790527904,2352640,0,,single
1790527905,2359170,0,,single
1790527907,2370170,22,,single
1790527908,2386870,3,,single
1790527909,2392500,11,,single
1790527911,2402280,2,,single
1790527912,2408920,1,,single
1790527914,2413190,29,,single
1790527915,2414550,3,,single
1790527917,2420240,3,,single
1790527918,2425150,19,,single
1790527920,2427100,26,,single
1790527921,2431700,1,,single
1790527923,2437570,0,,single
1790527924,2443770,32,,single
1790527926,2450820,2,,single
1790527927,2457030,4,,single
1790527929,2460920,4,,single
1790527930,2464460,0,,single
1790527932,2479740,0,,single
1790527933,2485190,97,,single
1790527935,2485750,0,,single
1790527936,2496920,5,,single
1790527937,2507610,6,,single
1790527939,2510850,0,,single
1790527941,2520410,2,,single
1790527942,2523890,0,,single
1790527943,2527460,0,,single
1790527945,2542140,1,,single
1790527946,2560500,1,,single
1790527948,2577180,0,,single
1790527949,2581750,0,,single
1790527951,2591010,2,,single
1790527952,2598980,1,,single
1790527954,2600700,0,,single
1790527955,2626860,1,,single
1790527957,2641490,1,,single
1790527958,2668000,6,,single
1790527960,2674190,3,,single
1790527961,2696780,0,,single
1790527963,2707110,4,,single
1790527964,2717750,1,,single
1790527965,2721530,3,,single
1790527967,2736860,33,,single
1790527968,2741390,26,,single
1790527970,2751230,4,,single
1790527971,2777740,0,,single
1790527973,2800450,0,,single
1790527975,2802790,0,,single
1790527976,2811100,0,,single
1790527977,2812480,0,,single
1790527979,2819030,0,,single
1790527980,2820140,104,,single
1790527982,2835530,19,,single
1790527983,2844500,2,,single
1790527985,2851770,0,,single
1790527986,2856370,0,,single
1790527988,2858150,1,,single
1790527989,2860990,4,,single
1790527991,2875280,0,,single
1790527992,2881800,8,,single
1790527994,2893260,1,,single
1790527995,2905090,3,,single
1790527997,2915950,41,,single
1790527998,2924310,0,,single
1790528000,2929170,54,,single
1790528001,2941660,19,,single
1790528003,2953560,0,,single
1790528004,2955590,0,,single
1790528006,2963890,2,,single
1790528007,2977570,0,,single
1790528009,2981650,1,,single
1790528010,2986370,4,,single
1790528012,2992500,3,,single
1790528013,2994240,2,,single
1790528014,2999030,12,,single
1790528016,3000120,1,,single
1790528017,3010460,28,,single
1790528019,3023190,55,,single
1790528020,3028730,0,,single
1790528022,3035990,0,,single
1790528023,3037180,8,,single
1790528024,3039500,42,,single
1790528026,3051470,3,,single
1790528028,3073580,5,,single
1790528029,3077670,1,,single
1790528030,3085890,2,,single
1790528032,3100210,3,,single
1790528033,3107590,0,,single
1790528035,3118160,0,,single
1790528036,3124550,45,,single
1790528038,3127000,0,,single
1790528039,3140990,50,,single
1790528041,3147190,3,,single
1790528042,3152540,5,,single
1790528044,3159900,1,,single
1790528045,3173130,2,,single
1790528047,3200460,1,,single
1790528048,3215190,1,,single
1790528050,3264820,1,,single
1790528051,3281130,47,,single
1790528052,3288460,1,,single
1790528054,3303780,0,,single
1790528055,3316470,1,,single
1790528057,3328900,13,,single
1790528058,3331000,8,,single
1790528060,3336530,6,,single
1790528061,3352300,0,,single
1790528063,3359200,17,,single
1790528064,3374720,0,,single
1790528066,3392420,3,,single
1790528067,3400650,2,,single
1790528069,3408020,4,,single
1790528070,3422450,1,,single
1790528072,3444050,5,,single
1790528073,3449590,10,,single
1790528075,3478200,0,,single
1790528076,3570430,4,,single
1790528078,3584190,0,,single
1790528079,590830,501,,single
1790528081,254760,196,,single
1790528082,686060,5294,,single
1790528083,606160,50,,single
1790528085,29720,540,,single
1790528086,551620,7,,single
1790528088,2767030,75016,,single
1790528089,3527290,24327,,single
1790528091,2807960,41593,,single
1790528092,2139460,26582,,single
1790528093,2592160,1117,,single
1790528095,3564740,14277,,single
1790528096,2074920,6428,,single
1790528098,3764200,5743,,single
1790528099,3405340,5328,,single
1790528100,3354750,4056,,single
1790528102,2016590,4279,,single
1790528103,2073620,42977,,single
1790528105,1867240,301097,,single
1790528106,2429640,5909,,single
1790528108,4001890,20999,,single
1790528109,3224770,6767,,single
1790528111,1285190,13232,,single
1790528112,3932890,27570,,single
1790528113,3041230,4052,,single
1790528115,3678970,76120,,single
1790528116,3065800,2616,,single
1790528118,2707930,7103,,single
1790528119,2134320,89,,single
1790528121,1478500,6275,,single
1790528122,3768760,3057,,single
1790528124,3124540,1728,,single
1790528125,3101040,959,,single
1790528127,2397300,1952,,single
1790528128,3450310,9615,,single
1790528130,3751950,4530,,single
1790528131,1604270,4547,,single
1790528132,2325290,4368,,single
1790528134,3314790,972,,single
1790528135,1568400,77,,single
1790528137,2386720,652,,single
1790528138,3199170,6126,,single
1790528140,2918300,35,,single
1790528142,3551340,41193,,single
1790528145,2075800,6955,,single
1790528146,2119830,690,,single
1790528147,3105440,5448,,single
1790528149,3892270,5669,,single
1790528150,3681810,407,,single
1790528152,3265700,520,,single
1790528153,3751260,18906,,single
1790528155,1154030,1339,,single
1790528157,4162040,7769,,single
1790528159,3028330,5,,single
1790528161,3282300,2594,,single
1790528163,2444750,7400,,single
1790528164,1984270,1800,,single
1790528166,3948120,1934,,single
1790528167,2352620,504,,single
1790528186,2416450,416,,single
1790528188,4384550,1928,,single
1790528190,2129530,643,,single
1790528191,2950790,1446,,single
1790528193,2638890,15941,,single
1790528194,3061570,2045,,single
1790528195,1783560,3277,,single
1790528197,4124950,3,,single
1790528198,2808930,1929,,single
1790528200,1431300,5878,,single
1790528201,2763740,9743,,single
1790528203,3556750,1869,,single
1790528204,3548580,1727,,single
1790528206,3419520,548,,single
1790528207,3681010,1833,,single
1790528209,1857950,1682,,single
1790528210,2958130,2536,,single
1790528212,2799860,718,,single
1790528213,2968420,2401,,single
1790528215,2215390,107,,single
1790528217,2426960,8404,,single
1790528218,2229850,2331,,single
1790528219,3164330,2222,,single
1790528221,3079280,104,,single
1790528222,1392860,310,,single
1790528224,3528450,233,,single
1790528225,3293010,83,,single
1790528227,3812600,1971,,single
1790528228,2570630,44,,single
1790528230,4069520,536,,single
1790528231,1663850,193,,single
1790528233,3097300,43,,single
1790528234,2458860,419,,single
1790528236,3672400,415,,single
1790528237,2220360,29,,single
1790528239,2215200,989,,single
1790528240,2057760,240,,single
1790528241,3370870,149,,single
1790528243,2627260,322,,single
1790528245,2905170,22,,single
1790528246,3834090,376,,single
1790528247,3769130,62,,single
1790528249,1535560,1394,,single
1790528250,2085540,2039,,single
1790528251,2101960,264,,single
1790528253,2373990,380,,single
1790528255,2811830,79,,single
1790528256,3809440,97,,single
1790528257,2796340,24,,single
1790528259,2582320,26,,single
1790528260,2753000,937,,single
1790528262,3636770,325,,single
1790528263,3202030,1086,,single
1790528265,2133760,258,,single
1790528266,3526710,664,,single
1790528268,2410490,20,,single
1790528269,4508340,4019,,single
1790528271,2739600,46,,single
1790528272,2721890,5,,single
1790528274,4380490,1036,,single
1790528275,2994020,1248,,single
1790528277,3981100,361,,single
1790528278,3472550,38,,single
1790528280,3064370,280,,single
1790528281,4275420,153,,single
1790528283,2600140,12,,single
1790528284,2893820,292,,single
1790528285,2536520,4897,,single
1790528287,2226280,254,,single
1790528288,1004640,836,,single
1790528290,2289750,197,,single
1790528291,2852190,751,,single
1790528293,1952920,1285,,single
1790528294,1482620,10,,single
1790528296,3052450,892,,single
1790528297,2540100,35,,single
1790528299,2951690,226,,single
1790528300,3855540,329,,single
1790528302,3447040,1026,,single
1790528303,1548520,332,,single
1790528304,1721110,240,,single
1790528306,2962300,871,,single
1790528308,3787240,517,,single
1790528309,2526380,865,,single
1790528311,3214610,262,,single
1790528312,3553500,1709,,single
1790528313,3375780,1638,,single
1790528315,2870840,13,,single
1790528317,3495730,108,,single
1790528318,4035270,54,,single
1790528320,2702170,17,,single
1790528321,2624870,116,,single
1790528323,4488860,112,,single
1790528325,3300410,54,,single
1790528326,2512840,17,,single
1790528328,871540,262,,single
1790528329,3846120,484,,single
1790528331,2758540,1,,single
1790528332,4594150,647,,single
1790528334,3784030,241,,single
1790528335,2750780,41,,single
1790528337,2001760,175,,single
1790528338,2643390,199,,single
1790528340,3602290,115,,single
1790528341,1790930,38,,single
1790528342,3217240,1948,,single
1790528344,3587610,9,,single
1790528345,3257000,196,,single
1790528347,4659620,438,,single
1790528348,2756770,193,,single
1790528350,2914150,61,,single
1790528352,2523720,146,,single
1790528353,3527760,81,,single
1790528355,2749950,1093,,single
1790528356,3684610,8,,single
1790528358,3444020,182,,single
1790528359,2878450,429,,single
1790528361,2713000,679,,single
1790528363,2385530,1166,,single
1790528365,1657090,59,,single
1790528366,2762230,28,,single
1790528368,3282390,26,,single
1790528369,1395520,139,,single
1790528371,3867950,38,,single
1790528372,3609080,1806,,single
1790528374,2904040,323,,single
1790528375,3448650,580,,single
1790528376,3270680,8,,single
1790528378,2300840,37,,single
1790528379,1805110,509,,single
1790528381,3672720,164,,single
1790528382,3694480,48,,single
1790528384,2985610,8,,single
1790528385,3174070,871,,single
1790528387,4450800,22,,single
1790528388,2424420,539,,single
1790528390,3454650,504,,single
1790528391,2489330,1679,,single
1790528393,3347400,630,,single
1790528394,4368350,1397,,single
1790528396,2238470,205,,single
1790528397,2608620,14,,single
1790528399,2016460,125,,single
1790528401,3105890,20,,single
1790528402,2508780,547,,single
1790528404,2569760,203,,single
1790528405,2004680,126,,single
1790528407,3545990,15,,single
1790528409,3053950,163,,single
1790528411,3400960,2284,,single
1790528412,3339880,25,,single
1790528413,3407390,2986,,single
1790528415,3446240,461,,single
1790528417,3983810,690,,single
1790528418,2353060,10,,single
1790528420,3934270,869,,single
1790528421,2899050,139,,single
1790528423,1148350,193,,single
1790528424,2445260,1816,,single
1790528426,2719750,51,,single
1790528427,3712080,250,,single
1790528429,2864560,209,,single
1790528430,3697340,72,,single
1790528432,2863680,295,,single
1790528433,3602570,104,,single
1790528435,3438850,103,,single
1790528436,2461280,52,,single
1790528438,4911390,108,,single
1790528439,3014320,490,,single
1790528441,2313700,71,,single
1790528443,3008740,47,,single
1790528445,1696770,77,,single
1790528446,3628960,650,,single
1790528447,4164790,1877,,single
1790528449,2424010,398,,single
1790528450,1999520,14,,single
1790528452,2735630,3,,single
1790528453,3011560,67,,single
1790528455,2101390,89,,single
1790528456,3398110,429,,single
1790528458,3308870,10,,single
1790528459,3279120,3,,single
1790528461,3577060,209,,single
1790528462,4292950,47,,single
1790528463,3478650,98,,single
1790528465,2719150,2,,single
1790528466,3381680,717,,single
1790528468,2739630,28,,single
1790528469,3659280,9066,,single
1790528471,2963800,762,,single
1790528472,3470560,12,,single
1790528473,3513600,140,,single
1790528475,2649970,229,,single
1790528476,2231300,28,,single
1790528477,3669570,3964,,single
1790528479,4019220,32965,,single
1790528480,3412900,15,,single
1790528481,3639650,27,,single
1790528483,3399960,803,,single
1790528484,1699230,18,,single
1790528486,3925760,64,,single
1790528487,2999060,15,,single
1790528488,3656800,536,,single
1790528490,3800340,196,,single
1790528491,3279780,1331,,single
1790528493,4651220,6,,single
1790528494,4304930,77,,single
1790528495,4705510,1530,,single
1790528497,2918500,57,,single
1790528498,3267900,12,,single
1790528500,3440070,35,,single
1790528501,3224420,819,,single
1790528502,3558600,377,,single
1790528504,2639100,39,,single
1790528505,1913120,293,,single
1790528506,2824230,2,,single
1790528508,3717070,1345,,single
1790528509,3533730,3,,single
1790528511,2428730,28,,single
1790528512,2692990,62,,single
1790528514,2753970,59,,single
1790528515,3414580,28,,single
1790528516,1597080,9,,single
1790528518,3009300,430,,single
1790528519,1231560,44,,single
1790528521,3278760,19,,single
1790528522,4643090,1472,,single
1790528524,2069250,71,,single
1790528525,3110760,43,,single
1790528526,3788420,285,,single
1790528528,3496000,48,,single
1790528529,3265060,12,,single
1790528531,3132930,25,,single
1790528532,2402680,3264,,single
1790528533,2527160,120,,single
1790528535,3731020,31,,single
1790528536,622630,9,,single
1790528538,2803000,0,,single
1790528539,2842800,111,,single
1790528540,3596700,223,,single
1790528542,2250500,562,,single
1790528543,4315040,356,,single
1790528545,2532480,45,,single
1790528546,1517850,29,,single
1790528547,3337380,111,,single
1790528549,3050900,6,,single
1790528550,2973390,5,,single
1790528552,2871440,78,,single
1790528553,2541530,27,,single
1790528555,4233550,19,,single
1790528556,2686630,124,,single
1790528557,3700980,11,,single
1790528559,3015610,80,,single
1790528560,2870350,14,,single
1790528561,2272540,11,,single
1790528563,2235200,98,,single
1790528564,2710480,326,,single
1790528565,4634490,126,,single
1790528567,2725560,324,,single
1790528568,2582140,368,,single
1790528570,990380,80,,single
1790528571,3300800,44,,single
1790528572,2697000,325,,single
1790528574,1380070,58,,single
1790528575,2626910,4,,single
1790528576,2523770,384,,single
1790528578,2126190,29,,single
1790528579,4286550,94,,single
1790528581,2529790,51,,single
1790528582,4450620,940,,single
1790528583,3029750,82,,single
1790528585,3100310,124,,single
1790528586,3285500,54,,single
1790528588,2782500,245,,single
1790528589,2553870,83,,single
1790528591,3372060,47,,single
1790528592,1342490,87,,single
1790528594,3734680,3,,single
1790528595,2070270,38,,single
1790528597,1116050,72,,single
1790528598,2209900,1013,,single
1790528600,866570,52,,single
1790528601,1929290,34,,single
1790528602,3451980,667,,single
1790528604,2681030,326,,single
1790528605,3195440,3122,,single
1790528607,2377930,334,,single
1790528608,2695570,19,,single
1790528610,3214880,7,,single
1790528611,2569510,683,,single
1790528613,3100370,103,,single
1790528614,3133060,35,,single
1790528615,4297840,58,,single
1790528617,3174480,15,,single
1790528618,3741860,18,,single
1790528620,3446680,3,,single
1790528621,3127280,570,,single
1790528623,2893570,254,,single
1790528624,2989820,249,,single
1790528625,3419290,14,,single
1790528627,3313720,25,,single
1790528628,3115010,57,,single
1790528630,3587140,444,,single
1790528631,3972320,30,,single
1790528632,3483510,268,,single
1790528634,3942480,20,,single
1790528635,2195910,12,,single
1790528637,3098140,55,,single
1790528638,3599690,12,,single
1790528640,4073860,179,,single
1790528641,2831340,7,,single
1790528643,1526900,32,,single
1790528644,2870920,118,,single
1790528646,2698420,114,,single
1790528647,3017450,82,,single
1790528649,2302540,12,,single
1790528650,2698470,27,,single
1790528652,4395300,22,,single
1790528653,3669870,40926,,single
1790528655,3509230,44,,single
1790528656,3569500,777,,single
1790528658,3125250,19,,single
1790528659,4125930,767,,single
1790528661,4111370,158,,single
1790528662,1866130,56,,single
1790528664,3570070,26,,single
1790528665,2876550,19,,single
1790528666,3221770,47,,single
1790528668,2225960,37,,single
1790528669,2543830,515,,single
1790528671,2917040,8,,single
1790528672,3363270,309,,single
1790528673,2208350,12,,single
1790528675,4992070,829,,single
1790528676,2545710,35,,single
1790528678,3559510,6,,single
1790528679,3186040,12,,single
1790528681,4627110,504,,single
1790528682,2887580,9191,,single
1790528684,2713690,251,,single
1790528685,2245620,6,,single
1790528687,3446920,296,,single
1790528688,3849000,168,,single
1790528690,4005300,5,,single
1790528691,3682050,66,,single
1790528692,1198970,15,,single
1790528694,3690010,13,,single
1790528695,2881610,11,,single
1790528697,2756830,6,,single
1790528698,4855450,43,,single
1790528700,2755480,190,,single
1790528701,3749320,14,,single
1790528703,3817250,34,,single
1790528704,2435090,16,,single
1790528705,1869290,26,,single
1790528707,3494520,23,,single
1790528709,3114900,13,,single
1790528710,2144600,145,,single
1790528712,1858650,57,,single
1790528713,3674270,8,,single
1790528715,2308690,76,,single
1790528716,3410180,81,,single
1790528718,3794610,73,,single
1790528719,3298940,48,,single
1790528720,2767530,30,,single
1790528722,2487150,116,,single
1790528724,2738630,129,,single
1790528725,4891320,33485,,single
1790528727,2936290,91,,single
1790528728,4513480,121,,single
1790528730,3555430,96,,single
1790528731,3393620,14,,single
1790528733,2416100,7,,single
1790528734,4369130,481,,single
1790528736,4005560,36,,single
1790528737,3361510,161,,single
1790528739,2255370,40,,single
1790528740,4081840,8,,single
1790528742,3576350,339,,single
1790528743,1554260,12,,single
1790528746,3793580,1,,single
1790528748,4286120,33,,single
1790528750,3707400,352,,single
1790528751,2897580,1993,,single
1790528753,4075620,643,,single
1790528754,2772820,7,,single
1790528755,3242750,45,,single
1790528757,4262310,27,,single
1790528758,2904320,3,,single
1790528760,2778430,16,,single
1790528761,2823860,7,,single
1790528763,2229880,255,,single
1790528764,3421300,6,,single
1790528766,3135530,69,,single
1790528767,2294730,105,,single
1790528769,3091140,90,,single
1790528770,3858650,22,,single
1790528772,2706020,287,,single
1790528773,1369700,198,,single
1790528775,3618850,130,,single
1790528776,3850560,11,,single
1790528778,2933990,4,,single
1790528779,3124340,286,,single
1790528780,1804470,5,,single
1790528782,1826420,499,,single
1790528783,2460070,32,,single
1790528785,4479970,4,,single
1790528786,3498270,374,,single
1790528787,3935020,134,,single
1790528789,3017120,2,,single
1790528790,3418570,68,,single
1790528792,4309030,14,,single
1790528793,3010230,103,,single
1790528795,3393070,221,,single
1790528796,1059220,0,,single
1790528798,1729740,5,,single
1790528799,3017330,13,,single
1790528801,2569670,299,,single
1790528802,1621540,27,,single
1790528804,3454980,26,,single
1790528805,2327720,126,,single
1790528807,2658510,102,,single
1790528808,3809900,105,,single
1790528810,3226450,57,,single
1790528811,3683770,499,,single
1790528812,3655150,15,,single
1790528814,1943730,150,,single
1790528815,3649580,20,,single
1790528817,3480990,58,,single
1790528818,3668560,65,,single
1790528820,2776090,18,,single
1790528822,4243990,1057,,single
1790528823,4560660,914,,single
1790528825,1315180,62,,single
1790528826,3484300,11,,single
1790528828,3861430,2268,,single
1790528829,2827560,0,,single
1790528831,2754090,15,,single
1790528832,3946810,5,,single
1790528834,3343160,9,,single
1790528835,4197890,11,,single
1790528837,2346840,12,,single
1790528838,3738950,634,,single
1790528840,3534790,16,,single
1790528842,2843190,11,,single
1790528843,2810730,7,,single
1790528844,3717340,262,,single
1790528846,3380760,44,,single
1790528847,3338950,66,,single
1790528849,2814910,5,,single
1790528850,4172530,185,,single
1790528852,3093400,30,,single
1790528853,3723470,6,,single
1790528855,1488310,7,,single
1790528856,2181940,375,,single
1790528858,3730790,7,,single
1790528859,4512570,174,,single
1790528860,3371770,48,,single
1790528862,3664820,85,,single
1790528863,4517460,230,,single
1790528865,2364580,50,,single
1790528866,3659410,267,,single
1790528868,4212480,4458,,single
1790528869,2413950,9,,single
1790528871,3760180,5,,single
1790528872,1783110,19,,single
1790528873,2806640,71,,single
1790528875,1812860,44,,single
1790528876,3208560,20,,single
1790528878,3199360,28,,single
1790528880,3612850,7,,single
1790528881,1758950,44,,single
1790528883,3430340,168,,single
1790528884,4198660,24,,single
1790528886,1313290,17,,single
1790528887,2359120,3,,single
1790528889,2428440,17,,single
1790528891,3062380,33,,single
1790528892,3417410,55,,single
1790528894,2730810,19,,single
1790528895,3521410,32,,single
1790528897,3069470,255,,single
1790528899,2288350,69,,single
1790528900,3119540,52,,single
1790528902,2448020,24,,single
1790528903,2269950,23,,single
1790528905,2535950,58,,single
1790528906,1571200,63,,single
1790528908,3043580,7,,single
1790528909,4028600,13,,single
1790528911,3253830,3,,single
1790528912,3772960,10,,single
1790528914,2708280,5,,single
1790528915,4119420,1614,,single
1790528917,4161480,3,,single
1790528919,2319790,11,,single
1790528920,3051280,159,,single
1790528922,2533600,13,,single
1790528923,2558700,0,,single
1790528925,3904850,351,,single
1790528926,3067890,18,,single
1790528928,2492660,1021,,single
1790528930,2159270,24,,single
1790528931,3586660,19,,single
1790528933,2723430,48,,single
1790528935,3947480,3,,single
1790528936,2725090,18,,single
1790528938,3319120,10,,single
1790528939,4173110,5,,single
1790528940,4141950,10,,single
1790528942,2819520,774,,single
1790528944,1900250,5,,single
1790528945,2064610,6,,single
1790528947,2926900,41,,single
1790528948,3011360,76,,single
1790528950,3652650,0,,single
1790528951,3720460,38,,single
1790528953,1674200,333,,single
1790528954,2687160,1,,single
1790528956,4000090,10,,single
1790528957,2458980,46,,single
1790528959,2213700,90,,single
1790528960,3081840,2,,single
1790528961,2980270,113,,single
1790528963,4249130,21,,single
1790528964,3332600,19,,single
1790528966,3837350,47,,single
1790528967,2711350,2,,single
1790528968,3579050,2,,single
1790528970,3916620,47,,single
1790528971,4935510,395,,single
1790528973,4699920,8,,single
1790528974,1970030,15,,single
1790528976,2325920,8,,single
1790528977,1670780,16,,single
1790528979,3418990,4,,single
1790528980,3950130,114,,single
1790528981,3133650,14,,single
1790528983,2535680,4,,single
1790528984,3189340,77,,single
1790528986,2124930,0,,single
1790528987,3445340,53,,single
1790528989,2866670,22,,single
1790528990,2105620,12,,single
1790528992,3655390,13,,single
1790528993,2997230,36,,single
1790528995,2988620,4,,single
1790528997,2095420,44,,single
1790528998,3818000,10,,single
1790529000,3489420,8,,single
1790529001,2010030,9,,single
1790529002,3879660,63,,single
1790529004,3373500,294,,single
1790529005,1200770,0,,single
1790529007,3047750,7,,single
1790529008,2697940,70,,single
1790529010,3940610,2499,,single
1790529011,3415230,13,,single
1790529012,3929200,72,,single
1790529014,3531260,5,,single
1790529015,4020490,6,,single
1790529017,3063520,34,,single
1790529018,3389200,9,,single
1790529019,3012420,11,,single
1790529021,3710840,526,,single
1790529022,3799100,16,,single
1790529024,4258390,0,,single
1790529025,3743790,49,,single
1790529026,4833450,34,,single
1790529028,3684710,11,,single
1790529029,3887700,133,,single
1790529032,2786550,193,,single
1790529033,2473350,52,,single
1790529035,3751890,4,,single
1790529036,2752180,8,,single
1790529038,3183350,87,,single
1790529039,3604780,28,,single
1790529040,1869780,51,,single
1790529042,2438990,249,,single
1790529045,3288210,5,,single
1790529046,3523750,137,,single
1790529047,2560240,54,,single
1790529049,3417120,36,,single
1790529050,3872710,9,,single
1790529052,2779120,59,,single
1790529053,2347080,251,,single
1790529054,3237920,18,,single
1790529056,2862860,100,,single
1790529057,1581950,16,,single
1790529059,2833580,164,,single
1790529060,3949550,69,,single
1790529061,3071240,27,,single
1790529063,3642370,0,,single
1790529064,3764940,28,,single
1790529066,1454370,13,,single
1790529067,3211690,9,,single
1790529068,4259190,7846,,single
1790529070,2524930,21,,single
1790529071,2343900,24,,single
1790529072,2576150,26,,single
1790529074,3442220,4,,single
1790529075,1726530,10,,single
1790529077,2073030,8,,single
1790529078,2756930,18,,single
1790529079,4242290,92,,single
1790529081,3369070,35,,single
1790529082,2124100,2,,single
1790529083,3060250,13,,single
1790529085,2564520,37,,single
1790529086,4892010,1717,,single
1790529087,3047030,85,,single
1790529089,1843540,19,,single
1790529090,2825180,0,,single
1790529092,3707780,11,,single
1790529093,2861150,6,,single
1790529094,2896380,11,,single
1790529096,3502270,103,,single
1790529097,1975280,24,,single
1790529099,3841970,49,,single
1790529100,3353830,0,,single
1790529102,4169820,9,,single
1790529103,2943740,69,,single
1790529105,3003460,13,,single
1790529106,3929470,309,,single
1790529107,3187010,28,,single
1790529109,1346840,1,,single
1790529110,3333250,6,,single
1790529112,3424610,386,,single
1790529113,2897610,22,,single
1790529114,4197990,82,,single
1790529116,2572040,309,,single
1790529117,3069050,102,,single
1790529119,3659020,86,,single
1790529120,2331280,17,,single
1790529121,3336520,5,,single
1790529123,1605250,32,,single
1790529124,3687810,420,,single
1790529126,4175080,1,,single
1790529127,3271000,246,,single
1790529129,1497460,2,,single
1790529130,3840230,82,,single
1790529132,3936730,20,,single
1790529133,2933200,26,,single
1790529135,2964090,290,,single
1790529136,3660220,36,,single
1790529138,1340140,59,,single
1790529139,2178930,17,,single
1790529141,4059360,0,,single
1790529142,2624670,25,,single
1790529143,2756820,3,,single
1790529145,3953520,876,,single
1790529146,3604510,4,,single
1790529148,2492120,5,,single
1790529149,3894170,6,,single
1790529151,1033030,162,,single
1790529152,2947280,41,,single
1790529154,3560670,1403,,single
1790529155,2797960,2,,single
1790529157,2461440,9,,single
1790529158,3316940,107,,single
1790529160,3077570,3,,single
1790529161,3401490,7,,single
1790529162,3604430,13,,single
1790529164,4157130,7,,single
1790529165,1869500,4,,single
1790529167,2389170,16,,single
1790529169,2639810,7,,single
1790529170,2012320,53,,single
1790529172,2453660,114,,single
1790529174,2901550,36,,single
1790529175,2240150,8,,single
1790529176,3220170,1,,single
1790529178,3737620,6,,single
1790529179,1978720,2,,single
1790529181,3657210,4,,single
1790529182,2324290,13,,single
1790529184,4134650,154,,single
1790529185,3549020,235,,single
1790529187,2393760,2,,single
1790529188,2651410,12,,single
1790529190,3919190,3,,single
1790529191,2459750,2,,single
1790529193,3829620,6,,single
1790529194,3306030,9,,single
1790529196,2534120,13,,single
1790529197,3122460,453,,single
1790529198,3074340,17,,single
1790529200,4364730,2280,,single
1790529202,2194730,15,,single
1790529203,3450390,15,,single
1790529204,2942780,462,,single
1790529206,2915380,2,,single
1790529207,2672430,10,,single
1790529209,1848440,31,,single
1790529210,4082750,37,,single
1790529212,1619310,16,,single
1790529213,3104970,33,,single
1790529215,3330500,78,,single
1790529216,4172690,104,,single
1790529218,3030210,1,,single
1790529219,3391450,9,,single
1790529221,3500390,50,,single
1790529222,3089150,5,,single
1790529224,4009730,7,,single
1790529225,4103530,18,,single
1790529227,3869850,21,,single
1790529228,3324610,20,,single
1790529230,3044350,32,,single
1790529231,2393920,2,,single
1790529233,3604800,3,,single
1790529234,3593780,17,,single
1790529235,2983250,19,,single
1790529237,2808550,282,,single
1790529238,3947460,623,,single
1790529240,2600150,7,,single
1790529241,2912430,5,,single
1790529243,1916890,6,,single
1790529244,1657740,7,,single
1790529246,2482190,15,,single
1790529247,3680510,3,,single
1790529249,3751730,4,,single
1790529250,2350270,5,,single
1790529252,4103710,82,,single
1790529253,3194070,2,,single
1790529255,2236060,36,,single
1790529256,3241760,12,,single
1790529258,4018020,578,,single
1790529259,3732960,81,,single
1790529261,2081880,2873,,single
1790529262,2701800,0,,single
1790529263,1253220,22,,single
1790529265,3072120,35,,single
1790529267,3116700,49,,single
1790529269,3296790,7,,single
1790529270,3141310,3,,single
1790529271,4952980,2590,,single
1790529273,4249850,52,,single
1790529274,2756380,8,,single
1790529276,2842150,1,,single
1790529277,3929740,29,,single
1790529278,2090810,16,,single
1790529280,3604030,2,,single
1790529281,1950450,7,,single
1790529282,3930300,0,,single
1790529284,3481020,129,,single
1790529285,4221310,27,,single
1790529287,3904990,2,,single
1790529288,4496710,380,,single
1790529289,2731330,2,,single
1790529291,2776900,161,,single
1790529292,3449040,5,,single
1790529293,1482770,8,,single
1790529295,2977260,940,,single
1790529296,4030290,3,,single
1790529297,3124230,7,,single
1790529299,3166810,20,,single
1790529300,4753760,228,,single
1790529302,2735580,9,,single
1790529303,2721340,12,,single
1790529305,4312850,5,,single
1790529306,4450350,3,,single
1790529308,2871390,26,,single
1790529309,4042800,109,,single
1790529310,2468550,11,,single
1790529312,1765300,13,,single
1790529313,951770,13,,single
1790529314,3129930,4,,single
1790529316,3575980,123,,single
1790529317,3498390,6,,single
1790529318,903930,15,,single
1790529320,2646720,36,,single
1790529321,3355100,9,,single
1790529323,3956320,17,,single
1790529324,2005870,8,,single
1790529326,3850870,7,,single
1790529327,3315060,85,,single
1790529328,3148060,11,,single
1790529330,3667390,46,,single
1790529332,4369490,66,,single
1790529334,1670690,1,,single
1790529335,3219410,4,,single
1790529337,3934250,671,,single
1790529338,4934370,155,,single
1790529339,3330210,42,,single
1790529341,5053820,1824,,single
1790529344,4562150,33,,single
1790529345,3390880,2,,single
1790529347,1833200,7,,single
1790529348,3972650,37,,single
1790529349,2516940,3,,single
1790529351,3091340,8,,single
1790529352,2397320,438,,single
1790529354,4486870,32,,single
1790529355,3839850,127,,single
1790529357,3001970,66,,single
1790529358,3325500,79,,single
1790529360,3673150,111,,single
1790529361,2212790,18,,single
1790529363,4144680,67,,single
1790529364,2917030,70,,single
1790529366,4104440,275,,single
1790529367,2802820,8,,single
1790529369,3966480,58,,single
1790529370,1771700,4,,single
1790529372,2815070,181,,single
1790529373,3181790,1,,single
1790529375,1076750,7,,single
1790529376,3905450,278,,single
1790529378,3573070,18,,single
1790529380,2939790,18,,single
1790529381,4078110,32,,single
1790529382,3135200,51,,single
1790529384,3224840,23,,single
1790529385,1148130,22,,single
1790529387,3900120,7,,single
1790529388,3684500,69,,single
1790529390,1721960,1,,single
1790529391,2395770,11,,single
1790529393,4174310,31,,single
1790529395,2631580,0,,single
1790529396,2652600,1,,single
1790529398,4083190,0,,single
1790529399,3817240,1,,single
1790529401,4258770,2,,single
1790529403,3642750,205,,single
1790529404,2480200,1,,single
1790529406,4148530,107,,single
1790529407,3510740,763,,single
1790529409,4224800,27,,single
1790529410,3584920,6,,single
1790529412,2091020,40,,single
1790529414,2497930,9,,single
1790529415,2824380,62,,single
1790529416,3715730,5,,single
1790529418,4108460,6,,single
1790529419,2678080,17,,single
1790529421,4150860,577,,single
1790529422,2867460,11,,single
1790529424,3649730,61,,single
1790529425,2851820,1,,single
1790529427,4298500,40,,single
1790529428,3380950,5,,single
1790529430,3236710,23,,single
1790529431,2535440,3,,single
1790529433,2838510,0,,single
1790529434,4224240,198,,single
1790529436,4047270,925,,single
1790529437,3856280,19,,single
1790529439,2502650,15,,single
1790529440,4327380,3,,single
1790529441,2311990,5,,single
1790529443,1640820,11,,single
1790529444,2469970,18,,single
1790529445,2467850,5,,single
1790529447,2769240,6,,single
1790529448,3363560,5,,single
1790529450,4182480,22,,single
1790529451,3047370,8,,single
1790529452,3365170,32,,single
1790529454,3057670,11,,single
1790529455,4038990,101,,single
1790529457,2445840,19,,single
1790529458,2644050,5,,single
1790529460,3351430,1,,single
1790529461,2447060,17,,single
1790529463,3995110,2,,single
1790529464,4489770,6,,single
1790529465,2635750,2,,single
1790529467,3209970,41,,single
1790529468,2686900,4,,single
1790529470,1471650,7,,single
1790529471,3453910,196,,single
1790529473,3443820,35,,single
1790529474,2517220,19,,single
1790529476,3372530,4,,single
1790529477,2511310,393,,single
1790529479,2918090,6,,single
1790529480,4474950,41,,single
1790529482,3298460,4,,single
1790529483,842980,1415,,single
1790529485,1961600,8,,single
1790529487,2396910,110,,single
1790529489,3256150,48,,single
1790529490,4021870,6,,single
1790529492,1997410,18,,single
1790529493,4045190,3,,single
1790529494,2983660,0,,single
1790529496,2872930,3,,single
1790529497,3294890,0,,single
1790529499,3432270,7,,single
1790529500,3538880,2,,single
1790529502,4045750,1064,,single
1790529503,2832280,0,,single
1790529505,3524750,48,,single
1790529506,4209010,7,,single
1790529508,3058360,429,,single
1790529509,3288300,2,,single
1790529511,2925320,2,,single
1790529513,3762660,152,,single
1790529514,2591150,3,,single
1790529515,3211850,38,,single
1790529517,3575790,12,,single
1790529518,2647300,0,,single
1790529520,1660960,3,,single
1790529521,4252290,34,,single
1790529523,2431080,83,,single
1790529524,3699590,1857,,single
1790529526,2404390,6,,single
1790529527,2889660,13,,single
1790529528,3070500,86,,single
1790529530,4141770,88,,single
1790529531,2591910,3,,single
1790529533,2739620,10,,single
1790529534,3491570,6,,single
1790529536,1341210,2,,single
1790529537,3686930,12,,single
1790529539,3039910,14,,single
1790529540,4246860,61,,single
1790529541,2287550,145,,single
1790529543,2420350,2,,single
1790529544,2983510,0,,single
1790529546,3815750,9,,single
1790529547,4311000,5,,single
1790529549,1221480,7,,single
1790529550,2786450,1,,single
1790529552,3634590,34,,single
1790529553,3234720,3,,single
1790529555,3874950,462,,single
1790529557,2295520,43,,single
1790529558,2909580,49,,single
1790529560,1330560,2,,single
1790529561,3909220,3,,single
1790529563,4148670,10,,single
1790529564,2342920,6,,single
1790529566,3851570,4,,single
1790529567,4584110,454,,single
1790529569,1583520,8,,single
1790529571,2510810,10,,single
1790529572,2701210,1,,single
1790529574,3196540,11,,single
1790529575,1981560,32,,single
1790529576,3411510,3,,single
1790529578,2302320,3,,single
1790529580,3324650,9,,single
1790529581,2229830,34,,single
1790529583,3532360,0,,single
1790529584,3802470,25,,single
1790529586,4158400,2,,single
1790529587,2244030,5,,single
1790529588,3238580,8,,single
1790529590,2903710,0,,single
1790529591,3748640,1,,single
1790529593,2281940,5,,single
1790529595,2564910,50,,single
1790529596,3977290,2,,single
1790529598,2821890,18,,single
1790529599,3933120,20,,single
1790529601,4240090,2,,single
1790529602,3055230,42,,single
1790529604,3987800,15,,single
1790529605,4689440,87,,single
1790529607,3872000,19,,single
1790529609,2154070,0,,single
1790529610,2760790,14,,single
1790529612,3266090,20,,single
1790529613,3500680,21,,single
1790529615,3096270,0,,single
1790529617,2447980,31,,single
1790529618,4276980,9,,single
1790529620,2419800,19,,single
1790529621,4094670,20,,single
1790529623,3561740,12,,single
1790529624,4668890,152,,single
1790529626,2580130,11,,single
1790529627,3333700,4,,single
1790529629,4191350,28,,single
1790529630,1509970,11,,single
1790529631,3042650,240,,single
1790529633,2512190,2,,single
1790529634,4305480,10,,single
1790529636,3345950,49,,single
1790529637,2983410,1,,single
1790529639,3200290,22,,single
1790529640,3639010,13,,single
1790529642,2312280,0,,single
1790529643,3844750,3,,single
1790529645,2732980,76,,single
1790529648,2371890,13,,single
1790529649,2549240,0,,single
1790529651,3504700,46,,single
1790529653,2398490,4,,single
1790529654,1670830,4,,single
1790529656,2887780,6,,single
1790529657,3122920,6,,single
1790529659,3155290,15,,single
1790529660,3744080,22,,single
1790529662,4216670,502,,single
1790529663,1812910,7,,single
1790529665,3226210,7,,single
1790529666,1330360,1,,single
1790529668,2771910,21,,single
1790529669,3607440,40,,single
1790529671,4187140,75,,single
1790529672,3048420,0,,single
1790529673,4560490,5,,single
1790529675,2540630,73,,single
1790529676,3734290,11,,single
1790529678,2229840,126,,single
1790529679,4090260,630,,single
1790529680,4211860,115,,single
1790529682,1344990,9,,single
1790529683,4039140,145,,single
1790529685,2655960,9,,single
1790529686,3140120,17,,single
1790529687,2525510,3,,single
1790529689,4149700,6,,single
1790529690,2442410,4,,single
1790529691,3505770,9,,single
1790529693,3491280,54,,single
1790529694,3151760,2,,single
1790529696,4164900,105,,single
1790529697,2899680,0,,single
1790529698,3474800,223,,single
1790529700,4261320,39,,single
1790529701,4403260,34,,single
1790529702,2154270,28,,single
1790529704,2774040,88,,single
1790529705,2776860,3,,single
1790529707,3633750,56,,single
1790529708,3852460,4,,single
1790529709,1626170,7,,single
1790529711,3198120,1,,single
1790529713,3543350,13,,single
1790529714,4734530,73,,single
1790529715,3426920,0,,single
1790529717,3877070,27,,single
1790529718,2918550,1,,single
1790529719,3624370,58,,single
1790529721,3519530,5,,single
1790529722,3437170,16,,single
1790529724,2957720,4,,single
1790529725,4532550,3,,single
1790529726,3008340,5,,single
1790529728,3278310,5,,single
1790529730,2423760,11,,single
1790529731,3684820,27,,single
1790529732,3447070,54,,single
1790529734,3948580,2,,single
1790529735,3264850,17,,single
1790529737,4011110,60,,single
1790529738,2084970,263,,single
1790529739,3579100,16,,single
1790529741,3690490,15,,single
1790529742,4098230,41,,single
1790529744,3966510,70,,single
1790529745,1803140,6,,single
1790529746,3044550,0,,single
1790529748,3470610,4,,single
1790529749,4645360,6,,single
1790529750,3030190,7,,single
1790529752,4134600,47,,single
1790529753,3633450,0,,single
1790529755,3126500,132,,single
1790529756,3608510,0,,single
1790529757,3985030,34,,single
1790529759,4685070,10,,single
1790529760,3597200,227,,single
1790529762,2000120,3,,single
1790529763,3543890,7,,single
1790529764,3762790,53,,single
1790529766,2953520,15,,single
1790529767,3820130,27,,single
1790529769,4070920,0,,single
1790529770,2886620,16,,single
1790529771,2076290,4,,single
1790529773,2540230,18,,single
1790529774,2249600,34,,single
1790529775,5097840,34,,single
1790529777,2570850,21,,single
1790529778,4678800,1401,,single
1790529780,3019850,9,,single
1790529781,3296830,9,,single
1790529782,3809110,7,,single
1790529784,2376170,89,,single
1790529785,3043940,5,,single
1790529787,1594040,2,,single
1790529788,3997360,25,,single
1790529789,3135930,10,,single
1790529791,4661910,234,,single
1790529792,3886870,19,,single
1790529794,3371480,0,,single
1790529795,3713000,17,,single
1790529796,2782830,0,,single
1790529798,3050630,84,,single
1790529799,4680930,9,,single
1790529800,3702540,204,,single
1790529802,3001560,0,,single
1790529803,3456800,12,,single
1790529805,3777060,69,,single
1790529806,2479090,19,,single
1790529807,2218930,17,,single
1790529809,3088070,42,,single
1790529810,3733510,44,,single
1790529812,3947040,18,,single
1790529813,2963540,25,,single
1790529814,3686580,7,,single
1790529816,3265230,21,,single
1790529817,2172910,132,,single
1790529819,3898860,3,,single
1790529820,1648360,4,,single
1790529821,3963070,0,,single
1790529823,3058890,0,,single
1790529824,3169520,20,,single
1790529826,4321720,103,,single
1790529827,4676750,38,,single
1790529828,2800080,10,,single
1790529830,3580340,4,,single
1790529831,4321500,7,,single
1790529833,2289630,4,,single
1790529835,4507620,38,,single
1790529836,2215910,8,,single
1790529838,2944760,1,,single
1790529839,1997440,4,,single
1790529841,2828820,1,,single
1790529842,3298170,0,,single
1790529844,1553260,6,,single
1790529846,2937310,120,,single
1790529847,4179020,8,,single
1790529849,3324580,13,,single
1790529851,3759910,7,,single
1790529852,3821790,6,,single
1790529854,3211490,4,,single
1790529855,4045370,67,,single
1790529857,2789410,25,,single
1790529858,3411730,30,,single
1790529859,4117730,5,,single
1790529861,4317790,48,,single
1790529862,1307960,9,,single
1790529864,2745710,2,,single
1790529865,3180340,76,,single
1790529867,3612130,7,,single
1790529868,4216180,10,,single
1790529869,2738670,1,,single
1790529871,2962420,3,,single
1790529872,3954990,2,,single
1790529874,3106530,34,,single
1790529875,3609320,1,,single
1790529876,1094600,5,,single
1790529878,1719310,1,,single
1790529879,4252960,22,,single
1790529881,2591310,21,,single
1790529882,3754990,171,,single
1790529884,4461640,15,,single
1790529885,2439560,0,,single
1790529886,2066520,8,,single
1790529888,2859100,34,,single
1790529889,3745310,6,,single
1790529891,1330190,6,,single
1790529892,3938640,71,,single
1790529894,4074010,20,,single
1790529895,1925650,30,,single
1790529896,3639380,13,,single
1790529898,3140180,23,,single
1790529899,3700760,116,,single
1790529901,2942950,10,,single
1790529902,3830210,1,,single
1790529904,2259330,2,,single
1790529905,3399900,18,,single
1790529907,3508770,19,,single
1790529908,1929230,5,,single
1790529910,3112290,1,,single
1790529911,3765590,3,,single
1790529913,2492780,13,,single
1790529914,2939600,18,,single
1790529916,3505270,10,,single
1790529917,4132890,66,,single
1790529919,2174380,5,,single
1790529920,3385370,3,,single
1790529921,2759280,4,,single
1790529923,3405160,3,,single
1790529924,3760230,167,,single
1790529926,4226370,101,,single
1790529927,2485860,5,,single
1790529928,2499040,4,,single
1790529930,2806120,8,,single
1790529932,3384890,0,,single
1790529934,3756260,0,,single
1790529935,1918480,5,,single
1790529937,2334130,4,,single
1790529938,3380520,5,,single
1790529940,4083770,12,,single
1790529942,2736840,3,,single
1790529945,2521400,3,,single
1790529946,3852250,422,,single
1790529948,3571750,9,,single
1790529950,3021540,34,,single
1790529952,3602030,4,,single
1790529954,4120790,59,,single
1790529955,1966410,4,,single
1790529958,3110490,11,,single
1790529959,3568460,41,,single
1790529961,1714510,7,,single
1790529963,2757820,9,,single
1790529965,3709790,5,,single
1790529966,3928990,58,,single
1790529967,2353700,2,,single
1790529969,2790700,70,,single
1790529971,3123060,132,,single
1790529972,3738830,5,,single
1790529974,4071040,8,,single
1790529975,2351660,5,,single
1790529977,4563880,0,,single
1790529978,2589670,5,,single
1790529980,5028390,121,,single
1790529981,2685500,1,,single
1790529982,3201070,5,,single
1790529984,4377370,45,,single
1790529986,1528260,1,,single
1790529987,2890150,10,,single
1790529989,3253710,0,,single
1790529990,2074620,4,,single
1790529992,2783360,810,,single
1790529993,3159120,2,,single
1790529995,3410630,7,,single
1790529996,5084260,47,,single
1790529998,3435600,3,,single
1790529999,3940340,4,,single
1790530002,2071300,0,,single
1790530003,2427450,3,,single
1790530004,3632890,3,,single
1790530006,868160,236,,single
1790530007,3642660,1,,single
1790530009,4707200,1,,single
1790530010,2639460,3,,single
1790530012,4929970,18,,single
1790530013,2778850,0,,single
1790530015,3478920,6,,single
1790530016,2197740,2,,single
1790530017,2943670,9,,single
1790530019,3093590,9,,single
1790530020,4573090,212,,single
1790530022,1733110,8,,single
1790530024,3464970,15,,single
1790530025,3089450,0,,single
1790530027,3761880,5,,single
1790530029,4335460,10,,single
1790530030,4335620,2639,,single
1790530032,4268470,22,,single
1790530033,4914610,1,,single
1790530035,2840000,2,,single
1790530036,3528280,0,,single
1790530037,3995190,26,,single
1790530039,2191280,4,,single
1790530040,3308200,1,,single
1790530042,3552310,733,,single
1790530043,4005090,10,,single
1790530045,3186680,0,,single
1790530046,1839060,31,,single
1790530048,3718550,4,,single
1790530049,3316350,4,,single
1790530050,3597020,11,,single
1790530052,2398520,7,,single
1790530053,3027600,5,,single
1790530055,3209750,4,,single
1790530056,3989810,16,,single
1790530058,2593340,55,,single
1790530059,3809910,6,,single
1790530060,3002570,2,,single
1790530062,3675470,5,,single
1790530063,2819470,31,,single
1790530065,3640200,501,,single
1790530066,3882310,61,,single
1790530068,3966890,27,,single
1790530069,1859430,0,,single
1790530071,4204590,5,,single
1790530072,4962010,97,,single
1790530074,2727660,1,,single
1790530075,3332060,4,,single
1790530077,3642180,30,,single
1790530078,2937910,3,,single
1790530080,3148160,5,,single
1790530081,3415570,5,,single
1790530083,3561030,22,,single
1790530084,1965270,3,,single
1790530086,3172450,15,,single
1790530087,2168080,2,,single
1790530088,2212910,5,,single
1790530090,3491690,97,,single
1790530091,3626760,15,,single
1790530093,1108270,154,,single
1790530094,3085640,6,,single
1790530096,3396400,6,,single
1790530097,4250510,107,,single
1790530099,2632240,21,,single
1790530100,2383130,22,,single
1790530102,2702260,5,,single
1790530103,2990600,2,,single
1790530105,3199870,2,,single
1790530106,3499220,5,,single
1790530107,2370310,5,,single
1790530109,2776630,18,,single
1790530110,3208930,117,,single
1790530112,3451440,1,,single
1790530113,1304280,17,,single
1790530115,3620940,1,,single
1790530116,4190240,267,,single
1790530118,4542660,1,,single
1790530119,3629080,2,,single
1790530121,4332910,19,,single
1790530122,1921490,5,,single
1790530124,2322380,5,,single
1790530125,2738430,0,,single
1790530127,3567620,9,,single
1790530128,3912310,0,,single
1790530130,2760560,9,,single
1790530131,2203210,1,,single
1790530133,3362960,30,,single
1790530134,3703520,226,,single
1790530136,2496640,1,,single
1790530137,3349800,2,,single
1790530139,3371510,2,,single
1790530140,1841360,2,,single
1790530142,3232610,9,,single
1790530143,4032770,11,,single
1790530145,4175440,10,,single
1790530147,2652500,3,,single
1790530149,2943420,5,,single
1790530150,4651030,4,,single
1790530151,3017730,24,,single
1790530153,3708070,12,,single
1790530154,3971470,0,,single
1790530156,2265990,3,,single
1790530157,3211430,25,,single
1790530159,3724490,4,,single
1790530160,2086050,2,,single
1790530162,3560370,1,,single
1790530163,3857590,0,,single
1790530165,4228690,3,,single
1790530166,4774170,20,,single
1790530168,2651420,1,,single
1790530169,2834700,111,,single
1790530170,2980900,2,,single
1790530172,3772080,5,,single
1790530173,4308110,6,,single
1790530175,3112170,6,,single
1790530176,4310440,308,,single
1790530178,4453290,196,,single
1790530179,4787190,4,,single
1790530181,3088700,196,,single
1790530182,1156360,7,,single
1790530184,2782400,1,,single
1790530185,3861120,9,,single
1790530186,2678070,13,,single
1790530188,3699970,1,,single
1790530190,2184770,5,,single
1790530191,3636930,302,,single
1790530193,4341260,80,,single
1790530194,4491360,17,,single
1790530195,2784980,0,,single
1790530197,3951430,3,,single
1790530199,5120650,513,,single
1790530200,1775960,2,,single
1790530202,3273480,3,,single
1790530203,1793440,21,,single
1790530204,2092840,5,,single
1790530206,3196500,1,,single
1790530207,3426430,3,,single
1790530209,3137350,15,,single
1790530210,4530240,2,,single
1790530212,2902070,0,,single
1790530213,3217970,1,,single
1790530215,3640430,28,,single
1790530216,3845450,34,,single
1790530218,2441170,8,,single
1790530219,3814340,49,,single
1790530221,2591380,1,,single
1790530222,3207400,1,,single
1790530224,1446900,194,,single
1790530225,2952690,15,,single
1790530227,3639780,5,,single
1790530228,5064340,1114,,single
1790530230,1374860,220,,single
1790530231,2999500,116,,single
1790530233,4513060,29,,single
1790530234,3328490,161,,single
1790530235,4289410,97,,single
1790530237,3613050,34,,single
1790530239,3042790,3,,single
1790530240,4169160,13,,single
1790530242,2403830,71,,single
1790530243,2902170,95,,single
1790530245,4301110,53,,single
1790530246,3891400,58,,single
1790530248,4163960,268,,single
1790530249,4328570,612,,single
1790530250,5159810,15,,single
1790530252,3199470,3,,single
1790530253,4810070,6,,single
1790530255,3572800,60,,single
1790530256,3916440,1,,single
1790530258,3275400,1,,single
1790530259,3829310,255,,single
1790530261,4437370,11,,single
1790530262,4353350,56,,single
1790530264,5130150,58,,single
1790530265,3570470,1,,single
1790530267,3926930,13,,single
1790530269,3010380,4,,single
1790530270,2436870,18,,single
1790530272,5113530,202,,single
1790530273,1864690,55,,single
1790530275,3484940,1,,single
1790530276,4014100,43,,single
1790530277,2876200,407,,single
1790530279,4084120,39,,single
1790530280,3951340,17,,single
1790530281,3640740,20,,single
1790530283,4152550,100,,single
1790530284,4436560,26,,single
1790530286,3170490,26,,single
1790530287,4368560,5,,single
1790530288,1470810,8,,single
1790530290,5166890,74,,single
1790530291,3859630,3,,single
1790530293,3421740,8,,single
1790530294,1283700,1,,single
1790530295,4128260,3,,single
1790530297,2814790,5,,single
1790530298,3949290,17,,single
1790530300,3215290,2,,single
1790530301,1803550,3,,single
1790530302,4777900,12,,single
1790530304,3119780,1,,single
1790530305,3062500,17,,single
1790530307,3204120,12,,single
1790530308,4739190,168,,single
1790530309,4923090,6,,single
1790530311,4914830,17,,single
1790530312,4937570,10,,single
1790530314,4730180,3,,single
1790530315,4820140,0,,single
1790530317,4834490,33,,single
1790530318,4836650,5,,single
1790530319,4773930,104,,single
1790530321,4782480,0,,single
1790530322,2906500,1,,single
1790530324,4740460,3,,single
1790530325,4872540,0,,single
1790530327,4861510,149,,single
1790530328,4881550,0,,single
1790530330,4790970,16,,single
1790530331,4729160,0,,single
1790530333,4854180,1,,single
1790530334,4869070,5,,single
1790530336,4790520,1,,single
1790530337,4864080,1,,single
1790530338,4914590,0,,single
1790530340,4875060,24,,single
1790530341,3449840,3,,single
1790530343,4882280,5,,single
1790530344,4911380,0,,single
1790530346,4752780,0,,single
1790530348,4847800,0,,single
1790530349,775620,0,,single
1790530350,2560100,0,,single
1790530352,2866270,2,,single
1790530353,3161270,11,,single
1790530355,1825250,2,,single
1790530356,1573590,0,,single
1790530357,2099680,4,,single
1790530359,1795190,0,,single
1790530360,3399040,8,,single
1790530361,1374960,1,,single
1790530363,1403940,2,,single
1790530364,2657930,5,,single
1790530366,1930390,0,,single
1790530367,1936360,0,,single
1790530369,2340510,0,,single
1790530370,1777990,0,,single
1790530371,668600,0,,single
1790530373,2915660,4,,single
1790530374,2022230,0,,single
1790530376,1797930,0,,single
1790530377,3487770,39,,single
1790530378,2246470,3,,single
1790530380,3163790,3,,single
1790530381,3468640,9,,single
1790530383,2572300,3,,single
1790530384,1951780,7,,single
1790530385,3470530,0,,single
1790530387,1377700,2,,single
1790530388,3334710,8,,single
1790530390,1267210,5,,single
1790530391,3692240,11,,single
1790530392,3488200,0,,single
1790530394,2848800,0,,single
1790530395,2370420,0,,single
1790530397,3549220,5,,single
1790530398,3631850,0,,single
1790530399,3647480,0,,single
1790530401,3567760,0,,single
1790530402,2516890,0,,single
1790530404,3446990,0,,single
1790530405,3002510,0,,single
1790530406,2115760,0,,single
1790530408,3054440,2,,single
1790530409,3137520,0,,single
1790530411,2848360,5,,single
1790530412,1674830,4,,single
1790530413,3555700,8,,single
1790530415,3049990,2,,single
1790530416,1262890,0,,single
1790530418,3443620,7,,single
1790530419,3640750,0,,single
1790530420,2800460,0,,single
1790530422,3174810,0,,single
1790530424,3297050,0,,single
1790530425,3399400,1,,single
1790530426,3132250,7,,single
1790530428,3284270,0,,single
1790530429,2625550,1,,single
1790530431,2850220,1,,single
1790530432,3041820,6,,single
1790530433,3566200,12,,single
1790530435,3010520,0,,single
1790530436,3401000,0,,single
1790530438,2012390,0,,single
1790530439,2870220,6,,single
1790530441,3491230,9,,single
1790530442,2111020,8,,single
1790530443,2455350,1,,single
1790530445,3457390,0,,single
1790530446,3194890,2,,single
1790530448,3373900,0,,single
1790530449,2712740,0,,single
1790530451,2689440,0,,single
1790530452,2536260,0,,single
1790530454,2905790,0,,single
1790530455,2698460,0,,single
1790530457,3505850,0,,single
1790530458,3404410,0,,single
1790530460,2824580,1,,single
1790530461,3355020,0,,single
1790530463,2742730,1,,single
1790530464,3384190,0,,single
1790530465,3015510,8,,single
1790530467,3201530,5,,single
1790530469,2549380,1,,single
1790530470,3137110,2,,single
1790530472,2802710,6,,single
1790530473,2176460,0,,single
1790530474,2417000,2,,single
1790530476,2933910,0,,single
1790530477,3163730,0,,single
1790530479,1851200,7,,single
1790530480,3126980,1,,single
1790530482,2389560,0,,single
1790530483,2505210,0,,single
1790530485,3096420,0,,single
1790530486,3272110,0,,single
1790530488,3425880,2,,single
1790530489,3219550,0,,single
1790530491,2833640,1,,single
1790530492,2888470,4,,single
1790530494,1909100,1,,single
1790530495,2886090,1,,single
1790530496,3356790,11,,single
1790530498,3327670,0,,single
1790530500,2150490,0,,single
1790530501,1270980,5,,single
1790530503,2455610,5,,single
1790530504,2902580,2,,single
1790530506,2873380,0,,single
1790530507,2341760,3,,single
1790530509,2476350,1,,single
1790530510,2449530,2,,single
1790530512,2847380,0,,single
1790530513,3013460,3,,single
1790530515,2838940,3,,single
1790530516,3188050,0,,single
1790530517,2357950,6,,single
1790530519,3293990,0,,single
1790530521,3305350,0,,single
1790530522,1509060,2,,single
1790530523,2631870,35,,single
1790530525,3169750,2,,single
1790530526,3191990,1,,single
1790530528,3002500,0,,single
1790530529,2320880,0,,single
1790530531,3292980,0,,single
1790530532,2351890,0,,single
1790530534,3290040,3,,single
1790530535,3162020,0,,single
1790530536,2454350,0,,single
1790530538,2888540,0,,single
1790530539,1225200,0,,single
1790530541,3092090,3,,single
1790530542,2541890,13,,single
1790530544,2779890,1,,single
1790530545,2705820,0,,single
1790530549,2810830,0,,single
1790530551,2936410,16,,single
1790530552,3103750,0,,single
1790530554,3234760,1,,single
1790530555,3188340,2,,single
1790530556,2158030,0,,single
1790530558,2324210,2,,single
1790530560,1777440,2,,single
1790530561,3147220,0,,single
1790530563,3061910,0,,single
1790530564,3239550,7,,single
1790530566,2306020,0,,single
1790530567,2891870,1,,single
1790530569,3013700,0,,single
1790530570,2205330,8,,single
1790530572,2964300,0,,single
1790530573,3194140,3,,single
1790530575,2456430,2,,single
1790530576,3036880,0,,single
1790530578,3080880,8,,single
1790530579,2598190,0,,single
1790530581,2655470,0,,single
1790530582,2094370,2,,single
1790530584,1476230,0,,single
1790530585,3074200,1,,single
1790530587,3083520,0,,single
1790530588,3012630,0,,single
1790530589,3013740,1,,single
1790530591,3173930,2,,single
1790530593,1581490,1,,single
1790530594,3168370,0,,single
1790530596,3104510,0,,single
1790530597,3119720,1,,single
1790530599,2509120,1,,single
1790530600,3101770,8,,single
1790530602,3053390,0,,single
1790530603,3110500,2,,single
1790530605,2562900,0,,single
1790530607,3129760,0,,single
1790530608,2326220,0,,single
1790530609,3122950,0,,single
1790530611,2002600,0,,single
1790530612,2899320,0,,single
1790530614,2790680,0,,single
1790530615,1424290,2,,single
1790530617,2715910,0,,single
1790530618,3142400,3,,single
1790530620,3092040,0,,single
1790530621,3027820,19,,single
1790530623,2399060,1,,single
1790530624,2749100,1,,single
1790530626,2311530,1,,single
1790530627,3089290,0,,single
1790530629,2461240,0,,single
1790530630,2884650,0,,single
1790530632,2541590,0,,single
1790530633,2511050,0,,single
1790530635,1641120,0,,single
1790530636,3038590,0,,single
1790530638,3064270,82,,single
1790530639,3026480,0,,single
1790530641,2613950,4,,single
1790530642,1235100,3,,single
1790530644,2921600,1,,single
1790530645,1888060,0,,single
1790530646,1760330,1,,single
1790530648,2189670,0,,single
1790530649,1896570,0,,single
1790530651,2543350,0,,single
1790530652,3028680,0,,single
1790530654,2646240,0,,single
1790530655,2503250,0,,single
1790530657,3050600,1,,single
1790530658,2950330,0,,single
1790530659,2722200,0,,single
1790530661,2911820,0,,single
1790530663,2453400,0,,single
1790530664,2961060,0,,single
1790530665,2880750,1,,single
1790530667,2392310,8,,single
1790530668,2916220,22,,single
1790530670,2322900,1,,single
1790530671,2743970,1,,single
1790530672,2832220,1,,single
1790530674,2916210,20,,single
1790530675,2698540,0,,single
1790530677,2882080,0,,single
1790530678,1839930,1,,single
1790530680,2314850,1,,single
1790530681,1527060,0,,single
1790530683,2527580,1,,single
1790530684,2254600,1,,single
1790530686,2879300,0,,single
1790530688,2820940,4,,single
1790530689,2195790,2,,single
1790530690,2889270,0,,single
1790530692,2795060,14,,single
1790530693,2480560,8,,single
1790530695,2451010,8,,single
1790530696,2614670,0,,single
1790530698,2317880,0,,single
1790530700,2322090,0,,single
1790530701,2532300,0,,single
1790530703,2757840,3,,single
1790530704,1029570,0,,single
1790530706,1570830,0,,single
1790530708,2023920,0,,single
1790530709,2845400,0,,single
1790530710,2827780,0,,single
1790530712,2813380,0,,single
1790530713,2733920,0,,single
1790530715,2685090,0,,single
1790530716,2695080,0,,single
1790530718,1591220,1,,single
1790530719,1701330,1,,single
1790530720,2648990,0,,single
1790530722,2808270,0,,single
1790530723,2172490,0,,single
1790530725,2764070,0,,single
1790530726,874440,0,,single
1790530728,2766060,1,,single
1790530729,2725650,4,,single
1790530731,2743650,1,,single
1790530732,2696520,1,,single
1790530734,2210000,2,,single
1790530735,2700230,0,,single
1790530737,2773870,0,,single
1790530738,2430660,0,,single
1790530740,2494440,0,,single
1790530741,743910,1,,single
1790530743,2487490,1,,single
1790530744,1737400,1,,single
1790530746,2726180,0,,single
1790530747,2749650,0,,single
1790530748,2357570,78085,,single
1790530750,1625450,1133,,single
1790530751,1973530,36660,,single
1790530753,1449850,11577,,single
1790530754,1180320,515,,single
1790530755,2281730,1324,,single
1790530757,1920960,3394,,single
1790530758,835570,2644,,single
1790530760,1997040,2476,,single
1790530761,2141910,11029,,single
1790530762,1782380,130,,single
1790530764,1607250,3862,,single
1790530765,985810,4619,,single
1790530767,872200,250,,single
1790530768,1902490,13,,single
1790530769,1280770,218,,single
1790530771,1727650,32,,single
1790530772,1367080,534,,single
1790530774,1969870,144,,single
1790530775,3595270,4438,,single
1790530777,1590320,22,,single
1790530778,1949740,159,,single
1790530780,1712830,178,,single
1790530781,2495980,44,,single
1790530783,1985690,36,,single
1790530784,2171440,306,,single
1790530786,1481400,5,,single
1790530787,2167580,206,,single
1790530789,1671340,44,,single
1790530790,2668080,59,,single
1790530791,2157110,17,,single
1790530793,1352080,138,,single
1790530794,1891700,3332,,single
1790530796,1463120,65,,single
1790530797,1865370,1,,single
1790530799,2667970,16,,single
1790530800,1290490,6,,single
1790530802,1810580,24,,single
1790530803,930210,86,,single
1790530804,1129540,14,,single
1790530806,1812820,620,,single
1790530807,1926680,19,,single
1790530809,2422870,182,,single
1790530810,712840,4,,single
1790530812,1737100,115,,single
1790530813,2273420,136,,single
1790530815,2098350,79,,single
1790530816,1732180,47,,single
1790530818,1698960,4,,single
1790530819,1742020,32,,single
1790530821,1854430,4,,single
1790530822,1580970,3,,single
1790530824,1495320,403,,single
1790530825,1073440,154,,single
1790530827,2343650,53,,single
1790530829,1713610,5,,single
1790530830,327890,3,,single
1790530832,1399720,1235,,single
1790530833,981600,98,,single
1790530834,1453490,20,,single
1790530836,1035120,9,,single
1790530837,2475460,6066,,single
1790530839,1793250,87,,single
1790530840,1304510,7,,single
1790530843,2433730,22,,single
1790530846,2353760,13,,single
1790530847,1812390,32,,single
1790530849,2186570,5,,single
1790530850,1819570,4,,single
1790530851,2173800,58,,single
1790530853,1607130,27,,single
1790530855,1849000,9,,single
1790530856,1813430,62,,single
1790530858,1296770,19,,single
1790530859,1083880,44,,single
1790530861,2171690,6,,single
1790530862,1860570,8,,single
1790530864,1968840,20,,single
1790530865,2328760,147,,single
1790530866,1463920,28,,single
1790530868,1757490,10,,single
1790530869,1349040,5,,single
1790530871,439700,0,,single
1790530872,1776160,0,,single
1790530874,1878910,21,,single
1790530875,2373630,13,,single
1790530876,705040,0,,single
1790530878,1048370,235,,single
1790530880,1597480,67,,single
1790530881,1896700,111,,single
1790530883,1768640,8,,single
1790530884,1873030,34,,single
1790530885,2067850,184,,single
1790530887,1184770,106,,single
1790530888,1814630,21,,single
1790530890,2127010,23,,single
1790530891,1428870,1,,single
1790530892,1959480,0,,single
1790530894,1206700,2,,single
1790530895,2158500,3,,single
1790530897,1566060,1,,single
1790530898,1827980,334,,single
1790530900,1683860,0,,single
1790530901,2672090,1,,single
1790530902,1958390,22,,single
1790530904,2004320,10,,single
1790530905,1684170,12,,single
1790530907,1574360,471,,single
1790530908,1292690,125,,single
1790530910,2272420,6,,single
1790530911,1785820,4,,single
1790530913,2069640,3,,single
1790530914,1342260,16,,single
1790530916,1772820,2,,single
1790530917,1826980,23,,single
1790530918,2423320,7,,single
1790530920,2519830,188,,single
1790530921,1259440,49,,single
1790530923,1358250,9,,single
1790530924,2466680,27,,single
1790530926,1743260,8,,single
1790530928,2322660,71,,single
1790530929,1008020,17,,single
1790530931,2544720,48,,single
1790530932,1254130,64,,single
1790530933,2599450,11,,single
1790530935,1877960,652,,single
1790530936,1401680,0,,single
1790530938,3837340,544,,single
1790530939,1473250,4,,single
1790530941,1639990,27,,single
1790530942,2316660,2,,single
1790530944,1066130,2,,single
1790530945,1653970,215,,single
1790530946,1694200,3,,single
1790530948,1863670,31,,single
1790530949,885000,14,,single
1790530951,1573360,435,,single
1790530952,2564660,39,,single
1790530954,930910,21,,single
1790530955,2279510,0,,single
1790530956,333300,36,,single
1790530958,1572920,21,,single
1790530959,216110,1,,single
1790530961,2527690,7,,single
1790530962,1753410,53,,single
1790530964,1903370,0,,single
1790530965,1959960,3,,single
1790530967,2308870,19,,single
1790530968,1740150,3,,single
1790530970,935270,2,,single
1790530971,2503740,82,,single
1790530973,2274980,39,,single
1790530974,1761220,32,,single
1790530975,1191420,90,,single
1790530977,295950,3,,single
1790530978,1823380,15,,single
1790530980,1755920,111,,single
1790530981,2433470,321,,single
1790530983,1299320,1,,single
1790530984,2440200,5,,single
1790530986,2098790,31,,single
1790530987,1687670,135,,single
1790530989,2071530,4,,single
1790530990,1281160,3,,single
1790530992,1093170,0,,single
1790530993,1457220,23,,single
1790530995,1013310,0,,single
1790530996,2261050,14,,single
1790530998,2458490,23,,single
1790530999,2343600,6,,single
1790531000,1754870,21,,single
1790531002,2439510,795,,single
1790531003,1053710,49,,single
1790531005,733340,14,,single
1790531007,1660520,4,,single
1790531008,1720050,1,,single
1790531010,1024800,7,,single
1790531011,319170,6,,single
1790531013,1380410,76,,single
1790531014,1224160,9,,single
1790531015,2211280,15,,single
1790531017,603390,13,,single
1790531018,1910780,4,,single
1790531020,1658310,9,,single
1790531021,1354910,3,,single
1790531023,1172940,1,,single
1790531024,284790,2,,single
1790531026,1821570,0,,single
1790531027,1572080,1,,single
1790531029,1744330,11,,single
1790531030,1455070,3,,single
1790531032,2668050,1,,single
1790531033,1212020,4,,single
1790531034,552440,1,,single
1790531036,349580,0,,single
1790531037,2351080,4,,single
1790531039,1571170,4,,single
1790531043,1504980,26,,single
1790531045,1775530,14,,single
1790531056,1590730,13,,single
1790531058,1341330,0,,single
1790531060,1174400,20,,single
1790531061,1394100,5,,single
1790531063,288080,8,,single
1790531064,765900,0,,single
1790531065,529840,0,,single
1790531067,690930,0,,single
1790531069,1359120,8,,single
1790531070,1774100,5,,single
1790531072,1589770,1,,single
1790531073,675560,2,,single
1790531075,1724050,5,,single
1790531077,2053940,19,,single
1790531078,348820,9,,single
1790531079,1626640,0,,single
1790531081,944330,14,,single
1790531082,2059310,7,,single
1790531084,1641990,29,,single
1790531085,1750200,4,,single
1790531086,2544090,28,,single
1790531088,1470120,0,,single
1790531089,1777390,2,,single
1790531091,1894080,2,,single
1790531092,1997470,4,,single
1790531094,1098130,0,,single
1790531095,2316330,0,,single
1790531096,1336060,1,,single
1790531098,1738710,0,,single
1790531099,1539160,0,,single
1790531101,1601280,4,,single
1790531102,1333360,3,,single
1790531104,13200,1,,single
1790531105,1597460,9,,single
1790531106,1754860,9,,single
1790531108,274130,0,,single
1790531109,321410,3,,single
1790531111,1457150,0,,single
1790531112,1477630,0,,single
1790531114,1314630,5,,single
1790531116,733460,5,,single
1790531117,2445660,90,,single
1790531119,806950,3,,single
1790531120,2552850,57,,single
1790531122,453000,0,,single
1790531123,9000,0,,single
1790531125,330570,0,,single
1790531126,47000,1,,single
1790531127,1843730,25,,single
1790531129,1667130,0,,single
1790531130,1418760,37,,single
1790531133,2139300,5,,single
1790531134,1573300,2,,single
1790531136,2146790,0,,single
1790531137,2102760,7,,single
1790531138,649600,6,,single
1790531140,1671600,0,,single
1790531143,1590600,2,,single
1790531145,391000,99,,single
1790531147,905450,3,,single
1790531148,1819980,1,,single
1790531149,1693280,4,,single
1790531151,2093410,66,,single
1790531152,1859020,7,,single
1790531154,265770,0,,single
1790531155,1072120,61,,single
1790531157,2081460,1,,single
1790531158,1223810,5,,single
1790531159,301980,0,,single
1790531161,2291020,3,,single
1790531162,654690,0,,single
1790531164,657690,1,,single
1790531165,324520,15,,single
1790531167,883130,3,,single
1790531169,668590,0,,single
1790531171,884320,1,,single
1790531172,1642890,27,,single
1790531173,1097370,1,,single
1790531175,1150720,0,,single
1790531177,2485460,140,,single
1790531178,1448750,1,,single
1790531180,937380,91,,single
1790531181,2317510,0,,single
1790531183,1302750,0,,single
1790531184,65710,0,,single
1790531186,1658620,11,,single
1790531187,1177970,32,,single
1790531189,1637070,12,,single
1790531190,346370,0,,single
1790531192,800620,5,,single
1790531193,2348680,6,,single
1790531195,2019830,0,,single
1790531196,589510,0,,single
1790531197,1569620,0,,single
1790531199,2348170,5,,single
1790531200,45000,4,,single
1790531202,1063580,5,,single
1790531203,1767170,7,,single
1790531205,2143340,1,,single
1790531206,1975180,0,,single
1790531208,1366850,1,,single
1790531209,1571190,63,,single
1790531211,357500,1,,single
1790531212,1724320,5,,single
1790531214,1903060,1,,single
1790531215,1772910,2,,single
1790531216,361670,4,,single
1790531218,751240,0,,single
1790531219,1468160,4,,single
1790531221,2351970,5,,single
1790531222,1863290,2,,single
1790531224,2194810,2,,single
1790531225,886040,0,,single
1790531227,1074620,1,,single
1790531229,982510,0,,single
1790531230,1973580,4,,single
1790531232,1367760,9,,single
1790531233,993790,1,,single
1790531235,1906220,26,,single
1790531236,362300,0,,single
1790531238,1446850,18,,single
1790531239,2262930,14,,single
1790531241,2208530,15,,single
1790531242,2283780,13,,single
1790531244,2337630,2,,single
1790531245,37240,9,,single
1790531247,1648730,0,,single
1790531248,2336180,1,,single
1790531250,565170,3,,single
1790531251,680340,0,,single
1790531253,982220,8,,single
1790531254,604190,0,,single
1790531256,1949220,0,,single
1790531257,2076800,0,,single
1790531259,1968430,9,,single
1790531260,895150,0,,single
1790531261,854250,8,,single
1790531263,600430,1,,single
1790531264,47540,2,,single
1790531266,640990,1,,single
1790531267,1944060,4,,single
1790531269,1571820,1,,single
1790531270,1541220,1,,single
1790531272,1106860,1,,single
1790531274,2187920,2,,single
1790531275,489240,326,,single
1790531276,1594410,0,,single
1790531278,342280,0,,single
1790531280,2523910,8,,single
1790531281,904520,2,,single
1790531282,1886120,1,,single
1790531284,763970,1,,single
1790531285,1528550,0,,single
1790531287,2420330,0,,single
1790531288,1599250,0,,single
1790531290,1474200,0,,single
1790531291,1706820,229,,single
1790531293,1785980,0,,single
1790531294,1880710,3,,single
1790531296,762940,9,,single
1790531297,1719100,1,,single
1790531299,747910,0,,single
1790531300,297470,1,,single
1790531302,608510,0,,single
1790531304,611300,0,,single
1790531305,1769270,12,,single
1790531306,1910130,6,,single
1790531308,1635350,0,,single
1790531309,1742470,0,,single
1790531311,1654900,0,,single
1790531312,411480,0,,single
1790531314,2298590,26,,single
1790531315,2450130,0,,single
1790531317,1688850,0,,single
1790531318,492340,0,,single
1790531320,2193070,6,,single
1790531321,1770600,1,,single
1790531323,1611070,24,,single
1790531324,1105110,1,,single
1790531326,460250,0,,single
1790531327,1986310,1,,single
1790531329,2676540,0,,single
1790531331,2316410,0,,single
1790531332,1837230,1,,single
1790531334,956580,0,,single
1790531335,1133770,0,,single
1790531337,1823710,5,,single
1790531338,844980,1,,single
1790531340,1325880,0,,single
1790531341,1302990,1,,single
1790531343,2380240,0,,single
1790531344,1868170,35,,single
1790531346,889040,0,,single
1790531347,1814710,1,,single
1790531349,612100,0,,single
1790531350,2217730,1,,single
1790531352,556480,1,,single
1790531354,2110540,0,,single
1790531356,2267870,0,,single
1790531357,2407310,0,,single
1790531359,1766160,1,,single
1790531360,934060,0,,single
1790531362,2085970,16,,single
1790531363,550810,0,,single
1790531365,37030,3,,single
1790531366,1867190,0,,single
1790531368,2321430,174,,single
1790531369,2190210,53,,single
1790531371,4158870,14,,single
1790531372,2022360,0,,single
1790531374,3095170,17,,single
1790531375,3605140,2,,single
1790531376,1597220,25,,single
1790531378,1791700,0,,single
1790531379,2377240,1,,single
1790531381,2951880,4,,single
1790531383,3814970,10,,single
1790531384,3967470,7,,single
1790531386,1563940,54,,single
1790531387,2564960,16,,single
1790531389,3594590,4,,single
1790531390,841460,0,,single
1790531392,3249380,2,,single
1790531393,3437350,6,,single
1790531395,485000,1,,single
1790531396,1444080,2,,single
1790531398,3742830,1,,single
1790531399,3987810,10,,single
1790531401,1909800,4,,single
1790531402,3554630,9,,single
1790531404,3823290,5,,single
1790531405,2282020,9,,single
1790531407,2489560,3,,single
1790531409,3493400,5,,single
1790531410,3854870,202,,single
1790531411,318090,1,,single
1790531413,3462210,1,,single
1790531415,3689560,23,,single
1790531416,4040210,2,,single
1790531418,1490410,1,,single
1790531419,2194610,3,,single
1790531421,3065090,84,,single
1790531422,3307120,17,,single
1790531423,2283460,20,,single
1790531425,3864890,0,,single
1790531427,2474770,49,,single
1790531428,2642820,3,,single
1790531430,3875050,160,,single
1790531433,908060,7,,single
1790531434,2169220,13,,single
1790531436,2488630,0,,single
1790531437,3811880,2,,single
1790531439,3869630,6,,single
1790531440,2550140,2,,single
1790531443,4486290,39,,single
1790531445,3814570,14,,single
1790531447,381750,1,,single
1790531448,2009390,8,,single
1790531450,3059750,88,,single
1790531451,2393730,2,,single
1790531452,3860100,1,,single
1790531454,1449000,0,,single
1790531455,2138290,0,,single
1790531457,3408380,1,,single
1790531458,518040,6,,single
1790531460,2931620,0,,single
1790531462,3963030,114,,single
1790531463,4405880,3,,single
1790531465,1937470,5,,single
1790531466,428440,0,,single
1790531467,1239360,0,,single
1790531469,2142540,0,,single
1790531470,2808560,17,,single
1790531472,3232660,1,,single
1790531473,3759820,151,,single
1790531474,596950,1,,single
1790531476,1498120,4,,single
1790531477,3247200,30,,single
1790531479,3621330,1,,single
1790531480,1976980,3,,single
1790531482,3751210,11,,single
1790531483,1902940,4,,single
1790531485,2593850,0,,single
1790531486,3108980,5,,single
1790531488,3458610,0,,single
1790531490,3381130,85,,single
1790531491,678310,2,,single
1790531493,3298520,676,,single
1790531495,727090,0,,single
1790531496,1844240,13,,single
1790531498,2258290,5,,single
1790531499,2870280,0,,single
1790531500,3771230,4,,single
1790531502,982300,18,,single
1790531503,1967180,0,,single
1790531505,3130800,1,,single
1790531506,3385960,6,,single
1790531508,3971650,24,,single
1790531509,4911470,3,,single
1790531511,2194800,19,,single
1790531512,2765320,3,,single
1790531514,3726250,8,,single
1790531515,4467560,18,,single
1790531517,1273640,3,,single
1790531518,2438970,21,,single
1790531520,2585270,5,,single
1790531521,3172300,6,,single
1790531523,1083190,0,,single
1790531524,2741260,0,,single
1790531525,3066310,14,,single
1790531527,4181970,9,,single
1790531529,1985360,0,,single
1790531530,2631140,12,,single
1790531532,4112070,23,,single
1790531533,2706370,5,,single
1790531534,2948680,15,,single
1790531536,3234100,0,,single
1790531537,3456930,11,,single
1790531539,4027450,357,,single
1790531540,4885890,13,,single
1790531542,1347080,0,,single
1790531543,2923350,1,,single
1790531545,3306990,3,,single
1790531546,4102010,0,,single
1790531548,4375110,59,,single
1790531549,615250,21,,single
1790531550,1735670,1,,single
1790531552,3201360,0,,single
1790531553,3877790,8,,single
1790531555,3177010,0,,single
1790531556,3508910,3,,single
1790531558,1852520,1,,single
1790531559,3043330,0,,single
1790531561,4924840,18,,single
1790531562,1972470,2,,single
1790531564,2836990,17,,single
1790531565,2857910,8,,single
1790531567,3603580,3,,single
1790531568,3242090,120,,single
1790531570,3338660,6,,single
1790531571,1190600,14,,single
1790531572,1740070,2,,single
1790531574,2391900,0,,single
1790531575,3062030,118,,single
1790531577,4286040,40,,single
1790531578,4090330,60,,single
1790531580,3315770,1,,single
1790531581,3144340,10,,single
1790531583,1946560,67,,single
1790531584,4951190,144,,single
1790531586,4921760,104,,single
1790531587,3998900,0,,single
1790531589,3848900,9,,single
1790531590,3994680,8,,single
1790531591,3258560,10,,single
1790531593,1510330,4,,single
1790531595,3590360,159,,single
1790531596,4294860,14,,single
1790531598,3486430,15,,single
1790531599,4911340,7,,single
1790531601,4796160,15,,single
1790531603,3096230,1,,single
1790531604,3423990,8,,single
1790531606,4088120,0,,single
1790531607,3987230,6,,single
1790531609,3994120,34,,single
1790531610,3069340,1,,single
1790531612,2100020,18,,single
1790531614,4281060,4,,single
1790531615,4011300,31,,single
1790531617,3507880,1,,single
1790531618,4961460,8,,single
1790531620,4736830,7,,single
1790531621,2477710,14,,single
1790531622,3935270,10,,single
1790531624,2836460,19,,single
1790531625,4271680,82,,single
1790531627,4985540,98,,single
1790531628,4953610,47,,single
1790531630,3850800,5,,single
1790531631,2824880,3,,single
1790531633,3929350,3,,single
1790531634,4450570,12,,single
1790531636,3396920,4,,single
1790531637,4209830,3,,single
1790531639,4251370,1,,single
1790531640,3957050,14,,single
1790531642,5007590,42,,single
1790531643,3084370,1,,single
1790531644,2275300,5,,single
1790531646,4161140,2,,single
1790531647,4826200,31,,single
1790531649,4860340,0,,single
1790531650,4920100,3,,single
1790531652,2598990,6,,single
1790531653,3570110,1,,single
1790531655,4264950,3,,single
1790531656,4225400,5,,single
1790531658,2864290,7,,single
1790531659,2248620,24,,single
1790531661,2876050,0,,single
1790531662,3613960,14,,single
