ts,appid,concurrent,peak_in_game,src
1789792269,2070550,3,,single
1789792270,1055540,39,,single
1789792272,1586800,25,,single
1789792273,1740300,5,,single
1789792275,1567800,12,,single
1789792276,2073910,38,,single
1789792278,2869860,13,,single
1789792279,2124380,8,,single
1789792280,1405500,9,,single
1789792282,623080,8,,single
1789792284,1089980,90,,single
1789792285,413150,49081,,single
1789792287,1794680,4099,,single
1789792288,2231450,278,,single
1789792289,546560,316,,single
1789792291,2694490,35694,,single
1789792292,1623730,70109,,single
1789792294,420,29,,single
1789792295,15710,1,,single
1789792296,40800,58,,single
1789792298,200710,267,,single
1789792299,207690,4,,single
1789792301,209370,0,,single
1789792302,214490,236,,single
1789792304,219990,5521,,single
1789792305,227000,2,,single
1789792307,237740,1,,single
1789792308,239430,0,,single
1789792310,251270,6,,single
1789792311,264380,14,,single
1789792313,265610,37,,single
1789792314,274520,106,,single
1789792316,301860,0,,single
1789792317,310360,46,,single
1789792318,323320,5,,single
1789792320,324160,86,,single
1789792321,333600,59,,single
1789792323,337340,5,,single
1789792324,345180,1,,single
1789792326,353330,0,,single
1789792327,362890,441,,single
1789792329,373770,9,,single
1789792330,384190,7,,single
1789792332,385800,23,,single
1789792333,409660,0,,single
1789792334,418370,1719,,single
1789792336,449040,1,,single
1789792337,477870,4,,single
1789792339,483980,24,,single
1789792340,501590,40,,single
1789792342,508550,3,,single
1789792343,526870,10180,,single
1789792345,544330,5,,single
1789792346,562360,6,,single
1789792348,568770,5,,single
1789792349,580200,9,,single
1789792350,583470,13,,single
1789792352,602700,1,,single
1789792353,642090,5,,single
1789792355,665370,1,,single
1789792356,691450,3,,single
1789792358,729660,6,,single
1789792359,745920,63,,single
1789792361,764790,39,,single
1789792362,802880,26,,single
1789792364,829280,2,,single
1789792365,862440,0,,single
1789792366,892970,144699,,single
1789792368,899440,115,,single
1789792369,910630,4,,single
1789792371,920320,1,,single
1789792372,951000,1,,single
1789792374,963000,0,,single
1789792375,973230,36,,single
1789792376,983870,148,,single
1789792378,1012570,0,,single
1789792379,1040420,12,,single
1789792381,1062520,641,,single
1789792382,1067850,15,,single
1789792384,1082710,57,,single
1789792386,1092700,5,,single
1789792387,1092720,13,,single
1789792388,1119840,2,,single
1789792390,1145350,3264,,single
1789792391,1159690,137,,single
1789792393,1171320,1,,single
1789792394,1177980,58,,single
1789792396,1218210,59,,single
1789792397,1237320,180,,single
1789792399,1245560,77,,single
1789792400,1272840,1,,single
1789792401,1280930,141,,single
1789792403,1321440,224,,single
1789792404,1364960,5,,single
1789792406,1374490,21903,,single
1789792407,1382070,104,,single
1789792409,1441550,4,,single
1789792410,1477790,0,,single
1789792412,1516240,0,,single
1789792413,1549550,1,,single
1789792415,1587560,0,,single
1789792417,1599020,25,,single
1789792418,1629520,485,,single
1789792419,1658150,101,,single
1789792421,1709880,11,,single
1789792422,1733060,2,,single
1789792424,1772830,43,,single
1789792425,1819460,5,,single
1789792427,1895350,24,,single
1789792428,1924360,5,,single
1789792430,1944570,19,,single
1789792431,1948280,286,,single
1789792433,2007530,1,,single
1789792434,2238040,4,,single
1789792436,2246880,21,,single
1789792437,2256450,2,,single
1789792439,2276930,208,,single
1789792440,2313240,0,,single
1789792442,2356500,0,,single
1789792443,2415010,156,,single
1789792445,2479320,3,,single
1789792446,2525380,47,,single
1789792448,2637990,5,,single
1789792449,2788520,50,,single
1789792451,3027930,46,,single
1789792452,3069810,28,,single
1789792454,3263320,54,,single
1789792455,10,5959,,single
1789792457,240,1607,,single
1789792458,550,36522,,single
1789792460,2310,169,,single
1789792461,3480,176,,single
1789792463,4000,19566,,single
1789792464,6910,59,,single
1789792465,13230,26,,single
1789792467,22320,349,,single
1789792468,22380,3448,,single
1789792470,32440,180,,single
1789792471,33100,19,,single
1789792473,40970,328,,single
1789792474,70400,21,,single
1789792476,105600,36666,,single
1789792477,205100,435,,single
1789792479,207610,120,,single
1789792480,219150,208,,single
1789792481,223470,303,,single
1789792483,230290,301,,single
1789792484,236090,8,,single
1789792486,239030,247,,single
1789792487,242680,124,,single
1789792489,246420,294,,single
1789792490,250320,65,,single
1789792492,253230,204,,single
1789792493,261030,42,,single
1789792494,264710,2077,,single
1789792496,270880,6894,,single
1789792497,280220,119,,single
1789792499,288160,29,,single
1789792500,303590,4,,single
1789792502,312530,156,,single
1789792503,319630,278,,single
1789792505,341800,135,,single
1789792506,360740,21,,single
1789792508,367520,6971,,single
1789792509,407900,0,,single
1789792511,412830,228,,single
1789792512,418240,103,,single
1789792514,424280,6,,single
1789792515,427410,2844,,single
1789792517,433340,1245,,single
1789792518,434170,335,,single
1789792520,447530,66,,single
1789792521,457140,7406,,single
1789792522,466300,51,,single
1789792524,488860,152,,single
1789792525,508440,1760,,single
1789792528,519860,41,,single
1789792530,531510,66,,single
1789792531,548430,4414,,single
1789792533,557630,6,,single
1789792534,593280,21,,single
1789792536,597220,40,,single
1789792537,610370,98,,single
1789792539,615120,3,,single
1789792540,617670,13,,single
1789792542,646570,8912,,single
1789792543,667970,168,,single
1789792545,683320,46,,single
1789792546,736260,164,,single
1789792548,760890,3,,single
1789792549,774801,663,,single
1789792550,791470,15,,single
1789792552,805590,0,,single
1789792553,850190,190,,single
1789792555,858210,132,,single
1789792556,897330,377,,single
1789792558,909080,137,,single
1789792559,926990,398,,single
1789792561,990630,237,,single
1789792562,1040200,765,,single
1789792564,1043810,39,,single
1789792565,1059990,43,,single
1789792567,1070710,3,,single
1789792568,1092590,2,,single
1789792569,1093910,12,,single
1789792571,1104380,0,,single
1789792572,1113000,1205,,single
1789792574,1123450,7,,single
1789792575,1127500,343,,single
1789792577,1162750,462,,single
1789792578,1171370,2,,single
1789792580,1178030,0,,single
1789792581,1201280,0,,single
1789792583,1211020,599,,single
1789792584,1229490,2536,,single
1789792585,1255650,2,,single
1789792587,1269640,5,,single
1789792588,1275890,70,,single
1789792590,1282200,0,,single
1789792591,1284190,3740,,single
1789792593,1286710,15,,single
1789792594,1290000,1082,,single
1789792596,1293180,16,,single
1789792597,1304680,14,,single
1789792598,1332010,336,,single
1789792600,1349060,2,,single
1789792601,1361320,23,,single
1789792603,1369320,75,,single
1789792604,1390350,15,,single
1789792606,1411910,47,,single
1789792607,1422650,4,,single
1789792609,1428310,0,,single
1789792610,1469280,4,,single
1789792611,1500740,9,,single
1789792613,1507970,2,,single
1789792614,1520370,168,,single
1789792616,1533420,132,,single
1789792617,1540570,29,,single
1789792619,1546570,71,,single
1789792620,1564790,3,,single
1789792622,1584090,432,,single
1789792623,1593500,1545,,single
1789792625,1628610,9,,single
1789792626,1639790,2,,single
1789792628,1668190,0,,single
1789792629,1671210,4148,,single
1789792631,1683150,416,,single
1789792632,1686940,281,,single
1789792634,1710100,2,,single
1789792635,1718570,920,,single
1789792637,1725640,8,,single
1789792638,1764390,4,,single
1789792640,1775490,42,,single
1789792641,1808800,0,,single
1789792642,1817230,65,,single
1789792644,1868140,5475,,single
1789792645,1876890,4193,,single
1789792647,1901370,9,,single
1789792648,1927720,24,,single
1789792650,1931770,268,,single
1789792651,1942280,8393,,single
1789792652,1966720,4145,,single
1789792654,1970460,21,,single
1789792655,1996010,21,,single
1789792657,2006140,15,,single
1789792658,2050650,11220,,single
1789792660,2059670,2,,single
1789792661,2067780,35,,single
1789792663,2088840,20,,single
1789792664,2111190,25,,single
1789792666,2113850,1097,,single
1789792667,2132850,345,,single
1789792668,2159210,1,,single
1789792670,2167960,127,,single
1789792671,2198150,272,,single
1789792673,2236070,23,,single
1789792674,2291850,43,,single
1789792676,2318310,29,,single
1789792677,2365810,63,,single
1789792678,2378620,6,,single
1789792680,2391870,1,,single
1789792681,2396240,38,,single
1789792683,2441700,11,,single
1789792684,2459550,1550,,single
1789792686,2513280,151,,single
1789792687,2539960,0,,single
1789792689,2608350,16,,single
1789792690,2624280,1,,single
1789792691,2666510,256,,single
1789792693,2678990,68,,single
1789792694,2704110,47,,single
1789792696,2725260,149,,single
1789792697,2795000,19,,single
1789792699,2857730,0,,single
1789792700,2882440,1,,single
1789792702,2915460,31,,single
1789792703,2951770,7,,single
1789792705,3070070,8431,,single
1789792706,3107330,20,,single
1789792707,3146520,293,,single
1789792709,3191050,40,,single
1789792710,3241660,18650,,single
1789792712,3259470,48,,single
1789792713,3445580,3,,single
1789792715,30,124,,single
1789792716,60,4,,single
1789792718,100,38,,single
1789792719,280,14,,single
1789792721,320,99,,single
1789792722,380,3,,single
1789792724,630,13,,single
1789792725,1200,1,,single
1789792727,1500,0,,single
1789792728,1520,10,,single
1789792729,1640,20,,single
1789792731,1840,904,,single
1789792732,2130,0,,single
1789792734,2270,12,,single
1789792735,2320,76,,single
1789792737,2400,11,,single
1789792738,2620,50,,single
1789792740,2700,34,,single
1789792741,2990,95,,single
1789792743,3310,50,,single
1789792744,3330,542,,single
1789792746,3540,63,,single
1789792747,3700,36,,single
1789792749,3900,481,,single
1789792751,3920,82,,single
1789792752,4560,64,,single
1789792754,4700,2317,,single
1789792755,4850,84,,single
1789792756,6010,6,,single
1789792758,6030,19,,single
1789792759,6200,3,,single
1789792761,6370,1,,single
1789792762,6800,43,,single
1789792764,6850,13,,single
1789792765,6920,3,,single
1789792767,7000,14,,single
1789792769,7610,35,,single
1789792770,7670,34,,single
1789792772,7800,12,,single
1789792773,7860,1,,single
1789792775,8000,22,,single
1789792776,8140,20,,single
1789792778,8190,69,,single
1789792779,8500,3384,,single
1789792781,8850,25,,single
1789792782,8930,11258,,single
1789792784,9010,26,,single
1789792786,9180,6,,single
1789792787,9340,20,,single
1789792789,9450,214,,single
1789792790,9900,1058,,single
1789792792,10130,2,,single
1789792793,10180,245,,single
1789792795,10500,1453,,single
1789792796,11020,92,,single
1789792797,11450,16,,single
1789792799,12110,82,,single
1789792800,12140,34,,single
1789792802,12210,3670,,single
1789792803,12360,19,,single
1789792805,12710,20,,single
1789792806,12900,6,,single
1789792808,13250,4,,single
1789792809,13530,19,,single
1789792811,13600,37,,single
1789792812,15100,51,,single
1789792813,15200,20,,single
1789792815,15300,15,,single
1789792816,15390,15,,single
1789792818,15750,6,,single
1789792819,16810,222,,single
1789792821,17390,423,,single
1789792823,17440,15,,single
1789792824,17460,20,,single
1789792826,17480,366,,single
1789792827,17570,22,,single
1789792829,17740,2,,single
1789792830,19680,273,,single
1789792832,20530,5,,single
1789792833,20570,24,,single
1789792835,21000,131,,single
1789792836,21100,14,,single
1789792838,21690,1440,,single
1789792839,21980,12,,single
1789792840,22180,4,,single
1789792842,22230,2,,single
1789792843,22600,24,,single
1789792845,24010,272,,single
1789792846,24240,38,,single
1789792848,24720,112,,single
1789792849,24780,279,,single
1789792851,24810,324,,single
1789792852,24980,6,,single
1789792853,25800,29,,single
1789792855,25890,29,,single
1789792856,26800,1,,single
1789792858,29180,0,,single
1789792859,31290,2,,single
1789792861,32360,10,,single
1789792862,32380,12,,single
1789792864,32430,43,,single
1789792865,32460,11,,single
1789792867,32800,4,,single
1789792868,33230,452,,single
1789792870,33600,3,,single
1789792871,33930,100,,single
1789792872,34030,818,,single
1789792874,34440,1,,single
1789792875,34830,12,,single
1789792877,35000,7,,single
1789792878,35450,44,,single
1789792880,35480,1,,single
1789792881,35720,24,,single
1789792883,38410,116,,single
1789792884,38720,0,,single
1789792886,39000,5,,single
1789792887,39150,67,,single
1789792888,39210,19821,,single
1789792890,39530,9,,single
1789792891,39670,2,,single
1789792893,39800,2,,single
1789792894,40300,25,,single
1789792896,40390,18,,single
1789792897,40720,0,,single
1789792899,40960,89,,single
1789792900,41000,31,,single
1789792901,41060,12,,single
1789792903,41100,10,,single
1789792904,41500,31,,single
1789792906,42670,8,,single
1789792907,42700,436,,single
1789792909,42960,273,,single
1789792910,45700,2,,single
1789792912,45760,160,,single
1789792913,46510,11,,single
1789792915,47810,332,,single
1789792916,47870,22,,single
1789792918,48110,4,,single
1789792919,48720,65,,single
1789792921,49600,0,,single
1789792922,50620,14,,single
1789792924,55140,24,,single
1789792926,55230,149,,single
1789792927,57690,70,,single
1789792929,58610,8,,single
1789792930,63000,2,,single
1789792932,63380,24,,single
1789792933,63710,1,,single
1789792935,64000,22,,single
1789792936,65540,50,,single
1789792938,65790,16,,single
1789792939,70000,6,,single
1789792941,70300,7,,single
1789792942,71240,1,,single
1789792944,72200,15,,single
1789792945,73170,61,,single
1789792947,80310,1,,single
1789792948,91100,1,,single
1789792950,91700,2,,single
1789792951,92800,7,,single
1789792953,94300,1,,single
1789792954,94590,0,,single
1789792956,96000,4,,single
1789792957,97330,11,,single
1789792959,98300,1,,single
1789792960,98800,24,,single
1789792962,99910,177,,single
1789792963,104900,6,,single
1789792965,105450,242,,single
1789792966,107300,2,,single
1789792968,107410,5048,,single
1789792969,108200,59,,single
1789792970,108710,208,,single
1789792972,109600,449,,single
1789792973,113200,150,,single
1789792975,115110,1,,single
1789792976,115320,78,,single
1789792978,200210,1513,,single
1789792979,200510,464,,single
1789792981,200940,5,,single
1789792982,201270,0,,single
1789792983,201810,188,,single
1789792985,201870,120,,single
1789792986,202200,18,,single
1789792988,202710,3,,single
1789792989,203160,938,,single
1789792990,203350,37,,single
1789792992,203750,7,,single
1789792993,203830,2,,single
1789792995,204240,1,,single
1789792996,204340,51,,single
1789792998,204450,55,,single
1789792999,204630,0,,single
1789793001,205190,3,,single
1789793002,205650,5,,single
1789793004,206210,2,,single
1789793005,206440,47,,single
1789793007,206500,22,,single
1789793008,207140,107,,single
1789793010,207230,1,,single
1789793011,207350,15,,single
1789793012,207750,0,,single
1789793014,208140,30,,single
1789793015,208480,8,,single
1789793017,208580,267,,single
1789793018,209000,490,,single
1789793020,209160,68,,single
1789793021,209190,1,,single
1789793023,209650,69,,single
1789793024,210770,10,,single
1789793026,211260,0,,single
1789793027,211600,22,,single
1789793028,211820,619,,single
1789793030,212480,27,,single
1789793031,212680,1073,,single
1789793033,212800,2,,single
1789793034,213610,219,,single
1789793036,213850,11,,single
1789793037,214340,52,,single
1789793038,214510,85,,single
1789793040,214730,58,,single
1789793041,214830,2,,single
1789793043,214970,2,,single
1789793044,215470,1,,single
1789793046,216890,5,,single
1789793047,218060,1,,single
1789793048,218620,31882,,single
1789793050,219640,16,,single
1789793052,219890,4,,single
1789793053,220090,0,,single
1789793054,220200,2779,,single
1789793056,220440,98,,single
1789793057,220780,1,,single
1789793059,221040,1437,,single
1789793060,221380,2115,,single
1789793062,221640,11,,single
1789793064,221910,18,,single
1789793065,222440,156,,single
1789793066,222730,14,,single
1789793068,222880,137,,single
1789793069,223330,13,,single
1789793071,223710,324,,single
1789793072,223830,17,,single
1789793074,224260,631,,single
1789793075,224460,8,,single
1789793077,224600,2,,single
1789793078,224820,0,,single
1789793080,224920,0,,single
1789793081,224960,1,,single
1789793083,225260,40,,single
1789793084,225360,0,,single
1789793086,226620,8,,single
1789793087,226860,96,,single
1789793089,227100,6,,single
1789793091,227220,0,,single
1789793092,227580,2,,single
1789793094,228180,236,,single
1789793095,228260,16,,single
1789793096,228360,5,,single
1789793098,228760,5,,single
1789793099,230050,1,,single
1789793101,230190,44,,single
1789793102,230270,19,,single
1789793104,230820,7,,single
1789793105,231200,4,,single
1789793107,232010,7,,single
1789793108,232770,23,,single
1789793110,232810,0,,single
1789793111,233130,23,,single
1789793113,233270,55,,single
1789793114,233470,1,,single
1789793116,233700,10,,single
1789793117,233980,8,,single
1789793119,234270,5,,single
1789793121,234630,17,,single
1789793122,234670,42,,single
1789793124,235210,0,,single
1789793125,235460,324,,single
1789793128,235620,3,,single
1789793130,235900,161,,single
1789793131,236390,52050,,single
1789793132,236690,47,,single
1789793134,237110,23,,single
1789793135,237630,10,,single
1789793137,237930,12,,single
1789793138,238010,137,,single
1789793140,238210,5,,single
1789793141,239120,35,,single
1789793143,239350,61,,single
1789793144,240600,2,,single
1789793146,241240,10,,single
1789793147,241410,2,,single
1789793149,241600,24,,single
1789793150,242050,257,,single
1789793152,242640,23,,single
1789793153,242820,2,,single
1789793154,242880,1,,single
1789793156,242960,3,,single
1789793157,243470,1210,,single
1789793159,243950,4,,single
1789793160,244030,0,,single
1789793162,244160,76,,single
1789793163,244430,5,,single
1789793165,244730,3,,single
1789793166,244870,0,,single
1789793168,245170,100,,single
1789793169,245450,19,,single
1789793171,245620,61,,single
1789793172,246620,464,,single
1789793173,247000,83,,single
1789793175,247080,116,,single
1789793176,247430,18,,single
1789793178,248170,100,,single
1789793179,248330,2,,single
1789793181,248570,43,,single
1789793182,248820,15,,single
1789793184,248970,2,,single
1789793185,249330,3,,single
1789793187,249870,7,,single
1789793188,250110,1,,single
1789793190,250260,8,,single
1789793191,250500,0,,single
1789793193,250560,1,,single
1789793194,251060,251,,single
1789793196,251150,52,,single
1789793197,251470,14,,single
1789793199,251730,20,,single
1789793200,252030,2,,single
1789793202,252130,0,,single
1789793203,252410,33,,single
1789793205,252530,318,,single
1789793206,252630,1,,single
1789793208,252870,8,,single
1789793209,253030,3,,single
1789793211,253330,1,,single
1789793212,253710,95,,single
1789793214,253770,0,,single
1789793215,253900,26,,single
1789793217,254320,22,,single
1789793218,254700,854,,single
1789793219,255320,12,,single
1789793221,256290,6,,single
1789793222,256370,2,,single
1789793224,257170,17,,single
1789793225,257510,54,,single
1789793227,257850,60,,single
1789793228,258220,0,,single
1789793230,259060,2,,single
1789793231,259530,0,,single
1789793232,259680,124,,single
1789793234,260210,6,,single
1789793235,260430,55,,single
1789793237,261180,4,,single
1789793238,261510,0,,single
1789793240,261570,139,,single
1789793241,262060,5052,,single
1789793243,262280,13,,single
1789793244,262690,0,,single
1789793246,262940,3,,single
1789793247,263300,6,,single
1789793249,263760,9,,single
1789793250,264140,3,,single
1789793252,265890,2,,single
1789793253,266010,1,,single
1789793255,266310,2,,single
1789793256,266430,6,,single
1789793258,266840,610,,single
1789793259,268130,14,,single
1789793261,268420,0,,single
1789793262,268540,9,,single
1789793264,268850,294,,single
1789793266,269030,0,,single
1789793267,269710,0,,single
1789793269,269950,260,,single
1789793270,270150,153,,single
1789793272,270450,8,,single
1789793273,271590,31351,,single
1789793275,272040,0,,single
1789793276,272510,32,,single
1789793278,273110,128,,single
1789793279,274230,1,,single
1789793281,274900,0,,single
1789793282,274940,40,,single
1789793284,275200,1,,single
1789793285,275850,33384,,single
1789793287,277590,19,,single
1789793288,278360,2,,single
1789793289,279800,1,,single
1789793291,281640,14,,single
1789793292,281990,10034,,single
1789793294,282400,13,,single
1789793295,282530,7,,single
1789793297,282800,240,,single
1789793298,283290,3,,single
1789793300,283960,18,,single
1789793301,284390,0,,single
1789793303,284770,1,,single
1789793304,284850,3,,single
1789793306,285160,42,,single
1789793307,285310,159,,single
1789793308,285380,2,,single
1789793310,285740,13,,single
1789793311,285900,434,,single
1789793313,286040,0,,single
1789793314,286160,8749,,single
1789793316,286340,0,,single
1789793317,287290,250,,single
1789793319,287340,0,,single
1789793320,287700,2278,,single
1789793322,288120,2,,single
1789793323,289130,126,,single
1789793325,289650,676,,single
1789793326,289950,5,,single
1789793327,290300,27,,single
1789793329,290730,50,,single
1789793330,290890,2,,single
1789793332,291860,26,,single
1789793333,292500,2,,single
1789793335,292930,1,,single
1789793336,293180,0,,single
1789793338,293760,402,,single
1789793339,294040,0,,single
1789793341,294860,42,,single
1789793342,296570,4,,single
1789793344,296970,6,,single
1789793345,298110,1124,,single
1789793347,298600,2,,single
1789793348,298900,0,,single
1789793350,299360,0,,single
1789793351,300380,34,,single
1789793353,300570,9,,single
1789793354,301320,60,,single
1789793355,301650,10,,single
1789793357,301970,0,,single
1789793358,302670,85,,single
1789793360,303210,3,,single
1789793361,304050,536,,single
1789793363,304390,5028,,single
1789793364,304650,36,,single
1789793366,305620,1904,,single
1789793367,306130,5893,,single
1789793369,306760,10,,single
1789793370,307110,20,,single
1789793372,307580,0,,single
1789793373,307670,5,,single
1789793375,307780,480,,single
1789793376,308060,0,,single
1789793378,310060,8,,single
1789793379,310510,3,,single
1789793381,310790,4,,single
1789793382,311240,27,,single
1789793384,311340,103,,single
1789793385,311690,696,,single
1789793386,312450,106,,single
1789793388,312660,1089,,single
1789793389,312980,8,,single
1789793391,313160,36,,single
1789793392,313480,26,,single
1789793393,313690,118,,single
1789793395,314230,0,,single
1789793396,314410,5,,single
1789793398,314520,0,,single
1789793399,314830,9,,single
1789793401,315460,6,,single
1789793402,316430,1,,single
1789793404,316790,12,,single
1789793405,317820,5,,single
1789793407,318130,4,,single
1789793408,319050,3,,single
1789793409,319870,0,,single
1789793411,320040,5,,single
1789793412,320300,6,,single
1789793414,321360,37,,single
1789793415,321800,76,,single
1789793416,322190,17,,single
1789793418,322290,2,,single
1789793419,322450,6,,single
1789793422,322680,3,,single
1789793423,322910,0,,single
1789793424,323060,2,,single
1789793426,323380,0,,single
1789793429,323720,7,,single
1789793430,324080,82,,single
1789793432,324680,14,,single
1789793433,325210,4,,single
1789793434,325610,1328,,single
1789793436,326410,1,,single
1789793437,326670,4,,single
1789793439,327140,0,,single
1789793440,327410,1,,single
1789793442,327860,4,,single
1789793443,328760,1,,single
1789793444,329070,7,,single
1789793446,329860,1,,single
1789793448,330580,1,,single
1789793450,331160,6,,single
1789793451,331600,33,,single
1789793453,331750,7,,single
1789793454,332570,30,,single
1789793456,332950,156,,single
1789793458,333640,297,,single
1789793459,334230,138,,single
1789793461,334920,98,,single
1789793462,335000,3,,single
1789793464,335620,29,,single
1789793465,336140,2,,single
1789793467,337150,18,,single
1789793468,338930,0,,single
1789793470,339350,0,,single
1789793471,341000,8,,single
1789793472,341940,43,,single
1789793474,342560,48,,single
1789793475,343440,2,,single
1789793477,343860,1,,single
1789793478,345390,10,,single
1789793480,346010,235,,single
1789793481,346120,1,,single
1789793483,346900,973,,single
1789793484,348250,14,,single
1789793486,348550,75,,single
1789793487,349040,418,,single
1789793489,351490,1,,single
1789793490,351700,18,,single
1789793492,351940,7,,single
1789793493,352400,66,,single
1789793494,352720,38,,single
1789793496,353380,1,,single
1789793497,353700,0,,single
1789793499,354160,6,,single
1789793500,355050,2,,single
1789793502,355180,6,,single
1789793503,355980,10,,single
1789793505,356500,91,,single
1789793506,356570,74,,single
1789793508,357190,163,,single
1789793509,357480,0,,single
1789793511,358130,22,,single
1789793512,359320,2979,,single
1789793514,359900,2,,single
1789793515,360640,3,,single
1789793517,360830,9,,single
1789793518,361420,1090,,single
1789793520,361990,2,,single
1789793521,362930,30,,single
1789793523,363130,31,,single
1789793524,363890,582,,single
1789793526,364360,167,,single
1789793527,365300,3,,single
1789793528,365450,35,,single
1789793530,366090,82,,single
1789793531,366870,0,,single
1789793533,367580,0,,single
1789793534,368180,2,,single
1789793536,368260,769,,single
1789793537,368390,13,,single
1789793539,368620,3,,single
1789793540,370240,25,,single
1789793542,370910,6,,single
1789793543,371570,6,,single
1789793545,372360,41,,single
1789793546,373180,1,,single
1789793548,373420,860,,single
1789793549,374040,180,,single
1789793551,374280,52,,single
1789793552,375480,50,,single
1789793553,375820,20,,single
1789793555,375950,69,,single
1789793556,376300,3,,single
1789793558,377840,282,,single
1789793559,378610,0,,single
1789793561,379720,409,,single
1789793562,380600,1936,,single
1789793564,381020,3,,single
1789793565,382110,42,,single
1789793567,382490,5,,single
1789793568,383120,527,,single
1789793569,383870,56,,single
1789793571,384180,161,,single
1789793572,384630,3,,single
1789793574,385710,0,,single
1789793575,386070,130,,single
1789793577,386360,1186,,single
1789793578,386880,0,,single
1789793580,387290,214,,single
1789793581,388090,37,,single
1789793583,388410,111,,single
1789793584,388880,9,,single
1789793586,389170,3,,single
1789793587,389730,563,,single
1789793589,390670,0,,single
1789793590,391220,1427,,single
1789793592,391540,2356,,single
1789793593,392110,329,,single
1789793594,393190,0,,single
1789793596,393430,4,,single
1789793597,394360,31960,,single
1789793599,394690,289,,single
1789793600,395170,0,,single
1789793602,396650,0,,single
1789793603,396750,27,,single
1789793604,397060,19,,single
1789793606,397350,118,,single
1789793607,397460,68,,single
1789793609,398710,1,,single
1789793610,399120,0,,single
1789793612,399820,2,,single
1789793613,400630,8,,single
1789793615,401680,14,,single
1789793616,402560,7,,single
1789793617,403640,372,,single
1789793619,404410,86,,single
1789793620,404790,1513,,single
1789793622,405310,102,,single
1789793623,405710,20,,single
1789793624,405830,27,,single
1789793626,406150,9,,single
1789793627,406350,13,,single
1789793629,406970,0,,single
1789793631,407530,6,,single
1789793632,408900,17,,single
1789793633,409590,0,,single
1789793635,410110,18,,single
1789793636,410340,340,,single
1789793638,410890,27,,single
1789793639,410980,137,,single
1789793641,412740,1,,single
1789793642,413710,2,,single
1789793644,414740,0,,single
1789793645,415420,2,,single
1789793646,417430,2,,single
1789793648,418070,5,,single
1789793649,418340,11,,single
1789793651,418500,1,,single
1789793652,418650,1,,single
1789793654,420000,37,,single
1789793655,420440,30,,single
1789793657,421020,21,,single
1789793658,421050,9,,single
1789793660,422900,32,,single
1789793661,424030,186,,single
1789793663,425210,1,,single
1789793664,427250,2,,single
1789793666,428430,4,,single
1789793667,428660,10,,single
1789793669,429050,163,,single
1789793670,429680,2,,single
1789793672,429790,144,,single
1789793673,431180,1,,single
1789793675,431600,16,,single
1789793676,431730,4799,,single
1789793678,433550,0,,single
1789793679,434030,1,,single
1789793681,435120,80,,single
1789793682,435400,9,,single
1789793684,435790,3,,single
1789793686,436320,0,,single
1789793687,437920,53,,single
1789793689,438100,57476,,single
1789793690,438270,2,,single
1789793692,438640,16,,single
1789793693,440310,13,,single
1789793695,440540,14,,single
1789793696,441550,34,,single
1789793698,444090,711,,single
1789793699,444640,144,,single
1789793701,445190,30,,single
1789793702,445310,52,,single
1789793704,446800,46,,single
1789793705,447040,4400,,single
1789793706,447150,1,,single
1789793708,448280,28,,single
1789793709,448510,185,,single
1789793711,449610,29,,single
1789793712,450390,7,,single
1789793714,451340,129,,single
1789793715,452570,2,,single
1789793717,453340,1,,single
1789793719,454650,1153,,single
1789793720,455820,1,,single
1789793722,456750,44,,single
1789793724,457550,66,,single
1789793726,458710,272,,single
1789793729,459080,6,,single
1789793730,460920,515,,single
1789793732,462770,5,,single
1789793733,464060,21,,single
1789793735,464360,2,,single
1789793736,465520,1,,single
1789793737,466240,2,,single
1789793739,466910,6,,single
1789793740,468920,64,,single
1789793742,470220,369,,single
1789793743,470310,187,,single
1789793745,473770,3,,single
1789793746,474210,1,,single
1789793747,475150,360,,single
1789793749,475550,85,,single
1789793750,476600,342,,single
1789793752,477160,2724,,single
1789793753,477770,10,,single
1789793755,479130,0,,single
1789793756,480650,34,,single
1789793758,481510,46,,single
1789793759,482730,219,,single
1789793760,483420,1,,single
1789793762,485610,26,,single
1789793764,486310,0,,single
1789793765,488310,4,,single
1789793767,489140,1,,single
1789793768,489630,569,,single
1789793770,490110,75,,single
1789793771,491040,3,,single
1789793773,491530,3,,single
1789793774,491950,7,,single
1789793776,492720,610,,single
1789793777,493840,7,,single
1789793779,494150,4,,single
1789793780,495140,42,,single
1789793782,495560,8,,single
1789793783,496890,0,,single
1789793785,498240,39,,single
1789793786,499440,0,,single
1789793788,499660,2,,single
1789793790,501080,11,,single
1789793791,501320,0,,single
1789793793,502500,858,,single
1789793794,503400,2,,single
1789793795,503940,105,,single
1789793797,504370,128,,single
1789793798,505230,44,,single
1789793800,507010,4,,single
1789793801,508900,1,,single
1789793803,509580,12,,single
1789793804,510500,5,,single
1789793806,512470,12,,single
1789793807,513230,0,,single
1789793809,513780,2,,single
1789793810,516110,1,,single
1789793812,517630,173,,single
1789793813,517790,83,,single
1789793815,518150,10,,single
1789793816,520530,0,,single
1789793818,522470,26,,single
1789793819,523780,1,,single
1789793821,525360,1,,single
1789793822,525620,7,,single
1789793824,527230,437,,single
1789793826,528230,50,,single
1789793827,530070,4,,single
1789793828,531640,84,,single
1789793830,532190,1,,single
1789793832,534370,5,,single
1789793833,536220,18,,single
1789793834,537800,85,,single
1789793836,538680,90,,single
1789793837,539720,10,,single
1789793839,541200,13,,single
1789793840,542050,1,,single
1789793842,544390,2,,single
1789793843,544610,39,,single
1789793845,544920,19,,single
1789793846,547860,0,,single
1789793848,551730,36,,single
1789793849,552080,1,,single
1789793851,552500,1620,,single
1789793852,552920,0,,single
1789793854,553210,1,,single
1789793855,553420,146,,single
1789793856,553540,266,,single
1789793858,553850,47711,,single
1789793859,555000,1,,single
1789793861,555880,0,,single
1789793862,557600,16,,single
1789793864,558260,1,,single
1789793866,559210,1,,single
1789793867,559650,19,,single
1789793869,561600,6,,single
1789793870,562220,0,,single
1789793872,562810,30,,single
1789793873,563560,163,,single
1789793875,564310,38,,single
1789793876,564710,61,,single
1789793877,566160,0,,single
1789793879,567630,67,,single
1789793880,568220,1903,,single
1789793882,569480,217,,single
1789793883,571260,20,,single
1789793885,571740,332,,single
1789793886,572430,28,,single
1789793888,573090,1071,,single
1789793889,573120,13,,single
1789793891,574310,0,,single
1789793892,574740,2,,single
1789793894,575720,103,,single
1789793895,577690,8,,single
1789793897,577940,34,,single
1789793898,578330,96,,single
1789793900,578850,0,,single
1789793901,580170,1,,single
1789793902,581630,10,,single
1789793904,582270,0,,single
1789793905,582550,8,,single
1789793907,583760,0,,single
1789793908,584640,2,,single
1789793910,585420,1344,,single
1789793911,585900,5,,single
1789793913,587000,2,,single
1789793914,587450,2,,single
1789793916,588030,284,,single
1789793917,588730,1,,single
1789793919,589590,26,,single
1789793920,590380,392,,single
1789793922,591740,35,,single
1789793923,592580,31,,single
1789793925,593600,521,,single
1789793926,594570,731,,single
1789793928,595140,2,,single
1789793929,595500,4,,single
1789793931,596970,32,,single
1789793932,597760,29,,single
1789793934,598810,57,,single
1789793935,598980,7,,single
1789793936,599390,126,,single
1789793938,600130,6,,single
1789793939,600990,1,,single
1789793941,601430,113,,single
1789793942,601840,154,,single
1789793944,602960,2154,,single
1789793945,604240,13,,single
1789793947,605230,35,,single
1789793948,606150,492,,single
1789793950,607080,68,,single
1789793951,609320,16,,single
1789793953,610180,112,,single
1789793954,611500,108,,single
1789793955,613100,2300,,single
1789793957,614570,43,,single
1789793958,616250,1,,single
1789793960,617830,18,,single
1789793961,618740,4,,single
1789793963,619500,0,,single
1789793964,619820,185,,single
1789793966,620590,12,,single
1789793967,621000,0,,single
1789793969,621830,294,,single
1789793970,623940,4,,single
1789793972,625340,12,,single
1789793973,627270,196,,single
1789793975,628070,958,,single
1789793976,628950,4,,single
1789793978,629820,435,,single
1789793979,631570,1,,single
1789793981,632360,7074,,single
1789793982,633080,0,,single
1789793984,633460,6,,single
1789793985,635260,906,,single
1789793987,636100,2,,single
1789793988,636450,1,,single
1789793990,638110,0,,single
1789793991,638510,28,,single
1789793992,639490,20,,single
1789793994,640890,8,,single
1789793995,641320,57,,single
1789793997,641990,332,,single
1789793998,644290,0,,single
1789794000,645090,1,,single
1789794001,645790,2,,single
1789794003,646500,10,,single
1789794004,647830,162,,single
1789794006,648350,124,,single
1789794007,648410,148,,single
1789794009,648800,5070,,single
1789794010,653530,108,,single
1789794012,655500,2216,,single
1789794013,657240,7,,single
1789794015,658700,13,,single
1789794016,660160,13,,single
1789794018,661790,2,,single
1789794019,663390,15,,single
1789794022,665490,0,,single
1789794023,666150,148,,single
1789794025,666570,14,,single
1789794027,667530,23,,single
1789794029,667720,28,,single
1789794031,668210,0,,single
1789794032,670160,2,,single
1789794033,671610,10,,single
1789794035,671860,236,,single
1789794036,673130,10,,single
1789794038,673750,152,,single
1789794039,673950,186,,single
1789794041,674520,5,,single
1789794042,674940,247,,single
1789794044,675260,25,,single
1789794045,677620,17,,single
1789794047,678950,603,,single
1789794048,679110,5,,single
1789794050,680360,2,,single
1789794051,681730,2,,single
1789794053,684410,18,,single
1789794054,688420,107,,single
1789794055,690040,17,,single
1789794057,691260,7,,single
1789794058,694280,395,,single
1789794060,696220,3,,single
1789794061,698540,14,,single
1789794063,699170,32,,single
1789794064,701160,1088,,single
1789794066,702810,0,,single
1789794067,704450,693,,single
1789794069,704920,15,,single
1789794070,706020,0,,single
1789794072,709920,18,,single
1789794073,711980,31,,single
1789794075,712730,12,,single
1789794076,716640,1,,single
1789794078,718560,48,,single
1789794079,719750,2,,single
1789794081,720350,0,,single
1789794082,720620,336,,single
1789794084,722730,13,,single
1789794085,725340,1,,single
1789794086,726110,11,,single
1789794088,726830,2,,single
1789794089,727850,1,,single
1789794091,728880,2963,,single
1789794092,729040,456,,single
1789794094,731040,58,,single
1789794095,732050,12,,single
1789794097,732430,9,,single
1789794098,733790,10,,single
1789794100,734750,78,,single
1789794101,735290,1,,single
1789794103,735580,1,,single
1789794104,736590,112,,single
1789794106,738060,39,,single
1789794107,741140,8,,single
1789794109,742120,10,,single
1789794110,743130,3,,single
1789794112,744190,143,,single
1789794113,746850,28,,single
1789794115,747660,135,,single
1789794116,748360,2,,single
1789794118,750920,798,,single
1789794119,752590,421,,single
1789794121,753640,827,,single
1789794122,754150,48,,single
1789794124,755500,18,,single
1789794125,756800,158,,single
1789794127,757240,3,,single
1789794128,757480,0,,single
1789794130,758330,11,,single
1789794131,758690,68,,single
1789794132,758990,34,,single
1789794134,760160,1,,single
1789794135,761600,40,,single
1789794137,761830,58,,single
1789794138,762650,4,,single
1789794140,763890,257,,single
1789794141,765810,13,,single
1789794143,766370,2,,single
1789794144,769560,305,,single
1789794146,770810,54,,single
1789794147,773370,6,,single
1789794149,774201,11,,single
1789794150,774791,0,,single
1789794152,775500,52,,single
1789794153,777390,67,,single
1789794154,780310,827,,single
1789794156,782670,44,,single
1789794157,784080,1442,,single
1789794159,784950,286,,single
1789794160,785790,10,,single
1789794162,786520,1014,,single
1789794163,789660,8,,single
1789794165,790740,19,,single
1789794166,790850,1,,single
1789794168,792100,20,,single
1789794169,792300,16,,single
1789794171,793350,2,,single
1789794172,794800,33,,single
1789794173,795420,13,,single
1789794175,797400,16,,single
1789794177,797430,124,,single
1789794178,798460,82,,single
1789794180,798840,44,,single
1789794181,799600,321,,single
1789794183,800270,299,,single
1789794184,801550,12,,single
1789794186,803050,38,,single
1789794187,804010,11,,single
1789794189,805550,1459,,single
1789794190,807120,18,,single
1789794192,809020,10,,single
1789794193,810040,4,,single
1789794195,812040,4,,single
1789794196,813230,80,,single
1789794197,813780,16383,,single
1789794199,814000,47,,single
1789794200,815370,4578,,single
1789794202,816090,47,,single
1789794203,816350,0,,single
1789794205,817540,0,,single
1789794206,819030,10,,single
1789794208,821250,85,,single
1789794209,823130,100,,single
1789794211,823950,2,,single
1789794212,824550,48,,single
1789794214,826630,67,,single
1789794215,829110,71,,single
1789794217,829660,31,,single
1789794218,833360,192,,single
1789794219,834740,28,,single
1789794221,835960,83,,single
1789794222,838310,5,,single
1789794224,839770,133,,single
1789794225,840010,4,,single
1789794227,840800,3,,single
1789794228,841370,86,,single
1789794230,842780,216,,single
1789794231,843380,490,,single
1789794232,843810,2,,single
1789794234,844590,12,,single
1789794235,845880,2,,single
1789794237,846030,31,,single
1789794238,846470,3,,single
1789794240,847370,32,,single
1789794241,848450,446,,single
1789794243,850320,6,,single
1789794244,852220,0,,single
1789794246,853550,4,,single
1789794247,855010,7,,single
1789794249,855860,42,,single
1789794250,858710,59,,single
1789794252,858820,61,,single
1789794253,860510,295,,single
1789794255,860950,13,,single
1789794256,861540,56,,single
1789794258,864060,5,,single
1789794259,865540,4,,single
1789794260,866140,5,,single
1789794262,866800,32,,single
1789794263,868270,1,,single
1789794265,870200,50,,single
1789794266,871720,110,,single
1789794268,872790,349,,single
1789794269,874260,28,,single
1789794271,876650,26,,single
1789794272,878670,2,,single
1789794274,881020,2950,,single
1789794275,881320,8,,single
1789794277,883360,3,,single
1789794278,884660,46,,single
1789794279,885970,703,,single
1789794281,890550,6,,single
1789794282,891040,134,,single
1789794284,893850,28,,single
1789794285,895400,310,,single
1789794287,896160,3,,single
1789794288,897450,45,,single
1789794290,898750,198,,single
1789794291,898920,383,,single
1789794293,905340,10,,single
1789794294,908100,3,,single
1789794296,913060,2,,single
1789794297,914010,5,,single
1789794298,914800,28,,single
1789794300,915320,29,,single
1789794301,916440,1835,,single
1789794303,917150,2,,single
1789794304,918570,24,,single
1789794306,922320,11,,single
1789794307,925570,0,,single
1789794309,926140,16,,single
1789794310,934840,1,,single
1789794312,936720,8,,single
1789794313,937170,18,,single
1789794315,937580,21,,single
1789794316,939100,1,,single
1789794318,939620,0,,single
1789794319,940710,13,,single
1789794321,942970,265,,single
1789794322,945360,6502,,single
1789794324,946720,4,,single
1789794325,949290,12,,single
1789794328,950100,1,,single
1789794330,950740,4,,single
1789794331,952290,0,,single
1789794333,953490,101,,single
1789794334,954870,3,,single
1789794336,956030,12,,single
1789794337,958400,11,,single
1789794339,960690,16,,single
1789794340,961200,1613,,single
1789794342,962400,89,,single
1789794343,963710,9,,single
1789794344,964350,1,,single
1789794346,964800,19,,single
1789794347,965230,8,,single
1789794349,965680,60,,single
1789794350,966320,2,,single
1789794352,966610,75,,single
1789794353,968250,6,,single
1789794355,970500,29,,single
1789794356,973580,104,,single
1789794358,973810,15,,single
1789794359,976010,0,,single
1789794361,977400,4866,,single
1789794362,978300,161,,single
1789794363,978520,49,,single
1789794365,979080,1,,single
1789794366,979120,45,,single
1789794368,979920,135,,single
1789794369,980610,198,,single
1789794371,981890,2,,single
1789794372,982290,9,,single
1789794374,984780,8,,single
1789794375,986130,174,,single
1789794377,987020,0,,single
1789794378,988910,13,,single
1789794379,991170,11,,single
1789794381,994140,1,,single
1789794383,995980,13,,single
1789794384,996580,210,,single
1789794385,997380,32,,single
1789794387,998740,33,,single
1789794388,1000360,72,,single
1789794390,1003590,170,,single
1789794391,1004750,24,,single
1789794393,1005930,4,,single
1789794394,1009560,34,,single
1789794396,1010750,4,,single
1789794397,1010890,1,,single
1789794399,1012110,10,,single
1789794400,1012790,13,,single
1789794401,1012880,224,,single
1789794403,1013320,1587,,single
1789794405,1016920,96,,single
1789794406,1018010,16,,single
1789794407,1018800,15,,single
1789794409,1019310,0,,single
1789794411,1020790,226,,single
1789794412,1021210,154,,single
1789794414,1022310,0,,single
1789794415,1024380,3,,single
1789794416,1025440,32,,single
1789794418,1026820,7,,single
1789794420,1028310,152,,single
1789794421,1029550,53,,single
1789794423,1031140,1,,single
1789794424,1032790,2,,single
1789794426,1036890,6,,single
1789794427,1038250,21,,single
1789794428,1038450,4,,single
1789794430,1040070,1,,single
1789794431,1042550,1282,,single
1789794433,1043390,1,,single
1789794434,1046030,17,,single
1789794436,1046930,640,,single
1789794437,1049280,3,,single
1789794439,1051200,1,,single
1789794440,1052990,28,,single
1789794442,1054490,491,,single
1789794443,1054800,0,,single
1789794445,1057700,1,,single
1789794446,1058430,8,,single
1789794448,1058640,3,,single
1789794449,1058770,24,,single
1789794451,1059120,0,,single
1789794453,1060230,8,,single
1789794454,1061180,0,,single
1789794456,1062090,4692,,single
1789794457,1062140,2,,single
1789794458,1062830,24,,single
1789794460,1063660,65,,single
1789794461,1064610,3,,single
1789794463,1066260,0,,single
1789794464,1066890,560,,single
1789794466,1067900,1,,single
1789794467,1069160,12,,single
1789794469,1069650,22,,single
1789794470,1069690,8,,single
1789794471,1070330,14,,single
1789794473,1071120,0,,single
1789794474,1072040,373,,single
1789794476,1072420,254,,single
1789794477,1073390,21,,single
1789794479,1075190,9,,single
1789794480,1076160,66,,single
1789794482,1077520,0,,single
1789794483,1078730,5,,single
1789794485,1078920,1,,single
1789794486,1079800,4,,single
1789794488,1080750,0,,single
1789794489,1082180,9,,single
1789794490,1084600,1181,,single
1789794492,1085220,4,,single
1789794493,1085660,16449,,single
1789794495,1087280,18,,single
1789794496,1088790,76,,single
1789794498,1089090,286,,single
1789794499,1089830,6,,single
1789794501,1092630,4,,single
1789794502,1094000,0,,single
1789794503,1094780,239,,single
1789794505,1096900,1071,,single
1789794506,1097150,474,,single
1789794508,1097840,634,,single
1789794509,1099640,3,,single
1789794511,1100260,20,,single
1789794512,1100620,34,,single
1789794514,1101120,36,,single
1789794515,1102130,3,,single
1789794516,1105670,255,,single
1789794518,1107300,2,,single
1789794519,1109570,10,,single
1789794521,1110100,2,,single
1789794522,1112890,3,,single
1789794524,1114150,599,,single
1789794525,1114940,49,,single
1789794527,1116540,3,,single
1789794528,1118920,0,,single
1789794530,1119980,20,,single
1789794531,1120810,6,,single
1789794533,1122050,0,,single
1789794534,1122680,1,,single
1789794536,1123770,42,,single
1789794537,1124180,69,,single
1789794538,1126310,13,,single
1789794540,1127700,33,,single
1789794542,1129220,1,,single
1789794543,1129580,1259,,single
1789794544,1131190,18,,single
1789794546,1134100,10,,single
1789794548,1134710,151,,single
1789794549,1135690,250,,single
1789794550,1137460,3,,single
1789794552,1138190,198,,single
1789794553,1138850,44,,single
1789794555,1139890,3,,single
1789794556,1139980,643,,single
1789794558,1140290,6,,single
1789794559,1141550,4,,single
1789794561,1142500,12,,single
1789794562,1144030,8,,single
1789794564,1144200,9085,,single
1789794565,1146310,1,,single
1789794566,1147560,682,,single
1789794568,1147860,132,,single
1789794569,1148650,6,,single
1789794571,1149460,5158,,single
1789794572,1150590,0,,single
1789794574,1150950,3,,single
1789794575,1151080,0,,single
1789794577,1152340,6,,single
1789794578,1153640,10,,single
1789794580,1154790,2,,single
1789794581,1155330,4,,single
1789794583,1156990,44,,single
1789794584,1157390,102,,single
1789794586,1158370,16,,single
1789794587,1158940,2,,single
1789794588,1159560,10,,single
1789794590,1160490,16,,single
1789794591,1161490,16,,single
1789794593,1161590,76,,single
1789794594,1163550,79,,single
1789794596,1164050,0,,single
1789794597,1164940,205,,single
1789794599,1166860,75,,single
1789794600,1167630,1551,,single
1789794602,1168660,3,,single
1789794603,1170080,8,,single
1789794604,1172470,124757,,single
1789794606,1172650,1,,single
1789794607,1173510,1888,,single
1789794609,1173790,51,,single
1789794610,1173810,106,,single
1789794612,1174180,28307,,single
1789794613,1176470,753,,single
1789794614,1178160,43,,single
1789794616,1179080,59,,single
1789794617,1180660,30,,single
1789794619,1181840,3,,single
1789794620,1182310,6,,single
1789794621,1182900,355,,single
1789794623,1184160,1055,,single
1789794624,1186740,1,,single
1789794626,1188930,223,,single
1789794628,1190000,808,,single
1789794629,1190970,1747,,single
1789794630,1191580,5,,single
1789794632,1191900,2,,single
1789794633,1194810,3,,single
1789794635,1195460,9,,single
1789794636,1196630,35,,single
1789794638,1197570,11,,single
1789794639,1199030,27,,single
1789794641,1201240,1338,,single
1789794642,1201540,54,,single
1789794644,1202200,45,,single
1789794645,1203190,146,,single
1789794647,1203630,15,,single
1789794648,1204050,94,,single
1789794650,1205450,4,,single
1789794651,1205970,159,,single
1789794653,1206560,1435,,single
1789794654,1207650,177,,single
1789794655,1210250,13,,single
1789794657,1211600,107,,single
1789794659,1213210,532,,single
1789794660,1214470,23,,single
1789794661,1216320,106,,single
1789794663,1217060,1096,,single
1789794664,1220010,201,,single
1789794666,1221250,4,,single
1789794667,1222300,12,,single
1789794669,1222730,43,,single
1789794670,1224290,8,,single
1789794672,1227280,24,,single
1789794673,1227650,32,,single
1789794674,1229240,251,,single
1789794676,1229900,7,,single
1789794677,1231880,3,,single
1789794679,1232580,10,,single
1789794680,1233410,37,,single
1789794682,1233590,0,,single
1789794683,1236720,120,,single
1789794685,1237970,2174,,single
1789794686,1238840,5926,,single
1789794688,1239080,374,,single
1789794689,1239320,9,,single
1789794690,1240590,2,,single
1789794692,1241950,11,,single
1789794693,1243850,8,,single
1789794695,1244460,431,,single
1789794696,1244800,63,,single
1789794698,1245540,2,,single
1789794729,1249040,6,,single
1789794731,1250410,1972,,single
1789794732,1252780,147,,single
1789794733,1254370,4,,single
1789794735,1257360,7,,single
1789794736,1258080,2831,,single
1789794738,1259840,11,,single
1789794739,1260320,6639,,single
1789794740,1260810,8,,single
1789794742,1262350,176,,single
1789794743,1262540,189,,single
1789794745,1262580,194,,single
1789794746,1263230,3,,single
1789794748,1264250,25,,single
1789794749,1265820,79,,single
1789794751,1266030,5,,single
1789794752,1267470,6,,single
1789794754,1267910,3764,,single
1789794755,1269950,5,,single
1789794757,1271280,6,,single
1789794758,1272010,7,,single
1789794759,1272320,519,,single
1789794761,1273400,333,,single
1789794762,1273710,2,,single
1789794764,1275350,91,,single
1789794765,1278480,84,,single
1789794767,1280780,78,,single
1789794768,1281630,167,,single
1789794770,1282410,10,,single
1789794771,1283190,14,,single
1789794772,1283410,38,,single
1789794774,1286220,998,,single
1789794775,1286320,9,,single
1789794777,1286580,106,,single
1789794778,1286830,2712,,single
1789794780,1288320,112,,single
1789794781,1289380,17,,single
1789794783,1290260,9,,single
1789794784,1291340,32,,single
1789794785,1292630,166,,single
1789794787,1293830,1754,,single
1789794788,1294660,0,,single
1789794790,1294810,1,,single
1789794791,1295510,541,,single
1789794793,1296840,5,,single
1789794794,1297300,0,,single
1789794796,1299690,3,,single
1789794797,1302240,112,,single
1789794799,1304930,3866,,single
1789794800,1307710,39,,single
1789794801,1309610,2,,single
1789794803,1310330,3,,single
1789794804,1311660,0,,single
1789794806,1313860,66,,single
1789794807,1316680,11,,single
1789794809,1318690,522,,single
1789794810,1320140,1,,single
1789794812,1324130,542,,single
1789794813,1324780,1070,,single
1789794814,1328660,254,,single
1789794816,1329510,1,,single
1789794817,1330000,345,,single
1789794819,1330660,2,,single
1789794820,1331550,1905,,single
1789794822,1332720,102,,single
1789794823,1335530,2,,single
1789794825,1335790,62,,single
1789794826,1336490,1210,,single
1789794828,1336980,1755,,single
1789794829,1337760,213,,single
1789794830,1338330,2,,single
1789794832,1338770,259,,single
1789794833,1339000,8,,single
1789794835,1340990,407,,single
1789794836,1342330,79,,single
1789794838,1342890,2,,single
1789794839,1343370,1166,,single
1789794840,1343670,34,,single
1789794842,1345890,2,,single
1789794843,1347030,0,,single
1789794845,1347780,9,,single
1789794846,1348300,20,,single
1789794848,1350840,13,,single
1789794849,1351630,13,,single
1789794851,1352850,7,,single
1789794852,1354830,5,,single
1789794854,1356810,69,,single
1789794855,1357870,4,,single
1789794857,1359980,35,,single
1789794858,1360390,1,,single
1789794860,1361000,7,,single
1789794861,1361510,87,,single
1789794863,1363430,11,,single
1789794864,1364100,3,,single
1789794865,1364290,14,,single
1789794867,1364780,20640,,single
1789794868,1366800,27501,,single
1789794870,1367550,230,,single
1789794871,1369630,179,,single
1789794873,1369760,24,,single
1789794874,1371720,4,,single
1789794876,1372320,4,,single
1789794877,1372810,20,,single
1789794878,1373960,24,,single
1789794880,1375740,0,,single
1789794881,1377150,24,,single
1789794883,1377380,181,,single
1789794884,1378290,7,,single
1789794886,1380910,21,,single
1789794887,1384160,1213,,single
1789794889,1385380,349,,single
1789794890,1386900,2,,single
1789794891,1389550,5,,single
1789794893,1389990,45,,single
1789794894,1390410,28,,single
1789794896,1392960,50,,single
1789794897,1395560,0,,single
1789794899,1397390,4,,single
1789794900,1398740,0,,single
1789794901,1402110,5,,single
1789794903,1404850,157,,single
1789794904,1407200,3554,,single
1789794906,1408610,93,,single
1789794907,1410640,11,,single
1789794908,1411740,49,,single
1789794910,1413870,4,,single
1789794911,1414850,0,,single
1789794913,1416230,6,,single
1789794914,1416920,88,,single
1789794916,1418630,787,,single
1789794917,1419850,24,,single
1789794919,1420770,6,,single
1789794920,1421790,2,,single
1789794922,1422440,35,,single
1789794924,1426010,9,,single
1789794925,1426450,85,,single
1789794928,1430420,7,,single
1789794930,1431610,1,,single
1789794931,1432860,815,,single
1789794932,1434950,30,,single
1789794934,1435790,340,,single
1789794935,1436990,2,,single
1789794937,1437820,90,,single
1789794938,1440440,6,,single
1789794940,1442430,130,,single
1789794941,1444480,275,,single
1789794943,1447000,13,,single
1789794944,1448030,0,,single
1789794945,1449200,49,,single
1789794947,1449690,657,,single
1789794948,1450830,10,,single
1789794950,1451190,451,,single
1789794951,1451740,0,,single
1789794953,1454400,7845,,single
1789794954,1455660,28,,single
1789794956,1456200,32,,single
1789794957,1456940,0,,single
1789794959,1460090,0,,single
1789794960,1462040,2938,,single
1789794961,1462570,4,,single
1789794963,1463730,2,,single
1789794964,1466060,535,,single
1789794966,1466860,7428,,single
1789794967,1468260,553,,single
1789794969,1469610,50,,single
1789794970,1472660,21,,single
1789794972,1476340,3,,single
1789794973,1477070,81,,single
1789794975,1477830,1199,,single
1789794976,1478220,186,,single
1789794977,1482380,3,,single
1789794979,1483870,173,,single
1789794980,1484800,0,,single
1789794982,1486630,7,,single
1789794983,1487270,6,,single
1789794985,1490890,23,,single
1789794986,1491670,3,,single
1789794987,1494440,0,,single
1789794989,1497440,15,,single
1789794990,1501610,24,,single
1789794992,1504500,4,,single
1789794993,1507190,7,,single
1789794995,1509820,1,,single
1789794996,1510460,33,,single
1789794998,1511630,68,,single
1789794999,1511780,24,,single
1789795001,1515210,40,,single
1789795002,1519350,29,,single
1789795003,1522160,19,,single
1789795005,1522870,15,,single
1789795007,1526490,95,,single
1789795008,1527950,2101,,single
1789795009,1533390,494,,single
1789795011,1536070,70,,single
1789795012,1538460,22,,single
1789795014,1539140,63,,single
1789795015,1540960,156,,single
1789795017,1544360,3,,single
1789795018,1545560,114,,single
1789795020,1546320,2665,,single
1789795021,1546860,8,,single
1789795053,1549690,32,,single
1789795054,1552550,59,,single
1789795056,1554840,1,,single
1789795057,1556200,22,,single
1789795058,1556980,0,,single
1789795090,1557990,2,,single
1789795092,1559600,44,,single
1789795093,1562430,395,,single
1789795095,1564090,0,,single
1789795096,1567020,22,,single
1789795097,1569040,867,,single
1789795099,1569520,4,,single
1789795100,1570010,18,,single
1789795102,1570330,10,,single
1789795103,1573280,5,,single
1789795105,1574310,2,,single
1789795106,1574820,123,,single
1789795108,1575870,23,,single
1789795109,1576060,2,,single
1789795111,1578650,34,,single
1789795112,1579380,20,,single
1789795114,1580520,27,,single
1789795115,1582650,13,,single
1789795116,1583320,128,,single
1789795118,1587130,77,,single
1789795119,1589120,10,,single
1789795121,1590760,20,,single
1789795122,1592190,321,,single
1789795124,1592290,25,,single
1789795125,1592670,4,,single
1789795127,1594940,255,,single
1789795128,1598160,1,,single
1789795130,1599560,2,,single
1789795131,1599880,4,,single
1789795133,1601580,536,,single
1789795134,1602080,6,,single
1789795136,1603640,22,,single
1789795137,1604030,2156,,single
1789795138,1606180,190,,single
1789795140,1607680,57,,single
1789795141,1608230,66,,single
1789795143,1608640,14,,single
1789795144,1610440,37,,single
1789795146,1611410,86,,single
1789795147,1611600,667,,single
1789795148,1612620,0,,single
1789795150,1615290,17,,single
1789795151,1620340,31,,single
1789795153,1621310,61,,single
1789795154,1622770,11,,single
1789795156,1624540,35,,single
1789795158,1626890,2,,single
1789795159,1628130,5,,single
1789795160,1630920,0,,single
1789795162,1634150,6,,single
1789795163,1637320,551,,single
1789795165,1638220,71,,single
1789795166,1644320,178,,single
1789795168,1645820,602,,single
1789795169,1648390,45,,single
1789795170,1649730,102,,single
1789795172,1650010,83,,single
1789795173,1651960,0,,single
1789795175,1656780,36,,single
1789795176,1658040,108,,single
1789795178,1659040,2666,,single
1789795179,1660080,138,,single
1789795181,1663040,28,,single
1789795182,1664220,12,,single
1789795183,1668510,19,,single
1789795185,1669000,1254,,single
1789795186,1669420,20,,single
1789795188,1674170,324,,single
1789795189,1676130,3,,single
1789795191,1677280,3453,,single
1789795192,1677740,1396,,single
1789795194,1681430,189,,single
1789795195,1682060,19,,single
1789795196,1684350,77,,single
1789795198,1689620,179,,single
1789795199,1693980,755,,single
1789795201,1696440,34,,single
1789795202,1697700,6,,single
1789795204,1700270,50,,single
1789795205,1701380,19,,single
1789795206,1703340,75,,single
1789795208,1707650,1,,single
1789795209,1709900,8,,single
1789795211,1711610,3,,single
1789795212,1712840,15,,single
1789795214,1715730,4,,single
1789795215,1718870,104,,single
1789795216,1723780,6,,single
1789795218,1730250,5,,single
1789795219,1730700,17,,single
1789795222,1732430,2,,single
1789795223,1735950,5,,single
1789795224,1739010,23,,single
1789795226,1743850,8,,single
1789795229,1746930,2,,single
1789795230,1750570,2,,single
1789795231,1754840,4,,single
1789795233,1761380,54,,single
1789795234,1761620,0,,single
1789795236,1764530,52,,single
1789795237,1768280,17,,single
1789795239,1769420,14,,single
1789795240,1771980,8,,single
1789795241,1779200,23,,single
1789795243,1782330,3,,single
1789795244,1785150,304,,single
1789795246,1789480,4,,single
1789795247,1792250,18,,single
1789795249,1796470,199,,single
1789795250,1798010,84,,single
1789795252,1801520,10,,single
1789795253,1804010,2,,single
1789795255,1811040,4,,single
1789795256,1811950,43,,single
1789795258,1812090,37,,single
1789795259,1812620,4235,,single
1789795261,1816300,22,,single
1789795262,1817190,703,,single
1789795263,1818750,37,,single
1789795265,1822910,0,,single
1789795267,1824220,2072,,single
1789795268,1831250,16,,single
1789795270,1835240,8,,single
1789795271,1837220,2,,single
1789795273,1839810,18,,single
1789795275,1839940,3,,single
1789795276,1843090,5,,single
1789795277,1844380,8,,single
1789795279,1846380,582,,single
1789795280,1848450,3,,single
1789795282,1849900,5,,single
1789795283,1850480,0,,single
1789795284,1850570,2819,,single
1789795286,1859280,22,,single
1789795287,1860510,81,,single
1789795289,1863750,22,,single
1789795290,1866880,6,,single
1789795292,1871990,0,,single
1789795293,1874490,75,,single
1789795295,1875060,190,,single
1789795296,1879380,11,,single
1789795298,1881420,16,,single
1789795299,1882500,14,,single
1789795301,1885110,13,,single
1789795302,1887400,20,,single
1789795304,1888160,1101,,single
1789795305,1889640,0,,single
1789795307,1892420,3,,single
1789795308,1894430,43,,single
1789795310,1895300,55,,single
1789795311,1898290,25,,single
1789795312,1900340,8,,single
1789795314,1902960,10,,single
1789795315,1904540,1559,,single
1789795317,1909420,2,,single
1789795318,1911390,1,,single
1789795319,1913210,5,,single
1789795321,1915510,44,,single
1789795322,1920480,12,,single
1789795324,1922560,1183,,single
1789795325,1927740,12,,single
1789795327,1931730,7,,single
1789795328,1932570,2,,single
1789795329,1933700,2,,single
1789795331,1934680,1570,,single
1789795332,1938010,43,,single
1789795334,1939970,16,,single
1789795335,1943950,4829,,single
1789795337,1944790,29,,single
1789795338,1946700,9,,single
1789795339,1949960,0,,single
1789795341,1952370,16,,single
1789795342,1954200,35,,single
1789795344,1955330,2,,single
1789795345,1956800,119,,single
1789795347,1958220,60,,single
1789795348,1963570,34,,single
1789795350,1967260,17,,single
1789795351,1967630,96,,single
1789795353,1970580,125,,single
1789795354,1971650,1123,,single
1789795355,1975440,7,,single
1789795357,1978590,12,,single
1789795358,1980530,18,,single
1789795360,1983260,27,,single
1789795361,1988550,25,,single
1789795363,1990110,19,,single
1789795364,2000950,1270,,single
1789795366,2008920,25,,single
1789795367,2011470,1,,single
1789795369,2013730,9,,single
1789795370,2015240,8,,single
1789795372,2019810,15,,single
1789795373,2024070,7,,single
1789795374,2026820,77,,single
1789795376,2051620,1973,,single
1789795377,2056210,23,,single
1789795379,2058190,315,,single
1789795380,2059660,5,,single
1789795382,2060160,1034,,single
1789795383,2064650,140,,single
1789795385,2066020,310,,single
1789795386,2067790,0,,single
1789795388,2068280,47,,single
1789795389,2069310,511,,single
1789795391,2073250,272,,single
1789795392,2075070,22,,single
1789795394,2076140,5,,single
1789795395,2080690,564,,single
1789795396,2085360,1,,single
1789795398,2088160,3,,single
1789795399,2093910,3,,single
1789795401,2096600,52,,single
1789795402,2097230,3,,single
1789795404,2103130,133,,single
1789795405,2104890,624,,single
1789795407,2108330,51,,single
1789795408,2111170,38,,single
1789795410,2114740,528,,single
1789795411,2118810,19,,single
1789795413,2120900,10,,single
1789795414,2124420,0,,single
1789795415,2128480,63,,single
1789795417,2131640,209,,single
1789795418,2134770,38,,single
1789795420,2138710,425,,single
1789795421,2140510,192,,single
1789795423,2144740,143,,single
1789795424,2155180,87,,single
1789795425,2161700,5008,,single
1789795427,2166060,12,,single
1789795428,2169200,841,,single
1789795430,2172010,58,,single
1789795431,2180340,1,,single
1789795433,2181720,6,,single
1789795434,2182400,5,,single
1789795436,2183900,12202,,single
1789795437,2186320,488,,single
1789795439,2187290,176,,single
1789795440,2194530,418,,single
1789795441,2195250,867,,single
1789795443,2196790,1,,single
1789795444,2205850,134,,single
1789795446,2206270,26,,single
1789795447,2208570,119,,single
1789795449,2211170,114,,single
1789795450,2215430,2103,,single
1789795452,2217000,577,,single
1789795453,2221490,4649,,single
1789795454,2230280,5,,single
1789795456,2230980,99,,single
1789795457,2233120,6,,single
1789795459,2237970,19,,single
1789795460,2239150,316,,single
1789795462,2244130,209,,single
1789795463,2248760,134,,single
1789795465,2252680,13,,single
1789795466,2271930,139,,single
1789795468,2272400,9,,single
1789795469,2273430,1040,,single
1789795470,2273980,80,,single
1789795472,2277320,22,,single
1789795473,2287520,22,,single
1789795475,2289650,40,,single
1789795476,2290180,1303,,single
1789795477,2292260,5,,single
1789795479,2296990,36,,single
1789795480,2300320,13520,,single
1789795482,2302660,30,,single
1789795483,2304990,2,,single
1789795485,2314160,22,,single
1789795486,2318480,28,,single
1789795488,2322010,1487,,single
1789795489,2328480,16,,single
1789795491,2330500,2,,single
1789795492,2334730,118,,single
1789795494,2338770,557,,single
1789795495,2348100,6,,single
1789795496,2353250,24,,single
1789795498,2356780,181,,single
1789795499,2357910,14,,single
1789795501,2366970,5,,single
1789795502,2370570,825,,single
1789795504,2379390,29,,single
1789795505,2380050,65,,single
1789795507,2383990,7,,single
1789795508,2389240,0,,single
1789795510,2399160,30,,single
1789795511,2400160,39,,single
1789795513,2400510,84,,single
1789795514,2401970,255,,single
1789795516,2410170,44,,single
1789795517,2419090,11,,single
1789795519,2420660,20,,single
1789795520,2427700,1637,,single
1789795522,2435900,0,,single
1789795524,2441270,5,,single
1789795525,2446600,34,,single
1789795527,2461850,22,,single
1789795529,2475490,36,,single
1789795531,2477340,36,,single
1789795532,2479830,53,,single
1789795534,2488370,456,,single
1789795535,2497920,9,,single
1789795537,2502760,19,,single
1789795538,2506160,20,,single
1789795540,2511500,242,,single
1789795541,2514960,14,,single
1789795543,2521180,0,,single
1789795544,2523120,3,,single
1789795546,2527390,55,,single
1789795547,2533960,8,,single
1789795549,2536840,3,,single
1789795550,2551020,520,,single
1789795552,2552450,622,,single
1789795553,2555430,69,,single
1789795554,2561580,320,,single
1789795556,2575900,2,,single
1789795557,2582560,183,,single
1789795559,2593370,113,,single
1789795560,2595860,6,,single
1789795562,2597970,5,,single
1789795563,2612700,6,,single
1789795565,2629330,5,,single
1789795566,2634950,215,,single
1789795567,2644610,45,,single
1789795569,2649080,11,,single
1789795570,2651330,2,,single
1789795572,2653940,3,,single
1789795573,2658450,58,,single
1789795575,2667120,49,,single
1789795576,2669410,17,,single
1789795578,2674590,54,,single
1789795579,2676840,15,,single
1789795581,2679460,1474,,single
1789795582,2687970,21,,single
1789795584,2688950,956,,single
1789795585,2693930,21,,single
1789795587,2695490,21,,single
1789795588,2698780,357,,single
1789795590,2707900,56,,single
1789795591,2708450,10,,single
1789795592,2716400,42,,single
1789795594,2719160,65,,single
1789795595,2726450,7,,single
1789795597,2742830,778,,single
1789795598,2761670,67,,single
1789795600,2776450,339,,single
1789795601,2784470,841,,single
1789795603,2797340,31,,single
1789795604,2816950,45,,single
1789795606,2824660,7,,single
1789795607,2826180,180,,single
1789795609,2828860,194,,single
1789795610,2849080,431,,single
1789795612,2853730,213,,single
1789795613,2873080,81,,single
1789795615,2878980,2790,,single
1789795616,2888980,1,,single
1789795617,2903560,18,,single
1789795619,2916430,109,,single
1789795620,2928280,5,,single
1789795622,2933080,385,,single
1789795623,2956820,4,,single
1789795625,2961880,38,,single
1789795626,2967990,48,,single
1789795628,2976720,3,,single
1789795629,3014080,199,,single
1789795631,3019370,1,,single
1789795632,3024540,3,,single
1789795633,3035500,233,,single
1789795635,3058630,402,,single
1789795636,3061810,148,,single
1789795638,3107230,23,,single
1789795639,3112260,114,,single
1789795641,3121110,78,,single
1789795642,3126470,0,,single
1789795643,3149840,3,,single
1789795645,3156770,287,,single
1789795646,3168600,56,,single
1789795648,3176060,61,,single
1789795649,3188550,28,,single
1789795651,3218600,2,,single
1789795652,3228180,7,,single
1789795653,3244220,49,,single
1789795655,3272300,1,,single
1789795656,3371240,33,,single
1789795658,3402530,49,,single
1789795659,3454590,81,,single
1789795661,990080,4791,,single
1789795662,1546970,204,,single
1789795664,1547000,746,,single
1789795665,40,2,,single
1789795667,1900,4,,single
1789795668,2210,16,,single
1789795670,2420,0,,single
1789795671,2500,0,,single
1789795673,2640,24,,single
1789795674,3300,26,,single
1789795676,3710,1,,single
1789795677,3980,6,,single
1789795679,4770,8,,single
1789795680,6040,3,,single
1789795682,6120,2,,single
1789795683,6310,6,,single
1789795685,6510,2,,single
1789795686,6870,5,,single
1789795688,6900,9,,single
1789795689,7510,2,,single
1789795690,7600,54,,single
1789795692,7660,10,,single
1789795693,9160,0,,single
1789795695,9480,136,,single
1789795696,10220,5,,single
1789795698,11610,10,,single
1789795699,12150,39,,single
1789795701,12830,5,,single
1789795702,13520,63,,single
1789795704,13560,39,,single
1789795705,15120,33,,single
1789795707,15190,14,,single
1789795708,15370,126,,single
1789795709,15700,11,,single
1789795711,16450,22,,single
1789795712,17300,5,,single
1789795714,17710,0,,single
1789795715,18700,0,,single
1789795717,19800,8,,single
1789795718,19900,53,,single
1789795720,20510,48,,single
1789795721,20900,283,,single
1789795723,21010,3,,single
1789795724,21670,1,,single
1789795726,21780,6,,single
1789795727,22100,64,,single
1789795729,22140,0,,single
1789795730,22310,0,,single
1789795732,22370,177,,single
1789795733,22610,3,,single
1789795734,23310,14,,single
1789795736,24670,23,,single
1789795737,24840,13,,single
1789795739,24880,23,,single
1789795740,25980,8,,single
1789795742,27000,0,,single
1789795743,29800,0,,single
1789795745,31170,1,,single
1789795746,32390,0,,single
1789795748,33460,13,,single
1789795749,34270,30,,single
1789795751,37400,0,,single
1789795752,38420,18,,single
1789795754,39120,138,,single
1789795760,39190,39,,single
1789795762,39690,4,,single
1789795763,40990,26,,single
1789795764,41900,3,,single
1789795766,42910,9,,single
1789795767,43000,0,,single
1789795769,45400,0,,single
1789795770,45770,48,,single
1789795772,47400,8,,single
1789795773,47700,8,,single
1789795775,47890,876,,single
1789795776,48220,89,,single
1789795778,48800,5,,single
1789795779,49540,22,,single
1789795781,55040,0,,single
1789795782,57300,34,,single
1789795784,57680,1,,single
1789795785,57900,29,,single
1789795787,62100,2,,single
1789795788,63660,6,,single
1789795790,63940,3,,single
1789795791,65780,1,,single
1789795793,65980,238,,single
1789795794,70420,0,,single
1789795796,71260,1,,single
1789795797,80340,0,,single
1789795799,92000,1,,single
1789795800,92300,1,,single
1789795802,95400,12,,single
1789795803,97100,1,,single
1789795804,99700,1,,single
1789795806,102840,5,,single
1789795807,105800,0,,single
1789795809,110800,223,,single
1789795810,111900,0,,single
1789795812,113420,5,,single
1789795813,200170,61,,single
1789795815,201210,29,,single
1789795816,201420,1,,single
1789795818,201570,0,,single
1789795819,202750,22,,single
1789795821,203210,0,,single
1789795823,203650,2,,single
1789795824,204060,0,,single
1789795825,204180,0,,single
1789795828,205230,3,,single
1789795830,205730,1,,single
1789795831,205990,14,,single
1789795833,208520,7,,single
1789795834,208730,2,,single
1789795836,209060,0,,single
1789795837,209120,1,,single
1789795838,209670,4,,single
1789795840,209950,5,,single
1789795841,210970,90,,single
1789795843,211400,2,,single
1789795844,211780,3,,single
1789795846,212160,99,,single
1789795847,212390,0,,single
1789795849,213670,440,,single
1789795850,214360,2,,single
1789795852,214870,3,,single
1789795853,215100,53,,single
1789795855,215510,1,,single
1789795856,215690,1,,single
1789795858,215830,0,,single
1789795859,216150,7894,,single
1789795860,216910,1,,single
1789795862,217140,2,,single
1789795863,217750,28,,single
1789795865,217920,0,,single
1789795866,218230,286,,single
1789795868,218640,7,,single
1789795869,218820,3,,single
1789795871,219950,1,,single
1789795872,220660,4,,single
1789795874,220820,1,,single
1789795875,221100,22932,,single
1789795876,221810,3,,single
1789795878,222640,0,,single
1789795879,222980,2,,single
1789795881,223410,3,,single
1789795882,224500,10,,single
1789795884,224860,1,,single
1789795885,225020,2,,single
1789795887,225300,1,,single
1789795888,225420,10,,single
1789795889,225600,0,,single
1789795891,226100,3,,single
1789795892,226580,6,,single
1789795894,226720,4,,single
1789795895,227600,3,,single
1789795897,227940,8,,single
1789795898,228380,259,,single
1789795900,230860,2,,single
1789795901,231140,4,,single
1789795903,231740,1,,single
1789795904,232090,3307,,single
1789795906,232890,139,,single
1789795907,233290,6,,single
1789795909,233550,0,,single
1789795910,233840,7,,single
1789795911,234190,0,,single
1789795913,234900,0,,single
1789795914,235360,5,,single
1789795916,235600,91,,single
1789795917,236370,0,,single
1789795919,236730,1,,single
1789795920,236930,0,,single
1789795922,237870,2,,single
1789795923,238240,0,,single
1789795925,238320,246,,single
1789795926,238430,24,,single
1789795927,238930,0,,single
1789795929,239160,41,,single
1789795930,239840,5,,single
1789795932,240440,0,,single
1789795933,404730,51,,single
1789795935,241540,4,,single
1789795936,242550,45,,single
1789795938,242780,0,,single
1789795939,243040,2,,single
1789795941,243160,1,,single
1789795942,243780,16,,single
1789795943,244070,1,,single
1789795945,244770,6,,single
1789795946,245150,0,,single
1789795948,245300,3,,single
1789795949,245490,19,,single
1789795951,246090,0,,single
1789795952,246760,2,,single
1789795954,247950,1,,single
1789795955,249050,18,,single
1789795957,249590,0,,single
1789795958,249650,9,,single
1789795960,250380,3,,single
1789795961,250420,1,,single
1789795963,250580,1,,single
1789795964,250680,1,,single
1789795966,251110,8,,single
1789795967,251430,1,,single
1789795969,251830,1,,single
1789795970,251950,9,,single
1789795972,252350,2,,single
1789795973,252450,6,,single
1789795975,252670,1,,single
1789795976,253190,0,,single
1789795978,253510,0,,single
1789795979,253920,0,,single
1789795980,254060,1,,single
1789795982,255070,1,,single
1789795983,255280,5,,single
1789795985,255390,0,,single
1789795986,255520,5,,single
1789795988,256460,2,,single
1789795989,257400,7,,single
1789795991,257690,0,,single
1789795992,257750,2,,single
1789795994,258520,0,,single
1789795995,259170,0,,single
1789795996,260190,3,,single
1789795998,260790,1,,single
1789795999,261490,0,,single
1789796001,261760,1,,single
1789796002,262150,0,,single
1789796004,262390,0,,single
1789796005,262790,0,,single
1789796007,263020,0,,single
1789796008,263540,23,,single
1789796010,263620,2,,single
1789796011,264160,4,,single
1789796013,265300,9,,single
1789796014,265550,181,,single
1789796016,265690,1,,single
1789796017,266110,0,,single
1789796019,267490,1,,single
1789796020,268050,159,,single
1789796022,268870,9,,single
1789796023,269190,10,,single
1789796025,269250,1,,single
1789796026,269490,0,,single
1789796028,269670,0,,single
1789796029,269790,3,,single
1789796031,270570,1,,single
1789796032,270850,3,,single
1789796034,271240,27,,single
1789796035,271570,0,,single
1789796037,271760,4,,single
1789796038,272060,4,,single
1789796040,272270,8,,single
1789796041,273500,0,,single
1789796042,274290,0,,single
1789796044,274350,0,,single
1789796045,275100,2,,single
1789796047,275490,0,,single
1789796048,277430,1,,single
1789796050,277890,6,,single
1789796051,278910,1,,single
1789796052,279940,4,,single
1789796054,280720,3,,single
1789796055,281370,0,,single
1789796057,281940,0,,single
1789796058,282100,2,,single
1789796060,282560,4,,single
1789796061,282760,0,,single
1789796063,283230,0,,single
1789796064,283880,3,,single
1789796066,284240,0,,single
1789796067,284870,0,,single
1789796069,285440,0,,single
1789796070,286000,8,,single
1789796072,286570,10,,single
1789796073,287260,0,,single
1789796075,287580,0,,single
1789796076,288060,1,,single
1789796078,288470,155,,single
1789796079,289690,1,,single
1789796081,290470,42,,single
1789796083,290790,1,,single
1789796084,291480,2,,single
1789796085,292000,4085,,single
1789796087,292140,65,,single
1789796088,292910,10,,single
1789796090,293520,0,,single
1789796091,293680,0,,single
1789796093,294440,0,,single
1789796094,295790,4,,single
1789796096,296470,2,,single
1789796097,296830,3,,single
1789796098,297020,0,,single
1789796100,297130,17,,single
1789796101,298050,200,,single
1789796103,298260,0,,single
1789796104,298630,32,,single
1789796106,299720,0,,single
1789796107,299950,4,,single
1789796109,300820,2,,single
1789796110,301120,92,,single
1789796112,301520,2,,single
1789796113,302080,2,,single
1789796115,302590,0,,single
1789796116,302830,1,,single
1789796118,303430,0,,single
1789796119,303800,2,,single
1789796121,304530,6,,single
1789796123,305050,0,,single
1789796124,305380,4,,single
1789796126,306410,19,,single
1789796127,307290,0,,single
1789796130,308040,1,,single
1789796131,310470,11,,single
1789796132,310950,143,,single
1789796134,311190,1,,single
1789796135,311290,5,,single
1789796137,311770,31,,single
1789796138,312200,6,,single
1789796140,312540,3,,single
1789796141,312610,14,,single
1789796143,312780,39,,single
1789796144,313010,10,,single
1789796146,313630,0,,single
1789796147,313740,0,,single
1789796149,314000,39,,single
1789796150,314070,6,,single
1789796152,314450,0,,single
1789796153,314710,2,,single
1789796154,314970,9,,single
1789796156,315430,0,,single
1789796157,317040,0,,single
1789796159,317410,0,,single
1789796160,317620,1,,single
1789796162,318220,0,,single
1789796163,318530,0,,single
1789796165,319140,0,,single
1789796166,663090,1575,,single
1789796168,320340,1,,single
1789796169,321290,4,,single
1789796171,321960,121,,single
1789796172,322520,18,,single
1789796173,324260,1,,single
1789796175,324570,3,,single
1789796176,324810,53,,single
1789796178,325420,0,,single
1789796179,326480,5,,single
1789796181,327070,340,,single
1789796182,327510,0,,single
1789796184,327740,3,,single
1789796185,329130,22,,single
1789796187,329440,5,,single
1789796188,329830,10,,single
1789796190,330070,9,,single
1789796191,330820,1,,single
1789796193,331440,1,,single
1789796194,331690,0,,single
1789796195,1116960,11,,single
1789796197,333980,14,,single
1789796198,334120,0,,single
1789796200,334420,1,,single
1789796201,335190,0,,single
1789796203,336130,0,,single
1789796204,337930,1,,single
1789796206,338390,2,,single
1789796207,339200,2,,single
1789796209,339340,222,,single
1789796210,339600,1,,single
1789796212,340000,2,,single
1789796213,340150,2,,single
1789796215,340490,3,,single
1789796216,341500,0,,single
1789796217,342180,6,,single
1789796219,342380,0,,single
1789796220,342980,0,,single
1789796222,343710,2,,single
1789796223,344740,3,,single
1789796225,344850,9,,single
1789796226,345240,59,,single
1789796228,345330,1,,single
1789796229,345370,33,,single
1789796231,345610,6,,single
1789796232,345820,13,,single
1789796234,346250,0,,single
1789796235,346850,9,,single
1789796237,347430,0,,single
1789796238,347600,9,,single
1789796240,347800,4,,single
1789796241,348200,17,,single
1789796243,348510,1,,single
1789796244,349730,2,,single
1789796246,350640,11,,single
1789796248,350910,1,,single
1789796249,351090,2,,single
1789796251,351290,0,,single
1789796252,351800,0,,single
1789796254,352550,0,,single
1789796255,353270,12,,single
1789796257,353540,6,,single
1789796258,354200,6,,single
1789796260,354380,11,,single
1789796261,355250,2,,single
1789796263,355840,0,,single
1789796264,356050,0,,single
1789796266,356310,6,,single
1789796267,356670,10,,single
1789796269,357310,21,,single
1789796270,357900,0,,single
1789796272,359050,4,,single
1789796273,359230,1,,single
1789796275,359800,10,,single
1789796276,359870,572,,single
1789796277,360430,609,,single
1789796279,360870,2,,single
1789796280,361300,6,,single
1789796282,362870,31,,single
1789796283,363360,0,,single
1789796285,363600,4,,single
1789796286,363930,2,,single
1789796288,364470,2,,single
1789796289,365670,8921,,single
1789796291,366220,42,,single
1789796292,366250,12,,single
1789796294,366910,1,,single
1789796295,367270,8,,single
1789796297,368340,115,,single
1789796298,368430,0,,single
1789796300,368860,0,,single
1789796301,369070,1,,single
1789796303,369530,1,,single
1789796304,371140,1,,single
1789796305,371200,0,,single
1789796307,371660,478,,single
1789796308,373330,0,,single
1789796310,375200,0,,single
1789796311,375600,1,,single
1789796313,376520,0,,single
1789796314,377160,9182,,single
1789796316,377530,151,,single
1789796317,378360,7,,single
1789796319,378720,15,,single
1789796320,378860,79,,single
1789796322,379980,0,,single
1789796323,381120,3,,single
1789796325,381940,0,,single
1789796326,382140,30,,single
1789796328,382900,11,,single
1789796329,383150,216,,single
1789796331,383270,12,,single
1789796332,384110,15,,single
1789796334,384490,0,,single
1789796335,385330,0,,single
1789796337,385560,2,,single
1789796338,385760,51,,single
1789796339,386590,0,,single
1789796341,387860,0,,single
1789796343,387990,2566,,single
1789796344,388800,4,,single
1789796346,389510,3,,single
1789796347,390290,11,,single
1789796348,390560,3,,single
1789796350,391040,5,,single
1789796352,391460,1,,single
1789796353,392950,13,,single
1789796354,393200,0,,single
1789796356,393520,5,,single
1789796357,394160,10,,single
1789796359,394760,0,,single
1789796360,395520,0,,single
1789796362,396480,3,,single
1789796363,397270,2,,single
1789796365,397900,154,,single
1789796366,400020,1,,single
1789796368,400080,18,,single
1789796369,400160,0,,single
1789796371,400450,3,,single
1789796372,400750,3227,,single
1789796374,401190,0,,single
1789796375,402130,5,,single
1789796377,402310,0,,single
1789796378,402430,3,,single
1789796380,402710,2,,single
1789796381,403180,1,,single
1789796383,404590,1,,single
1789796384,404680,4,,single
1789796386,407330,3,,single
1789796387,408930,0,,single
1789796388,409100,0,,single
1789796390,409670,1,,single
1789796391,409870,8,,single
1789796393,410710,2,,single
1789796394,411000,3,,single
1789796396,411370,15,,single
1789796397,411970,4,,single
1789796399,412450,0,,single
1789796400,414530,0,,single
1789796402,414870,3,,single
1789796403,415600,47,,single
1789796405,416590,4,,single
1789796406,416690,1,,single
1789796408,417290,7,,single
1789796409,418620,1,,single
1789796411,420110,17,,single
1789796412,420790,86,,single
1789796414,421170,10,,single
1789796415,422510,4,,single
1789796416,422910,10,,single
1789796418,423580,38,,single
1789796419,423950,1,,single
1789796421,426000,43,,single
1789796423,427100,55,,single
1789796424,427290,145,,single
1789796425,427510,25,,single
1789796428,427880,0,,single
1789796430,428690,25,,single
1789796431,429300,0,,single
1789796433,429660,34,,single
1789796434,431940,3,,single
1789796436,432010,0,,single
1789796437,433100,0,,single
1789796439,433280,13,,single
1789796440,433530,8,,single
1789796442,434050,56,,single
1789796443,434420,0,,single
1789796444,434570,13,,single
1789796446,434730,0,,single
1789796447,435300,0,,single
1789796449,436180,4,,single
1789796450,436520,2,,single
1789796452,437220,1,,single
1789796453,437630,3,,single
1789796455,438680,3,,single
1789796456,439340,0,,single
1789796458,440630,0,,single
1789796459,440900,4650,,single
1789796461,441790,0,,single
1789796462,441870,1,,single
1789796463,442080,1,,single
1789796465,442780,2,,single
1789796466,443580,0,,single
1789796468,444250,0,,single
1789796469,444940,14,,single
1789796471,445980,88,,single
1789796472,446150,2,,single
1789796473,448370,0,,single
1789796475,449540,1,,single
1789796476,449960,6,,single
1789796478,451760,5,,single
1789796479,452060,18,,single
1789796481,452510,0,,single
1789796482,453890,0,,single
1789796484,454250,3,,single
1789796485,455980,11,,single
1789796486,458750,423,,single
1789796488,459820,838,,single
1789796489,460430,2,,single
1789796491,460790,109,,single
1789796492,461040,25,,single
1789796494,461640,0,,single
1789796495,461870,0,,single
1789796497,462780,78,,single
1789796498,462960,25,,single
1789796499,463270,1,,single
1789796501,464780,0,,single
1789796502,465200,10,,single
1789796504,465490,35,,single
1789796505,465760,2,,single
1789796507,466130,92,,single
1789796508,466940,0,,single
1789796510,468530,0,,single
1789796511,469610,14,,single
1789796513,469820,1,,single
1789796514,469990,8,,single
1789796516,471550,23,,single
1789796517,472870,26,,single
1789796519,474750,6,,single
1789796520,476650,4,,single
1789796522,480640,5,,single
1789796523,485030,2,,single
1789796525,485450,1,,single
1789796526,486720,3,,single
1789796528,487000,14,,single
1789796529,487220,0,,single
1789796530,487720,1,,single
1789796532,488790,304,,single
1789796533,489940,2,,single
1789796535,490280,7,,single
1789796536,493370,11,,single
1789796538,493520,639,,single
1789796539,494430,8,,single
1789796541,495420,1372,,single
1789796542,496240,10,,single
1789796544,496460,31,,single
1789796545,496810,0,,single
1789796547,499890,0,,single
1789796548,501790,0,,single
1789796549,502550,1,,single
1789796551,502820,2,,single
1789796552,503350,3,,single
1789796554,503620,0,,single
1789796555,504130,7,,single
1789796557,505460,1160,,single
1789796558,505640,3,,single
1789796560,505740,0,,single
1789796561,506610,10,,single
1789796563,509980,63,,single
1789796564,510490,0,,single
1789796566,511680,19,,single
1789796567,512250,1,,single
1789796568,513000,23,,single
1789796570,513450,0,,single
1789796571,514310,2,,single
1789796573,514920,0,,single
1789796574,515220,11,,single
1789796576,518060,19,,single
1789796577,519140,1,,single
1789796579,520010,1,,single
1789796580,520720,3,,single
1789796582,521150,10,,single
1789796583,522210,8,,single
1789796585,523650,5,,single
1789796586,524580,6,,single
1789796588,525480,36,,single
1789796589,525700,4,,single
1789796590,526490,10,,single
1789796592,527270,2,,single
1789796593,1049590,11819,,single
1789796595,528740,176,,single
1789796596,529520,4,,single
1789796598,529660,5,,single
1789796599,530330,2,,single
1789796601,530630,5,,single
1789796602,531960,0,,single
1789796603,532840,2,,single
1789796605,533780,5,,single
1789796606,534550,8,,single
1789796608,535930,540,,single
1789796609,536890,1,,single
1789796611,537180,126,,single
1789796612,537450,4,,single
1789796614,538070,1,,single
1789796615,541300,22,,single
1789796616,543260,2,,single
1789796618,543900,32,,single
1789796619,544750,171,,single
1789796621,545650,0,,single
1789796622,546090,6,,single
1789796624,546430,2,,single
1789796625,548570,21,,single
1789796627,550470,130,,single
1789796628,550900,1,,single
1789796629,552450,1,,single
1789796631,552620,47,,single
1789796632,554310,1,,single
1789796634,555150,0,,single
1789796635,555220,9,,single
1789796637,555950,113,,single
1789796638,557180,11,,single
1789796640,558420,1,,single
1789796641,559610,1,,single
1789796643,560130,220,,single
1789796644,560430,2,,single
1789796645,562500,7,,single
1789796647,566090,0,,single
1789796648,566440,13,,single
1789796650,567280,0,,single
1789796651,567640,483,,single
1789796653,569610,19,,single
1789796654,570840,5,,single
1789796656,572410,19,,single
1789796657,574720,15,,single
1789796659,575550,2,,single
1789796660,576500,0,,single
1789796662,578080,337653,,single
1789796663,578650,37,,single
1789796664,579180,44,,single
1789796666,580040,1,,single
1789796667,581320,946,,single
1789796669,582660,18510,,single
1789796670,585450,2,,single
1789796672,585690,11,,single
1789796673,586140,236,,single
1789796675,586350,7,,single
1789796676,587100,15,,single
1789796678,587260,12,,single
1789796679,587860,3,,single
1789796680,588210,2,,single
1789796682,588950,7,,single
1789796683,589500,4,,single
1789796685,589780,12,,single
1789796686,591420,0,,single
1789796688,593640,0,,single
1789796689,594330,33,,single
1789796691,597820,28,,single
1789796692,598330,25,,single
1789796694,599080,0,,single
1789796695,601050,97,,single
1789796697,601530,0,,single
1789796698,602520,25,,single
1789796699,603530,0,,single
1789796701,604500,102,,single
1789796702,605450,0,,single
1789796704,606280,53,,single
1789796705,606800,20,,single
1789796707,607050,10,,single
1789796708,607890,17,,single
1789796710,609150,22,,single
1789796711,609920,4,,single
1789796713,611660,27,,single
1789796714,611790,143,,single
1789796715,612390,0,,single
1789796717,612570,1,,single
1789796718,612880,170,,single
1789796720,613880,8,,single
1789796721,617160,8,,single
1789796723,617700,0,,single
1789796724,618970,1,,single
1789796726,619540,5,,single
1789796728,619880,7,,single
1789796730,621070,1,,single
1789796731,622220,28,,single
1789796733,622650,71,,single
1789796734,623340,2,,single
1789796736,625960,1218,,single
1789796737,626690,54,,single
1789796739,628730,0,,single
1789796740,629520,9978,,single
1789796742,629760,316,,single
1789796743,630100,1,,single
1789796744,632000,0,,single
1789796746,632470,955,,single
1789796747,635200,2,,single
1789796749,636040,243,,single
1789796750,637090,996,,single
1789796752,637650,480,,single
1789796753,638070,1,,single
1789796755,638650,16,,single
1789796756,638970,284,,single
1789796758,639790,1,,single
1789796759,640380,12,,single
1789796761,641780,12,,single
1789796762,644570,3,,single
1789796763,644930,2323,,single
1789796765,646200,0,,single
1789796766,649640,2,,single
1789796768,650000,0,,single
1789796769,650510,7,,single
1789796771,651660,2,,single
1789796772,652410,1,,single
1789796774,654990,0,,single
1789796775,657200,10,,single
1789796777,658620,33,,single
1789796778,661130,35,,single
1789796780,664430,3,,single
1789796781,665180,2,,single
1789796782,667610,11,,single
1789796784,668580,3134,,single
1789796785,669950,0,,single
1789796787,670290,465,,single
1789796788,671970,12,,single
1789796790,672680,122,,single
1789796791,673210,1,,single
1789796793,674020,5,,single
1789796794,674750,20,,single
1789796796,677340,15,,single
1789796797,678900,14,,single
1789796798,681660,1,,single
1789796800,683900,166,,single
1789796801,684580,0,,single
1789796803,685240,4,,single
1789796804,686680,7,,single
1789796806,687260,0,,single
1789796807,688060,4,,single
1789796808,689580,48,,single
1789796810,690810,0,,single
1789796811,691020,0,,single
1789796813,692840,0,,single
1789796814,694500,27,,single
1789796816,695290,4,,single
1789796817,696170,12,,single
1789796819,696480,1,,single
1789796820,698670,58,,single
1789796822,699330,8,,single
1789796823,700030,3,,single
1789796825,702050,34,,single
1789796826,702890,29,,single
1789796828,704270,267,,single
1789796829,706560,2,,single
1789796831,707010,422,,single
1789796832,709440,0,,single
1789796834,711750,0,,single
1789796835,712190,7,,single
1789796836,715560,3,,single
1789796838,716500,1,,single
1789796839,718590,4,,single
1789796841,718670,270,,single
1789796842,720250,6,,single
1789796844,722180,0,,single
1789796845,722560,2,,single
1789796847,723390,3,,single
1789796848,726390,9,,single
1789796850,727130,7,,single
1789796851,728530,154,,single
1789796853,730310,24,,single
1789796854,732240,1,,single
1789796855,733210,0,,single
1789796857,736220,38,,single
1789796858,737800,37,,single
1789796860,738530,0,,single
1789796861,739650,2,,single
1789796863,741670,0,,single
1789796864,743090,0,,single
1789796866,743890,114,,single
1789796867,744060,2,,single
1789796869,746510,1,,single
1789796870,747340,1,,single
1789796871,747360,1,,single
1789796873,750130,57,,single
1789796874,752480,4,,single
1789796876,753590,0,,single
1789796877,753930,0,,single
1789796879,754890,2,,single
1789796880,755800,91,,single
1789796882,757300,3,,single
1789796883,757910,0,,single
1789796885,760060,31,,single
1789796886,762220,1,,single
1789796888,765410,4,,single
1789796889,765870,9,,single
1789796891,767560,1205,,single
1789796892,768450,0,,single
1789796894,770100,9,,single
1789796895,772430,4,,single
1789796896,773951,16,,single
1789796898,774241,7,,single
1789796899,774361,516,,single
1789796901,774811,0,,single
1789796902,776340,0,,single
1789796904,778700,25,,single
1789796905,779340,4435,,single
1789796907,780210,22,,single
1789796908,782250,11,,single
1789796910,785770,11,,single
1789796911,787810,18,,single
1789796913,788100,146,,single
1789796914,788270,13,,single
1789796916,788770,2,,single
1789796917,790710,77,,single
1789796919,793370,1,,single
1789796920,794540,1,,single
1789796922,794860,12,,single
1789796923,798510,8,,single
1789796924,801800,73,,single
1789796926,803600,72,,single
1789796927,804270,2,,single
1789796929,806140,61,,single
1789796930,808910,4,,single
1789796932,809880,10,,single
1789796933,811870,1,,single
1789796935,813540,4,,single
1789796936,814540,27,,single
1789796938,816020,9,,single
1789796939,817840,9,,single
1789796941,820630,0,,single
1789796942,821890,1,,single
1789796944,823550,33,,single
1789796945,824270,2784,,single
1789796947,825630,96,,single
1789796948,828900,1,,single
1789796950,830820,0,,single
1789796951,833040,2,,single
1789796953,835430,24,,single
1789796954,837380,69,,single
1789796956,838380,14,,single
1789796957,840720,4,,single
1789796959,842100,3,,single
1789796960,843200,1,,single
1789796962,844870,8,,single
1789796963,846800,4,,single
1789796965,849100,2,,single
1789796966,851670,12,,single
1789796968,852090,1,,single
1789796969,855740,2,,single
1789796971,858810,229,,single
1789796972,861650,102,,single
1789796974,863500,7,,single
1789796975,863570,1,,single
1789796976,867290,4,,single
1789796978,868520,7,,single
1789796980,871530,8,,single
1789796981,871980,29,,single
1789796982,873840,5,,single
1789796984,877200,2,,single
1789796985,878320,0,,single
1789796987,879160,5,,single
1789796988,880850,21,,single
1789796990,882140,19,,single
1789796991,885150,6,,single
1789796993,886900,5,,single
1789796994,888790,8,,single
1789796996,889510,30,,single
1789796997,891220,0,,single
1789796999,893180,36,,single
1789797000,895620,19,,single
1789797002,897030,2,,single
1789797003,898650,4,,single
1789797005,899970,18,,single
1789797006,900040,30,,single
1789797008,905640,10,,single
1789797009,907650,26,,single
1789797011,910490,0,,single
1789797012,911400,281,,single
1789797014,914260,1,,single
1789797015,914690,79,,single
1789797017,915460,0,,single
1789797018,916840,18,,single
1789797020,918820,1,,single
1789797022,919640,205,,single
1789797023,921570,663,,single
1789797025,921800,11,,single
1789797026,923260,4,,single
1789797029,924750,2,,single
1789797031,924980,57,,single
1789797032,927270,0,,single
1789797034,927890,4,,single
1789797035,928960,12,,single
1789797037,931280,13,,single
1789797038,932850,4,,single
1789797040,933820,71,,single
1789797041,934780,4,,single
1789797043,936780,8,,single
1789797044,939330,10,,single
1789797045,939850,14,,single
1789797047,940910,3,,single
1789797048,943260,0,,single
1789797050,944250,0,,single
1789797051,946030,3,,single
1789797053,948740,83,,single
1789797054,952060,1058,,single
1789797056,952250,0,,single
1789797057,954650,0,,single
1789797059,954850,24,,single
1789797060,955900,471,,single
1789797062,957790,0,,single
1789797063,959080,3,,single
1789797065,960910,153,,single
1789797066,963690,1,,single
1789797068,967050,82,,single
1789797069,968790,22,,single
1789797070,968970,9,,single
1789797072,970830,32,,single
1789797073,971030,1,,single
1789797075,976590,54,,single
1789797076,977880,22,,single
1789797078,979060,51,,single
1789797079,979690,71,,single
1789797081,983380,5,,single
1789797082,984110,2,,single
1789797084,984680,13,,single
1789797085,985830,10,,single
1789797087,990050,2,,single
1789797088,991270,54,,single
1789797089,992070,1124,,single
1789797091,992640,1,,single
1789797092,994220,2,,single
1789797094,994730,121,,single
1789797095,996770,38,,single
1789797097,999020,65,,single
1789797098,1000010,12,,single
1789797100,1000760,2,,single
1789797101,1004240,1,,single
1789797103,1004770,11,,single
1789797104,1009290,20,,single
1789797106,1011510,104,,single
1789797107,1012610,1,,single
1789797109,1015140,0,,single
1789797110,1015930,6,,single
1789797112,1016800,30,,single
1789797113,1017100,122,,single
1789797115,1018020,7,,single
1789797116,1022450,405,,single
1789797117,1025600,311,,single
1789797119,1026680,154,,single
1789797121,1029210,15,,single
1789797122,1029890,5,,single
1789797123,1030830,327,,single
1789797125,1031120,13,,single
1789797126,1032430,28,,single
1789797128,1034900,2,,single
1789797129,1035990,4,,single
1789797131,1038740,4,,single
1789797132,1040550,0,,single
1789797134,1041720,107,,single
1789797135,1042380,3,,single
1789797136,1042780,1,,single
1789797138,1043180,0,,single
1789797139,1045720,11,,single
1789797141,1046820,4,,single
1789797142,1048100,708,,single
1789797144,1049400,0,,single
1789797145,1049890,7,,single
1789797147,1056600,0,,single
1789797148,1056840,0,,single
1789797150,1057640,44,,single
1789797151,1062000,1,,single
1789797153,1062960,7,,single
1789797154,1063730,369,,single
1789797156,1065100,3,,single
1789797157,1069030,1,,single
1789797158,1070820,73,,single
1789797160,1071870,262,,single
1789797161,1072500,16,,single
1789797163,1079210,0,,single
1789797164,1080020,34,,single
1789797166,1086640,1,,single
1789797167,1086940,39268,,single
1789797169,1088090,137,,single
1789797170,1088710,43,,single
1789797172,1090250,0,,single
1789797173,1091500,28051,,single
1789797175,1092730,5,,single
1789797176,1094390,5,,single
1789797178,1096410,3,,single
1789797179,1096710,22,,single
1789797181,1097430,703,,single
1789797182,1097620,5,,single
1789797184,1099410,201,,single
1789797185,1101190,16,,single
1789797187,1101790,7,,single
1789797188,1104280,36,,single
1789797190,1104660,8,,single
1789797191,1105500,102,,single
1789797192,1106340,12,,single
1789797194,1106850,0,,single
1789797195,1107790,2,,single
1789797197,1108590,13,,single
1789797198,1110390,9,,single
1789797200,1111210,2,,single
1789797201,1112400,1,,single
1789797203,1113120,234,,single
1789797204,1113570,5,,single
1789797206,1117090,7,,single
1789797207,1118310,470,,single
1789797209,1120320,31,,single
1789797210,1121560,28,,single
1789797212,1123050,52,,single
1789797213,1124300,381,,single
1789797215,1127840,10,,single
1789797217,1128000,3,,single
1789797218,1128860,62,,single
1789797220,1130620,2,,single
1789797221,1131720,0,,single
1789797223,1133760,27,,single
1789797224,1134700,395,,single
1789797225,1135300,16,,single
1789797227,1136370,49,,single
1789797228,1137300,28,,single
1789797230,1139940,19,,single
1789797231,1141020,61,,single
1789797233,1142080,3,,single
1789797234,1143810,13,,single
1789797236,1144400,364,,single
1789797237,1146370,46,,single
1789797239,1146630,5,,single
1789797240,1148510,1,,single
1789797241,1150440,186,,single
1789797243,1150640,205,,single
1789797244,1154810,14,,single
1789797246,1157340,2,,single
1789797247,1158890,5,,single
1789797249,1160750,118,,single
1789797250,1161830,109,,single
1789797252,1162960,1,,single
1789797253,1164690,1,,single
1789797255,1167140,11,,single
1789797256,1170760,3,,single
1789797257,1170970,159,,single
1789797259,1172050,0,,single
1789797260,1173220,4,,single
1789797262,1174940,2,,single
1789797263,1175830,12,,single
1789797265,1176710,16,,single
1789797266,1178830,32,,single
1789797268,1179680,64,,single
1789797269,1180380,878,,single
1789797271,1182020,143,,single
1789797272,1183800,3,,single
1789797274,1184140,1,,single
1789797275,1184480,12,,single
1789797276,1186040,4,,single
1789797278,1189290,26,,single
1789797279,1190110,0,,single
1789797281,1190400,1,,single
1789797282,1192640,1,,single
1789797284,1194930,1,,single
1789797285,1196310,121,,single
1789797287,1197370,0,,single
1789797288,1203180,0,,single
1789797290,1203620,4976,,single
1789797291,1205960,2,,single
1789797293,1206480,0,,single
1789797294,1208600,0,,single
1789797296,1209490,5,,single
1789797297,1213740,15,,single
1789797299,1214650,4,,single
1789797300,1218250,1,,single
1789797301,1218500,1,,single
1789797303,1220140,76,,single
1789797304,1222370,15,,single
1789797306,1222690,360,,single
1789797307,1224020,1,,single
1789797309,1225560,10,,single
1789797310,1225590,1,,single
1789797312,1227780,6,,single
1789797313,1228520,11,,single
1789797315,1229580,2,,single
1789797316,1231990,13,,single
1789797318,1234430,11,,single
1789797319,1235110,10,,single
1789797321,1236300,6,,single
1789797323,1237980,29,,single
1789797324,1238020,29,,single
1789797326,1238060,154,,single
1789797327,1238820,110,,single
1789797328,1238880,20,,single
1789797330,1240440,1933,,single
1789797331,1244950,5,,single
1789797333,1249130,1,,single
1789797334,1249880,2,,single
1789797336,1250790,53,,single
1789797337,1252600,93,,single
1789797339,1253870,0,,single
1789797340,1254120,188,,single
1789797342,1255560,11,,single
1789797343,1256230,2,,single
1789797345,1258040,0,,single
1789797346,1259790,182,,single
1789797348,1261040,14,,single
1789797349,1263550,24,,single
1789797351,1265780,4,,single
1789797352,1265930,32,,single
1789797354,1266700,27,,single
1789797355,1268590,28,,single
1789797357,1269300,1,,single
1789797358,1269710,3,,single
1789797360,1271700,34,,single
1789797361,1274290,1,,single
1789797362,1275630,1,,single
1789797364,1276760,218,,single
1789797365,1277920,12,,single
1789797367,1278060,121,,single
1789797368,1281270,1,,single
1789797370,1282210,14,,single
1789797371,1282690,6,,single
1789797373,1283230,19,,single
1789797374,1284410,490,,single
1789797376,1286880,6,,single
1789797377,1287840,36,,single
1789797379,1289310,66,,single
1789797380,1290330,11,,single
1789797382,1293160,9,,single
1789797383,1293820,27,,single
1789797385,1295900,15,,single
1789797386,1296510,0,,single
1789797388,1296830,726,,single
1789797389,1299120,2,,single
1789797390,1305080,22,,single
1789797392,1306630,10,,single
1789797393,1310410,12,,single
1789797395,1311070,5,,single
1789797397,1316230,14,,single
1789797398,1318090,0,,single
1789797400,1321450,5,,single
1789797401,1324340,42,,single
1789797403,1325200,1261,,single
1789797404,1325860,10690,,single
1789797406,1328670,1783,,single
1789797407,1330460,30,,single
1789797408,1333200,2,,single
1789797410,1334000,3,,single
1789797411,1334590,2,,single
1789797413,1336180,9,,single
1789797414,1341200,32,,single
1789797416,1344350,35,,single
1789797417,1346070,2,,single
1789797419,1349230,6,,single
1789797420,1353270,3,,single
1789797422,1355090,28,,single
1789797423,1357210,243,,single
1789797425,1358710,2,,single
1789797426,1361680,30,,single
1789797428,1367300,6,,single
1789797429,1368130,1,,single
1789797431,1368870,12,,single
1789797432,1369470,40,,single
1789797434,1371580,505,,single
1789797435,1371690,2,,single
1789797437,1372110,172,,single
1789797438,1373090,7,,single
1789797440,1373550,3,,single
1789797441,1374930,12,,single
1789797442,1375900,5,,single
1789797444,1377580,156,,single
1789797445,1380220,3,,single
1789797447,1381650,1,,single
1789797448,1384700,4,,single
1789797450,1388590,89,,single
1789797451,1389160,1,,single
1789797453,1391530,26,,single
1789797454,1394270,0,,single
1789797456,1397790,1,,single
1789797457,1401730,47,,single
1789797459,1402120,8,,single
1789797460,1403370,0,,single
1789797462,1406990,27,,single
1789797463,1412190,0,,single
1789797465,1413020,0,,single
1789797466,1415660,0,,single
1789797468,1417010,0,,single
1789797469,1419160,28,,single
1789797471,1420300,7,,single
1789797472,1421490,6,,single
1789797474,1424980,0,,single
1789797475,1425980,9,,single
1789797477,1428420,10,,single
1789797478,1428900,0,,single
1789797480,1430760,2,,single
1789797481,1432320,89,,single
1789797482,1433990,18,,single
1789797484,1437400,31,,single
1789797485,1439750,4,,single
1789797487,1443490,3,,single
1789797488,1444650,2,,single
1789797490,1448440,458,,single
1789797491,1451940,460,,single
1789797493,1454970,4,,single
1789797494,1456880,0,,single
1789797496,1457320,31,,single
1789797497,1465070,5,,single
1789797499,1465470,1558,,single
1789797500,1465860,1,,single
1789797502,1468810,4068,,single
1789797503,1472560,49,,single
1789797505,1474740,4,,single
1789797506,1477940,2,,single
1789797508,1479140,9,,single
1789797509,1480560,23,,single
1789797511,1482910,18,,single
1789797512,1484900,3,,single
1789797513,1487210,120,,single
1789797515,1488560,11,,single
1789797516,1490060,0,,single
1789797518,1491410,9,,single
1789797519,1492680,10,,single
1789797521,1493760,4,,single
1789797522,1494460,140,,single
1789797524,1496790,99,,single
1789797525,1498740,4,,single
1789797527,1502660,9,,single
1789797528,1504740,1,,single
1789797530,1506850,2,,single
1789797531,1508460,0,,single
1789797533,1515950,25,,single
1789797534,1517970,25,,single
1789797535,1519490,39,,single
1789797537,1529810,0,,single
1789797538,1530160,89,,single
1789797540,1532690,3,,single
1789797541,1536620,8,,single
1789797543,1538570,19,,single
1789797544,1543030,59,,single
1789797546,1544020,40,,single
1789797547,1548850,18,,single
1789797549,1549750,0,,single
1789797550,1550010,5,,single
1789797552,1551360,6123,,single
1789797553,1553120,0,,single
1789797554,1556100,12,,single
1789797556,1559680,1,,single
1789797557,1563180,32,,single
1789797559,1569200,4,,single
1789797560,1571940,1,,single
1789797562,1574240,37,,single
1789797563,1574270,1,,single
1789797565,1577120,240,,single
1789797566,1579880,3,,single
1789797568,1580780,26,,single
1789797569,1583230,103,,single
1789797571,1587540,5,,single
1789797572,1590840,9,,single
1789797573,1591290,9,,single
1789797575,1591530,16,,single
1789797576,1593030,53,,single
1789797578,1594060,1,,single
1789797579,1599340,4932,,single
1789797581,1602000,342,,single
1789797582,1607240,1,,single
1789797584,1608450,32,,single
1789797585,1609730,3,,single
1789797587,1611490,0,,single
1789797588,1612770,15,,single
1789797590,1618380,57,,single
1789797591,1619570,8,,single
1789797593,1621560,10,,single
1789797594,1622900,21,,single
1789797595,1623070,49,,single
1789797597,1627570,26,,single
1789797598,1632490,1,,single
1789797600,1635450,191,,single
1789797601,1639610,3,,single
1789797603,1641960,157,,single
1789797604,1643320,6473,,single
1789797606,1647160,1,,single
1789797607,1649080,284,,single
1789797609,1658290,23,,single
1789797610,1660840,2,,single
1789797612,1662210,10,,single
1789797614,1665500,2,,single
1789797616,1668520,29,,single
1789797617,1670870,11,,single
1789797619,1672310,2,,single
1789797620,1674780,0,,single
1789797623,1677350,87,,single
1789797624,1679210,4,,single
1789797626,1682050,4,,single
1789797628,1684410,1,,single
1789797629,1687950,8113,,single
1789797631,1691190,10,,single
1789797632,1692240,1,,single
1789797634,1694600,3,,single
1789797635,1695830,3,,single
1789797637,1697880,5,,single
1789797638,1702010,349,,single
1789797640,1703140,2,,single
1789797641,1707550,9,,single
1789797643,1708010,6,,single
1789797644,1708850,65,,single
1789797645,1711950,3,,single
1789797647,1713810,7,,single
1789797648,1714420,1,,single
1789797650,1715130,54,,single
1789797651,1716120,34,,single
1789797653,1721060,60,,single
1789797654,1722620,1,,single
1789797655,1726120,2,,single
1789797657,1729790,9,,single
1789797658,1732190,21,,single
1789797660,1734680,4,,single
1789797661,1740930,5,,single
1789797663,1742930,6,,single
1789797664,1748390,0,,single
1789797666,1755100,3,,single
1789797667,1760250,20,,single
1789797669,1762270,0,,single
1789797670,1765780,0,,single
1789797672,1766100,1,,single
1789797673,1776380,14,,single
1789797674,1778820,4661,,single
1789797676,1781160,4,,single
1789797677,1784570,287,,single
1789797679,1789490,5,,single
1789797680,1800940,2,,single
1789797682,1803400,10,,single
1789797683,1807080,8,,single
1789797685,1812300,2,,single
1789797686,1814010,21,,single
1789797688,1822060,19,,single
1789797689,1832040,10,,single
1789797691,1836120,37,,single
1789797692,1837750,8,,single
1789797694,1840490,0,,single
1789797695,1843760,94,,single
1789797697,1846460,3,,single
1789797698,1850050,2,,single
1789797699,1850740,25,,single
1789797701,1853760,0,,single
1789797702,1857080,52,,single
1789797704,1858630,54,,single
1789797705,1863430,37,,single
1789797707,1868180,46,,single
1789797708,1872860,3,,single
1789797710,1877020,14,,single
1789797711,1879330,99,,single
1789797713,1885750,0,,single
1789797714,1889930,1,,single
1789797716,1893820,0,,single
1789797717,1898300,650,,single
1789797719,1901910,20,,single
1789797720,1910860,1,,single
1789797722,1914580,3,,single
1789797723,1916970,3,,single
1789797725,1920490,125,,single
1789797726,1923790,0,,single
1789797728,1924780,0,,single
1789797729,1926620,2,,single
1789797731,1929610,195,,single
1789797732,1931180,16,,single
1789797733,1937480,19,,single
1789797735,1938090,25925,,single
1789797736,1942110,10,,single
1789797738,1946970,18,,single
1789797739,1947500,8,,single
1789797741,1948980,858,,single
1789797742,1950440,0,,single
1789797744,1954420,437,,single
1789797745,1958340,7,,single
1789797746,1959390,1,,single
1789797748,1961950,38,,single
1789797749,1963370,101,,single
1789797751,1971870,1037,,single
1789797752,1975520,25,,single
1789797754,1981610,5,,single
1789797755,1982340,0,,single
1789797757,1984020,5,,single
1789797758,1985820,129,,single
1789797760,1988540,60,,single
1789797761,1990740,13,,single
1789797762,1995890,65,,single
1789797764,1999770,34,,single
1789797765,2001070,32,,single
1789797767,2004640,2,,single
1789797768,2008100,59,,single
1789797770,2009100,14,,single
1789797771,2012510,11,,single
1789797773,2015270,44,,single
1789797774,2021910,172,,single
1789797775,2022670,17,,single
1789797777,2024230,0,,single
1789797778,2051120,14,,single
1789797780,2054970,4298,,single
1789797781,2058570,7,,single
1789797783,2071280,844,,single
1789797784,2072450,890,,single
1789797786,2076580,0,,single
1789797787,2083210,4,,single
1789797789,2089250,0,,single
1789797790,2094320,4,,single
1789797791,2102450,21,,single
1789797793,2105910,2,,single
1789797794,2107090,2,,single
1789797796,2110820,10,,single
1789797797,2118120,5,,single
1789797799,2123640,2,,single
1789797800,2130460,20,,single
1789797802,2137700,6,,single
1789797803,2139020,1,,single
1789797805,2141730,711,,single
1789797806,2147950,0,,single
1789797808,2160360,0,,single
1789797809,2167220,5,,single
1789797810,2178070,1,,single
1789797812,2186400,6,,single
1789797813,2192790,5,,single
1789797815,2197890,33,,single
1789797816,2198510,43,,single
1789797818,2202770,1,,single
1789797819,2209680,8,,single
1789797821,2213190,5,,single
1789797822,2216830,18,,single
1789797824,2221920,226,,single
1789797825,2224640,19,,single
1789797827,2232840,29,,single
1789797828,2239710,803,,single
1789797829,2242760,1,,single
1789797831,2250600,20,,single
1789797832,2257010,14,,single
1789797834,2259310,9,,single
1789797835,2274110,4,,single
1789797837,2276980,9,,single
1789797838,2285150,59,,single
1789797840,2287220,14,,single
1789797841,2288630,157,,single
1789797843,2291060,789,,single
1789797844,2292800,49,,single
1789797846,2306590,77,,single
1789797847,2313330,20,,single
1789797849,2315430,18,,single
1789797850,2316580,0,,single
1789797851,2322560,40,,single
1789797853,2334220,0,,single
1789797854,2338140,55,,single
1789797856,2342950,51,,single
1789797857,2345020,12,,single
1789797859,2348610,33,,single
1789797860,2358260,97,,single
1789797862,2369390,6029,,single
1789797863,2375550,157,,single
1789797865,2383120,4,,single
1789797866,2386310,14,,single
1789797867,2390230,55,,single
1789797869,2395210,27,,single
1789797870,2399420,1381,,single
1789797872,2401230,5,,single
1789797873,2404880,681,,single
1789797875,2406770,5744,,single
1789797876,2407830,40,,single
1789797877,2420880,3,,single
1789797879,2427420,66,,single
1789797880,2429350,1,,single
1789797882,2430990,2,,single
1789797883,2437170,4868,,single
1789797885,2440380,24,,single
1789797886,2442020,1,,single
1789797887,2445990,25,,single
1789797889,2448930,2,,single
1789797890,2453060,13,,single
1789797892,2456740,2640,,single
1789797893,2457890,4,,single
1789797895,2458830,2,,single
1789797896,2467810,9,,single
1789797898,2477010,76,,single
1789797899,2481020,6,,single
1789797900,2488620,193,,single
1789797902,2492040,215,,single
1789797903,2497900,6,,single
1789797905,2499800,3,,single
1789797906,2515240,2,,single
1789797908,2518960,74,,single
1789797909,2527500,675,,single
1789797911,2529820,12,,single
1789797912,2536530,0,,single
1789797914,2544110,8,,single
1789797915,2556990,10,,single
1789797916,2565550,2,,single
1789797918,2578910,3,,single
1789797919,2599300,0,,single
1789797921,2609610,104,,single
1789797922,2617700,58,,single
1789797924,2622000,3706,,single
1789797925,2623190,836,,single
1789797926,2627570,62,,single
1789797928,2644470,114,,single
1789797930,2659900,7,,single
1789797931,2665680,203,,single
1789797933,2668510,689,,single
1789797934,2671970,10,,single
1789797936,2680550,52,,single
1789797937,2685900,0,,single
1789797939,2691350,0,,single
1789797940,2693730,29,,single
1789797941,2698940,957,,single
1789797943,2701660,236,,single
1789797944,2717880,66,,single
1789797946,2720950,3,,single
1789797947,2727650,4,,single
1789797949,2738490,46,,single
1789797950,2747550,20,,single
1789797952,2749770,39,,single
1789797953,2751000,300,,single
1789797955,2764750,58,,single
1789797956,2768430,287,,single
1789797957,2773280,48,,single
1789797959,2789460,17,,single
1789797960,2796010,18,,single
1789797962,2807150,7,,single
1789797963,2821800,71,,single
1789797965,2826800,2,,single
1789797966,2835590,18,,single
1789797968,2845630,0,,single
1789797969,2853590,126,,single
1789797971,2863640,7,,single
1789797972,2878960,249,,single
1789797974,2891310,2,,single
1789797975,2903950,249,,single
1789797977,2909110,121,,single
1789797978,2919660,6,,single
1789797980,2921380,0,,single
1789797981,2925510,0,,single
1789797983,2943150,9,,single
1789797984,2950340,102,,single
1789797986,2957800,0,,single
1789797987,2965660,2,,single
1789797989,2977620,5,,single
1789797990,3004100,23,,single
1789797992,3011030,17,,single
1789797993,3017580,30,,single
1789797995,3030720,17,,single
1789797996,3037410,754,,single
1789797997,3059520,3791,,single
1789797999,3070520,30,,single
1789798000,3099730,0,,single
1789798002,3116890,233,,single
1789798003,3145620,0,,single
1789798005,3149370,0,,single
1789798006,3172700,22,,single
1789798008,3183280,172,,single
1789798009,3187030,506,,single
1789798011,3212530,3,,single
1789798012,3222970,10,,single
1789798014,3238670,261,,single
1789798015,3243190,7,,single
1789798017,3287520,33,,single
1789798018,3314060,126,,single
1789798020,3330250,106,,single
1789798021,3359320,34,,single
1789798022,3400930,84,,single
1789798024,3431040,48,,single
1789798025,3438800,54,,single
1789798027,3461920,8,,single
1789798028,3539440,7,,single
1789798030,3615160,93,,single
1789798031,202970,118,,single
1789798032,1520470,433,,single
1789798034,991780,42,,single
1789798035,1178490,113,,single
1789798037,1880330,19,,single
1789798038,875210,235,,single
1789798040,1559390,34,,single
1789798041,47790,27,,single
1789798043,1214280,1,,single
1789798044,584980,11,,single
1789798045,652980,5,,single
1789798047,347620,7,,single
1789798048,1126290,6,,single
1789798050,1407450,33,,single
1789798051,1264670,1,,single
1789798053,253980,4,,single
1789798054,1461810,25,,single
1789798055,1991040,311,,single
1789798057,1816570,3,,single
1789798058,570780,54,,single
1789798060,998930,1,,single
1789798061,1064730,0,,single
1789798063,2453360,134,,single
1789798064,1392060,3,,single
1789798066,1263370,4,,single
1789798067,1434480,27,,single
1789798069,2161440,316,,single
1789798070,2059790,42,,single
1789798071,33220,45,,single
1789798073,1049100,4,,single
1789798074,604450,0,,single
1789798076,2321210,0,,single
1789798077,1108320,0,,single
1789798079,1269370,13,,single
1789798080,1233270,1,,single
1789798082,1909840,25,,single
1789798083,17330,3,,single
1789798085,2875140,6,,single
1789798086,1776970,74,,single
1789798088,2755330,0,,single
1789798089,967250,0,,single
1789798090,840140,0,,single
1789798092,1122750,4,,single
1789798093,296710,14,,single
1789798095,943380,2,,single
1789798096,662960,0,,single
1789798098,1186400,1,,single
1789798099,325120,0,,single
1789798101,944020,1,,single
1789798102,1217390,5,,single
1789798104,1140440,1451,,single
1789798105,1345740,1,,single
1789798107,2093920,23,,single
1789798108,2500750,67,,single
1789798109,715400,1,,single
1789798111,2734450,16,,single
1789798112,1437880,369,,single
1789798114,326360,103,,single
1789798115,1225780,4,,single
1789798117,1084520,123,,single
1789798118,334310,42,,single
1789798120,789760,4,,single
1789798121,223810,10,,single
1789798123,1974520,6,,single
1789798124,1334040,19,,single
1789798125,850000,12,,single
1789798127,1639430,7,,single
1789798128,1149660,0,,single
1789798130,1618230,4,,single
1789798131,3003300,495,,single
1789798133,339400,0,,single
1789798134,921390,15,,single
1789798136,695630,40,,single
1789798137,1786200,0,,single
1789798139,828070,21,,single
1789798140,2346410,85,,single
1789798142,839630,2,,single
1789798143,995460,1,,single
1789798144,1161870,1,,single
1789798146,2232880,189,,single
1789798147,1777430,1,,single
1789798149,2510770,15,,single
1789798150,1191330,88,,single
1789798152,1634680,418,,single
1789798153,1868000,2,,single
1789798155,2507980,16,,single
1789798156,2078780,2,,single
1789798158,370280,0,,single
1789798159,1933650,44,,single
1789798161,1314140,5,,single
1789798162,1212830,1,,single
1789798163,836640,3,,single
1789798165,1394800,2,,single
1789798166,258760,3,,single
1789798168,2669860,3,,single
1789798169,466860,1,,single
1789798171,1601740,3,,single
1789798172,1747650,1,,single
1789798174,2734310,0,,single
1789798175,3028500,2,,single
1789798176,873190,0,,single
1789798178,844850,5,,single
1789798179,1041840,5,,single
1789798181,1153430,3,,single
1789798182,931500,54,,single
1789798184,2868860,182,,single
1789798185,2206340,3,,single
1789798187,448780,1,,single
1789798188,704030,0,,single
1789798190,452440,6,,single
1789798191,2774380,4,,single
1789798193,1060670,0,,single
1789798194,3158270,2,,single
1789798196,1171310,1,,single
1789798197,758530,0,,single
1789798199,740080,28,,single
1789798200,242840,0,,single
1789798202,3376250,207,,single
1789798203,581130,31,,single
1789798205,857450,4,,single
1789798206,1519090,164,,single
1789798207,2445340,1,,single
1789798209,2144590,0,,single
1789798210,1083210,1,,single
1789798212,2455060,7,,single
1789798213,1553000,2,,single
1789798215,948830,2,,single
1789798216,465100,0,,single
1789798217,1033420,18,,single
1789798219,600370,1,,single
1789798220,2094910,14,,single
1789798223,2522520,3,,single
1789798224,1028470,0,,single
1789798226,457680,0,,single
1789798228,2242710,9,,single
1789798230,1904860,29,,single
1789798231,1000080,0,,single
1789798233,2983140,20,,single
1789798234,1471180,41,,single
1789798236,427030,6,,single
1789798237,2423620,43,,single
1789798239,1340130,3,,single
1789798240,364390,1,,single
1789798242,2834600,10,,single
1789798243,2111870,0,,single
1789798245,662830,6,,single
1789798246,1951220,0,,single
1789798248,2165610,1,,single
1789798249,970560,28,,single
1789798251,702120,45,,single
1789798252,3132860,220,,single
1789798253,1159420,9,,single
1789798255,1476520,0,,single
1789798256,2340500,4,,single
1789798258,2628570,1,,single
1789798259,3418690,0,,single
1789798261,2118420,0,,single
1789798262,1783780,3,,single
1789798264,1151440,16,,single
1789798265,1048350,1,,single
1789798266,835650,5,,single
1789798268,1527890,2,,single
1789798269,1100930,1,,single
1789798271,1594880,2,,single
1789798272,2224850,1,,single
1789798273,2750080,78,,single
1789798275,2137760,10,,single
1789798276,275530,8,,single
1789798278,1179580,0,,single
1789798279,2882870,3,,single
1789798281,2788310,13,,single
1789798282,1996430,17,,single
1789798283,1162070,6,,single
1789798285,1508680,3,,single
1789798286,3126150,23,,single
1789798288,2232600,5,,single
1789798289,2849960,0,,single
1789798291,483770,1,,single
1789798292,2530980,267,,single
1789798294,760640,113,,single
1789798295,1258590,0,,single
1789798297,2144640,17,,single
1789798298,1674890,13,,single
1789798299,1951410,66,,single
1789798301,1149550,11,,single
1789798302,1546010,0,,single
1789798304,1456650,2,,single
1789798305,1431230,1,,single
1789798307,2400640,13,,single
1789798308,1716310,12,,single
1789798310,1132730,3,,single
1789798311,826600,0,,single
1789798313,343100,2,,single
1789798314,951430,11,,single
1789798316,1232460,2,,single
1789798317,450860,6,,single
1789798319,1585570,3,,single
1789798320,364050,0,,single
1789798322,950620,0,,single
1789798323,2902540,5,,single
1789798325,630060,1,,single
1789798326,2115390,9,,single
1789798327,2153350,16,,single
1789798329,3170,59,,single
1789798330,326190,199,,single
1789798332,1072920,0,,single
1789798333,449220,0,,single
1789798335,553790,3,,single
1789798336,1956600,1,,single
1789798338,591630,0,,single
1789798339,975470,1,,single
1789798341,429620,0,,single
1789798342,2337860,8,,single
1789798344,1409830,1,,single
1789798345,3144640,0,,single
1789798347,1419730,0,,single
1789798348,1930600,0,,single
1789798350,2142160,24,,single
1789798351,2157680,6,,single
1789798352,1074070,9,,single
1789798354,769970,2,,single
1789798355,319830,7,,single
1789798357,938220,0,,single
1789798358,1529710,0,,single
1789798360,1433420,3,,single
1789798361,1424660,12,,single
1789798363,2360210,9,,single
1789798364,275470,522,,single
1789798365,207930,0,,single
1789798367,934580,4,,single
1789798368,2997980,21,,single
1789798370,1689080,0,,single
1789798371,359600,4,,single
1789798373,2186700,0,,single
1789798374,986680,2,,single
1789798375,1058380,0,,single
1789798377,440760,0,,single
1789798378,2972990,6,,single
1789798380,776960,2,,single
1789798382,645260,127,,single
1789798383,607880,0,,single
1789798385,364690,0,,single
1789798386,1115780,0,,single
1789798388,301750,11,,single
1789798389,1521970,2,,single
1789798391,2776780,12,,single
1789798392,2087460,0,,single
1789798394,1473060,18,,single
1789798395,446840,3,,single
1789798396,2125540,1,,single
1789798398,2582650,25,,single
1789798399,3025290,0,,single
1789798401,481870,4,,single
1789798402,1836860,5,,single
1789798404,37000,3,,single
1789798405,1269020,3,,single
1789798406,673800,0,,single
1789798408,4890,18,,single
1789798409,370510,0,,single
1789798411,752580,37,,single
1789798412,2905970,7,,single
1789798414,440730,2,,single
1789798415,2964410,0,,single
1789798417,860910,1,,single
1789798418,1323470,4,,single
1789798419,1007400,14,,single
1789798421,2829600,0,,single
1789798422,6840,4,,single
1789798424,2727210,21,,single
1789798425,554530,1,,single
1789798427,2898270,13,,single
1789798428,934930,0,,single
1789798430,1623880,3,,single
1789798431,463210,0,,single
1789798432,473460,3,,single
1789798434,2414750,0,,single
1789798435,2186360,3,,single
1789798437,2417850,5,,single
1789798438,2089980,0,,single
1789798440,3099000,15,,single
1789798441,1812060,8,,single
1789798443,1983970,1,,single
1789798444,2429240,2,,single
1789798446,1717250,0,,single
1789798447,2318070,0,,single
1789798449,1557480,6,,single
1789798450,1822450,16,,single
1789798451,340070,0,,single
1789798453,2701510,7,,single
1789798454,885640,0,,single
1789798456,738510,3,,single
1789798457,1528130,0,,single
1789798459,412470,3,,single
1789798460,375450,339,,single
1789798462,2423300,11,,single
1789798463,613730,0,,single
1789798465,1433570,4,,single
1789798466,887720,0,,single
1789798468,1910790,4,,single
1789798469,329380,0,,single
1789798470,2258770,21,,single
1789798472,587420,0,,single
1789798473,714080,2,,single
1789798475,2620240,3,,single
1789798476,895110,0,,single
1789798478,1098940,7,,single
1789798479,482300,0,,single
1789798481,1149440,20,,single
1789798482,897820,2,,single
1789798483,713650,0,,single
1789798485,352890,4,,single
1789798486,1524630,1,,single
1789798488,970510,5,,single
1789798489,2398170,3,,single
1789798491,1441840,8,,single
1789798492,673260,18,,single
1789798493,1416240,1,,single
1789798495,466110,0,,single
1789798496,522570,1,,single
1789798498,960420,9,,single
1789798499,2450450,4,,single
1789798501,1731520,1,,single
1789798502,1851280,6,,single
1789798504,1800790,2,,single
1789798505,482450,7,,single
1789798506,2739830,11,,single
1789798508,3173890,0,,single
1789798510,2057550,6,,single
1789798511,1096720,1,,single
1789798512,2566340,10,,single
1789798514,229580,1,,single
1789798515,1937750,1,,single
1789798517,2331130,2,,single
1789798518,489610,0,,single
1789798520,2539350,4,,single
1789798521,1092400,1,,single
1789798523,1003480,9,,single
1789798525,3171460,5,,single
1789798526,1768470,0,,single
1789798529,2286780,57,,single
1789798530,1307090,7,,single
1789798532,2185770,4,,single
1789798533,205840,2,,single
1789798535,694770,6,,single
1789798536,495110,1,,single
1789798538,1964040,4,,single
1789798539,2331070,1,,single
1789798541,3036010,10,,single
1789798542,391070,1,,single
1789798543,1452250,1,,single
1789798545,3090080,5,,single
1789798546,658550,1,,single
1789798548,608990,7,,single
1789798549,893720,4,,single
1789798551,2185780,4,,single
1789798552,628890,164,,single
1789798554,2865580,49,,single
1789798555,355130,4,,single
1789798557,1807750,0,,single
1789798558,367570,0,,single
1789798559,2862610,5,,single
1789798561,446390,1,,single
1789798562,1264970,8,,single
1789798564,745330,3,,single
1789798565,3543420,0,,single
1789798567,701930,0,,single
1789798568,1660280,0,,single
1789798570,1573100,4,,single
1789798571,488730,0,,single
1789798573,2397250,26,,single
1789798574,269330,6,,single
1789798576,415480,1,,single
1789798577,415350,0,,single
1789798578,774511,5,,single
1789798580,2430730,8,,single
1789798581,510840,1,,single
1789798583,1394960,2,,single
1789798584,2075100,3,,single
1789798585,271360,19,,single
1789798587,1135830,9,,single
1789798588,282010,0,,single
1789798590,1314460,1,,single
1789798591,2717010,43,,single
1789798593,2403290,1,,single
1789798594,582330,1,,single
1789798596,281750,3,,single
1789798597,515260,3,,single
1789798599,780350,6,,single
1789798600,525040,0,,single
1789798601,2840210,0,,single
1789798603,745960,1,,single
1789798604,259340,0,,single
1789798606,654900,0,,single
1789798607,2381740,14,,single
1789798609,285010,0,,single
1789798610,664180,2,,single
1789798612,2025610,0,,single
1789798614,2248180,21,,single
1789798615,345220,34,,single
1789798617,1273100,9,,single
1789798618,2732100,8,,single
1789798619,1266600,0,,single
1789798621,2229560,1,,single
1789798622,2094270,11,,single
1789798624,1768650,8,,single
1789798625,1485690,8,,single
1789798627,1671350,3,,single
1789798628,257830,0,,single
1789798630,524660,152,,single
1789798631,332480,4,,single
1789798633,2014550,8,,single
1789798634,402530,0,,single
1789798636,2856450,0,,single
1789798637,2637070,15,,single
1789798639,732730,1,,single
1789798640,3177970,2,,single
1789798642,719640,135,,single
1789798643,1269260,0,,single
1789798645,1493520,2,,single
1789798646,965320,33,,single
1789798648,396160,2,,single
1789798649,206370,1,,single
1789798650,1664350,1,,single
1789798652,347940,0,,single
1789798653,3089130,7,,single
1789798655,1158220,1,,single
1789798656,286120,0,,single
1789798658,699670,0,,single
1789798659,1150090,2,,single
1789798661,2404370,5,,single
1789798662,886960,0,,single
1789798664,252230,0,,single
1789798665,1132980,4,,single
1789798667,402040,4,,single
1789798668,916930,2,,single
1789798670,376730,0,,single
1789798671,454100,0,,single
1789798673,1119600,1,,single
1789798674,1035760,0,,single
1789798675,2749000,10,,single
1789798677,11480,10,,single
1789798678,1321070,1,,single
1789798680,491280,2,,single
1789798681,2165390,1,,single
1789798683,282030,3,,single
1789798684,1098280,1,,single
1789798686,503820,2,,single
1789798687,1373430,3,,single
1789798689,330350,1,,single
1789798690,2251010,2,,single
1789798692,2746910,25,,single
1789798693,3072450,51,,single
1789798695,703320,9,,single
1789798696,258050,0,,single
1789798698,445720,5,,single
1789798699,18820,0,,single
1789798701,1385100,0,,single
1789798702,253880,0,,single
1789798703,809720,5,,single
1789798705,1118840,1,,single
1789798706,1060220,14,,single
1789798708,2088030,1,,single
1789798709,1811500,4,,single
1789798711,1349120,0,,single
1789798712,692100,0,,single
1789798714,2015620,2,,single
1789798715,1939790,11,,single
1789798716,643880,2,,single
1789798718,1802980,2,,single
1789798719,1483370,5,,single
1789798721,1027820,0,,single
1789798722,646240,0,,single
1789798724,1429880,8,,single
1789798725,369440,3,,single
1789798727,225000,0,,single
1789798728,2064810,1,,single
1789798730,2688680,4,,single
1789798731,434210,0,,single
1789798732,794580,5,,single
1789798734,920680,2,,single
1789798735,714370,0,,single
1789798737,338000,0,,single
1789798738,314030,3,,single
1789798740,1147940,0,,single
1789798741,1145660,0,,single
1789798743,816490,0,,single
1789798744,1121710,1,,single
1789798746,326340,1,,single
1789798747,614910,25,,single
1789798748,1238680,19,,single
1789798750,1573630,1,,single
1789798751,229870,1,,single
1789798753,1049710,3,,single
1789798754,3211680,20,,single
1789798756,91330,0,,single
1789798757,605610,0,,single
1789798759,2206350,9,,single
1789798760,638000,1,,single
1789798762,388060,4,,single
1789798763,971620,81,,single
1789798765,2080640,0,,single
1789798766,659190,0,,single
1789798768,1073320,2,,single
1789798769,1307690,0,,single
1789798770,1430220,3,,single
1789798772,1585440,3,,single
1789798773,466740,0,,single
1789798775,1223870,0,,single
1789798776,251230,1,,single
1789798778,1379930,0,,single
1789798779,1003400,12,,single
1789798781,820730,1,,single
1789798782,392280,0,,single
1789798784,1558510,1,,single
1789798785,398680,0,,single
1789798787,3393750,14,,single
1789798788,463060,2,,single
1789798790,294230,0,,single
1789798791,1020820,2,,single
1789798793,402880,0,,single
1789798794,33180,1,,single
1789798795,739080,5,,single
1789798797,1382910,0,,single
1789798798,430070,0,,single
1789798800,545110,1,,single
1789798801,422250,2,,single
1789798803,317100,0,,single
1789798804,1455910,42,,single
1789798806,1773180,0,,single
1789798807,336240,1,,single
1789798808,2221500,0,,single
1789798810,2552310,5,,single
1789798811,3130,7,,single
1789798813,824190,0,,single
1789798814,986040,7,,single
1789798816,2479290,2,,single
1789798817,1688100,1,,single
1789798819,1490840,3,,single
1789798820,502770,1,,single
1789798821,485040,3,,single
1789798823,1395760,5,,single
1789798825,2613060,6,,single
1789798826,3046600,50,,single
1789798828,1403650,5,,single
1789798829,2707070,22,,single
1789798831,301840,0,,single
1789798832,294020,1,,single
1789798834,1333470,2,,single
1789798835,545690,0,,single
1789798836,39650,2,,single
1789798838,891360,0,,single
1789798839,1494560,7,,single
1789798841,2368300,14,,single
1789798842,950530,0,,single
1789798844,546080,0,,single
1789798845,247140,1,,single
1789798847,2361460,2,,single
1789798848,839450,0,,single
1789798850,389270,9,,single
1789798851,1786670,3,,single
1789798853,1003360,0,,single
1789798854,33610,2,,single
1789798856,2157340,0,,single
1789798857,271860,0,,single
1789798859,1647190,4,,single
1789798860,1691320,0,,single
1789798862,384980,0,,single
1789798863,1620290,3,,single
1789798865,2751050,0,,single
1789798866,1142830,10,,single
1789798868,2353340,3,,single
1789798869,286810,1,,single
1789798871,1934080,0,,single
1789798872,1300920,1,,single
1789798874,597150,1,,single
1789798875,459160,10,,single
1789798876,1189440,12,,single
1789798878,1840800,1,,single
1789798879,201480,0,,single
1789798881,2439760,3,,single
1789798882,315260,1,,single
1789798884,1090440,0,,single
1789798885,1372300,2,,single
1789798886,3308560,2,,single
1789798888,1009990,1,,single
1789798889,1833490,0,,single
1789798891,209730,0,,single
1789798892,2091250,13,,single
1789798894,1621760,3,,single
1789798895,353550,0,,single
1789798897,263720,0,,single
1789798898,602890,0,,single
1789798899,538810,2,,single
1789798901,2732820,0,,single
1789798902,2264340,52,,single
1789798904,965670,3,,single
1789798905,33110,7,,single
1789798907,715380,0,,single
1789798908,1016930,0,,single
1789798910,23450,3,,single
1789798911,1163590,7,,single
1789798912,254080,2,,single
1789798914,3411020,2,,single
1789798915,1323900,0,,single
1789798917,476240,1,,single
1789798918,745740,5,,single
1789798920,209230,1,,single
1789798921,418040,1,,single
1789798923,1515900,0,,single
1789798924,472680,0,,single
1789798926,1442820,5,,single
1789798927,3292340,1,,single
1789798929,2187230,1,,single
1789798930,46540,1,,single
1789798931,1379830,0,,single
1789798933,565860,0,,single
1789798934,396790,0,,single
1789798936,2692570,9,,single
1789798937,1007810,0,,single
1789798939,303790,0,,single
1789798940,11200,0,,single
1789798942,2204350,3,,single
1789798943,2377970,3,,single
1789798945,878580,3,,single
1789798946,2616420,1,,single
1789798947,1497950,4,,single
1789798949,1265800,0,,single
1789798950,1724140,58,,single
1789798952,1656930,1,,single
1789798953,1159090,11,,single
1789798955,1932160,7,,single
1789798956,628750,0,,single
1789798958,256010,0,,single
1789798959,2414630,1,,single
1789798961,595440,0,,single
1789798962,1682260,0,,single
1789798964,1739900,2,,single
1789798965,1731200,1,,single
1789798966,1243140,0,,single
1789798968,1530470,3,,single
1789798969,361190,0,,single
1789798971,2961460,15,,single
1789798972,1032670,2,,single
1789798973,296240,2,,single
1789798975,1897650,4,,single
1789798976,358270,4,,single
1789798978,1415220,2,,single
1789798979,3014520,0,,single
1789798981,1761780,7,,single
1789798982,1201400,0,,single
1789798984,1303950,4,,single
1789798985,2853160,22,,single
1789798987,887800,35,,single
1789798988,1299170,22,,single
1789798990,259810,16,,single
1789798991,2192620,3,,single
1789798993,1824960,1,,single
1789798994,721090,29,,single
1789798996,2990640,5,,single
1789798997,882960,1,,single
1789798999,1638390,2,,single
1789799000,1277510,35,,single
1789799002,2817140,2,,single
1789799003,603750,7,,single
1789799004,3064290,9,,single
1789799006,320540,0,,single
1789799007,365020,0,,single
1789799009,3037930,0,,single
1789799010,1600780,1,,single
1789799011,1132910,0,,single
1789799013,1473050,0,,single
1789799014,1349540,37,,single
1789799016,1883090,2,,single
1789799017,891510,0,,single
1789799019,380750,0,,single
1789799020,512180,5,,single
1789799022,1061880,0,,single
1789799023,423620,0,,single
1789799024,11340,0,,single
1789799026,1576240,4,,single
1789799027,2752720,2,,single
1789799029,1074080,6,,single
1789799030,1116480,3,,single
1789799032,2530420,1,,single
1789799033,1889740,7,,single
1789799035,65730,0,,single
1789799036,314010,2,,single
1789799038,409690,0,,single
1789799039,421660,1,,single
1789799041,2476100,0,,single
1789799042,911220,0,,single
1789799043,1514840,6,,single
1789799045,1146600,2,,single
1789799046,3042680,3,,single
1789799048,925440,0,,single
1789799049,561770,13,,single
1789799051,1658920,93,,single
1789799052,887450,1,,single
1789799054,284730,0,,single
1789799055,497400,0,,single
1789799056,12640,7,,single
1789799058,3447690,4,,single
1789799059,2328650,4,,single
1789799061,2138580,1,,single
1789799062,959000,5,,single
1789799064,286360,0,,single
1789799065,466270,0,,single
1789799067,758980,17,,single
1789799068,4800,1,,single
1789799070,2662780,10,,single
1789799071,70620,0,,single
1789799073,2538910,0,,single
1789799074,945770,20,,single
1789799076,2864890,43,,single
1789799077,424250,3,,single
1789799079,1262040,0,,single
1789799080,1033950,0,,single
1789799082,2981590,0,,single
1789799083,346810,0,,single
1789799085,34820,1,,single
1789799086,1667700,5,,single
1789799087,437900,0,,single
1789799089,699180,3,,single
1789799090,1475840,3,,single
1789799092,289600,2,,single
1789799093,2430690,8,,single
1789799095,2321120,1,,single
1789799096,1525410,0,,single
1789799098,1993180,12,,single
1789799099,386280,0,,single
1789799101,936140,13,,single
1789799102,1784780,1,,single
1789799104,3072640,3,,single
1789799105,259390,0,,single
1789799107,1903560,0,,single
1789799108,547360,1,,single
1789799110,604780,0,,single
1789799111,7210,0,,single
1789799112,1137350,5,,single
1789799114,1969440,3,,single
1789799116,837880,3,,single
1789799117,799240,76,,single
1789799118,1915550,0,,single
1789799120,316930,0,,single
1789799122,3077390,66,,single
1789799124,65560,0,,single
1789799125,438080,1,,single
1789799127,1337970,26,,single
1789799130,897410,0,,single
1789799131,447780,1,,single
1789799132,2526310,1,,single
1789799134,781030,115,,single
1789799135,1824580,10,,single
1789799137,630610,2,,single
1789799138,1059900,2,,single
1789799140,536280,0,,single
1789799141,501840,0,,single
1789799143,1759350,1,,single
1789799144,347670,0,,single
1789799146,542260,2,,single
1789799147,1093290,8,,single
1789799148,429780,3,,single
1789799150,1871310,0,,single
1789799151,58550,0,,single
1789799153,935580,4,,single
1789799154,1306720,0,,single
1789799156,1996630,13,,single
1789799157,57620,24,,single
1789799159,1508270,0,,single
1789799160,2061150,2,,single
1789799162,2436570,58,,single
1789799163,1550180,4,,single
1789799165,516600,0,,single
1789799166,1492360,0,,single
1789799168,774091,1,,single
1789799169,595740,13,,single
1789799171,230210,1,,single
1789799172,1876880,8,,single
1789799174,1381440,2,,single
1789799175,586960,0,,single
1789799177,1423370,3,,single
1789799178,311400,0,,single
1789799180,1085160,0,,single
1789799181,2712550,19,,single
1789799183,395160,0,,single
1789799184,1767560,16,,single
1789799185,907760,0,,single
1789799187,1330250,30,,single
1789799188,1361010,1,,single
1789799190,1928090,1,,single
1789799191,2644360,4,,single
1789799193,467370,18,,single
1789799194,1044490,1,,single
1789799196,1171270,0,,single
1789799197,2494350,81,,single
1789799199,508170,0,,single
1789799200,895670,0,,single
1789799201,2432110,6,,single
1789799203,704040,18,,single
1789799204,328270,1,,single
1789799206,392580,1,,single
1789799207,311140,1,,single
1789799209,1339460,1,,single
1789799210,2810,8,,single
1789799212,321870,0,,single
1789799213,1619230,3,,single
1789799214,2803280,0,,single
1789799216,2274200,2,,single
1789799217,502740,0,,single
1789799219,3050220,30,,single
1789799220,223630,0,,single
1789799222,847360,0,,single
1789799223,1962430,17,,single
1789799225,1035560,5,,single
1789799226,780670,0,,single
1789799228,411330,0,,single
1789799229,11150,1,,single
1789799231,1357610,1,,single
1789799232,814200,0,,single
1789799233,1325890,3,,single
1789799235,427700,11,,single
1789799236,3553210,7,,single
1789799238,680380,0,,single
1789799239,1170640,0,,single
1789799241,397500,1,,single
1789799242,32350,0,,single
1789799244,979560,10,,single
1789799245,1111450,0,,single
1789799247,1140610,0,,single
1789799248,1611580,12,,single
1789799250,737520,3,,single
1789799251,691320,2,,single
1789799253,328590,0,,single
1789799254,1932260,0,,single
1789799256,1510470,1,,single
1789799257,3098070,1,,single
1789799258,1370170,1,,single
1789799260,983350,0,,single
1789799262,1397010,0,,single
1789799263,3206200,2,,single
1789799265,899390,0,,single
1789799266,1950570,2,,single
1789799268,1325310,2,,single
1789799269,2947240,2,,single
1789799270,2378910,2,,single
1789799272,965310,12,,single
1789799273,1494190,0,,single
1789799275,871200,5,,single
1789799276,790540,0,,single
1789799278,1781890,1,,single
1789799279,2937710,3,,single
1789799281,516480,0,,single
1789799282,2285630,3,,single
1789799284,458730,3,,single
1789799285,2152740,0,,single
1789799286,525780,0,,single
1789799288,400800,1,,single
1789799289,1921560,2,,single
1789799291,3337210,6,,single
1789799292,325520,0,,single
1789799294,2439710,4,,single
1789799295,2844700,0,,single
1789799297,628060,117,,single
1789799298,694130,30,,single
1789799300,2747780,2,,single
1789799301,739540,0,,single
1789799303,490450,0,,single
1789799304,1061010,0,,single
1789799305,363620,0,,single
1789799307,337360,1,,single
1789799308,531930,4,,single
1789799310,2052040,14,,single
1789799311,2252820,0,,single
1789799313,426690,3,,single
1789799314,773580,0,,single
1789799316,896590,3,,single
1789799317,623840,0,,single
1789799319,543140,0,,single
1789799320,1449750,1,,single
1789799322,3088410,0,,single
1789799323,332790,0,,single
1789799325,730830,1,,single
1789799326,489220,1,,single
1789799328,951820,0,,single
1789799329,286460,1,,single
1789799330,1736400,2,,single
1789799332,912570,0,,single
1789799333,2868430,1,,single
1789799335,2650730,4,,single
1789799336,3428620,0,,single
1789799337,254370,2,,single
1789799339,2628420,4,,single
1789799340,1230800,21,,single
1789799342,557810,2,,single
1789799343,1751350,0,,single
1789799344,1259430,0,,single
1789799346,290260,6,,single
1789799348,819020,13,,single
1789799349,70640,2,,single
1789799351,2552440,181,,single
1789799352,253960,0,,single
1789799354,2591410,21,,single
1789799355,301150,7,,single
1789799356,1787480,4,,single
1789799358,909820,1,,single
1789799359,2581410,2,,single
1789799361,1450120,19,,single
1789799362,1611300,0,,single
1789799364,283980,8,,single
1789799365,2870420,2,,single
1789799367,2915490,1,,single
1789799368,3168310,3,,single
1789799369,251690,3,,single
1789799371,3140620,1,,single
1789799372,1109130,0,,single
1789799374,1116170,0,,single
1789799375,2753620,8,,single
1789799377,288880,1,,single
1789799378,707300,0,,single
1789799380,758090,2,,single
1789799381,749250,0,,single
1789799383,417750,0,,single
1789799384,2264140,4,,single
1789799386,409450,2,,single
1789799387,3489670,0,,single
1789799388,1248060,0,,single
1789799390,457710,1,,single
1789799391,32620,4,,single
1789799393,590590,0,,single
1789799394,395850,1,,single
1789799396,382260,1,,single
1789799397,2095450,5,,single
1789799399,614630,11,,single
1789799400,2928330,1,,single
1789799402,1412170,0,,single
1789799403,3032020,0,,single
1789799405,3107900,2,,single
1789799406,218760,10,,single
1789799408,2824310,3,,single
1789799409,581300,0,,single
1789799411,547340,0,,single
1789799412,12470,11,,single
1789799413,1924170,140,,single
1789799415,2428810,0,,single
1789799416,115210,12,,single
1789799418,606730,1,,single
1789799419,1155590,0,,single
1789799421,689900,3,,single
1789799422,377140,0,,single
1789799423,643870,0,,single
1789799425,948630,1,,single
1789799426,1232570,0,,single
1789799428,656600,2,,single
1789799430,1032590,0,,single
1789799431,462990,1,,single
1789799433,2753720,0,,single
1789799434,46250,1,,single
1789799436,2078040,1,,single
1789799437,2384920,1,,single
1789799439,1568970,0,,single
1789799440,1189100,9,,single
1789799442,1071140,2,,single
1789799443,2817620,0,,single
1789799445,1648190,0,,single
1789799446,936160,34,,single
1789799447,1148490,4,,single
1789799449,748040,29,,single
1789799450,1018130,0,,single
1789799452,3169580,17,,single
1789799453,1141100,4,,single
1789799455,3027620,2,,single
1789799456,1453850,11,,single
1789799458,234160,0,,single
1789799459,1065260,0,,single
1789799460,2063610,31,,single
1789799462,409890,2,,single
1789799463,2351860,1,,single
1789799465,1555150,0,,single
1789799466,557040,0,,single
1789799468,762840,1,,single
1789799469,1585020,0,,single
1789799471,369000,5,,single
1789799473,289200,2,,single
1789799474,1480120,1,,single
1789799476,865830,0,,single
1789799477,260250,0,,single
1789799479,470740,0,,single
1789799480,1037190,0,,single
1789799481,643810,1,,single
1789799483,1732920,0,,single
1789799484,331920,10,,single
1789799486,575490,11,,single
1789799487,1348700,0,,single
1789799489,299050,1,,single
1789799490,243360,7,,single
1789799492,943140,1,,single
1789799493,2916770,35,,single
1789799495,2738940,0,,single
1789799496,644540,12,,single
1789799497,2314820,8,,single
1789799499,1629200,3,,single
1789799500,850980,1,,single
1789799502,1810960,0,,single
1789799503,2630020,11,,single
1789799505,781480,16,,single
1789799506,321950,0,,single
1789799508,426310,0,,single
1789799509,307940,2,,single
1789799511,1642220,0,,single
1789799512,324140,8,,single
1789799514,638160,2,,single
1789799515,460850,0,,single
1789799517,1429740,1,,single
1789799518,3159570,3,,single
1789799520,226120,1,,single
1789799521,266170,1,,single
1789799523,2669150,0,,single
1789799524,24400,2,,single
1789799525,1367530,1,,single
1789799527,2243110,5,,single
1789799528,721180,2,,single
1789799530,257970,0,,single
1789799531,423490,0,,single
1789799533,80360,0,,single
1789799534,1349960,0,,single
1789799536,2693940,0,,single
1789799537,2553050,0,,single
1789799539,2097030,0,,single
1789799540,787740,1,,single
1789799542,351470,0,,single
1789799543,2939640,3,,single
1789799545,2719200,51,,single
1789799546,1478650,14,,single
1789799548,216090,0,,single
1789799549,2810780,1,,single
1789799550,2285570,0,,single
1789799552,264690,0,,single
1789799553,1226990,0,,single
1789799555,1998530,0,,single
1789799556,39560,0,,single
1789799558,619280,0,,single
1789799559,273840,0,,single
1789799560,717310,8,,single
1789799562,1694510,6,,single
1789799563,611040,2,,single
1789799565,1890120,1,,single
1789799566,1598730,0,,single
1789799567,1425760,0,,single
1789799569,1240630,76,,single
1789799570,866510,1,,single
1789799572,2635350,4,,single
1789799573,1243670,16,,single
1789799575,1770390,2,,single
1789799576,597840,4,,single
1789799577,1581800,2,,single
1789799579,463350,0,,single
1789799581,522230,27,,single
1789799582,1424910,0,,single
1789799583,1025410,1,,single
1789799585,1158470,8,,single
1789799586,3288270,6,,single
1789799588,857690,2,,single
1789799589,269470,23,,single
1789799591,1212400,4,,single
1789799592,1187330,0,,single
1789799594,321840,0,,single
1789799595,291910,0,,single
1789799596,2081470,1,,single
1789799598,915670,0,,single
1789799599,2951520,0,,single
1789799601,408650,0,,single
1789799602,2258500,1,,single
1789799604,2959610,8,,single
1789799605,1477330,2,,single
1789799607,313650,1,,single
1789799608,1063310,0,,single
1789799610,2518900,0,,single
1789799611,518730,0,,single
1789799613,995050,2,,single
1789799614,311720,1,,single
1789799615,286320,0,,single
1789799617,2697560,0,,single
1789799618,1553910,0,,single
1789799620,618950,0,,single
1789799621,1361400,1,,single
1789799623,242940,1,,single
1789799624,904360,0,,single
1789799626,3010070,0,,single
1789799627,767490,0,,single
1789799628,1692080,126,,single
1789799630,650440,0,,single
1789799632,812550,0,,single
1789799633,773840,0,,single
1789799635,497780,1,,single
1789799636,1663640,2,,single
1789799637,973090,1,,single
1789799639,708340,0,,single
1789799640,227560,0,,single
1789799642,717610,1,,single
1789799643,1083600,19,,single
1789799645,12330,5,,single
1789799646,829420,84,,single
1789799648,575050,3,,single
1789799649,2240920,0,,single
1789799651,476420,0,,single
1789799652,2005210,0,,single
1789799654,301610,7,,single
1789799655,311120,0,,single
1789799657,1810820,77,,single
1789799658,467930,0,,single
1789799660,281410,0,,single
1789799661,1549030,0,,single
1789799662,2328310,0,,single
1789799664,1577620,8,,single
1789799665,2458430,0,,single
1789799667,2141770,3,,single
1789799668,346750,12,,single
1789799670,460960,13,,single
1789799671,1588560,2,,single
1789799673,403400,1,,single
1789799674,1125390,0,,single
1789799675,115220,11,,single
1789799677,1120560,1,,single
1789799679,370540,4,,single
1789799680,576130,0,,single
1789799681,1097530,1,,single
1789799683,2794770,1,,single
1789799685,3601790,0,,single
1789799686,968350,1,,single
1789799688,322130,5,,single
1789799689,405780,0,,single
1789799690,669290,0,,single
1789799692,1062040,4,,single
1789799694,1205900,1,,single
1789799695,596590,2,,single
1789799696,1269150,0,,single
1789799698,1364800,0,,single
1789799699,298480,1,,single
1789799701,2026990,0,,single
1789799702,464150,0,,single
1789799704,926520,5,,single
1789799705,3010,0,,single
1789799707,517130,0,,single
1789799708,1813170,2,,single
1789799710,655730,2,,single
1789799711,1722870,37,,single
1789799713,416080,1,,single
1789799714,643200,0,,single
1789799716,1001800,0,,single
1789799717,1427890,4,,single
1789799719,378690,0,,single
1789799720,1111380,8,,single
1789799722,3147510,0,,single
1789799724,403950,1,,single
1789799725,1731460,4,,single
1789799727,336060,1,,single
1789799730,357280,0,,single
1789799731,3114010,1,,single
1789799733,420520,7,,single
1789799734,963330,1,,single
1789799736,606860,0,,single
1789799737,1335240,8,,single
1789799739,301300,6,,single
1789799740,1147450,2,,single
1789799742,837610,5,,single
1789799743,364230,0,,single
1789799745,961620,1,,single
1789799746,431250,1,,single
1789799747,3193670,0,,single
1789799749,1306750,0,,single
1789799751,292620,0,,single
1789799752,1117160,0,,single
1789799753,377080,0,,single
1789799755,302060,1,,single
1789799756,1184890,1,,single
1789799758,438130,0,,single
1789799759,957720,52,,single
1789799761,1070860,1,,single
1789799762,2193050,2,,single
1789799764,265970,43,,single
1789799765,1620520,0,,single
1789799767,3128740,2,,single
1789799768,345860,0,,single
1789799769,1582510,7,,single
1789799771,425670,1,,single
1789799772,2808570,1,,single
1789799774,271920,0,,single
1789799775,3562530,0,,single
1789799777,1846330,2,,single
1789799778,620220,1,,single
1789799780,2071200,11,,single
1789799781,39520,16,,single
1789799783,461730,0,,single
1789799784,431710,4,,single
1789799785,2286770,7,,single
1789799787,543240,0,,single
1789799788,1013750,2,,single
1789799790,842420,0,,single
1789799791,418120,0,,single
1789799793,1867510,2,,single
1789799794,1094420,0,,single
1789799796,1573090,0,,single
1789799797,1733890,0,,single
1789799799,2566880,0,,single
1789799800,320690,5,,single
1789799802,583270,3,,single
1789799803,598730,3,,single
1789799805,1502560,4,,single
1789799806,436160,15,,single
1789799807,1291790,1,,single
1789799809,2812850,1,,single
1789799810,985900,1,,single
1789799812,1132760,0,,single
1789799813,492150,0,,single
1789799815,508790,0,,single
1789799816,1446330,0,,single
1789799818,545980,1,,single
1789799819,32680,7,,single
1789799821,1558930,1,,single
1789799822,1980350,1,,single
1789799824,721030,11,,single
1789799825,263400,0,,single
1789799827,3541130,0,,single
1789799828,281280,1,,single
1789799830,1341050,0,,single
1789799831,1890950,0,,single
1789799832,2564880,0,,single
1789799834,1561040,1,,single
1789799835,542480,7,,single
1789799837,541640,2,,single
1789799838,1015890,0,,single
1789799840,459090,2,,single
1789799841,282880,0,,single
1789799843,308173,5,,single
1789799844,1403020,0,,single
1789799846,252170,0,,single
1789799847,263320,0,,single
1789799849,1185160,0,,single
1789799850,2296380,0,,single
1789799851,390100,1,,single
1789799853,497730,2,,single
1789799854,2745800,0,,single
1789799856,1957990,4,,single
1789799857,1880470,0,,single
1789799859,753230,0,,single
1789799860,987230,0,,single
1789799862,3070880,17,,single
1789799863,2332410,0,,single
1789799864,676500,5,,single
1789799866,1966220,2,,single
1789799867,400360,1,,single
1789799869,661430,0,,single
1789799870,1996770,6,,single
1789799872,449300,61,,single
1789799873,356450,0,,single
1789799875,1422610,0,,single
1789799876,2744150,0,,single
1789799878,1409200,1,,single
1789799879,985950,4,,single
1789799881,1251460,0,,single
1789799882,1934030,0,,single
1789799884,3432160,0,,single
1789799885,1040730,14,,single
1789799887,527700,0,,single
1789799888,398840,1,,single
1789799890,1016360,0,,single
1789799891,3002620,0,,single
1789799893,655780,1,,single
1789799894,3201910,0,,single
1789799896,265120,0,,single
1789799897,1226670,3,,single
1789799899,1446350,0,,single
1789799900,2903160,0,,single
1789799902,428080,0,,single
1789799903,2191190,0,,single
1789799904,1407860,20,,single
1789799906,375750,0,,single
1789799907,1502380,5,,single
1789799909,3800,3,,single
1789799910,1735420,0,,single
1789799912,1942440,1,,single
1789799913,1668460,0,,single
1789799915,2529080,2,,single
1789799916,416450,26,,single
1789799917,403560,1,,single
1789799919,658890,0,,single
1789799920,70120,0,,single
1789799922,289280,0,,single
1789799923,528460,2,,single
1789799925,1773890,0,,single
1789799926,2717570,0,,single
1789799928,332260,1,,single
1789799929,313080,0,,single
1789799931,628050,186,,single
1789799932,1318740,4,,single
1789799934,713530,1,,single
1789799935,2616430,12,,single
1789799936,2056340,0,,single
1789799938,453290,1,,single
1789799939,1566880,3,,single
1789799941,436290,1,,single
1789799942,581030,0,,single
1789799944,1561340,2,,single
1789799945,939990,1,,single
1789799947,523600,9,,single
1789799948,277490,1,,single
1789799950,579820,0,,single
1789799951,428180,17,,single
1789799953,2392520,19,,single
1789799954,1610460,6,,single
1789799956,1540350,0,,single
1789799957,750290,0,,single
1789799959,635250,0,,single
1789799960,2966850,6,,single
1789799962,1167790,2,,single
1789799963,352220,1,,single
1789799965,1665130,1,,single
1789799966,2452080,17,,single
1789799968,435440,28,,single
1789799969,2409360,5,,single
1789799971,34410,1,,single
1789799972,1011610,2,,single
1789799973,1348390,18,,single
1789799975,2060790,4,,single
1789799976,1144970,0,,single
1789799978,342620,0,,single
1789799979,1097110,0,,single
1789799981,792050,0,,single
1789799982,1803390,5,,single
1789799984,1020730,0,,single
1789799985,287200,3,,single
1789799987,1141650,1,,single
1789799988,1627680,4,,single
1789799990,1028350,0,,single
1789799991,742500,6,,single
1789799993,263860,2,,single
1789799994,1805930,0,,single
1789799995,1363850,0,,single
1789799997,725780,0,,single
1789799998,2050510,7,,single
1789800000,2515070,1,,single
1789800001,1680000,24,,single
1789800003,2647820,5,,single
1789800005,1832220,0,,single
1789800006,444490,0,,single
1789800007,1374290,0,,single
1789800009,1961160,0,,single
1789800010,1451080,1,,single
1789800012,2839450,0,,single
1789800013,769670,6,,single
1789800015,323670,0,,single
1789800016,948880,0,,single
1789800018,663110,0,,single
1789800019,1184250,2,,single
1789800021,1397650,1,,single
1789800023,319760,1,,single
1789800024,826230,1,,single
1789800026,512460,2,,single
1789800027,2229990,0,,single
1789800030,664750,1,,single
1789800032,2840480,2,,single
1789800033,1671720,2,,single
1789800035,428950,0,,single
1789800036,1078330,5,,single
1789800037,1154850,3,,single
1789800039,1103860,2,,single
1789800040,1586700,3,,single
1789800042,1368340,0,,single
1789800043,2475040,0,,single
1789800045,2304440,2,,single
1789800046,809540,1,,single
1789800048,689980,0,,single
1789800049,1731260,1,,single
1789800051,2748830,5,,single
1789800052,1411670,0,,single
1789800053,373720,1,,single
1789800055,227020,6,,single
1789800056,349270,0,,single
1789800058,1015770,4,,single
1789800059,399430,0,,single
1789800061,1797680,5,,single
1789800062,1946070,1,,single
1789800064,1671480,0,,single
1789800065,1374580,1,,single
1789800067,438030,1,,single
1789800068,2449160,0,,single
1789800070,539270,18,,single
1789800071,1782150,0,,single
1789800073,1164100,1,,single
1789800074,2908950,3,,single
1789800076,658600,4,,single
1789800077,691730,4,,single
1789800079,1145340,2,,single
1789800080,505330,0,,single
1789800081,594220,0,,single
1789800083,1304430,5,,single
1789800084,2800,6,,single
1789800086,273070,0,,single
1789800087,2686580,0,,single
1789800089,509570,2,,single
1789800090,678520,0,,single
1789800091,1245250,4,,single
1789800093,1933370,2,,single
1789800094,2074480,0,,single
1789800096,364640,2,,single
1789800097,945460,0,,single
1789800099,1079830,0,,single
1789800100,1983220,0,,single
1789800102,223730,0,,single
1789800103,3446150,7,,single
1789800105,1457520,19,,single
1789800106,67000,0,,single
1789800108,1693040,0,,single
1789800109,366640,0,,single
1789800110,1118380,0,,single
1789800112,2248330,0,,single
1789800113,1077970,1,,single
1789800115,510540,1,,single
1789800116,291710,2,,single
1789800118,1536080,11,,single
1789800119,825730,10,,single
1789800121,2437040,3,,single
1789800122,2116510,0,,single
1789800124,1596540,5,,single
1789800125,3091390,0,,single
1789800126,2295970,5,,single
1789800128,2615670,4,,single
1789800129,2836860,3,,single
1789800131,2258590,21,,single
1789800132,1028590,1,,single
1789800134,2593900,1,,single
1789800135,1561910,0,,single
1789800137,2665460,1,,single
1789800138,968440,14,,single
1789800140,618510,0,,single
1789800141,1393420,0,,single
1789800143,3244210,17,,single
1789800144,1341490,0,,single
1789800146,1169740,0,,single
1789800147,1984720,56,,single
1789800149,1114430,3,,single
1789800150,3331320,5,,single
1789800152,2116260,1,,single
1789800153,11130,0,,single
1789800154,465170,1,,single
1789800156,476480,0,,single
1789800157,1299620,4,,single
1789800159,1112830,0,,single
1789800160,389900,1,,single
1789800162,3990,111,,single
1789800163,490230,1,,single
1789800165,695100,0,,single
1789800166,1162560,2,,single
1789800167,463170,0,,single
1789800169,1921980,2,,single
1789800170,769920,1,,single
1789800172,229810,0,,single
1789800173,1338420,0,,single
1789800175,433000,1,,single
1789800176,3226850,0,,single
1789800178,1043500,1,,single
1789800179,1493300,0,,single
1789800181,403290,0,,single
1789800182,1378060,1,,single
1789800183,444480,1,,single
1789800185,2330360,1,,single
1789800186,925930,0,,single
1789800188,446380,0,,single
1789800189,742520,1,,single
1789800191,2398030,18,,single
1789800192,2978540,6,,single
1789800194,1335940,5,,single
1789800195,2601940,1,,single
1789800197,1274300,0,,single
1789800198,9500,0,,single
1789800200,647570,1,,single
1789800201,1622800,0,,single
1789800203,3574510,0,,single
1789800204,844330,0,,single
1789800205,2119590,1,,single
1789800207,388620,15,,single
1789800208,890970,1,,single
1789800210,308270,1,,single
1789800211,1319420,0,,single
1789800213,2933180,0,,single
1789800214,378270,0,,single
1789800216,650330,0,,single
1789800217,550340,3,,single
1789800219,1144020,0,,single
1789800220,961490,1,,single
1789800222,2524360,0,,single
1789800223,1507120,1,,single
1789800225,283080,0,,single
1789800226,2348090,2,,single
1789800227,1504250,1,,single
1789800229,1412470,5,,single
1789800230,1068360,1,,single
1789800232,297750,6,,single
1789800233,2582660,0,,single
1789800235,3313310,4,,single
1789800236,236130,2,,single
1789800238,289340,0,,single
1789800239,2118250,1,,single
1789800241,1921480,1,,single
1789800242,2085000,45,,single
1789800244,860620,0,,single
1789800245,1944360,0,,single
1789800247,989770,0,,single
1789800248,555750,0,,single
1789800250,473560,0,,single
1789800251,955170,0,,single
1789800253,3335120,15,,single
1789800254,368570,0,,single
1789800256,579760,2,,single
1789800257,678560,3,,single
1789800259,1152300,20,,single
1789800260,1998340,39,,single
1789800262,860860,0,,single
1789800263,451780,0,,single
1789800265,529490,1,,single
1789800266,625470,0,,single
1789800268,1483780,1,,single
1789800269,1742360,2,,single
1789800271,1674820,2,,single
1789800272,351870,2,,single
1789800274,293240,0,,single
1789800275,1329540,0,,single
1789800277,460340,0,,single
1789800278,1141760,2,,single
1789800279,1925320,0,,single
1789800281,3304770,8,,single
1789800282,2374000,6,,single
1789800284,3001730,0,,single
1789800285,769950,1,,single
1789800287,900400,0,,single
1789800288,2876250,2,,single
1789800290,405950,0,,single
1789800291,1475850,3,,single
1789800292,541370,0,,single
1789800294,2573260,0,,single
1789800295,923570,0,,single
1789800297,1067860,1,,single
1789800298,200020,28,,single
1789800300,307350,0,,single
1789800301,881560,1,,single
1789800303,1258220,0,,single
1789800304,270790,6,,single
1789800306,1109840,3,,single
1789800307,271370,14,,single
1789800309,414190,2,,single
1789800310,247350,0,,single
1789800312,951940,0,,single
1789800313,1636030,1,,single
1789800315,771950,0,,single
1789800316,1098170,1,,single
1789800318,1082970,11,,single
1789800319,1399840,1,,single
1789800320,3521320,1,,single
1789800322,211180,0,,single
1789800324,248190,0,,single
1789800325,33910,9,,single
1789800327,2701700,5,,single
1789800329,3667230,0,,single
1789800331,1479500,0,,single
1789800332,2119940,3,,single
1789800334,1082190,2,,single
1789800335,1188330,7,,single
1789800337,2737980,7,,single
1789800338,758500,0,,single
1789800340,2677310,2,,single
1789800341,422920,14,,single
1789800343,1602540,2,,single
1789800344,684050,1,,single
1789800346,331650,0,,single
1789800347,429330,0,,single
1789800349,1037560,1,,single
1789800350,1967820,3,,single
1789800351,1247100,0,,single
1789800353,322900,0,,single
1789800354,2776570,1,,single
1789800356,1481780,0,,single
1789800357,811880,1,,single
1789800359,656610,0,,single
1789800361,1730260,5,,single
1789800362,1035930,2,,single
1789800364,23400,5,,single
1789800366,703940,1,,single
1789800367,2461780,0,,single
1789800369,565720,1,,single
1789800370,452230,9,,single
1789800372,584990,0,,single
1789800373,95900,1,,single
1789800375,418250,4,,single
1789800376,289890,1,,single
1789800378,1596730,0,,single
1789800379,666870,0,,single
1789800381,938860,1,,single
1789800382,1257280,0,,single
1789800384,2781750,0,,single
1789800385,861350,0,,single
1789800387,2086680,9,,single
1789800388,1304610,1,,single
1789800390,725330,0,,single
1789800391,415170,0,,single
1789800393,2373290,0,,single
1789800394,3048140,0,,single
1789800396,1340640,1,,single
1789800397,1690,8,,single
1789800398,556740,1,,single
1789800400,2088340,3,,single
1789800401,263700,0,,single
1789800403,1315200,4,,single
1789800404,2330750,27,,single
1789800406,464620,1,,single
1789800407,414720,1,,single
1789800409,1766790,1,,single
1789800410,676630,0,,single
1789800411,1339410,0,,single
1789800413,1738610,0,,single
1789800414,1293730,0,,single
1789800416,1664670,0,,single
1789800417,2959670,0,,single
1789800419,367000,0,,single
1789800420,485870,1,,single
1789800422,1972710,2,,single
1789800423,279140,6,,single
1789800425,1570760,1,,single
1789800426,2587770,1,,single
1789800427,3296760,0,,single
1789800429,968370,0,,single
1789800430,827290,0,,single
1789800432,364300,0,,single
1789800433,221830,0,,single
1789800435,434020,0,,single
1789800436,881420,1,,single
1789800437,438430,0,,single
1789800439,1627870,2,,single
1789800440,1398390,1,,single
1789800442,411310,3,,single
1789800443,687750,0,,single
1789800445,356260,1,,single
1789800446,1336600,0,,single
1789800448,1949770,29,,single
1789800449,2711030,2,,single
1789800451,3139620,1,,single
1789800452,3340810,6,,single
1789800453,1581480,2,,single
1789800455,685310,13,,single
1789800456,1896880,0,,single
1789800458,2116850,2,,single
1789800459,38430,2,,single
1789800461,1960900,1,,single
1789800462,256030,0,,single
1789800464,1443430,4,,single
1789800465,202130,0,,single
1789800466,1484960,1,,single
1789800468,3227760,5,,single
1789800469,919410,0,,single
1789800471,3275010,1,,single
1789800472,2242100,3,,single
1789800474,1172980,0,,single
1789800475,582810,0,,single
1789800477,80200,2,,single
1789800478,237550,1,,single
1789800480,385080,0,,single
1789800481,1284130,1,,single
1789800482,1454520,0,,single
1789800484,2598020,2,,single
1789800485,531680,1,,single
1789800487,796790,0,,single
1789800489,3324320,1,,single
1789800490,315860,0,,single
1789800492,2229940,2,,single
1789800493,1083870,0,,single
1789800495,871100,1,,single
1789800496,267060,0,,single
1789800498,524010,1,,single
1789800499,244090,1,,single
1789800500,7770,0,,single
1789800502,1802330,2,,single
1789800503,1979410,1,,single
1789800505,2211730,1,,single
1789800506,270010,0,,single
1789800508,1454010,1,,single
1789800509,944080,6,,single
1789800511,488210,1,,single
1789800512,446120,0,,single
1789800514,1942010,0,,single
1789800515,2202590,1,,single
1789800517,1563700,0,,single
1789800518,312650,0,,single
1789800520,2162020,0,,single
1789800521,2118130,0,,single
1789800523,898800,7,,single
1789800524,2401680,0,,single
1789800525,3116640,2,,single
1789800527,1733880,4,,single
1789800528,1541020,22,,single
1789800530,201070,0,,single
1789800531,1290710,1,,single
1789800533,1721870,0,,single
1789800534,541660,2,,single
1789800536,1252010,9,,single
1789800537,1321230,0,,single
1789800539,1063980,0,,single
1789800540,343740,0,,single
1789800542,71000,0,,single
1789800543,1102780,0,,single
1789800544,3223390,2,,single
1789800546,206760,1,,single
1789800547,337490,0,,single
1789800549,32150,2,,single
1789800550,3443610,3,,single
1789800552,2753520,0,,single
1789800553,919260,3,,single
1789800555,513340,8,,single
1789800556,1861290,0,,single
1789800557,1546500,0,,single
1789800559,2103680,1,,single
1789800560,3432500,0,,single
1789800562,509110,2,,single
1789800563,1028730,1,,single
1789800565,2825300,8,,single
1789800566,453310,0,,single
1789800568,2852770,3,,single
1789800569,453750,0,,single
1789800571,888040,2,,single
1789800572,850450,0,,single
1789800574,1691560,0,,single
1789800575,2214220,0,,single
1789800577,207570,1,,single
1789800578,1008860,1,,single
1789800580,925470,0,,single
1789800581,1586750,1,,single
1789800582,235660,10,,single
1789800584,949970,0,,single
1789800585,470270,1,,single
1789800587,361040,0,,single
1789800588,469800,5,,single
1789800590,394680,1,,single
1789800591,1096180,0,,single
1789800593,1519710,0,,single
1789800594,2530430,3,,single
1789800596,1955030,1,,single
1789800597,242530,0,,single
1789800599,685690,1,,single
1789800600,1011300,0,,single
1789800602,277110,0,,single
1789800603,439250,9,,single
1789800605,267960,1,,single
1789800606,363980,0,,single
1789800608,504300,0,,single
1789800609,1337920,2,,single
1789800611,977390,0,,single
1789800612,2230070,2,,single
1789800613,70110,1,,single
1789800615,2460980,1,,single
1789800617,202730,0,,single
1789800618,921710,0,,single
1789800619,683830,0,,single
1789800621,2597880,0,,single
1789800623,46270,4,,single
1789800624,1096930,13,,single
1789800626,505210,0,,single
1789800627,1813860,8,,single
1789800630,579940,6,,single
1789800632,378800,0,,single
1789800633,350990,0,,single
1789800635,1442450,1,,single
1789800636,987720,0,,single
1789800637,883080,0,,single
1789800639,1341160,18,,single
1789800640,585950,0,,single
1789800642,3141720,24,,single
1789800643,1170230,0,,single
1789800645,2180700,3,,single
1789800646,395620,0,,single
1789800648,1163690,0,,single
1789800649,336080,1,,single
1789800651,539400,0,,single
1789800652,1247360,3,,single
1789800654,501120,0,,single
1789800655,2450400,3,,single
1789800657,406850,0,,single
1789800658,854860,0,,single
1789800659,1920100,0,,single
1789800661,25860,0,,single
1789800663,1162700,3,,single
1789800664,651090,1,,single
1789800665,63800,0,,single
1789800667,704230,9,,single
1789800668,512270,0,,single
1789800670,1866980,14,,single
1789800671,343930,2,,single
1789800673,297760,1,,single
1789800674,1058060,1,,single
1789800676,1736290,1,,single
1789800677,2079950,1,,single
1789800679,579110,0,,single
1789800680,935930,1,,single
1789800682,1524750,1,,single
1789800683,992730,1,,single
1789800685,973000,0,,single
1789800686,448240,0,,single
1789800688,392000,0,,single
1789800689,365820,0,,single
1789800691,2897240,9,,single
1789800692,564150,0,,single
1789800694,464700,0,,single
1789800695,576030,1,,single
1789800696,1119710,1,,single
1789800698,1178210,0,,single
1789800699,451570,0,,single
1789800701,2583430,1,,single
1789800702,2248900,4,,single
1789800704,396310,0,,single
1789800705,404080,1,,single
1789800707,1285060,2,,single
1789800708,3058140,1,,single
1789800710,3220010,1,,single
1789800711,304670,0,,single
1789800713,754810,0,,single
1789800714,2740280,8,,single
1789800715,1347420,0,,single
1789800717,1698520,1,,single
1789800718,577080,0,,single
1789800720,2238630,1,,single
1789800721,710230,21,,single
1789800723,672730,0,,single
1789800724,529760,0,,single
1789800726,1433860,0,,single
1789800727,2312520,6,,single
1789800728,665330,1,,single
1789800730,621930,2,,single
1789800731,2252960,1,,single
1789800733,1451120,0,,single
1789800734,748970,1,,single
1789800736,2001570,1,,single
1789800737,1065020,0,,single
1789800739,842810,0,,single
1789800740,33650,2,,single
1789800742,556870,0,,single
1789800743,485650,0,,single
1789800745,308000,0,,single
1789800746,1109690,1,,single
1789800748,697650,2,,single
1789800749,977460,6,,single
1789800750,929060,0,,single
1789800752,2832320,1,,single
1789800753,866190,1,,single
1789800755,494670,2,,single
1789800756,3450,11,,single
1789800758,1101930,0,,single
1789800759,446640,0,,single
1789800761,2295610,0,,single
1789800762,46550,0,,single
1789800764,1038280,2,,single
1789800765,3296200,2,,single
1789800766,874400,0,,single
1789800768,439910,0,,single
1789800769,1216880,10,,single
1789800771,1749750,8,,single
1789800772,1192010,0,,single
1789800774,1078970,0,,single
1789800775,1506440,0,,single
1789800777,2601030,0,,single
1789800778,2985930,1,,single
1789800779,411760,0,,single
1789800781,589940,0,,single
1789800782,1105040,0,,single
1789800784,307590,0,,single
1789800785,2529120,2,,single
1789800787,575330,0,,single
1789800788,1629830,5,,single
1789800790,450190,0,,single
1789800791,330180,0,,single
1789800793,2013900,0,,single
1789800794,2223590,9,,single
1789800796,3081810,0,,single
1789800797,287370,0,,single
1789800799,1734390,0,,single
1789800800,322850,4,,single
1789800802,496730,1,,single
1789800803,1807810,1,,single
1789800805,1671360,0,,single
1789800806,391170,1,,single
1789800807,548090,0,,single
1789800809,294000,1,,single
1789800810,956140,0,,single
1789800812,346630,0,,single
1789800813,485370,0,,single
1789800815,336940,0,,single
1789800816,1891090,2,,single
1789800818,1032700,3,,single
1789800819,410970,50,,single
1789800821,955870,2,,single
1789800822,1482750,0,,single
1789800824,102850,0,,single
1789800825,772070,0,,single
1789800827,1457620,13,,single
1789800828,2246110,10,,single
1789800830,1205260,0,,single
1789800831,207790,0,,single
1789800833,408760,7,,single
1789800834,2491640,0,,single
1789800836,1465510,0,,single
1789800837,785480,0,,single
1789800838,1554700,0,,single
1789800840,612370,0,,single
1789800841,507390,0,,single
1789800843,1768880,0,,single
1789800844,116100,0,,single
1789800846,416790,1,,single
1789800847,3018910,0,,single
1789800848,1637230,5,,single
1789800850,314320,0,,single
1789800851,492270,0,,single
1789800853,3050,0,,single
1789800854,398450,0,,single
1789800856,2319390,3,,single
1789800857,543030,0,,single
1789800859,470210,0,,single
1789800860,2795270,0,,single
1789800862,375710,0,,single
1789800863,843890,0,,single
1789800865,497700,25,,single
1789800866,981020,0,,single
1789800867,222660,0,,single
1789800869,453850,0,,single
1789800870,559910,1,,single
1789800872,1259510,0,,single
1789800873,1696220,0,,single
1789800875,547590,1,,single
1789800876,963280,0,,single
1789800878,573170,0,,single
1789800879,72400,0,,single
1789800880,601010,0,,single
1789800882,405610,0,,single
1789800883,2627780,6,,single
1789800885,300260,0,,single
1789800886,1754960,1,,single
1789800888,394600,0,,single
1789800889,1147500,0,,single
1789800891,642610,0,,single
1789800892,443360,2,,single
1789800894,1235360,0,,single
1789800895,2201810,0,,single
1789800897,200960,0,,single
1789800898,580710,3,,single
1789800900,1882040,1,,single
1789800901,2279330,0,,single
1789800902,625860,1,,single
1789800904,1631210,0,,single
1789800905,332360,1,,single
1789800907,2311680,12,,single
1789800908,46770,17,,single
1789800910,1055760,0,,single
1789800911,1839510,3,,single
1789800913,260130,1,,single
1789800914,412520,5,,single
1789800916,864540,0,,single
1789800917,2488350,9,,single
1789800919,905690,1,,single
1789800920,3311560,0,,single
1789800921,2276830,5,,single
1789800923,2998970,0,,single
1789800925,1579020,0,,single
1789800926,893020,1,,single
1789800929,1641700,83,,single
1789800930,683940,1,,single
1789800932,867180,0,,single
1789800933,2510890,1,,single
1789800935,2158270,0,,single
1789800936,926540,0,,single
1789800938,1288900,1,,single
1789800939,546980,0,,single
1789800941,1516080,0,,single
1789800942,1213670,40,,single
1789800944,801290,2,,single
1789800945,349250,0,,single
1789800947,386770,0,,single
1789800948,1542810,0,,single
1789800950,407780,0,,single
1789800951,1575980,0,,single
1789800952,1277130,0,,single
1789800954,557260,0,,single
1789800955,569810,0,,single
1789800957,530020,0,,single
1789800958,1131920,20,,single
1789800960,316890,0,,single
1789800961,2775370,1,,single
1789800963,431500,0,,single
1789800964,10110,3,,single
1789800966,574140,0,,single
1789800967,2716930,26,,single
1789800969,914430,1,,single
1789800970,1148560,6,,single
1789800971,1056970,0,,single
1789800973,1151120,1,,single
1789800974,200080,4,,single
1789800976,1055090,1,,single
1789800977,1610520,0,,single
1789800979,528510,0,,single
1789800980,1946140,25,,single
1789800982,760510,0,,single
1789800983,664000,0,,single
1789800985,894630,2,,single
1789800986,313400,3,,single
1789800988,1249060,1,,single
1789800989,1592750,4,,single
1789800991,3410,0,,single
1789800992,1420540,0,,single
1789800994,2355140,0,,single
1789800995,1063040,2,,single
1789800996,563360,0,,single
1789800998,650780,0,,single
1789800999,477200,1,,single
1789801001,1162280,0,,single
1789801002,99400,0,,single
1789801004,447270,0,,single
1789801005,42850,24,,single
1789801007,377460,3,,single
1789801008,1078490,0,,single
1789801010,1392340,0,,single
1789801011,227760,1,,single
1789801012,1600370,2,,single
1789801014,1600,2,,single
1789801015,2083800,1,,single
1789801017,1819450,1,,single
1789801018,301690,0,,single
1789801020,1854980,1,,single
1789801021,2123140,2,,single
1789801023,402390,0,,single
1789801024,2289560,1,,single
1789801026,2850310,17,,single
1789801027,476540,0,,single
1789801029,351140,0,,single
1789801030,338800,15,,single
1789801032,1913420,1,,single
1789801033,428630,0,,single
1789801035,1775550,45,,single
1789801036,2002570,6,,single
1789801037,1285920,0,,single
1789801039,1514360,2,,single
1789801040,513330,0,,single
1789801042,1592540,0,,single
1789801043,852910,0,,single
1789801045,377520,4,,single
1789801046,252270,0,,single
1789801048,432980,0,,single
1789801049,256070,0,,single
1789801050,420100,1,,single
1789801052,294590,4,,single
1789801053,453720,0,,single
1789801055,999830,1,,single
1789801056,65530,2,,single
1789801058,429600,0,,single
1789801059,2473640,3,,single
1789801061,1174720,0,,single
1789801062,567060,0,,single
1789801064,341950,12,,single
1789801065,501760,0,,single
1789801067,1068640,1,,single
1789801068,764030,19,,single
1789801070,1001140,2,,single
1789801071,851950,0,,single
1789801073,315550,0,,single
1789801074,2022850,1,,single
1789801076,2417940,5,,single
1789801077,458480,1,,single
1789801079,1061730,0,,single
1789801080,394700,0,,single
1789801082,436230,0,,single
1789801083,371550,1,,single
1789801084,657090,0,,single
1789801086,2247570,1,,single
1789801087,908050,0,,single
1789801089,2840,2,,single
1789801090,2184350,19,,single
1789801092,1542280,16,,single
1789801093,1043230,7,,single
1789801095,759440,1,,single
1789801096,480450,0,,single
1789801098,1720090,1,,single
1789801099,1216230,0,,single
1789801101,1694560,0,,single
1789801102,882250,0,,single
1789801104,2743850,1,,single
1789801105,887400,0,,single
1789801107,956240,11,,single
1789801108,1111940,7,,single
1789801110,332490,0,,single
1789801111,386970,1,,single
1789801112,1078320,6,,single
1789801114,2375780,245,,single
1789801115,1515890,2,,single
1789801117,1191660,1,,single
1789801118,61510,10,,single
1789801120,1324070,0,,single
1789801121,249190,0,,single
1789801123,2280540,0,,single
1789801124,1365750,0,,single
1789801125,295670,1,,single
1789801127,1236240,3,,single
1789801128,877080,0,,single
1789801130,504390,12,,single
1789801131,32640,2,,single
1789801133,32900,7,,single
1789801134,628290,0,,single
1789801136,1095120,5,,single
1789801137,1461920,17,,single
1789801139,1386650,0,,single
1789801140,466730,0,,single
1789801142,1177130,0,,single
1789801143,736810,0,,single
1789801144,1647920,1,,single
1789801146,1405440,0,,single
1789801147,804730,0,,single
1789801149,1597720,1,,single
1789801150,2360020,0,,single
1789801152,493650,0,,single
1789801153,1837650,0,,single
1789801155,1737690,19,,single
1789801156,1088770,0,,single
1789801158,2082350,0,,single
1789801159,673600,6,,single
1789801161,686900,2,,single
1789801162,848500,21,,single
1789801164,31810,0,,single
1789801165,260930,0,,single
1789801167,230150,0,,single
1789801168,3044100,9,,single
1789801170,605990,0,,single
1789801171,1557420,1,,single
1789801173,1406810,3,,single
1789801174,800600,3,,single
1789801176,391580,1,,single
1789801177,1256530,0,,single
1789801179,560370,1,,single
1789801180,7220,2,,single
1789801182,600460,1,,single
1789801183,1168690,0,,single
1789801185,2410890,1,,single
1789801186,679750,0,,single
1789801188,1763740,3,,single
1789801189,1495860,2,,single
1789801191,1100160,10,,single
1789801192,1978150,1,,single
1789801193,3245050,7,,single
1789801195,383740,5,,single
1789801196,1058130,1,,single
1789801198,1682410,1,,single
1789801199,760810,0,,single
1789801201,893390,1,,single
1789801202,440740,0,,single
1789801203,1089840,0,,single
1789801205,2070850,1,,single
1789801206,658590,1,,single
1789801208,600610,1,,single
1789801209,2155770,0,,single
1789801211,785840,1,,single
1789801212,341190,0,,single
1789801214,1865960,0,,single
1789801215,1399240,4,,single
1789801217,1600900,1,,single
1789801218,454950,0,,single
1789801219,532320,3,,single
1789801221,1205480,4,,single
1789801222,1005120,3,,single
1789801224,2529770,2,,single
1789801225,2929540,1,,single
1789801227,611750,0,,single
1789801229,1099500,1,,single
1789801231,822760,2,,single
1789801232,868150,0,,single
1789801234,392070,4,,single
1789801235,467950,0,,single
1789801237,368080,1,,single
1789801238,1502990,26,,single
1789801240,922100,0,,single
1789801241,2722360,1,,single
1789801243,2544570,6,,single
1789801244,1261180,0,,single
1789801245,1155880,3,,single
1789801247,32310,1,,single
1789801248,823610,1,,single
1789801250,361320,2,,single
1789801251,1386890,7,,single
1789801253,347170,0,,single
1789801254,1740850,0,,single
1789801255,486360,0,,single
1789801257,3110010,0,,single
1789801258,409600,2,,single
1789801260,31100,1,,single
1789801261,230330,21,,single
1789801263,767420,2,,single
1789801264,15380,24,,single
1789801266,1459910,0,,single
1789801267,670500,1,,single
1789801269,1492730,42,,single
1789801270,70650,0,,single
1789801271,252710,0,,single
1789801273,294670,11,,single
1789801275,466980,0,,single
1789801276,58200,0,,single
1789801278,1097100,0,,single
1789801279,500500,3,,single
1789801281,1348180,1,,single
1789801282,1921780,14,,single
1789801283,1016770,0,,single
1789801285,409320,0,,single
1789801286,2710950,0,,single
1789801288,3048280,4,,single
1789801289,363950,0,,single
1789801291,636570,3,,single
1789801292,1902850,1,,single
1789801294,1385780,1,,single
1789801295,556860,0,,single
1789801297,750200,0,,single
1789801298,2512090,2,,single
1789801300,2400280,32,,single
1789801301,504400,0,,single
1789801303,344230,0,,single
1789801304,515470,0,,single
1789801306,1348920,0,,single
1789801307,1961300,0,,single
1789801309,786450,0,,single
1789801310,345010,0,,single
1789801312,1247290,6,,single
1789801313,1833040,0,,single
1789801315,2138090,22,,single
1789801316,1309990,5,,single
1789801318,1450250,0,,single
1789801319,914170,0,,single
1789801321,538590,0,,single
1789801322,243020,0,,single
1789801324,1095040,0,,single
1789801325,1418390,1,,single
1789801327,1515200,0,,single
1789801328,499620,4,,single
1789801330,4900,8,,single
1789801331,510650,0,,single
1789801333,517720,0,,single
1789801334,2349140,4,,single
1789801336,2787300,0,,single
1789801337,388490,2,,single
1789801339,1056720,1,,single
1789801340,660920,0,,single
1789801342,1034040,0,,single
1789801343,1115450,1,,single
1789801345,1618290,63,,single
1789801346,742490,5,,single
1789801348,485950,0,,single
1789801349,1594400,0,,single
1789801351,1532710,1,,single
1789801352,1349600,0,,single
1789801354,1459010,1,,single
1789801355,1534180,0,,single
1789801357,1909750,0,,single
1789801358,1996420,0,,single
1789801359,1783680,2,,single
1789801361,1281490,0,,single
1789801362,958480,1,,single
1789801364,1974220,1,,single
1789801365,631830,0,,single
1789801367,412170,0,,single
1789801368,423710,1,,single
1789801370,1449430,0,,single
1789801371,1466230,2,,single
1789801372,1898610,2,,single
1789801374,512890,0,,single
1789801375,292780,12,,single
1789801377,1378040,2,,single
1789801378,238050,0,,single
1789801380,1516750,2,,single
1789801381,919330,0,,single
1789801383,576810,2,,single
1789801384,2017610,0,,single
1789801386,2506580,1,,single
1789801387,386640,0,,single
1789801389,283560,0,,single
1789801390,864300,1,,single
1789801392,675240,0,,single
1789801393,2139840,2,,single
1789801395,12690,4,,single
1789801396,441280,0,,single
1789801397,730840,4,,single
1789801399,2218970,75,,single
1789801400,2010370,0,,single
1789801402,324760,0,,single
1789801403,2213300,22,,single
1789801405,2289390,3,,single
1789801406,2888120,577,,single
1789801408,1054950,0,,single
1789801409,2171560,0,,single
1789801411,412460,1,,single
1789801412,1668080,0,,single
1789801414,1087270,0,,single
1789801415,453820,0,,single
1789801417,742480,0,,single
1789801418,1469170,4,,single
1789801419,267130,0,,single
1789801421,1791910,7,,single
1789801422,962090,1,,single
1789801424,1554600,0,,single
1789801425,1010850,3,,single
1789801427,603020,0,,single
1789801428,771810,0,,single
1789801430,401690,0,,single
1789801431,830980,1,,single
1789801433,1633370,6,,single
1789801434,1422430,2,,single
1789801436,1026400,0,,single
1789801437,1742610,0,,single
1789801439,2784620,0,,single
1789801440,1248800,2,,single
1789801441,428340,1,,single
1789801443,909190,0,,single
1789801444,935070,0,,single
1789801446,346420,0,,single
1789801447,1585700,0,,single
1789801449,430020,0,,single
1789801450,710710,0,,single
1789801452,420660,1,,single
1789801453,536040,3,,single
1789801455,1163600,7,,single
1789801456,2506480,17,,single
1789801458,2321880,0,,single
1789801459,2288070,1,,single
1789801460,2260530,1,,single
1789801462,2744880,385,,single
1789801463,488910,3,,single
1789801465,1111080,2,,single
1789801466,2422080,0,,single
1789801468,1548750,0,,single
1789801469,1120370,0,,single
1789801471,2968430,0,,single
1789801472,535760,0,,single
1789801473,1240290,2,,single
1789801475,363090,236,,single
1789801476,1152310,15,,single
1789801478,283920,3,,single
1789801479,844670,9,,single
1789801481,418440,0,,single
1789801482,2231190,3,,single
1789801483,392410,1,,single
1789801485,755470,0,,single
1789801486,2137470,1,,single
1789801488,407600,2,,single
1789801489,319470,0,,single
1789801491,1374480,1,,single
1789801492,1811740,0,,single
1789801494,905490,0,,single
1789801495,205810,2,,single
1789801496,2259210,0,,single
1789801498,796860,0,,single
1789801499,2754170,0,,single
1789801501,467390,2,,single
1789801502,1179560,0,,single
1789801504,1477770,0,,single
1789801505,415830,0,,single
1789801507,608120,0,,single
1789801508,496750,1,,single
1789801510,1035660,1,,single
1789801511,414510,0,,single
1789801513,602430,1,,single
1789801514,2001340,3,,single
1789801515,336760,1,,single
1789801517,1322650,0,,single
1789801518,1404090,4,,single
1789801520,497860,2,,single
1789801521,233210,0,,single
1789801526,575700,1,,single
1789801528,267340,2,,single
1789801529,999660,5,,single
1789801531,1547860,0,,single
1789801534,1079310,3,,single
1789801535,577460,0,,single
1789801536,1580150,0,,single
1789801538,2701350,1,,single
1789801539,2449430,3,,single
1789801541,915490,0,,single
1789801542,622890,0,,single
1789801544,461880,6,,single
1789801545,1334840,0,,single
1789801547,584100,2,,single
1789801548,1696720,2,,single
1789801550,377260,0,,single
1789801551,701870,2,,single
1789801553,3064670,1,,single
1789801554,2508980,0,,single
1789801556,1131900,1,,single
1789801557,856880,1,,single
1789801559,1865930,4,,single
1789801560,606370,17,,single
1789801561,477290,0,,single
1789801563,407020,0,,single
1789801564,525300,3,,single
1789801566,341020,1,,single
1789801567,780280,0,,single
1789801569,633950,0,,single
1789801570,1689870,1,,single
1789801572,1035750,1,,single
1789801573,1819160,1,,single
1789801575,473530,0,,single
1789801576,2005090,0,,single
1789801578,307570,0,,single
1789801579,403690,0,,single
1789801581,321030,1,,single
1789801582,1419750,1,,single
1789801584,912450,8,,single
1789801585,1856480,11,,single
1789801586,2928700,0,,single
1789801588,3122990,0,,single
1789801590,910450,0,,single
1789801591,1188080,1,,single
1789801592,382420,0,,single
1789801594,741990,1,,single
1789801595,322970,0,,single
1789801597,568720,1,,single
1789801598,458830,3,,single
1789801600,274480,0,,single
1789801601,2146570,1,,single
1789801603,1694750,4,,single
1789801604,2453610,1,,single
1789801606,959860,0,,single
1789801607,42210,1,,single
1789801609,989550,1,,single
1789801610,373750,0,,single
1789801612,2125420,2,,single
1789801613,1188970,0,,single
1789801615,2189640,0,,single
1789801616,2191480,19,,single
1789801618,277500,0,,single
1789801619,347000,0,,single
1789801621,584370,1,,single
1789801622,497800,0,,single
1789801624,962630,0,,single
1789801625,39110,0,,single
1789801627,252750,0,,single
1789801628,241660,10,,single
1789801630,491470,0,,single
1789801631,1306970,2,,single
1789801633,46440,0,,single
1789801635,335320,1,,single
1789801636,6400,1,,single
1789801638,1325040,4,,single
1789801639,3081830,0,,single
1789801641,1991300,0,,single
1789801642,403410,5,,single
1789801644,508180,1,,single
1789801646,946010,3,,single
1789801647,384080,0,,single
1789801648,557410,2,,single
1789801650,344300,0,,single
1789801651,724490,1,,single
1789801653,568750,0,,single
1789801654,1458560,0,,single
1789801656,2183910,2,,single
1789801657,303720,0,,single
1789801659,458590,0,,single
1789801660,1054340,5,,single
1789801662,1718160,2,,single
1789801663,410840,1,,single
1789801665,1383770,0,,single
1789801666,1494140,0,,single
1789801667,1763030,0,,single
1789801669,2918410,2,,single
1789801670,437530,0,,single
1789801672,488770,0,,single
1789801673,1593780,0,,single
1789801675,523160,0,,single
1789801676,1400070,0,,single
1789801678,397160,2,,single
1789801679,922050,1,,single
1789801681,1444920,0,,single
1789801682,782140,0,,single
1789801684,466840,0,,single
1789801685,344190,0,,single
1789801687,2765460,0,,single
1789801688,292160,3,,single
1789801690,444160,0,,single
1789801691,1197220,0,,single
1789801693,364910,0,,single
1789801694,273620,1,,single
1789801696,1585540,0,,single
1789801697,536560,2,,single
1789801699,925460,1,,single
1789801700,2452920,0,,single
1789801702,454200,0,,single
1789801703,964040,6,,single
1789801705,1627840,0,,single
1789801706,223000,4,,single
1789801708,623700,0,,single
1789801709,399520,0,,single
1789801711,1453790,0,,single
1789801712,1683100,1,,single
1789801713,661000,0,,single
1789801715,1847510,0,,single
1789801716,1121780,2,,single
1789801718,1793170,0,,single
1789801719,822990,1,,single
1789801721,302130,0,,single
1789801722,598490,4,,single
1789801724,1934040,0,,single
1789801725,619400,0,,single
1789801727,452420,0,,single
1789801728,1662850,3,,single
1789801730,2773520,0,,single
1789801731,2936030,3,,single
1789801733,375520,0,,single
1789801734,764230,1,,single
1789801736,1717270,0,,single
1789801737,2304640,4,,single
1789801738,299070,5,,single
1789801740,283600,3,,single
1789801741,1481440,3,,single
1789801743,294830,1,,single
1789801744,2655580,0,,single
1789801746,1729940,0,,single
1789801747,18120,0,,single
1789801749,1508750,3,,single
1789801750,1659210,1,,single
1789801752,500580,0,,single
1789801753,1702390,14,,single
1789801755,686440,0,,single
1789801756,271550,0,,single
1789801757,276870,0,,single
1789801759,555400,0,,single
1789801760,259890,0,,single
1789801762,657000,0,,single
1789801763,2084930,1,,single
1789801765,2490790,0,,single
1789801766,1040460,0,,single
1789801768,3600,4,,single
1789801769,496260,0,,single
1789801771,655480,0,,single
1789801772,376920,1,,single
1789801774,681330,2,,single
1789801775,1608470,0,,single
1789801777,877850,3,,single
1789801778,527420,1,,single
1789801780,851280,0,,single
1789801781,1608550,0,,single
1789801782,348540,0,,single
1789801784,375130,1,,single
1789801785,1426120,0,,single
1789801787,600720,10,,single
1789801788,634410,0,,single
1789801790,658970,7,,single
1789801791,976420,1,,single
1789801793,2171280,29,,single
1789801794,1709730,0,,single
1789801796,205870,0,,single
1789801797,977810,0,,single
1789801799,485900,0,,single
1789801800,699740,0,,single
1789801802,1050370,0,,single
1789801803,373240,0,,single
1789801805,811270,0,,single
1789801806,287220,0,,single
1789801808,1346960,1,,single
1789801809,545600,1,,single
1789801810,389250,3,,single
1789801812,1209770,0,,single
1789801813,1982150,2,,single
1789801815,290000,0,,single
1789801816,2068980,2,,single
1789801818,1721530,1,,single
1789801819,447170,0,,single
1789801821,299600,1,,single
1789801823,1452500,2,,single
1789801824,1448000,1,,single
1789801826,946990,0,,single
1789801827,1550840,1,,single
1789801830,1084480,1,,single
1789801832,587580,0,,single
1789801833,347400,3,,single
1789801835,334190,0,,single
1789801836,1671550,0,,single
1789801838,1998330,7,,single
1789801839,413680,1,,single
1789801841,1733500,1,,single
1789801842,1670,0,,single
1789801844,658160,0,,single
1789801845,1848520,5,,single
1789801846,1737070,0,,single
1789801848,1576280,0,,single
1789801849,567750,0,,single
1789801851,1949000,4,,single
1789801852,936190,23,,single
1789801854,490910,1,,single
1789801855,577410,0,,single
1789801857,262190,0,,single
1789801858,966670,2,,single
1789801860,362400,0,,single
1789801861,1368850,10,,single
1789801863,741430,0,,single
1789801864,465720,0,,single
1789801866,63900,0,,single
1789801867,2206140,0,,single
1789801869,1748230,0,,single
1789801870,1557860,4,,single
1789801872,831570,0,,single
1789801873,8890,0,,single
1789801875,226820,3,,single
1789801876,404690,0,,single
1789801877,529950,0,,single
1789801879,981590,10,,single
1789801880,1200110,2,,single
1789801882,1022780,0,,single
1789801884,474030,0,,single
1789801885,704510,3,,single
1789801886,1376910,0,,single
1789801888,214150,1,,single
1789801889,2156620,1,,single
1789801891,2560460,3,,single
1789801892,386080,0,,single
1789801894,278640,1,,single
1789801895,1031900,0,,single
1789801896,490930,1,,single
1789801898,1706210,0,,single
1789801899,1237730,0,,single
1789801901,444280,2,,single
1789801902,1489680,0,,single
1789801904,533480,0,,single
1789801905,423550,2,,single
1789801907,229600,0,,single
1789801908,1090800,0,,single
1789801910,2249830,0,,single
1789801911,635310,0,,single
1789801912,867960,0,,single
1789801914,1091010,19,,single
1789801915,881040,0,,single
1789801917,1147890,6,,single
1789801918,312350,6,,single
1789801920,1192810,1,,single
1789801921,603800,0,,single
1789801923,1241040,0,,single
1789801924,710600,0,,single
1789801926,260650,0,,single
1789801927,1169100,4,,single
1789801928,1726760,2,,single
1789801930,926860,0,,single
1789801931,1132030,0,,single
1789801933,1785910,2,,single
1789801934,2524480,0,,single
1789801936,853860,0,,single
1789801937,826480,0,,single
1789801939,777240,1,,single
1789801940,408110,1,,single
1789801942,377360,0,,single
1789801943,551370,0,,single
1789801944,263460,0,,single
1789801946,1183500,1,,single
1789801947,1830910,1,,single
1789801949,304690,15,,single
1789801950,2307220,4,,single
1789801952,2553960,0,,single
1789801953,586310,0,,single
1789801955,1253610,71,,single
1789801956,2021210,11,,single
1789801958,547900,19,,single
1789801959,1523720,7,,single
1789801961,1899810,0,,single
1789801962,821560,0,,single
1789801963,259410,0,,single
1789801965,388970,0,,single
1789801966,1276810,0,,single
1789801968,1755030,0,,single
1789801969,751500,2,,single
1789801971,255260,4,,single
1789801972,1301010,3,,single
1789801974,594050,1,,single
1789801975,462940,7,,single
1789801977,37210,5,,single
1789801978,875800,1,,single
1789801980,837460,0,,single
1789801981,356890,0,,single
1789801982,539450,0,,single
1789801984,424200,0,,single
1789801986,869840,4,,single
1789801987,950050,3,,single
1789801989,1168610,0,,single
1789801990,370070,0,,single
1789801991,606330,0,,single
1789801993,1020540,1,,single
1789801995,865940,6,,single
1789801996,527990,1,,single
1789801997,1572340,0,,single
1789801999,541920,2,,single
1789802000,63110,0,,single
1789802002,1518220,1,,single
1789802003,895420,1,,single
1789802005,438000,1,,single
1789802006,275510,2,,single
1789802008,1430970,13,,single
1789802009,2202470,0,,single
1789802010,939000,0,,single
1789802012,9730,0,,single
1789802013,496760,3,,single
1789802015,1056750,1,,single
1789802016,1393270,1,,single
1789802018,916050,0,,single
1789802019,1772060,2,,single
1789802021,2105660,0,,single
1789802022,561740,0,,single
1789802023,355020,1,,single
1789802025,1750710,1,,single
1789802026,2300300,3,,single
1789802028,1458900,1,,single
1789802029,1582290,0,,single
1789802031,473470,0,,single
1789802032,1454540,3,,single
1789802034,1610,11,,single
1789802035,816430,1,,single
1789802037,253790,0,,single
1789802038,451980,1,,single
1789802039,1558990,1,,single
1789802041,1457630,9,,single
1789802042,1524550,1,,single
1789802044,1933990,21,,single
1789802045,675940,0,,single
1789802047,2334780,0,,single
1789802048,886820,6,,single
1789802050,46340,0,,single
1789802051,644480,0,,single
1789802053,403980,1,,single
1789802054,1871510,0,,single
1789802056,1152810,0,,single
1789802057,536780,1,,single
1789802059,415920,0,,single
1789802060,311860,2,,single
1789802061,1674640,0,,single
1789802063,1236780,4,,single
1789802065,1859370,10,,single
1789802066,299110,0,,single
1789802067,415840,1,,single
1789802069,1114870,0,,single
1789802070,626660,0,,single
1789802072,400580,0,,single
1789802073,2443780,0,,single
1789802075,656510,0,,single
1789802076,338130,3,,single
1789802078,1018680,26,,single
1789802079,977570,0,,single
1789802080,2142450,0,,single
1789802082,39640,0,,single
1789802083,1083310,0,,single
1789802085,1091320,3,,single
1789802086,283410,0,,single
1789802088,686720,16,,single
1789802089,1013220,2,,single
1789802091,744520,0,,single
1789802092,2026880,0,,single
1789802093,747920,32,,single
1789802095,719730,38,,single
1789802096,1045610,3,,single
1789802098,452710,0,,single
1789802099,819190,1,,single
1789802101,897440,0,,single
1789802102,1519790,0,,single
1789802103,2304030,29,,single
1789802105,628800,0,,single
1789802106,342350,2,,single
1789802108,929270,2,,single
1789802109,527710,23,,single
1789802111,1805130,1,,single
1789802112,845250,11,,single
1789802114,1273480,0,,single
1789802115,628900,2,,single
1789802117,678970,0,,single
1789802118,312640,0,,single
1789802120,1243130,0,,single
1789802121,1058270,0,,single
1789802123,385150,1,,single
1789802125,733800,0,,single
1789802126,1054710,0,,single
1789802128,362090,0,,single
1789802130,446540,0,,single
1789802132,2086140,0,,single
1789802133,528250,0,,single
1789802135,289260,0,,single
1789802136,1437050,0,,single
1789802138,453910,0,,single
1789802139,1167320,1,,single
1789802141,603150,0,,single
1789802142,375180,0,,single
1789802144,297290,1,,single
1789802145,1253860,0,,single
1789802147,496450,3,,single
1789802148,1931240,3,,single
1789802150,589670,0,,single
1789802151,1781350,9,,single
1789802153,358830,0,,single
1789802154,245410,7,,single
1789802156,277700,0,,single
1789802157,2013300,1,,single
1789802159,1458920,0,,single
1789802160,672860,2,,single
1789802161,1343520,0,,single
1789802163,1546100,0,,single
1789802164,1432500,5,,single
1789802166,378770,1,,single
1789802167,2490160,0,,single
1789802169,2445390,0,,single
1789802170,1837580,0,,single
1789802172,2022290,12,,single
1789802173,809250,0,,single
1789802175,734550,0,,single
1789802176,394220,1,,single
1789802178,1490340,0,,single
1789802179,266030,1,,single
1789802181,46570,0,,single
1789802182,953900,1,,single
1789802184,1669360,0,,single
1789802185,31850,0,,single
1789802187,738610,0,,single
1789802188,496350,0,,single
1789802190,673850,0,,single
1789802191,450700,1,,single
1789802192,1393500,5,,single
1789802194,752500,0,,single
1789802195,502230,6,,single
1789802197,358080,0,,single
1789802198,18070,0,,single
1789802200,517360,1,,single
1789802201,349140,0,,single
1789802203,361380,0,,single
1789802204,925940,3,,single
1789802206,1147330,1,,single
1789802207,560720,0,,single
1789802209,1387500,2,,single
1789802210,1471530,0,,single
1789802212,202670,2,,single
1789802213,1316800,0,,single
1789802215,514090,0,,single
1789802216,1704080,0,,single
1789802218,960740,0,,single
1789802219,1828690,0,,single
1789802221,306490,0,,single
1789802222,1202970,1,,single
1789802224,1895630,58,,single
1789802225,2004440,1,,single
1789802226,42980,3,,single
1789802228,50000,0,,single
1789802229,1141120,0,,single
1789802231,857010,0,,single
1789802232,1061610,4,,single
1789802234,428190,0,,single
1789802235,1292500,0,,single
1789802237,502570,37,,single
1789802238,517780,0,,single
1789802240,567080,0,,single
1789802241,1356180,12,,single
1789802243,1826570,0,,single
1789802244,522090,0,,single
1789802246,1864790,3,,single
1789802247,1502790,0,,single
1789802249,307130,1,,single
1789802250,1567000,0,,single
1789802252,978700,0,,single
1789802253,1033080,0,,single
1789802255,558790,0,,single
1789802256,506510,0,,single
1789802257,1240230,2,,single
1789802259,1422410,1,,single
1789802260,2444470,0,,single
1789802262,2184230,0,,single
1789802263,2150660,1,,single
1789802265,1280370,0,,single
1789802266,294650,8,,single
1789802268,567800,0,,single
1789802269,392260,0,,single
1789802271,1315210,0,,single
1789802272,2169830,3,,single
1789802274,356530,0,,single
1789802275,17140,2,,single
1789802276,1603940,1,,single
1789802278,1119570,0,,single
1789802279,1469910,1,,single
1789802281,208110,1,,single
1789802282,2377420,6,,single
1789802284,253350,0,,single
1789802285,289440,1,,single
1789802287,839420,0,,single
1789802288,346950,0,,single
1789802290,1615060,1,,single
1789802291,1125110,0,,single
1789802293,597030,0,,single
1789802294,1182830,0,,single
1789802296,514580,0,,single
1789802297,1277500,0,,single
1789802299,2348650,2,,single
1789802300,2216600,7,,single
1789802302,1073810,0,,single
1789802303,1406020,2,,single
1789802305,651470,0,,single
1789802306,1198740,0,,single
1789802308,680830,0,,single
1789802309,368160,0,,single
1789802310,780820,0,,single
1789802312,1597400,0,,single
1789802313,1090670,2,,single
1789802315,1687960,0,,single
1789802316,838410,9,,single
1789802318,300340,0,,single
1789802319,866420,2,,single
1789802321,2516360,5,,single
1789802322,977500,1,,single
1789802324,350530,0,,single
1789802325,1272070,0,,single
1789802327,933540,15,,single
1789802328,1218890,0,,single
1789802330,976500,1,,single
1789802331,699780,0,,single
1789802332,587810,1,,single
1789802334,640340,3,,single
1789802335,399420,0,,single
1789802337,1079000,0,,single
1789802338,737870,3,,single
1789802340,734330,4,,single
1789802341,507380,1,,single
1789802343,904400,1,,single
1789802344,342490,0,,single
1789802346,2142330,0,,single
1789802347,557680,0,,single
1789802349,2114370,0,,single
1789802350,1660860,0,,single
1789802351,615770,3,,single
1789802353,1170370,0,,single
1789802354,679660,0,,single
1789802356,1046230,0,,single
1789802357,1056690,1,,single
1789802359,1603420,0,,single
1789802360,1013910,0,,single
1789802362,1717020,2,,single
1789802363,874460,1,,single
1789802365,1461200,0,,single
1789802366,964130,4,,single
1789802368,291930,0,,single
1789802369,532770,0,,single
1789802371,2400880,5,,single
1789802372,1745690,0,,single
1789802374,1383630,0,,single
1789802375,1454160,2,,single
1789802376,1109160,0,,single
1789802378,312790,0,,single
1789802379,2336590,1,,single
1789802381,1553320,0,,single
1789802382,204940,1,,single
1789802384,821610,2,,single
1789802385,262210,1,,single
1789802387,744050,0,,single
1789802388,521230,0,,single
1789802390,1173590,3,,single
1789802391,1240480,2,,single
1789802393,1338460,1,,single
1789802394,965600,3,,single
1789802396,1748660,0,,single
1789802397,377450,1,,single
1789802398,920520,0,,single
1789802400,1431350,1,,single
1789802401,2124470,8,,single
1789802403,794270,0,,single
1789802404,595460,0,,single
1789802406,1431040,0,,single
1789802407,1228500,0,,single
1789802409,1033170,1,,single
1789802410,552460,1,,single
1789802412,251450,0,,single
1789802413,491260,0,,single
1789802414,1811600,4,,single
1789802416,489020,0,,single
1789802417,1127970,0,,single
1789802419,573060,1,,single
1789802420,1895820,2,,single
1789802422,1731870,0,,single
1789802424,1621680,4,,single
1789802425,1400290,1,,single
1789802427,690120,1,,single
1789802429,1179060,0,,single
1789802431,264560,1,,single
1789802432,1835870,0,,single
1789802434,1227400,0,,single
1789802435,349520,1,,single
1789802437,1010670,4,,single
1789802438,1269820,3,,single
1789802439,2093000,1,,single
1789802441,648780,0,,single
1789802442,527190,0,,single
1789802444,395760,2,,single
1789802445,317300,0,,single
1789802447,1352740,0,,single
1789802448,1273220,0,,single
1789802450,613670,1,,single
1789802451,921070,1,,single
1789802453,709240,0,,single
1789802454,859700,0,,single
1789802455,1786010,2,,single
1789802457,2250550,2,,single
1789802458,1063790,1,,single
1789802460,396850,0,,single
1789802461,1700630,0,,single
1789802463,773430,0,,single
1789802464,597970,0,,single
1789802466,1155980,5,,single
1789802467,327930,2,,single
1789802468,1399700,1,,single
1789802470,200130,3,,single
1789802471,666940,0,,single
1789802473,1282760,1,,single
1789802474,1461030,3,,single
1789802476,970840,0,,single
1789802477,1094920,0,,single
1789802479,1077340,0,,single
1789802480,431280,0,,single
1789802482,370550,3,,single
1789802483,450440,0,,single
1789802484,1684670,0,,single
1789802486,2180550,0,,single
1789802487,990360,0,,single
1789802489,468930,0,,single
1789802490,579720,0,,single
1789802492,1575830,0,,single
1789802493,1916850,0,,single
1789802495,1826860,1,,single
1789802496,1808130,0,,single
1789802498,856890,0,,single
1789802499,1480810,6,,single
1789802500,1319550,0,,single
1789802502,344500,1,,single
1789802504,422630,1,,single
1789802505,389650,0,,single
1789802506,1968650,17,,single
1789802508,317970,0,,single
1789802509,2303800,4,,single
1789802511,1649630,0,,single
1789802512,1300700,1,,single
1789802514,990250,0,,single
1789802515,315850,0,,single
1789802516,1550870,1,,single
1789802518,1249010,1,,single
1789802519,858040,3,,single
1789802521,1562910,2,,single
1789802522,31880,1,,single
1789802524,2007930,0,,single
1789802525,2297010,7,,single
1789802527,355270,0,,single
1789802528,1058690,0,,single
1789802530,809000,0,,single
1789802531,1129250,0,,single
1789802532,396890,0,,single
1789802534,446000,0,,single
1789802536,555710,1,,single
1789802537,1247940,0,,single
1789802539,2000090,1,,single
1789802540,1307870,0,,single
1789802541,313870,0,,single
1789802543,204440,0,,single
1789802544,576480,3,,single
1789802546,454530,6,,single
1789802547,35300,4,,single
1789802549,1836030,7,,single
1789802550,1709350,0,,single
1789802552,2013120,0,,single
1789802553,1623420,0,,single
1789802555,2091960,0,,single
1789802556,2620500,0,,single
1789802558,1046660,0,,single
1789802559,327440,1,,single
1789802561,1947940,1,,single
1789802562,270770,0,,single
1789802564,2562240,0,,single
1789802565,574260,1,,single
1789802566,1379600,3,,single
1789802568,2398940,0,,single
1789802569,1750110,0,,single
1789802571,556160,0,,single
1789802572,1233540,1,,single
1789802574,1947530,1,,single
1789802575,31820,2,,single
1789802577,1882280,43,,single
1789802578,2402310,6,,single
1789802580,1878070,1,,single
1789802581,1388580,0,,single
1789802583,1451870,0,,single
1789802584,356910,0,,single
1789802586,1597290,0,,single
1789802587,870690,0,,single
1789802589,533970,0,,single
1789802590,720660,0,,single
1789802591,252730,0,,single
1789802593,992330,0,,single
1789802594,348440,0,,single
1789802596,2644010,13,,single
1789802597,1298080,0,,single
1789802599,331880,2,,single
1789802600,2486930,9,,single
1789802602,517330,0,,single
1789802603,347590,5,,single
1789802605,1114950,1,,single
1789802606,1302780,2,,single
1789802608,3430,3,,single
1789802609,435480,0,,single
1789802610,255960,0,,single
1789802612,337290,0,,single
1789802613,1378800,0,,single
1789802615,450140,11,,single
1789802616,1901810,0,,single
1789802618,746840,0,,single
1789802619,1452630,0,,single
1789802621,2225530,0,,single
1789802622,1280080,8,,single
1789802624,816270,0,,single
1789802625,1436920,0,,single
1789802627,384690,1,,single
1789802628,1346720,0,,single
1789802630,950300,0,,single
1789802631,262240,1,,single
1789802632,1803410,0,,single
1789802634,260330,1,,single
1789802635,817020,0,,single
1789802637,2281480,0,,single
1789802638,993170,2,,single
1789802640,1145290,0,,single
1789802641,1347600,0,,single
1789802643,2265310,0,,single
1789802644,1086860,1,,single
1789802645,541310,0,,single
1789802647,1012460,3,,single
1789802648,358360,1,,single
1789802650,2093900,0,,single
1789802651,1532460,0,,single
1789802653,2268560,2,,single
1789802654,509600,0,,single
1789802656,462620,1,,single
1789802657,781820,0,,single
1789802659,273750,0,,single
1789802660,938270,0,,single
1789802662,1539620,2,,single
1789802663,935570,0,,single
1789802664,338760,0,,single
1789802666,1466690,0,,single
1789802667,820540,0,,single
1789802669,257220,0,,single
1789802670,364510,0,,single
1789802672,291690,0,,single
1789802673,528720,0,,single
1789802675,313390,0,,single
1789802676,252970,2,,single
1789802677,378110,0,,single
1789802679,42220,4,,single
1789802680,332330,2,,single
1789802682,978470,0,,single
1789802683,615970,0,,single
1789802685,1441230,0,,single
1789802686,623580,1,,single
1789802688,1233950,0,,single
1789802689,950990,0,,single
1789802691,635390,1,,single
1789802692,1161640,1,,single
1789802694,302470,1,,single
1789802695,281060,5,,single
1789802696,315920,6,,single
1789802698,501970,0,,single
1789802699,1523390,0,,single
1789802701,1777750,1,,single
1789802702,457890,0,,single
1789802704,311910,1,,single
1789802705,574270,1,,single
1789802707,287720,0,,single
1789802708,1154120,0,,single
1789802710,788210,2,,single
1789802711,434430,0,,single
1789802713,15160,2,,single
1789802714,1475460,0,,single
1789802716,2360030,0,,single
1789802717,811070,2,,single
1789802718,486480,0,,single
1789802720,334850,0,,single
1789802721,567680,1,,single
1789802724,570490,2,,single
1789802725,2018130,0,,single
1789802726,284100,1,,single
1789802729,1963510,0,,single
1789802731,1311700,1,,single
1789802732,458030,4,,single
1789802734,2131200,1,,single
1789802735,429280,0,,single
1789802737,527750,7,,single
1789802738,33990,0,,single
1789802740,1413970,0,,single
1789802741,804870,0,,single
1789802743,1623700,2,,single
1789802744,1519060,3,,single
1789802746,853050,1,,single
1789802747,343340,0,,single
1789802748,415400,0,,single
1789802750,338840,3,,single
1789802751,277390,0,,single
1789802753,509560,2,,single
1789802754,298360,0,,single
1789802756,371100,0,,single
1789802757,2444000,0,,single
1789802759,727570,1,,single
1789802760,1210230,0,,single
1789802762,514660,0,,single
1789802763,540190,3,,single
1789802765,693700,0,,single
1789802766,794960,0,,single
1789802767,1173830,0,,single
1789802769,364820,0,,single
1789802770,1535780,0,,single
1789802772,1041710,44,,single
1789802773,1351450,0,,single
1789802775,590720,0,,single
1789802776,320630,1,,single
1789802778,585190,0,,single
1789802779,867050,0,,single
1789802781,1128900,0,,single
1789802782,15930,0,,single
1789802784,1289990,2,,single
1789802785,1324270,0,,single
1789802787,1039830,0,,single
1789802788,16120,7,,single
1789802790,2685490,0,,single
1789802791,2574840,0,,single
1789802792,15900,8,,single
1789802794,1154090,0,,single
1789802795,2464090,0,,single
1789802797,1612480,0,,single
1789802798,302490,1,,single
1789802800,1405810,0,,single
1789802801,1287800,1,,single
1789802803,1779460,0,,single
1789802804,381260,0,,single
1789802806,761170,1,,single
1789802807,2490910,44,,single
1789802809,572700,3,,single
1789802810,283820,1,,single
1789802812,1442170,0,,single
1789802813,525240,0,,single
1789802815,548330,2,,single
1789802816,277270,1,,single
1789802818,1084790,4,,single
1789802819,1745980,0,,single
1789802820,1048920,8,,single
1789802822,1966130,19,,single
1789802823,1157640,0,,single
1789802825,555630,0,,single
1789802826,1637140,0,,single
1789802828,704020,1,,single
1789802829,292240,2,,single
1789802831,1365010,1,,single
1789802832,1694430,16,,single
1789802834,2349830,0,,single
1789802835,4800590,858,,single
1789802837,4877110,18,,single
1789802838,4887360,3,,single
1789802839,4834070,31,,single
1789802841,4855760,1,,single
1789802842,4779560,87,,single
1789802844,4775410,3,,single
1789802845,4824420,63,,single
1789802847,4719730,2,,single
1789802848,4746070,211,,single
1789802850,18020,0,,single
1789802851,25930,0,,single
1789802853,31890,1,,single
1789802854,31920,3,,single
1789802856,35800,2,,single
1789802857,38130,15,,single
1789802859,63960,1,,single
1789802860,200490,0,,single
1789802861,229890,0,,single
1789802863,241300,2,,single
1789802864,245010,0,,single
1789802866,274880,0,,single
1789802867,291960,1,,single
1789802869,300320,2,,single
1789802870,319230,0,,single
1789802872,337880,0,,single
1789802873,342860,1,,single
1789802875,345440,17,,single
1789802876,368220,6,,single
1789802878,371460,0,,single
1789802879,388980,8,,single
1789802881,406160,1,,single
1789802882,412480,0,,single
1789802884,426050,0,,single
1789802885,432940,1,,single
1789802887,443370,3,,single
1789802888,464260,1,,single
1789802889,466490,0,,single
1789802891,482890,5,,single
1789802892,499420,1,,single
1789802894,513930,2,,single
1789802895,529890,0,,single
1789802897,546900,0,,single
1789802898,552780,2,,single
1789802900,554290,1,,single
1789802901,558780,0,,single
1789802902,560000,1,,single
1789802904,563190,1,,single
1789802905,567160,0,,single
1789802907,572740,4,,single
1789802908,575680,4,,single
1789802910,576960,0,,single
1789802911,581200,1,,single
1789802913,593900,1,,single
1789802914,599880,0,,single
1789802916,603010,0,,single
1789802917,616520,0,,single
1789802919,617710,0,,single
1789802920,632050,1,,single
1789802922,647040,0,,single
1789802923,653060,3,,single
1789802925,661680,0,,single
1789802926,675610,5,,single
1789802928,684000,5,,single
1789802929,703980,2,,single
1789802930,721390,0,,single
1789802932,729460,3,,single
1789802933,739720,0,,single
1789802935,743940,2,,single
1789802936,762520,0,,single
1789802938,770070,1,,single
1789802939,812840,0,,single
1789802940,826010,0,,single
1789802942,842130,0,,single
1789802943,885910,0,,single
1789802945,897630,2,,single
1789802946,928840,0,,single
1789802948,946780,0,,single
1789802949,951930,2,,single
1789802951,961010,2,,single
1789802952,976900,0,,single
1789802954,990090,0,,single
1789802955,1001040,2,,single
1789802956,1016250,0,,single
1789802958,1023740,0,,single
1789802959,1031270,2,,single
1789802961,1040630,0,,single
1789802962,1066630,2,,single
1789802964,1071240,0,,single
1789802965,1086620,1,,single
1789802967,1094870,1,,single
1789802968,1107230,0,,single
1789802970,1113780,0,,single
1789802971,1124060,0,,single
1789802973,1132070,0,,single
1789802974,1133930,0,,single
1789802976,1145130,0,,single
1789802977,1159500,0,,single
1789802979,1167700,0,,single
1789802980,1175190,1,,single
1789802982,1181000,5,,single
1789802983,1192610,0,,single
1789802985,1212100,0,,single
1789802986,1216870,0,,single
1789802987,1228360,0,,single
1789802989,1229390,0,,single
1789802990,1234730,31,,single
1789802992,1247190,1,,single
1789802993,1261760,0,,single
1789802995,1263620,0,,single
1789802996,1269500,9,,single
1789802998,1274200,0,,single
1789802999,1291660,0,,single
1789803000,1299290,3,,single
1789803002,1306180,2,,single
1789803003,1311570,3,,single
1789803005,1316760,1,,single
1789803006,1324030,2,,single
1789803008,1332990,0,,single
1789803009,1347630,1,,single
1789803011,1365760,7,,single
1789803012,1367690,2,,single
1789803014,1378360,0,,single
1789803015,1379550,0,,single
1789803017,1383570,3,,single
1789803018,1387350,1,,single
1789803019,1397110,0,,single
1789803021,1403740,5,,single
1789803023,1414650,0,,single
1789803025,1424050,1,,single
1789803026,1425250,1,,single
1789803028,1437850,21,,single
1789803029,1448610,0,,single
1789803031,1451680,0,,single
1789803033,1454640,0,,single
1789803034,1461980,8,,single
1789803036,1465710,1,,single
1789803037,1474930,4,,single
1789803039,1482700,7,,single
1789803040,1500180,1,,single
1789803042,1515490,0,,single
1789803043,1525890,1,,single
1789803045,1540060,0,,single
1789803046,1550270,0,,single
1789803048,1560770,0,,single
1789803049,1562920,3,,single
1789803051,1571990,0,,single
1789803052,1586880,1,,single
1789803054,1594130,1,,single
1789803055,1597910,0,,single
1789803057,1620030,2,,single
1789803058,1624380,0,,single
1789803059,1626620,1,,single
1789803061,1641240,0,,single
1789803062,1646350,0,,single
1789803064,1659050,7,,single
1789803065,1665280,1,,single
1789803067,1676870,0,,single
1789803068,1681880,0,,single
1789803070,1685460,65,,single
1789803071,1689190,0,,single
1789803073,1702430,1,,single
1789803074,1707400,0,,single
1789803076,1726750,0,,single
1789803077,1734890,0,,single
1789803079,1739650,0,,single
1789803080,1743080,1,,single
1789803082,1747890,0,,single
1789803083,1764700,1,,single
1789803085,1780070,8,,single
1789803086,1795180,0,,single
1789803088,1802850,0,,single
1789803089,1812410,1,,single
1789803091,1818940,10,,single
1789803092,1827650,11,,single
1789803094,1842690,10,,single
1789803095,1851610,4,,single
1789803097,1856900,0,,single
1789803098,1865010,1,,single
1789803100,1870150,12,,single
1789803101,1879950,0,,single
1789803102,1882190,1,,single
1789803104,1889890,3,,single
1789803105,1898830,946,,single
1789803107,1906830,8,,single
1789803108,1917850,1,,single
1789803110,1919040,2,,single
1789803111,1920540,0,,single
1789803112,1924180,0,,single
1789803114,1934300,7,,single
1789803115,1938050,5,,single
1789803117,1946300,0,,single
1789803118,1955340,0,,single
1789803120,1960830,6,,single
1789803121,1967220,15,,single
1789803123,1972550,0,,single
1789803124,1983690,16,,single
1789803126,1987480,51,,single
1789803127,1991980,2,,single
1789803129,2006730,0,,single
1789803130,2012140,0,,single
1789803131,2024390,2,,single
1789803133,2058340,0,,single
1789803135,2063480,0,,single
1789803136,2067350,2,,single
1789803137,2076260,10,,single
1789803139,2088360,2,,single
1789803140,2089450,31,,single
1789803142,2093610,1,,single
1789803143,2097890,0,,single
1789803145,2102490,13,,single
1789803146,2109060,1,,single
1789803148,2118540,0,,single
1789803149,2122090,2,,single
1789803150,2140570,2,,single
1789803152,2146170,23,,single
1789803153,2157210,0,,single
1789803155,2158740,0,,single
1789803156,2168150,0,,single
1789803158,2169140,0,,single
1789803159,2172900,4,,single
1789803161,2183070,0,,single
1789803162,2185870,25,,single
1789803163,2192900,24,,single
1789803165,2202220,0,,single
1789803166,2213500,0,,single
1789803168,2215410,2,,single
1789803169,2216960,0,,single
1789803171,2219890,1,,single
1789803172,2224740,1,,single
1789803174,2227130,6,,single
1789803175,2235150,3,,single
1789803177,2236590,1,,single
1789803178,2241380,23,,single
1789803180,2249850,0,,single
1789803181,2274480,0,,single
1789803183,2277090,2,,single
1789803184,2280060,267,,single
1789803186,2299510,16,,single
1789803187,2303320,1,,single
1789803188,2321350,1,,single
1789803190,2326590,0,,single
1789803191,2337460,1,,single
1789803193,2342150,1,,single
1789803194,2350280,3,,single
1789803195,2358040,1,,single
1789803197,2367610,4,,single
1789803198,2372330,43,,single
1789803200,2390480,3,,single
1789803201,2400960,3,,single
1789803203,2406370,0,,single
1789803204,2409110,7,,single
1789803206,2413840,0,,single
1789803207,2416880,0,,single
1789803209,2424110,1,,single
1789803210,2425410,0,,single
1789803211,2429190,7,,single
1789803213,2434730,272,,single
1789803214,2443090,0,,single
1789803216,2446680,0,,single
1789803218,2456120,0,,single
1789803219,2459490,8,,single
1789803220,2462060,1,,single
1789803222,2467300,0,,single
1789803223,2481670,0,,single
1789803225,2485350,1,,single
1789803226,2495050,139,,single
1789803228,2506110,0,,single
1789803229,2508210,0,,single
1789803231,2516990,0,,single
1789803232,2520870,1,,single
1789803234,2527450,1,,single
1789803235,2539910,3,,single
1789803237,2545220,0,,single
1789803238,2562460,0,,single
1789803240,2581370,14,,single
1789803241,2583300,0,,single
1789803243,2598800,1,,single
1789803244,2599950,0,,single
1789803245,2602020,8,,single
1789803247,2633500,14,,single
1789803248,2666550,1,,single
1789803250,2668910,0,,single
1789803251,2685380,0,,single
1789803253,2700540,3,,single
1789803254,2708790,4,,single
1789803256,2718240,9,,single
1789803257,2735220,1,,single
1789803259,2739700,3,,single
1789803260,2742150,1,,single
1789803262,2769210,2,,single
1789803263,2789770,2,,single
1789803265,2800840,2,,single
1789803266,2804680,0,,single
1789803268,2811200,3,,single
1789803269,2818150,9,,single
1789803271,2820130,35,,single
1789803272,2825210,1,,single
1789803273,2837600,5,,single
1789803275,2851700,3,,single
1789803276,2853130,1,,single
1789803278,2857000,2,,single
1789803279,2858370,4,,single
1789803281,2865220,1,,single
1789803282,2877480,3,,single
1789803284,2884190,0,,single
1789803285,2899980,2,,single
1789803287,2909250,0,,single
1789803288,2924310,0,,single
1789803289,2929170,41,,single
1789803291,2941660,14,,single
1789803292,2953560,2,,single
1789803294,2955590,1,,single
1789803295,2973120,10,,single
1789803297,2979220,0,,single
1789803298,2983350,0,,single
1789803300,2987750,0,,single
1789803301,2993720,1,,single
1789803303,2998750,2,,single
1789803304,3000030,57,,single
1789803305,3001330,2,,single
1789803307,3015620,4,,single
1789803308,3023490,1,,single
1789803310,3030250,0,,single
1789803311,3036380,0,,single
1789803313,3038340,0,,single
1789803314,3040220,0,,single
1789803316,3060630,5,,single
1789803317,3075800,1,,single
1789803319,3079970,1,,single
1789803321,3099840,5,,single
1789803323,3106510,1,,single
1789803325,3113680,1,,single
1789803326,3122170,0,,single
1789803328,3125890,2,,single
1789803330,3128950,0,,single
1789803332,3145320,3,,single
1789803333,3151830,0,,single
1789803335,3158260,3,,single
1789803336,3170410,2,,single
1789803338,3198680,1,,single
1789803339,3207880,1,,single
1789803341,3257360,1,,single
1789803342,3265280,0,,single
1789803344,3282700,1,,single
1789803345,3289090,1,,single
1789803346,3314340,271,,single
1789803348,3320800,1,,single
1789803349,3329420,3,,single
1789803351,3333890,0,,single
1789803352,3339330,15,,single
1789803354,3358360,0,,single
1789803355,3360110,6,,single
1789803357,3380740,0,,single
1789803358,3392420,1,,single
1789803360,3400650,0,,single
1789803361,3408020,4,,single
1789803363,3422450,11,,single
1789803364,3444050,3,,single
1789803366,3449590,5,,single
1789803367,3478200,0,,single
1789803369,3570430,2,,single
1789803370,3584190,1,,single
