ts,appid,concurrent,peak_in_game,src
1788958505,2070550,5,,single
1788958507,1055540,31,,single
1788958508,1586800,12,,single
1788958510,1740300,1,,single
1788958511,1567800,21,,single
1788958512,2073910,26,,single
1788958514,2869860,12,,single
1788958515,2124380,2,,single
1788958516,1405500,10,,single
1788958518,623080,6,,single
1788958519,1089980,110,,single
1788958521,413150,66677,,single
1788958522,1794680,5341,,single
1788958523,2231450,194,,single
1788958525,546560,192,,single
1788958526,2694490,79562,,single
1788958527,1623730,102028,,single
1788958529,420,35,,single
1788958530,15710,7,,single
1788958531,40800,71,,single
1788958533,200710,255,,single
1788958534,207690,10,,single
1788958536,209370,0,,single
1788958537,214490,205,,single
1788958538,219990,8692,,single
1788958540,227000,2,,single
1788958541,237740,0,,single
1788958543,239430,0,,single
1788958544,251270,7,,single
1788958545,264380,17,,single
1788958547,265610,8,,single
1788958548,274520,112,,single
1788958549,301860,0,,single
1788958551,310360,64,,single
1788958552,323320,0,,single
1788958554,324160,165,,single
1788958556,333600,39,,single
1788958557,337340,17,,single
1788958558,345180,8,,single
1788958560,353330,1,,single
1788958561,362890,452,,single
1788958563,373770,1,,single
1788958564,384190,12,,single
1788958565,385800,18,,single
1788958567,409660,0,,single
1788958568,418370,1500,,single
1788958569,449040,1,,single
1788958571,477870,6,,single
1788958572,483980,9,,single
1788958574,501590,29,,single
1788958575,508550,1,,single
1788958576,526870,12553,,single
1788958578,544330,2,,single
1788958579,562360,31,,single
1788958581,568770,11,,single
1788958582,580200,6,,single
1788958583,583470,12,,single
1788958585,602700,4,,single
1788958586,642090,3,,single
1788958588,665370,2,,single
1788958589,691450,2,,single
1788958590,729660,0,,single
1788958592,745920,100,,single
1788958593,764790,43,,single
1788958595,802880,55,,single
1788958596,829280,3,,single
1788958597,869760,0,,single
1788958599,894940,13,,single
1788958600,899770,907,,single
1788958601,913740,21,,single
1788958603,924070,1,,single
1788958604,951440,33,,single
1788958606,969760,1,,single
1788958607,976730,1769,,single
1788958608,1001270,106,,single
1788958610,1018850,0,,single
1788958611,1047220,2,,single
1788958613,1067310,5,,single
1788958614,1079260,70,,single
1788958615,1083790,2,,single
1788958617,1092710,13,,single
1788958618,1116580,28,,single
1788958619,1140270,7,,single
1788958621,1158160,1347,,single
1788958622,1169040,1058,,single
1788958623,1172450,13,,single
1788958625,1213700,13,,single
1788958626,1230140,120,,single
1788958628,1240210,46,,single
1788958629,1245620,36268,,single
1788958630,1277400,214,,single
1788958632,1307550,182,,single
1788958633,1337010,15,,single
1788958635,1369340,9,,single
1788958636,1380420,11,,single
1788958638,1441550,2,,single
1788958639,1477790,2,,single
1788958640,1516240,0,,single
1788958642,1549550,4,,single
1788958643,1587560,0,,single
1788958644,1599020,23,,single
1788958646,1629520,314,,single
1788958647,1658150,163,,single
1788958649,1709880,38,,single
1788958650,1733060,2,,single
1788958652,1772830,2,,single
1788958653,1819460,7,,single
1788958654,1895350,15,,single
1788958656,1924360,4,,single
1788958657,1944570,13,,single
1788958659,1948280,471,,single
1788958660,2007530,2,,single
1788958661,2238040,2,,single
1788958663,2246880,16,,single
1788958664,2256450,1,,single
1788958666,2276930,248,,single
1788958667,2313240,1,,single
1788958668,2356500,1,,single
1788958670,2415010,159,,single
1788958671,2479320,7,,single
1788958673,2525380,74,,single
1788958674,2637990,3,,single
1788958676,2788520,79,,single
1788958677,3027930,14,,single
1788958678,3069810,54,,single
1788958680,3263320,33,,single
1788958681,10,8979,,single
1788958682,240,2106,,single
1788958684,550,19090,,single
1788958685,2310,179,,single
1788958686,3480,130,,single
1788958688,4000,20088,,single
1788958689,6910,44,,single
1788958690,13230,14,,single
1788958692,22320,283,,single
1788958693,22380,2099,,single
1788958695,32440,112,,single
1788958696,33100,37,,single
1788958697,40970,539,,single
1788958699,70400,15,,single
1788958700,105600,50308,,single
1788958701,205100,477,,single
1788958703,207610,158,,single
1788958704,219150,245,,single
1788958705,223470,408,,single
1788958707,230290,291,,single
1788958708,236090,6,,single
1788958710,239030,241,,single
1788958711,242680,113,,single
1788958712,246420,400,,single
1788958714,250320,52,,single
1788958715,253230,65,,single
1788958716,261030,44,,single
1788958718,264710,3543,,single
1788958719,270880,4296,,single
1788958721,280220,138,,single
1788958722,288160,37,,single
1788958724,303590,0,,single
1788958725,312530,40,,single
1788958727,319630,360,,single
1788958728,341800,84,,single
1788958729,360740,13,,single
1788958731,367520,7651,,single
1788958732,407900,0,,single
1788958733,412830,325,,single
1788958735,418240,209,,single
1788958737,424280,6,,single
1788958738,427410,2551,,single
1788958740,433340,1122,,single
1788958741,434170,38,,single
1788958743,447530,92,,single
1788958744,457140,9077,,single
1788958745,466300,62,,single
1788958747,488860,119,,single
1788958748,508440,1880,,single
1788958749,519860,26,,single
1788958751,531510,62,,single
1788958752,548430,5332,,single
1788958754,557630,7,,single
1788958755,593280,50,,single
1788958757,597220,41,,single
1788958758,610370,151,,single
1788958760,615120,0,,single
1788958761,617670,17,,single
1788958763,646570,9611,,single
1788958764,667970,69,,single
1788958765,683320,87,,single
1788958767,736260,185,,single
1788958768,760890,8,,single
1788958770,774801,230,,single
1788958771,791470,21,,single
1788958772,805590,0,,single
1788958774,850190,166,,single
1788958775,858210,65,,single
1788958777,897330,471,,single
1788958778,909080,231,,single
1788958780,926990,260,,single
1788958781,990630,203,,single
1788958782,1040200,1053,,single
1788958784,1043810,30,,single
1788958785,1059990,50,,single
1788958787,1070710,6,,single
1788958788,1092590,6,,single
1788958789,1093910,15,,single
1788958791,1104380,3,,single
1788958792,1113000,1256,,single
1788958794,1123450,6,,single
1788958795,1127500,328,,single
1788958797,1162750,546,,single
1788958798,1171370,4,,single
1788958800,1178030,0,,single
1788958801,1201280,0,,single
1788958802,1211020,1028,,single
1788958804,1229490,1974,,single
1788958805,1255650,10,,single
1788958807,1269640,5,,single
1788958808,1275890,49,,single
1788958810,1283130,1,,single
1788958811,1285670,2,,single
1788958812,1288310,35,,single
1788958814,1292940,195,,single
1788958815,1293860,1,,single
1788958817,1328840,85,,single
1788958818,1333910,17,,single
1788958819,1353230,38,,single
1788958821,1366540,3249,,single
1788958822,1388770,32,,single
1788958824,1407420,2,,single
1788958825,1419860,3,,single
1788958826,1424330,64,,single
1788958828,1444350,9,,single
1788958829,1473350,90,,single
1788958831,1507580,10,,single
1788958833,1511860,0,,single
1788958834,1532510,1,,single
1788958836,1536610,355,,single
1788958838,1545990,4,,single
1788958839,1562700,129,,single
1788958841,1566410,14,,single
1788958842,1585180,75,,single
1788958844,1609230,47,,single
1788958845,1634860,34,,single
1788958846,1644940,16,,single
1788958848,1669980,606,,single
1788958849,1677770,54,,single
1788958851,1684930,36,,single
1788958852,1708150,11,,single
1788958853,1715460,1,,single
1788958855,1718910,0,,single
1788958856,1734320,5,,single
1788958858,1765350,4,,single
1788958859,1796580,2,,single
1788958861,1817000,4,,single
1788958862,1836730,15,,single
1788958864,1876590,13,,single
1788958865,1898500,8,,single
1788958866,1903340,4794,,single
1788958868,1931020,0,,single
1788958869,1935660,0,,single
1788958871,1955830,55,,single
1788958872,1967430,107,,single
1788958873,1986840,16,,single
1788958875,1999360,94,,single
1788958876,2011780,3,,single
1788958878,2056220,13,,single
1788958879,2060590,16,,single
1788958880,2088570,140,,single
1788958882,2097570,48,,single
1788958883,2112520,1,,single
1788958885,2128270,41,,single
1788958886,2135690,2,,single
1788958888,2162800,1799,,single
1788958889,2179850,24,,single
1788958890,2218750,280,,single
1788958892,2291760,76,,single
1788958893,2305840,68,,single
1788958894,2358720,26558,,single
1788958896,2369900,50,,single
1788958897,2379780,6777,,single
1788958899,2394650,16,,single
1788958900,2420510,429,,single
1788958901,2443360,1,,single
1788958903,2501600,34,,single
1788958904,2532550,11,,single
1788958906,2585830,19,,single
1788958907,2612680,6,,single
1788958908,2660460,144,,single
1788958910,2667430,0,,single
1788958911,2703850,15,,single
1788958913,2719060,4,,single
1788958914,2763670,2,,single
1788958915,2835570,1142,,single
1788958917,2878710,0,,single
1788958918,2883280,1,,single
1788958920,2929730,2,,single
1788958921,3068300,83,,single
1788958923,3084280,26,,single
1788958924,3108510,6,,single
1788958926,3191030,116,,single
1788958927,3195790,482,,single
1788958929,3247500,1,,single
1788958930,3361470,11,,single
1788958931,20,25,,single
1788958933,50,63,,single
1788958934,80,368,,single
1788958935,130,35,,single
1788958937,300,200,,single
1788958938,340,3,,single
1788958939,440,50713,,single
1788958941,730,1191102,,single
1788958942,1250,147,,single
1788958944,1510,7,,single
1788958945,1630,57,,single
1788958946,1700,6,,single
1788958948,2100,28,,single
1788958949,2270,15,,single
1788958951,2320,63,,single
1788958952,2400,1,,single
1788958954,2620,60,,single
1788958955,2700,32,,single
1788958956,2990,143,,single
1788958958,3310,64,,single
1788958959,3330,759,,single
1788958961,3540,52,,single
1788958962,3700,12,,single
1788958964,3900,553,,single
1788958965,3920,72,,single
1788958967,4560,71,,single
1788958968,4700,2945,,single
1788958969,4850,204,,single
1788958971,6010,7,,single
1788958972,6030,15,,single
1788958974,6200,3,,single
1788958975,6370,0,,single
1788958976,6800,60,,single
1788958978,6850,19,,single
1788958979,6920,6,,single
1788958981,7000,33,,single
1788958982,7610,33,,single
1788958984,7670,34,,single
1788958985,7800,3,,single
1788958986,7860,3,,single
1788958988,8000,65,,single
1788958989,8140,39,,single
1788958990,8190,90,,single
1788958992,8500,4089,,single
1788958993,8850,19,,single
1788958994,8930,12473,,single
1788958996,9010,45,,single
1788958997,9180,7,,single
1788958998,9340,25,,single
1788959000,9450,266,,single
1788959001,9900,991,,single
1788959002,10130,1,,single
1788959004,10180,365,,single
1788959005,10500,1801,,single
1788959006,11020,169,,single
1788959008,11450,20,,single
1788959009,12110,137,,single
1788959010,12140,39,,single
1788959012,12210,3575,,single
1788959013,12360,36,,single
1788959014,12710,35,,single
1788959016,12900,9,,single
1788959017,13250,2,,single
1788959018,13530,12,,single
1788959020,13600,20,,single
1788959021,15100,36,,single
1788959022,15200,11,,single
1788959024,15300,11,,single
1788959025,15390,8,,single
1788959026,15750,4,,single
1788959028,16810,284,,single
1788959029,17390,418,,single
1788959030,17440,21,,single
1788959032,17460,15,,single
1788959033,17480,527,,single
1788959034,17570,12,,single
1788959036,17740,1,,single
1788959037,19680,199,,single
1788959038,20530,3,,single
1788959040,20570,26,,single
1788959042,21000,98,,single
1788959043,21100,25,,single
1788959044,21690,823,,single
1788959046,21980,13,,single
1788959047,22180,1,,single
1788959048,22230,10,,single
1788959050,22600,30,,single
1788959051,24010,605,,single
1788959052,24240,49,,single
1788959054,24720,113,,single
1788959055,24780,251,,single
1788959056,24810,365,,single
1788959058,24980,4,,single
1788959059,25800,41,,single
1788959060,25890,51,,single
1788959062,26800,3,,single
1788959063,29180,3,,single
1788959064,31290,2,,single
1788959066,32360,23,,single
1788959067,32380,2,,single
1788959068,32430,34,,single
1788959070,32460,18,,single
1788959071,32800,14,,single
1788959073,33230,264,,single
1788959074,33600,9,,single
1788959075,33930,129,,single
1788959077,34030,962,,single
1788959078,34440,1,,single
1788959079,34830,20,,single
1788959081,35000,4,,single
1788959082,35450,77,,single
1788959083,35480,1,,single
1788959085,35720,41,,single
1788959086,38410,119,,single
1788959087,38720,0,,single
1788959089,39000,6,,single
1788959090,39150,89,,single
1788959091,39210,19293,,single
1788959093,39530,17,,single
1788959094,39670,1,,single
1788959095,39800,0,,single
1788959097,40300,95,,single
1788959098,40390,28,,single
1788959099,40720,0,,single
1788959101,40960,179,,single
1788959102,41000,69,,single
1788959103,41060,17,,single
1788959105,41100,9,,single
1788959106,41500,39,,single
1788959107,42670,15,,single
1788959109,42700,375,,single
1788959110,42960,238,,single
1788959111,45700,0,,single
1788959113,45760,147,,single
1788959114,46510,9,,single
1788959115,47810,334,,single
1788959117,48000,65,,single
1788959118,48190,203,,single
1788959120,49520,1650,,single
1788959121,50300,24,,single
1788959122,55110,4,,single
1788959124,55150,110,,single
1788959125,57640,2,,single
1788959126,58520,4,,single
1788959128,61700,19,,single
1788959129,63200,0,,single
1788959130,63610,4,,single
1788959132,63910,123,,single
1788959133,65300,11,,single
1788959134,65740,6,,single
1788959136,65800,143,,single
1788959137,70100,0,,single
1788959138,70600,20,,single
1788959140,71340,14,,single
1788959141,73010,11,,single
1788959142,78000,369,,single
1788959144,80330,0,,single
1788959145,91200,2,,single
1788959146,92800,9,,single
1788959148,94300,1,,single
1788959149,94590,1,,single
1788959150,97000,4,,single
1788959152,98200,1,,single
1788959153,98400,1,,single
1788959154,99900,201,,single
1788959156,102600,17,,single
1788959157,105000,9,,single
1788959158,107200,6,,single
1788959160,107310,0,,single
1788959161,108200,83,,single
1788959162,108710,409,,single
1788959164,109600,696,,single
1788959165,113200,219,,single
1788959166,115110,4,,single
1788959168,115800,3,,single
1788959169,200260,678,,single
1788959171,200900,16,,single
1788959172,201230,107,,single
1788959173,201790,29,,single
1788959175,201830,2,,single
1788959177,202170,22,,single
1788959178,202530,5,,single
1788959180,203140,323,,single
1788959181,203290,36,,single
1788959182,203630,29,,single
1788959184,203770,1128,,single
1788959185,204120,33,,single
1788959186,204300,34,,single
1788959188,204360,720,,single
1788959189,204530,9,,single
1788959190,204880,200,,single
1788959192,205610,30,,single
1788959193,205910,1,,single
1788959194,206420,144,,single
1788959196,206480,89,,single
1788959197,207080,1,,single
1788959198,207170,19,,single
1788959200,207320,13,,single
1788959201,207490,30,,single
1788959202,208090,0,,single
1788959204,208400,13,,single
1788959205,208500,20,,single
1788959207,208650,1682,,single
1788959208,209080,3,,single
1788959209,209170,43,,single
1788959211,209540,0,,single
1788959212,209660,16,,single
1788959213,211160,1,,single
1788959215,211600,16,,single
1788959216,211820,748,,single
1788959217,212480,28,,single
1788959219,212680,748,,single
1788959220,212800,0,,single
1788959221,213610,138,,single
1788959223,213850,14,,single
1788959224,214340,169,,single
1788959225,214510,152,,single
1788959227,214730,132,,single
1788959228,214830,1,,single
1788959229,214970,0,,single
1788959231,215470,0,,single
1788959232,216890,9,,single
1788959233,218060,1,,single
1788959235,218620,28631,,single
1788959236,219640,11,,single
1788959237,219890,4,,single
1788959239,220160,3,,single
1788959240,220260,28,,single
1788959241,220740,63,,single
1788959243,220860,0,,single
1788959244,221260,12,,single
1788959245,221540,42,,single
1788959247,221680,334,,single
1788959248,222420,55,,single
1788959249,222520,25,,single
1788959251,222750,11,,single
1788959252,223220,1,,single
1788959253,223510,0,,single
1788959255,223750,805,,single
1788959256,223850,493,,single
1788959258,224300,0,,single
1788959259,224480,13,,single
1788959260,224760,25,,single
1788959262,224900,0,,single
1788959263,224940,0,,single
1788959264,225080,2,,single
1788959266,225360,2,,single
1788959267,226620,7,,single
1788959268,226860,95,,single
1788959270,227100,2,,single
1788959271,227220,0,,single
1788959272,227580,2,,single
1788959274,228180,357,,single
1788959275,228260,21,,single
1788959276,228360,4,,single
1788959278,228760,12,,single
1788959279,230050,1,,single
1788959280,230190,59,,single
1788959282,230270,11,,single
1788959283,230820,24,,single
1788959285,231200,8,,single
1788959286,232010,11,,single
1788959287,232770,41,,single
1788959288,232810,0,,single
1788959290,233130,27,,single
1788959291,233270,17,,single
1788959292,233470,0,,single
1788959294,233700,7,,single
1788959295,233980,14,,single
1788959297,234270,12,,single
1788959298,234630,22,,single
1788959299,234670,35,,single
1788959301,235210,3,,single
1788959302,235460,235,,single
1788959303,235620,7,,single
1788959305,235900,236,,single
1788959306,236390,75114,,single
1788959307,236690,60,,single
1788959309,237110,25,,single
1788959310,237630,7,,single
1788959311,237930,5,,single
1788959313,238010,145,,single
1788959314,238210,9,,single
1788959315,239120,33,,single
1788959317,239350,58,,single
1788959318,240600,2,,single
1788959320,241240,11,,single
1788959321,241410,2,,single
1788959323,241600,45,,single
1788959324,242050,349,,single
1788959325,242640,37,,single
1788959327,242820,0,,single
1788959328,242880,2,,single
1788959329,242960,3,,single
1788959331,243470,599,,single
1788959332,243950,5,,single
1788959333,244030,3,,single
1788959335,244160,86,,single
1788959336,244430,3,,single
1788959338,244730,0,,single
1788959339,244870,0,,single
1788959340,245170,58,,single
1788959342,245450,28,,single
1788959343,245620,97,,single
1788959344,246620,550,,single
1788959346,247000,67,,single
1788959347,247080,107,,single
1788959348,247430,29,,single
1788959350,248170,124,,single
1788959351,248330,0,,single
1788959352,248570,28,,single
1788959354,248820,16,,single
1788959355,248970,5,,single
1788959356,249330,5,,single
1788959358,249870,4,,single
1788959359,250110,2,,single
1788959360,250260,6,,single
1788959362,250520,100,,single
1788959363,250760,35,,single
1788959364,251130,5,,single
1788959366,251290,26,,single
1788959367,251570,32383,,single
1788959369,251990,8,,single
1788959370,252110,14,,single
1788959371,252150,3,,single
1788959373,252470,4,,single
1788959374,252610,150,,single
1788959376,252690,1,,single
1788959377,252950,11695,,single
1788959378,253110,4,,single
1788959380,253430,13,,single
1788959381,253750,3,,single
1788959382,253840,3,,single
1788959384,254200,14,,single
1788959385,254460,0,,single
1788959386,254960,14,,single
1788959388,255710,9475,,single
1788959389,256330,11,,single
1788959390,257030,0,,single
1788959392,257350,380,,single
1788959393,257730,5,,single
1788959394,258180,2,,single
1788959396,259060,8,,single
1788959397,259530,0,,single
1788959398,259680,132,,single
1788959400,260210,3,,single
1788959401,260430,39,,single
1788959402,261180,2,,single
1788959404,261510,0,,single
1788959405,261570,172,,single
1788959406,262060,6745,,single
1788959408,262280,27,,single
1788959409,262690,0,,single
1788959410,262940,11,,single
1788959412,263300,1,,single
1788959413,263760,5,,single
1788959414,264140,3,,single
1788959416,265890,3,,single
1788959417,266010,6,,single
1788959418,266310,3,,single
1788959420,266430,6,,single
1788959421,266840,538,,single
1788959422,268130,9,,single
1788959424,268420,2,,single
1788959425,268540,12,,single
1788959427,268850,256,,single
1788959428,269030,0,,single
1788959429,269710,4,,single
1788959430,269950,422,,single
1788959432,270150,209,,single
1788959433,270450,0,,single
1788959434,271590,63716,,single
1788959436,272040,0,,single
1788959437,272510,20,,single
1788959438,273110,181,,single
1788959440,274230,2,,single
1788959441,274900,0,,single
1788959443,274940,17,,single
1788959444,275200,0,,single
1788959445,275850,8109,,single
1788959447,277590,8,,single
1788959448,278360,4,,single
1788959449,279800,1,,single
1788959451,281640,13,,single
1788959452,281990,10371,,single
1788959454,282400,27,,single
1788959455,282530,4,,single
1788959456,282800,184,,single
1788959458,283290,1,,single
1788959459,283960,7,,single
1788959460,284390,2,,single
1788959462,284770,1,,single
1788959463,284850,5,,single
1788959464,285160,88,,single
1788959466,285310,149,,single
1788959467,285380,3,,single
1788959468,285740,11,,single
1788959470,285900,269,,single
1788959471,286040,63,,single
1788959472,286160,4432,,single
1788959474,286340,0,,single
1788959475,287290,210,,single
1788959476,287450,541,,single
1788959478,287980,143,,single
1788959479,289070,36807,,single
1788959480,289520,99,,single
1788959482,289930,25,,single
1788959483,290100,20,,single
1788959484,290340,45,,single
1788959486,290770,0,,single
1788959487,291650,268,,single
1788959488,292180,0,,single
1788959490,292730,534,,single
1788959491,292990,130,,single
1788959492,293260,25,,single
1788959494,293780,10,,single
1788959495,294810,1,,single
1788959497,296490,99,,single
1788959498,296870,0,,single
1788959499,298030,91,,single
1788959501,298160,5,,single
1788959502,298610,44,,single
1788959503,299030,0,,single
1788959505,299680,0,,single
1788959506,300550,20,,single
1788959507,301190,1,,single
1788959509,301640,72,,single
1788959510,301760,8,,single
1788959511,302610,2,,single
1788959513,302710,1,,single
1788959514,303310,66,,single
1788959515,304240,305,,single
1788959517,304410,192,,single
1788959518,304930,15023,,single
1788959519,306020,130,,single
1788959521,306660,6,,single
1788959522,307070,0,,single
1788959523,307230,2,,single
1788959525,307640,4,,single
1788959526,307690,656,,single
1788959527,307960,162,,single
1788959529,308600,98,,single
1788959530,310080,1,,single
1788959531,310560,58,,single
1788959533,311210,3793,,single
1788959534,311310,251,,single
1788959535,311560,155,,single
1788959537,312370,13,,single
1788959538,312520,1881,,single
1788959539,312670,39,,single
1788959541,313120,313,,single
1788959542,313340,38,,single
1788959543,313500,25,,single
1788959545,314160,361,,single
1788959546,314410,7,,single
1788959547,314520,0,,single
1788959549,314830,204,,single
1788959550,315460,9,,single
1788959551,316430,9,,single
1788959553,316790,6,,single
1788959554,317820,3,,single
1788959555,318130,2,,single
1788959557,319050,1,,single
1788959558,319870,1,,single
1788959559,320040,2,,single
1788959561,320300,11,,single
1788959562,321360,23,,single
1788959563,321800,89,,single
1788959565,322190,5,,single
1788959566,322290,2,,single
1788959567,322450,12,,single
1788959569,322680,3,,single
1788959570,322920,3,,single
1788959572,323190,1880,,single
1788959573,323580,1,,single
1788959574,323850,15,,single
1788959575,324310,8,,single
1788959577,324800,67,,single
1788959578,325260,0,,single
1788959580,326180,1,,single
1788959581,326460,204,,single
1788959582,327090,2,,single
1788959584,327400,137,,single
1788959585,327640,1,,single
1788959586,328080,20,,single
1788959588,329050,221,,single
1788959589,329110,988,,single
1788959590,329970,17,,single
1788959592,330830,25,,single
1788959593,331480,2,,single
1788959594,331670,8,,single
1788959596,332310,43,,single
1788959597,332800,33,,single
1788959598,333420,677,,single
1788959600,333930,29,,single
1788959601,334540,0,,single
1788959603,334940,14,,single
1788959604,335240,713,,single
1788959605,335670,13,,single
1788959607,337000,142,,single
1788959608,338170,2,,single
1788959609,339280,2,,single
1788959611,339610,112,,single
1788959612,341310,8,,single
1788959613,342310,4,,single
1788959615,342580,5,,single
1788959616,343780,64,,single
1788959617,344770,2,,single
1788959619,345660,2,,single
1788959620,346110,17714,,single
1788959621,346560,1,,single
1788959623,346940,17,,single
1788959624,348360,6,,single
1788959625,348710,3,,single
1788959627,350080,103,,single
1788959628,351510,6,,single
1788959629,351910,0,,single
1788959631,352400,127,,single
1788959632,352720,45,,single
1788959634,353380,0,,single
1788959635,353700,0,,single
1788959636,354160,28,,single
1788959638,355050,4,,single
1788959639,355180,3,,single
1788959640,355980,10,,single
1788959642,356500,93,,single
1788959643,356570,38,,single
1788959644,357190,89,,single
1788959646,357480,5,,single
1788959647,358130,28,,single
1788959648,359320,3717,,single
1788959650,359900,0,,single
1788959651,360640,5,,single
1788959652,360830,10,,single
1788959654,361420,1938,,single
1788959655,361990,1,,single
1788959656,362930,33,,single
1788959658,363130,10,,single
1788959659,363890,655,,single
1788959660,364360,263,,single
1788959662,365300,3,,single
1788959663,365450,41,,single
1788959664,366090,115,,single
1788959666,366870,0,,single
1788959667,367580,1,,single
1788959668,368180,1,,single
1788959670,368260,616,,single
1788959671,368390,20,,single
1788959672,368620,2,,single
1788959674,370240,30,,single
1788959675,370910,1,,single
1788959676,371570,3,,single
1788959678,372360,25,,single
1788959679,373180,0,,single
1788959680,373420,649,,single
1788959682,374040,82,,single
1788959683,374280,94,,single
1788959684,375480,75,,single
1788959686,375820,10,,single
1788959687,375950,55,,single
1788959688,376300,2,,single
1788959690,377840,277,,single
1788959691,378610,2,,single
1788959692,379720,490,,single
1788959694,380600,4020,,single
1788959695,381020,2,,single
1788959696,382110,45,,single
1788959698,382490,4,,single
1788959699,383120,665,,single
1788959700,383870,52,,single
1788959702,384180,173,,single
1788959703,384630,1,,single
1788959704,385770,142,,single
1788959706,386260,3,,single
1788959707,386620,17,,single
1788959708,386940,414,,single
1788959710,388080,443,,single
1788959711,388210,16,,single
1788959712,388880,6,,single
1788959714,389170,4,,single
1788959715,389730,817,,single
1788959716,390670,0,,single
1788959718,391220,2821,,single
1788959719,391540,2373,,single
1788959721,392110,426,,single
1788959722,393190,0,,single
1788959723,393430,2,,single
1788959724,394360,39193,,single
1788959726,394690,89,,single
1788959727,395170,3,,single
1788959729,396650,0,,single
1788959730,396750,27,,single
1788959731,397060,34,,single
1788959733,397350,96,,single
1788959734,397460,15,,single
1788959735,398710,13,,single
1788959737,399120,0,,single
1788959738,399820,2,,single
1788959739,400630,5,,single
1788959741,401680,15,,single
1788959742,402560,4,,single
1788959743,403640,555,,single
1788959745,404410,80,,single
1788959746,404790,2453,,single
1788959747,405310,151,,single
1788959749,405710,10,,single
1788959750,405830,10,,single
1788959752,406150,8,,single
1788959753,406350,22,,single
1788959754,406970,2,,single
1788959756,407530,6,,single
1788959757,408900,1,,single
1788959758,409590,1,,single
1788959760,410110,29,,single
1788959761,410340,743,,single
1788959762,410890,44,,single
1788959764,410980,126,,single
1788959765,412740,0,,single
1788959766,413710,2,,single
1788959768,414740,7,,single
1788959769,415420,4,,single
1788959770,417430,2,,single
1788959772,418070,9,,single
1788959773,418340,3,,single
1788959774,418500,1,,single
1788959776,418650,5,,single
1788959777,420000,52,,single
1788959778,420440,22,,single
1788959780,421020,26,,single
1788959781,421050,20,,single
1788959782,422900,23,,single
1788959784,424030,40,,single
1788959785,425210,1,,single
1788959786,427250,5,,single
1788959788,428430,6,,single
1788959789,428660,7,,single
1788959791,429050,156,,single
1788959792,429680,3,,single
1788959794,429790,105,,single
1788959795,431180,2,,single
1788959796,431600,20,,single
1788959798,431730,5966,,single
1788959799,433550,2,,single
1788959801,434030,7,,single
1788959802,435120,114,,single
1788959803,435400,13,,single
1788959805,435790,1,,single
1788959806,436320,0,,single
1788959807,437920,66,,single
1788959809,438100,40172,,single
1788959810,438270,4,,single
1788959811,438640,23,,single
1788959813,440310,13,,single
1788959814,440540,4,,single
1788959816,441550,43,,single
1788959817,444090,659,,single
1788959818,444640,195,,single
1788959820,445190,15,,single
1788959821,445310,63,,single
1788959822,446800,95,,single
1788959824,447040,1911,,single
1788959825,447150,2,,single
1788959826,448280,27,,single
1788959828,448510,384,,single
1788959829,449610,15,,single
1788959831,450390,9,,single
1788959832,451340,221,,single
1788959833,452570,4,,single
1788959835,454120,3,,single
1788959836,455400,10,,single
1788959837,456670,14,,single
1788959839,457210,2,,single
1788959840,457760,1,,single
1788959841,458770,7,,single
1788959843,460810,16,,single
1788959844,461620,15,,single
1788959845,463530,627,,single
1788959847,464350,45,,single
1788959848,464920,240,,single
1788959850,466170,1145,,single
1788959851,466560,1457,,single
1788959853,467960,54,,single
1788959854,469600,710,,single
1788959855,470260,0,,single
1788959857,471710,37,,single
1788959858,473950,17,,single
1788959859,474960,53,,single
1788959861,475190,3,,single
1788959862,476460,62,,single
1788959863,476620,166,,single
1788959865,477740,126,,single
1788959866,478980,11,,single
1788959868,480430,11,,single
1788959869,481110,0,,single
1788959870,482400,61,,single
1788959872,482920,117,,single
1788959873,485460,4,,single
1788959875,485980,26,,single
1788959876,486860,36,,single
1788959878,488550,5,,single
1788959879,489520,251,,single
1788959880,489830,19735,,single
1788959882,490920,12,,single
1788959883,491130,0,,single
1788959884,491540,327,,single
1788959886,492230,4,,single
1788959887,493340,507,,single
1788959889,493900,96,,single
1788959890,494840,606,,single
1788959891,495280,33,,single
1788959893,495890,1,,single
1788959894,497180,17,,single
1788959895,499180,7,,single
1788959897,499520,5,,single
1788959898,500810,21,,single
1788959899,501300,84,,single
1788959901,502370,13,,single
1788959902,502520,308,,single
1788959903,503560,99,,single
1788959905,504210,28,,single
1788959906,505170,10,,single
1788959908,506500,3,,single
1788959909,507490,60,,single
1788959910,508980,5,,single
1788959912,510050,1,,single
1788959913,511470,9,,single
1788959915,512790,16,,single
1788959916,513780,0,,single
1788959917,516110,0,,single
1788959919,517630,234,,single
1788959920,517790,77,,single
1788959922,518150,1,,single
1788959923,520530,0,,single
1788959924,522470,27,,single
1788959926,523780,4,,single
1788959927,525360,0,,single
1788959929,525620,9,,single
1788959930,528200,44,,single
1788959931,529340,6510,,single
1788959933,530320,1,,single
1788959934,532110,287,,single
1788959936,533300,1,,single
1788959939,535520,1,,single
1788959941,537110,13,,single
1788959942,538100,3,,single
1788959944,539470,59,,single
1788959945,540840,5,,single
1788959946,541210,57,,single
1788959948,543870,31,,single
1788959949,544550,386,,single
1788959951,544810,4809,,single
1788959952,547860,0,,single
1788959954,551730,4,,single
1788959955,552080,0,,single
1788959956,552500,3106,,single
1788959958,552920,0,,single
1788959959,553210,2,,single
1788959960,553420,198,,single
1788959962,553540,61,,single
1788959963,553850,48218,,single
1788959965,555000,1,,single
1788959966,555880,0,,single
1788959967,557600,26,,single
1788959969,558260,4,,single
1788959970,559210,0,,single
1788959972,559650,15,,single
1788959973,561600,13,,single
1788959974,562220,2,,single
1788959976,562810,21,,single
1788959977,563560,238,,single
1788959979,564310,110,,single
1788959980,564710,53,,single
1788959981,566160,0,,single
1788959983,567630,142,,single
1788959984,568220,1883,,single
1788959986,569480,170,,single
1788959987,571260,39,,single
1788959988,571740,122,,single
1788959990,572430,16,,single
1788959991,573090,1144,,single
1788959993,573120,27,,single
1788959994,574310,1,,single
1788959995,574740,4,,single
1788959997,575720,160,,single
1788959998,577690,11,,single
1788960000,577940,18,,single
1788960001,578330,194,,single
1788960003,579950,0,,single
1788960004,580720,10,,single
1788960005,581660,10,,single
1788960007,582500,248,,single
1788960008,583010,32,,single
1788960010,584400,82,,single
1788960011,585410,24,,single
1788960012,585710,16,,single
1788960014,586030,0,,single
1788960015,587430,3,,single
1788960017,587620,42,,single
1788960018,588040,7,,single
1788960019,589290,300,,single
1788960021,589870,53,,single
1788960022,591460,270,,single
1788960024,592260,12,,single
1788960025,592600,1,,single
1788960026,593960,1,,single
1788960028,594650,36443,,single
1788960029,595280,0,,single
1788960031,595520,278,,single
1788960032,597180,454,,single
1788960034,598550,9,,single
1788960035,598960,25,,single
1788960036,599140,2269,,single
1788960038,599750,1,,single
1788960039,600480,62,,single
1788960040,601220,2,,single
1788960042,601510,1599,,single
1788960043,602320,296,,single
1788960045,603850,507,,single
1788960046,604330,2,,single
1788960048,605740,75,,single
1788960049,606500,3,,single
1788960050,609110,1,,single
1788960052,609940,1,,single
1788960053,610360,0,,single
1788960055,611980,0,,single
1788960056,613830,154,,single
1788960057,616110,8,,single
1788960059,617480,18,,single
1788960060,618140,13,,single
1788960062,619150,7,,single
1788960063,619700,0,,single
1788960065,619910,0,,single
1788960066,620980,294,,single
1788960067,621060,144,,single
1788960069,623280,1,,single
1788960070,624270,71,,single
1788960072,626610,15,,single
1788960073,627690,2187,,single
1788960074,628770,6,,single
1788960076,629730,283,,single
1788960077,631510,392,,single
1788960079,632300,700,,single
1788960080,633060,7,,single
1788960082,633230,310,,single
1788960083,634160,1,,single
1788960085,635320,0,,single
1788960086,636150,22,,single
1788960088,637850,1,,single
1788960089,638230,38,,single
1788960090,639170,0,,single
1788960092,640590,43,,single
1788960093,641080,20,,single
1788960094,641960,2,,single
1788960096,643270,0,,single
1788960097,645090,1,,single
1788960099,645790,0,,single
1788960100,646500,11,,single
1788960101,647830,203,,single
1788960103,648350,146,,single
1788960104,648410,33,,single
1788960106,648800,11622,,single
1788960107,653530,143,,single
1788960108,655500,1672,,single
1788960110,657240,3,,single
1788960111,658700,12,,single
1788960112,660160,22,,single
1788960114,663380,0,,single
1788960115,665300,850,,single
1788960117,666150,154,,single
1788960118,666570,28,,single
1788960119,667530,24,,single
1788960121,667720,24,,single
1788960122,668210,7,,single
1788960124,670160,3,,single
1788960125,671610,7,,single
1788960126,671860,251,,single
1788960128,673130,7,,single
1788960129,673750,433,,single
1788960131,673950,243,,single
1788960132,674520,0,,single
1788960133,674940,259,,single
1788960135,675260,39,,single
1788960136,677620,12,,single
1788960138,678950,329,,single
1788960139,679110,3,,single
1788960140,680360,4,,single
1788960142,681730,0,,single
1788960143,684410,68,,single
1788960145,688420,173,,single
1788960146,690040,33,,single
1788960147,691260,5,,single
1788960149,694280,926,,single
1788960150,696220,3,,single
1788960152,698540,11,,single
1788960153,699170,46,,single
1788960154,701160,2442,,single
1788960156,702810,0,,single
1788960157,704450,543,,single
1788960159,704920,15,,single
1788960160,706020,0,,single
1788960161,709920,37,,single
1788960163,711980,15,,single
1788960166,712730,5,,single
1788960167,716640,0,,single
1788960169,718560,44,,single
1788960171,719750,0,,single
1788960173,720350,2,,single
1788960174,720620,87,,single
1788960176,722730,16,,single
1788960177,725340,1,,single
1788960179,726110,9,,single
1788960181,726830,4,,single
1788960182,727850,4,,single
1788960183,728880,6005,,single
1788960186,729040,288,,single
1788960187,731040,90,,single
1788960188,732050,11,,single
1788960190,732430,4,,single
1788960191,733790,7,,single
1788960193,734750,59,,single
1788960194,735290,3,,single
1788960196,736190,472,,single
1788960197,736850,7,,single
1788960198,739630,9212,,single
1788960200,741510,2,,single
1788960201,742420,246,,single
1788960203,743390,4,,single
1788960204,746580,1,,single
1788960205,747610,56,,single
1788960207,748300,3,,single
1788960208,748490,59,,single
1788960210,750920,1508,,single
1788960211,752590,1188,,single
1788960213,753640,1076,,single
1788960214,754150,39,,single
1788960215,755500,23,,single
1788960217,756800,308,,single
1788960218,757240,8,,single
1788960220,757480,4,,single
1788960221,758330,14,,single
1788960222,758690,123,,single
1788960224,758990,16,,single
1788960225,760160,6,,single
1788960227,761600,65,,single
1788960228,761830,77,,single
1788960230,762650,6,,single
1788960232,763890,94,,single
1788960233,765810,9,,single
1788960235,766370,2,,single
1788960237,769560,428,,single
1788960238,770810,111,,single
1788960241,773370,1,,single
1788960242,774201,10,,single
1788960243,774791,2,,single
1788960245,775500,81,,single
1788960246,777390,89,,single
1788960248,780310,1848,,single
1788960249,782670,59,,single
1788960251,784080,987,,single
1788960252,784950,454,,single
1788960253,785790,17,,single
1788960255,786520,1625,,single
1788960256,789660,8,,single
1788960258,790740,26,,single
1788960259,790850,1,,single
1788960261,792100,14,,single
1788960262,792300,22,,single
1788960263,793350,3,,single
1788960265,794800,41,,single
1788960266,795420,24,,single
1788960268,797400,26,,single
1788960269,797430,108,,single
1788960270,798460,45,,single
1788960272,798840,61,,single
1788960273,799600,384,,single
1788960275,800270,301,,single
1788960276,801550,9,,single
1788960277,803050,50,,single
1788960279,804010,2,,single
1788960280,805550,2085,,single
1788960282,807120,56,,single
1788960283,809020,8,,single
1788960285,810040,9,,single
1788960286,812040,2,,single
1788960287,813230,50,,single
1788960289,813780,17259,,single
1788960290,814000,66,,single
1788960292,815370,7435,,single
1788960293,816090,68,,single
1788960295,817510,2,,single
1788960296,818320,36,,single
1788960297,820520,2,,single
1788960299,822240,61,,single
1788960300,823500,19,,single
1788960301,824000,7,,single
1788960303,824720,1,,single
1788960304,828740,18,,single
1788960306,829590,65,,single
1788960307,831980,13,,single
1788960309,834280,8,,single
1788960310,834910,186,,single
1788960311,837470,148,,single
1788960313,838630,3,,single
1788960314,839910,2,,single
1788960316,840800,4,,single
1788960317,841370,123,,single
1788960318,842780,306,,single
1788960320,843380,603,,single
1788960321,843810,6,,single
1788960323,844590,10,,single
1788960324,845880,2,,single
1788960326,846030,46,,single
1788960327,846470,3,,single
1788960328,847370,33,,single
1788960330,848450,760,,single
1788960331,850320,20,,single
1788960333,852220,2,,single
1788960334,853550,8,,single
1788960336,855010,7,,single
1788960337,855860,42,,single
1788960338,858710,92,,single
1788960340,858820,178,,single
1788960341,860510,433,,single
1788960342,860950,25,,single
1788960344,861540,101,,single
1788960345,864060,2,,single
1788960347,865540,1,,single
1788960348,866140,8,,single
1788960350,866800,46,,single
1788960351,868270,1,,single
1788960352,870200,56,,single
1788960354,871720,127,,single
1788960355,872790,543,,single
1788960356,874260,40,,single
1788960358,876650,25,,single
1788960359,878670,5,,single
1788960361,881020,4906,,single
1788960362,881320,14,,single
1788960363,883360,3,,single
1788960365,884660,94,,single
1788960366,885970,948,,single
1788960368,890550,4,,single
1788960369,891040,236,,single
1788960370,893850,63,,single
1788960372,895400,498,,single
1788960373,896160,5,,single
1788960374,897450,59,,single
1788960376,898750,235,,single
1788960377,898920,389,,single
1788960379,905340,13,,single
1788960380,908100,5,,single
1788960382,913060,4,,single
1788960383,914010,6,,single
1788960384,914800,21,,single
1788960386,915320,25,,single
1788960387,916440,2249,,single
1788960389,917150,1,,single
1788960390,918570,47,,single
1788960392,922320,18,,single
1788960393,925570,3,,single
1788960394,926140,25,,single
1788960396,934840,2,,single
1788960397,936720,14,,single
1788960399,937170,11,,single
1788960400,937580,28,,single
1788960401,939100,0,,single
1788960403,939620,1,,single
1788960404,940710,16,,single
1788960406,942970,194,,single
1788960407,945360,5914,,single
1788960408,946720,0,,single
1788960410,949290,18,,single
1788960411,950100,1,,single
1788960413,950740,6,,single
1788960414,952290,1,,single
1788960415,953490,125,,single
1788960417,954870,4,,single
1788960418,956030,29,,single
1788960420,958400,10,,single
1788960421,960690,13,,single
1788960422,961200,928,,single
1788960424,962400,210,,single
1788960425,963710,1,,single
1788960427,964350,1,,single
1788960428,964800,12,,single
1788960429,965230,12,,single
1788960431,965680,44,,single
1788960432,966320,1,,single
1788960434,966610,103,,single
1788960435,968250,16,,single
1788960437,970500,44,,single
1788960438,973580,275,,single
1788960439,973810,12,,single
1788960441,976010,1,,single
1788960442,977400,6239,,single
1788960444,978300,228,,single
1788960445,978520,52,,single
1788960447,979080,1,,single
1788960448,979120,65,,single
1788960449,979920,207,,single
1788960451,980610,182,,single
1788960453,981890,5,,single
1788960454,982290,4,,single
1788960455,984780,17,,single
1788960457,986130,164,,single
1788960458,987020,0,,single
1788960460,988910,7,,single
1788960461,991170,22,,single
1788960462,994140,0,,single
1788960464,995980,8,,single
1788960465,996580,225,,single
1788960467,997380,17,,single
1788960468,998740,25,,single
1788960469,1000360,31,,single
1788960471,1003590,64,,single
1788960472,1004750,47,,single
1788960474,1005930,15,,single
1788960475,1009560,57,,single
1788960476,1010750,15,,single
1788960478,1010890,0,,single
1788960479,1012110,15,,single
1788960481,1012790,16,,single
1788960482,1012880,182,,single
1788960484,1013320,2049,,single
1788960485,1016920,374,,single
1788960487,1018010,8,,single
1788960488,1018800,6,,single
1788960489,1019310,0,,single
1788960491,1020790,312,,single
1788960492,1021210,78,,single
1788960493,1022310,1,,single
1788960495,1024380,0,,single
1788960496,1025440,54,,single
1788960498,1026820,7,,single
1788960499,1028310,219,,single
1788960500,1029550,68,,single
1788960502,1031140,5,,single
1788960503,1032790,3,,single
1788960504,1036890,7,,single
1788960506,1038250,26,,single
1788960507,1038450,2,,single
1788960509,1040070,4,,single
1788960510,1042550,1797,,single
1788960511,1043390,1,,single
1788960513,1046030,28,,single
1788960514,1046930,1131,,single
1788960516,1049280,9,,single
1788960517,1051200,2,,single
1788960519,1052990,48,,single
1788960520,1054490,525,,single
1788960522,1054800,2,,single
1788960523,1057700,3,,single
1788960524,1058430,3,,single
1788960526,1058640,4,,single
1788960527,1058770,40,,single
1788960529,1059120,0,,single
1788960531,1060230,16,,single
1788960532,1061180,0,,single
1788960534,1062090,6740,,single
1788960535,1062140,5,,single
1788960538,1062830,3,,single
1788960540,1063660,75,,single
1788960541,1064610,8,,single
1788960543,1066260,0,,single
1788960544,1066890,645,,single
1788960546,1068820,872,,single
1788960547,1069640,19,,single
1788960548,1069660,430,,single
1788960550,1069740,29,,single
1788960551,1070580,34,,single
1788960553,1072040,568,,single
1788960554,1072420,240,,single
1788960555,1073390,26,,single
1788960557,1075190,36,,single
1788960558,1076160,74,,single
1788960560,1077520,1,,single
1788960561,1078730,9,,single
1788960562,1078920,0,,single
1788960564,1079800,4,,single
1788960565,1080750,8,,single
1788960566,1082180,40,,single
1788960568,1084600,1262,,single
1788960569,1085220,2,,single
1788960570,1085660,14186,,single
1788960572,1087280,10,,single
1788960573,1088790,117,,single
1788960575,1089090,419,,single
1788960576,1089830,8,,single
1788960577,1092630,5,,single
1788960579,1094000,1,,single
1788960580,1094780,446,,single
1788960582,1096900,1451,,single
1788960583,1097150,407,,single
1788960584,1097840,211,,single
1788960586,1099640,2,,single
1788960587,1100260,36,,single
1788960589,1100620,74,,single
1788960590,1101120,52,,single
1788960591,1102130,7,,single
1788960593,1105670,407,,single
1788960594,1107300,1,,single
1788960596,1109570,14,,single
1788960597,1110100,0,,single
1788960598,1112890,4,,single
1788960600,1114220,16,,single
1788960601,1115640,4,,single
1788960603,1116880,7,,single
1788960604,1119730,808,,single
1788960605,1120810,8,,single
1788960607,1122050,0,,single
1788960608,1122680,8,,single
1788960610,1123770,73,,single
1788960611,1124180,116,,single
1788960612,1126310,17,,single
1788960614,1127700,65,,single
1788960615,1129220,1,,single
1788960617,1129580,2378,,single
1788960618,1131190,2,,single
1788960619,1134100,14,,single
1788960621,1134710,260,,single
1788960622,1135690,104,,single
1788960624,1137460,8,,single
1788960625,1138190,155,,single
1788960626,1138850,22,,single
1788960628,1139890,2,,single
1788960629,1139980,1136,,single
1788960631,1140290,7,,single
1788960632,1141550,1,,single
1788960634,1142500,12,,single
1788960635,1144030,4,,single
1788960636,1144200,9325,,single
1788960638,1146310,5,,single
1788960639,1147560,599,,single
1788960641,1147860,94,,single
1788960642,1148650,7,,single
1788960643,1149460,7184,,single
1788960645,1150590,0,,single
1788960646,1150950,2,,single
1788960647,1151080,1,,single
1788960649,1152340,2,,single
1788960651,1153640,9,,single
1788960652,1154790,1,,single
1788960653,1155330,5,,single
1788960655,1156990,70,,single
1788960656,1157390,84,,single
1788960658,1158370,8,,single
1788960659,1158940,16,,single
1788960660,1159560,12,,single
1788960662,1160490,10,,single
1788960663,1161490,26,,single
1788960665,1161590,37,,single
1788960666,1163550,80,,single
1788960668,1164050,3,,single
1788960669,1164940,105,,single
1788960670,1166860,195,,single
1788960672,1167630,2322,,single
1788960673,1168660,10,,single
1788960675,1170080,22,,single
1788960676,1172470,243002,,single
1788960678,1172650,11,,single
1788960679,1173510,1680,,single
1788960680,1173790,45,,single
1788960682,1173810,123,,single
1788960683,1174180,44643,,single
1788960684,1176470,882,,single
1788960686,1178160,26,,single
1788960687,1179080,9,,single
1788960689,1180660,50,,single
1788960690,1181840,0,,single
1788960691,1182310,11,,single
1788960693,1182900,686,,single
1788960695,1184160,3,,single
1788960696,1186740,1,,single
1788960698,1188930,209,,single
1788960699,1190000,1284,,single
1788960700,1190970,2713,,single
1788960702,1191580,6,,single
1788960703,1191900,3,,single
1788960705,1194810,11,,single
1788960706,1195460,3,,single
1788960708,1196630,33,,single
1788960709,1197570,9,,single
1788960710,1199030,26,,single
1788960712,1201240,1616,,single
1788960713,1201540,67,,single
1788960715,1202200,56,,single
1788960716,1203190,152,,single
1788960718,1203630,5,,single
1788960719,1204050,131,,single
1788960720,1205450,2,,single
1788960722,1205970,129,,single
1788960723,1206560,1456,,single
1788960724,1207650,308,,single
1788960726,1210250,10,,single
1788960727,1211600,127,,single
1788960729,1213210,680,,single
1788960730,1214470,46,,single
1788960732,1216320,114,,single
1788960733,1217060,1053,,single
1788960734,1220010,399,,single
1788960736,1221250,12,,single
1788960737,1222300,15,,single
1788960738,1222730,37,,single
1788960740,1224290,11,,single
1788960741,1227280,8,,single
1788960742,1227650,17,,single
1788960744,1229240,83,,single
1788960745,1229900,2,,single
1788960747,1231880,8,,single
1788960748,1232580,40,,single
1788960749,1233410,5,,single
1788960751,1233590,1,,single
1788960752,1236720,134,,single
1788960754,1237970,1332,,single
1788960755,1238840,8131,,single
1788960756,1239080,497,,single
1788960758,1239320,22,,single
1788960759,1240590,2,,single
1788960760,1241950,22,,single
1788960762,1243850,16,,single
1788960763,1244460,530,,single
1788960765,1244800,64,,single
1788960766,1245540,1,,single
1788960768,1249040,9,,single
1788960769,1250410,2808,,single
1788960771,1252780,194,,single
1788960772,1254370,4,,single
1788960773,1257360,4,,single
1788960775,1258080,3338,,single
1788960776,1259840,19,,single
1788960778,1260320,5814,,single
1788960779,1260810,5,,single
1788960780,1262350,98,,single
1788960782,1262540,237,,single
1788960783,1262580,292,,single
1788960784,1263230,1,,single
1788960786,1264250,38,,single
1788960787,1265820,76,,single
1788960789,1266030,10,,single
1788960790,1267470,2,,single
1788960791,1267910,4557,,single
1788960793,1269950,11,,single
1788960794,1271280,2,,single
1788960796,1272010,7,,single
1788960797,1272320,891,,single
1788960798,1273400,1234,,single
1788960800,1273710,16,,single
1788960801,1275350,86,,single
1788960802,1278480,97,,single
1788960804,1280780,88,,single
1788960805,1281630,284,,single
1788960807,1282410,13,,single
1788960808,1283190,25,,single
1788960809,1283410,106,,single
1788960811,1286220,1333,,single
1788960813,1286320,14,,single
1788960814,1286580,210,,single
1788960815,1286830,3101,,single
1788960817,1288320,157,,single
1788960818,1289380,27,,single
1788960819,1289810,53,,single
1788960821,1291010,77,,single
1788960822,1291500,1,,single
1788960824,1293170,1,,single
1788960825,1294420,1,,single
1788960826,1294760,11,,single
1788960828,1295500,142,,single
1788960829,1295920,26,,single
1788960830,1297160,0,,single
1788960832,1299460,12,,single
1788960833,1301720,21,,single
1788960835,1304550,12,,single
1788960836,1305420,10,,single
1788960839,1307890,181,,single
1788960841,1309950,2,,single
1788960842,1310520,0,,single
1788960843,1313140,2362,,single
1788960845,1315980,3,,single
1788960846,1316910,5,,single
1788960847,1319460,3,,single
1788960849,1323420,0,,single
1788960850,1324530,8,,single
1788960852,1328350,24,,single
1788960853,1329500,36,,single
1788960854,1329880,9,,single
1788960856,1330470,29,,single
1788960857,1331440,1,,single
1788960858,1332720,177,,single
1788960860,1335530,1,,single
1788960862,1335790,53,,single
1788960863,1336490,1763,,single
1788960864,1336980,1998,,single
1788960866,1337760,40,,single
1788960867,1338330,5,,single
1788960868,1338770,643,,single
1788960870,1339000,5,,single
1788960871,1340990,448,,single
1788960873,1342330,130,,single
1788960874,1342890,0,,single
1788960875,1343370,1062,,single
1788960877,1343670,74,,single
1788960878,1345890,9,,single
1788960880,1347030,3,,single
1788960881,1347780,28,,single
1788960882,1348300,11,,single
1788960884,1350840,21,,single
1788960885,1351630,17,,single
1788960886,1352850,8,,single
1788960888,1354830,4,,single
1788960889,1356810,45,,single
1788960891,1357870,11,,single
1788960892,1359980,22,,single
1788960893,1360390,3,,single
1788960895,1361000,5,,single
1788960896,1361510,124,,single
1788960897,1363430,25,,single
1788960899,1364100,6,,single
1788960900,1364290,34,,single
1788960902,1364780,36728,,single
1788960903,1366800,31452,,single
1788960905,1367550,318,,single
1788960906,1369630,239,,single
1788960907,1369760,21,,single
1788960909,1371720,16,,single
1788960910,1372320,3,,single
1788960912,1372810,31,,single
1788960913,1373960,37,,single
1788960914,1375740,0,,single
1788960916,1377150,25,,single
1788960917,1377380,305,,single
1788960918,1378290,7,,single
1788960920,1380910,28,,single
1788960921,1384160,1604,,single
1788960923,1385380,252,,single
1788960924,1386900,5,,single
1788960925,1389550,9,,single
1788960927,1389990,46,,single
1788960928,1390410,5,,single
1788960929,1392960,79,,single
1788960931,1395560,4,,single
1788960932,1397390,2,,single
1788960934,1398740,3,,single
1788960935,1402110,6,,single
1788960937,1404850,154,,single
1788960938,1407200,8105,,single
1788960939,1408610,133,,single
1788960941,1410640,20,,single
1788960942,1411740,50,,single
1788960944,1413870,4,,single
1788960945,1414850,1,,single
1788960946,1416230,6,,single
1788960948,1416920,143,,single
1788960949,1418630,1719,,single
1788960950,1419850,41,,single
1788960952,1420770,58,,single
1788960953,1421790,5,,single
1788960955,1422440,84,,single
1788960956,1426010,0,,single
1788960957,1426450,111,,single
1788960959,1430420,9,,single
1788960960,1431610,4,,single
1788960962,1432860,449,,single
1788960963,1434950,56,,single
1788960964,1435790,268,,single
1788960966,1436990,99,,single
1788960967,1437820,139,,single
1788960968,1440440,2,,single
1788960970,1442430,339,,single
1788960971,1444480,197,,single
1788960973,1447000,10,,single
1788960974,1448030,1,,single
1788960975,1449200,54,,single
1788960977,1449690,898,,single
1788960978,1450830,15,,single
1788960979,1451190,356,,single
1788960981,1451740,0,,single
1788960982,1454400,8931,,single
1788960984,1455660,26,,single
1788960985,1456200,44,,single
1788960986,1456940,0,,single
1788960988,1460090,0,,single
1788960989,1462040,4037,,single
1788960990,1462570,8,,single
1788960992,1463730,2,,single
1788960993,1466060,782,,single
1788960994,1466860,12413,,single
1788960996,1468260,653,,single
1788960997,1469610,83,,single
1788960998,1472660,31,,single
1788961000,1476340,1,,single
1788961001,1477070,116,,single
1788961002,1477830,2595,,single
1788961004,1478220,294,,single
1788961005,1482380,6,,single
1788961007,1483870,1174,,single
1788961008,1484800,1,,single
1788961010,1486630,39,,single
1788961011,1487270,4,,single
1788961012,1490890,15,,single
1788961014,1491670,4,,single
1788961015,1494440,0,,single
1788961016,1497440,32,,single
1788961018,1501610,72,,single
1788961019,1504500,10,,single
1788961020,1509510,212,,single
1788961022,1509960,239,,single
1788961023,1511460,33,,single
1788961025,1511670,1,,single
1788961026,1514930,2,,single
1788961027,1517290,1203,,single
1788961029,1521580,12,,single
1788961030,1522820,151,,single
1788961031,1525700,119,,single
1788961033,1527910,5,,single
1788961034,1532200,51,,single
1788961035,1534980,188,,single
1788961037,1536090,50,,single
1788961039,1538970,10,,single
1788961040,1540210,27,,single
1788961041,1543280,5,,single
1788961043,1545450,35,,single
1788961044,1546310,1,,single
1788961045,1546400,38,,single
1788961047,1547890,36,,single
1788961048,1552350,9,,single
1788961050,1554790,14,,single
1788961051,1556200,47,,single
1788961053,1556980,0,,single
1788961054,1557990,0,,single
1788961055,1559600,59,,single
1788961057,1562430,488,,single
1788961058,1564090,0,,single
1788961059,1567020,34,,single
1788961061,1569040,1350,,single
1788961062,1569520,4,,single
1788961064,1570010,11,,single
1788961065,1570330,0,,single
1788961066,1573280,11,,single
1788961068,1574310,0,,single
1788961069,1574820,165,,single
1788961071,1575870,36,,single
1788961072,1576060,5,,single
1788961073,1578650,55,,single
1788961075,1579380,39,,single
1788961076,1580520,23,,single
1788961078,1582650,32,,single
1788961079,1583320,609,,single
1788961080,1587130,45,,single
1788961082,1589120,33,,single
1788961083,1590760,22,,single
1788961084,1592190,202,,single
1788961086,1592290,29,,single
1788961087,1592670,0,,single
1788961089,1594940,332,,single
1788961090,1598160,0,,single
1788961091,1599560,0,,single
1788961093,1599880,4,,single
1788961094,1601580,579,,single
1788961095,1602080,7,,single
1788961097,1603640,8,,single
1788961098,1604030,3417,,single
1788961099,1606180,179,,single
1788961101,1607680,50,,single
1788961102,1608230,42,,single
1788961104,1608640,18,,single
1788961105,1610440,75,,single
1788961107,1611410,111,,single
1788961108,1611600,1014,,single
1788961109,1612620,0,,single
1788961111,1615290,26,,single
1788961112,1620340,27,,single
1788961113,1621310,59,,single
1788961115,1622770,20,,single
1788961116,1624540,55,,single
1788961117,1626890,0,,single
1788961119,1628130,0,,single
1788961120,1630920,2,,single
1788961122,1634150,13,,single
1788961123,1637320,940,,single
1788961124,1638220,103,,single
1788961126,1644320,270,,single
1788961127,1645820,831,,single
1788961129,1648390,155,,single
1788961131,1649730,156,,single
1788961132,1650010,237,,single
1788961134,1651960,1,,single
1788961135,1656780,44,,single
1788961136,1658040,69,,single
1788961138,1659040,4020,,single
1788961139,1660080,238,,single
1788961141,1663040,21,,single
1788961142,1664220,15,,single
1788961143,1668510,32,,single
1788961145,1669000,1364,,single
1788961146,1669420,21,,single
1788961148,1674170,392,,single
1788961149,1676130,6,,single
1788961150,1677280,5159,,single
1788961152,1677740,2614,,single
1788961153,1681430,292,,single
1788961154,1682060,32,,single
1788961156,1684350,109,,single
1788961157,1689620,190,,single
1788961158,1693980,704,,single
1788961160,1696440,60,,single
1788961161,1697700,24,,single
1788961163,1700270,102,,single
1788961164,1701380,11,,single
1788961166,1703340,65,,single
1788961167,1707650,8,,single
1788961168,1709900,4,,single
1788961170,1711610,5,,single
1788961171,1712840,10,,single
1788961173,1715730,0,,single
1788961174,1718870,112,,single
1788961175,1723780,68,,single
1788961177,1730250,17,,single
1788961178,1730700,20,,single
1788961180,1732430,19,,single
1788961181,1735950,25,,single
1788961182,1739010,23,,single
1788961184,1743850,7,,single
1788961185,1746930,5,,single
1788961186,1750570,0,,single
1788961188,1754840,1,,single
1788961189,1761380,84,,single
1788961190,1761620,6,,single
1788961192,1764530,62,,single
1788961193,1768280,26,,single
1788961194,1769420,11,,single
1788961196,1771980,15,,single
1788961197,1779200,15,,single
1788961198,1782330,1,,single
1788961200,1785150,30,,single
1788961201,1789480,9,,single
1788961203,1792250,52,,single
1788961204,1796470,191,,single
1788961205,1798010,100,,single
1788961206,1801520,3,,single
1788961208,1804010,5,,single
1788961209,1811040,3,,single
1788961211,1811950,62,,single
1788961212,1812090,59,,single
1788961214,1812620,4604,,single
1788961215,1816300,23,,single
1788961216,1817190,959,,single
1788961218,1818750,13,,single
1788961219,1822910,1,,single
1788961220,1824220,1563,,single
1788961222,1831250,18,,single
1788961223,1835240,7,,single
1788961224,1837220,4,,single
1788961226,1839810,12,,single
1788961227,1839940,19,,single
1788961228,1843090,1,,single
1788961230,1844380,5,,single
1788961231,1846380,807,,single
1788961232,1848450,4,,single
1788961234,1849900,2,,single
1788961235,1850480,0,,single
1788961237,1850570,1476,,single
1788961238,1859280,19,,single
1788961239,1860510,107,,single
1788961241,1863750,18,,single
1788961242,1866880,10,,single
1788961243,1871990,0,,single
1788961245,1874490,88,,single
1788961246,1875060,11,,single
1788961248,1879380,16,,single
1788961249,1881420,15,,single
1788961251,1882500,22,,single
1788961252,1885110,5,,single
1788961253,1887400,15,,single
1788961255,1888160,1340,,single
1788961256,1889640,0,,single
1788961257,1892420,0,,single
1788961259,1894430,53,,single
1788961260,1895300,57,,single
1788961261,1898290,13,,single
1788961263,1900340,12,,single
1788961264,1902960,25,,single
1788961265,1904540,2418,,single
1788961267,1909420,2,,single
1788961268,1911390,10,,single
1788961270,1913210,4,,single
1788961271,1915510,51,,single
1788961273,1920480,10,,single
1788961274,1922560,838,,single
1788961275,1927740,28,,single
1788961277,1931730,8,,single
1788961278,1932570,2,,single
1788961280,1933700,3,,single
1788961281,1934680,1746,,single
1788961282,1938010,72,,single
1788961284,1939970,32,,single
1788961285,1943950,8773,,single
1788961286,1944790,29,,single
1788961288,1946700,7,,single
1788961289,1949960,0,,single
1788961290,1952370,13,,single
1788961292,1954200,76,,single
1788961293,1955330,2,,single
1788961294,1956800,132,,single
1788961296,1958220,94,,single
1788961297,1963570,36,,single
1788961298,1967260,14,,single
1788961300,1967630,139,,single
1788961301,1970580,133,,single
1788961302,1971650,1492,,single
1788961304,1975440,24,,single
1788961305,1978590,43,,single
1788961306,1980530,22,,single
1788961308,1983260,24,,single
1788961309,1988550,17,,single
1788961311,1990110,39,,single
1788961312,2000950,1989,,single
1788961314,2008920,37,,single
1788961315,2011470,4,,single
1788961316,2013730,11,,single
1788961318,2015240,31,,single
1788961319,2019810,23,,single
1788961321,2024070,7,,single
1788961322,2026820,100,,single
1788961323,2051620,3162,,single
1788961325,2056210,30,,single
1788961326,2058190,504,,single
1788961328,2059660,4,,single
1788961329,2060160,472,,single
1788961330,2064650,243,,single
1788961332,2066020,457,,single
1788961333,2067790,2,,single
1788961335,2068280,94,,single
1788961336,2069310,529,,single
1788961337,2073250,87,,single
1788961339,2075070,6,,single
1788961340,2076140,7,,single
1788961341,2080690,1050,,single
1788961343,2085360,3,,single
1788961344,2088160,14,,single
1788961345,2093910,9,,single
1788961347,2096600,125,,single
1788961348,2097230,5,,single
1788961350,2103130,185,,single
1788961351,2104890,1153,,single
1788961352,2108330,124,,single
1788961354,2111170,42,,single
1788961355,2114740,730,,single
1788961356,2118810,33,,single
1788961358,2120900,5,,single
1788961359,2124420,1,,single
1788961360,2128480,142,,single
1788961362,2131640,164,,single
1788961363,2134770,23,,single
1788961364,2138710,528,,single
1788961366,2140510,166,,single
1788961367,2144740,73,,single
1788961368,2155180,260,,single
1788961370,2161700,6967,,single
1788961371,2166060,6,,single
1788961372,2169200,602,,single
1788961374,2172010,58,,single
1788961375,2180340,5,,single
1788961377,2181720,4,,single
1788961378,2182400,11,,single
1788961379,2183900,19753,,single
1788961381,2186320,539,,single
1788961382,2187290,72,,single
1788961383,2194530,186,,single
1788961385,2195250,1393,,single
1788961386,2196790,2,,single
1788961388,2205850,116,,single
1788961389,2206270,51,,single
1788961390,2208570,393,,single
1788961392,2211170,223,,single
1788961393,2215430,3099,,single
1788961394,2217000,174,,single
1788961396,2221490,4645,,single
1788961397,2230280,6,,single
1788961398,2230980,214,,single
1788961400,2233120,17,,single
1788961401,2237970,54,,single
1788961402,2239150,404,,single
1788961404,2244130,269,,single
1788961405,2248760,800,,single
1788961407,2252680,12,,single
1788961408,2271930,332,,single
1788961409,2272400,13,,single
1788961411,2273430,1775,,single
1788961412,2273980,104,,single
1788961414,2277320,8,,single
1788961415,2287520,10,,single
1788961416,2289650,63,,single
1788961418,2290180,413,,single
1788961419,2292260,8,,single
1788961420,2296990,107,,single
1788961422,2300320,27714,,single
1788961423,2302660,44,,single
1788961424,2304990,8,,single
1788961426,2314160,19,,single
1788961427,2318480,8,,single
1788961428,2322010,1916,,single
1788961430,2328480,30,,single
1788961431,2330500,14,,single
1788961432,2334730,144,,single
1788961434,2338770,794,,single
1788961435,2348100,8,,single
1788961436,2353250,38,,single
1788961438,2356780,288,,single
1788961439,2357910,10,,single
1788961441,2366970,8,,single
1788961442,2370570,252,,single
1788961443,2379390,15,,single
1788961445,2380050,119,,single
1788961446,2383990,5,,single
1788961447,2389240,0,,single
1788961449,2399160,53,,single
1788961450,2400160,52,,single
1788961451,2400510,51,,single
1788961453,2401970,311,,single
1788961454,2410170,21,,single
1788961455,2419090,13,,single
1788961457,2420660,24,,single
1788961458,2427700,1967,,single
1788961459,2435900,3,,single
1788961461,2441270,5,,single
1788961462,2446600,73,,single
1788961464,2461850,26,,single
1788961465,2475490,39,,single
1788961466,2477340,84,,single
1788961468,2479830,49,,single
1788961469,2488370,674,,single
1788961471,2497920,26,,single
1788961472,2502760,51,,single
1788961473,2506160,19,,single
1788961475,2511500,261,,single
1788961476,2514960,6,,single
1788961477,2521180,1,,single
1788961479,2523120,3,,single
1788961480,2527390,32,,single
1788961481,2533960,7,,single
1788961483,2536840,6,,single
1788961484,2551020,1294,,single
1788961486,2552450,631,,single
1788961487,2555430,191,,single
1788961488,2561580,464,,single
1788961490,2575900,1,,single
1788961491,2582560,76,,single
1788961492,2593370,118,,single
1788961494,2595860,0,,single
1788961495,2597970,1,,single
1788961496,2612700,3,,single
1788961498,2629330,3,,single
1788961499,2634950,319,,single
1788961500,2644610,57,,single
1788961502,2649080,14,,single
1788961503,2651330,2,,single
1788961504,2653940,5,,single
1788961506,2658450,12,,single
1788961507,2667120,72,,single
1788961508,2669410,15,,single
1788961510,2674590,73,,single
1788961511,2676840,32,,single
1788961512,2679460,1948,,single
1788961514,2687970,2,,single
1788961515,2688950,1524,,single
1788961516,2693930,44,,single
1788961518,2695490,35,,single
1788961519,2698780,184,,single
1788961520,2707900,68,,single
1788961522,2708450,22,,single
1788961523,2716400,58,,single
1788961525,2719160,79,,single
1788961526,2726450,7,,single
1788961527,2742830,955,,single
1788961529,2761670,151,,single
1788961530,2776450,421,,single
1788961531,2784470,856,,single
1788961533,2797340,31,,single
1788961534,2816950,57,,single
1788961535,2824660,12,,single
1788961537,2826180,256,,single
1788961538,2828860,189,,single
1788961540,2849080,633,,single
1788961541,2853730,512,,single
1788961542,2873080,95,,single
1788961544,2878980,4014,,single
1788961545,2888980,1,,single
1788961546,2903560,9,,single
1788961548,2916430,255,,single
1788961549,2928280,3,,single
1788961550,2933080,141,,single
1788961552,2956820,6,,single
1788961553,2961880,47,,single
1788961554,2967990,95,,single
1788961556,2976720,5,,single
1788961557,3014080,179,,single
1788961558,3019370,0,,single
1788961560,3024540,2,,single
1788961561,3035500,239,,single
1788961563,3058630,743,,single
1788961564,3061810,260,,single
1788961565,3107230,21,,single
1788961567,3112260,230,,single
1788961568,3121110,287,,single
1788961569,3126470,5,,single
1788961571,3149840,19,,single
1788961572,3156770,414,,single
1788961573,3168600,60,,single
1788961575,3176060,18,,single
1788961576,3188550,13,,single
1788961577,3218600,7,,single
1788961579,3228180,4,,single
1788961580,3244220,50,,single
1788961581,3272300,0,,single
1788961583,3371240,23,,single
1788961584,3402530,106,,single
1788961586,3454590,98,,single
1788961587,990080,8493,,single
1788961588,1546970,197,,single
1788961590,1547000,755,,single
1788961591,40,4,,single
1788961592,1900,6,,single
1788961594,2210,16,,single
1788961595,2420,0,,single
1788961596,2500,0,,single
1788961598,2640,19,,single
1788961599,3300,40,,single
1788961600,3710,2,,single
1788961602,3980,8,,single
1788961603,4770,14,,single
1788961604,6040,3,,single
1788961606,6120,2,,single
1788961607,6310,6,,single
1788961608,6510,9,,single
1788961610,6870,4,,single
1788961611,6900,17,,single
1788961612,7510,155,,single
1788961614,7600,50,,single
1788961615,7660,13,,single
1788961617,9160,0,,single
1788961618,9480,128,,single
1788961620,10220,5,,single
1788961621,11610,4,,single
1788961622,12150,58,,single
1788961624,12830,6,,single
1788961625,13520,53,,single
1788961626,13560,11,,single
1788961628,15120,16,,single
1788961629,15190,8,,single
1788961630,15370,294,,single
1788961632,15700,10,,single
1788961633,16450,30,,single
1788961635,17080,0,,single
1788961636,17430,12,,single
1788961637,18040,2,,single
1788961639,19000,11,,single
1788961640,19830,12,,single
1788961641,19980,5,,single
1788961643,20550,1,,single
1788961644,20920,585,,single
1788961645,21120,9,,single
1788961647,21680,1,,single
1788961648,21800,6,,single
1788961650,22120,3,,single
1788961651,22300,28,,single
1788961652,22350,11,,single
1788961654,22450,2,,single
1788961655,22650,0,,single
1788961656,23530,2,,single
1788961658,24800,393,,single
1788961659,24870,4,,single
1788961660,42890,14,,single
1788961662,26500,3,,single
1788961663,28000,5,,single
1788961664,31170,5,,single
1788961666,32390,2,,single
1788961667,33460,1,,single
1788961668,34270,27,,single
1788961670,37400,0,,single
1788961671,38420,22,,single
1788961672,39120,158,,single
1788961674,39190,46,,single
1788961675,39690,10,,single
1788961677,40990,87,,single
1788961678,41900,2,,single
1788961679,42170,0,,single
1788961681,42990,5,,single
1788961682,44340,1,,single
1788961683,45750,3,,single
1788961685,46560,19,,single
1788961686,47410,451,,single
1788961687,47800,12,,single
1788961689,47920,5,,single
1788961690,48240,50,,single
1788961692,49470,7,,single
1788961693,50130,262,,single
1788961694,55100,11,,single
1788961696,57650,6,,single
1788961697,57740,23,,single
1788961698,61500,7,,single
1788961700,63500,2,,single
1788961701,63700,0,,single
1788961702,63950,0,,single
1788961704,65930,13,,single
1788961705,67370,48,,single
1788961707,71250,54,,single
1788961708,73020,12,,single
1788961709,91600,4,,single
1788961711,92100,8,,single
1788961712,93200,0,,single
1788961713,96100,2,,single
1788961715,99300,2,,single
1788961716,102840,7,,single
1788961717,105800,0,,single
1788961719,110800,270,,single
1788961720,111900,0,,single
1788961721,113420,2,,single
1788961723,200170,39,,single
1788961724,201290,7,,single
1788961725,201510,1,,single
1788961727,202310,7,,single
1788961728,202990,266,,single
1788961730,203650,2,,single
1788961731,204060,2,,single
1788961733,204180,0,,single
1788961734,205230,0,,single
1788961736,205730,0,,single
1788961737,205990,20,,single
1788961738,208520,13,,single
1788961740,208730,2,,single
1788961741,209060,1,,single
1788961743,209120,0,,single
1788961744,209670,7,,single
1788961745,209950,6,,single
1788961747,210970,146,,single
1788961748,211400,1,,single
1788961749,211780,9,,single
1788961751,212160,122,,single
1788961752,212390,0,,single
1788961753,213670,208,,single
1788961755,214360,5,,single
1788961756,214870,6,,single
1788961757,215100,62,,single
1788961759,215510,0,,single
1788961760,215690,1,,single
1788961761,215830,1,,single
1788961763,216150,184,,single
1788961764,216910,1,,single
1788961765,217140,4,,single
1788961767,217750,48,,single
1788961768,217920,0,,single
1788961770,218230,411,,single
1788961771,218640,9,,single
1788961773,218820,2,,single
1788961774,219950,0,,single
1788961775,220660,4,,single
1788961777,220820,5,,single
1788961778,221100,34460,,single
1788961779,221810,3,,single
1788961781,222640,0,,single
1788961782,222980,1,,single
1788961783,223410,8,,single
1788961785,224500,4,,single
1788961786,224860,0,,single
1788961787,225020,0,,single
1788961789,225300,7,,single
1788961790,225420,14,,single
1788961791,225640,32,,single
1788961793,226560,1,,single
1788961794,226700,11,,single
1788961796,227180,0,,single
1788961797,227860,36,,single
1788961798,228300,26,,single
1788961800,230700,9,,single
1788961801,231060,0,,single
1788961802,231330,0,,single
1788961804,232050,22,,single
1788961805,232430,5,,single
1788961806,233230,0,,single
1788961808,233350,7,,single
1788961809,233720,14,,single
1788961811,234080,39,,single
1788961812,234390,2,,single
1788961813,235250,1,,single
1788961815,235380,13,,single
1788961816,236110,295,,single
1788961817,236510,0,,single
1788961819,236870,40,,single
1788961820,237310,163,,single
1788961822,237890,7,,single
1788961823,238260,20,,single
1788961824,238370,18,,single
1788961826,238910,2,,single
1788961827,239070,7,,single
1788961828,239200,4,,single
1788961830,240320,9,,single
1788961831,240720,194,,single
1788961833,241320,0,,single
1788961834,241720,0,,single
1788961835,242720,0,,single
1788961837,242980,1,,single
1788961838,243120,1,,single
1788961839,243200,21,,single
1788961841,243930,13,,single
1788961842,244590,0,,single
1788961843,244910,0,,single
1788961845,245280,11,,single
1788961846,245370,1,,single
1788961847,246070,0,,single
1788961849,246110,2,,single
1788961850,247660,6,,single
1788961852,248650,0,,single
1788961853,249230,41,,single
1788961854,249630,3,,single
1788961856,249990,0,,single
1788961857,250400,12,,single
1788961858,250460,7,,single
1788961860,250620,5,,single
1788961861,250700,0,,single
1788961863,251430,5,,single
1788961864,251870,0,,single
1788961865,252330,6,,single
1788961867,252370,0,,single
1788961868,252490,95286,,single
1788961869,253150,0,,single
1788961871,253250,78,,single
1788961872,253650,0,,single
1788961873,253940,2,,single
1788961875,254440,2,,single
1788961876,255220,7,,single
1788961878,255300,9,,single
1788961879,255420,6,,single
1788961880,256190,8,,single
1788961882,257050,0,,single
1788961883,257420,154,,single
1788961885,257710,0,,single
1788961886,258010,0,,single
1788961887,258970,15,,single
1788961889,260160,19,,single
1788961890,260410,3,,single
1788961892,261490,0,,single
1788961893,261760,2,,single
1788961894,262150,0,,single
1788961896,262390,0,,single
1788961897,262790,1,,single
1788961898,263200,0,,single
1788961900,263620,0,,single
1788961901,264160,10,,single
1788961903,265300,31,,single
1788961904,265550,193,,single
1788961905,265690,7,,single
1788961907,266110,0,,single
1788961908,267490,8,,single
1788961909,268050,264,,single
1788961911,268870,5,,single
1788961912,269190,14,,single
1788961913,269250,1,,single
1788961915,269490,0,,single
1788961916,269670,17,,single
1788961918,269790,2,,single
1788961919,270570,1,,single
1788961920,270850,4,,single
1788961922,271240,43,,single
1788961923,271670,0,,single
1788961925,271820,0,,single
1788961926,272230,0,,single
1788961927,272890,0,,single
1788961929,273500,1,,single
1788961930,274290,0,,single
1788961931,274350,0,,single
1788961933,275100,5,,single
1788961934,275490,0,,single
1788961936,277430,0,,single
1788961937,277890,6,,single
1788961938,278910,0,,single
1788961940,279940,5,,single
1788961941,280720,5,,single
1788961943,281370,0,,single
1788961944,281940,0,,single
1788961945,282100,2,,single
1788961947,282560,11,,single
1788961948,282760,0,,single
1788961949,283230,0,,single
1788961951,283880,5,,single
1788961952,284240,0,,single
1788961954,284870,2,,single
1788961955,285440,0,,single
1788961957,286000,3,,single
1788961958,286570,17,,single
1788961959,287020,2,,single
1788961961,287390,790,,single
1788961962,287920,4,,single
1788961963,288140,6,,single
1788961965,289090,0,,single
1788961966,290080,171,,single
1788961967,290510,0,,single
1788961969,291010,0,,single
1788961970,291550,8271,,single
1788961972,292120,263,,single
1788961973,292410,15,,single
1788961974,293220,0,,single
1788961976,294160,0,,single
1788961977,294660,21,,single
1788961978,296070,0,,single
1788961980,296770,1,,single
1788961981,297000,1407,,single
1788961983,297120,1,,single
1788961984,297860,3,,single
1788961985,298180,2,,single
1788961987,298520,0,,single
1788961988,299460,0,,single
1788961989,299740,65,,single
1788961991,300060,0,,single
1788961992,300970,25,,single
1788961994,301280,4,,single
1788961995,301910,11,,single
1788961996,302510,94,,single
1788961998,302790,0,,single
1788961999,303390,34,,single
1788962000,303680,2,,single
1788962002,304030,4,,single
1788962003,304730,8,,single
1788962004,305260,6,,single
1788962006,306410,0,,single
1788962007,307290,0,,single
1788962009,308040,2,,single
1788962010,310470,11,,single
1788962011,311010,1,,single
1788962013,311260,87,,single
1788962014,311730,46,,single
1788962016,311800,1,,single
1788962017,312280,17,,single
1788962019,312560,13,,single
1788962020,312750,43,,single
1788962021,312840,21,,single
1788962023,313020,0,,single
1788962024,313730,2,,single
1788962026,313780,1,,single
1788962027,314020,1,,single
1788962028,314150,0,,single
1788962030,314660,2,,single
1788962031,314790,5,,single
1788962032,315210,65,,single
1788962034,315660,39,,single
1788962035,317410,3,,single
1788962036,317620,6,,single
1788962040,318230,0,,single
1788962043,318970,1,,single
1788962044,663090,1600,,single
1788962046,320340,1,,single
1788962047,321290,2,,single
1788962048,321960,146,,single
1788962050,322520,19,,single
1788962051,324260,0,,single
1788962052,324570,0,,single
1788962054,324810,76,,single
1788962055,325420,0,,single
1788962057,326480,2,,single
1788962058,327070,520,,single
1788962060,327510,1,,single
1788962061,327740,3,,single
1788962062,329130,22,,single
1788962064,329440,11,,single
1788962065,329830,0,,single
1788962066,330070,14,,single
1788962068,330820,1,,single
1788962069,331440,1,,single
1788962071,331690,0,,single
1788962072,1116960,12,,single
1788962073,333980,12,,single
1788962075,334120,1,,single
1788962076,334420,1,,single
1788962078,335190,0,,single
1788962079,336150,50,,single
1788962080,338180,0,,single
1788962082,338540,0,,single
1788962083,339230,1,,single
1788962085,339600,1,,single
1788962086,340000,0,,single
1788962088,340150,1,,single
1788962089,340490,4,,single
1788962091,341500,0,,single
1788962092,342180,4,,single
1788962093,342380,0,,single
1788962095,342980,0,,single
1788962096,343710,4,,single
1788962099,344740,4,,single
1788962100,344850,9,,single
1788962101,345240,77,,single
1788962103,345330,2,,single
1788962104,345370,37,,single
1788962106,345610,3,,single
1788962107,345820,11,,single
1788962109,346250,0,,single
1788962110,346850,16,,single
1788962112,347430,1,,single
1788962113,347600,4,,single
1788962114,347800,2,,single
1788962116,348200,23,,single
1788962117,348510,0,,single
1788962118,349700,0,,single
1788962120,350070,7,,single
1788962121,350740,0,,single
1788962123,351030,94,,single
1788962124,351100,7,,single
1788962125,351710,14,,single
1788962127,352550,1,,single
1788962128,353270,11,,single
1788962130,353540,4,,single
1788962131,354200,6,,single
1788962133,354380,4,,single
1788962134,355170,1,,single
1788962135,355800,4,,single
1788962137,356040,37,,single
1788962138,356190,2139,,single
1788962140,356650,12,,single
1788962141,357300,2,,single
1788962142,357340,1,,single
1788962144,358750,0,,single
1788962145,359100,2,,single
1788962147,359390,111,,single
1788962148,359840,51,,single
1788962150,360170,14,,single
1788962151,360730,0,,single
1788962153,360940,1,,single
1788962154,362490,77,,single
1788962155,363150,593,,single
1788962157,363440,93,,single
1788962158,363860,0,,single
1788962160,364420,3,,single
1788962161,365070,0,,single
1788962162,365960,177,,single
1788962164,366240,3,,single
1788962165,366320,5,,single
1788962167,367120,1,,single
1788962168,368070,204,,single
1788962169,368360,21,,single
1788962171,368730,0,,single
1788962172,369070,0,,single
1788962173,369530,2,,single
1788962175,371140,2,,single
1788962176,371200,1,,single
1788962178,371660,500,,single
1788962179,373330,0,,single
1788962181,375200,0,,single
1788962182,375600,2,,single
1788962183,376520,1,,single
1788962185,377160,10297,,single
1788962186,377530,208,,single
1788962187,378360,24,,single
1788962189,378720,16,,single
1788962190,378860,96,,single
1788962192,380360,10,,single
1788962193,381210,70445,,single
1788962194,381990,24,,single
1788962196,382890,5,,single
1788962197,383080,47,,single
1788962199,383180,96,,single
1788962200,383580,3,,single
1788962202,384360,1,,single
1788962203,384740,2,,single
1788962205,385370,1,,single
1788962206,385730,5,,single
1788962208,386180,1480,,single
1788962209,387340,3,,single
1788962210,387970,1,,single
1788962212,388750,6,,single
1788962213,389430,1944,,single
1788962215,390290,35,,single
1788962216,390560,1,,single
1788962217,391270,0,,single
1788962219,391720,85,,single
1788962220,393080,174,,single
1788962222,393420,92,,single
1788962223,393530,36,,single
1788962224,394310,41,,single
1788962226,395200,14,,single
1788962227,396350,1,,single
1788962229,397100,6,,single
1788962230,397540,2069,,single
1788962231,399790,23,,single
1788962233,400040,3239,,single
1788962234,400110,0,,single
1788962235,400450,2,,single
1788962237,400750,4877,,single
1788962238,401190,2,,single
1788962240,402130,5,,single
1788962241,402310,1,,single
1788962242,402430,4,,single
1788962244,402710,2,,single
1788962246,403180,3,,single
1788962247,404590,4,,single
1788962248,404680,11,,single
1788962250,407330,4,,single
1788962251,408930,0,,single
1788962252,409100,0,,single
1788962254,409720,169,,single
1788962255,410670,0,,single
1788962257,410850,1,,single
1788962258,411300,79,,single
1788962259,411830,8,,single
1788962261,412020,1462,,single
1788962262,414530,0,,single
1788962264,414870,0,,single
1788962265,416210,0,,single
1788962266,416600,5,,single
1788962268,416770,2,,single
1788962269,417880,7,,single
1788962270,418620,3,,single
1788962272,420560,17,,single
1788962273,420930,7,,single
1788962275,421670,0,,single
1788962276,422810,2,,single
1788962277,423230,17,,single
1788962279,423880,1,,single
1788962280,424370,64,,single
1788962281,426790,5,,single
1788962283,427190,25,,single
1788962284,427490,7,,single
1788962286,427730,68,,single
1788962287,427940,2,,single
1788962289,429180,0,,single
1788962290,429540,31,,single
1788962291,431590,12,,single
1788962293,431960,100702,,single
1788962294,432350,52,,single
1788962296,433170,3,,single
1788962297,433350,10,,single
1788962298,433850,41,,single
1788962300,434260,1,,single
1788962301,434460,6,,single
1788962303,434650,411,,single
1788962304,435030,54,,single
1788962305,436110,0,,single
1788962307,436500,1,,single
1788962308,436670,19,,single
1788962310,437570,0,,single
1788962311,438490,38,,single
1788962313,438740,10,,single
1788962314,439940,0,,single
1788962316,440650,22,,single
1788962317,441380,4,,single
1788962318,441830,1,,single
1788962320,442070,13,,single
1788962321,442500,0,,single
1788962323,443110,113,,single
1788962324,443810,57,,single
1788962325,444930,17,,single
1788962327,445130,0,,single
1788962328,446020,28,,single
1788962331,447820,10,,single
1788962332,449140,0,,single
1788962334,449800,8,,single
1788962335,450220,0,,single
1788962338,451840,1,,single
1788962340,452490,0,,single
1788962341,453480,4,,single
1788962343,454060,1,,single
1788962344,455910,3,,single
1788962346,457330,0,,single
1788962347,459220,77,,single
1788962348,460120,5,,single
1788962350,460700,0,,single
1788962351,460930,4942,,single
1788962353,461430,3,,single
1788962354,461840,1,,single
1788962356,461950,24,,single
1788962357,462930,29,,single
1788962358,463150,2,,single
1788962360,464340,22,,single
1788962361,464880,10,,single
1788962362,465240,24,,single
1788962364,465650,8,,single
1788962365,465780,0,,single
1788962367,466500,1,,single
1788962368,468530,1,,single
1788962369,469610,5,,single
1788962371,469820,1,,single
1788962372,469990,8,,single
1788962374,471550,59,,single
1788962375,472870,27,,single
1788962376,474750,12,,single
1788962378,476650,8,,single
1788962379,480640,3,,single
1788962381,485030,1,,single
1788962382,485450,3,,single
1788962383,486720,6,,single
1788962385,487000,3,,single
1788962386,487220,1,,single
1788962388,487720,0,,single
1788962389,488790,176,,single
1788962390,489940,2,,single
1788962392,490280,12,,single
1788962393,493370,16,,single
1788962395,493520,1227,,single
1788962396,494430,3,,single
1788962397,495420,2068,,single
1788962399,496240,3,,single
1788962401,496460,46,,single
1788962402,496810,2,,single
1788962403,499890,1,,single
1788962405,501790,2,,single
1788962406,502550,0,,single
1788962408,502820,0,,single
1788962409,503350,1,,single
1788962410,503620,2,,single
1788962412,504130,10,,single
1788962413,505460,1912,,single
1788962415,505640,3,,single
1788962416,505740,0,,single
1788962417,506610,20,,single
1788962419,509980,30,,single
1788962420,510490,0,,single
1788962422,511680,29,,single
1788962424,512250,3,,single
1788962425,513000,40,,single
1788962426,513450,0,,single
1788962428,514310,5,,single
1788962429,514920,0,,single
1788962431,515220,20,,single
1788962432,518060,19,,single
1788962433,519140,2,,single
1788962435,520010,0,,single
1788962436,520720,3,,single
1788962438,521150,18,,single
1788962439,522210,14,,single
1788962441,523650,4,,single
1788962442,524580,5,,single
1788962443,525480,40,,single
1788962445,525700,3,,single
1788962446,526490,16,,single
1788962448,527270,2,,single
1788962449,1049590,22029,,single
1788962451,528740,247,,single
1788962452,529520,1,,single
1788962454,529660,2,,single
1788962455,530330,0,,single
1788962457,530630,3,,single
1788962458,531960,0,,single
1788962460,532840,3,,single
1788962461,533780,15,,single
1788962462,534550,9,,single
1788962464,535930,795,,single
1788962465,536890,0,,single
1788962467,537180,157,,single
1788962468,537450,3,,single
1788962469,538070,0,,single
1788962471,541300,72,,single
1788962472,543260,1,,single
1788962474,543900,29,,single
1788962475,544750,150,,single
1788962476,545650,4,,single
1788962478,546090,28,,single
1788962479,546430,3,,single
1788962481,548570,57,,single
1788962482,550470,293,,single
1788962483,550900,1,,single
1788962485,552450,0,,single
1788962486,552620,82,,single
1788962487,553660,0,,single
1788962489,554510,0,,single
1788962490,555210,1,,single
1788962492,555570,226,,single
1788962493,556180,2,,single
1788962495,557400,27,,single
1788962496,559100,18,,single
1788962497,559680,3,,single
1788962499,560170,1,,single
1788962501,562230,1,,single
1788962502,564230,107,,single
1788962504,566190,0,,single
1788962505,566540,22,,single
1788962506,567380,1,,single
1788962508,568570,0,,single
1788962509,570840,3,,single
1788962511,572410,33,,single
1788962512,574720,37,,single
1788962513,575550,0,,single
1788962515,576500,0,,single
1788962516,578080,674227,,single
1788962518,578650,34,,single
1788962519,579180,51,,single
1788962520,580040,1,,single
1788962522,581320,1393,,single
1788962523,582660,21199,,single
1788962524,585450,12,,single
1788962526,585690,37,,single
1788962528,586140,366,,single
1788962529,586350,52,,single
1788962530,587100,15,,single
1788962532,587260,22,,single
1788962533,587860,4,,single
1788962535,588210,1,,single
1788962536,588950,1,,single
1788962537,589500,4,,single
1788962539,589780,21,,single
1788962540,591420,0,,single
1788962542,593640,1,,single
1788962543,594330,38,,single
1788962545,597820,42,,single
1788962546,598330,34,,single
1788962547,599080,0,,single
1788962549,601050,67,,single
1788962550,601530,0,,single
1788962552,602520,9,,single
1788962553,603530,0,,single
1788962555,604500,138,,single
1788962556,605450,1,,single
1788962557,606280,91,,single
1788962559,606800,43,,single
1788962560,607050,15,,single
1788962562,607890,24,,single
1788962563,609150,12,,single
1788962565,609920,2,,single
1788962566,611660,32,,single
1788962567,611790,203,,single
1788962569,612390,1,,single
1788962570,612570,1,,single
1788962572,612880,323,,single
1788962573,613880,18,,single
1788962574,617160,13,,single
1788962576,617700,0,,single
1788962577,618970,4,,single
1788962578,619540,13,,single
1788962580,619880,11,,single
1788962581,621070,0,,single
1788962583,622220,40,,single
1788962584,622650,109,,single
1788962585,623340,1,,single
1788962587,625960,1724,,single
1788962588,626690,64,,single
1788962590,629090,2,,single
1788962591,629690,5,,single
1788962593,629910,18,,single
1788962594,630310,1,,single
1788962595,632350,4,,single
1788962597,633360,21,,single
1788962598,635730,0,,single
1788962600,636970,5,,single
1788962601,637100,13,,single
1788962602,637670,13,,single
1788962604,638490,5,,single
1788962605,638850,1,,single
1788962607,639780,0,,single
1788962608,640150,0,,single
1788962609,640820,603,,single
1788962611,644560,80,,single
1788962612,644830,89,,single
1788962614,645730,15,,single
1788962615,648100,758,,single
1788962616,649950,2,,single
1788962618,650220,1,,single
1788962619,650670,2,,single
1788962620,651670,16,,single
1788962622,654890,120,,single
1788962623,656240,2,,single
1788962624,658260,2,,single
1788962626,658850,113,,single
1788962627,663670,2,,single
1788962629,664830,7,,single
1788962630,665360,5,,single
1788962632,667890,38,,single
1788962633,668630,25,,single
1788962635,670260,2,,single
1788962638,671510,12,,single
1788962640,672630,34,,single
1788962642,673210,0,,single
1788962643,674020,11,,single
1788962645,674750,43,,single
1788962646,677340,24,,single
1788962648,678900,32,,single
1788962649,682990,78,,single
1788962650,684450,73,,single
1788962652,684680,1,,single
1788962653,686260,0,,single
1788962654,686810,2624,,single
1788962656,687800,18,,single
1788962657,688130,321,,single
1788962658,690640,307,,single
1788962660,690830,1068,,single
1788962661,691690,2,,single
1788962663,692850,208,,single
1788962664,694720,0,,single
1788962666,695920,5,,single
1788962667,696370,8,,single
1788962668,698640,11,,single
1788962670,698780,660,,single
1788962671,699920,10,,single
1788962673,700330,5734,,single
1788962674,702670,19,,single
1788962675,703860,17,,single
1788962677,705210,1287,,single
1788962678,706990,24,,single
1788962680,707030,37,,single
1788962681,710920,52,,single
1788962683,711810,1,,single
1788962684,714120,15,,single
1788962686,716350,4,,single
1788962687,717560,0,,single
1788962689,718650,13,,single
1788962690,719040,152,,single
1788962691,720280,1,,single
1788962693,722230,0,,single
1788962694,723090,6,,single
1788962695,726360,1,,single
1788962697,726840,17,,single
1788962698,728240,5,,single
1788962700,728730,46,,single
1788962701,730390,5,,single
1788962702,732810,1,,single
1788962704,736220,85,,single
1788962705,737800,85,,single
1788962707,738530,0,,single
1788962708,739650,3,,single
1788962709,741670,0,,single
1788962711,743090,0,,single
1788962712,743890,105,,single
1788962713,744060,0,,single
1788962715,746510,0,,single
1788962716,747340,2,,single
1788962718,747360,1,,single
1788962719,751440,0,,single
1788962720,752900,5,,single
1788962722,753650,0,,single
1788962723,754530,11,,single
1788962724,755540,15,,single
1788962726,756530,8,,single
1788962727,757310,33,,single
1788962728,758480,4,,single
1788962730,761460,5,,single
1788962731,765410,4,,single
1788962733,765870,9,,single
1788962734,767560,1799,,single
1788962736,768450,0,,single
1788962737,770100,11,,single
1788962738,773670,2,,single
1788962740,774171,1166,,single
1788962741,774351,2,,single
1788962742,774541,2,,single
1788962744,775940,1,,single
1788962745,777130,197,,single
1788962746,779290,6,,single
1788962748,779590,0,,single
1788962749,781440,0,,single
1788962751,785260,8,,single
1788962752,787070,1,,single
1788962753,787980,7,,single
1788962755,788260,0,,single
1788962756,788770,3,,single
1788962757,790710,101,,single
1788962759,793370,1,,single
1788962760,794540,1,,single
1788962761,794860,12,,single
1788962763,798510,22,,single
1788962764,801800,163,,single
1788962765,803600,54,,single
1788962767,804270,1,,single
1788962768,806140,9,,single
1788962769,808910,7,,single
1788962771,809880,14,,single
1788962772,811870,1,,single
1788962773,813540,7,,single
1788962775,814540,33,,single
1788962776,816020,16,,single
1788962778,817840,1,,single
1788962779,820630,1,,single
1788962780,821890,2,,single
1788962782,823550,31,,single
1788962783,824270,3729,,single
1788962784,825630,154,,single
1788962786,828900,1,,single
1788962787,830820,1,,single
1788962788,833040,1,,single
1788962790,835430,13,,single
1788962791,837380,62,,single
1788962793,838380,27,,single
1788962794,840720,14,,single
1788962795,842100,11,,single
1788962797,843200,8,,single
1788962798,844870,12,,single
1788962801,846800,5,,single
1788962802,849100,11,,single
1788962803,851670,15,,single
1788962805,852090,0,,single
1788962806,855740,13,,single
1788962807,858810,302,,single
1788962809,861650,110,,single
1788962810,863500,23,,single
1788962811,863570,2,,single
1788962813,867290,7,,single
1788962814,868520,5,,single
1788962815,871530,5,,single
1788962817,871980,30,,single
1788962818,873840,15,,single
1788962819,877200,2,,single
1788962821,878320,0,,single
1788962822,879160,4,,single
1788962823,880850,31,,single
1788962825,882140,14,,single
1788962826,885150,6,,single
1788962828,886900,5,,single
1788962829,888790,19,,single
1788962830,889510,28,,single
1788962832,891220,1,,single
1788962833,893180,31,,single
1788962834,895620,37,,single
1788962836,897030,0,,single
1788962837,898650,0,,single
1788962838,899970,8,,single
1788962840,900040,70,,single
1788962841,905640,24,,single
1788962842,907650,61,,single
1788962844,910490,0,,single
1788962845,911400,312,,single
1788962846,914260,0,,single
1788962848,914690,10,,single
1788962849,915460,1,,single
1788962850,916840,23,,single
1788962852,918820,0,,single
1788962853,919640,286,,single
1788962854,921570,922,,single
1788962856,921800,29,,single
1788962857,923260,2,,single
1788962858,924750,11,,single
1788962860,924980,24,,single
1788962861,927270,0,,single
1788962863,927890,1,,single
1788962864,928960,10,,single
1788962865,931280,8,,single
1788962867,932850,15,,single
1788962868,933820,161,,single
1788962869,934780,4,,single
1788962871,936780,19,,single
1788962872,939330,10,,single
1788962873,939850,33,,single
1788962877,940910,2,,single
1788962878,943260,1,,single
1788962880,944250,3,,single
1788962881,946030,3,,single
1788962882,948740,68,,single
1788962884,952060,1098,,single
1788962885,952250,0,,single
1788962887,954650,0,,single
1788962888,954850,40,,single
1788962890,955900,681,,single
1788962891,957960,14,,single
1788962892,959520,2,,single
1788962894,962580,5,,single
1788962895,964650,0,,single
1788962896,967460,1,,single
1788962898,968870,1,,single
1788962899,970570,86,,single
1788962901,970960,15,,single
1788962902,976310,1307,,single
1788962903,977720,1,,single
1788962905,978270,0,,single
1788962906,979070,13,,single
1788962907,980940,3,,single
1788962909,983970,9,,single
1788962910,984680,17,,single
1788962911,985830,14,,single
1788962913,990050,4,,single
1788962914,991270,59,,single
1788962915,992070,771,,single
1788962917,992640,0,,single
1788962918,994220,1,,single
1788962920,994730,86,,single
1788962921,996770,47,,single
1788962922,999020,64,,single
1788962924,1000010,11,,single
1788962925,1000760,0,,single
1788962927,1004240,0,,single
1788962928,1004770,6,,single
1788962929,1009290,38,,single
1788962931,1011510,125,,single
1788962932,1012610,1,,single
1788962933,1015140,1,,single
1788962935,1015930,1,,single
1788962936,1016800,73,,single
1788962937,1017100,128,,single
1788962939,1018020,6,,single
1788962940,1022450,909,,single
1788962941,1025600,447,,single
1788962943,1026680,136,,single
1788962944,1029210,11,,single
1788962945,1029890,18,,single
1788962947,1030830,817,,single
1788962948,1031120,22,,single
1788962949,1032430,21,,single
1788962951,1034900,1,,single
1788962952,1035990,0,,single
1788962953,1038740,2,,single
1788962955,1040550,2,,single
1788962956,1041720,154,,single
1788962958,1042380,14,,single
1788962959,1042780,1,,single
1788962960,1043180,0,,single
1788962962,1045720,12,,single
1788962963,1046820,2,,single
1788962964,1048100,154,,single
1788962966,1049400,0,,single
1788962967,1049890,7,,single
1788962968,1056600,0,,single
1788962970,1056840,0,,single
1788962971,1057640,20,,single
1788962972,1062000,0,,single
1788962974,1062960,12,,single
1788962975,1063730,423,,single
1788962976,1065100,2,,single
1788962978,1069030,4,,single
1788962979,1070820,51,,single
1788962980,1071870,350,,single
1788962982,1072500,38,,single
1788962983,1079210,0,,single
1788962984,1080020,83,,single
1788962986,1086640,0,,single
1788962987,1086940,41852,,single
1788962988,1088090,164,,single
1788962990,1088710,50,,single
1788962991,1090250,0,,single
1788962992,1091500,38893,,single
1788962994,1092730,13,,single
1788962995,1094390,5,,single
1788962996,1096410,3,,single
1788962998,1096710,29,,single
1788962999,1097430,916,,single
1788963001,1097620,1,,single
1788963002,1099410,325,,single
1788963003,1101190,31,,single
1788963005,1101790,34,,single
1788963006,1104280,54,,single
1788963007,1104660,12,,single
1788963009,1105500,140,,single
1788963010,1106340,3,,single
1788963011,1106850,0,,single
1788963013,1107790,2,,single
1788963014,1108590,25,,single
1788963015,1110390,20,,single
1788963017,1111210,2,,single
1788963018,1112400,14,,single
1788963019,1113120,655,,single
1788963021,1113570,4,,single
1788963022,1117090,6,,single
1788963023,1118310,428,,single
1788963025,1120320,69,,single
1788963026,1121560,35,,single
1788963027,1123050,78,,single
1788963029,1124300,942,,single
1788963030,1127840,8,,single
1788963031,1128000,14,,single
1788963033,1128860,95,,single
1788963034,1130620,2,,single
1788963036,1131720,0,,single
1788963037,1133760,22,,single
1788963038,1134700,546,,single
1788963040,1135300,38,,single
1788963041,1136370,25,,single
1788963042,1137300,57,,single
1788963044,1139940,25,,single
1788963045,1141020,127,,single
1788963046,1142080,6,,single
1788963048,1143810,12,,single
1788963049,1144400,544,,single
1788963050,1146370,45,,single
1788963052,1146630,6,,single
1788963053,1148510,1,,single
1788963054,1150440,373,,single
1788963056,1150640,248,,single
1788963057,1154810,12,,single
1788963058,1157340,0,,single
1788963060,1158890,1,,single
1788963061,1160750,173,,single
1788963062,1161830,67,,single
1788963064,1162960,1,,single
1788963065,1164690,2,,single
1788963066,1167140,5,,single
1788963068,1170760,4,,single
1788963069,1170970,162,,single
1788963070,1172050,0,,single
1788963072,1173220,5,,single
1788963073,1174940,1,,single
1788963074,1175830,9,,single
1788963076,1176710,8,,single
1788963077,1178830,29,,single
1788963078,1179680,92,,single
1788963080,1180380,1502,,single
1788963081,1182020,167,,single
1788963082,1183800,2,,single
1788963084,1184140,1,,single
1788963085,1184480,1,,single
1788963087,1186040,3,,single
1788963088,1189290,43,,single
1788963089,1190110,0,,single
1788963091,1190400,1,,single
1788963092,1192640,4,,single
1788963093,1194930,4,,single
1788963095,1196310,78,,single
1788963096,1197370,0,,single
1788963097,1203180,0,,single
1788963099,1203620,8300,,single
1788963100,1205960,1,,single
1788963101,1206480,1,,single
1788963103,1208600,0,,single
1788963104,1209490,11,,single
1788963105,1213740,25,,single
1788963107,1214650,3,,single
1788963108,1218250,0,,single
1788963109,1218500,0,,single
1788963111,1220140,46,,single
1788963112,1222370,11,,single
1788963113,1222690,415,,single
1788963115,1224020,2,,single
1788963116,1225560,16,,single
1788963117,1225590,0,,single
1788963119,1227780,6,,single
1788963120,1228520,6,,single
1788963122,1229580,1,,single
1788963123,1231990,4,,single
1788963124,1233260,7,,single
1788963126,1234520,1,,single
1788963127,1235140,794,,single
1788963128,1236990,0,,single
1788963130,1238000,254,,single
1788963131,1238040,121,,single
1788963132,1238810,6290,,single
1788963134,1238860,653,,single
1788963135,1239520,4,,single
1788963136,1243830,1190,,single
1788963138,1245430,5,,single
1788963139,1249480,1,,single
1788963140,1250650,17,,single
1788963142,1252330,79,,single
1788963143,1252680,5,,single
1788963144,1253920,179,,single
1788963146,1254320,8,,single
1788963147,1255630,13,,single
1788963148,1257290,37,,single
1788963150,1259560,2,,single
1788963151,1259970,905,,single
1788963152,1263070,0,,single
1788963154,1265780,6,,single
1788963155,1265930,69,,single
1788963156,1266700,18,,single
1788963158,1268590,26,,single
1788963159,1269300,0,,single
1788963160,1269710,0,,single
1788963162,1271700,42,,single
1788963163,1274290,0,,single
1788963164,1275630,0,,single
1788963166,1276760,325,,single
1788963167,1277920,5,,single
1788963168,1278060,195,,single
1788963170,1281270,0,,single
1788963171,1282210,20,,single
1788963173,1282690,6,,single
1788963174,1283230,10,,single
1788963175,1284410,781,,single
1788963177,1286880,24,,single
1788963178,1287840,59,,single
1788963179,1289310,45,,single
1788963181,1290330,8,,single
1788963182,1293160,36,,single
1788963183,1293820,36,,single
1788963185,1295900,24,,single
1788963186,1296510,0,,single
1788963187,1296830,1473,,single
1788963189,1299120,5,,single
1788963190,1305080,25,,single
1788963192,1306630,12,,single
1788963193,1310410,10,,single
1788963194,1311070,5,,single
1788963196,1316230,37,,single
1788963197,1318090,1,,single
1788963198,1321450,8,,single
1788963200,1324340,65,,single
1788963201,1325200,1505,,single
1788963202,1325860,21027,,single
1788963204,1328670,2008,,single
1788963205,1330460,24,,single
1788963206,1333200,4,,single
1788963208,1334000,4,,single
1788963209,1334590,3,,single
1788963211,1336180,2,,single
1788963212,1341200,30,,single
1788963213,1344350,34,,single
1788963215,1346070,0,,single
1788963216,1349230,12,,single
1788963217,1353270,1,,single
1788963219,1355090,39,,single
1788963220,1357210,321,,single
1788963221,1358710,0,,single
1788963223,1361680,26,,single
1788963224,1367300,2,,single
1788963225,1368130,15,,single
1788963227,1368870,41,,single
1788963228,1369470,51,,single
1788963229,1371580,665,,single
1788963231,1371690,1,,single
1788963232,1372110,155,,single
1788963233,1373090,17,,single
1788963235,1373550,6,,single
1788963236,1374930,13,,single
1788963237,1375900,6,,single
1788963239,1377580,193,,single
1788963240,1380220,9,,single
1788963241,1381650,1,,single
1788963243,1384700,2,,single
1788963244,1388590,103,,single
1788963246,1389160,0,,single
1788963247,1391530,20,,single
1788963248,1394270,0,,single
1788963250,1397790,0,,single
1788963251,1401730,79,,single
1788963252,1402120,3,,single
1788963254,1403370,1,,single
1788963255,1406990,16,,single
1788963256,1412190,3,,single
1788963258,1413020,1,,single
1788963259,1415660,5,,single
1788963260,1417010,1,,single
1788963262,1419160,42,,single
1788963263,1420300,5,,single
1788963264,1421490,2,,single
1788963266,1424980,0,,single
1788963267,1425980,17,,single
1788963268,1428420,28,,single
1788963270,1428900,0,,single
1788963271,1430760,9,,single
1788963272,1432320,78,,single
1788963274,1433990,24,,single
1788963275,1437400,36,,single
1788963276,1439750,11,,single
1788963278,1443490,2,,single
1788963279,1444650,4,,single
1788963280,1448440,299,,single
1788963282,1451940,203,,single
1788963283,1454970,3,,single
1788963284,1456880,3,,single
1788963286,1457320,52,,single
1788963287,1465070,3,,single
1788963288,1465470,238,,single
1788963290,1465860,0,,single
1788963291,1468810,4931,,single
1788963292,1472560,60,,single
1788963294,1474740,10,,single
1788963295,1477940,7,,single
1788963296,1479140,11,,single
1788963298,1480560,24,,single
1788963299,1482910,28,,single
1788963300,1484900,5,,single
1788963302,1487210,63,,single
1788963303,1488560,4,,single
1788963304,1490060,0,,single
1788963306,1491410,19,,single
1788963307,1492680,12,,single
1788963308,1493760,17,,single
1788963310,1494460,76,,single
1788963311,1496790,91,,single
1788963312,1498740,4,,single
1788963314,1502660,12,,single
1788963315,1504740,0,,single
1788963316,1506850,8,,single
1788963318,1508460,0,,single
1788963319,1515950,26,,single
1788963320,1517970,28,,single
1788963322,1519490,7,,single
1788963323,1529810,1,,single
1788963324,1530160,113,,single
1788963326,1532690,12,,single
1788963327,1536620,25,,single
1788963329,1538570,20,,single
1788963330,1543030,108,,single
1788963331,1544020,61,,single
1788963333,1548850,35,,single
1788963334,1549970,243,,single
1788963335,1550710,1,,single
1788963337,1552810,2,,single
1788963338,1555110,5,,single
1788963339,1556870,2,,single
1788963341,1562420,8,,single
1788963342,1564600,112,,single
1788963343,1571440,17,,single
1788963345,1573720,8,,single
1788963346,1574250,1,,single
1788963347,1575470,0,,single
1788963349,1577250,4,,single
1788963350,1580180,2,,single
1788963351,1580790,12,,single
1788963353,1584940,36,,single
1788963354,1588010,62,,single
1788963355,1590910,28,,single
1788963357,1591520,0,,single
1788963358,1592110,17,,single
1788963359,1593350,353,,single
1788963361,1597310,17,,single
1788963362,1599660,69,,single
1788963363,1602010,86,,single
1788963365,1608400,0,,single
1788963366,1609080,4,,single
1788963367,1610900,9,,single
1788963369,1612420,21,,single
1788963370,1615100,10,,single
1788963372,1619520,39,,single
1788963373,1621140,0,,single
1788963374,1622350,4,,single
1788963376,1622910,45,,single
1788963377,1627350,0,,single
1788963378,1630110,2,,single
1788963380,1634080,52,,single
1788963381,1636710,3,,single
1788963382,1640300,7,,single
1788963384,1643310,139,,single
1788963385,1644490,8,,single
1788963386,1647550,17,,single
1788963388,1649240,74,,single
1788963389,1659600,6,,single
1788963391,1660910,1,,single
1788963392,1664200,7,,single
1788963393,1668290,0,,single
1788963395,1668540,46,,single
1788963396,1671410,0,,single
1788963397,1672500,171,,single
1788963399,1676840,812,,single
1788963400,1678430,4,,single
1788963401,1680880,15,,single
1788963403,1683340,2,,single
1788963404,1685750,60,,single
1788963405,1690730,47,,single
1788963407,1691420,2,,single
1788963408,1692250,115,,single
1788963409,1694960,6,,single
1788963411,1695840,5,,single
1788963412,1701520,220,,single
1788963414,1702330,90,,single
1788963415,1705140,7,,single
1788963416,1707990,6,,single
1788963418,1708460,0,,single
1788963419,1710170,19,,single
1788963420,1713350,91,,single
1788963422,1714320,2,,single
1788963423,1714590,0,,single
1788963425,1715590,5,,single
1788963426,1716740,3324,,single
1788963427,1721470,740,,single
1788963429,1722860,27,,single
1788963430,1726400,1,,single
1788963432,1730360,1,,single
1788963433,1733240,1,,single
1788963435,1739300,3,,single
1788963436,1741640,11,,single
1788963437,1745510,49,,single
1788963439,1749860,31,,single
1788963440,1759380,4,,single
1788963441,1762010,0,,single
1788963443,1762930,25,,single
1788963444,1766060,1880,,single
1788963446,1774580,1019,,single
1788963447,1777620,23,,single
1788963448,1778840,16,,single
1788963450,1782210,1267,,single
1788963451,1785650,271,,single
1788963453,1794960,58,,single
1788963454,1801110,84,,single
1788963455,1805480,186,,single
1788963457,1809700,126,,single
1788963458,1812450,2083,,single
1788963459,1814170,12,,single
1788963461,1823950,25,,single
1788963462,1834920,6,,single
1788963464,1837480,10,,single
1788963465,1840080,44,,single
1788963466,1843310,2,,single
1788963468,1845910,392,,single
1788963469,1849790,10,,single
1788963470,1850550,3,,single
1788963472,1850960,5,,single
1788963473,1856030,42,,single
1788963475,1857090,379,,single
1788963476,1861610,25,,single
1788963477,1867530,2,,single
1788963479,1872680,3,,single
1788963480,1874000,109,,single
1788963481,1878740,3,,single
1788963483,1881700,215,,single
1788963484,1888930,1676,,single
1788963485,1893620,3,,single
1788963487,1895880,147,,single
1788963488,1901200,0,,single
1788963489,1902690,91,,single
1788963491,1911360,1,,single
1788963492,1915380,25,,single
1788963494,1918040,41,,single
1788963495,1922010,4,,single
1788963496,1924430,1,,single
1788963498,1926520,8,,single
1788963499,1928870,6,,single
1788963500,1931010,8,,single
1788963502,1933660,23,,single
1788963503,1937780,43,,single
1788963504,1940340,1154,,single
1788963506,1944240,2,,single
1788963507,1947070,0,,single
1788963508,1948800,1014,,single
1788963510,1949030,38,,single
1788963511,1954160,14,,single
1788963512,1954750,0,,single
1788963514,1959350,0,,single
1788963515,1960270,49,,single
1788963516,1963210,4,,single
1788963518,1968340,2,,single
1788963519,1975360,2,,single
1788963520,1975580,44,,single
1788963522,1981820,48,,single
1788963523,1983990,1,,single
1788963524,1985810,1520,,single
1788963526,1987080,512,,single
1788963527,1990050,6,,single
1788963529,1995520,712,,single
1788963530,1997660,23,,single
1788963531,2000890,60,,single
1788963533,2004080,15,,single
1788963534,2005160,21,,single
1788963535,2008980,6,,single
1788963537,2012190,16,,single
1788963540,2013360,47,,single
1788963541,2020710,43,,single
1788963542,2022180,27,,single
1788963544,2023360,1,,single
1788963545,2026870,0,,single
1788963546,2052410,224,,single
1788963548,2055290,4,,single
1788963549,2059530,30,,single
1788963550,2071500,31,,single
1788963552,2075720,18,,single
1788963553,2078230,8,,single
1788963555,2085370,23,,single
1788963556,2089350,10,,single
1788963557,2095340,3,,single
1788963559,2102520,5,,single
1788963560,2106670,84,,single
1788963561,2109460,43,,single
1788963563,2113570,2,,single
1788963564,2121980,32,,single
1788963565,2124490,1238,,single
1788963567,2131680,47,,single
1788963568,2138610,54,,single
1788963569,2140020,251,,single
1788963571,2142680,9,,single
1788963573,2157560,310,,single
1788963574,2160480,1,,single
1788963575,2176130,55,,single
1788963577,2179380,40,,single
1788963578,2187220,356,,single
1788963579,2193540,55,,single
1788963581,2198070,28,,single
1788963582,2201940,277,,single
1788963583,2204130,42,,single
1788963585,2213120,1,,single
1788963586,2215260,5,,single
1788963588,2217580,8,,single
1788963589,2223840,22,,single
1788963590,2230110,106,,single
1788963592,2235020,21,,single
1788963593,2240790,4,,single
1788963594,2249160,3,,single
1788963596,2254890,286,,single
1788963597,2259260,0,,single
1788963598,2262770,8,,single
1788963600,2275020,19,,single
1788963601,2280350,13,,single
1788963602,2286390,0,,single
1788963604,2287330,20,,single
1788963605,2289450,737,,single
1788963607,2292650,5,,single
1788963608,2302990,102,,single
1788963609,2311190,8,,single
1788963611,2315400,17,,single
1788963612,2315690,51,,single
1788963613,2319640,8,,single
1788963615,2334170,4,,single
1788963616,2336720,0,,single
1788963617,2340520,106,,single
1788963619,2344520,3520,,single
1788963620,2348120,13,,single
1788963621,2355150,10,,single
1788963623,2367820,1,,single
1788963624,2371630,125,,single
1788963625,2382520,45,,single
1788963627,2384620,79,,single
1788963628,2389570,0,,single
1788963629,2393160,19,,single
1788963631,2396980,198,,single
1788963632,2400430,47,,single
1788963633,2401410,58,,single
1788963635,2405060,14,,single
1788963636,2407270,783,,single
1788963637,2414270,20,,single
1788963639,2427410,210,,single
1788963640,2427430,132,,single
1788963642,2429860,80,,single
1788963643,2435960,0,,single
1788963644,2438680,19,,single
1788963646,2440510,503,,single
1788963647,2445690,5778,,single
1788963648,2446550,34,,single
1788963650,2449040,4,,single
1788963651,2454890,0,,single
1788963652,2457220,169,,single
1788963654,2458560,13,,single
1788963655,2464530,20,,single
1788963656,2473480,34,,single
1788963658,2478970,227,,single
1788963659,2488510,9,,single
1788963660,2490990,31,,single
1788963662,2495450,214,,single
1788963663,2498570,27,,single
1788963664,2510960,46,,single
1788963666,2518630,19,,single
1788963667,2521600,6,,single
1788963669,2529170,21,,single
1788963670,2530490,26,,single
1788963671,2537590,5834,,single
1788963673,2545360,14,,single
1788963674,2561270,0,,single
1788963675,2731870,2,,single
1788963677,2599270,4,,single
1788963678,2607060,67,,single
1788963680,2616460,45,,single
1788963681,2619650,378,,single
1788963682,2622380,28843,,single
1788963684,2625420,626,,single
1788963685,2631250,5,,single
1788963686,2647680,82,,single
1788963688,2663530,14,,single
1788963689,2668430,51,,single
1788963690,2669380,44,,single
1788963692,2680010,1214,,single
1788963693,2682580,4,,single
1788963694,2689120,164,,single
1788963696,2693060,2,,single
1788963697,2695940,132,,single
1788963699,2700780,5,,single
1788963700,2707490,38,,single
1788963701,2719940,67,,single
1788963703,2726490,70,,single
1788963704,2735870,0,,single
1788963706,2745870,16,,single
1788963707,2747770,42,,single
1788963708,2750000,38,,single
1788963710,2757330,10,,single
1788963711,2767520,295,,single
1788963712,2772990,9,,single
1788963714,2786680,40,,single
1788963715,2790330,2,,single
1788963717,2796180,9,,single
1788963718,2820820,81,,single
1788963719,2823080,2,,single
1788963721,2828500,93,,single
1788963722,2840770,801,,single
1788963723,2849680,85,,single
1788963725,2854740,41,,single
1788963726,2870710,7,,single
1788963728,2880730,72,,single
1788963729,2897700,24,,single
1788963730,2904000,2747,,single
1788963732,2918150,1986,,single
1788963733,2920570,5,,single
1788963735,2922410,88,,single
1788963736,2943150,6,,single
1788963737,2950340,171,,single
1788963739,2957800,0,,single
1788963740,2965660,1,,single
1788963742,2977620,4,,single
1788963743,3004100,5,,single
1788963744,3011030,25,,single
1788963746,3017580,49,,single
1788963747,3030720,9,,single
1788963749,3037410,760,,single
1788963750,3059520,7829,,single
1788963751,3070520,28,,single
1788963753,3099730,0,,single
1788963754,3116890,247,,single
1788963755,3145620,4,,single
1788963757,3149370,0,,single
1788963758,3172700,14,,single
1788963759,3183280,384,,single
1788963761,3187030,747,,single
1788963762,3212530,0,,single
1788963764,3222970,14,,single
1788963765,3238670,99,,single
1788963766,3243190,13,,single
1788963768,3287520,35,,single
1788963769,3314060,95,,single
1788963770,3330250,219,,single
1788963772,3359320,53,,single
1788963773,3400930,127,,single
1788963775,3431040,61,,single
1788963776,3438800,69,,single
1788963777,3461920,6,,single
1788963779,3539440,5,,single
1788963780,3615160,156,,single
1788963782,202970,181,,single
1788963783,1520470,763,,single
1788963784,991780,103,,single
1788963786,1178490,261,,single
1788963787,1880330,27,,single
1788963789,875210,330,,single
1788963790,1559390,43,,single
1788963791,47790,36,,single
1788963793,1214280,3,,single
1788963794,584980,3,,single
1788963796,652980,5,,single
1788963797,347620,9,,single
1788963798,1126290,3,,single
1788963800,1407450,41,,single
1788963801,1264670,2,,single
1788963803,253980,3,,single
1788963804,1461810,17,,single
1788963805,1991040,550,,single
1788963807,1816570,4,,single
1788963808,570780,84,,single
1788963810,998930,2,,single
1788963811,1064730,0,,single
1788963813,2453360,202,,single
1788963814,1392060,5,,single
1788963816,1263370,4,,single
1788963817,1434480,56,,single
1788963818,2161440,470,,single
1788963820,2059790,52,,single
1788963821,33220,10,,single
1788963822,1049100,2,,single
1788963824,604450,0,,single
1788963825,2321210,1,,single
1788963827,1108320,0,,single
1788963828,1269370,11,,single
1788963829,1233270,6,,single
1788963832,1909840,52,,single
1788963833,17330,8,,single
1788963834,2875140,21,,single
1788963836,1776970,57,,single
1788963837,2755330,0,,single
1788963840,967250,3,,single
1788963841,840140,0,,single
1788963842,1122750,3,,single
1788963844,296710,16,,single
1788963845,943380,2,,single
1788963847,662960,2,,single
1788963848,1186400,3,,single
1788963850,325120,0,,single
1788963851,944020,3,,single
1788963852,1217390,2,,single
1788963854,1140440,1,,single
1788963855,1345740,2,,single
1788963857,2093920,47,,single
1788963858,2500750,109,,single
1788963859,715400,0,,single
1788963861,2734450,29,,single
1788963862,1437880,422,,single
1788963864,326360,168,,single
1788963865,1225780,9,,single
1788963867,1084520,114,,single
1788963868,334310,13,,single
1788963869,789760,7,,single
1788963871,223810,12,,single
1788963872,1974520,13,,single
1788963874,1334040,32,,single
1788963875,850000,20,,single
1788963876,1639430,23,,single
1788963878,1149660,1,,single
1788963879,1618230,5,,single
1788963881,3003300,596,,single
1788963882,339400,2,,single
1788963883,921390,21,,single
1788963885,695630,38,,single
1788963886,1786200,2,,single
1788963888,828070,3,,single
1788963889,2346410,48,,single
1788963890,839630,2,,single
1788963892,995460,1,,single
1788963893,1161870,2,,single
1788963894,2232880,309,,single
1788963896,1777430,3,,single
1788963897,2510770,38,,single
1788963899,1191330,22,,single
1788963900,1634680,480,,single
1788963901,1868000,2,,single
1788963903,2507980,43,,single
1788963904,2078780,0,,single
1788963906,370280,0,,single
1788963907,1933650,22,,single
1788963908,1314140,16,,single
1788963910,1212830,0,,single
1788963911,836640,2,,single
1788963913,1394800,0,,single
1788963914,258760,4,,single
1788963915,2669860,10,,single
1788963917,466860,6,,single
1788963918,1601740,3,,single
1788963920,1747650,0,,single
1788963921,2734310,0,,single
1788963923,3028500,8,,single
1788963924,873190,0,,single
1788963925,844850,2,,single
1788963927,1041840,8,,single
1788963928,1153430,2,,single
1788963930,931500,16,,single
1788963931,2868860,207,,single
1788963933,2206340,4,,single
1788963934,448780,1,,single
1788963936,704030,1,,single
1788963937,452440,6,,single
1788963938,2774380,17,,single
1788963940,1060670,0,,single
1788963942,3158270,10,,single
1788963943,1171310,2,,single
1788963944,758530,0,,single
1788963946,740080,19,,single
1788963947,1097420,15,,single
1788963949,1011940,5,,single
1788963950,381640,1,,single
1788963951,2726890,3,,single
1788963953,577670,4,,single
1788963954,2780710,339,,single
1788963956,3328720,2,,single
1788963957,2781370,0,,single
1788963958,810670,0,,single
1788963960,314810,12,,single
1788963961,976390,26,,single
1788963963,2093010,3,,single
1788963964,495990,2,,single
1788963965,1726130,25,,single
1788963967,742250,1,,single
1788963968,1193090,18,,single
1788963970,2654540,105,,single
1788963971,656200,3,,single
1788963972,885570,69,,single
1788963974,2084940,60,,single
1788963975,1985930,0,,single
1788963977,802870,0,,single
1788963978,741260,0,,single
1788963979,2957700,26,,single
1788963981,2989950,10,,single
1788963982,1125480,0,,single
1788963984,2642890,1,,single
1788963985,2059810,212,,single
1788963986,926340,0,,single
1788963988,1166990,18,,single
1788963989,668550,5,,single
1788963991,2625620,1,,single
1788963992,2531940,15,,single
1788963993,1101360,19,,single
1788963995,610380,4,,single
1788963996,2793370,7,,single
1788963998,1246020,6,,single
1788963999,1930640,3,,single
1788964000,2328540,22,,single
1788964002,1089630,8,,single
1788964003,3042190,43,,single
1788964005,2604480,3,,single
1788964006,2963550,9,,single
1788964007,2620730,0,,single
1788964009,1732740,0,,single
1788964010,585020,2,,single
1788964012,3088250,0,,single
1788964013,254480,6,,single
1788964014,1274490,11,,single
1788964016,2313020,21,,single
1788964017,1550510,4,,single
1788964019,710470,0,,single
1788964020,2292060,26,,single
1788964022,1029500,24,,single
1788964023,1996430,21,,single
1788964024,1162070,6,,single
1788964026,1508680,2,,single
1788964027,3126150,13,,single
1788964029,2232600,20,,single
1788964030,2849960,3,,single
1788964032,483770,3,,single
1788964033,2530980,55,,single
1788964034,760640,160,,single
1788964036,1258590,1,,single
1788964037,2144640,43,,single
1788964039,1674890,15,,single
1788964040,1951410,169,,single
1788964042,1149550,11,,single
1788964043,1546010,0,,single
1788964045,1456650,6,,single
1788964046,1431230,7,,single
1788964047,2400640,9,,single
1788964049,1716310,16,,single
1788964050,1132730,2,,single
1788964052,826600,0,,single
1788964053,343100,0,,single
1788964055,951430,16,,single
1788964056,1232460,1,,single
1788964058,450860,5,,single
1788964059,1585570,6,,single
1788964060,2510130,5,,single
1788964062,1151450,15,,single
1788964063,65600,11,,single
1788964065,550080,2,,single
1788964066,39550,28,,single
1788964067,1029630,4,,single
1788964069,1205240,2,,single
1788964070,2774830,1,,single
1788964072,2389040,41,,single
1788964073,783170,0,,single
1788964074,921780,4,,single
1788964076,1037130,2,,single
1788964077,1589570,2,,single
1788964079,33130,2,,single
1788964080,858940,2,,single
1788964081,629220,0,,single
1788964083,3192360,2,,single
1788964084,3364770,1,,single
1788964086,1930600,0,,single
1788964087,2142160,42,,single
1788964088,2157680,2,,single
1788964090,1074070,25,,single
1788964091,2081400,9,,single
1788964093,385400,1,,single
1788964094,1328890,3,,single
1788964096,981750,8,,single
1788964097,542340,5,,single
1788964098,2310700,54,,single
1788964100,2567190,20,,single
1788964101,1802880,2,,single
1788964103,2720280,0,,single
1788964104,1679220,6,,single
1788964106,2101890,12,,single
1788964107,929200,36,,single
1788964108,2738080,11,,single
1788964110,1065970,2,,single
1788964111,2456350,14,,single
1788964113,366260,9,,single
1788964114,1681060,16,,single
1788964115,2712580,0,,single
1788964117,2647230,3,,single
1788964118,420060,0,,single
1788964120,2162680,0,,single
1788964121,337410,589,,single
1788964122,212030,0,,single
1788964124,453270,2,,single
1788964125,2485180,2,,single
1788964127,1056570,11,,single
1788964128,1989070,9,,single
1788964129,3215170,0,,single
1788964131,2587450,0,,single
1788964133,2976870,11,,single
1788964134,1253710,9,,single
1788964135,3270,6,,single
1788964138,1004490,7,,single
1788964141,418950,1,,single
1788964142,578540,0,,single
1788964144,289300,12,,single
1788964145,1426490,6,,single
1788964146,2976400,8,,single
1788964148,445230,0,,single
1788964149,3268080,2,,single
1788964151,2178590,69,,single
1788964152,2964410,1,,single
1788964154,860910,0,,single
1788964155,1323470,5,,single
1788964156,1007400,18,,single
1788964158,2829600,1,,single
1788964159,6840,7,,single
1788964160,2727210,21,,single
1788964162,554530,1,,single
1788964163,2898270,57,,single
1788964165,934930,1,,single
1788964166,1623880,2,,single
1788964168,463210,0,,single
1788964169,473460,0,,single
1788964170,2414750,0,,single
1788964172,2186360,12,,single
1788964173,2417850,6,,single
1788964175,2089980,3,,single
1788964176,3099000,13,,single
1788964177,1812060,19,,single
1788964179,1983970,2,,single
1788964180,2429240,2,,single
1788964181,1684100,0,,single
1788964183,1755350,1,,single
1788964184,2658920,8,,single
1788964186,966430,1,,single
1788964187,1162650,35,,single
1788964189,923470,0,,single
1788964190,738510,5,,single
1788964191,1528130,0,,single
1788964193,412470,3,,single
1788964194,375450,326,,single
1788964196,2423300,43,,single
1788964197,613730,0,,single
1788964199,1433570,5,,single
1788964200,887720,1,,single
1788964201,1910790,6,,single
1788964203,329380,1,,single
1788964204,2258770,10,,single
1788964205,587420,1,,single
1788964207,714080,1,,single
1788964208,2620240,1,,single
1788964210,895110,0,,single
1788964211,1098940,6,,single
1788964212,482300,1,,single
1788964214,1149440,8,,single
1788964215,897820,0,,single
1788964217,713650,0,,single
1788964218,352890,1,,single
1788964219,1524630,6,,single
1788964221,970510,7,,single
1788964222,2398170,4,,single
1788964224,1441840,6,,single
1788964225,673260,31,,single
1788964226,1416240,1,,single
1788964228,466110,0,,single
1788964229,522570,0,,single
1788964231,960420,5,,single
1788964232,2450450,4,,single
1788964233,1731520,0,,single
1788964235,1851280,5,,single
1788964237,1800790,1,,single
1788964238,482450,19,,single
1788964239,2739830,6,,single
1788964241,3173890,1,,single
1788964242,2057550,10,,single
1788964244,1096720,0,,single
1788964245,2566340,21,,single
1788964246,229580,0,,single
1788964248,1937750,6,,single
1788964249,1425000,66,,single
1788964250,2517200,12,,single
1788964252,2317640,15,,single
1788964253,2530950,0,,single
1788964255,1729410,2,,single
1788964256,1755910,25,,single
1788964257,407310,1,,single
1788964259,264300,0,,single
1788964260,691280,0,,single
1788964262,597230,1,,single
1788964263,360380,0,,single
1788964264,2178990,6,,single
1788964266,571530,3,,single
1788964267,346730,1,,single
1788964269,936500,6,,single
1788964270,964570,33,,single
1788964271,464450,3,,single
1788964273,2111630,118,,single
1788964274,1498140,7,,single
1788964276,608990,9,,single
1788964277,893720,3,,single
1788964279,2185780,2,,single
1788964280,628890,124,,single
1788964281,2865580,62,,single
1788964283,355130,9,,single
1788964284,1807750,0,,single
1788964286,367570,1,,single
1788964288,2862610,3,,single
1788964289,446390,1,,single
1788964290,1264970,22,,single
1788964292,745330,11,,single
1788964293,3543420,2,,single
1788964295,701930,0,,single
1788964296,1660280,0,,single
1788964298,1573100,6,,single
1788964299,488730,3,,single
1788964300,2397250,20,,single
1788964302,269330,0,,single
1788964303,415480,1,,single
1788964304,415350,0,,single
1788964306,774511,8,,single
1788964307,2430730,2,,single
1788964309,510840,1,,single
1788964310,1394960,6,,single
1788964311,2075100,6,,single
1788964313,271360,35,,single
1788964314,1135830,4,,single
1788964316,282010,0,,single
1788964317,1314460,0,,single
1788964319,2717010,25,,single
1788964320,2262080,23,,single
1788964321,2521630,21,,single
1788964323,9800,4,,single
1788964324,448070,0,,single
1788964326,1370140,6,,single
1788964327,1916310,8,,single
1788964328,1986010,13,,single
1788964330,1679320,0,,single
1788964331,1258780,9,,single
1788964333,2766860,0,,single
1788964334,90200,8,,single
1788964335,3408110,7,,single
1788964337,2159730,2,,single
1788964338,1299360,1,,single
1788964340,33570,54,,single
1788964341,839200,66,,single
1788964342,1475400,0,,single
1788964344,724740,0,,single
1788964345,2717260,0,,single
1788964347,2294450,15,,single
1788964348,1301620,1,,single
1788964349,365810,0,,single
1788964351,1334700,2,,single
1788964352,1290170,0,,single
1788964354,2608040,6,,single
1788964355,871420,1,,single
1788964357,2233790,3,,single
1788964358,1781260,15,,single
1788964360,301200,3,,single
1788964361,289620,0,,single
1788964362,3384350,2,,single
1788964364,1501690,7,,single
1788964365,1094820,8,,single
1788964367,979710,141,,single
1788964368,352950,0,,single
1788964369,33520,21,,single
1788964371,3376760,4,,single
1788964372,2910460,0,,single
1788964374,398030,1,,single
1788964375,2091500,2,,single
1788964376,447850,1,,single
1788964378,1494470,6,,single
1788964379,2494780,10,,single
1788964381,289780,18,,single
1788964382,526790,6,,single
1788964384,3328480,12,,single
1788964385,2616140,28,,single
1788964387,887060,7,,single
1788964388,1687000,11,,single
1788964389,3060170,5,,single
1788964391,1637370,3,,single
1788964392,2019760,1,,single
1788964394,1139280,29,,single
1788964395,904380,0,,single
1788964396,1789030,3,,single
1788964398,2749000,14,,single
1788964399,11480,27,,single
1788964401,1321070,0,,single
1788964402,1864880,12,,single
1788964403,296050,0,,single
1788964405,2487060,6,,single
1788964406,2100160,15,,single
1788964408,943370,6,,single
1788964409,680980,0,,single
1788964410,541230,4,,single
1788964412,377900,4,,single
1788964413,2830150,6,,single
1788964415,2082410,1,,single
1788964416,384680,1,,single
1788964417,1259800,23,,single
1788964419,651500,1,,single
1788964420,1296540,0,,single
1788964422,2696320,0,,single
1788964423,462680,1,,single
1788964424,1297330,0,,single
1788964426,1601330,5,,single
1788964427,1418160,0,,single
1788964429,851530,0,,single
1788964430,2162780,2,,single
1788964432,528060,3,,single
1788964434,1133590,4,,single
1788964435,1135910,13,,single
1788964436,494230,2,,single
1788964439,575950,0,,single
1788964441,682530,1,,single
1788964442,2468100,2,,single
1788964444,423590,1,,single
1788964446,864700,40,,single
1788964447,2924170,4,,single
1788964448,2151580,12,,single
1788964449,771350,1,,single
1788964451,2388460,1,,single
1788964452,418190,0,,single
1788964454,780800,0,,single
1788964455,253290,0,,single
1788964457,1791590,2,,single
1788964458,415610,2,,single
1788964459,1266630,214,,single
1788964461,1640630,5,,single
1788964462,862570,5,,single
1788964464,1502970,39,,single
1788964465,1518770,5,,single
1788964467,2305500,12,,single
1788964468,398000,2,,single
1788964469,1213230,1,,single
1788964471,494730,5,,single
1788964473,1049660,1,,single
1788964474,1054550,1,,single
1788964476,746710,4,,single
1788964477,865040,0,,single
1788964478,1311250,0,,single
1788964480,2741560,35,,single
1788964481,1225580,1,,single
1788964482,1335230,2,,single
1788964484,1555400,6,,single
1788964485,1351210,7,,single
1788964487,111600,1,,single
1788964488,2307120,1,,single
1788964489,612930,0,,single
1788964491,1373880,11,,single
1788964492,1620540,3,,single
1788964494,2090760,0,,single
1788964495,2774190,2,,single
1788964496,2130540,0,,single
1788964498,1933840,1,,single
1788964499,1260130,1,,single
1788964501,1546790,2,,single
1788964502,588440,0,,single
1788964503,3385670,0,,single
1788964505,2591210,37,,single
1788964506,340520,3,,single
1788964508,783120,2,,single
1788964509,345430,0,,single
1788964510,2113920,38,,single
1788964512,371670,0,,single
1788964513,65610,0,,single
1788964515,2308630,1,,single
1788964516,929670,18,,single
1788964517,2270210,2,,single
1788964519,1178790,84,,single
1788964520,2951580,1,,single
1788964521,2532050,0,,single
1788964523,1411020,2,,single
1788964524,1186460,0,,single
1788964526,2457540,125,,single
1788964527,2280520,4,,single
1788964528,760410,3,,single
1788964530,1113010,5,,single
1788964531,521350,2,,single
1788964532,824190,0,,single
1788964534,986040,2,,single
1788964535,2479290,10,,single
1788964537,1688100,0,,single
1788964538,1490840,1,,single
1788964539,502770,3,,single
1788964541,485040,2,,single
1788964542,1395760,5,,single
1788964543,2613060,7,,single
1788964545,3046600,73,,single
1788964546,1403650,5,,single
1788964548,2707070,114,,single
1788964549,301840,0,,single
1788964550,294020,0,,single
1788964552,1333470,0,,single
1788964553,545690,0,,single
1788964554,39650,9,,single
1788964556,292600,0,,single
1788964557,2776940,2,,single
1788964559,228960,2,,single
1788964560,546080,1,,single
1788964561,247140,1,,single
1788964563,2361460,3,,single
1788964564,839450,1,,single
1788964566,389270,1,,single
1788964567,1786670,4,,single
1788964568,919280,8,,single
1788964570,2002220,4,,single
1788964571,975270,10,,single
1788964572,1261520,14,,single
1788964574,810660,0,,single
1788964575,2851150,6,,single
1788964576,108700,2,,single
1788964578,625430,1,,single
1788964579,1292910,0,,single
1788964581,1159830,15,,single
1788964582,967390,0,,single
1788964583,2917350,19,,single
1788964585,2543760,2,,single
1788964586,279440,1,,single
1788964587,1252560,1,,single
1788964589,498660,0,,single
1788964590,2514640,3,,single
1788964592,341550,0,,single
1788964593,2439760,3,,single
1788964594,315260,1,,single
1788964596,1090440,0,,single
1788964597,687850,1,,single
1788964599,1119060,0,,single
1788964600,1833490,0,,single
1788964601,209730,1,,single
1788964603,2091250,11,,single
1788964604,1621760,13,,single
1788964606,353550,0,,single
1788964607,263720,1,,single
1788964608,268240,0,,single
1788964610,2536960,2,,single
1788964611,1418020,5,,single
1788964612,574180,4,,single
1788964614,639650,0,,single
1788964615,574050,3,,single
1788964616,1013870,0,,single
1788964618,1096550,13,,single
1788964619,1662480,2,,single
1788964621,530950,0,,single
1788964622,3257490,9,,single
1788964624,2673490,3,,single
1788964625,1144440,2,,single
1788964626,1354230,3,,single
1788964628,444220,1,,single
1788964629,1793090,4,,single
1788964630,251530,5,,single
1788964632,1602560,0,,single
1788964633,842150,37,,single
1788964635,517810,23,,single
1788964636,2744010,20,,single
1788964637,2579280,2,,single
1788964639,1036740,1,,single
1788964640,565860,0,,single
1788964641,396790,0,,single
1788964643,2692570,6,,single
1788964644,1007810,0,,single
1788964646,3080380,0,,single
1788964647,350010,4,,single
1788964648,3598130,1,,single
1788964650,1517150,0,,single
1788964651,555510,3,,single
1788964652,339000,0,,single
1788964654,944920,2,,single
1788964655,326150,0,,single
1788964657,377870,7,,single
1788964658,509250,1,,single
1788964659,232950,1,,single
1788964661,545040,0,,single
1788964662,2061430,13,,single
1788964664,1140630,1,,single
1788964665,2494810,15,,single
1788964666,366690,33,,single
1788964668,2699820,35,,single
1788964669,599610,1,,single
1788964670,2715370,1,,single
1788964672,3029990,0,,single
1788964673,214550,0,,single
1788964675,787850,4,,single
1788964676,1168870,0,,single
1788964678,506730,0,,single
1788964679,469730,1,,single
1788964680,1390700,1,,single
1788964682,1047010,0,,single
1788964683,1750030,1,,single
1788964684,898720,4,,single
1788964686,259780,0,,single
1788964687,1127110,0,,single
1788964689,2853160,8,,single
1788964690,887800,66,,single
1788964692,1299170,16,,single
1788964693,259810,49,,single
1788964694,2192620,2,,single
1788964696,1824960,1,,single
1788964697,721090,30,,single
1788964699,2990640,2,,single
1788964700,882960,0,,single
1788964701,1638390,6,,single
1788964703,1277510,50,,single
1788964704,2817140,4,,single
1788964705,603750,17,,single
1788964707,3064290,7,,single
1788964708,320540,0,,single
1788964710,365020,0,,single
1788964711,3037930,0,,single
1788964713,1600780,7,,single
1788964714,1132910,3,,single
1788964716,1473050,0,,single
1788964717,1349540,44,,single
1788964718,1883090,1,,single
1788964720,891510,0,,single
1788964721,380750,2,,single
1788964723,512180,15,,single
1788964724,1061880,0,,single
1788964725,423620,0,,single
1788964727,11340,0,,single
1788964728,1576240,0,,single
1788964730,2752720,3,,single
1788964731,1074080,3,,single
1788964732,1116480,2,,single
1788964734,2530420,3,,single
1788964735,1889740,3,,single
1788964736,65730,1,,single
1788964738,314010,1,,single
1788964739,1286340,0,,single
1788964742,963450,1,,single
1788964744,3107770,15,,single
1788964745,655290,4,,single
1788964746,1614270,4,,single
1788964748,675690,59,,single
1788964749,2411910,36,,single
1788964751,1299400,10,,single
1788964752,306670,0,,single
1788964753,2794830,4,,single
1788964755,1440500,2,,single
1788964756,487370,1,,single
1788964758,1534340,2,,single
1788964759,463930,0,,single
1788964760,242130,0,,single
1788964762,549860,0,,single
1788964763,2153330,8,,single
1788964764,1025140,8,,single
1788964766,2818450,2,,single
1788964767,687920,1,,single
1788964768,1515640,29,,single
1788964770,1071100,55,,single
1788964771,573130,1,,single
1788964772,1502040,1,,single
1788964774,537990,0,,single
1788964776,3281300,1,,single
1788964777,1627850,1,,single
1788964778,402160,0,,single
1788964780,1129570,11,,single
1788964781,219760,6,,single
1788964782,1037590,0,,single
1788964784,1273560,0,,single
1788964785,2976900,0,,single
1788964786,3469850,13,,single
1788964788,1177400,1,,single
1788964789,775900,4,,single
1788964790,393980,0,,single
1788964792,2336980,18,,single
1788964793,2637940,29,,single
1788964794,908360,2,,single
1788964796,1993180,5,,single
1788964797,787790,10,,single
1788964799,2055220,1,,single
1788964800,893010,3,,single
1788964801,783840,2,,single
1788964803,1859360,15,,single
1788964804,1437840,133,,single
1788964805,604780,2,,single
1788964807,7210,3,,single
1788964808,1137350,5,,single
1788964809,1969440,2,,single
1788964811,837880,2,,single
1788964812,799240,99,,single
1788964814,522940,0,,single
1788964815,1238730,2,,single
1788964816,855630,0,,single
1788964818,2288210,7,,single
1788964819,553960,0,,single
1788964820,339120,0,,single
1788964822,930780,1,,single
1788964823,2300160,0,,single
1788964825,338140,2,,single
1788964826,1491200,18,,single
1788964827,46410,2,,single
1788964829,252550,1,,single
1788964830,618080,0,,single
1788964831,1413660,1,,single
1788964833,432100,0,,single
1788964834,260570,4,,single
1788964836,1114290,1,,single
1788964837,45300,0,,single
1788964838,2822370,8,,single
1788964840,1952250,1,,single
1788964841,692030,3,,single
1788964843,370350,7,,single
1788964844,1078280,0,,single
1788964845,1046300,11,,single
1788964847,1836550,22,,single
1788964848,300610,14,,single
1788964849,3098470,9,,single
1788964851,896440,0,,single
1788964852,882020,1,,single
1788964854,2421310,6,,single
1788964855,696180,9,,single
1788964856,1251930,0,,single
1788964858,1985260,15,,single
1788964859,1134520,0,,single
1788964860,1792820,4,,single
1788964862,2464880,8,,single
1788964863,298400,1,,single
1788964865,377670,0,,single
1788964866,2712540,1,,single
1788964867,410430,37,,single
1788964869,305940,1,,single
1788964870,1998450,2,,single
1788964871,1167680,8,,single
1788964873,2776500,2,,single
1788964874,2891120,6,,single
1788964876,446810,0,,single
1788964877,1202310,3,,single
1788964878,2514460,0,,single
1788964880,434000,0,,single
1788964881,1184810,2,,single
1788964882,339470,1,,single
1788964884,414730,1,,single
1788964885,330460,0,,single
1788964887,1917920,2,,single
1788964888,2432110,8,,single
1788964889,704040,20,,single
1788964891,328270,0,,single
1788964892,392580,0,,single
1788964893,1339460,1,,single
1788964895,2810,14,,single
1788964896,252310,0,,single
1788964898,384500,0,,single
1788964899,46260,5,,single
1788964900,1808780,1,,single
1788964902,2014380,14,,single
1788964903,3050220,33,,single
1788964904,223630,12,,single
1788964906,847360,5,,single
1788964907,1962430,9,,single
1788964909,1035560,1,,single
1788964910,780670,0,,single
1788964911,411330,1,,single
1788964913,11150,3,,single
1788964914,1357610,2,,single
1788964915,814200,0,,single
1788964917,1325890,5,,single
1788964918,427700,11,,single
1788964919,3553210,7,,single
1788964921,680380,0,,single
1788964922,1170640,0,,single
1788964924,397500,0,,single
1788964925,32350,1,,single
1788964926,979560,9,,single
1788964927,1111450,2,,single
1788964929,1188540,0,,single
1788964930,7530,24,,single
1788964932,3288600,10,,single
1788964933,277460,6,,single
1788964934,204860,10,,single
1788964936,319970,0,,single
1788964937,350110,13,,single
1788964938,1370170,2,,single
1788964940,983350,2,,single
1788964941,1114130,3,,single
1788964942,1031920,1,,single
1788964944,642560,0,,single
1788964945,1504150,3,,single
1788964946,2825110,2,,single
1788964948,2455920,7,,single
1788964949,521570,1,,single
1788964951,610810,4,,single
1788964952,2789810,5,,single
1788964953,880580,14,,single
1788964955,1781890,4,,single
1788964956,2937710,2,,single
1788964957,516480,1,,single
1788964959,2285630,4,,single
1788964960,273770,0,,single
1788964961,2022930,3,,single
1788964963,1895890,0,,single
1788964964,1363900,0,,single
1788964965,212410,0,,single
1788964967,840210,2,,single
1788964968,630720,0,,single
1788964970,2147380,15,,single
1788964971,1607200,11,,single
1788964972,569800,1,,single
1788964974,466810,0,,single
1788964975,640120,0,,single
1788964976,236790,0,,single
1788964978,1783280,4,,single
1788964979,2823890,29,,single
1788964980,227380,1,,single
1788964982,527280,1,,single
1788964983,1183260,0,,single
1788964984,1304340,5,,single
1788964986,2165620,4,,single
1788964987,303290,5,,single
1788964989,471810,0,,single
1788964990,1094530,6,,single
1788964991,623840,0,,single
1788964993,543140,0,,single
1788964994,1449750,2,,single
1788964995,3088410,0,,single
1788964997,332790,1,,single
1788964998,730830,2,,single
1788964999,489220,0,,single
1788965001,951820,1,,single
1788965002,286460,8,,single
1788965003,1736400,2,,single
1788965005,912570,1,,single
1788965006,2868430,0,,single
1788965007,2650730,32,,single
1788965009,3428620,0,,single
1788965010,892860,1,,single
1788965011,235820,0,,single
1788965013,2268470,1,,single
1788965014,933860,1,,single
1788965015,1056490,2,,single
1788965017,290260,3,,single
1788965018,819020,12,,single
1788965020,70640,2,,single
1788965021,2552440,145,,single
1788965022,253960,0,,single
1788965024,493720,1,,single
1788965025,1743830,8,,single
1788965026,1588870,2,,single
1788965028,1100150,28,,single
1788965029,1498130,10,,single
1788965030,1243960,10,,single
1788965032,656970,0,,single
1788965033,2804510,1,,single
1788965035,1960590,3,,single
1788965036,345200,2,,single
1788965037,1200720,3,,single
1788965039,262450,1,,single
1788965041,3444480,6,,single
1788965042,1116170,2,,single
1788965044,2753620,12,,single
1788965045,288880,0,,single
1788965046,707300,0,,single
1788965048,758090,3,,single
1788965049,749250,0,,single
1788965050,417750,0,,single
1788965052,2264140,16,,single
1788965053,409450,3,,single
1788965054,3489670,2,,single
1788965056,1248060,2,,single
1788965057,457710,0,,single
1788965058,32620,7,,single
1788965060,590590,0,,single
1788965061,395850,0,,single
1788965062,382260,0,,single
1788965064,2095450,4,,single
1788965065,614630,16,,single
1788965066,2928330,0,,single
1788965068,1412170,1,,single
1788965069,3032020,0,,single
1788965070,3107900,3,,single
1788965072,218760,11,,single
1788965073,2824310,6,,single
1788965074,581300,3,,single
1788965076,547340,0,,single
1788965077,12470,16,,single
1788965078,1924170,30,,single
1788965080,2428810,2,,single
1788965081,115210,13,,single
1788965082,606730,0,,single
1788965084,1155590,3,,single
1788965085,689900,4,,single
1788965087,207020,0,,single
1788965088,977230,0,,single
1788965089,1674920,3,,single
1788965091,534290,2,,single
1788965092,1591450,2,,single
1788965093,1409530,1,,single
1788965095,2753720,3,,single
1788965096,46250,0,,single
1788965097,2078040,3,,single
1788965099,2384920,2,,single
1788965100,1568970,0,,single
1788965101,1189100,17,,single
1788965103,248470,0,,single
1788965104,1026110,0,,single
1788965105,720030,0,,single
1788965107,1648190,0,,single
1788965108,936160,18,,single
1788965110,1148490,6,,single
1788965111,748040,31,,single
1788965112,1018130,0,,single
1788965114,3169580,20,,single
1788965115,1141100,1,,single
1788965116,3027620,6,,single
1788965118,1453850,33,,single
1788965119,2343930,0,,single
1788965121,409850,1,,single
1788965122,453690,1,,single
1788965123,517160,3,,single
1788965125,1555150,0,,single
1788965126,552970,0,,single
1788965127,864160,1,,single
1788965129,297920,5,,single
1788965130,35320,0,,single
1788965131,1944250,10,,single
1788965133,226960,0,,single
1788965134,586110,1,,single
1788965135,470740,1,,single
1788965137,1037190,0,,single
1788965138,643810,1,,single
1788965139,1732920,7,,single
1788965141,331920,20,,single
1788965142,1945760,2,,single
1788965143,299050,0,,single
1788965145,243360,2,,single
1788965146,943140,1,,single
1788965148,2916770,38,,single
1788965149,2738940,1,,single
1788965150,644540,17,,single
1788965152,2314820,14,,single
1788965153,1629200,2,,single
1788965155,850980,0,,single
1788965156,1810960,0,,single
1788965157,2630020,10,,single
1788965159,781480,0,,single
1788965160,302190,0,,single
1788965161,27020,0,,single
1788965163,2479720,0,,single
1788965164,1642220,2,,single
1788965165,324140,3,,single
1788965167,638160,0,,single
1788965168,460850,1,,single
1788965169,723790,3,,single
1788965171,991810,3,,single
1788965172,115200,12,,single
1788965173,1306770,1,,single
1788965175,1590660,0,,single
1788965176,450500,0,,single
1788965177,2243110,5,,single
1788965179,721180,0,,single
1788965180,257970,1,,single
1788965181,423490,1,,single
1788965183,80360,0,,single
1788965184,1349960,2,,single
1788965185,2693940,3,,single
1788965187,2553050,0,,single
1788965188,2097030,1,,single
1788965189,787740,2,,single
1788965191,585890,0,,single
1788965192,365660,0,,single
1788965194,351860,186,,single
1788965195,255870,1,,single
1788965196,2129810,0,,single
1788965198,61520,17,,single
1788965199,2550040,1,,single
1788965200,1188720,0,,single
1788965202,1998530,2,,single
1788965203,39560,1,,single
1788965204,1642790,2,,single
1788965206,1866630,1,,single
1788965207,659960,0,,single
1788965208,2523310,9,,single
1788965210,407980,1,,single
1788965211,1875280,0,,single
1788965212,2168260,11,,single
1788965214,4880,30,,single
1788965215,2730530,2,,single
1788965216,1309620,1,,single
1788965218,1755180,4,,single
1788965219,782340,0,,single
1788965220,1448260,2,,single
1788965222,561610,10,,single
1788965223,3487060,15,,single
1788965224,1346830,1,,single
1788965226,490370,24,,single
1788965227,416000,0,,single
1788965229,3357250,4,,single
1788965230,206690,1,,single
1788965231,2600570,10,,single
1788965233,880400,0,,single
1788965234,1644150,1,,single
1788965235,1509090,0,,single
1788965237,3373670,0,,single
1788965238,1691970,8,,single
1788965240,1295270,10,,single
1788965241,336610,3,,single
1788965242,1710540,7,,single
1788965244,575510,0,,single
1788965245,211010,2,,single
1788965246,239700,0,,single
1788965248,2198800,19,,single
1788965249,1530,0,,single
1788965250,500670,0,,single
1788965252,1960480,13,,single
1788965253,319180,2,,single
1788965255,45450,0,,single
1788965256,1158690,14,,single
1788965257,1681840,8,,single
1788965259,398100,0,,single
1788965260,1020340,1,,single
1788965261,583930,8,,single
1788965263,528660,0,,single
1788965264,1985420,0,,single
1788965265,633110,0,,single
1788965267,1269810,2,,single
1788965268,231310,0,,single
1788965270,592480,2,,single
1788965271,567670,0,,single
1788965272,1422420,2,,single
1788965274,370060,3,,single
1788965275,1020800,3,,single
1788965276,259320,0,,single
1788965278,1520380,0,,single
1788965279,2785280,7,,single
1788965280,1428710,0,,single
1788965282,1226530,1,,single
1788965283,2793290,0,,single
1788965284,889600,1,,single
1788965286,619390,8,,single
1788965287,22670,0,,single
1788965288,444140,4,,single
1788965290,1794780,4,,single
1788965291,2005210,3,,single
1788965292,301610,7,,single
1788965294,311120,0,,single
1788965295,1810820,65,,single
1788965297,467930,0,,single
1788965298,281410,2,,single
1788965299,1549030,0,,single
1788965301,2328310,0,,single
1788965302,1577620,6,,single
1788965304,2458430,0,,single
1788965305,2141770,5,,single
1788965307,346750,12,,single
1788965308,460960,38,,single
1788965310,1588560,2,,single
1788965311,403400,4,,single
1788965312,1125390,2,,single
1788965314,115220,16,,single
1788965315,1120560,0,,single
1788965316,370540,14,,single
1788965318,576130,0,,single
1788965319,1097530,0,,single
1788965321,2794770,3,,single
1788965322,3601790,2,,single
1788965323,968350,0,,single
1788965325,322130,5,,single
1788965326,405780,0,,single
1788965327,2655590,23,,single
1788965329,201490,2,,single
1788965330,384310,7,,single
1788965331,596590,0,,single
1788965333,1269150,0,,single
1788965334,1364800,0,,single
1788965337,298480,5,,single
1788965340,2026990,2,,single
1788965341,2279600,0,,single
1788965343,3131680,0,,single
1788965344,705280,3,,single
1788965345,265810,0,,single
1788965347,724250,9,,single
1788965348,3029820,2,,single
1788965349,253860,4,,single
1788965351,1787500,2,,single
1788965352,1673190,3,,single
1788965353,1905020,0,,single
1788965355,2736020,1,,single
1788965356,1258310,0,,single
1788965358,46370,0,,single
1788965359,3147510,0,,single
1788965360,403950,2,,single
1788965362,1731460,3,,single
1788965363,336060,2,,single
1788965364,357280,4,,single
1788965366,3114010,1,,single
1788965367,420520,3,,single
1788965368,963330,20,,single
1788965370,606860,1,,single
1788965371,1335240,8,,single
1788965373,301300,8,,single
1788965374,1147450,0,,single
1788965375,837610,5,,single
1788965377,364230,0,,single
1788965378,961620,0,,single
1788965379,431250,1,,single
1788965381,3193670,2,,single
1788965382,1306750,0,,single
1788965384,3044030,3,,single
1788965385,1717640,1,,single
1788965386,2843640,16,,single
1788965388,445110,3,,single
1788965389,256390,3,,single
1788965391,1322300,5,,single
1788965392,848030,3,,single
1788965393,1146230,1,,single
1788965395,1011590,4,,single
1788965396,789100,147,,single
1788965397,9060,0,,single
1788965399,292330,2,,single
1788965400,307340,1,,single
1788965401,2473980,2,,single
1788965403,2309400,0,,single
1788965404,2840250,0,,single
1788965406,3562530,0,,single
1788965407,1846330,3,,single
1788965408,620220,1,,single
1788965410,2071200,2,,single
1788965411,39520,10,,single
1788965412,461730,0,,single
1788965414,431710,8,,single
1788965415,2286770,13,,single
1788965417,3242950,31,,single
1788965418,1732330,5,,single
1788965419,2529520,12,,single
1788965421,320320,5,,single
1788965422,2716110,1,,single
1788965424,1356240,4,,single
1788965425,2877720,1,,single
1788965426,2638050,1,,single
1788965428,598730,2,,single
1788965429,1502560,8,,single
1788965431,436160,24,,single
1788965432,1291790,3,,single
1788965433,2330870,1,,single
1788965435,2492290,2,,single
1788965436,449550,4,,single
1788965438,492150,0,,single
1788965439,508790,1,,single
1788965440,1252710,0,,single
1788965442,222160,0,,single
1788965443,655160,0,,single
1788965444,1546710,5,,single
1788965446,214910,4,,single
1788965447,2562730,101,,single
1788965449,62000,3,,single
1788965450,2336200,2,,single
1788965451,385250,4,,single
1788965453,1551530,16,,single
1788965455,2096030,2,,single
1788965456,1561040,1,,single
1788965457,542480,13,,single
1788965459,541640,4,,single
1788965460,1015890,0,,single
1788965461,1247170,6,,single
1788965463,2513240,51,,single
1788965464,463980,3,,single
1788965466,726910,2,,single
1788965467,263320,0,,single
1788965468,1185160,1,,single
1788965470,2296380,1,,single
1788965471,390100,1,,single
1788965473,497730,1,,single
1788965474,2745800,0,,single
1788965476,1957990,0,,single
1788965477,1880470,1,,single
1788965478,715010,0,,single
1788965480,1477920,0,,single
1788965481,2351330,1,,single
1788965483,506900,0,,single
1788965484,1092140,2,,single
1788965485,2719190,2,,single
1788965487,1163910,0,,single
1788965488,495290,16,,single
1788965489,914320,14,,single
1788965491,810500,3,,single
1788965492,11180,1,,single
1788965493,787400,0,,single
1788965495,1409200,0,,single
1788965496,985950,3,,single
1788965498,1251460,0,,single
1788965499,1934030,1,,single
1788965500,3432160,0,,single
1788965502,1040730,45,,single
1788965503,1479810,1,,single
1788965504,594040,0,,single
1788965506,3002620,2,,single
1788965507,655780,2,,single
1788965509,3201910,2,,single
1788965510,265120,0,,single
1788965511,1226670,6,,single
1788965513,1446350,1,,single
1788965514,2903160,2,,single
1788965515,936490,0,,single
1788965517,281200,1,,single
1788965518,1407860,21,,single
1788965520,375750,0,,single
1788965521,1502380,6,,single
1788965522,3800,0,,single
1788965524,1735420,1,,single
1788965525,1942440,1,,single
1788965527,1668460,1,,single
1788965528,2529080,3,,single
1788965529,416450,36,,single
1788965531,567580,0,,single
1788965532,497850,1,,single
1788965534,808080,23,,single
1788965535,403900,1,,single
1788965536,1450080,51,,single
1788965538,463220,0,,single
1788965539,544970,0,,single
1788965541,332260,7,,single
1788965542,313080,1,,single
1788965543,628050,187,,single
1788965545,1318740,2,,single
1788965546,2616430,11,,single
1788965547,2056340,2,,single
1788965549,453290,1,,single
1788965550,1566880,9,,single
1788965551,436290,0,,single
1788965553,581030,0,,single
1788965554,1561340,0,,single
1788965555,939990,6,,single
1788965557,523600,13,,single
1788965558,1257200,6,,single
1788965559,579820,0,,single
1788965561,428180,22,,single
1788965562,2392520,56,,single
1788965563,1610460,12,,single
1788965565,1540350,3,,single
1788965566,750290,1,,single
1788965568,635250,1,,single
1788965569,2966850,0,,single
1788965570,1167790,1,,single
1788965572,352220,1,,single
1788965573,1665130,3,,single
1788965574,2452080,10,,single
1788965576,435440,35,,single
1788965577,2409360,2,,single
1788965579,34410,4,,single
1788965580,1011610,1,,single
1788965581,1348390,15,,single
1788965583,2060790,0,,single
1788965584,1144970,0,,single
1788965586,342620,0,,single
1788965587,1097110,2,,single
1788965589,792050,0,,single
1788965590,1803390,5,,single
1788965591,1020730,0,,single
1788965593,287200,4,,single
1788965594,1141650,2,,single
1788965595,1627680,3,,single
1788965597,1028350,0,,single
1788965598,742500,8,,single
1788965600,263860,1,,single
1788965601,1805930,0,,single
1788965602,1363850,0,,single
1788965604,725780,0,,single
1788965605,2050510,4,,single
1788965606,2515070,2,,single
1788965608,1680000,35,,single
1788965609,2647820,12,,single
1788965611,1832220,0,,single
1788965612,444490,0,,single
1788965614,1374290,0,,single
1788965615,1961160,1,,single
1788965616,1451080,0,,single
1788965618,2839450,1,,single
1788965619,769670,4,,single
1788965620,323670,0,,single
1788965622,948880,0,,single
1788965623,663110,0,,single
1788965625,1184250,11,,single
1788965626,1397650,0,,single
1788965627,319760,1,,single
1788965629,826230,0,,single
1788965631,512460,0,,single
1788965632,272620,2,,single
1788965634,9760,15,,single
1788965635,1939100,0,,single
1788965636,957660,2,,single
1788965640,489380,0,,single
1788965642,1078330,1,,single
1788965643,1154850,2,,single
1788965644,1103860,3,,single
1788965646,1586700,6,,single
1788965647,1368340,2,,single
1788965649,2475040,1,,single
1788965650,428880,3,,single
1788965652,1218170,0,,single
1788965653,3024830,1,,single
1788965654,2904290,1,,single
1788965656,293660,0,,single
1788965657,1019450,0,,single
1788965659,1076550,6,,single
1788965660,235980,2,,single
1788965661,754120,1,,single
1788965663,329460,1,,single
1788965664,404040,16,,single
1788965665,1798020,49,,single
1788965667,24480,1,,single
1788965668,1285360,1,,single
1788965670,289800,1,,single
1788965671,1381530,1,,single
1788965673,1762570,4,,single
1788965674,787040,0,,single
1788965676,1098610,1,,single
1788965677,2722270,1,,single
1788965678,286480,4,,single
1788965680,400510,0,,single
1788965681,782690,1,,single
1788965683,215710,10,,single
1788965684,3327170,1,,single
1788965685,1304430,13,,single
1788965686,2800,14,,single
1788965688,273070,0,,single
1788965689,548840,1,,single
1788965691,32630,7,,single
1788965692,1245250,0,,single
1788965694,1933370,5,,single
1788965695,2074480,2,,single
1788965696,364640,1,,single
1788965698,945460,0,,single
1788965699,1079830,2,,single
1788965701,1983220,0,,single
1788965702,223730,0,,single
1788965703,3446150,15,,single
1788965705,1457520,14,,single
1788965706,67000,0,,single
1788965707,1693040,0,,single
1788965709,366640,0,,single
1788965710,1118380,0,,single
1788965712,2248330,0,,single
1788965713,1077970,0,,single
1788965714,510540,1,,single
1788965716,291710,1,,single
1788965717,1536080,24,,single
1788965718,825730,25,,single
1788965720,2437040,4,,single
1788965721,2116510,2,,single
1788965723,1596540,2,,single
1788965724,3091390,4,,single
1788965726,2295970,3,,single
1788965727,2615670,4,,single
1788965728,2836860,4,,single
1788965730,2258590,34,,single
1788965731,1028590,3,,single
1788965733,2593900,1,,single
1788965734,1561910,0,,single
1788965735,2665460,7,,single
1788965737,968440,12,,single
1788965738,618510,0,,single
1788965740,1393420,1,,single
1788965741,3244210,34,,single
1788965742,1341490,1,,single
1788965744,1169740,0,,single
1788965745,1984720,59,,single
1788965747,1114430,4,,single
1788965748,3331320,12,,single
1788965750,2116260,0,,single
1788965751,11130,0,,single
1788965752,465170,0,,single
1788965754,946610,16,,single
1788965755,613470,5,,single
1788965757,1112830,4,,single
1788965758,389900,1,,single
1788965759,3990,135,,single
1788965761,490230,0,,single
1788965762,695100,0,,single
1788965764,1162560,1,,single
1788965765,463170,1,,single
1788965766,1921980,1,,single
1788965768,769920,7,,single
1788965769,229810,0,,single
1788965770,1338420,0,,single
1788965772,433000,4,,single
1788965773,3226850,3,,single
1788965775,1043500,1,,single
1788965776,1493300,2,,single
1788965777,403290,0,,single
1788965779,1378060,1,,single
1788965780,444480,0,,single
1788965782,2330360,0,,single
1788965783,925930,9,,single
1788965784,446380,0,,single
1788965786,742520,1,,single
1788965787,2398030,30,,single
1788965789,2978540,4,,single
1788965790,1335940,1,,single
1788965791,2601940,1,,single
1788965793,1274300,1,,single
1788965794,9500,1,,single
1788965796,2456960,1,,single
1788965797,1512480,0,,single
1788965798,844330,0,,single
1788965800,2119590,6,,single
1788965801,388620,2,,single
1788965802,890970,2,,single
1788965804,308270,0,,single
1788965805,2094070,1,,single
1788965807,378270,0,,single
1788965808,650330,0,,single
1788965809,550340,0,,single
1788965811,1144020,1,,single
1788965812,961490,1,,single
1788965814,252910,0,,single
1788965815,1507120,2,,single
1788965816,283080,0,,single
1788965818,2348090,5,,single
1788965819,1504250,1,,single
1788965821,1412470,1,,single
1788965822,1068360,2,,single
1788965823,1331910,0,,single
1788965825,2960770,2,,single
1788965826,1709170,0,,single
1788965827,387930,1,,single
1788965829,335790,0,,single
1788965830,1219950,0,,single
1788965831,1912750,3,,single
1788965833,2017370,0,,single
1788965834,975120,0,,single
1788965836,2543050,1,,single
1788965837,976700,1,,single
1788965838,1475430,1,,single
1788965840,671390,2,,single
1788965841,2311260,4,,single
1788965843,1649740,1,,single
1788965844,2154650,2,,single
1788965845,678560,2,,single
1788965847,1152300,6,,single
1788965848,1998340,36,,single
1788965850,860860,4,,single
1788965851,451780,0,,single
1788965853,529490,4,,single
1788965854,625470,1,,single
1788965856,1483780,2,,single
1788965857,1742360,3,,single
1788965859,1674820,0,,single
1788965860,351870,16,,single
1788965861,293240,0,,single
1788965863,2071430,2,,single
1788965864,1961520,5,,single
1788965866,1925320,0,,single
1788965867,3304770,3,,single
1788965868,2374000,0,,single
1788965870,3001730,1,,single
1788965871,769950,3,,single
1788965873,900400,0,,single
1788965874,2876250,0,,single
1788965875,405950,0,,single
1788965877,1475850,6,,single
1788965878,541370,0,,single
1788965880,2573260,1,,single
1788965881,923570,0,,single
1788965882,1067860,1,,single
1788965884,200020,1,,single
1788965885,73210,0,,single
1788965887,3167970,2,,single
1788965888,1412850,2,,single
1788965889,778390,3,,single
1788965891,1281790,1,,single
1788965892,271370,29,,single
1788965894,414190,2,,single
1788965895,247350,1,,single
1788965897,1605320,3,,single
1788965898,350310,4,,single
1788965899,1517180,5,,single
1788965901,1194680,1,,single
1788965902,630900,2,,single
1788965904,3521320,4,,single
1788965905,562270,0,,single
1788965906,1386040,0,,single
1788965908,372390,5,,single
1788965909,3263210,1,,single
1788965911,1671280,1,,single
1788965912,46450,0,,single
1788965913,496680,52,,single
1788965915,848050,29,,single
1788965916,546400,0,,single
1788965918,1925090,1,,single
1788965919,280560,0,,single
1788965920,2956280,6,,single
1788965922,1248080,3,,single
1788965923,388420,1,,single
1788965925,971690,3,,single
1788965926,756880,0,,single
1788965928,2356460,0,,single
1788965929,1037560,0,,single
1788965932,1967820,5,,single
1788965933,1247100,0,,single
1788965934,322900,0,,single
1788965936,2776570,2,,single
1788965937,2910,6,,single
1788965940,2078350,26,,single
1788965941,2125770,2,,single
1788965943,931650,18,,single
1788965944,16710,0,,single
1788965946,1206410,9,,single
1788965947,1847150,1,,single
1788965948,1194590,1,,single
1788965950,442210,0,,single
1788965951,904540,3,,single
1788965953,3194550,17,,single
1788965954,267980,0,,single
1788965955,1771180,0,,single
1788965957,926390,22,,single
1788965958,390730,0,,single
1788965960,259130,1,,single
1788965961,2648050,4,,single
1788965962,2631960,100,,single
1788965964,1157750,1,,single
1788965965,2086680,8,,single
1788965967,1304610,0,,single
1788965968,725330,0,,single
1788965970,415170,0,,single
1788965971,2373290,0,,single
1788965973,3048140,0,,single
1788965974,612300,49,,single
1788965976,474010,0,,single
1788965977,1823390,3,,single
1788965979,1295320,4,,single
1788965980,2162820,28,,single
1788965981,1714900,6,,single
1788965983,703180,0,,single
1788965984,1662140,2,,single
1788965986,227060,3,,single
1788965987,502090,0,,single
1788965988,1480830,0,,single
1788965990,1243220,1,,single
1788965991,3077020,33,,single
1788965992,1788100,1,,single
1788965994,2512930,2,,single
1788965995,367000,2,,single
1788965997,485870,1,,single
1788965998,1972710,0,,single
1788966000,279140,2,,single
1788966001,1570760,1,,single
1788966002,2587770,4,,single
1788966004,3296760,0,,single
1788966005,968370,1,,single
1788966007,827290,0,,single
1788966008,364300,0,,single
1788966009,221830,1,,single
1788966011,434020,2,,single
1788966012,881420,0,,single
1788966014,438430,0,,single
1788966015,1627870,1,,single
1788966017,1398390,1,,single
1788966018,411310,11,,single
1788966020,687750,0,,single
1788966021,356260,6,,single
1788966022,1336600,0,,single
1788966024,1949770,31,,single
1788966025,2711030,1,,single
1788966027,3139620,1,,single
1788966028,3340810,2,,single
1788966030,1581480,0,,single
1788966031,685310,13,,single
1788966033,1896880,4,,single
1788966034,2116850,3,,single
1788966037,38430,1,,single
1788966038,1960900,0,,single
1788966039,256030,2,,single
1788966041,1443430,4,,single
1788966042,202130,3,,single
1788966044,1484960,0,,single
1788966045,3227760,13,,single
1788966047,919410,1,,single
1788966048,3275010,0,,single
1788966049,2242100,3,,single
1788966051,1172980,0,,single
1788966052,582810,0,,single
1788966054,80200,1,,single
1788966055,237550,7,,single
1788966056,385080,1,,single
1788966058,1284130,0,,single
1788966059,1454520,1,,single
1788966060,2598020,5,,single
1788966062,531680,0,,single
1788966064,1652680,0,,single
1788966065,1036440,0,,single
1788966066,296220,9,,single
1788966068,2229940,1,,single
1788966069,1083870,0,,single
1788966071,319320,0,,single
1788966072,387840,0,,single
1788966074,437000,3,,single
1788966075,1477700,1,,single
1788966077,1979410,0,,single
1788966078,2211730,2,,single
1788966079,270010,1,,single
1788966081,1454010,1,,single
1788966082,944080,6,,single
1788966084,488210,1,,single
1788966085,446120,0,,single
1788966086,1942010,0,,single
1788966088,2202590,0,,single
1788966089,1563700,0,,single
1788966091,312650,0,,single
1788966092,2162020,0,,single
1788966093,2118130,1,,single
1788966095,898800,6,,single
1788966096,2401680,1,,single
1788966098,3116640,1,,single
1788966099,1733880,0,,single
1788966101,1541020,57,,single
1788966102,201070,0,,single
1788966103,1209000,0,,single
1788966105,697610,18,,single
1788966106,2505570,75,,single
1788966108,547050,3,,single
1788966109,1299510,5,,single
1788966110,1573750,0,,single
1788966112,804850,1,,single
1788966113,2474030,1,,single
1788966115,3223390,0,,single
1788966116,2974060,1,,single
1788966118,32150,5,,single
1788966119,3443610,2,,single
1788966120,2753520,0,,single
1788966122,919260,4,,single
1788966123,513340,1,,single
1788966125,1861290,1,,single
1788966126,1546500,0,,single
1788966127,2103680,1,,single
1788966129,3432500,1,,single
1788966130,509110,0,,single
1788966132,1028730,0,,single
1788966133,2825300,19,,single
1788966135,453310,0,,single
1788966136,934860,0,,single
1788966137,453750,2,,single
1788966139,888040,6,,single
1788966140,910880,4,,single
1788966142,489370,0,,single
1788966143,530120,0,,single
1788966144,1303660,1,,single
1788966146,1392170,0,,single
1788966147,1393830,0,,single
1788966149,235660,21,,single
1788966150,949970,0,,single
1788966152,470270,1,,single
1788966153,361040,1,,single
1788966154,469800,5,,single
1788966156,258950,1,,single
1788966157,304580,1,,single
1788966159,2061250,3,,single
1788966160,727730,0,,single
1788966161,1463890,0,,single
1788966163,1841240,5,,single
1788966164,1416730,0,,single
1788966166,277110,2,,single
1788966167,439250,47,,single
1788966168,267960,1,,single
1788966170,246960,0,,single
1788966171,622770,0,,single
1788966173,1337920,1,,single
1788966174,977390,1,,single
1788966176,2230070,6,,single
1788966177,70110,0,,single
1788966178,2460980,0,,single
1788966180,202730,1,,single
1788966181,1980240,1,,single
1788966183,2380320,1,,single
1788966184,626510,0,,single
1788966185,1608040,0,,single
1788966187,595960,1,,single
1788966188,2737970,8,,single
1788966190,579940,16,,single
1788966191,395270,0,,single
1788966192,398170,4,,single
1788966194,1665260,12,,single
1788966195,1503670,0,,single
1788966197,529910,0,,single
1788966198,1341160,14,,single
1788966199,585950,0,,single
1788966201,3141720,14,,single
1788966202,1170230,0,,single
1788966204,2180700,6,,single
1788966205,395620,1,,single
1788966206,1163690,0,,single
1788966208,336080,0,,single
1788966209,539400,1,,single
1788966211,1247360,2,,single
1788966212,501120,1,,single
1788966214,2450400,2,,single
1788966215,406850,0,,single
1788966216,854860,1,,single
1788966218,1920100,0,,single
1788966219,1497450,0,,single
1788966221,1162700,0,,single
1788966222,651090,1,,single
1788966223,63800,0,,single
1788966225,704230,22,,single
1788966226,512270,1,,single
1788966228,1866980,3,,single
1788966229,343930,3,,single
1788966231,297760,2,,single
1788966232,1058060,1,,single
1788966234,1736290,3,,single
1788966235,2079950,1,,single
1788966237,579110,0,,single
1788966240,935930,0,,single
1788966242,1524750,0,,single
1788966243,992730,0,,single
1788966245,973000,0,,single
1788966246,448240,0,,single
1788966247,392000,4,,single
1788966249,1865670,1,,single
1788966250,2948640,1,,single
1788966251,1919470,4,,single
1788966253,1457510,42,,single
1788966254,606980,0,,single
1788966256,1037910,0,,single
1788966257,2253470,4,,single
1788966258,3002930,1,,single
1788966260,351790,0,,single
1788966261,730050,1,,single
1788966262,404080,6,,single
1788966264,1285060,2,,single
1788966265,3058140,1,,single
1788966267,3220010,0,,single
1788966268,346820,2,,single
1788966269,3175860,1,,single
1788966271,595430,0,,single
1788966272,355630,2,,single
1788966274,1437340,0,,single
1788966275,1487590,2,,single
1788966276,344440,2,,single
1788966278,583040,2,,single
1788966279,1063590,2,,single
1788966281,286200,3,,single
1788966282,1510950,1,,single
1788966283,2785200,2,,single
1788966285,2630080,1,,single
1788966286,628080,111,,single
1788966287,1424710,5,,single
1788966289,843660,226,,single
1788966290,336300,1,,single
1788966292,985430,0,,single
1788966293,824280,2,,single
1788966294,1585910,2,,single
1788966296,1525660,1,,single
1788966297,448470,1,,single
1788966298,347610,9,,single
1788966300,1109690,5,,single
1788966301,697650,2,,single
1788966303,977460,3,,single
1788966304,391740,0,,single
1788966305,353190,0,,single
1788966307,539670,0,,single
1788966308,252830,0,,single
1788966309,2118370,0,,single
1788966311,2060870,0,,single
1788966312,446640,0,,single
1788966313,2295610,2,,single
1788966315,1933740,2,,single
1788966316,2322180,1,,single
1788966317,589320,0,,single
1788966319,409000,2,,single
1788966320,2211390,0,,single
1788966322,1216880,2,,single
1788966323,1749750,7,,single
1788966324,1078970,0,,single
1788966326,1506440,0,,single
1788966327,2601030,0,,single
1788966328,2985930,4,,single
1788966330,411760,0,,single
1788966331,1434540,1,,single
1788966333,1358800,23,,single
1788966334,2794610,1,,single
1788966335,2216660,3,,single
1788966336,595770,0,,single
1788966338,355530,0,,single
1788966339,2013900,0,,single
1788966341,2223590,4,,single
1788966342,3081810,0,,single
1788966343,643820,0,,single
1788966345,322850,17,,single
1788966346,496730,3,,single
1788966347,1807810,1,,single
1788966349,1671360,0,,single
1788966350,391170,0,,single
1788966352,548090,0,,single
1788966353,294000,0,,single
1788966355,956140,0,,single
1788966356,346630,0,,single
1788966357,485370,0,,single
1788966359,356420,0,,single
1788966360,1509590,1,,single
1788966361,1055610,0,,single
1788966363,403830,0,,single
1788966364,1482750,1,,single
1788966365,102850,0,,single
1788966367,2313130,6,,single
1788966368,1285230,20,,single
1788966369,654850,0,,single
1788966371,2246110,6,,single
1788966372,1205260,0,,single
1788966374,831050,0,,single
1788966375,2491640,1,,single
1788966377,1465510,1,,single
1788966378,785480,2,,single
1788966380,1554700,1,,single
1788966381,612370,0,,single
1788966382,31830,1,,single
1788966384,406170,0,,single
1788966385,116100,0,,single
1788966386,1502080,0,,single
1788966388,3018910,0,,single
1788966389,1637230,5,,single
1788966391,908740,1,,single
1788966392,1419370,1,,single
1788966393,398450,0,,single
1788966395,874650,0,,single
1788966396,1518430,3,,single
1788966397,2332240,0,,single
1788966399,1780270,3,,single
1788966400,3155430,2,,single
1788966402,247870,0,,single
1788966403,497700,2,,single
1788966404,981020,1,,single
1788966406,222660,0,,single
1788966407,453850,0,,single
1788966408,559910,0,,single
1788966410,1259510,1,,single
1788966411,1696220,0,,single
1788966412,547590,1,,single
1788966414,963280,8,,single
1788966415,1040430,0,,single
1788966417,992490,3,,single
1788966418,375840,3,,single
1788966420,2627780,4,,single
1788966421,300260,0,,single
1788966423,1754960,0,,single
1788966424,1147500,0,,single
1788966425,642610,0,,single
1788966427,443360,2,,single
1788966428,1235360,1,,single
1788966430,2201810,2,,single
1788966431,2078510,0,,single
1788966432,1751630,1,,single
1788966434,1296450,1,,single
1788966435,949200,1,,single
1788966436,780500,0,,single
1788966438,2311680,18,,single
1788966439,46770,16,,single
1788966440,1055760,2,,single
1788966442,1839510,1,,single
1788966443,260130,0,,single
1788966444,412520,0,,single
1788966446,864540,1,,single
1788966447,556280,0,,single
1788966449,2347940,0,,single
1788966450,3311560,0,,single
1788966452,2276830,2,,single
1788966453,2998970,0,,single
1788966454,1579020,0,,single
1788966456,893020,1,,single
1788966457,1641700,90,,single
1788966458,683940,0,,single
1788966460,1116210,1,,single
1788966461,339160,0,,single
1788966462,651490,1,,single
1788966464,1556490,2,,single
1788966465,546980,0,,single
1788966466,1516080,0,,single
1788966468,1213670,48,,single
1788966469,370090,0,,single
1788966470,463110,0,,single
1788966472,1198850,1,,single
1788966473,1953860,0,,single
1788966475,661990,19,,single
1788966476,281450,2,,single
1788966477,650940,2,,single
1788966479,2632930,0,,single
1788966480,1043240,4,,single
1788966482,1931940,0,,single
1788966483,752470,10,,single
1788966484,1722020,0,,single
1788966486,2775370,4,,single
1788966487,431500,0,,single
1788966488,10110,6,,single
1788966490,1580800,3,,single
1788966491,1990260,0,,single
1788966493,940580,2,,single
1788966494,1708110,2,,single
1788966495,1151120,4,,single
1788966497,200080,4,,single
1788966498,1788850,1,,single
1788966499,394280,1,,single
1788966501,223430,0,,single
1788966502,1055990,1,,single
1788966504,1740240,0,,single
1788966505,412600,0,,single
1788966507,2577760,2,,single
1788966508,1929360,1,,single
1788966509,355920,0,,single
1788966511,1771360,3,,single
1788966512,545820,5,,single
1788966514,1543710,0,,single
1788966515,424000,1,,single
1788966516,1229020,3,,single
1788966517,291170,484,,single
1788966519,288370,1,,single
1788966520,1162280,0,,single
1788966521,447270,0,,single
1788966523,42850,22,,single
1788966524,377460,3,,single
1788966525,1078490,0,,single
1788966527,1392340,1,,single
1788966528,326950,0,,single
1788966529,1045580,0,,single
1788966532,1895810,0,,single
1788966534,940310,0,,single
1788966535,3265880,2,,single
1788966536,696360,3,,single
1788966538,1854980,3,,single
1788966539,2329130,1,,single
1788966540,2865440,25,,single
1788966542,25600,1,,single
1788966543,1733170,4,,single
1788966544,39630,0,,single
1788966546,351140,0,,single
1788966547,338800,11,,single
1788966548,1913420,1,,single
1788966550,279640,0,,single
1788966551,758410,0,,single
1788966552,2458940,4,,single
1788966554,2380340,0,,single
1788966555,1233800,1,,single
1788966557,2101130,0,,single
1788966558,1592540,1,,single
1788966559,852910,0,,single
1788966561,377520,6,,single
1788966562,252270,1,,single
1788966564,432980,0,,single
1788966565,403510,2,,single
1788966566,1958600,0,,single
1788966568,2095290,1,,single
1788966569,1042670,0,,single
1788966570,278570,0,,single
1788966572,289400,1,,single
1788966573,429600,0,,single
1788966575,2473640,0,,single
1788966576,1174720,0,,single
1788966577,567060,0,,single
1788966579,341950,11,,single
1788966580,501760,0,,single
1788966581,1068640,0,,single
1788966583,965590,6,,single
1788966584,775580,0,,single
1788966585,928990,0,,single
1788966587,2789130,1,,single
1788966588,1523650,2,,single
1788966590,2658720,2,,single
1788966591,761350,1,,single
1788966593,1575710,9,,single
1788966594,1113030,3,,single
1788966595,449200,0,,single
1788966597,2247570,0,,single
1788966598,1769980,1,,single
1788966599,340320,1,,single
1788966601,1542280,20,,single
1788966602,1043230,3,,single
1788966604,759440,1,,single
1788966605,480450,0,,single
1788966606,1720090,1,,single
1788966608,1216230,4,,single
1788966609,1694560,1,,single
1788966610,1842730,0,,single
1788966612,1714250,4,,single
1788966613,946040,9,,single
1788966614,1815230,3,,single
1788966616,332490,2,,single
1788966617,386970,1,,single
1788966619,1078320,2,,single
1788966620,2375780,326,,single
1788966621,1515890,7,,single
1788966623,1191660,1,,single
1788966624,61510,12,,single
1788966625,1324070,0,,single
1788966627,2280540,3,,single
1788966628,1365750,0,,single
1788966629,1203360,3,,single
1788966631,611120,0,,single
1788966632,1348690,0,,single
1788966633,32640,4,,single
1788966635,32900,17,,single
1788966636,628290,0,,single
1788966637,1095120,1,,single
1788966639,1461920,35,,single
1788966640,1386650,1,,single
1788966642,466730,1,,single
1788966643,1177130,0,,single
1788966644,736810,3,,single
1788966646,1647920,3,,single
1788966647,804730,0,,single
1788966648,1597720,1,,single
1788966650,2360020,4,,single
1788966651,493650,0,,single
1788966652,1837650,0,,single
1788966654,2264020,3,,single
1788966655,1013540,5,,single
1788966656,2082350,3,,single
1788966658,380140,3,,single
1788966659,686900,1,,single
1788966660,848500,12,,single
1788966662,31810,4,,single
1788966663,260930,0,,single
1788966664,292370,0,,single
1788966666,2531950,1,,single
1788966667,2131010,3,,single
1788966669,434610,0,,single
1788966670,666820,3,,single
1788966671,1617030,2,,single
1788966672,603100,0,,single
1788966674,391580,2,,single
1788966675,1256530,0,,single
1788966676,560370,0,,single
1788966678,7220,5,,single
1788966679,600460,1,,single
1788966680,1168690,0,,single
1788966682,2410890,0,,single
1788966683,679750,0,,single
1788966685,2497560,0,,single
1788966686,844920,0,,single
1788966687,280930,2,,single
1788966689,2572560,1,,single
1788966690,2544990,2,,single
1788966691,402120,0,,single
1788966693,46290,1,,single
1788966694,1682410,1,,single
1788966695,760810,1,,single
1788966697,893390,1,,single
1788966698,1304350,4,,single
1788966699,251810,7,,single
1788966701,312630,0,,single
1788966702,2254710,1,,single
1788966703,2779570,4,,single
1788966705,1459960,0,,single
1788966706,3380,37,,single
1788966707,665270,0,,single
1788966709,574640,0,,single
1788966710,1201550,0,,single
1788966711,1600900,0,,single
1788966713,2140650,12,,single
1788966714,1909810,0,,single
1788966715,617440,0,,single
1788966717,1510580,43,,single
1788966718,2428840,0,,single
1788966719,283060,0,,single
1788966721,1292180,51,,single
1788966722,702110,7,,single
1788966724,2497610,1,,single
1788966725,392070,2,,single
1788966726,467950,0,,single
1788966728,368080,0,,single
1788966729,1502990,25,,single
1788966730,1682340,0,,single
1788966731,832500,4,,single
1788966733,473520,1,,single
1788966734,771920,0,,single
1788966735,1512710,1,,single
1788966737,527760,0,,single
1788966738,293740,0,,single
1788966739,356880,2,,single
1788966741,1055010,15,,single
1788966742,785850,1,,single
1788966744,287070,6,,single
1788966745,1362560,1,,single
1788966746,2507620,11,,single
1788966748,22500,10,,single
1788966749,1372830,1,,single
1788966750,1964200,1,,single
1788966752,15380,31,,single
1788966753,1459910,0,,single
1788966754,670500,5,,single
1788966756,1492730,38,,single
1788966757,70650,1,,single
1788966758,252710,1,,single
1788966760,294670,9,,single
1788966761,687540,4,,single
1788966762,1097100,2,,single
1788966764,500500,4,,single
1788966765,1348180,0,,single
1788966766,1921780,27,,single
1788966768,1016770,1,,single
1788966769,409320,0,,single
1788966770,2710950,0,,single
1788966772,3048280,8,,single
1788966773,363950,0,,single
1788966774,636570,1,,single
1788966776,1902850,2,,single
1788966777,1832950,2,,single
1788966778,792660,30,,single
1788966780,2494720,1,,single
1788966781,704860,0,,single
1788966782,310490,1,,single
1788966784,715580,1,,single
1788966785,1010600,3,,single
1788966787,1015920,2,,single
1788966788,337350,0,,single
1788966789,488660,0,,single
1788966791,562520,1,,single
1788966792,42140,1,,single
1788966793,2545,0,,single
1788966795,2550,1,,single
1788966796,2406180,0,,single
1788966797,392820,0,,single
1788966799,1281200,0,,single
1788966800,538590,0,,single
1788966801,243020,0,,single
1788966803,1095040,1,,single
1788966804,1418390,1,,single
1788966805,1515200,0,,single
1788966807,388450,4,,single
1788966808,510650,0,,single
1788966809,1516400,10,,single
1788966811,2770160,23,,single
1788966812,1070790,1,,single
1788966814,440520,2,,single
1788966815,432470,0,,single
1788966816,844960,16,,single
1788966818,1115450,2,,single
1788966819,1618290,51,,single
1788966820,742490,8,,single
1788966822,485950,0,,single
1788966823,1594400,0,,single
1788966824,1532710,4,,single
1788966826,1349600,0,,single
1788966827,1459010,0,,single
1788966828,1534180,0,,single
1788966830,1909750,2,,single
1788966831,1996420,0,,single
1788966832,1783680,0,,single
1788966834,1281490,1,,single
1788966835,958480,1,,single
1788966836,1974220,2,,single
1788966838,631830,0,,single
1788966839,485730,0,,single
1788966840,423710,0,,single
1788966842,1449430,0,,single
1788966843,1466230,0,,single
1788966844,1898610,0,,single
1788966846,512890,0,,single
1788966847,292780,7,,single
1788966848,1378040,1,,single
1788966850,2707040,1,,single
1788966851,1870320,0,,single
1788966852,949050,16,,single
1788966854,421060,0,,single
1788966855,489560,8,,single
1788966856,989790,1,,single
1788966858,1627890,3,,single
1788966859,1106940,0,,single
1788966860,2709940,1,,single
1788966862,2432100,5,,single
1788966863,2412490,0,,single
1788966864,1073220,0,,single
1788966866,1717510,0,,single
1788966867,441280,1,,single
1788966868,730840,6,,single
1788966870,2218970,189,,single
1788966871,2010370,0,,single
1788966872,324760,0,,single
1788966874,2213300,23,,single
1788966876,2289390,2,,single
1788966877,2888120,651,,single
1788966878,3180240,9,,single
1788966880,926310,0,,single
1788966881,412460,2,,single
1788966882,1668080,0,,single
1788966884,1087270,0,,single
1788966885,453820,0,,single
1788966886,742480,0,,single
1788966888,1469170,12,,single
1788966889,267130,0,,single
1788966890,1564540,1,,single
1788966892,2488340,29,,single
1788966893,809310,3,,single
1788966895,603020,0,,single
1788966896,771810,0,,single
1788966897,46400,1,,single
1788966899,411120,0,,single
1788966900,1161160,0,,single
1788966901,338120,1,,single
1788966903,553480,0,,single
1788966904,2761610,6,,single
1788966905,209690,5,,single
1788966907,390200,3,,single
1788966908,252890,4,,single
1788966909,292230,0,,single
1788966911,2205750,1,,single
1788966912,828960,1,,single
1788966913,442290,0,,single
1788966915,1395850,2,,single
1788966916,420660,1,,single
1788966917,536040,4,,single
1788966919,1410830,0,,single
1788966920,1469620,2,,single
1788966921,750170,1,,single
1788966923,1520760,0,,single
1788966924,2260530,0,,single
1788966925,2744880,492,,single
1788966927,488910,2,,single
1788966928,2422080,0,,single
1788966929,1120370,0,,single
1788966931,2968430,0,,single
1788966932,535760,0,,single
1788966933,1240290,1,,single
1788966935,363090,208,,single
1788966936,1152310,9,,single
1788966937,283920,9,,single
1788966939,844670,4,,single
1788966940,418440,0,,single
1788966941,2231190,4,,single
1788966943,392410,0,,single
1788966944,755470,0,,single
1788966945,550670,1,,single
1788966947,2137470,1,,single
1788966948,407600,0,,single
1788966949,332580,2,,single
1788966951,1811740,0,,single
1788966952,905490,0,,single
1788966953,205810,7,,single
1788966955,211900,1,,single
1788966956,2261350,1,,single
1788966957,3034130,1,,single
1788966959,528300,0,,single
1788966960,1477770,0,,single
1788966961,415830,0,,single
1788966963,608120,0,,single
1788966964,326120,0,,single
1788966965,1793030,53,,single
1788966967,504000,1,,single
1788966968,2111090,0,,single
1788966970,573770,0,,single
1788966971,1322650,0,,single
1788966972,1404090,1,,single
1788966974,497860,2,,single
1788966975,1126750,2,,single
1788966976,267340,0,,single
1788966978,999660,2,,single
1788966979,1547860,0,,single
1788966980,1079310,2,,single
1788966982,1580150,0,,single
1788966983,2701350,0,,single
1788966984,2449430,4,,single
1788966986,622890,0,,single
1788966987,461880,60,,single
1788966988,305920,0,,single
1788966990,448080,1,,single
1788966991,555640,1,,single
1788966992,48900,12,,single
1788966994,701870,4,,single
1788966995,3064670,3,,single
1788966996,2435180,0,,single
1788966998,856880,1,,single
1788966999,1865930,1,,single
1788967001,606370,11,,single
1788967002,477290,0,,single
1788967003,541930,0,,single
1788967005,599560,2,,single
1788967006,1338250,0,,single
1788967007,2149420,0,,single
1788967009,369030,2,,single
1788967010,449250,0,,single
1788967012,408640,0,,single
1788967013,473530,0,,single
1788967014,2005090,0,,single
1788967016,307570,0,,single
1788967017,403690,1,,single
1788967018,1535100,0,,single
1788967020,912450,5,,single
1788967021,1856480,4,,single
1788967023,2928700,3,,single
1788967024,3122990,1,,single
1788967025,910450,1,,single
1788967027,1188080,0,,single
1788967028,382420,0,,single
1788967029,741990,0,,single
1788967031,322970,0,,single
1788967032,871170,31,,single
1788967034,8330,0,,single
1788967035,1584690,0,,single
1788967036,1574870,2,,single
1788967038,3043740,1,,single
1788967039,570950,1,,single
1788967040,2596100,0,,single
1788967042,2158650,2,,single
1788967043,989550,1,,single
1788967044,373750,1,,single
1788967046,2125420,1,,single
1788967047,1188970,1,,single
1788967048,2189640,0,,single
1788967050,2191480,29,,single
1788967052,277500,0,,single
1788967053,347000,1,,single
1788967054,584370,2,,single
1788967056,974950,0,,single
1788967057,1150730,1,,single
1788967059,1491640,0,,single
1788967060,1361860,0,,single
1788967061,1431240,0,,single
1788967063,338530,0,,single
1788967064,46440,1,,single
1788967066,467760,3,,single
1788967067,1140570,0,,single
1788967068,2786100,2,,single
1788967070,2393770,8,,single
1788967071,406940,1,,single
1788967072,251910,1,,single
1788967074,528160,0,,single
1788967075,200670,1,,single
1788967076,490860,1,,single
1788967078,1134480,4,,single
1788967079,1886830,2,,single
1788967080,1946430,1,,single
1788967082,1122040,2,,single
1788967083,1015730,0,,single
1788967084,1530340,47,,single
1788967086,237470,3,,single
1788967087,1054340,3,,single
1788967089,1718160,5,,single
1788967090,410840,0,,single
1788967092,1383770,0,,single
1788967093,1763030,1,,single
1788967094,2918410,1,,single
1788967096,337850,4,,single
1788967097,691830,6,,single
1788967098,1770050,1,,single
1788967100,2285820,10,,single
1788967101,1883580,3,,single
1788967102,397160,1,,single
1788967104,586970,0,,single
1788967105,1363360,1,,single
1788967106,966530,0,,single
1788967108,15240,7,,single
1788967109,344190,0,,single
1788967110,2765460,0,,single
1788967112,292160,1,,single
1788967113,444160,0,,single
1788967115,1197220,0,,single
1788967116,364910,0,,single
1788967117,536560,1,,single
1788967119,925460,0,,single
1788967120,2452920,0,,single
1788967121,454200,0,,single
1788967123,964040,8,,single
1788967124,1627840,0,,single
1788967125,346500,2,,single
1788967127,287900,2,,single
1788967128,645320,1,,single
1788967130,739980,0,,single
1788967132,1079510,2,,single
1788967134,661000,0,,single
1788967135,1847510,1,,single
1788967136,1121780,12,,single
1788967138,1793170,1,,single
1788967139,822990,1,,single
1788967140,302130,1,,single
1788967142,598490,0,,single
1788967143,1934040,0,,single
1788967144,619400,0,,single
1788967146,1074190,2,,single
1788967147,2220870,4,,single
1788967148,2936030,8,,single
1788967150,764230,2,,single
1788967151,1717270,2,,single
1788967152,2304640,3,,single
1788967154,299070,6,,single
1788967155,283600,1,,single
1788967156,1481440,1,,single
1788967158,294830,0,,single
1788967159,2655580,1,,single
1788967161,658780,3,,single
1788967162,2941580,17,,single
1788967163,909380,1,,single
1788967165,500580,0,,single
1788967166,1702390,17,,single
1788967167,686440,1,,single
1788967169,271550,509,,single
1788967170,334030,0,,single
1788967171,4520,1,,single
1788967173,555400,0,,single
1788967174,259890,0,,single
1788967176,657000,0,,single
1788967177,2084930,1,,single
1788967178,2490790,0,,single
1788967180,1650550,2,,single
1788967181,754620,3,,single
1788967182,451920,0,,single
1788967184,928390,1,,single
1788967185,1337530,0,,single
1788967186,760330,0,,single
1788967188,1716940,1,,single
1788967189,1253880,2,,single
1788967190,335700,0,,single
1788967192,703880,0,,single
1788967193,1122690,0,,single
1788967195,32770,7,,single
1788967196,968550,0,,single
1788967197,2387110,0,,single
1788967199,761700,1,,single
1788967200,687590,0,,single
1788967201,606960,0,,single
1788967203,1829470,3,,single
1788967204,251210,1,,single
1788967206,1862840,0,,single
1788967207,606480,0,,single
1788967208,270490,0,,single
1788967210,485900,0,,single
1788967211,699740,0,,single
1788967212,1050370,0,,single
1788967214,373240,0,,single
1788967215,811270,0,,single
1788967217,287220,0,,single
1788967218,545600,3,,single
1788967220,389250,9,,single
1788967221,1209770,3,,single
1788967223,1982150,0,,single
1788967224,581520,0,,single
1788967225,1330890,3,,single
1788967227,32750,5,,single
1788967228,2109640,2,,single
1788967229,1492310,1,,single
1788967231,1449500,1,,single
1788967232,443970,0,,single
1788967234,1084480,0,,single
1788967235,1318790,0,,single
1788967236,415960,33,,single
1788967238,358460,3,,single
1788967239,1109360,2,,single
1788967241,413680,0,,single
1788967242,1670,0,,single
1788967243,658160,1,,single
1788967245,1848520,2,,single
1788967246,1737070,0,,single
1788967247,1576280,0,,single
1788967249,567750,0,,single
1788967250,1949000,2,,single
1788967251,936190,11,,single
1788967253,490910,2,,single
1788967254,577410,0,,single
1788967256,1788780,6,,single
1788967257,25700,0,,single
1788967259,567980,1,,single
1788967260,1184840,6,,single
1788967262,465720,1,,single
1788967263,63900,3,,single
1788967264,2206140,2,,single
1788967266,590910,0,,single
1788967267,831570,0,,single
1788967268,8890,1,,single
1788967270,226820,2,,single
1788967271,404690,1,,single
1788967272,529950,0,,single
1788967274,981590,10,,single
1788967275,1200110,0,,single
1788967276,33950,1,,single
1788967278,18050,1,,single
1788967279,704640,1,,single
1788967281,1021670,0,,single
1788967282,673190,2,,single
1788967283,1460750,0,,single
1788967285,1094060,0,,single
1788967286,570420,1,,single
1788967288,278640,0,,single
1788967289,1031900,1,,single
1788967290,361690,0,,single
1788967292,924650,1,,single
1788967293,1528810,0,,single
1788967294,599000,8,,single
1788967296,1266100,4,,single
1788967297,423550,1,,single
1788967299,9710,0,,single
1788967300,2152990,1,,single
1788967301,2055500,0,,single
1788967303,1425730,4,,single
1788967304,968760,0,,single
1788967305,324710,0,,single
1788967307,1147890,5,,single
1788967308,312350,6,,single
1788967309,1192810,0,,single
1788967311,603800,0,,single
1788967312,1593490,0,,single
1788967314,710600,0,,single
1788967315,260650,0,,single
1788967316,1169100,4,,single
1788967318,1726760,8,,single
1788967319,926860,0,,single
1788967321,1132030,0,,single
1788967322,1785910,4,,single
1788967323,685400,0,,single
1788967325,420210,2,,single
1788967326,448400,8,,single
1788967327,826480,1,,single
1788967329,310110,0,,single
1788967330,372940,4,,single
1788967332,972010,0,,single
1788967333,260690,2,,single
1788967334,1460540,0,,single
1788967336,904570,0,,single
1788967337,304690,17,,single
1788967339,2307220,0,,single
1788967340,2553960,1,,single
1788967341,586310,1,,single
1788967343,1253610,59,,single
1788967344,2021210,13,,single
1788967346,547900,30,,single
1788967347,1523720,7,,single
1788967348,1899810,1,,single
1788967350,1803600,3,,single
1788967351,277520,1,,single
1788967353,1276810,0,,single
1788967354,1755030,0,,single
1788967355,751500,2,,single
1788967357,255260,5,,single
1788967358,1301010,6,,single
1788967360,594050,0,,single
1788967361,287840,0,,single
1788967362,1693260,3,,single
1788967364,837460,2,,single
1788967365,356890,0,,single
1788967367,1557580,0,,single
1788967368,329650,0,,single
1788967370,1550760,1,,single
1788967371,517000,0,,single
1788967372,685790,0,,single
1788967374,1598370,0,,single
1788967375,370070,0,,single
1788967377,606330,0,,single
1788967378,1020540,0,,single
1788967380,865940,1,,single
1788967381,527990,3,,single
1788967382,1572340,1,,single
1788967384,541920,0,,single
1788967385,63110,0,,single
1788967387,1518220,1,,single
1788967388,359190,0,,single
1788967389,2254910,0,,single
1788967391,873890,1,,single
1788967392,1876460,3,,single
1788967394,323780,0,,single
1788967395,691390,0,,single
1788967397,684270,0,,single
1788967398,652810,10,,single
1788967399,1491490,0,,single
1788967401,796290,3,,single
1788967402,1015940,2,,single
1788967403,1714580,5,,single
1788967405,289820,0,,single
1788967406,392970,3,,single
1788967408,922710,0,,single
1788967409,356270,3,,single
1788967411,381870,1,,single
1788967412,1582290,2,,single
1788967413,473470,0,,single
1788967415,1454540,0,,single
1788967416,279990,1,,single
1788967418,289840,1,,single
1788967419,253790,0,,single
1788967420,322750,0,,single
1788967422,1328900,0,,single
1788967423,552880,0,,single
1788967425,1163340,6,,single
1788967426,1146100,0,,single
1788967428,656880,0,,single
1788967429,2444350,0,,single
1788967430,46340,0,,single
1788967433,1770400,0,,single
1788967434,325930,0,,single
1788967436,1859860,2,,single
1788967437,1167170,1,,single
1788967438,3350,4,,single
1788967440,527770,1,,single
1788967441,1236780,9,,single
1788967443,1859370,13,,single
1788967445,299110,0,,single
1788967447,415840,2,,single
1788967448,1114870,1,,single
1788967450,626660,0,,single
1788967451,400580,0,,single
1788967452,2443780,2,,single
1788967454,656510,0,,single
1788967455,338130,5,,single
1788967457,1018680,39,,single
1788967458,977570,0,,single
1788967459,2142450,0,,single
1788967461,512020,2,,single
1788967462,9850,3,,single
1788967463,1469690,3,,single
1788967465,1960110,7,,single
1788967466,1013220,0,,single
1788967468,833140,5,,single
1788967469,710780,2,,single
1788967471,491650,0,,single
1788967473,11550,0,,single
1788967474,787110,0,,single
1788967476,1333410,4,,single
1788967477,1055850,0,,single
1788967478,1519790,1,,single
1788967480,2304030,28,,single
1788967481,628800,1,,single
1788967483,300630,2,,single
1788967484,872680,0,,single
1788967486,1373930,1,,single
1788967487,1508740,7,,single
1788967488,1023690,0,,single
1788967490,628900,6,,single
1788967491,678970,3,,single
1788967493,783590,2,,single
1788967494,411320,3,,single
1788967496,1147130,1,,single
1788967497,749840,0,,single
1788967499,1054710,2,,single
1788967500,362090,0,,single
1788967502,1165860,10,,single
1788967503,497580,0,,single
1788967504,751060,4,,single
1788967506,364210,2,,single
1788967507,1065940,1,,single
1788967509,333430,2,,single
1788967510,369830,1,,single
1788967511,1469160,15,,single
1788967513,938810,0,,single
1788967514,420880,0,,single
1788967516,1414020,0,,single
1788967517,589670,0,,single
1788967519,1781350,8,,single
1788967520,358830,0,,single
1788967521,245410,11,,single
1788967523,277700,0,,single
1788967524,1666250,1,,single
1788967526,672860,3,,single
1788967527,1343520,1,,single
1788967528,1155120,0,,single
1788967530,2422090,32,,single
1788967531,1494110,0,,single
1788967533,2445390,1,,single
1788967534,1779560,0,,single
1788967536,2020030,1,,single
1788967537,346140,7,,single
1788967539,97130,12,,single
1788967540,394220,0,,single
1788967542,467000,0,,single
1788967543,1508400,0,,single
1788967545,431840,0,,single
1788967546,1345870,5,,single
1788967547,1924400,0,,single
1788967549,857320,35,,single
1788967550,872240,0,,single
1788967552,1225070,4,,single
1788967553,450700,0,,single
1788967555,1393500,11,,single
1788967556,245430,10,,single
1788967557,500870,0,,single
1788967559,358080,1,,single
1788967560,377690,0,,single
1788967562,283180,0,,single
1788967563,668980,0,,single
1788967564,396090,1,,single
1788967566,456540,2,,single
1788967567,1859490,0,,single
1788967569,653220,0,,single
1788967570,32610,2,,single
1788967572,416040,0,,single
1788967573,1923680,10,,single
1788967575,1529470,1,,single
1788967576,960740,0,,single
1788967578,1828690,0,,single
1788967579,306490,1,,single
1788967580,544180,1,,single
1788967582,791150,0,,single
1788967583,1378890,0,,single
1788967585,1304090,0,,single
1788967586,1141120,0,,single
1788967588,240620,0,,single
1788967589,508530,0,,single
1788967590,1292500,1,,single
1788967592,502570,55,,single
1788967593,517780,3,,single
1788967594,567080,0,,single
1788967596,1356180,3,,single
1788967597,1826570,1,,single
1788967599,522090,0,,single
1788967600,1864790,2,,single
1788967601,1502790,0,,single
1788967603,307130,2,,single
1788967604,1567000,0,,single
1788967606,978700,0,,single
1788967607,1033080,0,,single
1788967609,1970020,0,,single
1788967610,346040,0,,single
1788967612,1240230,0,,single
1788967613,1057780,0,,single
1788967614,2444470,0,,single
1788967616,1308500,0,,single
1788967617,1005400,1,,single
1788967619,1184560,2,,single
1788967620,330720,1,,single
1788967622,2362420,20,,single
1788967623,780100,16,,single
1788967624,1872790,1,,single
1788967626,701720,0,,single
1788967627,880220,0,,single
1788967629,1603940,3,,single
1788967630,1119570,0,,single
1788967632,593620,0,,single
1788967633,351250,0,,single
1788967635,1748750,0,,single
1788967636,1840610,0,,single
1788967637,840930,3,,single
1788967639,2063420,2,,single
1788967640,395900,6,,single
1788967642,406080,0,,single
1788967643,889700,1,,single
1788967645,296730,0,,single
1788967646,600420,3,,single
1788967647,43100,1,,single
1788967649,1005240,16,,single
1788967650,1184570,1,,single
1788967652,104000,2,,single
1788967653,271970,4,,single
1788967654,1647420,0,,single
1788967656,760460,1,,single
1788967657,276340,4,,single
1788967659,1890520,0,,single
1788967660,958530,3,,single
1788967661,507520,0,,single
1788967663,1067720,0,,single
1788967664,366280,1,,single
1788967666,1687960,0,,single
1788967667,1845670,0,,single
1788967669,903040,17,,single
1788967670,705810,2,,single
1788967672,734120,0,,single
1788967673,977500,0,,single
1788967675,347950,18,,single
1788967676,493060,0,,single
1788967678,1442160,1,,single
1788967679,709840,3,,single
1788967681,512080,1,,single
1788967682,1476350,0,,single
1788967683,640340,2,,single
1788967685,1441790,3,,single
1788967686,2130060,2,,single
1788967688,1227750,0,,single
1788967689,734330,2,,single
1788967690,507380,1,,single
1788967692,904400,1,,single
1788967693,342490,0,,single
1788967694,2142330,3,,single
1788967696,1424600,0,,single
1788967698,2153780,0,,single
1788967699,2125160,0,,single
1788967700,1399090,0,,single
1788967702,514620,0,,single
1788967703,946650,0,,single
1788967705,1355780,3,,single
1788967706,377880,0,,single
1788967708,1013910,0,,single
1788967709,1717020,2,,single
1788967710,874460,1,,single
1788967712,1461200,3,,single
1788967713,964130,5,,single
1788967715,291930,0,,single
1788967716,532770,0,,single
1788967717,2400880,0,,single
1788967719,1745690,0,,single
1788967720,1383630,0,,single
1788967722,1454160,3,,single
1788967723,2107860,6,,single
1788967725,1571160,1,,single
1788967726,278530,0,,single
1788967727,476020,1,,single
1788967729,427550,0,,single
1788967730,264060,2,,single
1788967733,838390,0,,single
1788967734,2244480,0,,single
1788967735,326990,40,,single
1788967737,40420,1,,single
1788967740,1240480,0,,single
1788967742,1918300,0,,single
1788967743,1540220,0,,single
1788967745,1972820,16,,single
1788967746,1975670,0,,single
1788967747,584800,0,,single
1788967749,1431350,3,,single
1788967750,2124470,7,,single
1788967752,794270,0,,single
1788967753,595460,0,,single
1788967754,1431040,0,,single
1788967756,1228500,0,,single
1788967757,1033170,5,,single
1788967759,695600,0,,single
1788967760,403860,0,,single
1788967761,1811600,4,,single
1788967763,1807930,0,,single
1788967765,12480,1,,single
1788967766,1066110,102,,single
1788967768,444970,6,,single
1788967769,1621680,10,,single
1788967770,1400290,0,,single
1788967772,690120,0,,single
1788967773,1179060,1,,single
1788967775,1074030,2,,single
1788967776,834450,0,,single
1788967778,1287590,7,,single
1788967779,1424870,0,,single
1788967780,785880,0,,single
1788967782,578590,1,,single
1788967783,648780,0,,single
1788967784,527190,3,,single
1788967786,1640320,1,,single
1788967787,1066860,4,,single
1788967789,1819180,0,,single
1788967790,1273220,0,,single
1788967791,613670,1,,single
1788967793,12390,0,,single
1788967794,1882240,18,,single
1788967796,1786010,0,,single
1788967797,2250550,8,,single
1788967798,1063790,1,,single
1788967800,396850,0,,single
1788967801,1638950,0,,single
1788967803,1281860,0,,single
1788967804,597970,1,,single
1788967805,1155980,3,,single
1788967807,327930,2,,single
1788967808,1399700,3,,single
1788967810,200130,1,,single
1788967811,666940,0,,single
1788967813,1282760,2,,single
1788967814,1461030,4,,single
1788967816,970840,0,,single
1788967817,1094920,0,,single
1788967818,1077340,0,,single
1788967820,431280,0,,single
1788967821,370550,3,,single
1788967823,545580,0,,single
1788967824,654610,0,,single
1788967826,1684670,0,,single
1788967827,2180550,1,,single
1788967828,659500,0,,single
1788967830,579720,0,,single
1788967831,1575830,0,,single
1788967833,1916850,0,,single
1788967834,1826860,0,,single
1788967836,1808130,0,,single
1788967837,1020270,1,,single
1788967839,1727520,0,,single
1788967840,1029650,0,,single
1788967841,422630,0,,single
1788967843,389650,0,,single
1788967844,1968650,14,,single
1788967846,1531250,0,,single
1788967847,1014140,1,,single
1788967849,1152320,12,,single
1788967850,740810,0,,single
1788967851,472420,0,,single
1788967853,1755300,45,,single
1788967854,420970,1,,single
1788967856,1437860,73,,single
1788967857,542780,0,,single
1788967858,332400,0,,single
1788967860,1969060,0,,single
1788967861,325790,1,,single
1788967863,1174860,14,,single
1788967864,827050,3,,single
1788967865,433670,0,,single
1788967867,1785300,0,,single
1788967868,410390,0,,single
1788967870,357670,0,,single
1788967871,1715980,0,,single
1788967872,787510,7,,single
1788967874,2000090,0,,single
1788967875,1307870,2,,single
1788967877,313870,3,,single
1788967878,204440,0,,single
1788967879,576480,0,,single
1788967881,454530,13,,single
1788967882,35300,2,,single
1788967884,1836030,8,,single
1788967885,1709350,1,,single
1788967887,366290,2,,single
1788967888,2091960,0,,single
1788967889,808010,0,,single
1788967891,378300,0,,single
1788967892,296550,1,,single
1788967894,1947940,0,,single
1788967896,615780,1,,single
1788967897,773090,0,,single
1788967898,770500,0,,single
1788967900,1314770,3,,single
1788967901,722670,0,,single
1788967903,556160,0,,single
1788967904,1233540,2,,single
1788967906,1947530,0,,single
1788967907,31820,3,,single
1788967909,1882280,45,,single
1788967910,2402310,9,,single
1788967911,1878070,0,,single
1788967913,1388580,0,,single
1788967914,1451870,0,,single
1788967916,356910,2,,single
1788967917,1597290,1,,single
1788967919,870690,2,,single
1788967920,533970,1,,single
1788967922,720660,2,,single
1788967923,252730,0,,single
1788967925,992330,0,,single
1788967926,348440,0,,single
1788967928,2644010,4,,single
1788967929,1298080,1,,single
1788967931,331880,0,,single
1788967932,2486930,10,,single
1788967933,517330,1,,single
1788967935,347590,5,,single
1788967936,1114950,3,,single
1788967938,1302780,0,,single
1788967939,3430,4,,single
1788967940,437390,0,,single
1788967942,255960,0,,single
1788967943,337290,0,,single
1788967945,1378800,0,,single
1788967946,607210,0,,single
1788967948,624890,1,,single
1788967949,746840,1,,single
1788967950,1452630,1,,single
1788967952,2225530,5,,single
1788967953,1280080,3,,single
1788967955,816270,0,,single
1788967956,474050,0,,single
1788967958,259640,0,,single
1788967959,1292170,15,,single
1788967960,1037080,0,,single
1788967962,1803410,0,,single
1788967963,1617220,0,,single
1788967965,1106830,1,,single
1788967966,993170,0,,single
1788967967,1145290,0,,single
1788967969,1347600,0,,single
1788967970,1086860,0,,single
1788967971,541310,1,,single
1788967973,1012460,0,,single
1788967974,358360,0,,single
1788967976,2093900,0,,single
1788967977,1532460,0,,single
1788967978,2268560,5,,single
1788967980,509600,1,,single
1788967981,462620,0,,single
1788967982,781820,0,,single
1788967984,273750,0,,single
1788967985,938270,0,,single
1788967987,1539620,1,,single
1788967988,935570,0,,single
1788967990,338760,0,,single
1788967991,1466690,0,,single
1788967993,820540,2,,single
1788967994,296930,0,,single
1788967995,1326270,0,,single
1788967997,853200,1,,single
1788967998,1662570,2,,single
1788967999,527160,0,,single
1788968001,275810,6,,single
1788968002,2310300,0,,single
1788968004,1509230,0,,single
1788968005,610860,0,,single
1788968007,1034850,0,,single
1788968008,1325800,4,,single
1788968009,751590,0,,single
1788968011,748610,12,,single
1788968012,489930,0,,single
1788968013,65500,0,,single
1788968015,302470,1,,single
1788968016,281060,0,,single
1788968018,40340,1,,single
1788968019,846730,1,,single
1788968020,1523390,0,,single
1788968022,1793260,4,,single
1788968023,2135500,1,,single
1788968025,543980,3,,single
1788968026,574270,0,,single
1788968027,287720,1,,single
1788968029,1154120,0,,single
1788968030,788210,0,,single
1788968033,434430,1,,single
1788968034,15160,2,,single
1788968035,1475460,0,,single
1788968037,2360030,3,,single
1788968040,811070,2,,single
1788968042,486480,0,,single
1788968043,334850,0,,single
1788968045,567680,0,,single
1788968046,1108090,0,,single
1788968047,2018130,1,,single
1788968049,284100,0,,single
1788968050,1963510,0,,single
1788968051,1311700,3,,single
1788968053,458030,3,,single
1788968054,930640,1,,single
1788968056,527750,3,,single
1788968057,33990,0,,single
1788968058,1413970,3,,single
1788968060,1829650,3,,single
1788968061,492220,0,,single
1788968062,853050,1,,single
1788968064,343340,0,,single
1788968065,490870,0,,single
1788968067,1040820,0,,single
1788968068,439800,1,,single
1788968070,298360,0,,single
1788968071,1941110,0,,single
1788968073,1180540,0,,single
1788968074,338980,1,,single
1788968075,514660,1,,single
1788968077,540190,1,,single
1788968078,1316160,0,,single
1788968079,283000,0,,single
1788968081,1508920,0,,single
1788968082,1535780,0,,single
1788968083,1041710,40,,single
1788968085,1351450,1,,single
1788968086,590720,0,,single
1788968087,320630,0,,single
1788968089,585190,1,,single
1788968090,867050,1,,single
1788968092,15930,5,,single
1788968093,1289990,1,,single
1788968094,1324270,1,,single
1788968096,1039830,0,,single
1788968097,16120,14,,single
1788968099,2685490,1,,single
1788968100,1572040,0,,single
1788968101,1094730,0,,single
1788968103,449170,0,,single
1788968104,1302860,2,,single
1788968106,1612480,0,,single
1788968107,302490,1,,single
1788968108,1405810,0,,single
1788968110,1287800,0,,single
1788968111,1779460,0,,single
1788968112,381260,0,,single
1788968114,994340,0,,single
1788968115,1833300,4,,single
1788968117,1532250,2,,single
1788968118,1551160,6,,single
1788968119,489170,0,,single
1788968121,525240,0,,single
1788968122,548330,1,,single
1788968123,393610,0,,single
1788968125,1745980,0,,single
1788968126,1048920,2,,single
1788968128,1966130,18,,single
1788968129,1157640,0,,single
1788968131,555630,0,,single
1788968132,1637140,0,,single
1788968133,704020,0,,single
1788968135,292240,6,,single
1788968136,1365010,0,,single
1788968138,1694430,23,,single
1788968139,2349830,0,,single
1788968140,4800590,1338,,single
1788968142,4877110,21,,single
1788968143,4887360,23,,single
1788968145,4834070,43,,single
1788968146,4855760,3,,single
1788968147,4779560,106,,single
1788968149,4775410,6,,single
1788968150,4824420,143,,single
1788968152,4719730,0,,single
1788968153,4746070,410,,single
1788968154,18420,0,,single
1788968156,31860,3,,single
1788968157,31910,4,,single
1788968158,32730,1,,single
1788968160,38120,9,,single
1788968161,60800,1,,single
1788968163,73220,2,,single
1788968164,211070,0,,single
1788968165,229890,0,,single
1788968167,241300,0,,single
1788968168,245010,0,,single
1788968170,274880,0,,single
1788968171,291960,3,,single
1788968172,300320,1,,single
1788968174,319230,0,,single
1788968175,342860,1,,single
1788968177,352620,0,,single
1788968178,370300,0,,single
1788968179,388980,13,,single
1788968181,397190,1,,single
1788968182,407340,0,,single
1788968184,430080,0,,single
1788968185,437720,0,,single
1788968186,448560,1,,single
1788968188,465000,9,,single
1788968189,467090,8,,single
1788968190,494360,1,,single
1788968192,508740,0,,single
1788968193,513930,1,,single
1788968195,529890,2,,single
1788968196,546900,0,,single
1788968197,552780,0,,single
1788968199,554290,0,,single
1788968200,558780,0,,single
1788968202,560000,0,,single
1788968203,563190,2,,single
1788968204,567160,0,,single
1788968206,572740,0,,single
1788968207,575680,2,,single
1788968209,577740,18,,single
1788968210,581650,0,,single
1788968211,594350,0,,single
1788968213,601590,0,,single
1788968214,608760,1,,single
1788968216,617610,7,,single
1788968217,631770,1,,single
1788968218,635850,8,,single
1788968220,647040,0,,single
1788968221,653060,1,,single
1788968222,661680,1,,single
1788968224,673660,0,,single
1788968225,679520,8,,single
1788968227,691080,0,,single
1788968228,703980,3,,single
1788968230,721390,0,,single
1788968231,729460,3,,single
1788968232,739720,3,,single
1788968234,743940,0,,single
1788968235,762520,1,,single
1788968236,770070,1,,single
1788968238,812840,0,,single
1788968239,826010,0,,single
1788968240,842130,0,,single
1788968242,853240,0,,single
1788968243,896960,2,,single
1788968245,912840,2,,single
1788968246,942200,1,,single
1788968247,946880,21,,single
1788968249,954280,0,,single
1788968250,977510,2,,single
1788968251,1001040,0,,single
1788968253,1020910,0,,single
1788968254,1029980,6,,single
1788968256,1040630,0,,single
1788968257,1071240,1,,single
1788968258,1086620,0,,single
1788968260,1094870,0,,single
1788968261,1107230,0,,single
1788968262,1121530,3,,single
1788968264,1124160,1,,single
1788968265,1133500,4,,single
1788968267,1144300,4,,single
1788968268,1151130,0,,single
1788968269,1163040,0,,single
1788968271,1174500,0,,single
1788968272,1191070,1,,single
1788968273,1203670,5,,single
1788968275,1215280,0,,single
1788968276,1226970,1,,single
1788968278,1229060,0,,single
1788968279,1231950,0,,single
1788968280,1244040,12,,single
1788968282,1257850,2,,single
1788968283,1261960,1,,single
1788968285,1268140,1,,single
1788968286,1270620,0,,single
1788968288,1290750,2,,single
1788968289,1297210,2,,single
1788968290,1299810,0,,single
1788968292,1309710,1,,single
1788968293,1313580,2,,single
1788968294,1321120,3,,single
1788968296,1329360,1,,single
1788968297,1342060,1,,single
1788968298,1364690,2,,single
1788968300,1366810,2,,single
1788968301,1374990,6,,single
1788968303,1379110,1,,single
1788968304,1383250,0,,single
1788968305,1386730,2,,single
1788968307,1396540,0,,single
1788968308,1400910,2,,single
1788968309,1422630,0,,single
1788968311,1424860,0,,single
1788968312,1428820,3,,single
1788968314,1443620,0,,single
1788968315,1449780,0,,single
1788968317,1453900,2,,single
1788968318,1460490,1,,single
1788968320,1464380,0,,single
1788968321,1469220,1,,single
1788968322,1478850,2,,single
1788968324,1486440,0,,single
1788968325,1515490,0,,single
1788968327,1530450,2,,single
1788968328,1550270,3,,single
1788968329,1560770,1,,single
1788968332,1562920,0,,single
1788968333,1571990,0,,single
1788968335,1588090,0,,single
1788968336,1595000,0,,single
1788968340,1599780,1,,single
1788968341,1620040,0,,single
1788968342,1625230,0,,single
1788968344,1641240,5,,single
1788968345,1646350,0,,single
1788968346,1647730,0,,single
1788968348,1660290,1,,single
1788968349,1667360,0,,single
1788968351,1676870,3,,single
1788968352,1681880,3,,single
1788968353,1685460,35,,single
1788968355,1689190,2,,single
1788968356,1702830,0,,single
1788968358,1726750,1,,single
1788968359,1739000,2,,single
1788968361,1743080,1,,single
1788968362,1747890,0,,single
1788968364,1764700,0,,single
1788968365,1780070,9,,single
1788968367,1795180,0,,single
1788968368,1804270,0,,single
1788968369,1812420,1,,single
1788968371,1827650,18,,single
1788968372,1842690,10,,single
1788968373,1851610,1,,single
1788968375,1856900,1,,single
1788968376,1865010,3,,single
1788968377,1870150,17,,single
1788968379,1880610,6,,single
1788968380,1882580,0,,single
1788968381,1892790,0,,single
1788968383,1905530,0,,single
1788968384,1913740,9,,single
1788968386,1918530,16,,single
1788968387,1919600,1,,single
1788968388,1921760,3,,single
1788968390,1933980,8,,single
1788968391,1935470,0,,single
1788968393,1945590,0,,single
1788968394,1955340,0,,single
1788968395,1960830,3,,single
1788968397,1967220,11,,single
1788968398,1972550,0,,single
1788968400,1983690,11,,single
1788968401,1987480,77,,single
1788968402,1991980,4,,single
1788968404,2008410,2,,single
1788968405,2017620,1,,single
1788968406,2056200,7,,single
1788968408,2060000,0,,single
1788968409,2063530,4,,single
1788968410,2075580,21,,single
1788968412,2085040,0,,single
1788968413,2088770,0,,single
1788968415,2092730,0,,single
1788968416,2101350,6,,single
1788968417,2107030,4,,single
1788968419,2113770,0,,single
1788968420,2120070,2,,single
1788968421,2129160,0,,single
1788968423,2143980,3,,single
1788968424,2154240,2,,single
1788968426,2157710,2,,single
1788968427,2164310,0,,single
1788968428,2169120,0,,single
1788968430,2170370,2,,single
1788968431,2173760,5,,single
1788968433,2185030,7,,single
1788968434,2191490,30,,single
1788968436,2200580,2,,single
1788968437,2203040,5,,single
1788968438,2214000,0,,single
1788968440,2216120,0,,single
1788968441,2219890,0,,single
1788968443,2224740,1,,single
1788968444,2227130,0,,single
1788968446,2235150,5,,single
1788968447,2236590,1,,single
1788968448,2241380,34,,single
1788968450,2249850,1,,single
1788968451,2274480,2,,single
1788968452,2277090,6,,single
1788968454,2280060,9,,single
1788968455,2299510,14,,single
1788968456,2303320,0,,single
1788968458,2321350,0,,single
1788968459,2326590,2,,single
1788968461,2337460,3,,single
1788968462,2342150,3,,single
1788968463,2350280,6,,single
1788968465,2358040,3,,single
1788968466,2367610,2,,single
1788968467,2372330,16,,single
1788968469,2390480,3,,single
1788968470,2400960,5,,single
1788968471,2406370,1,,single
1788968473,2413190,8,,single
1788968474,2414550,0,,single
1788968476,2420240,1,,single
1788968477,2425150,15,,single
1788968478,2427100,41,,single
1788968480,2434730,381,,single
1788968481,2443770,18,,single
1788968482,2450820,0,,single
1788968484,2457030,4,,single
1788968485,2460920,1,,single
1788968487,2464460,0,,single
1788968488,2477140,0,,single
1788968489,2481670,6,,single
1788968491,2485350,0,,single
1788968492,2496920,9,,single
1788968493,2507610,4,,single
1788968495,2510850,0,,single
1788968496,2520410,8,,single
1788968497,2523890,3,,single
1788968499,2527460,2,,single
1788968500,2542140,0,,single
1788968501,2560500,0,,single
1788968503,2577180,3,,single
1788968504,2583300,0,,single
1788968506,2591010,0,,single
1788968507,2598980,1,,single
1788968508,2600700,0,,single
1788968510,2626860,0,,single
1788968511,2641490,2,,single
1788968512,2668000,4,,single
1788968514,2674190,1,,single
1788968515,2685380,0,,single
1788968517,2700540,1,,single
1788968518,2708790,19,,single
1788968519,2718240,6,,single
1788968521,2735220,0,,single
1788968522,2739700,2,,single
1788968523,2742150,0,,single
1788968525,2758290,0,,single
1788968526,2777740,0,,single
1788968527,2800450,0,,single
1788968529,2802790,0,,single
1788968530,2811100,4,,single
1788968532,2812480,1,,single
1788968533,2819030,0,,single
1788968534,2820140,64,,single
1788968536,2835530,7,,single
1788968537,2844500,0,,single
1788968538,2851770,1,,single
1788968540,2856370,0,,single
1788968541,2858150,3,,single
1788968542,2860990,4,,single
1788968544,2877480,0,,single
1788968545,2884190,0,,single
1788968546,2899980,2,,single
1788968548,2909250,0,,single
1788968549,2924310,0,,single
1788968550,2929170,9,,single
1788968552,2941660,9,,single
1788968553,2953560,1,,single
1788968554,2955590,1,,single
1788968556,2973120,7,,single
1788968557,2983350,1,,single
1788968558,2987750,1,,single
1788968560,2993720,0,,single
1788968561,2998750,1,,single
1788968562,3000030,65,,single
1788968564,3001330,2,,single
1788968565,3015620,5,,single
1788968567,3023190,62,,single
1788968568,3028730,0,,single
1788968569,3035990,1,,single
1788968571,3037180,5,,single
1788968572,3039500,35,,single
1788968574,3056420,0,,single
1788968575,3073580,3,,single
1788968576,3079970,7,,single
1788968578,3099840,3,,single
1788968579,3106510,1,,single
1788968580,3113680,2,,single
1788968582,3125890,6,,single
1788968583,3128950,0,,single
1788968585,3145320,1,,single
1788968586,3151830,0,,single
1788968587,3158260,1,,single
1788968589,3170410,4,,single
1788968590,3198680,0,,single
1788968591,3207880,3,,single
1788968593,3257360,1,,single
1788968594,3265280,0,,single
1788968596,3282700,4,,single
1788968597,3289090,12,,single
1788968599,3314340,297,,single
1788968600,3320800,0,,single
1788968601,3329420,3,,single
1788968603,3333890,0,,single
1788968604,3339330,30,,single
1788968605,3358360,0,,single
1788968607,3360110,4,,single
1788968608,3380740,0,,single
1788968610,3392420,0,,single
1788968611,3400650,0,,single
1788968613,3408020,3,,single
1788968614,3422450,2,,single
1788968615,3444050,7,,single
1788968617,3449590,2,,single
1788968618,3478200,0,,single
1788968619,3570430,2,,single
1788968621,3584190,0,,single
