ts,appid,concurrent,peak_in_game,src
1790414309,2070550,4,,single
1790414311,1055540,40,,single
1790414312,1586800,22,,single
1790414313,1740300,1,,single
1790414315,1567800,13,,single
1790414316,2073910,36,,single
1790414318,2869860,3,,single
1790414319,2124380,4,,single
1790414320,1405500,14,,single
1790414322,623080,0,,single
1790414323,1089980,75,,single
1790414325,413150,55255,,single
1790414326,1794680,3364,,single
1790414327,2231450,214,,single
1790414329,546560,420,,single
1790414330,2694490,36001,,single
1790414332,1623730,57970,,single
1790414333,420,31,,single
1790414335,15710,6,,single
1790414336,40800,50,,single
1790414337,200710,347,,single
1790414339,207690,4,,single
1790414340,209370,0,,single
1790414342,214490,214,,single
1790414343,219990,5411,,single
1790414345,227000,4,,single
1790414346,237740,0,,single
1790414348,239430,1,,single
1790414349,251270,0,,single
1790414351,264380,16,,single
1790414352,265610,21,,single
1790414354,274520,88,,single
1790414355,301860,1,,single
1790414357,310360,43,,single
1790414358,316720,0,,single
1790414359,323470,47,,single
1790414361,331870,1,,single
1790414362,335300,3668,,single
1790414364,339190,7,,single
1790414365,351970,19,,single
1790414366,359510,21,,single
1790414368,367500,432,,single
1790414369,377330,0,,single
1790414371,385240,1,,single
1790414372,399810,26,,single
1790414374,418030,587,,single
1790414375,430960,2,,single
1790414377,467380,3,,single
1790414378,480490,227,,single
1790414380,487430,2,,single
1790414381,506870,0,,single
1790414382,524910,13,,single
1790414384,527430,97,,single
1790414385,550010,5,,single
1790414387,563840,2,,single
1790414388,570940,3430,,single
1790414390,582010,21408,,single
1790414391,593150,4,,single
1790414393,635940,29,,single
1790414394,654880,6,,single
1790414396,674140,62,,single
1790414397,711660,14,,single
1790414399,736570,1,,single
1790414400,751780,482,,single
1790414401,768200,99,,single
1790414403,814370,118,,single
1790414404,851850,500,,single
1790414406,869760,0,,single
1790414407,894940,14,,single
1790414408,899770,1215,,single
1790414410,913740,19,,single
1790414412,924070,0,,single
1790414414,951440,15,,single
1790414415,969760,1,,single
1790414417,976730,2076,,single
1790414418,1001270,84,,single
1790414419,1018850,2,,single
1790414421,1047220,1,,single
1790414422,1067310,3,,single
1790414424,1079260,67,,single
1790414425,1083790,3,,single
1790414427,1092710,15,,single
1790414428,1116580,12,,single
1790414429,1140270,6,,single
1790414431,1158160,1516,,single
1790414432,1169040,1222,,single
1790414433,1172450,35,,single
1790414435,1213700,13,,single
1790414436,1230140,84,,single
1790414438,1240210,58,,single
1790414439,1245620,30166,,single
1790414441,1277400,238,,single
1790414442,1307550,105,,single
1790414443,1337010,40,,single
1790414445,1369340,6,,single
1790414446,1380420,9,,single
1790414448,1422380,0,,single
1790414449,1446780,10506,,single
1790414450,1488200,220,,single
1790414452,1518810,1,,single
1790414453,1566200,21,,single
1790414455,1597730,2,,single
1790414456,1614550,70,,single
1790414458,1654660,14,,single
1790414459,1665190,4,,single
1790414460,1730590,4,,single
1790414462,1763250,165,,single
1790414463,1808680,30,,single
1790414465,1866180,3,,single
1790414466,1919460,5,,single
1790414467,1928980,36,,single
1790414469,1945250,0,,single
1790414470,2001120,8227,,single
1790414472,2142790,4519,,single
1790414473,2240080,0,,single
1790414474,2250060,2,,single
1790414476,2262610,2,,single
1790414477,2294130,12,,single
1790414479,2354600,1,,single
1790414480,2356560,185,,single
1790414481,2450700,18,,single
1790414483,2484130,8,,single
1790414484,2567870,2450,,single
1790414486,2754380,270,,single
1790414487,2877540,8,,single
1790414488,3069120,38,,single
1790414490,3087650,3,,single
1790414491,3290710,3,,single
1790414493,70,566,,single
1790414494,500,362,,single
1790414495,2280,156,,single
1790414497,2600,40,,single
1790414498,3590,3226,,single
1790414499,4580,155,,single
1790414501,9420,577,,single
1790414502,13240,17,,single
1790414504,22330,318,,single
1790414505,22490,369,,single
1790414506,32470,1090,,single
1790414508,35140,473,,single
1790414509,48700,3903,,single
1790414511,72850,1130,,single
1790414512,107100,12,,single
1790414513,206190,2,,single
1790414515,214560,0,,single
1790414516,219740,1872,,single
1790414518,227300,31735,,single
1790414519,233860,4451,,single
1790414520,238460,99,,single
1790414522,239140,5728,,single
1790414523,242760,2867,,single
1790414525,246840,25,,single
1790414526,250900,55275,,single
1790414527,260750,15,,single
1790414529,264200,6,,single
1790414530,268910,1749,,single
1790414532,274190,211,,single
1790414533,284160,18754,,single
1790414534,294100,29836,,single
1790414536,304430,90,,single
1790414537,312990,7,,single
1790414538,337320,324,,single
1790414540,351640,4,,single
1790414541,362680,78,,single
1790414543,397740,6,,single
1790414544,411960,1,,single
1790414546,413410,997,,single
1790414547,420530,97,,single
1790414548,425580,20,,single
1790414550,427520,15691,,single
1790414551,433950,0,,single
1790414553,439490,3,,single
1790414554,450540,150,,single
1790414556,460950,86,,single
1790414557,466630,5,,single
1790414558,504230,1703,,single
1790414560,512900,325,,single
1790414561,521200,8,,single
1790414563,541570,281,,single
1790414564,553310,14,,single
1790414566,588650,3327,,single
1790414567,597170,373,,single
1790414568,603960,6,,single
1790414570,611760,11,,single
1790414571,615610,2,,single
1790414573,636480,715,,single
1790414574,647960,290,,single
1790414576,668350,13,,single
1790414577,732690,24,,single
1790414579,745880,10,,single
1790414580,774181,115,,single
1790414581,787480,1319,,single
1790414583,799640,5,,single
1790414584,824600,14,,single
1790414586,851100,25,,single
1790414587,883710,3869,,single
1790414589,908520,190,,single
1790414590,914710,55,,single
1790414591,960090,6362,,single
1790414593,992310,0,,single
1790414594,1040200,827,,single
1790414596,1043810,23,,single
1790414597,1059990,39,,single
1790414598,1070710,0,,single
1790414600,1092590,1,,single
1790414601,1093910,28,,single
1790414603,1104380,3,,single
1790414604,1113000,1448,,single
1790414606,1123450,12,,single
1790414607,1127500,354,,single
1790414608,1162750,591,,single
1790414610,1171370,1,,single
1790414611,1178030,0,,single
1790414613,1201280,0,,single
1790414614,1211020,1189,,single
1790414616,1229490,2390,,single
1790414617,1255650,1,,single
1790414618,1269640,4,,single
1790414620,1275890,68,,single
1790414621,1282200,0,,single
1790414623,1284190,3342,,single
1790414624,1286710,4,,single
1790414626,1290000,775,,single
1790414627,1293180,12,,single
1790414629,1304680,17,,single
1790414630,1332010,405,,single
1790414631,1349060,1,,single
1790414633,1361320,31,,single
1790414634,1369320,103,,single
1790414636,1390350,36,,single
1790414637,1411910,23,,single
1790414638,1422650,1,,single
1790414640,1428310,1,,single
1790414641,1469280,17,,single
1790414643,1500740,13,,single
1790414644,1507970,0,,single
1790414646,1520370,335,,single
1790414647,1533420,93,,single
1790414649,1540570,11,,single
1790414650,1546570,85,,single
1790414651,1564790,2,,single
1790414653,1584090,572,,single
1790414654,1593500,1572,,single
1790414655,1628610,10,,single
1790414657,1639790,1,,single
1790414658,1668190,2,,single
1790414660,1671210,2878,,single
1790414661,1683150,248,,single
1790414663,1686940,166,,single
1790414664,1710100,6,,single
1790414665,1718570,1021,,single
1790414667,1725640,6,,single
1790414668,1764390,3,,single
1790414670,1775490,38,,single
1790414671,1808800,0,,single
1790414673,1817230,46,,single
1790414674,1868140,6688,,single
1790414675,1876890,4720,,single
1790414677,1901370,16,,single
1790414678,1927720,71,,single
1790414679,1931770,374,,single
1790414681,1942280,9690,,single
1790414682,1966720,1763,,single
1790414684,1970460,19,,single
1790414685,1996010,10,,single
1790414687,2006140,11,,single
1790414688,2050650,11572,,single
1790414689,2059670,3,,single
1790414691,2067780,112,,single
1790414692,2088840,15,,single
1790414694,2111190,22,,single
1790414695,2113850,1084,,single
1790414697,2132850,214,,single
1790414698,2159210,2,,single
1790414699,2167960,222,,single
1790414701,2198150,490,,single
1790414702,2236070,11,,single
1790414704,2291850,52,,single
1790414705,2318310,18,,single
1790414707,2365810,24,,single
1790414708,2378620,16,,single
1790414710,2391870,4,,single
1790414712,2396240,49,,single
1790414714,2441700,15,,single
1790414715,2459550,1509,,single
1790414717,2513280,131,,single
1790414718,2539960,0,,single
1790414720,2608350,21,,single
1790414722,2624280,1,,single
1790414725,2666510,248,,single
1790414726,2678990,19,,single
1790414728,2704110,49,,single
1790414729,2725260,278,,single
1790414730,2795000,9,,single
1790414732,2857730,2,,single
1790414733,2882440,0,,single
1790414735,2915460,22,,single
1790414736,2951770,10,,single
1790414737,3070070,6033,,single
1790414739,3107330,20,,single
1790414740,3146520,161,,single
1790414742,3191050,16,,single
1790414743,3241660,12111,,single
1790414744,3259470,27,,single
1790414746,3445580,2,,single
1790414747,30,69,,single
1790414749,60,4,,single
1790414750,100,32,,single
1790414751,280,21,,single
1790414753,320,116,,single
1790414754,380,9,,single
1790414755,630,24,,single
1790414757,1200,3,,single
1790414758,1500,3,,single
1790414760,1520,4,,single
1790414761,1640,47,,single
1790414762,1840,1194,,single
1790414764,2130,1,,single
1790414765,2270,11,,single
1790414767,2320,70,,single
1790414768,2400,2,,single
1790414769,2620,34,,single
1790414771,2700,35,,single
1790414772,2990,126,,single
1790414774,3310,58,,single
1790414775,3330,680,,single
1790414776,3540,50,,single
1790414778,3700,31,,single
1790414779,3900,527,,single
1790414781,3920,97,,single
1790414782,4560,88,,single
1790414783,4700,3219,,single
1790414785,4850,173,,single
1790414786,6010,13,,single
1790414787,6030,13,,single
1790414789,6200,3,,single
1790414790,6370,0,,single
1790414792,6800,63,,single
1790414793,6850,19,,single
1790414795,6920,2,,single
1790414796,7000,21,,single
1790414797,7610,37,,single
1790414799,7670,28,,single
1790414800,7800,13,,single
1790414802,7860,2,,single
1790414803,8000,30,,single
1790414804,8140,16,,single
1790414806,8190,100,,single
1790414807,8500,3895,,single
1790414808,8850,8,,single
1790414810,8930,12552,,single
1790414811,9010,47,,single
1790414813,9180,6,,single
1790414814,9340,38,,single
1790414815,9450,290,,single
1790414817,9900,1047,,single
1790414818,10130,2,,single
1790414820,10180,271,,single
1790414821,10500,2000,,single
1790414822,11020,128,,single
1790414824,11450,24,,single
1790414825,12110,127,,single
1790414826,12140,28,,single
1790414828,12210,4425,,single
1790414829,12360,42,,single
1790414831,12710,17,,single
1790414832,12900,6,,single
1790414833,13250,7,,single
1790414835,13530,34,,single
1790414836,13600,51,,single
1790414837,15100,91,,single
1790414839,15200,17,,single
1790414840,15300,13,,single
1790414842,15390,20,,single
1790414843,15750,0,,single
1790414844,16810,262,,single
1790414846,17390,460,,single
1790414847,17440,21,,single
1790414849,17460,11,,single
1790414850,17480,531,,single
1790414852,17570,4,,single
1790414853,17740,3,,single
1790414854,19680,174,,single
1790414856,20530,6,,single
1790414857,20570,30,,single
1790414859,21000,111,,single
1790414860,21100,20,,single
1790414861,21690,919,,single
1790414863,21980,13,,single
1790414864,22180,4,,single
1790414866,22230,1,,single
1790414867,22600,21,,single
1790414869,24010,734,,single
1790414870,24240,40,,single
1790414872,24720,131,,single
1790414873,24780,260,,single
1790414874,24810,459,,single
1790414876,24980,4,,single
1790414877,25800,46,,single
1790414879,25890,47,,single
1790414880,26800,2,,single
1790414881,29180,3,,single
1790414883,31290,1,,single
1790414884,32360,17,,single
1790414886,32380,5,,single
1790414887,32430,27,,single
1790414889,32460,18,,single
1790414890,32800,7,,single
1790414891,33230,921,,single
1790414893,33600,10,,single
1790414894,33930,126,,single
1790414896,34030,1138,,single
1790414897,34440,1,,single
1790414899,34830,25,,single
1790414900,35000,10,,single
1790414901,35450,70,,single
1790414903,35480,1,,single
1790414904,35720,30,,single
1790414906,38410,141,,single
1790414907,38720,0,,single
1790414908,39000,1,,single
1790414910,39150,66,,single
1790414911,39210,13146,,single
1790414913,39530,18,,single
1790414914,39670,3,,single
1790414915,39800,4,,single
1790414917,40300,110,,single
1790414918,40390,47,,single
1790414920,40720,2,,single
1790414921,40960,137,,single
1790414923,41000,37,,single
1790414924,41060,14,,single
1790414925,41100,1,,single
1790414927,41500,51,,single
1790414928,42670,13,,single
1790414930,42700,324,,single
1790414931,42960,202,,single
1790414932,45700,1,,single
1790414934,45760,119,,single
1790414935,46510,12,,single
1790414936,47810,341,,single
1790414938,47870,19,,single
1790414939,48110,10,,single
1790414941,48720,116,,single
1790414942,49600,0,,single
1790414943,50620,28,,single
1790414945,55140,19,,single
1790414946,55230,143,,single
1790414948,57690,93,,single
1790414949,58610,11,,single
1790414951,63000,2,,single
1790414952,63380,43,,single
1790414953,63710,2,,single
1790414955,64000,39,,single
1790414956,65540,103,,single
1790414958,65790,37,,single
1790414959,70000,5,,single
1790414960,70300,3,,single
1790414962,71240,1,,single
1790414963,72200,13,,single
1790414965,73170,91,,single
1790414966,80310,0,,single
1790414967,91100,0,,single
1790414969,91700,7,,single
1790414970,92800,7,,single
1790414972,94300,1,,single
1790414973,94590,1,,single
1790414974,96000,4,,single
1790414976,97330,10,,single
1790414977,98300,2,,single
1790414979,98800,12,,single
1790414980,99910,137,,single
1790414982,104900,6,,single
1790414983,105450,267,,single
1790414984,107300,1,,single
1790414986,107410,5789,,single
1790414987,108200,63,,single
1790414989,108710,277,,single
1790414990,109600,537,,single
1790414991,113200,151,,single
1790414993,115110,0,,single
1790414994,115800,3,,single
1790414996,200260,627,,single
1790414997,200900,18,,single
1790414998,201230,92,,single
1790415000,201790,25,,single
1790415001,201830,0,,single
1790415003,202170,19,,single
1790415004,202530,3,,single
1790415005,203140,721,,single
1790415007,203290,48,,single
1790415008,203630,35,,single
1790415009,203770,1101,,single
1790415011,204120,21,,single
1790415012,204300,30,,single
1790415014,204360,488,,single
1790415015,204530,9,,single
1790415016,204880,203,,single
1790415018,205610,37,,single
1790415019,205910,0,,single
1790415021,206420,99,,single
1790415022,206480,190,,single
1790415025,207080,0,,single
1790415026,207170,18,,single
1790415027,207320,12,,single
1790415029,207490,42,,single
1790415030,208090,1,,single
1790415032,208400,13,,single
1790415033,208500,17,,single
1790415034,208650,1614,,single
1790415036,209080,0,,single
1790415037,209170,44,,single
1790415039,209540,0,,single
1790415040,209660,12,,single
1790415042,211160,0,,single
1790415043,211440,0,,single
1790415045,211740,3,,single
1790415046,212010,9,,single
1790415048,212500,758,,single
1790415049,212740,0,,single
1790415050,213330,73,,single
1790415052,213650,0,,single
1790415053,214170,40,,single
1790415055,214420,1,,single
1790415056,214590,0,,single
1790415057,214770,5,,single
1790415059,214950,4129,,single
1790415060,215280,36,,single
1790415062,215530,16,,single
1790415063,217200,111,,single
1790415064,218410,4,,single
1790415066,218680,20,,single
1790415067,219780,40,,single
1790415069,219910,10,,single
1790415070,220160,13,,single
1790415071,220260,15,,single
1790415073,220740,14,,single
1790415074,220860,2,,single
1790415076,221260,20,,single
1790415077,221540,34,,single
1790415078,221680,349,,single
1790415080,222420,70,,single
1790415081,222520,15,,single
1790415083,222750,6,,single
1790415084,223220,1,,single
1790415086,223510,0,,single
1790415087,223750,762,,single
1790415089,223850,535,,single
1790415090,224300,1,,single
1790415091,224480,8,,single
1790415093,224760,27,,single
1790415094,224900,2,,single
1790415096,224940,1,,single
1790415097,225080,4,,single
1790415098,225280,0,,single
1790415100,225840,134,,single
1790415101,226840,141,,single
1790415103,227080,0,,single
1790415104,227200,0,,single
1790415106,227260,0,,single
1790415107,227780,21,,single
1790415109,228200,1176,,single
1790415110,228280,407,,single
1790415111,228400,8,,single
1790415113,229480,5,,single
1790415114,230070,10,,single
1790415116,230230,19,,single
1790415117,230410,67991,,single
1790415118,231160,2,,single
1790415120,231430,2619,,single
1790415121,232750,1,,single
1790415123,232790,8,,single
1790415124,232910,47,,single
1790415125,233150,1,,single
1790415127,233450,762,,single
1790415128,233610,4,,single
1790415130,233740,5,,single
1790415131,234140,632,,single
1790415133,234330,165,,single
1790415134,234650,13,,single
1790415135,234710,11,,single
1790415137,235320,17,,single
1790415138,235540,14,,single
1790415140,235800,11,,single
1790415141,236150,6,,single
1790415142,236450,8,,single
1790415144,236850,10029,,single
1790415145,237430,7,,single
1790415146,237850,4,,single
1790415148,237990,23,,single
1790415149,238090,179,,single
1790415151,238750,27,,single
1790415152,239250,31,,single
1790415153,239800,0,,single
1790415155,240600,2,,single
1790415156,241240,9,,single
1790415158,241410,3,,single
1790415159,241600,22,,single
1790415160,242050,333,,single
1790415162,242640,38,,single
1790415163,242820,1,,single
1790415165,242880,2,,single
1790415166,242960,1,,single
1790415168,243470,2172,,single
1790415169,243950,2,,single
1790415170,244030,3,,single
1790415172,244160,87,,single
1790415173,244430,3,,single
1790415175,244730,0,,single
1790415176,244870,0,,single
1790415178,245170,41,,single
1790415179,245450,32,,single
1790415180,245620,75,,single
1790415182,246620,492,,single
1790415183,247000,61,,single
1790415185,247080,83,,single
1790415186,247430,12,,single
1790415188,248170,114,,single
1790415189,248330,0,,single
1790415190,248570,41,,single
1790415192,248820,15,,single
1790415193,248970,3,,single
1790415195,249330,2,,single
1790415196,249870,5,,single
1790415197,250110,1,,single
1790415199,250260,6,,single
1790415200,250500,1,,single
1790415201,250560,0,,single
1790415203,251060,266,,single
1790415204,251150,42,,single
1790415205,251470,11,,single
1790415207,251730,38,,single
1790415209,252030,1,,single
1790415210,252130,1,,single
1790415211,252410,31,,single
1790415213,252530,1027,,single
1790415214,252630,1,,single
1790415216,252870,3,,single
1790415217,253030,6,,single
1790415218,253330,1,,single
1790415220,253710,159,,single
1790415221,253770,0,,single
1790415222,253900,65,,single
1790415224,254320,15,,single
1790415225,254700,603,,single
1790415227,255320,12,,single
1790415228,256290,11,,single
1790415230,256370,2,,single
1790415231,257170,18,,single
1790415232,257510,53,,single
1790415234,257850,71,,single
1790415235,258220,0,,single
1790415237,259060,2,,single
1790415238,259530,0,,single
1790415240,259680,127,,single
1790415241,260210,8,,single
1790415242,260430,27,,single
1790415244,261180,1,,single
1790415245,261510,0,,single
1790415246,261570,297,,single
1790415248,262060,4701,,single
1790415249,262280,14,,single
1790415251,262690,0,,single
1790415252,262940,9,,single
1790415254,263300,4,,single
1790415255,263760,8,,single
1790415256,264140,5,,single
1790415258,265890,2,,single
1790415260,266010,3,,single
1790415261,266310,2,,single
1790415262,266430,6,,single
1790415264,266840,468,,single
1790415265,268130,7,,single
1790415267,268420,1,,single
1790415268,268540,12,,single
1790415270,268850,274,,single
1790415271,269030,0,,single
1790415272,269710,1,,single
1790415274,269950,398,,single
1790415275,270150,159,,single
1790415277,270450,2,,single
1790415278,271590,51461,,single
1790415279,272040,1,,single
1790415281,272510,14,,single
1790415282,273110,133,,single
1790415283,274230,1,,single
1790415285,274900,0,,single
1790415286,274940,43,,single
1790415288,275200,1,,single
1790415289,275850,24796,,single
1790415290,277590,16,,single
1790415292,278360,10,,single
1790415293,279800,4,,single
1790415295,281640,13,,single
1790415296,281990,13673,,single
1790415298,282400,26,,single
1790415299,282530,12,,single
1790415300,282800,146,,single
1790415302,283290,2,,single
1790415303,283960,16,,single
1790415305,284390,1,,single
1790415306,284770,5,,single
1790415307,284850,1,,single
1790415309,285160,65,,single
1790415310,285310,134,,single
1790415312,285380,1,,single
1790415314,285740,5,,single
1790415315,285900,218,,single
1790415317,286040,1,,single
1790415318,286160,3828,,single
1790415319,286340,0,,single
1790415321,287290,231,,single
1790415322,287340,0,,single
1790415324,287700,2050,,single
1790415325,288120,0,,single
1790415326,289130,149,,single
1790415328,289650,1177,,single
1790415329,289950,15,,single
1790415330,290300,22,,single
1790415332,290730,78,,single
1790415334,290890,2,,single
1790415337,291860,15,,single
1790415338,292500,2,,single
1790415339,292930,7,,single
1790415341,293180,1,,single
1790415342,293760,434,,single
1790415344,294040,1,,single
1790415345,294860,22,,single
1790415346,296570,2,,single
1790415348,296970,7,,single
1790415349,298110,1975,,single
1790415351,298600,1,,single
1790415352,298900,2,,single
1790415353,299360,0,,single
1790415355,300380,25,,single
1790415356,300570,8,,single
1790415358,301320,57,,single
1790415359,301650,8,,single
1790415360,301970,0,,single
1790415362,302670,167,,single
1790415363,303210,4,,single
1790415365,304050,533,,single
1790415366,304390,3625,,single
1790415368,304650,30,,single
1790415369,305620,2542,,single
1790415371,306130,6108,,single
1790415372,306760,7,,single
1790415373,307110,9,,single
1790415375,307580,2,,single
1790415376,307670,5,,single
1790415377,307780,283,,single
1790415379,308060,0,,single
1790415380,310060,4,,single
1790415382,310510,6,,single
1790415383,310790,4,,single
1790415384,311240,18,,single
1790415386,311340,80,,single
1790415387,311690,635,,single
1790415388,312450,132,,single
1790415390,312660,1070,,single
1790415391,312980,15,,single
1790415393,313160,124,,single
1790415394,313480,56,,single
1790415395,313690,121,,single
1790415397,314230,0,,single
1790415398,314410,2,,single
1790415399,314520,2,,single
1790415401,314830,23,,single
1790415402,315460,12,,single
1790415404,316430,6,,single
1790415405,316790,11,,single
1790415406,317820,6,,single
1790415408,318130,1,,single
1790415409,319050,0,,single
1790415410,319870,0,,single
1790415412,320040,4,,single
1790415413,320300,10,,single
1790415415,321360,32,,single
1790415416,321800,81,,single
1790415417,322190,24,,single
1790415419,322290,1,,single
1790415420,322450,11,,single
1790415422,322680,1,,single
1790415423,322910,0,,single
1790415424,323060,0,,single
1790415426,323380,0,,single
1790415427,323720,11,,single
1790415429,324080,128,,single
1790415430,324680,29,,single
1790415431,325210,5,,single
1790415433,325610,1914,,single
1790415434,326410,7,,single
1790415435,326670,5,,single
1790415437,327140,0,,single
1790415438,327410,1,,single
1790415440,327860,2,,single
1790415441,328760,1,,single
1790415443,329070,3,,single
1790415444,329860,2,,single
1790415445,330580,0,,single
1790415447,331160,10,,single
1790415448,331600,40,,single
1790415450,331750,4,,single
1790415451,332570,42,,single
1790415452,332950,201,,single
1790415454,333640,203,,single
1790415455,334230,79,,single
1790415456,334920,82,,single
1790415458,335000,2,,single
1790415459,335620,21,,single
1790415461,336140,1,,single
1790415462,337150,6,,single
1790415463,338930,3,,single
1790415465,339350,1,,single
1790415466,341000,3,,single
1790415468,341940,85,,single
1790415469,342560,91,,single
1790415471,343440,2,,single
1790415472,343860,3,,single
1790415473,345390,5,,single
1790415475,346010,336,,single
1790415476,346120,2,,single
1790415477,346900,932,,single
1790415479,348250,36,,single
1790415480,348550,52,,single
1790415482,349040,313,,single
1790415483,350080,95,,single
1790415484,351510,26,,single
1790415486,351910,1,,single
1790415487,351990,1,,single
1790415489,352520,3,,single
1790415490,353090,13,,single
1790415491,353640,15,,single
1790415493,354140,12,,single
1790415494,354240,4,,single
1790415496,355060,1,,single
1790415497,355790,117,,single
1790415498,356400,6,,single
1790415500,356520,0,,single
1790415501,357070,541,,single
1790415503,357330,3,,single
1790415504,358090,1,,single
1790415506,359310,3,,single
1790415507,359550,43293,,single
1790415508,360620,7,,single
1790415510,360650,3,,single
1790415512,361280,230,,single
1790415513,361630,0,,single
1790415514,362620,112,,single
1790415516,362960,38,,single
1790415517,363680,21,,single
1790415519,363970,1647,,single
1790415520,365160,6,,single
1790415522,365360,1627,,single
1790415523,365590,1027,,single
1790415524,366760,0,,single
1790415526,367450,71,,single
1790415527,367670,102,,single
1790415529,368230,70,,single
1790415530,368370,16,,single
1790415532,368500,799,,single
1790415533,369990,138,,single
1790415534,370360,15,,single
1790415536,371520,8,,single
1790415537,371970,374,,single
1790415539,372800,60,,single
1790415540,373390,1,,single
1790415541,373930,157,,single
1790415543,374190,8,,single
1790415544,374900,3,,single
1790415546,375530,72,,single
1790415547,375900,12,,single
1790415548,376210,16475,,single
1790415550,376870,1,,single
1790415551,377860,9,,single
1790415553,378660,0,,single
1790415554,379720,498,,single
1790415555,380600,3165,,single
1790415557,381020,1,,single
1790415558,382110,47,,single
1790415560,382490,1,,single
1790415561,383120,607,,single
1790415562,383870,51,,single
1790415564,384180,136,,single
1790415565,384630,1,,single
1790415567,385710,0,,single
1790415568,386070,117,,single
1790415569,386360,607,,single
1790415571,386880,0,,single
1790415572,387290,660,,single
1790415574,388090,20,,single
1790415575,388410,199,,single
1790415576,389140,8,,single
1790415578,389570,14,,single
1790415579,390520,2,,single
1790415581,390710,7,,single
1790415582,391260,1,,single
1790415583,391730,77,,single
1790415585,392160,2950,,single
1790415586,393380,13416,,single
1790415588,394230,0,,single
1790415589,394510,109,,single
1790415590,394970,3,,single
1790415592,395570,1,,single
1790415593,396710,4,,single
1790415594,396900,11,,single
1790415596,397340,44,,single
1790415597,397430,8,,single
1790415598,397950,49,,single
1790415600,398850,11,,single
1790415601,399670,1,,single
1790415603,400170,25,,single
1790415604,400910,23,,single
1790415605,402020,1,,single
1790415607,403190,141,,single
1790415608,403970,1,,single
1790415610,404540,1,,single
1790415611,405290,10,,single
1790415612,405640,14,,single
1790415614,405820,18,,single
1790415615,405900,28,,single
1790415616,406290,65,,single
1790415618,406550,51,,single
1790415619,407130,51,,single
1790415621,408410,50,,single
1790415622,409160,1,,single
1790415623,409710,222,,single
1790415625,410320,163,,single
1790415627,410380,0,,single
1790415628,410900,395,,single
1790415630,412220,2300,,single
1790415631,413420,796,,single
1790415632,414340,82,,single
1790415634,415200,225,,single
1790415635,416680,28,,single
1790415637,417860,7,,single
1790415638,418180,7,,single
1790415639,418460,202,,single
1790415641,418530,235,,single
1790415642,419480,10,,single
1790415643,420290,7,,single
1790415645,420740,7,,single
1790415646,421040,4,,single
1790415647,421120,4,,single
1790415649,422970,19,,single
1790415650,424840,200,,single
1790415652,425220,16,,single
1790415653,427820,0,,single
1790415654,428550,7,,single
1790415656,428750,2,,single
1790415657,429470,0,,single
1790415659,429680,2,,single
1790415660,429790,104,,single
1790415662,431180,5,,single
1790415663,431600,20,,single
1790415664,431730,4770,,single
1790415666,433550,0,,single
1790415667,434030,6,,single
1790415668,435120,106,,single
1790415670,435400,7,,single
1790415671,435790,4,,single
1790415673,436320,4,,single
1790415674,437920,53,,single
1790415676,438100,41981,,single
1790415677,438270,1,,single
1790415678,438640,29,,single
1790415680,440310,16,,single
1790415681,440540,4,,single
1790415683,441550,41,,single
1790415684,444090,560,,single
1790415685,444640,166,,single
1790415687,445190,24,,single
1790415688,445310,76,,single
1790415690,446800,129,,single
1790415691,447040,7959,,single
1790415692,447150,1,,single
1790415694,448280,94,,single
1790415695,448510,260,,single
1790415697,449610,18,,single
1790415698,450390,15,,single
1790415699,451340,249,,single
1790415701,452570,4,,single
1790415702,453340,0,,single
1790415703,454650,618,,single
1790415705,455820,0,,single
1790415706,456750,44,,single
1790415708,457550,34,,single
1790415709,458710,977,,single
1790415710,459080,2,,single
1790415712,460920,1066,,single
1790415713,462770,5,,single
1790415715,464060,16,,single
1790415716,464360,1,,single
1790415717,465520,1,,single
1790415719,466240,4,,single
1790415720,466910,2,,single
1790415721,468920,80,,single
1790415723,470220,126,,single
1790415724,470310,170,,single
1790415726,473770,14,,single
1790415727,474210,3,,single
1790415728,475150,760,,single
1790415730,475550,212,,single
1790415731,476600,336,,single
1790415732,477160,4436,,single
1790415734,477770,8,,single
1790415735,479130,1,,single
1790415737,480650,43,,single
1790415738,481510,47,,single
1790415739,482730,384,,single
1790415741,483420,12,,single
1790415742,485610,23,,single
1790415743,486310,5,,single
1790415745,488310,7,,single
1790415746,489140,0,,single
1790415748,489630,710,,single
1790415749,490110,206,,single
1790415750,491040,0,,single
1790415752,491530,20,,single
1790415753,491950,11,,single
1790415755,492720,862,,single
1790415756,493840,5,,single
1790415757,494150,4,,single
1790415759,495140,32,,single
1790415760,495560,9,,single
1790415761,496890,0,,single
1790415763,498240,56,,single
1790415764,499440,0,,single
1790415766,499660,1,,single
1790415767,501080,22,,single
1790415768,501320,2,,single
1790415770,502500,1438,,single
1790415771,502940,0,,single
1790415773,503560,86,,single
1790415774,504210,35,,single
1790415775,505170,10,,single
1790415777,506500,3,,single
1790415778,507490,40,,single
1790415780,508980,6,,single
1790415781,510050,0,,single
1790415782,511470,27,,single
1790415784,512790,19,,single
1790415785,513510,1,,single
1790415786,515180,77,,single
1790415788,516750,1531,,single
1790415789,517710,3,,single
1790415791,518030,7,,single
1790415792,518790,4166,,single
1790415793,520940,6,,single
1790415795,523660,7,,single
1790415796,524850,0,,single
1790415798,525510,55,,single
1790415799,526740,0,,single
1790415800,528200,31,,single
1790415802,529340,6813,,single
1790415803,530320,0,,single
1790415805,531640,119,,single
1790415806,532190,1,,single
1790415807,534370,11,,single
1790415809,536220,24,,single
1790415810,537800,112,,single
1790415812,538680,66,,single
1790415813,539720,21,,single
1790415814,541200,5,,single
1790415816,542050,6,,single
1790415817,544390,0,,single
1790415818,544610,33,,single
1790415820,544920,4,,single
1790415821,547860,0,,single
1790415823,551730,53,,single
1790415824,552080,1,,single
1790415825,552500,1757,,single
1790415827,552920,0,,single
1790415828,553210,0,,single
1790415829,553420,132,,single
1790415831,553540,216,,single
1790415832,553850,42802,,single
1790415834,555000,0,,single
1790415835,555880,1,,single
1790415836,557600,22,,single
1790415838,558260,7,,single
1790415839,559210,3,,single
1790415841,559650,25,,single
1790415842,562010,72,,single
1790415843,562260,20,,single
1790415845,562860,14,,single
1790415846,564050,2,,single
1790415847,564530,86,,single
1790415849,566050,114,,single
1790415850,567290,0,,single
1790415851,568090,8,,single
1790415853,568320,36,,single
1790415854,569860,9,,single
1790415856,571310,34,,single
1790415857,572220,2,,single
1790415858,572890,59,,single
1790415860,573100,195,,single
1790415861,573410,5,,single
1790415863,574560,5,,single
1790415864,574980,2,,single
1790415865,576770,44,,single
1790415867,577800,54,,single
1790415868,578310,6,,single
1790415869,578720,0,,single
1790415871,579950,0,,single
1790415872,580720,6,,single
1790415874,581660,7,,single
1790415875,582500,162,,single
1790415876,583010,22,,single
1790415878,584400,79,,single
1790415879,585410,19,,single
1790415880,585710,8,,single
1790415882,586030,0,,single
1790415883,587430,5,,single
1790415885,587620,57,,single
1790415886,588040,5,,single
1790415887,589290,309,,single
1790415889,589870,55,,single
1790415890,591460,40,,single
1790415891,592260,23,,single
1790415893,592600,1,,single
1790415894,593960,0,,single
1790415895,594650,17727,,single
1790415897,595280,0,,single
1790415898,595520,359,,single
1790415900,597180,411,,single
1790415901,598550,28,,single
1790415902,598960,29,,single
1790415904,599140,6972,,single
1790415905,599750,0,,single
1790415906,600480,28,,single
1790415908,601220,1,,single
1790415909,601510,1466,,single
1790415911,602320,202,,single
1790415912,603850,1605,,single
1790415913,604330,2,,single
1790415915,605740,52,,single
1790415916,606500,1,,single
1790415918,609110,0,,single
1790415919,609940,4,,single
1790415920,610360,0,,single
1790415922,611980,0,,single
1790415925,613830,189,,single
1790415926,616110,9,,single
1790415927,617480,13,,single
1790415929,618140,18,,single
1790415930,619150,17,,single
1790415931,619700,0,,single
1790415933,619910,2,,single
1790415934,620980,439,,single
1790415936,621060,155,,single
1790415937,623280,0,,single
1790415938,624270,18,,single
1790415940,626610,9,,single
1790415941,627690,1993,,single
1790415942,628770,6,,single
1790415944,629730,369,,single
1790415945,631510,347,,single
1790415947,632300,234,,single
1790415948,633060,1,,single
1790415950,633230,268,,single
1790415951,634160,8,,single
1790415952,635320,1,,single
1790415954,636150,59,,single
1790415955,637850,0,,single
1790415956,638230,35,,single
1790415958,639170,1,,single
1790415959,640590,56,,single
1790415960,641080,31,,single
1790415962,641960,1,,single
1790415963,643270,0,,single
1790415965,644390,27,,single
1790415966,645630,472,,single
1790415967,646270,12,,single
1790415969,646910,509,,single
1790415970,648120,0,,single
1790415971,648390,2,,single
1790415973,648580,55,,single
1790415974,650700,44,,single
1790415976,653930,3,,single
1790415977,656350,46,,single
1790415978,658560,2,,single
1790415980,659540,7,,single
1790415981,660880,0,,single
1790415983,663380,1,,single
1790415984,665300,743,,single
1790415985,666140,330,,single
1790415987,666220,12,,single
1790415988,666860,230,,single
1790415989,667600,28,,single
1790415991,667870,0,,single
1790415992,669330,2843,,single
1790415994,671440,29,,single
1790415995,671620,3,,single
1790415996,672870,37,,single
1790415998,673610,197,,single
1790415999,673880,68,,single
1790416001,674500,65,,single
1790416002,674930,3,,single
1790416003,675010,427,,single
1790416005,677160,34,,single
1790416006,678800,89,,single
1790416008,678960,540,,single
1790416009,679900,68,,single
1790416010,681280,434,,single
1790416012,682130,18,,single
1790416013,686200,50,,single
1790416015,688470,93,,single
1790416016,690790,659,,single
1790416017,692890,150,,single
1790416019,695330,3,,single
1790416020,697550,1,,single
1790416021,699130,1732,,single
1790416023,700600,108,,single
1790416024,702320,604,,single
1790416026,703080,2914,,single
1790416027,704850,270,,single
1790416029,705120,1,,single
1790416030,709920,29,,single
1790416031,711980,27,,single
1790416033,712730,6,,single
1790416034,716640,3,,single
1790416036,718560,36,,single
1790416037,719750,4,,single
1790416038,720350,0,,single
1790416040,720620,151,,single
1790416041,722730,16,,single
1790416043,725340,1,,single
1790416044,726110,17,,single
1790416045,726830,1,,single
1790416047,727850,2,,single
1790416048,728880,5909,,single
1790416049,729040,366,,single
1790416051,731040,93,,single
1790416052,732050,15,,single
1790416054,732430,8,,single
1790416055,733790,22,,single
1790416056,734750,96,,single
1790416058,735290,2,,single
1790416059,735580,2,,single
1790416060,736590,177,,single
1790416062,738060,36,,single
1790416063,741140,10,,single
1790416065,742120,20,,single
1790416066,743130,4,,single
1790416067,744190,169,,single
1790416069,746850,17,,single
1790416070,747660,139,,single
1790416072,748360,0,,single
1790416073,750920,962,,single
1790416074,752590,438,,single
1790416076,753640,862,,single
1790416077,754150,41,,single
1790416078,755500,30,,single
1790416080,756800,242,,single
1790416081,757240,4,,single
1790416083,757480,1,,single
1790416084,758330,14,,single
1790416085,758690,99,,single
1790416087,758990,25,,single
1790416088,760160,3,,single
1790416089,761600,21,,single
1790416091,761830,63,,single
1790416092,762650,0,,single
1790416094,763890,145,,single
1790416095,765810,11,,single
1790416096,766370,4,,single
1790416098,769560,568,,single
1790416099,770810,84,,single
1790416101,773370,7,,single
1790416102,774201,9,,single
1790416103,774791,13,,single
1790416105,775500,71,,single
1790416106,777390,96,,single
1790416108,780310,951,,single
1790416109,782670,54,,single
1790416111,784080,934,,single
1790416112,784950,415,,single
1790416114,785790,14,,single
1790416115,786520,1283,,single
1790416116,789660,4,,single
1790416118,790740,122,,single
1790416120,790850,3,,single
1790416121,792100,13,,single
1790416122,792300,16,,single
1790416124,793350,0,,single
1790416125,794800,34,,single
1790416127,795420,11,,single
1790416128,797400,24,,single
1790416129,797430,91,,single
1790416131,798460,85,,single
1790416132,798840,54,,single
1790416134,799600,313,,single
1790416135,800270,308,,single
1790416136,801550,12,,single
1790416138,803050,34,,single
1790416139,804010,22,,single
1790416140,805550,2447,,single
1790416142,807120,37,,single
1790416143,809020,5,,single
1790416145,810040,1,,single
1790416146,812040,3,,single
1790416147,813230,128,,single
1790416149,813780,20141,,single
1790416150,814000,47,,single
1790416152,815370,4080,,single
1790416153,816090,30,,single
1790416154,816350,0,,single
1790416156,817540,0,,single
1790416157,819030,7,,single
1790416159,821250,106,,single
1790416160,823130,123,,single
1790416162,823950,2,,single
1790416163,824550,78,,single
1790416164,826630,100,,single
1790416166,829110,80,,single
1790416167,829660,44,,single
1790416168,833360,144,,single
1790416170,834740,33,,single
1790416171,835860,1,,single
1790416173,837470,267,,single
1790416174,838630,3,,single
1790416175,839910,4,,single
1790416177,840260,0,,single
1790416178,841190,23,,single
1790416180,842180,12,,single
1790416181,843260,20,,single
1790416182,843390,7,,single
1790416184,844260,5,,single
1790416185,845070,24,,single
1790416187,845890,0,,single
1790416188,846110,19,,single
1790416189,846770,201,,single
1790416191,848350,10,,single
1790416192,848480,138,,single
1790416194,852110,0,,single
1790416195,853450,4,,single
1790416197,853770,7,,single
1790416198,855640,1,,single
1790416199,858260,3,,single
1790416201,858760,3,,single
1790416202,859580,317,,single
1790416204,860890,85,,single
1790416205,861250,0,,single
1790416206,863590,17,,single
1790416208,865360,87,,single
1790416209,865610,0,,single
1790416211,866440,3,,single
1790416213,867210,134,,single
1790416214,868360,456,,single
1790416216,870780,2474,,single
1790416217,872670,71,,single
1790416218,873940,17,,single
1790416220,874390,184,,single
1790416222,878380,7,,single
1790416223,880940,1264,,single
1790416225,881100,1853,,single
1790416226,882710,8,,single
1790416228,884260,4,,single
1790416229,885810,19,,single
1790416230,887570,57,,single
1790416232,890720,1,,single
1790416233,893030,0,,single
1790416234,894020,74,,single
1790416236,895870,271,,single
1790416237,896520,3,,single
1790416239,897730,5,,single
1790416240,898890,6,,single
1790416241,900270,5,,single
1790416243,905370,2,,single
1790416244,909660,31,,single
1790416246,913550,49,,single
1790416247,914020,5,,single
1790416249,915310,2,,single
1790416250,915600,3,,single
1790416251,916730,6,,single
1790416253,917680,1,,single
1790416254,920490,586,,single
1790416256,922460,3,,single
1790416257,925950,0,,single
1790416258,928600,36,,single
1790416260,935880,21,,single
1790416261,936790,33,,single
1790416263,937310,224,,single
1790416264,938560,5,,single
1790416265,939400,129,,single
1790416267,940680,4,,single
1790416268,941460,0,,single
1790416270,944010,6,,single
1790416271,946050,226,,single
1790416273,949230,12109,,single
1790416274,949480,6,,single
1790416275,950180,0,,single
1790416277,951240,183,,single
1790416278,952860,259,,single
1790416280,953880,0,,single
1790416281,955740,17,,single
1790416282,956680,9,,single
1790416284,960170,838,,single
1790416285,960990,458,,single
1790416286,962130,1857,,single
1790416288,962730,53,,single
1790416289,963930,8,,single
1790416291,964440,1,,single
1790416292,965200,87,,single
1790416293,965580,121,,single
1790416295,965820,2,,single
1790416296,966330,0,,single
1790416298,966680,6,,single
1790416299,969990,75,,single
1790416300,972660,511,,single
1790416302,973760,131,,single
1790416303,975370,544,,single
1790416305,976890,6,,single
1790416306,977950,2482,,single
1790416307,978460,7,,single
1790416309,978780,193,,single
1790416310,979110,290,,single
1790416311,979640,33,,single
1790416313,980300,6,,single
1790416314,981430,114,,single
1790416316,982270,3,,single
1790416317,982720,0,,single
1790416319,985890,127,,single
1790416320,986800,2,,single
1790416321,987840,132,,single
1790416323,989440,1,,single
1790416324,993090,6186,,single
1790416326,994910,179,,single
1790416327,996470,143,,single
1790416328,997010,323,,single
1790416330,998400,18,,single
1790416331,1000030,30,,single
1790416333,1003090,1,,single
1790416334,1003890,19,,single
1790416335,1005300,38,,single
1790416337,1007040,423,,single
1790416338,1009850,3572,,single
1790416340,1010800,1,,single
1790416341,1011190,3,,single
1790416342,1012560,6,,single
1790416344,1012840,3,,single
1790416345,1013140,12,,single
1790416347,1016790,4,,single
1790416348,1017900,706,,single
1790416349,1018160,3,,single
1790416351,1018830,39,,single
1790416352,1019550,2,,single
1790416354,1021100,4,,single
1790416355,1021950,2,,single
1790416356,1022980,182,,single
1790416358,1024650,58,,single
1790416359,1025960,28,,single
1790416361,1026840,2,,single
1790416362,1028630,103,,single
1790416363,1029780,1365,,single
1790416365,1031480,15,,single
1790416366,1036240,42,,single
1790416368,1036950,89,,single
1790416369,1038370,7,,single
1790416370,1039880,1,,single
1790416372,1040230,58,,single
1790416373,1043260,35,,single
1790416375,1044720,1794,,single
1790416376,1046400,9,,single
1790416378,1048540,7,,single
1790416379,1049410,54,,single
1790416380,1051690,6,,single
1790416382,1054430,7,,single
1790416383,1054510,176,,single
1790416385,1055430,36,,single
1790416386,1058020,29,,single
1790416388,1058450,14,,single
1790416389,1058650,0,,single
1790416390,1058830,5,,single
1790416392,1059980,1,,single
1790416393,1061090,69,,single
1790416395,1061910,16,,single
1790416396,1062110,7,,single
1790416398,1062160,55,,single
1790416399,1063420,40,,single
1790416400,1064460,3,,single
1790416402,1065310,55,,single
1790416403,1066780,6978,,single
1790416405,1067540,5,,single
1790416406,1068820,2001,,single
1790416407,1069640,27,,single
1790416409,1069660,380,,single
1790416410,1069740,3,,single
1790416412,1070580,40,,single
1790416413,1071130,4,,single
1790416414,1072150,2,,single
1790416416,1072480,6,,single
1790416417,1073910,14,,single
1790416418,1075740,16,,single
1790416420,1076200,36,,single
1790416421,1078420,0,,single
1790416423,1078760,23,,single
1790416424,1079160,3,,single
1790416425,1080110,104,,single
1790416427,1081510,1,,single
1790416428,1084020,176,,single
1790416429,1084640,1,,single
1790416431,1085510,17,,single
1790416432,1086410,2,,single
1790416434,1087760,17,,single
1790416435,1088850,177,,single
1790416436,1089350,200,,single
1790416438,1091920,3,,single
1790416439,1092660,10,,single
1790416440,1094520,84,,single
1790416442,1096530,387,,single
1790416443,1097130,6,,single
1790416445,1097350,25,,single
1790416446,1098340,1,,single
1790416448,1100140,42,,single
1790416449,1100600,870,,single
1790416451,1100990,38,,single
1790416452,1101140,0,,single
1790416453,1104450,7,,single
1790416455,1106840,257,,single
1790416457,1108370,34,,single
1790416458,1109680,17,,single
1790416459,1111460,4,,single
1790416461,1114070,0,,single
1790416462,1114220,10,,single
1790416464,1115640,10,,single
1790416466,1116880,7,,single
1790416467,1119730,594,,single
1790416468,1120480,0,,single
1790416470,1121640,120,,single
1790416471,1122340,226,,single
1790416473,1122720,3,,single
1790416474,1123830,43,,single
1790416476,1125240,14,,single
1790416477,1127610,1,,single
1790416478,1128920,234,,single
1790416480,1129310,13,,single
1790416481,1130410,3,,single
1790416483,1131620,100,,single
1790416484,1134570,71,,single
1790416485,1135230,68,,single
1790416487,1135810,25,,single
1790416488,1137750,48,,single
1790416490,1138660,19,,single
1790416491,1139800,1,,single
1790416492,1139900,325,,single
1790416494,1140150,213,,single
1790416495,1140620,68,,single
1790416497,1141580,8,,single
1790416498,1142710,70245,,single
1790416499,1144170,127,,single
1790416501,1144770,0,,single
1790416502,1147550,29,,single
1790416504,1147690,2941,,single
1790416505,1148590,15,,single
1790416506,1148760,28,,single
1790416508,1149620,936,,single
1790416509,1150760,38,,single
1790416511,1151050,4,,single
1790416512,1151640,434,,single
1790416513,1153410,91,,single
1790416515,1154040,0,,single
1790416516,1154840,73,,single
1790416518,1155970,30,,single
1790416519,1157220,19,,single
1790416520,1158310,17808,,single
1790416522,1158850,257,,single
1790416525,1159290,36,,single
1790416527,1160220,8,,single
1790416528,1161170,5,,single
1790416530,1161580,152,,single
1790416531,1162130,2,,single
1790416532,1163870,3,,single
1790416534,1164250,2,,single
1790416535,1166290,17,,single
1790416537,1167450,11,,single
1790416538,1168470,1,,single
1790416539,1170060,0,,single
1790416541,1172380,830,,single
1790416542,1172620,5013,,single
1790416544,1173010,5,,single
1790416545,1173770,108,,single
1790416547,1173800,66,,single
1790416548,1173820,191,,single
1790416549,1175460,9,,single
1790416551,1177660,1,,single
1790416552,1178220,6,,single
1790416554,1179210,14,,single
1790416555,1181830,35,,single
1790416557,1182110,30,,single
1790416558,1182620,10,,single
1790416559,1182920,30,,single
1790416561,1186640,8,,single
1790416563,1187510,9,,single
1790416564,1189490,1750,,single
1790416565,1190000,1166,,single
1790416567,1190970,1875,,single
1790416568,1191580,6,,single
1790416570,1191900,1,,single
1790416571,1194810,0,,single
1790416573,1195460,2,,single
1790416574,1196630,31,,single
1790416576,1197570,9,,single
1790416577,1199030,30,,single
1790416578,1201240,1346,,single
1790416580,1201540,41,,single
1790416581,1202200,33,,single
1790416583,1203190,143,,single
1790416584,1203630,7,,single
1790416586,1204050,135,,single
1790416587,1205450,7,,single
1790416588,1205970,235,,single
1790416590,1206560,1777,,single
1790416591,1207650,214,,single
1790416593,1210250,24,,single
1790416594,1211600,77,,single
1790416595,1213210,756,,single
1790416597,1214470,29,,single
1790416598,1216320,97,,single
1790416599,1217060,1007,,single
1790416601,1220010,219,,single
1790416602,1221250,7,,single
1790416604,1222300,5,,single
1790416605,1222730,58,,single
1790416606,1224290,5,,single
1790416608,1227280,47,,single
1790416609,1227650,41,,single
1790416610,1229240,208,,single
1790416612,1229900,2,,single
1790416613,1231880,7,,single
1790416615,1232580,18,,single
1790416616,1233410,15,,single
1790416618,1233590,1,,single
1790416619,1236720,92,,single
1790416620,1237970,2323,,single
1790416622,1238840,7271,,single
1790416623,1239080,482,,single
1790416624,1239320,22,,single
1790416626,1240590,1,,single
1790416627,1241950,20,,single
1790416629,1243850,16,,single
1790416630,1244460,699,,single
1790416631,1244800,81,,single
1790416633,1245540,0,,single
1790416634,1249040,4,,single
1790416636,1250410,2830,,single
1790416637,1252780,187,,single
1790416638,1254370,0,,single
1790416640,1257360,2,,single
1790416641,1258080,3353,,single
1790416643,1259840,12,,single
1790416644,1260320,9057,,single
1790416645,1260810,5,,single
1790416647,1262350,132,,single
1790416648,1262540,292,,single
1790416650,1262580,367,,single
1790416651,1263230,0,,single
1790416652,1264250,38,,single
1790416654,1265820,86,,single
1790416655,1266030,8,,single
1790416656,1267470,2,,single
1790416658,1267910,3752,,single
1790416659,1269950,10,,single
1790416661,1271280,6,,single
1790416662,1272010,6,,single
1790416664,1272320,594,,single
1790416665,1273400,644,,single
1790416666,1273710,25,,single
1790416668,1275350,87,,single
1790416669,1278480,122,,single
1790416671,1280780,80,,single
1790416672,1281630,322,,single
1790416673,1282410,10,,single
1790416675,1283190,47,,single
1790416676,1283410,46,,single
1790416677,1284240,0,,single
1790416679,1286280,5,,single
1790416680,1286350,10,,single
1790416682,1286680,234,,single
1790416683,1286990,24,,single
1790416684,1289340,2,,single
1790416686,1289810,51,,single
1790416687,1291010,36,,single
1790416689,1291500,0,,single
1790416690,1293170,3,,single
1790416691,1294420,2,,single
1790416693,1294760,29,,single
1790416694,1295500,138,,single
1790416696,1295920,20,,single
1790416697,1297160,0,,single
1790416698,1299460,12,,single
1790416700,1301720,12,,single
1790416701,1304550,21,,single
1790416703,1305420,0,,single
1790416704,1307890,162,,single
1790416705,1309950,4,,single
1790416707,1310520,1,,single
1790416708,1313140,1692,,single
1790416710,1315980,2,,single
1790416711,1316910,3,,single
1790416712,1319460,2,,single
1790416714,1323420,1,,single
1790416715,1324530,7,,single
1790416717,1328350,23,,single
1790416718,1329500,37,,single
1790416719,1329880,5,,single
1790416721,1330470,31,,single
1790416722,1331440,2,,single
1790416724,1332470,2,,single
1790416726,1334730,6,,single
1790416727,1335560,3,,single
1790416728,1335830,78,,single
1790416730,1336560,0,,single
1790416731,1337520,100,,single
1790416733,1337890,3,,single
1790416734,1338580,3,,single
1790416736,1338840,1,,single
1790416737,1340530,3,,single
1790416739,1341290,235,,single
1790416740,1342620,2,,single
1790416741,1343240,51,,single
1790416743,1343400,1320,,single
1790416744,1345820,5,,single
1790416745,1346010,3,,single
1790416747,1347550,3,,single
1790416748,1347970,11,,single
1790416750,1350200,7,,single
1790416751,1351080,253,,single
1790416753,1352330,192,,single
1790416754,1352930,38,,single
1790416755,1356670,58,,single
1790416757,1357860,8,,single
1790416758,1358700,173,,single
1790416760,1360000,109,,single
1790416761,1360810,61,,single
1790416762,1361210,4186,,single
1790416764,1363080,5101,,single
1790416765,1364020,3,,single
1790416767,1364210,329,,single
1790416768,1364390,275,,single
1790416769,1366290,4,,single
1790416771,1366950,7,,single
1790416772,1368030,8,,single
1790416774,1369670,431,,single
1790416775,1370050,5,,single
1790416776,1372280,94,,single
1790416778,1372530,86,,single
1790416779,1373780,2,,single
1790416780,1375400,4,,single
1790416782,1376200,4,,single
1790416783,1377360,10,,single
1790416785,1377450,13,,single
1790416786,1379870,10,,single
1790416787,1382200,1,,single
1790416789,1384770,4,,single
1790416790,1386780,41,,single
1790416792,1388870,3,,single
1790416793,1389630,1,,single
1790416794,1390190,18,,single
1790416796,1392820,9,,single
1790416797,1393750,1,,single
1790416799,1396240,35,,single
1790416800,1397920,559,,single
1790416802,1401590,4288,,single
1790416803,1404210,433,,single
1790416804,1406850,12,,single
1790416806,1408230,12,,single
1790416807,1408720,13,,single
1790416810,1410710,52,,single
1790416815,1413480,127,,single
1790416816,1414180,0,,single
1790416818,1416130,0,,single
1790416819,1416260,69,,single
1790416821,1417930,46,,single
1790416822,1419170,1217,,single
1790416825,1420350,10,,single
1790416827,1421250,136,,single
1790416828,1422130,322,,single
1790416830,1423330,1,,single
1790416831,1426210,11577,,single
1790416832,1428100,7,,single
1790416834,1430680,15,,single
1790416835,1432100,8,,single
1790416836,1433340,35,,single
1790416838,1435670,9,,single
1790416839,1436590,19,,single
1790416841,1437760,25,,single
1790416842,1437830,523,,single
1790416844,1440670,11,,single
1790416845,1444110,1,,single
1790416847,1445790,23,,single
1790416848,1447430,4420,,single
1790416850,1448530,9,,single
1790416851,1449280,14,,single
1790416852,1450150,5,,single
1790416854,1450900,127,,single
1790416855,1451480,12,,single
1790416857,1451810,17,,single
1790416858,1455630,23,,single
1790416860,1455840,321,,single
1790416861,1456760,9,,single
1790416862,1458140,227,,single
1790416864,1461600,0,,single
1790416865,1462470,1,,single
1790416867,1462810,166,,single
1790416868,1465360,3913,,single
1790416870,1466640,109,,single
1790416871,1467920,10,,single
1790416873,1468720,91,,single
1790416874,1471410,43,,single
1790416875,1475380,0,,single
1790416877,1476970,12560,,single
1790416878,1477590,114,,single
1790416880,1478160,6,,single
1790416881,1481170,109,,single
1790416882,1482860,63,,single
1790416884,1484280,8,,single
1790416885,1485590,17,,single
1790416887,1486920,228,,single
1790416888,1489970,6,,single
1790416890,1491340,24,,single
1790416891,1493640,156,,single
1790416892,1494810,6,,single
1790416894,1499120,4,,single
1790416895,1502190,3,,single
1790416896,1506510,0,,single
1790416898,1509510,235,,single
1790416899,1509960,137,,single
1790416901,1511460,27,,single
1790416902,1511670,0,,single
1790416903,1514930,0,,single
1790416905,1517290,1254,,single
1790416906,1521580,17,,single
1790416908,1522820,206,,single
1790416909,1525700,370,,single
1790416910,1527910,2,,single
1790416912,1532200,45,,single
1790416913,1534980,87,,single
1790416915,1536090,35,,single
1790416916,1538970,7,,single
1790416918,1540210,56,,single
1790416919,1543280,13,,single
1790416921,1545450,47,,single
1790416922,1546310,2,,single
1790416923,1546400,38,,single
1790416925,1547890,47,,single
1790416926,1552350,20,,single
1790416928,1554790,15,,single
1790416929,1555710,1,,single
1790416930,1556790,138,,single
1790416932,1557740,254,,single
1790416933,1558830,0,,single
1790416935,1560250,39,,single
1790416936,1563130,2,,single
1790416938,1566690,101,,single
1790416939,1567440,6,,single
1790416940,1569090,5,,single
1790416942,1569580,649,,single
1790416943,1570070,18,,single
1790416945,1571100,6,,single
1790416946,1574260,9,,single
1790416948,1574580,55,,single
1790416949,1574900,51,,single
1790416950,1575940,716,,single
1790416952,1578390,170,,single
1790416953,1578860,4,,single
1790416955,1580240,146,,single
1790416956,1581770,81,,single
1790416958,1582680,1,,single
1790416959,1585220,21,,single
1790416960,1588530,121,,single
1790416962,1590230,14,,single
1790416963,1591420,36,,single
1790416965,1592280,13,,single
1790416966,1592520,7,,single
1790416968,1594320,2966,,single
1790416969,1596310,3,,single
1790416971,1599330,33,,single
1790416972,1599600,853,,single
1790416973,1600530,47,,single
1790416975,1601970,14,,single
1790416976,1603180,34,,single
1790416978,1604000,20,,single
1790416979,1605220,178,,single
1790416981,1606340,165,,single
1790416982,1608070,245,,single
1790416984,1608290,58,,single
1790416985,1608700,0,,single
1790416986,1610470,34,,single
1790416988,1611430,57,,single
1790416990,1611910,236,,single
1790416991,1614440,21,,single
1790416992,1618540,6,,single
1790416994,1621070,43,,single
1790416995,1621690,7012,,single
1790416997,1623940,37,,single
1790416998,1625080,3,,single
1790417000,1627720,1990,,single
1790417001,1629530,1,,single
1790417002,1631470,13,,single
1790417004,1635590,11,,single
1790417005,1637730,43,,single
1790417007,1638230,41,,single
1790417008,1644960,214,,single
1790417010,1646850,15,,single
1790417011,1649010,44,,single
1790417012,1649950,122,,single
1790417014,1651560,112,,single
1790417015,1652250,70,,single
1790417017,1657630,1273,,single
1790417018,1658280,114,,single
1790417019,1659420,753,,single
1790417021,1661630,3,,single
1790417022,1663220,23,,single
1790417024,1665460,14147,,single
1790417025,1668690,15,,single
1790417026,1669170,4,,single
1790417028,1672970,1005,,single
1790417029,1675830,13,,single
1790417031,1677110,239,,single
1790417032,1677310,45,,single
1790417034,1679290,7,,single
1790417035,1681970,3,,single
1790417036,1682970,718,,single
1790417038,1689500,356,,single
1790417039,1689910,9,,single
1790417041,1694420,224,,single
1790417042,1696810,61,,single
1790417043,1699480,110,,single
1790417045,1700870,292,,single
1790417046,1701800,2,,single
1790417048,1705180,99,,single
1790417049,1708520,27,,single
1790417051,1710580,26,,single
1790417052,1712350,20,,single
1790417053,1715280,12,,single
1790417055,1718130,2,,single
1790417056,1723260,57,,single
1790417058,1726190,2,,single
1790417059,1730680,8,,single
1790417061,1731070,30,,single
1790417062,1735700,234,,single
1790417063,1737870,30,,single
1790417065,1740720,70,,single
1790417066,1746030,166,,single
1790417068,1747760,23,,single
1790417069,1750770,36,,single
1790417071,1755830,48,,single
1790417072,1761390,238,,single
1790417074,1763050,3,,single
1790417075,1766740,73,,single
1790417076,1769170,78,,single
1790417078,1771300,13665,,single
1790417079,1777760,28,,single
1790417081,1782120,440,,single
1790417082,1783360,3,,single
1790417083,1787090,2140,,single
1790417085,1790600,816,,single
1790417086,1796220,39,,single
1790417088,1796790,105,,single
1790417089,1799930,8,,single
1790417090,1802720,2,,single
1790417092,1809540,563,,single
1790417093,1811260,587,,single
1790417095,1811990,65,,single
1790417096,1812370,9,,single
1790417098,1815570,36,,single
1790417099,1817070,2773,,single
1790417100,1817800,45,,single
1790417102,1822550,31,,single
1790417103,1823930,6,,single
1790417105,1830970,27,,single
1790417106,1832640,9,,single
1790417108,1836160,7,,single
1790417109,1839430,51,,single
1790417110,1839880,6,,single
1790417112,1839950,566,,single
1790417113,1843940,61,,single
1790417115,1846170,6,,single
1790417116,1847240,22,,single
1790417118,1849250,239,,single
1790417119,1850160,62,,single
1790417120,1850510,137,,single
1790417123,1853200,0,,single
1790417125,1859470,5,,single
1790417127,1862520,98,,single
1790417128,1865060,137,,single
1790417130,1869270,42,,single
1790417131,1874170,32,,single
1790417132,1874880,7657,,single
1790417134,1875830,907,,single
1790417135,1881200,50,,single
1790417136,1881610,23,,single
1790417138,1883260,6,,single
1790417139,1886070,1,,single
1790417141,1887840,132,,single
1790417142,1889040,2,,single
1790417144,1892030,72,,single
1790417145,1893810,16,,single
1790417146,1895130,22,,single
1790417148,1896390,17,,single
1790417149,1899060,22,,single
1790417151,1902710,7,,single
1790417152,1903620,12,,single
1790417153,1907590,4,,single
1790417155,1910680,257,,single
1790417156,1911610,100,,single
1790417157,1913370,523,,single
1790417159,1919590,452,,single
1790417160,1920780,12,,single
1790417162,1924490,0,,single
1790417163,1929870,10,,single
1790417165,1931950,0,,single
1790417166,1932640,185,,single
1790417167,1934570,14,,single
1790417169,1937500,214,,single
1790417170,1939160,15,,single
1790417172,1942660,30,,single
1790417173,1944430,55,,single
1790417174,1946550,4,,single
1790417176,1949190,12,,single
1790417177,1951230,50,,single
1790417179,1953520,156,,single
1790417180,1955230,4,,single
1790417182,1956040,17,,single
1790417183,1957780,74,,single
1790417184,1963040,54,,single
1790417186,1966900,79,,single
1790417187,1967510,18,,single
1790417189,1968730,34,,single
1790417190,1970980,22,,single
1790417191,1972440,49,,single
1790417193,1977170,13,,single
1790417194,1979440,23,,single
1790417196,1981570,40,,single
1790417197,1985170,3,,single
1790417199,1989270,229,,single
1790417200,1999170,9,,single
1790417201,2005010,79,,single
1790417203,2009350,483,,single
1790417204,2013240,81,,single
1790417206,2014780,1068,,single
1790417207,2017080,15,,single
1790417209,2021880,46,,single
1790417210,2026000,261,,single
1790417211,2027330,1117,,single
1790417213,2055050,155,,single
1790417215,2058180,331,,single
1790417216,2059170,859,,single
1790417217,2060130,22,,single
1790417219,2061440,3,,single
1790417220,2064870,73,,single
1790417222,2067050,15,,single
1790417223,2067920,108,,single
1790417225,2069040,19,,single
1790417226,2069900,0,,single
1790417228,2073470,5,,single
1790417229,2076010,109,,single
1790417230,2078450,6,,single
1790417232,2084000,165,,single
1790417233,2086430,42,,single
1790417235,2089600,159,,single
1790417236,2095300,28,,single
1790417237,2096610,118,,single
1790417239,2099110,28,,single
1790417240,2103140,1730,,single
1790417241,2106840,100,,single
1790417243,2109370,62,,single
1790417244,2113900,13,,single
1790417246,2116120,165,,single
1790417247,2119740,6,,single
1790417248,2124120,529,,single
1790417250,2124780,3,,single
1790417251,2131630,123,,single
1790417252,2131650,92,,single
1790417254,2135150,1502,,single
1790417255,2140330,34,,single
1790417257,2143680,7,,single
1790417258,2151290,107,,single
1790417259,2160220,6,,single
1790417261,2163330,1362,,single
1790417262,2168680,606,,single
1790417264,2171630,9,,single
1790417265,2172260,9,,single
1790417266,2181610,17,,single
1790417268,2181930,5,,single
1790417269,2183650,24,,single
1790417270,2185060,1437,,single
1790417272,2186680,4424,,single
1790417273,2193490,14,,single
1790417275,2195120,156,,single
1790417276,2195410,13,,single
1790417277,2200780,56,,single
1790417279,2206210,2,,single
1790417280,2207490,75,,single
1790417281,2208920,3416,,single
1790417283,2212330,470,,single
1790417284,2216130,63,,single
1790417286,2218400,96,,single
1790417287,2228280,13,,single
1790417288,2230650,50,,single
1790417290,2231380,2827,,single
1790417291,2235240,12,,single
1790417292,2238900,152,,single
1790417294,2239550,404,,single
1790417295,2248430,8,,single
1790417297,2252570,15653,,single
1790417298,2254740,34,,single
1790417299,2272250,22,,single
1790417301,2272900,12,,single
1790417302,2273550,6,,single
1790417303,2275150,3,,single
1790417305,2281410,44,,single
1790417306,2288150,672,,single
1790417308,2290000,18,,single
1790417309,2291340,47,,single
1790417310,2294660,477,,single
1790417312,2299900,3,,single
1790417313,2302140,3,,single
1790417314,2303350,34,,single
1790417316,2307350,101,,single
1790417317,2314720,8,,single
1790417319,2321470,1006,,single
1790417320,2322440,12,,single
1790417321,2328750,41,,single
1790417323,2331330,116,,single
1790417324,2336220,1698,,single
1790417325,2344320,0,,single
1790417327,2351560,62,,single
1790417328,2354000,13,,single
1790417329,2357000,11,,single
1790417331,2362300,36,,single
1790417332,2366980,31,,single
1790417334,2378900,201,,single
1790417335,2379910,12,,single
1790417336,2381590,16,,single
1790417338,2384580,1991,,single
1790417339,2390260,0,,single
1790417340,2399830,19589,,single
1790417342,2400340,9,,single
1790417343,2400770,26,,single
1790417345,2408820,796,,single
1790417346,2418520,1526,,single
1790417347,2420110,1273,,single
1790417349,2421410,58,,single
1790417350,2431660,2,,single
1790417351,2436940,5731,,single
1790417353,2442460,27,,single
1790417354,2455640,2089,,single
1790417355,2470300,2,,single
1790417357,2477090,12,,single
1790417358,2479810,1413,,single
1790417360,2486740,58,,single
1790417361,2495100,542,,single
1790417363,2499470,19,,single
1790417364,2503770,366,,single
1790417365,2510710,17,,single
1790417367,2512560,2,,single
1790417368,2515020,1071,,single
1790417369,2521380,21,,single
1790417371,2525310,85,,single
1790417372,2531310,2660,,single
1790417374,2535830,2,,single
1790417375,2543180,71,,single
1790417376,2552430,3049,,single
1790417378,2555320,1,,single
1790417379,2559270,5,,single
1790417380,2570210,131,,single
1790417382,2581700,105,,single
1790417383,2591280,894,,single
1790417385,2594540,25,,single
1790417386,2597080,833,,single
1790417387,2608270,56,,single
1790417389,2617400,56,,single
1790417390,2634890,39,,single
1790417391,2638370,8,,single
1790417393,2646460,1881,,single
1790417394,2651280,2651,,single
1790417395,2653790,35,,single
1790417397,2656540,44,,single
1790417398,2658470,3,,single
1790417400,2669320,3619,,single
1790417401,2670630,2922,,single
1790417402,2675290,2,,single
1790417404,2677660,315,,single
1790417405,2683150,119,,single
1790417407,2687970,8,,single
1790417408,2688950,1470,,single
1790417409,2693930,20,,single
1790417411,2695490,19,,single
1790417412,2698780,591,,single
1790417414,2707900,62,,single
1790417415,2708450,7,,single
1790417416,2716400,49,,single
1790417418,2719160,139,,single
1790417419,2726450,9,,single
1790417420,2742830,693,,single
1790417422,2761670,79,,single
1790417423,2776450,333,,single
1790417425,2784470,714,,single
1790417426,2797340,30,,single
1790417427,2816950,28,,single
1790417429,2824660,6,,single
1790417430,2826180,214,,single
1790417431,2828860,150,,single
1790417433,2849080,949,,single
1790417434,2853730,213,,single
1790417435,2873080,82,,single
1790417437,2878980,2698,,single
1790417438,2888980,0,,single
1790417440,2903560,11,,single
1790417441,2916430,155,,single
1790417443,2928280,7,,single
1790417444,2933080,314,,single
1790417445,2956820,3,,single
1790417447,2961880,68,,single
1790417448,2967990,85,,single
1790417450,2976720,4,,single
1790417451,3014080,211,,single
1790417452,3019370,3,,single
1790417454,3024540,4,,single
1790417455,3035500,268,,single
1790417457,3058630,833,,single
1790417458,3061810,170,,single
1790417460,3107230,5,,single
1790417461,3112260,117,,single
1790417462,3121110,99,,single
1790417464,3126470,1,,single
1790417465,3149840,9,,single
1790417466,3156770,291,,single
1790417468,3168600,28,,single
1790417469,3176060,20,,single
1790417471,3188550,26,,single
1790417472,3218600,5,,single
1790417473,3228180,4,,single
1790417475,3244220,56,,single
1790417476,3272300,0,,single
1790417477,3371240,36,,single
1790417479,3402530,79,,single
1790417480,3454590,79,,single
1790417482,990080,6114,,single
1790417483,1546970,295,,single
1790417484,1547000,1228,,single
1790417486,40,3,,single
1790417487,1900,6,,single
1790417488,2210,16,,single
1790417490,2420,1,,single
1790417491,2500,1,,single
1790417493,2640,18,,single
1790417494,3300,29,,single
1790417495,3710,2,,single
1790417497,3980,15,,single
1790417498,4770,17,,single
1790417500,6040,4,,single
1790417501,6120,9,,single
1790417502,6310,7,,single
1790417504,6510,4,,single
1790417505,6870,4,,single
1790417506,6900,15,,single
1790417508,7510,1,,single
1790417509,7600,79,,single
1790417510,7660,13,,single
1790417512,9160,0,,single
1790417513,9480,104,,single
1790417515,10220,8,,single
1790417516,11610,7,,single
1790417517,12150,61,,single
1790417519,12830,4,,single
1790417520,13520,124,,single
1790417521,13560,23,,single
1790417523,15120,23,,single
1790417524,15190,9,,single
1790417526,15370,282,,single
1790417527,15700,13,,single
1790417528,16450,28,,single
1790417530,17300,11,,single
1790417531,17710,0,,single
1790417532,18700,0,,single
1790417534,19800,10,,single
1790417535,19900,119,,single
1790417536,20510,117,,single
1790417538,20900,564,,single
1790417539,21010,1,,single
1790417541,21670,5,,single
1790417542,21780,7,,single
1790417543,22100,74,,single
1790417545,22140,1,,single
1790417546,22310,0,,single
1790417547,22370,170,,single
1790417549,22610,3,,single
1790417550,23310,27,,single
1790417552,24670,23,,single
1790417553,24840,13,,single
1790417554,24880,45,,single
1790417556,25980,26,,single
1790417557,27000,1,,single
1790417558,29800,0,,single
1790417560,31170,3,,single
1790417561,32390,1,,single
1790417563,32500,8,,single
1790417564,34190,12,,single
1790417565,34900,4,,single
1790417567,37600,0,,single
1790417568,38700,1,,single
1790417569,39160,9,,single
1790417571,39500,201,,single
1790417572,40400,1,,single
1790417573,41800,1,,single
1790417575,42170,0,,single
1790417576,42990,4,,single
1790417578,44340,1,,single
1790417579,45750,1,,single
1790417580,46560,14,,single
1790417582,47410,351,,single
1790417583,47800,4,,single
1790417584,47920,2,,single
1790417586,48240,88,,single
1790417587,49470,8,,single
1790417589,50130,253,,single
1790417590,55100,21,,single
1790417591,57650,2,,single
1790417593,57740,20,,single
1790417594,61500,6,,single
1790417596,63500,2,,single
1790417597,63700,0,,single
1790417598,63950,0,,single
1790417600,65930,12,,single
1790417601,67370,31,,single
1790417603,71250,58,,single
1790417604,73020,8,,single
1790417605,91600,3,,single
1790417607,92100,6,,single
1790417608,93200,0,,single
1790417609,96100,1,,single
1790417611,99300,3,,single
1790417612,102500,19,,single
1790417613,104600,0,,single
1790417615,108500,0,,single
1790417616,111800,0,,single
1790417617,113400,136,,single
1790417619,115120,0,,single
1790417620,200910,0,,single
1790417622,201290,6,,single
1790417623,201510,3,,single
1790417624,202310,0,,single
1790417626,202990,145,,single
1790417627,203510,0,,single
1790417628,203810,0,,single
1790417630,204100,242,,single
1790417631,205020,0,,single
1790417632,205710,144,,single
1790417634,205950,3,,single
1790417635,207420,1,,single
1790417637,208670,2,,single
1790417638,208750,1,,single
1790417639,209100,2,,single
1790417641,209630,0,,single
1790417642,209870,0,,single
1790417643,210950,0,,single
1790417645,211340,0,,single
1790417646,211500,685,,single
1790417648,212070,39,,single
1790417649,212200,262,,single
1790417650,212630,46,,single
1790417652,214250,1,,single
1790417653,214790,1,,single
1790417654,215080,188,,single
1790417656,215160,3,,single
1790417657,215630,0,,single
1790417658,215790,1,,single
1790417660,215930,39,,single
1790417661,216260,12,,single
1790417663,217100,0,,single
1790417664,217690,2,,single
1790417665,217790,1,,single
1790417667,218090,1,,single
1790417668,218510,1,,single
1790417670,218740,0,,single
1790417671,219830,3,,single
1790417673,220240,1371,,single
1790417674,220700,149,,single
1790417675,221020,4,,single
1790417677,221180,13,,single
1790417678,222480,170,,single
1790417679,222940,23,,single
1790417681,223100,47,,single
1790417682,223490,1,,single
1790417684,224540,1,,single
1790417685,224860,0,,single
1790417687,225020,5,,single
1790417688,225300,7,,single
1790417690,225420,16,,single
1790417691,225600,0,,single
1790417692,226100,2,,single
1790417694,226580,6,,single
1790417695,226720,6,,single
1790417696,227600,11,,single
1790417698,227940,12,,single
1790417699,228380,319,,single
1790417701,230860,0,,single
1790417702,231060,2,,single
1790417703,231330,2,,single
1790417705,232050,33,,single
1790417706,232430,3,,single
1790417708,233230,0,,single
1790417709,233350,10,,single
1790417711,233720,45,,single
1790417712,234080,42,,single
1790417713,234390,2,,single
1790417715,235250,0,,single
1790417716,235380,9,,single
1790417718,236110,264,,single
1790417719,236510,0,,single
1790417720,236870,48,,single
1790417722,237310,113,,single
1790417723,237890,9,,single
1790417724,238260,11,,single
1790417726,238320,247,,single
1790417727,238430,29,,single
1790417729,238930,0,,single
1790417730,239160,73,,single
1790417731,239840,3,,single
1790417733,240440,0,,single
1790417734,404730,63,,single
1790417736,241540,8,,single
1790417737,242550,124,,single
1790417738,242780,0,,single
1790417740,243040,2,,single
1790417741,243160,0,,single
1790417742,243780,8,,single
1790417744,244070,2,,single
1790417745,244770,4,,single
1790417747,245150,0,,single
1790417748,245300,4,,single
1790417749,245490,11,,single
1790417751,246090,0,,single
1790417752,246760,10,,single
1790417754,247950,3,,single
1790417755,249050,30,,single
1790417756,249590,0,,single
1790417758,249650,10,,single
1790417759,250380,1,,single
1790417761,250420,0,,single
1790417762,250580,1,,single
1790417763,250680,2,,single
1790417765,251110,10,,single
1790417766,251430,3,,single
1790417767,251830,0,,single
1790417769,251950,8,,single
1790417770,252350,0,,single
1790417771,252450,2,,single
1790417773,252670,1,,single
1790417774,253190,0,,single
1790417776,253510,0,,single
1790417777,253920,5,,single
1790417778,254060,4,,single
1790417780,255070,0,,single
1790417781,255280,4,,single
1790417783,255390,4,,single
1790417784,255520,5,,single
1790417786,256460,2,,single
1790417787,257400,11,,single
1790417788,257690,0,,single
1790417790,257750,1,,single
1790417791,258520,1,,single
1790417792,259170,1,,single
1790417794,260190,4,,single
1790417795,260790,2,,single
1790417797,261490,0,,single
1790417798,261760,0,,single
1790417799,262150,1,,single
1790417801,262390,1,,single
1790417802,262790,0,,single
1790417804,263020,0,,single
1790417805,263540,39,,single
1790417806,263620,2,,single
1790417808,264160,5,,single
1790417809,265300,22,,single
1790417811,265550,137,,single
1790417812,265690,6,,single
1790417814,266110,3,,single
1790417815,267490,6,,single
1790417816,268050,171,,single
1790417818,268870,6,,single
1790417819,269190,6,,single
1790417821,269250,0,,single
1790417822,269490,0,,single
1790417823,269670,6,,single
1790417825,269790,2,,single
1790417826,270570,0,,single
1790417828,270850,4,,single
1790417829,271240,19,,single
1790417831,271570,0,,single
1790417832,271760,9,,single
1790417833,272060,4,,single
1790417835,272270,10,,single
1790417836,273500,1,,single
1790417838,274290,1,,single
1790417839,274350,0,,single
1790417841,275100,4,,single
1790417842,275490,0,,single
1790417843,277430,4,,single
1790417845,277890,7,,single
1790417846,278910,0,,single
1790417848,279940,9,,single
1790417849,280720,4,,single
1790417851,281370,0,,single
1790417852,281940,0,,single
1790417853,282100,2,,single
1790417855,282560,5,,single
1790417856,282760,0,,single
1790417858,283230,0,,single
1790417859,283880,2,,single
1790417861,284240,1,,single
1790417862,284870,1,,single
1790417863,285440,0,,single
1790417865,286000,4,,single
1790417866,286570,20,,single
1790417868,287260,1,,single
1790417869,287580,2,,single
1790417871,288060,2,,single
1790417872,288470,154,,single
1790417873,289690,8,,single
1790417875,290470,28,,single
1790417876,290790,2,,single
1790417877,291480,3,,single
1790417879,292000,1548,,single
1790417880,292140,80,,single
1790417882,292910,34,,single
1790417883,293520,1,,single
1790417884,293680,0,,single
1790417886,294440,0,,single
1790417887,295690,0,,single
1790417889,296070,1,,single
1790417890,296770,2,,single
1790417892,297000,1621,,single
1790417893,297120,0,,single
1790417894,297860,10,,single
1790417896,298180,4,,single
1790417897,298520,0,,single
1790417899,299460,0,,single
1790417900,299740,48,,single
1790417902,300060,0,,single
1790417903,300970,26,,single
1790417904,301280,1,,single
1790417906,301910,8,,single
1790417907,302510,73,,single
1790417909,302790,0,,single
1790417910,303390,3,,single
1790417911,303680,2,,single
1790417913,304030,1,,single
1790417914,304730,14,,single
1790417916,305260,10,,single
1790417917,306040,0,,single
1790417919,307050,0,,single
1790417920,307880,2,,single
1790417921,310370,0,,single
1790417923,310890,0,,single
1790417924,311010,0,,single
1790417926,311260,171,,single
1790417927,311730,58,,single
1790417928,311800,0,,single
1790417930,312280,16,,single
1790417931,312560,8,,single
1790417933,312750,68,,single
1790417934,312840,31,,single
1790417936,313020,0,,single
1790417937,313730,0,,single
1790417939,313780,2,,single
1790417940,314020,0,,single
1790417942,314150,1,,single
1790417943,314660,10,,single
1790417945,314790,1,,single
1790417946,315210,61,,single
1790417948,315660,32,,single
1790417949,317250,2,,single
1790417951,317470,17,,single
1790417952,318020,37,,single
1790417954,318230,1,,single
1790417955,318970,1,,single
1790417957,319480,0,,single
1790417958,320240,26,,single
1790417959,321270,3,,single
1790417961,321480,1,,single
1790417962,322110,12,,single
1790417964,323220,29,,single
1790417965,324510,8,,single
1790417967,324740,1,,single
1790417968,325090,0,,single
1790417970,326160,19,,single
1790417971,327030,161,,single
1790417973,327220,10,,single
1790417974,327670,1,,single
1790417976,328070,0,,single
1790417977,329430,66,,single
1790417978,329490,3,,single
1790417980,330020,386,,single
1790417982,330390,19,,single
1790417983,330840,5,,single
1790417984,331470,291,,single
1790417986,332200,16,,single
1790417987,332500,0,,single
1790417989,333980,7,,single
1790417990,334120,1,,single
1790417992,334420,0,,single
1790417993,335190,0,,single
1790417995,336130,2,,single
1790417996,337930,2,,single
1790417998,338390,5,,single
1790417999,339200,2,,single
1790418001,339340,194,,single
1790418002,339600,1,,single
1790418004,340000,2,,single
1790418005,340150,3,,single
1790418006,340490,6,,single
1790418008,341500,0,,single
1790418009,342180,8,,single
1790418011,342380,0,,single
1790418012,342980,0,,single
1790418014,343710,0,,single
1790418015,344740,0,,single
1790418017,344850,8,,single
1790418018,345240,86,,single
1790418020,345330,0,,single
1790418021,345370,34,,single
1790418025,345610,3,,single
1790418026,345820,6,,single
1790418028,346250,1,,single
1790418029,346850,17,,single
1790418031,347430,0,,single
1790418032,347600,0,,single
1790418034,347800,8,,single
1790418035,348200,25,,single
1790418037,348510,1,,single
1790418038,349730,1,,single
1790418039,350640,19,,single
1790418041,350910,0,,single
1790418042,351090,4,,single
1790418044,351290,0,,single
1790418045,351800,0,,single
1790418047,352550,0,,single
1790418048,353270,12,,single
1790418049,353540,5,,single
1790418051,354200,4,,single
1790418052,354380,15,,single
1790418054,355170,3,,single
1790418055,355800,5,,single
1790418056,356040,49,,single
1790418058,356190,1752,,single
1790418059,356650,27,,single
1790418061,357300,1,,single
1790418062,357340,2,,single
1790418063,358750,0,,single
1790418065,359100,1,,single
1790418066,359390,61,,single
1790418068,359840,21,,single
1790418069,360170,22,,single
1790418070,360730,0,,single
1790418072,360940,1,,single
1790418073,362490,68,,single
1790418075,363150,673,,single
1790418076,363440,49,,single
1790418077,363860,0,,single
1790418079,364420,2,,single
1790418080,365070,0,,single
1790418082,365960,261,,single
1790418083,366240,5,,single
1790418085,366320,4,,single
1790418086,367120,0,,single
1790418087,368070,168,,single
1790418089,368360,28,,single
1790418090,368730,1,,single
1790418092,368950,0,,single
1790418093,369110,1,,single
1790418094,370020,3,,single
1790418096,371180,0,,single
1790418097,371420,0,,single
1790418099,372000,170,,single
1790418100,374030,0,,single
1790418102,375460,4,,single
1790418103,375910,118,,single
1790418104,376680,46,,single
1790418106,377300,66,,single
1790418107,377680,0,,single
1790418109,378540,44,,single
1790418110,378760,169,,single
1790418112,379430,4032,,single
1790418113,380360,6,,single
1790418115,381210,38876,,single
1790418116,381990,9,,single
1790418118,382890,11,,single
1790418119,383080,52,,single
1790418121,383180,63,,single
1790418122,383580,0,,single
1790418124,384360,1,,single
1790418125,384740,0,,single
1790418126,385370,1,,single
1790418128,385730,3,,single
1790418129,386180,1153,,single
1790418131,387340,1,,single
1790418132,387970,1,,single
1790418134,388750,3,,single
1790418135,389430,2077,,single
1790418136,389670,0,,single
1790418138,390340,2,,single
1790418139,390720,0,,single
1790418141,391270,1,,single
1790418142,391720,40,,single
1790418143,393080,97,,single
1790418145,393420,77,,single
1790418146,393530,32,,single
1790418147,394310,59,,single
1790418149,395200,13,,single
1790418150,396350,0,,single
1790418152,397100,6,,single
1790418153,397540,2476,,single
1790418154,399790,4,,single
1790418156,400040,2911,,single
1790418157,400110,0,,single
1790418159,400250,0,,single
1790418160,400740,17,,single
1790418161,400940,2,,single
1790418163,401710,0,,single
1790418164,402180,0,,single
1790418166,402330,0,,single
1790418167,402620,12,,single
1790418169,402840,167,,single
1790418170,403430,2,,single
1790418172,404620,0,,single
1790418173,405500,0,,single
1790418175,407560,5,,single
1790418176,408520,0,,single
1790418178,408990,1,,single
1790418179,409510,0,,single
1790418180,409720,132,,single
1790418182,410670,0,,single
1790418183,410850,3,,single
1790418185,411300,73,,single
1790418186,411830,6,,single
1790418187,412020,1575,,single
1790418189,412880,1,,single
1790418190,414700,187,,single
1790418192,415590,0,,single
1790418193,416210,0,,single
1790418195,416600,10,,single
1790418196,416770,2,,single
1790418197,417880,2,,single
1790418199,419460,0,,single
1790418200,420560,15,,single
1790418202,420930,8,,single
1790418203,421670,1,,single
1790418205,422810,2,,single
1790418206,423230,15,,single
1790418208,423880,1,,single
1790418209,424370,74,,single
1790418211,426790,2,,single
1790418212,427190,36,,single
1790418214,427490,0,,single
1790418215,427730,59,,single
1790418216,427940,3,,single
1790418218,429180,1,,single
1790418219,429540,20,,single
1790418221,431590,12,,single
1790418222,431960,94464,,single
1790418224,432350,103,,single
1790418225,433170,2,,single
1790418226,433350,7,,single
1790418228,433850,157,,single
1790418229,434260,3,,single
1790418231,434460,8,,single
1790418232,434650,155,,single
1790418233,435030,37,,single
1790418235,436110,0,,single
1790418236,436500,0,,single
1790418238,436670,28,,single
1790418240,437570,2,,single
1790418241,438490,37,,single
1790418242,438740,7,,single
1790418244,439940,1,,single
1790418245,440650,21,,single
1790418247,441380,3,,single
1790418249,441830,1,,single
1790418250,442070,5,,single
1790418251,442500,0,,single
1790418253,443110,127,,single
1790418254,443810,59,,single
1790418256,444930,21,,single
1790418257,445130,0,,single
1790418259,446020,17,,single
1790418260,447820,10,,single
1790418261,449140,1,,single
1790418263,449800,7,,single
1790418265,450220,0,,single
1790418266,451840,0,,single
1790418267,452490,0,,single
1790418269,453480,7,,single
1790418270,454060,0,,single
1790418272,455910,2,,single
1790418273,457330,1,,single
1790418274,459220,164,,single
1790418276,460120,5,,single
1790418277,460700,0,,single
1790418279,460930,3532,,single
1790418280,461430,1,,single
1790418282,461840,0,,single
1790418283,461950,10,,single
1790418284,462930,22,,single
1790418286,463150,1,,single
1790418287,463390,0,,single
1790418289,464780,1,,single
1790418290,465200,12,,single
1790418291,465490,29,,single
1790418293,465760,0,,single
1790418294,466130,128,,single
1790418296,466940,2,,single
1790418297,468530,0,,single
1790418299,469610,15,,single
1790418300,469820,1,,single
1790418301,469990,8,,single
1790418303,471550,27,,single
1790418304,472870,16,,single
1790418305,474750,9,,single
1790418307,476650,9,,single
1790418309,480640,3,,single
1790418310,485030,0,,single
1790418311,485450,2,,single
1790418313,486720,7,,single
1790418314,487000,8,,single
1790418316,487220,1,,single
1790418317,487720,1,,single
1790418318,488790,566,,single
1790418320,489940,0,,single
1790418321,490280,5,,single
1790418324,493370,14,,single
1790418325,493520,463,,single
1790418327,494430,4,,single
1790418328,495420,1335,,single
1790418329,496240,3,,single
1790418331,496460,58,,single
1790418332,496810,1,,single
1790418334,499890,0,,single
1790418335,501790,1,,single
1790418337,502550,0,,single
1790418338,502820,1,,single
1790418339,503350,0,,single
1790418341,503620,1,,single
1790418342,504130,6,,single
1790418344,505460,1271,,single
1790418345,505640,2,,single
1790418347,505740,1,,single
1790418348,506610,12,,single
1790418349,509980,50,,single
1790418351,510490,1,,single
1790418352,511680,13,,single
1790418354,512250,2,,single
1790418355,513000,41,,single
1790418356,513450,1,,single
1790418358,514310,4,,single
1790418359,514920,0,,single
1790418361,515220,22,,single
1790418362,518060,11,,single
1790418364,519140,0,,single
1790418365,520010,2,,single
1790418366,520720,1,,single
1790418368,521150,19,,single
1790418369,522210,9,,single
1790418371,523210,0,,single
1790418372,524220,1176,,single
1790418373,525480,24,,single
1790418375,525700,2,,single
1790418376,526490,17,,single
1790418378,527270,0,,single
1790418379,1049590,14189,,single
1790418380,528740,178,,single
1790418382,529520,1,,single
1790418383,529660,2,,single
1790418385,530330,1,,single
1790418386,530630,9,,single
1790418387,531960,1,,single
1790418389,532840,0,,single
1790418390,533780,4,,single
1790418392,534550,5,,single
1790418393,535930,707,,single
1790418395,536890,0,,single
1790418396,537180,126,,single
1790418397,537450,1,,single
1790418399,538070,5,,single
1790418400,541300,42,,single
1790418402,543260,5,,single
1790418403,543900,10,,single
1790418404,544750,102,,single
1790418406,545650,3,,single
1790418407,546090,26,,single
1790418409,546430,5,,single
1790418410,548570,45,,single
1790418411,550470,235,,single
1790418413,550900,1,,single
1790418414,552450,0,,single
1790418416,552620,79,,single
1790418417,554310,3,,single
1790418418,555150,2,,single
1790418420,555220,8,,single
1790418421,555950,127,,single
1790418423,557180,10,,single
1790418424,558420,2,,single
1790418425,559610,1,,single
1790418427,560130,254,,single
1790418428,560430,5,,single
1790418430,562500,5,,single
1790418431,566090,0,,single
1790418433,566440,11,,single
1790418434,567280,0,,single
1790418436,567640,504,,single
1790418437,569610,8,,single
1790418438,570840,6,,single
1790418440,572410,33,,single
1790418441,574720,33,,single
1790418443,575550,0,,single
1790418444,576500,2,,single
1790418446,578080,379010,,single
1790418447,578650,44,,single
1790418448,579180,43,,single
1790418450,580040,3,,single
1790418451,581320,875,,single
1790418452,582660,20465,,single
1790418454,585450,8,,single
1790418455,585690,9,,single
1790418457,586140,227,,single
1790418458,586350,682,,single
1790418460,587100,11,,single
1790418461,587260,5,,single
1790418462,587860,7,,single
1790418464,588210,5,,single
1790418465,588950,3,,single
1790418467,589500,3,,single
1790418468,589780,6,,single
1790418470,591420,0,,single
1790418471,593640,1,,single
1790418472,594330,17,,single
1790418474,597820,54,,single
1790418475,598330,36,,single
1790418477,599080,0,,single
1790418478,601050,103,,single
1790418479,601530,0,,single
1790418481,602520,19,,single
1790418482,603530,1,,single
1790418484,604500,151,,single
1790418485,605450,1,,single
1790418486,606280,108,,single
1790418488,606800,36,,single
1790418489,607050,13,,single
1790418491,607890,15,,single
1790418492,609150,29,,single
1790418494,609920,11,,single
1790418495,611660,24,,single
1790418496,611790,97,,single
1790418498,612390,0,,single
1790418499,612570,0,,single
1790418501,612880,261,,single
1790418502,613880,27,,single
1790418503,617160,9,,single
1790418505,617700,0,,single
1790418506,618970,3,,single
1790418508,619540,2,,single
1790418509,619880,40,,single
1790418511,621070,0,,single
1790418512,622220,15,,single
1790418513,622650,89,,single
1790418515,623340,1,,single
1790418516,625960,1401,,single
1790418518,626690,46,,single
1790418519,628730,0,,single
1790418520,629520,12935,,single
1790418522,629760,325,,single
1790418523,630100,0,,single
1790418525,632000,1,,single
1790418526,632470,1389,,single
1790418527,635200,7,,single
1790418529,636040,461,,single
1790418530,637090,913,,single
1790418532,637650,778,,single
1790418533,638070,1,,single
1790418534,638650,11,,single
1790418536,638970,280,,single
1790418537,639790,0,,single
1790418539,640380,158,,single
1790418540,641780,27,,single
1790418542,644570,1,,single
1790418543,644930,2775,,single
1790418544,646200,0,,single
1790418546,649640,8,,single
1790418547,650000,0,,single
1790418549,650510,4,,single
1790418550,651660,1,,single
1790418551,652410,1,,single
1790418553,654990,1,,single
1790418554,657200,6,,single
1790418556,658620,40,,single
1790418557,661130,30,,single
1790418558,664430,3,,single
1790418560,665180,4,,single
1790418561,667610,15,,single
1790418563,668580,4753,,single
1790418564,669950,0,,single
1790418566,670290,442,,single
1790418567,671970,13,,single
1790418569,672680,232,,single
1790418570,673210,0,,single
1790418571,674020,4,,single
1790418573,674750,41,,single
1790418574,677340,21,,single
1790418576,678900,30,,single
1790418577,681660,1,,single
1790418578,683900,183,,single
1790418580,684580,2,,single
1790418581,685240,3,,single
1790418583,686680,2,,single
1790418584,687260,0,,single
1790418586,688060,1,,single
1790418587,689580,25,,single
1790418589,690640,128,,single
1790418590,690830,885,,single
1790418592,691690,6,,single
1790418593,692850,240,,single
1790418595,694720,0,,single
1790418596,695920,3,,single
1790418598,696370,7,,single
1790418599,698640,10,,single
1790418601,698780,640,,single
1790418602,699920,7,,single
1790418603,700330,5986,,single
1790418605,702670,16,,single
1790418606,703860,17,,single
1790418608,705210,705,,single
1790418609,706990,20,,single
1790418611,707030,30,,single
1790418612,710920,106,,single
1790418614,711810,1,,single
1790418615,714120,15,,single
1790418616,716350,6,,single
1790418618,717560,0,,single
1790418619,718650,2,,single
1790418621,719040,266,,single
1790418624,720280,1,,single
1790418625,722230,1,,single
1790418626,723090,6,,single
1790418628,726360,1,,single
1790418629,726840,52,,single
1790418631,728240,5,,single
1790418632,728730,46,,single
1790418634,730390,4,,single
1790418635,732810,0,,single
1790418637,735850,0,,single
1790418638,736820,369,,single
1790418640,738520,453,,single
1790418641,738540,102,,single
1790418643,740130,243,,single
1790418644,742300,26,,single
1790418646,743890,79,,single
1790418647,744060,1,,single
1790418649,746510,0,,single
1790418650,747340,0,,single
1790418651,747360,1,,single
1790418653,750130,51,,single
1790418654,752480,2,,single
1790418656,753590,1,,single
1790418657,753930,0,,single
1790418659,754890,6,,single
1790418660,755800,99,,single
1790418662,757130,0,,single
1790418663,757310,26,,single
1790418664,758480,2,,single
1790418666,761460,3,,single
1790418667,764300,8,,single
1790418669,765710,0,,single
1790418670,766570,19352,,single
1790418671,767930,0,,single
1790418673,768520,17,,single
1790418674,770390,0,,single
1790418676,773670,1,,single
1790418677,774171,1700,,single
1790418679,774351,0,,single
1790418680,774541,1,,single
1790418682,775940,0,,single
1790418683,777130,221,,single
1790418684,779290,3,,single
1790418686,779590,2,,single
1790418687,781440,1,,single
1790418689,785260,10,,single
1790418690,787070,1,,single
1790418692,787980,5,,single
1790418693,788260,0,,single
1790418694,788690,1,,single
1790418696,790060,13,,single
1790418697,792220,8,,single
1790418698,794260,226,,single
1790418700,794600,243,,single
1790418701,798420,32,,single
1790418703,798810,0,,single
1790418704,802890,31,,single
1790418706,803980,2,,single
1790418707,804490,6,,single
1790418708,806510,0,,single
1790418710,809140,22,,single
1790418711,809890,4,,single
1790418713,812810,2,,single
1790418714,814480,43,,single
1790418716,814680,0,,single
1790418717,817130,5,,single
1790418719,819500,0,,single
1790418720,821880,45,,single
1790418722,822930,0,,single
1790418723,824070,1,,single
1790418725,825310,0,,single
1790418726,826940,4,,single
1790418727,830370,2,,single
1790418729,831560,147,,single
1790418730,834530,77,,single
1790418732,836450,2,,single
1790418733,838350,1533,,single
1790418734,839310,2,,single
1790418736,841770,1,,single
1790418737,842910,1,,single
1790418739,844660,1,,single
1790418740,844930,10,,single
1790418742,846870,5,,single
1790418743,849740,3,,single
1790418744,851890,9,,single
1790418746,854940,1,,single
1790418747,857980,6,,single
1790418748,859570,8,,single
1790418750,862800,4,,single
1790418751,863550,131,,single
1790418753,865680,11,,single
1790418754,868020,2,,single
1790418755,869880,1,,single
1790418757,871930,2,,single
1790418758,872410,7000,,single
1790418760,877010,5,,single
1790418761,877810,0,,single
1790418762,878750,6,,single
1790418764,879510,4,,single
1790418765,882100,65,,single
1790418767,883860,311,,single
1790418768,886250,78,,single
1790418770,887490,4,,single
1790418771,889480,0,,single
1790418772,889910,5,,single
1790418774,893050,6,,single
1790418775,893680,11,,single
1790418777,896890,1,,single
1790418778,897220,24,,single
1790418779,899310,1,,single
1790418781,900010,1,,single
1790418782,903950,30,,single
1790418783,906100,13,,single
1790418785,909320,1,,single
1790418786,910830,3,,single
1790418788,911430,10,,single
1790418789,914620,68,,single
1790418791,914750,2,,single
1790418792,915810,12,,single
1790418793,917950,7,,single
1790418795,919360,5,,single
1790418796,920210,387,,single
1790418798,921590,3,,single
1790418799,922500,6,,single
1790418801,924140,2,,single
1790418802,924970,790,,single
1790418803,927250,0,,single
1790418805,927380,39,,single
1790418806,927990,0,,single
1790418807,929010,4,,single
1790418809,931690,0,,single
1790418810,933110,4245,,single
1790418812,934700,919,,single
1790418813,935400,0,,single
1790418814,938380,43,,single
1790418816,939520,19,,single
1790418817,939960,508,,single
1790418819,942140,0,,single
1790418820,944220,2,,single
1790418822,945710,8,,single
1790418823,947300,4,,single
1790418824,952040,61,,single
1790418826,952070,22,,single
1790418827,953580,11,,single
1790418829,954740,87,,single
1790418830,955050,8,,single
1790418831,956450,10,,single
1790418833,957960,9,,single
1790418834,959520,4,,single
1790418836,962580,5,,single
1790418837,964650,0,,single
1790418838,967460,1,,single
1790418840,968870,0,,single
1790418841,970570,46,,single
1790418843,970960,17,,single
1790418844,976310,1420,,single
1790418845,977720,2,,single
1790418847,978270,0,,single
1790418848,979070,56,,single
1790418850,980940,0,,single
1790418851,983970,11,,single
1790418852,984560,0,,single
1790418854,984800,6,,single
1790418855,989690,7,,single
1790418857,991260,2,,single
1790418858,991560,6,,single
1790418859,992300,143,,single
1790418861,992910,2,,single
1790418862,994220,2,,single
1790418863,994730,106,,single
1790418865,996770,85,,single
1790418866,999020,36,,single
1790418867,1000010,12,,single
1790418869,1000760,5,,single
1790418870,1004240,1,,single
1790418872,1004770,10,,single
1790418873,1009290,20,,single
1790418874,1011510,111,,single
1790418876,1012610,1,,single
1790418877,1015140,2,,single
1790418879,1015930,3,,single
1790418880,1016800,46,,single
1790418881,1017100,122,,single
1790418883,1018020,3,,single
1790418884,1022450,709,,single
1790418885,1025600,380,,single
1790418887,1026680,209,,single
1790418888,1029210,25,,single
1790418890,1029890,5,,single
1790418891,1030830,620,,single
1790418893,1031120,23,,single
1790418894,1032430,23,,single
1790418896,1034900,4,,single
1790418897,1035990,3,,single
1790418898,1038740,1,,single
1790418900,1040550,0,,single
1790418901,1041720,154,,single
1790418903,1042380,10,,single
1790418904,1042780,5,,single
1790418906,1043180,0,,single
1790418907,1045720,11,,single
1790418908,1046820,3,,single
1790418910,1048100,435,,single
1790418911,1049400,0,,single
1790418913,1049890,7,,single
1790418914,1056600,0,,single
1790418916,1056840,2,,single
1790418917,1057640,29,,single
1790418919,1062000,1,,single
1790418920,1062960,7,,single
1790418921,1063730,363,,single
1790418923,1064340,14,,single
1790418924,1067600,1,,single
1790418926,1069530,4,,single
1790418927,1070910,20,,single
1790418928,1072390,4,,single
1790418930,1077290,0,,single
1790418931,1079620,2,,single
1790418933,1082680,2,,single
1790418934,1086640,2,,single
1790418936,1086940,38548,,single
1790418937,1088090,136,,single
1790418938,1088710,49,,single
1790418940,1090250,0,,single
1790418941,1091500,29988,,single
1790418942,1092730,11,,single
1790418944,1094390,9,,single
1790418945,1096410,7,,single
1790418946,1096710,45,,single
1790418948,1097430,843,,single
1790418949,1097620,1,,single
1790418951,1099410,238,,single
1790418952,1101190,21,,single
1790418953,1101790,13,,single
1790418955,1104280,44,,single
1790418956,1104660,1,,single
1790418958,1105500,106,,single
1790418959,1106340,2,,single
1790418960,1106850,0,,single
1790418962,1107790,2,,single
1790418963,1108590,9,,single
1790418965,1110390,12,,single
1790418966,1111210,4,,single
1790418968,1112400,5,,single
1790418969,1113120,296,,single
1790418970,1113570,4,,single
1790418972,1117090,7,,single
1790418973,1118310,449,,single
1790418974,1120320,37,,single
1790418976,1121560,28,,single
1790418978,1123050,51,,single
1790418979,1124300,544,,single
1790418980,1127840,17,,single
1790418982,1128000,5,,single
1790418983,1128860,77,,single
1790418985,1130620,2,,single
1790418986,1131720,0,,single
1790418987,1133760,20,,single
1790418989,1134700,450,,single
1790418990,1135300,53,,single
1790418992,1136370,22,,single
1790418993,1137300,44,,single
1790418995,1139940,48,,single
1790418996,1141020,101,,single
1790418997,1142080,0,,single
1790418999,1143810,23,,single
1790419000,1144400,387,,single
1790419001,1146370,43,,single
1790419003,1146630,3,,single
1790419004,1148510,2,,single
1790419006,1150440,211,,single
1790419007,1150640,244,,single
1790419008,1154810,10,,single
1790419010,1157340,2,,single
1790419011,1158890,10,,single
1790419012,1160750,124,,single
1790419014,1161830,110,,single
1790419015,1162960,1,,single
1790419017,1164690,4,,single
1790419018,1167140,12,,single
1790419019,1170760,2,,single
1790419021,1170970,165,,single
1790419022,1172050,0,,single
1790419024,1173220,10,,single
1790419025,1174940,1,,single
1790419027,1175830,14,,single
1790419028,1176710,23,,single
1790419030,1178830,22,,single
1790419031,1179680,70,,single
1790419033,1180380,1472,,single
1790419034,1182020,134,,single
1790419035,1183800,4,,single
1790419037,1184140,1,,single
1790419038,1184480,9,,single
1790419040,1186040,0,,single
1790419041,1189290,27,,single
1790419043,1190110,0,,single
1790419044,1190400,0,,single
1790419045,1192640,0,,single
1790419047,1194930,2,,single
1790419049,1196310,107,,single
1790419050,1197370,0,,single
1790419051,1203180,0,,single
1790419053,1203620,5910,,single
1790419054,1205960,2,,single
1790419056,1206480,1,,single
1790419057,1208600,2,,single
1790419059,1209490,6,,single
1790419060,1213740,18,,single
1790419061,1214650,20,,single
1790419063,1218250,0,,single
1790419064,1218500,1,,single
1790419066,1220140,75,,single
1790419067,1222370,10,,single
1790419068,1222690,423,,single
1790419070,1224020,5,,single
1790419071,1225560,26,,single
1790419072,1225590,0,,single
1790419074,1227780,5,,single
1790419075,1228520,4,,single
1790419077,1229580,1,,single
1790419078,1231990,15,,single
1790419079,1234430,9,,single
1790419081,1235110,13,,single
1790419082,1236300,0,,single
1790419084,1237980,32,,single
1790419085,1238020,34,,single
1790419086,1238060,184,,single
1790419088,1238820,155,,single
1790419089,1238880,46,,single
1790419090,1240440,689,,single
1790419092,1244950,6,,single
1790419093,1248990,0,,single
1790419095,1249480,0,,single
1790419096,1250650,10,,single
1790419097,1252330,113,,single
1790419099,1252680,11,,single
1790419100,1253920,151,,single
1790419102,1254320,2,,single
1790419103,1255630,12,,single
1790419104,1257290,23,,single
1790419106,1259560,3,,single
1790419107,1259970,717,,single
1790419109,1263070,0,,single
1790419110,1264740,0,,single
1790419111,1265920,105,,single
1790419113,1266690,4,,single
1790419114,1266840,107,,single
1790419115,1268750,271,,single
1790419117,1269690,15,,single
1790419118,1271050,0,,single
1790419120,1272080,1778,,single
1790419121,1274570,482,,single
1790419122,1276660,0,,single
1790419124,1276790,26,,single
1790419125,1277930,54,,single
1790419126,1279630,1,,single
1790419128,1282150,50,,single
1790419129,1282590,31,,single
1790419131,1283220,1,,single
1790419132,1283970,11757,,single
1790419134,1284820,7,,single
1790419135,1287530,10,,single
1790419136,1288170,4,,single
1790419138,1290270,4,,single
1790419139,1292020,5,,single
1790419141,1293230,0,,single
1790419142,1295660,9287,,single
1790419144,1296360,11,,single
1790419145,1296610,270,,single
1790419147,1298140,3,,single
1790419148,1302800,1,,single
1790419149,1306580,2,,single
1790419151,1307660,0,,single
1790419152,1310510,0,,single
1790419154,1314000,30,,single
1790419155,1317020,1,,single
1790419156,1320100,2,,single
1790419158,1321680,89,,single
1790419160,1324350,1,,single
1790419161,1325260,0,,single
1790419162,1325900,1,,single
1790419164,1328990,8,,single
1790419165,1331510,10,,single
1790419166,1333350,344,,single
1790419168,1334010,0,,single
1790419169,1335200,698,,single
1790419171,1340480,16,,single
1790419172,1341820,21,,single
1790419173,1345860,5,,single
1790419175,1346360,3,,single
1790419176,1351240,187,,single
1790419178,1353300,1097,,single
1790419179,1356280,23,,single
1790419181,1358140,4,,single
1790419182,1359090,56,,single
1790419184,1363740,10,,single
1790419185,1367590,53,,single
1790419186,1368820,142,,single
1790419188,1369370,15,,single
1790419189,1369520,0,,single
1790419191,1371630,45,,single
1790419192,1371980,995,,single
1790419193,1372150,1,,single
1790419195,1373510,9,,single
1790419196,1374840,17,,single
1790419198,1374970,17,,single
1790419199,1376070,0,,single
1790419200,1378990,172,,single
1790419202,1380390,0,,single
1790419203,1382330,196,,single
1790419204,1385730,1,,single
1790419206,1388880,164,,single
1790419207,1390010,1,,single
1790419209,1393370,9,,single
1790419210,1395030,5,,single
1790419211,1398210,4,,single
1790419213,1402020,14,,single
1790419214,1402320,2,,single
1790419215,1406780,3,,single
1790419217,1409160,8,,single
1790419218,1412310,4,,single
1790419220,1414250,0,,single
1790419221,1416050,3,,single
1790419222,1418100,0,,single
1790419225,1420290,12,,single
1790419227,1421290,13,,single
1790419228,1421760,0,,single
1790419229,1425350,4,,single
1790419231,1427340,2,,single
1790419232,1428520,10,,single
1790419234,1429850,21,,single
1790419235,1432050,41,,single
1790419236,1433140,292,,single
1790419238,1436700,110,,single
1790419239,1439300,0,,single
1790419240,1443200,30,,single
1790419242,1444300,0,,single
1790419243,1446650,68,,single
1790419245,1451090,349,,single
1790419246,1454890,0,,single
1790419248,1456820,10,,single
1790419249,1457080,3,,single
1790419250,1458100,55,,single
1790419252,1465460,941,,single
1790419253,1465550,2,,single
1790419254,1466390,13,,single
1790419256,1471270,3,,single
1790419257,1473480,314,,single
1790419259,1475810,249,,single
1790419260,1478070,0,,single
1790419261,1479730,147,,single
1790419263,1481080,51,,single
1790419264,1484720,21,,single
1790419265,1486350,444,,single
1790419267,1487390,2,,single
1790419268,1489630,26,,single
1790419269,1491000,253,,single
1790419271,1492070,13,,single
1790419272,1493750,3,,single
1790419274,1494420,25,,single
1790419275,1494840,25,,single
1790419276,1498570,388,,single
1790419278,1501750,809,,single
1790419279,1504020,3,,single
1790419281,1506830,693,,single
1790419282,1507780,0,,single
1790419283,1512590,1,,single
1790419285,1517340,3,,single
1790419286,1519310,15,,single
1790419287,1522960,0,,single
1790419289,1530140,0,,single
1790419290,1531540,96,,single
1790419292,1534840,0,,single
1790419293,1536980,12,,single
1790419294,1541250,1,,single
1790419296,1543150,0,,single
1790419297,1547670,1,,single
1790419299,1549180,1,,single
1790419300,1549970,113,,single
1790419301,1550710,2,,single
1790419303,1552810,1,,single
1790419304,1555110,3,,single
1790419306,1556870,0,,single
1790419307,1562420,4,,single
1790419308,1564600,51,,single
1790419310,1571440,52,,single
1790419311,1573720,7,,single
1790419313,1574250,0,,single
1790419314,1575470,0,,single
1790419315,1577250,4,,single
1790419317,1580180,2,,single
1790419318,1580790,12,,single
1790419319,1584940,22,,single
1790419321,1588010,68,,single
1790419322,1590910,39,,single
1790419324,1591520,0,,single
1790419325,1592110,10,,single
1790419326,1593350,348,,single
1790419328,1597310,9,,single
1790419329,1599660,76,,single
1790419331,1602010,97,,single
1790419332,1608400,2,,single
1790419333,1609080,0,,single
1790419335,1610900,14,,single
1790419336,1612420,26,,single
1790419337,1615100,38,,single
1790419339,1619520,13,,single
1790419340,1621140,0,,single
1790419342,1622350,9,,single
1790419343,1622910,35,,single
1790419344,1627350,1,,single
1790419346,1630110,2,,single
1790419347,1634080,45,,single
1790419349,1636710,1,,single
1790419350,1640300,6,,single
1790419351,1643310,125,,single
1790419353,1644490,0,,single
1790419354,1647550,25,,single
1790419356,1649240,84,,single
1790419357,1659600,2,,single
1790419358,1660910,1,,single
1790419360,1664200,4,,single
1790419361,1668290,2,,single
1790419363,1668540,44,,single
1790419364,1671410,0,,single
1790419365,1672500,113,,single
1790419367,1676840,1051,,single
1790419368,1678430,6,,single
1790419370,1680880,29,,single
1790419371,1683340,3,,single
1790419372,1685750,40,,single
1790419374,1690730,36,,single
1790419375,1691420,0,,single
1790419377,1692250,99,,single
1790419378,1694960,5,,single
1790419379,1695840,0,,single
1790419381,1701520,101,,single
1790419382,1702330,69,,single
1790419383,1705140,4,,single
1790419385,1707990,7,,single
1790419386,1708460,0,,single
1790419388,1710170,22,,single
1790419389,1713350,33,,single
1790419390,1714320,2,,single
1790419392,1714590,0,,single
1790419393,1715590,9,,single
1790419395,1716740,2790,,single
1790419396,1721470,1028,,single
1790419397,1722860,23,,single
1790419399,1726400,1,,single
1790419400,1730360,3,,single
1790419401,1733240,2,,single
1790419403,1739300,5,,single
1790419404,1741640,10,,single
1790419406,1745510,45,,single
1790419407,1749860,18,,single
1790419409,1759380,2,,single
1790419410,1762010,0,,single
1790419412,1762930,23,,single
1790419413,1766010,0,,single
1790419414,1766100,2,,single
1790419416,1776380,35,,single
1790419417,1778820,5199,,single
1790419418,1781160,2,,single
1790419420,1784570,297,,single
1790419421,1789490,5,,single
1790419423,1800940,3,,single
1790419424,1803400,11,,single
1790419425,1807080,39,,single
1790419427,1812300,2,,single
1790419428,1814010,18,,single
1790419429,1822060,16,,single
1790419431,1832040,16,,single
1790419432,1836120,303,,single
1790419434,1837750,0,,single
1790419435,1840490,0,,single
1790419436,1843760,81,,single
1790419438,1846460,4,,single
1790419439,1850050,2,,single
1790419441,1850740,26,,single
1790419442,1853760,1,,single
1790419443,1857080,44,,single
1790419445,1858630,40,,single
1790419446,1863430,80,,single
1790419448,1868180,126,,single
1790419449,1872860,1,,single
1790419450,1877020,22,,single
1790419452,1879330,135,,single
1790419453,1885750,0,,single
1790419454,1889930,6,,single
1790419456,1893820,0,,single
1790419457,1898300,838,,single
1790419459,1901910,24,,single
1790419460,1910860,6,,single
1790419461,1914580,1,,single
1790419463,1916970,0,,single
1790419464,1920490,172,,single
1790419465,1923790,0,,single
1790419467,1924780,0,,single
1790419468,1926620,1,,single
1790419470,1929610,99,,single
1790419471,1931180,22,,single
1790419472,1937480,27,,single
1790419474,1938090,21785,,single
1790419475,1942110,13,,single
1790419477,1946970,19,,single
1790419478,1947500,6,,single
1790419479,1948980,858,,single
1790419481,1950440,0,,single
1790419482,1954420,458,,single
1790419483,1958340,5,,single
1790419485,1959390,0,,single
1790419486,1961950,49,,single
1790419488,1963370,106,,single
1790419489,1971870,867,,single
1790419491,1975520,24,,single
1790419492,1981610,2,,single
1790419493,1982340,3,,single
1790419495,1984020,2,,single
1790419496,1985820,121,,single
1790419497,1988540,56,,single
1790419499,1990740,16,,single
1790419500,1995890,85,,single
1790419502,1999770,32,,single
1790419503,2001070,17,,single
1790419504,2004640,12,,single
1790419506,2008100,73,,single
1790419507,2009100,9,,single
1790419509,2012510,17,,single
1790419510,2015270,41,,single
1790419512,2021910,163,,single
1790419513,2022670,17,,single
1790419514,2024230,1,,single
1790419516,2051120,21,,single
1790419517,2054970,3969,,single
1790419519,2058570,5,,single
1790419520,2071280,851,,single
1790419521,2072450,900,,single
1790419523,2076580,2,,single
1790419524,2083210,4,,single
1790419526,2089250,0,,single
1790419527,2094320,4,,single
1790419528,2102450,34,,single
1790419530,2105910,0,,single
1790419531,2107090,3,,single
1790419533,2110820,18,,single
1790419534,2118120,2,,single
1790419535,2123640,3,,single
1790419537,2130460,22,,single
1790419538,2137700,8,,single
1790419540,2139020,0,,single
1790419541,2141730,558,,single
1790419542,2147950,1,,single
1790419544,2160360,0,,single
1790419545,2167220,10,,single
1790419546,2178070,2,,single
1790419548,2186400,0,,single
1790419549,2192790,2,,single
1790419551,2197890,31,,single
1790419552,2198510,47,,single
1790419553,2202770,1,,single
1790419555,2209680,5,,single
1790419556,2213190,5,,single
1790419558,2216830,6,,single
1790419559,2221920,412,,single
1790419560,2224640,30,,single
1790419562,2232840,37,,single
1790419563,2239710,839,,single
1790419565,2242760,9,,single
1790419566,2250600,14,,single
1790419567,2257010,11,,single
1790419569,2259310,4,,single
1790419570,2274110,4,,single
1790419572,2276980,6,,single
1790419573,2285150,76,,single
1790419574,2287220,22,,single
1790419576,2288630,185,,single
1790419577,2291060,1139,,single
1790419578,2292800,67,,single
1790419580,2306590,179,,single
1790419581,2313330,21,,single
1790419583,2315430,17,,single
1790419584,2316580,2,,single
1790419586,2322560,58,,single
1790419587,2334220,2,,single
1790419588,2338140,47,,single
1790419590,2342950,69,,single
1790419591,2345020,3,,single
1790419593,2348610,33,,single
1790419594,2358260,134,,single
1790419596,2369390,12319,,single
1790419597,2375550,151,,single
1790419599,2383120,4,,single
1790419600,2386310,7,,single
1790419601,2390230,52,,single
1790419603,2395210,29,,single
1790419604,2399420,4168,,single
1790419606,2401230,4,,single
1790419607,2404880,1104,,single
1790419608,2406770,4429,,single
1790419610,2407830,38,,single
1790419611,2420880,2,,single
1790419613,2427420,119,,single
1790419614,2429350,1,,single
1790419616,2430990,1,,single
1790419617,2437170,3222,,single
1790419618,2440380,17,,single
1790419620,2442020,1,,single
1790419621,2445990,41,,single
1790419622,2448930,2,,single
1790419624,2453060,13,,single
1790419625,2456740,2436,,single
1790419627,2457890,2,,single
1790419628,2458830,2,,single
1790419629,2467810,12,,single
1790419631,2477010,91,,single
1790419632,2481020,2,,single
1790419634,2488620,323,,single
1790419635,2492040,187,,single
1790419637,2497900,10,,single
1790419638,2499800,4,,single
1790419640,2515240,2,,single
1790419641,2518960,54,,single
1790419643,2527500,615,,single
1790419644,2529820,10,,single
1790419645,2536530,0,,single
1790419647,2544110,20,,single
1790419648,2556990,14,,single
1790419649,2565550,0,,single
1790419651,2578910,2,,single
1790419652,2599300,4,,single
1790419654,2609610,139,,single
1790419655,2617700,82,,single
1790419656,2622000,3702,,single
1790419658,2623190,868,,single
1790419659,2627570,22,,single
1790419661,2644470,79,,single
1790419662,2659900,15,,single
1790419663,2665680,257,,single
1790419665,2668510,793,,single
1790419666,2671970,7,,single
1790419668,2680550,71,,single
1790419669,2685900,1,,single
1790419671,2691350,2,,single
1790419672,2693730,15,,single
1790419673,2698940,1558,,single
1790419675,2701660,325,,single
1790419676,2717880,52,,single
1790419678,2720950,5,,single
1790419679,2727650,7,,single
1790419681,2738490,54,,single
1790419682,2747550,7,,single
1790419684,2749770,43,,single
1790419685,2751000,537,,single
1790419687,2764750,21,,single
1790419688,2768430,143,,single
1790419689,2773280,13,,single
1790419691,2789460,29,,single
1790419692,2796010,24,,single
1790419693,2807150,6,,single
1790419695,2821800,110,,single
1790419696,2826800,8,,single
1790419698,2835590,15,,single
1790419699,2845630,0,,single
1790419700,2853590,107,,single
1790419702,2863640,11,,single
1790419703,2878960,262,,single
1790419705,2891310,1,,single
1790419706,2903950,160,,single
1790419707,2909110,44,,single
1790419709,2919660,10,,single
1790419710,2921380,0,,single
1790419712,2925510,0,,single
1790419713,2943150,2,,single
1790419715,2950340,157,,single
1790419716,2957800,2,,single
1790419718,2965660,70,,single
1790419719,2977620,8,,single
1790419720,3004100,17,,single
1790419722,3011030,10,,single
1790419723,3017580,21,,single
1790419725,3030720,6,,single
1790419726,3037410,743,,single
1790419728,3059520,6372,,single
1790419729,3070520,30,,single
1790419730,3099730,0,,single
1790419732,3116890,208,,single
1790419733,3145620,0,,single
1790419735,3149370,0,,single
1790419736,3172700,16,,single
1790419737,3183280,225,,single
1790419739,3187030,715,,single
1790419740,3212530,0,,single
1790419742,3222970,15,,single
1790419743,3238670,200,,single
1790419744,3243190,5,,single
1790419746,3287520,53,,single
1790419747,3314060,150,,single
1790419749,3330250,136,,single
1790419750,3359320,58,,single
1790419751,3400930,31,,single
1790419753,3431040,56,,single
1790419754,3438800,74,,single
1790419755,3461920,0,,single
1790419757,3539440,9,,single
1790419758,3615160,67,,single
1790419760,202970,88,,single
1790419761,1520470,455,,single
1790419762,991780,77,,single
1790419764,1178490,136,,single
1790419765,1880330,28,,single
1790419767,875210,280,,single
1790419768,1559390,35,,single
1790419769,47790,22,,single
1790419771,1214280,1,,single
1790419772,584980,9,,single
1790419774,652980,6,,single
1790419775,347620,13,,single
1790419776,1126290,4,,single
1790419778,1407450,44,,single
1790419779,1264670,0,,single
1790419781,253980,2,,single
1790419782,1461810,26,,single
1790419784,1991040,361,,single
1790419785,1816570,0,,single
1790419787,570780,58,,single
1790419788,998930,0,,single
1790419790,1064730,0,,single
1790419791,2453360,109,,single
1790419792,1392060,2,,single
1790419794,1263370,4,,single
1790419795,1434480,35,,single
1790419797,2161440,305,,single
1790419798,2059790,53,,single
1790419800,33220,46,,single
1790419801,1049100,1,,single
1790419802,604450,0,,single
1790419804,2321210,1,,single
1790419805,1108320,0,,single
1790419806,1269370,14,,single
1790419808,1233270,2,,single
1790419809,1909840,36,,single
1790419811,17330,8,,single
1790419813,2875140,11,,single
1790419815,1776970,52,,single
1790419816,2755330,2,,single
1790419818,967250,1,,single
1790419819,840140,0,,single
1790419820,1122750,6,,single
1790419822,296710,20,,single
1790419823,943380,2,,single
1790419825,662960,1,,single
1790419827,1186400,1,,single
1790419828,325120,0,,single
1790419830,944020,3,,single
1790419831,1217390,1,,single
1790419833,1140440,203,,single
1790419834,1345740,3,,single
1790419835,2093920,29,,single
1790419837,2500750,79,,single
1790419838,715400,2,,single
1790419840,2734450,32,,single
1790419841,1437880,397,,single
1790419842,326360,161,,single
1790419844,1225780,7,,single
1790419845,1084520,103,,single
1790419846,334310,33,,single
1790419848,789760,4,,single
1790419849,223810,10,,single
1790419851,1974520,12,,single
1790419852,1334040,14,,single
1790419854,850000,14,,single
1790419855,1639430,6,,single
1790419856,1149660,0,,single
1790419858,1618230,2,,single
1790419859,3003300,515,,single
1790419861,339400,2,,single
1790419862,921390,8,,single
1790419864,695630,31,,single
1790419865,1786200,0,,single
1790419867,828070,13,,single
1790419868,2346410,94,,single
1790419869,839630,2,,single
1790419871,995460,3,,single
1790419873,1161870,0,,single
1790419874,2232880,172,,single
1790419875,1777430,1,,single
1790419877,2510770,16,,single
1790419878,1191330,202,,single
1790419880,1634680,523,,single
1790419881,1868000,2,,single
1790419882,2507980,10,,single
1790419884,2078780,1,,single
1790419885,370280,0,,single
1790419887,1933650,41,,single
1790419888,1314140,18,,single
1790419889,1212830,0,,single
1790419891,836640,5,,single
1790419892,1394800,3,,single
1790419894,258760,12,,single
1790419895,2669860,8,,single
1790419897,466860,7,,single
1790419898,1601740,2,,single
1790419900,1747650,3,,single
1790419901,2734310,1,,single
1790419902,3028500,2,,single
1790419904,873190,0,,single
1790419905,844850,0,,single
1790419907,1041840,3,,single
1790419908,1153430,2,,single
1790419910,931500,85,,single
1790419911,2868860,153,,single
1790419912,2206340,13,,single
1790419914,448780,1,,single
1790419915,704030,0,,single
1790419917,452440,2,,single
1790419918,2774380,12,,single
1790419920,1060670,1,,single
1790419921,3158270,6,,single
1790419922,1171310,2,,single
1790419924,758530,0,,single
1790419925,740080,17,,single
1790419927,242840,0,,single
1790419928,3376250,210,,single
1790419929,581130,31,,single
1790419931,857450,4,,single
1790419932,1519090,99,,single
1790419934,2445340,3,,single
1790419935,2144590,2,,single
1790419936,1083210,1,,single
1790419938,2455060,5,,single
1790419939,1553000,28,,single
1790419941,948830,1,,single
1790419942,465100,2,,single
1790419943,1033420,19,,single
1790419945,600370,3,,single
1790419946,2094910,17,,single
1790419948,2522520,4,,single
1790419949,1028470,1,,single
1790419950,457680,2,,single
1790419952,2242710,9,,single
1790419953,1904860,42,,single
1790419955,1000080,2,,single
1790419956,2983140,31,,single
1790419957,1471180,39,,single
1790419959,427030,5,,single
1790419960,2423620,51,,single
1790419962,1340130,1,,single
1790419963,364390,3,,single
1790419965,2834600,21,,single
1790419966,2111870,1,,single
1790419967,906870,1,,single
1790419969,1166990,25,,single
1790419970,668550,2,,single
1790419972,2625620,3,,single
1790419973,2531940,21,,single
1790419974,1101360,17,,single
1790419976,610380,1,,single
1790419977,2793370,2,,single
1790419979,1246020,4,,single
1790419980,1930640,5,,single
1790419982,2328540,22,,single
1790419983,1089630,2,,single
1790419984,3042190,61,,single
1790419986,2604480,4,,single
1790419987,2963550,5,,single
1790419989,2620730,0,,single
1790419990,1732740,1,,single
1790419992,585020,0,,single
1790419993,3088250,0,,single
1790419994,254480,2,,single
1790419996,1274490,8,,single
1790419997,2313020,4,,single
1790419999,1550510,3,,single
1790420000,710470,0,,single
1790420001,2292060,8,,single
1790420003,1029500,20,,single
1790420004,2621150,1,,single
1790420006,2113040,3,,single
1790420007,1301390,9,,single
1790420009,2788040,2,,single
1790420010,2738380,13,,single
1790420012,3168260,27,,single
1790420013,2849960,0,,single
1790420014,483770,3,,single
1790420016,2530980,362,,single
1790420017,760640,141,,single
1790420019,1258590,0,,single
1790420020,2144640,32,,single
1790420021,1674890,8,,single
1790420023,1951410,111,,single
1790420024,1149550,12,,single
1790420026,1546010,1,,single
1790420027,1456650,10,,single
1790420028,1431230,1,,single
1790420030,2400640,16,,single
1790420031,1716310,3,,single
1790420033,1132730,3,,single
1790420034,826600,1,,single
1790420036,343100,0,,single
1790420037,951430,15,,single
1790420039,1232460,9,,single
1790420040,450860,2,,single
1790420042,1585570,8,,single
1790420043,364050,0,,single
1790420044,950620,2,,single
1790420046,2902540,5,,single
1790420047,630060,4,,single
1790420049,2115390,11,,single
1790420050,2153350,13,,single
1790420052,3170,102,,single
1790420053,326190,2,,single
1790420054,1072920,0,,single
1790420056,449220,0,,single
1790420057,553790,0,,single
1790420059,1956600,4,,single
1790420060,591630,0,,single
1790420062,975470,8,,single
1790420063,429620,2,,single
1790420064,2337860,1,,single
1790420066,1409830,5,,single
1790420067,3144640,1,,single
1790420069,1419730,0,,single
1790420070,1930600,1,,single
1790420072,2142160,18,,single
1790420073,2157680,21,,single
1790420075,2757350,0,,single
1790420076,484950,0,,single
1790420077,2081400,12,,single
1790420079,385400,1,,single
1790420080,1328890,10,,single
1790420082,981750,9,,single
1790420083,542340,2,,single
1790420084,2310700,24,,single
1790420086,2567190,16,,single
1790420087,1802880,4,,single
1790420089,2720280,1,,single
1790420090,1679220,8,,single
1790420091,2101890,19,,single
1790420093,929200,29,,single
1790420094,2738080,2,,single
1790420096,1065970,0,,single
1790420097,2456350,15,,single
1790420099,366260,5,,single
1790420100,1681060,8,,single
1790420102,2712580,0,,single
1790420103,2647230,0,,single
1790420104,420060,0,,single
1790420106,2162680,0,,single
1790420107,337410,657,,single
1790420109,212030,1,,single
1790420110,1583570,0,,single
1790420111,1521970,3,,single
1790420113,2776780,7,,single
1790420114,2087460,1,,single
1790420116,1473060,16,,single
1790420117,446840,2,,single
1790420119,2125540,1,,single
1790420120,2582650,26,,single
1790420121,3025290,1,,single
1790420123,481870,2,,single
1790420125,1836860,4,,single
1790420127,37000,2,,single
1790420128,1269020,2,,single
1790420130,673800,0,,single
1790420131,4890,50,,single
1790420133,370510,0,,single
1790420134,752580,106,,single
1790420135,2905970,11,,single
1790420137,440730,0,,single
1790420138,2964410,1,,single
1790420140,860910,4,,single
1790420141,1323470,2,,single
1790420142,1007400,17,,single
1790420144,2829600,0,,single
1790420145,6840,3,,single
1790420147,2727210,22,,single
1790420148,554530,0,,single
1790420150,2898270,23,,single
1790420151,934930,0,,single
1790420153,1623880,4,,single
1790420154,463210,1,,single
1790420156,473460,1,,single
1790420157,2414750,0,,single
1790420159,2186360,7,,single
1790420160,2417850,6,,single
1790420162,2089980,1,,single
1790420163,3099000,13,,single
1790420165,1812060,7,,single
1790420166,1983970,2,,single
1790420167,2429240,2,,single
1790420169,1717250,0,,single
1790420170,2318070,2,,single
1790420172,1557480,2,,single
1790420173,1822450,22,,single
1790420174,340070,0,,single
1790420176,2701510,5,,single
1790420177,885640,0,,single
1790420179,738510,2,,single
1790420180,1528130,0,,single
1790420181,412470,3,,single
1790420183,375450,383,,single
1790420184,2423300,40,,single
1790420186,613730,0,,single
1790420187,1433570,5,,single
1790420189,1423600,3,,single
1790420190,2697490,37,,single
1790420192,1016960,1,,single
1790420193,2846290,0,,single
1790420194,2109270,5,,single
1790420196,2473710,11,,single
1790420197,2600600,18,,single
1790420199,359610,3,,single
1790420200,2175540,1282,,single
1790420201,1124660,0,,single
1790420203,293320,0,,single
1790420204,1485870,1,,single
1790420206,257990,2,,single
1790420207,3391500,3,,single
1790420209,1007350,0,,single
1790420210,2990510,1,,single
1790420211,3362990,25,,single
1790420213,685340,10,,single
1790420214,3054610,4,,single
1790420216,377600,0,,single
1790420217,1460220,4,,single
1790420219,1276800,1,,single
1790420220,279720,1,,single
1790420221,380020,0,,single
1790420223,350810,0,,single
1790420224,3389860,0,,single
1790420226,1857740,19,,single
1790420227,2116060,33,,single
1790420229,603260,0,,single
1790420230,881690,0,,single
1790420231,1562940,32,,single
1790420233,248530,0,,single
1790420234,1612780,8,,single
1790420236,492630,0,,single
1790420237,1100420,18,,single
1790420239,299480,0,,single
1790420240,1425000,28,,single
1790420241,2517200,9,,single
1790420243,2317640,17,,single
1790420244,2530950,0,,single
1790420246,1729410,3,,single
1790420247,1755910,21,,single
1790420248,407310,0,,single
1790420250,264300,0,,single
1790420251,691280,0,,single
1790420253,597230,1,,single
1790420254,360380,0,,single
1790420256,2178990,6,,single
1790420257,571530,4,,single
1790420259,346730,1,,single
1790420260,936500,6,,single
1790420262,964570,30,,single
1790420263,464450,4,,single
1790420265,2111630,115,,single
1790420266,1498140,5,,single
1790420267,608990,7,,single
1790420269,893720,3,,single
1790420270,2185780,1,,single
1790420272,628890,208,,single
1790420273,2865580,57,,single
1790420274,355130,3,,single
1790420276,1807750,0,,single
1790420277,367570,1,,single
1790420279,2862610,1,,single
1790420280,446390,3,,single
1790420281,1264970,11,,single
1790420283,745330,8,,single
1790420284,3543420,1,,single
1790420286,701930,0,,single
1790420287,1660280,0,,single
1790420289,1573100,3,,single
1790420290,488730,2,,single
1790420292,2397250,31,,single
1790420293,269330,0,,single
1790420295,415480,2,,single
1790420296,415350,0,,single
1790420298,774511,3,,single
1790420299,2430730,8,,single
1790420300,510840,1,,single
1790420302,1394960,7,,single
1790420303,2075100,5,,single
1790420305,271360,38,,single
1790420306,1135830,7,,single
1790420308,282010,1,,single
1790420309,1314460,0,,single
1790420311,2717010,46,,single
1790420312,2403290,0,,single
1790420314,582330,1,,single
1790420315,281750,6,,single
1790420316,515260,12,,single
1790420318,780350,3,,single
1790420319,525040,5,,single
1790420321,2840210,0,,single
1790420322,745960,1,,single
1790420323,259340,0,,single
1790420325,654900,0,,single
1790420327,2381740,11,,single
1790420328,285010,2,,single
1790420329,664180,2,,single
1790420331,2025610,0,,single
1790420332,2248180,22,,single
1790420334,345220,0,,single
1790420335,1273100,5,,single
1790420337,2732100,3,,single
1790420338,1266600,1,,single
1790420340,2229560,3,,single
1790420341,2094270,3,,single
1790420343,1768650,15,,single
1790420344,1485690,3,,single
1790420346,1671350,4,,single
1790420347,257830,0,,single
1790420349,524660,306,,single
1790420350,332480,0,,single
1790420352,2014550,4,,single
1790420353,402530,0,,single
1790420354,2856450,0,,single
1790420356,2637070,8,,single
1790420357,732730,0,,single
1790420359,3177970,3,,single
1790420360,719640,188,,single
1790420362,1269260,8,,single
1790420363,1493520,1,,single
1790420365,965320,50,,single
1790420366,396160,5,,single
1790420368,206370,9,,single
1790420369,1664350,4,,single
1790420371,347940,1,,single
1790420372,3089130,17,,single
1790420373,1158220,2,,single
1790420375,286120,0,,single
1790420376,699670,1,,single
1790420378,1150090,4,,single
1790420379,2404370,1,,single
1790420381,886960,0,,single
1790420382,252230,1,,single
1790420383,1132980,2,,single
1790420385,402040,1,,single
1790420387,916930,1,,single
1790420388,376730,0,,single
1790420390,454100,0,,single
1790420391,764920,2,,single
1790420392,1789030,12,,single
1790420394,1157250,1,,single
1790420395,625980,7,,single
1790420397,832360,4,,single
1790420398,1089790,2,,single
1790420400,1864880,20,,single
1790420401,296050,0,,single
1790420403,2487060,10,,single
1790420404,2100160,19,,single
1790420406,943370,25,,single
1790420407,680980,0,,single
1790420408,541230,1,,single
1790420410,377900,2,,single
1790420411,2830150,17,,single
1790420413,2082410,6,,single
1790420415,384680,0,,single
1790420416,1259800,19,,single
1790420418,651500,0,,single
1790420419,18820,0,,single
1790420421,1385100,2,,single
1790420422,253880,7,,single
1790420426,809720,7,,single
1790420427,1118840,0,,single
1790420429,1060220,18,,single
1790420430,2088030,1,,single
1790420432,851530,1,,single
1790420433,2162780,4,,single
1790420435,528060,2,,single
1790420436,1133590,2,,single
1790420438,1135910,50,,single
1790420439,494230,1,,single
1790420440,575950,0,,single
1790420442,682530,1,,single
1790420443,2468100,8,,single
1790420445,423590,0,,single
1790420447,864700,8,,single
1790420448,2924170,12,,single
1790420450,2151580,14,,single
1790420451,771350,0,,single
1790420452,2388460,2,,single
1790420454,418190,1,,single
1790420455,2367230,1,,single
1790420457,794580,0,,single
1790420458,920680,2,,single
1790420460,714370,1,,single
1790420461,338000,1,,single
1790420463,314030,4,,single
1790420464,1147940,1,,single
1790420466,1145660,0,,single
1790420467,816490,0,,single
1790420469,1121710,1,,single
1790420470,326340,3,,single
1790420472,614910,77,,single
1790420473,1238680,17,,single
1790420475,1573630,2,,single
1790420476,229870,0,,single
1790420477,1049710,1,,single
1790420479,3211680,31,,single
1790420480,91330,2,,single
1790420482,605610,0,,single
1790420483,2206350,22,,single
1790420485,638000,6,,single
1790420486,388060,9,,single
1790420488,971620,88,,single
1790420489,2080640,0,,single
1790420491,659190,0,,single
1790420492,1073320,1,,single
1790420494,1307690,1,,single
1790420495,1430220,4,,single
1790420497,1585440,1,,single
1790420498,466740,1,,single
1790420500,1223870,0,,single
1790420501,251230,0,,single
1790420502,1379930,4,,single
1790420504,1003400,21,,single
1790420505,820730,0,,single
1790420507,392280,0,,single
1790420508,1558510,0,,single
1790420510,398680,0,,single
1790420511,3393750,11,,single
1790420513,463060,1,,single
1790420514,294230,0,,single
1790420516,1020820,1,,single
1790420517,402880,0,,single
1790420518,33180,5,,single
1790420520,739080,4,,single
1790420522,1382910,0,,single
1790420523,430070,0,,single
1790420525,545110,0,,single
1790420526,422250,1,,single
1790420527,317100,0,,single
1790420529,1455910,42,,single
1790420530,1773180,0,,single
1790420532,681390,0,,single
1790420533,760410,1,,single
1790420535,1113010,2,,single
1790420536,521350,0,,single
1790420538,3410310,0,,single
1790420539,824190,0,,single
1790420541,986040,9,,single
1790420542,2479290,1,,single
1790420544,1688100,0,,single
1790420545,1490840,1,,single
1790420547,502770,0,,single
1790420548,485040,2,,single
1790420549,1395760,5,,single
1790420551,2613060,14,,single
1790420552,3046600,41,,single
1790420554,1403650,6,,single
1790420555,2707070,73,,single
1790420557,301840,0,,single
1790420558,294020,0,,single
1790420559,1333470,2,,single
1790420561,545690,1,,single
1790420562,39650,6,,single
1790420564,891360,0,,single
1790420565,1494560,5,,single
1790420567,2368300,11,,single
1790420568,950530,1,,single
1790420569,546080,0,,single
1790420571,247140,1,,single
1790420573,2361460,7,,single
1790420574,839450,2,,single
1790420575,389270,0,,single
1790420577,1786670,3,,single
1790420579,1003360,0,,single
1790420580,33610,6,,single
1790420581,2157340,0,,single
1790420583,271860,1,,single
1790420584,1647190,8,,single
1790420586,1691320,0,,single
1790420587,384980,0,,single
1790420589,1620290,8,,single
1790420590,2751050,5,,single
1790420592,1142830,5,,single
1790420593,2353340,4,,single
1790420594,286810,2,,single
1790420596,1934080,0,,single
1790420597,1300920,1,,single
1790420599,597150,0,,single
1790420600,459160,24,,single
1790420602,1189440,7,,single
1790420603,1840800,7,,single
1790420605,201480,0,,single
1790420606,2439760,1,,single
1790420608,315260,1,,single
1790420609,1090440,1,,single
1790420611,1372300,2,,single
1790420612,3308560,3,,single
1790420613,1009990,1,,single
1790420615,698870,0,,single
1790420616,865820,5,,single
1790420618,2234150,67,,single
1790420619,1331210,2,,single
1790420621,508840,7,,single
1790420622,368610,4,,single
1790420624,755980,0,,single
1790420625,268240,0,,single
1790420626,2536960,6,,single
1790420628,1418020,0,,single
1790420629,574180,1,,single
1790420631,639650,2,,single
1790420632,574050,3,,single
1790420633,1013870,6,,single
1790420635,1096550,12,,single
1790420636,1662480,0,,single
1790420638,530950,0,,single
1790420639,3257490,8,,single
1790420640,2673490,0,,single
1790420642,1144440,1,,single
1790420643,1354230,1,,single
1790420645,745740,4,,single
1790420646,209230,2,,single
1790420647,418040,2,,single
1790420649,1515900,1,,single
1790420650,472680,0,,single
1790420652,1442820,3,,single
1790420653,3292340,0,,single
1790420655,2187230,1,,single
1790420656,46540,0,,single
1790420657,1379830,0,,single
1790420659,565860,0,,single
1790420660,396790,0,,single
1790420662,2692570,4,,single
1790420663,1007810,0,,single
1790420664,303790,0,,single
1790420666,11200,1,,single
1790420667,2204350,2,,single
1790420669,2377970,5,,single
1790420670,878580,1,,single
1790420672,2616420,0,,single
1790420673,1497950,7,,single
1790420675,1265800,1,,single
1790420676,1724140,32,,single
1790420677,1656930,4,,single
1790420679,1159090,4,,single
1790420681,1932160,7,,single
1790420682,628750,0,,single
1790420683,256010,2,,single
1790420685,2414630,2,,single
1790420686,595440,0,,single
1790420688,1682260,0,,single
1790420689,1739900,1,,single
1790420690,1731200,2,,single
1790420692,1243140,0,,single
1790420693,1530470,3,,single
1790420695,361190,1,,single
1790420696,2961460,11,,single
1790420698,1032670,0,,single
1790420700,296240,2,,single
1790420701,1897650,5,,single
1790420702,358270,7,,single
1790420704,1415220,0,,single
1790420705,3014520,1,,single
1790420707,1761780,7,,single
1790420708,1201400,0,,single
1790420710,1303950,1,,single
1790420711,2853160,26,,single
1790420712,887800,36,,single
1790420714,1299170,15,,single
1790420715,384030,43,,single
1790420717,423890,0,,single
1790420718,451650,7,,single
1790420719,381560,1,,single
1790420721,1383960,5,,single
1790420722,406090,0,,single
1790420724,691770,1,,single
1790420725,284890,1,,single
1790420727,2458310,2,,single
1790420728,1461910,34,,single
1790420730,887530,1,,single
1790420731,1133060,1,,single
1790420733,2295920,8,,single
1790420734,248710,1,,single
1790420735,3037930,0,,single
1790420737,1600780,3,,single
1790420738,1132910,1,,single
1790420740,1473050,0,,single
1790420741,1349540,43,,single
1790420742,321150,0,,single
1790420744,1085180,1,,single
1790420745,2633640,3,,single
1790420746,2099220,1,,single
1790420748,43190,1,,single
1790420749,965300,63,,single
1790420751,340460,0,,single
1790420752,2835110,8,,single
1790420754,1941410,0,,single
1790420755,351160,3,,single
1790420756,2667410,3,,single
1790420758,1883370,4,,single
1790420759,1399080,2,,single
1790420761,1209410,3,,single
1790420762,421740,0,,single
1790420764,299250,4,,single
1790420765,1286340,0,,single
1790420766,963450,0,,single
1790420768,3107770,20,,single
1790420769,655290,1,,single
1790420771,1614270,2,,single
1790420772,675690,55,,single
1790420773,2411910,60,,single
1790420775,1299400,11,,single
1790420776,306670,2,,single
1790420777,2794830,1,,single
1790420779,1440500,4,,single
1790420780,487370,0,,single
1790420782,1534340,6,,single
1790420783,463930,0,,single
1790420784,242130,0,,single
1790420786,549860,0,,single
1790420787,2153330,2,,single
1790420789,1025140,2,,single
1790420790,2818450,1,,single
1790420791,687920,0,,single
1790420793,1515640,63,,single
1790420795,1071100,69,,single
1790420796,573130,0,,single
1790420797,1502040,1,,single
1790420799,537990,0,,single
1790420800,3281300,9,,single
1790420802,1627850,1,,single
1790420803,402160,1,,single
1790420804,1129570,7,,single
1790420806,219760,5,,single
1790420807,454410,1,,single
1790420808,346810,1,,single
1790420810,34820,0,,single
1790420811,1667700,2,,single
1790420813,437900,0,,single
1790420814,699180,0,,single
1790420816,1475840,3,,single
1790420817,289600,2,,single
1790420818,2430690,17,,single
1790420820,2321120,5,,single
1790420822,1525410,0,,single
1790420823,349500,2,,single
1790420825,270050,1,,single
1790420826,787790,26,,single
1790420827,2055220,1,,single
1790420829,893010,4,,single
1790420830,783840,3,,single
1790420832,259390,0,,single
1790420833,1903560,0,,single
1790420834,547360,0,,single
1790420836,604780,0,,single
1790420837,7210,6,,single
1790420838,1056610,0,,single
1790420840,583090,13,,single
1790420841,2803810,2,,single
1790420843,1523400,0,,single
1790420844,2084450,0,,single
1790420845,522940,0,,single
1790420847,1238730,0,,single
1790420848,1734070,0,,single
1790420850,855630,0,,single
1790420851,2288210,2,,single
1790420852,553960,0,,single
1790420854,339120,0,,single
1790420855,1153130,0,,single
1790420856,447780,0,,single
1790420858,2526310,2,,single
1790420859,781030,137,,single
1790420861,1824580,8,,single
1790420862,630610,12,,single
1790420863,1059900,2,,single
1790420865,536280,1,,single
1790420866,501840,0,,single
1790420868,1759350,2,,single
1790420869,347670,1,,single
1790420870,542260,0,,single
1790420872,1093290,6,,single
1790420873,429780,1,,single
1790420875,1871310,0,,single
1790420876,58550,0,,single
1790420877,935580,6,,single
1790420879,1306720,3,,single
1790420880,1996630,23,,single
1790420882,57620,37,,single
1790420883,1508270,0,,single
1790420884,2061150,3,,single
1790420886,2436570,106,,single
1790420887,1550180,9,,single
1790420889,516600,0,,single
1790420890,1492360,1,,single
1790420892,774091,6,,single
1790420893,595740,7,,single
1790420894,230210,2,,single
1790420896,1876880,9,,single
1790420897,1381440,3,,single
1790420899,586960,0,,single
1790420900,377670,2,,single
1790420901,2712540,1,,single
1790420903,410430,5,,single
1790420904,305940,1,,single
1790420905,1998450,1,,single
1790420907,404200,0,,single
1790420908,1167680,3,,single
1790420909,2776500,0,,single
1790420911,2891120,6,,single
1790420912,446810,0,,single
1790420914,1202310,1,,single
1790420915,2514460,0,,single
1790420917,434000,1,,single
1790420918,1184810,0,,single
1790420919,339470,0,,single
1790420921,414730,1,,single
1790420922,330460,0,,single
1790420924,1917920,5,,single
1790420925,465280,1,,single
1790420926,666330,0,,single
1790420928,704040,22,,single
1790420929,328270,1,,single
1790420931,392580,0,,single
1790420932,311140,1,,single
1790420934,1339460,0,,single
1790420935,2810,13,,single
1790420937,321870,0,,single
1790420938,1619230,5,,single
1790420939,2803280,3,,single
1790420941,2274200,2,,single
1790420942,502740,1,,single
1790420944,3050220,33,,single
1790420945,223630,0,,single
1790420946,847360,4,,single
1790420948,1962430,15,,single
1790420949,1035560,1,,single
1790420951,780670,1,,single
1790420952,411330,3,,single
1790420954,11150,3,,single
1790420955,1357610,0,,single
1790420957,814200,1,,single
1790420958,1325890,7,,single
1790420959,427700,2,,single
1790420961,3553210,8,,single
1790420962,680380,3,,single
1790420964,1170640,0,,single
1790420965,397500,0,,single
1790420966,32350,0,,single
1790420968,979560,8,,single
1790420969,1231590,0,,single
1790420971,200230,0,,single
1790420972,1188540,1,,single
1790420973,7530,0,,single
1790420975,3288600,0,,single
1790420976,277460,8,,single
1790420978,204860,4,,single
1790420979,319970,0,,single
1790420980,350110,15,,single
1790420982,1506620,0,,single
1790420983,1644500,3,,single
1790420985,418300,0,,single
1790420986,1114130,2,,single
1790420987,1031920,3,,single
1790420989,642560,0,,single
1790420990,1504150,5,,single
1790420992,2825110,10,,single
1790420993,2455920,2,,single
1790420994,521570,1,,single
1790420996,610810,1,,single
1790420997,2789810,6,,single
1790420998,880580,7,,single
1790421000,1798780,1,,single
1790421001,320760,1,,single
1790421002,2332260,2,,single
1790421004,589760,3,,single
1790421005,2243710,73,,single
1790421007,2022930,0,,single
1790421008,1895890,0,,single
1790421010,1363900,0,,single
1790421011,212410,0,,single
1790421012,840210,1,,single
1790421014,630720,2,,single
1790421015,2147380,16,,single
1790421017,1607200,16,,single
1790421018,569800,0,,single
1790421019,466810,0,,single
1790421021,640120,0,,single
1790421022,236790,0,,single
1790421024,739540,0,,single
1790421025,490450,0,,single
1790421027,1061010,0,,single
1790421028,363620,0,,single
1790421029,337360,0,,single
1790421031,531930,3,,single
1790421032,263820,0,,single
1790421033,2165620,4,,single
1790421035,303290,2,,single
1790421036,471810,2,,single
1790421038,1094530,2,,single
1790421039,2484160,0,,single
1790421040,661290,0,,single
1790421042,543140,1,,single
1790421043,1449750,8,,single
1790421045,3088410,0,,single
1790421046,332790,1,,single
1790421048,730830,1,,single
1790421049,489220,1,,single
1790421050,951820,1,,single
1790421052,286460,5,,single
1790421053,1736400,2,,single
1790421055,912570,1,,single
1790421056,2868430,2,,single
1790421058,2650730,8,,single
1790421059,3428620,8,,single
1790421060,254370,0,,single
1790421062,2628420,4,,single
1790421063,1230800,20,,single
1790421065,557810,2,,single
1790421066,1751350,2,,single
1790421067,1259430,0,,single
1790421069,290260,1,,single
1790421070,819020,5,,single
1790421072,70640,0,,single
1790421073,2552440,158,,single
1790421074,253960,2,,single
1790421076,2591410,21,,single
1790421077,301150,13,,single
1790421079,1787480,8,,single
1790421080,909820,2,,single
1790421081,2581410,2,,single
1790421083,1450120,27,,single
1790421084,1611300,0,,single
1790421086,283980,4,,single
1790421087,2870420,2,,single
1790421089,2915490,0,,single
1790421090,3168310,11,,single
1790421092,251690,0,,single
1790421093,3140620,3,,single
1790421094,1109130,0,,single
1790421096,1116170,3,,single
1790421097,2753620,6,,single
1790421098,288880,0,,single
1790421100,707300,0,,single
1790421101,758090,0,,single
1790421103,749250,0,,single
1790421104,417750,0,,single
1790421105,2264140,9,,single
1790421107,409450,1,,single
1790421108,3489670,2,,single
1790421110,1248060,2,,single
1790421111,457710,0,,single
1790421112,32620,5,,single
1790421114,590590,1,,single
1790421115,395850,0,,single
1790421116,382260,1,,single
1790421118,2095450,1,,single
1790421119,614630,14,,single
1790421120,2928330,1,,single
1790421122,1412170,0,,single
1790421123,3032020,0,,single
1790421125,3107900,4,,single
1790421126,218760,10,,single
1790421127,2824310,2,,single
1790421129,581300,2,,single
1790421130,547340,0,,single
1790421131,12470,19,,single
1790421133,1924170,300,,single
1790421134,2428810,5,,single
1790421136,115210,18,,single
1790421137,606730,1,,single
1790421138,1155590,5,,single
1790421140,689900,3,,single
1790421141,377140,0,,single
1790421142,643870,0,,single
1790421144,948630,1,,single
1790421145,1232570,0,,single
1790421147,656600,0,,single
1790421148,1032590,0,,single
1790421149,462990,1,,single
1790421151,2753720,0,,single
1790421152,46250,0,,single
1790421153,2078040,3,,single
1790421155,2384920,0,,single
1790421156,1568970,0,,single
1790421158,1189100,15,,single
1790421159,1071140,3,,single
1790421160,2817620,1,,single
1790421162,1648190,4,,single
1790421163,936160,47,,single
1790421164,1148490,6,,single
1790421166,748040,27,,single
1790421167,1018130,1,,single
1790421169,3169580,14,,single
1790421170,1141100,1,,single
1790421171,3027620,1,,single
1790421173,1453850,23,,single
1790421174,234160,0,,single
1790421175,1065260,0,,single
1790421177,2063610,68,,single
1790421178,409890,3,,single
1790421179,2351860,4,,single
1790421181,1555150,0,,single
1790421182,1815440,0,,single
1790421184,552970,0,,single
1790421185,864160,2,,single
1790421186,297920,4,,single
1790421188,35320,2,,single
1790421189,1944250,4,,single
1790421191,226960,0,,single
1790421192,586110,0,,single
1790421193,33620,2,,single
1790421195,108210,0,,single
1790421196,512300,0,,single
1790421197,1732750,0,,single
1790421199,6250,0,,single
1790421200,2463800,0,,single
1790421202,1945760,0,,single
1790421203,442810,0,,single
1790421204,2008510,0,,single
1790421206,3260,1,,single
1790421207,2113540,3,,single
1790421208,243000,0,,single
1790421210,368640,0,,single
1790421211,1305720,1,,single
1790421213,917840,0,,single
1790421214,315840,1,,single
1790421215,247370,0,,single
1790421217,80350,2,,single
1790421218,1271190,2,,single
1790421219,2092850,1,,single
1790421221,302190,1,,single
1790421222,27020,0,,single
1790421224,1490860,0,,single
1790421225,546930,0,,single
1790421226,2103470,15,,single
1790421228,1098080,0,,single
1790421229,346830,6,,single
1790421231,723790,6,,single
1790421232,991810,10,,single
1790421233,115200,12,,single
1790421235,1306770,2,,single
1790421236,1590660,0,,single
1790421237,450500,1,,single
1790421239,1096590,0,,single
1790421240,1522280,2,,single
1790421242,392470,10,,single
1790421243,1141530,293,,single
1790421244,1271300,7,,single
1790421246,112100,1,,single
1790421247,2871930,1,,single
1790421249,1329600,0,,single
1790421250,449530,0,,single
1790421251,2216770,8,,single
1790421253,298930,2,,single
1790421254,585890,0,,single
1790421256,365660,1,,single
1790421257,351860,13,,single
1790421258,255870,2,,single
1790421260,2129810,9,,single
1790421261,61520,17,,single
1790421263,2550040,1,,single
1790421264,1188720,0,,single
1790421266,319250,0,,single
1790421267,268890,1,,single
1790421269,1005460,11,,single
1790421270,1642790,2,,single
1790421271,1866630,2,,single
1790421273,1694510,2,,single
1790421274,611040,0,,single
1790421276,1890120,0,,single
1790421277,1598730,0,,single
1790421278,1425760,0,,single
1790421280,1240630,109,,single
1790421281,866510,1,,single
1790421283,2635350,1,,single
1790421284,1243670,24,,single
1790421285,1770390,4,,single
1790421287,597840,3,,single
1790421288,1581800,2,,single
1790421290,463350,0,,single
1790421291,522230,34,,single
1790421292,1424910,0,,single
1790421294,1025410,0,,single
1790421295,1158470,10,,single
1790421297,3288270,14,,single
1790421298,857690,0,,single
1790421299,269470,28,,single
1790421301,1212400,3,,single
1790421302,1187330,4,,single
1790421304,321840,0,,single
1790421305,291910,3,,single
1790421307,2081470,2,,single
1790421308,915670,0,,single
1790421310,2951520,0,,single
1790421311,408650,0,,single
1790421312,2258500,3,,single
1790421314,2959610,2,,single
1790421315,1477330,2,,single
1790421316,313650,0,,single
1790421318,1063310,0,,single
1790421319,2518900,1,,single
1790421321,518730,0,,single
1790421322,995050,0,,single
1790421323,311720,0,,single
1790421325,286320,0,,single
1790421326,2697560,2,,single
1790421327,1553910,0,,single
1790421329,618950,2,,single
1790421330,1361400,5,,single
1790421332,242940,1,,single
1790421333,904360,3,,single
1790421334,3010070,0,,single
1790421336,767490,1,,single
1790421337,1692080,157,,single
1790421338,650440,4,,single
1790421340,812550,0,,single
1790421341,773840,1,,single
1790421343,740200,1,,single
1790421344,259320,0,,single
1790421346,1520380,1,,single
1790421347,2785280,7,,single
1790421348,1428710,2,,single
1790421350,1226530,0,,single
1790421351,2793290,0,,single
1790421353,889600,2,,single
1790421354,619390,5,,single
1790421355,22670,0,,single
1790421357,444140,1,,single
1790421358,1794780,12,,single
1790421360,867490,0,,single
1790421361,837510,28,,single
1790421363,468490,0,,single
1790421364,1722840,33,,single
1790421365,761030,1,,single
1790421367,529240,8,,single
1790421368,449020,0,,single
1790421370,2597460,0,,single
1790421371,2914480,8,,single
1790421373,1883000,45,,single
1790421374,1036640,63,,single
1790421376,350970,0,,single
1790421377,717790,0,,single
1790421378,1983710,30,,single
1790421380,338320,2,,single
1790421381,1592170,0,,single
1790421382,280320,1,,single
1790421384,2202120,17,,single
1790421385,1144800,0,,single
1790421387,943980,0,,single
1790421388,576130,0,,single
1790421389,1097530,1,,single
1790421391,2794770,0,,single
1790421392,3601790,3,,single
1790421393,968350,0,,single
1790421395,322130,5,,single
1790421396,405780,1,,single
1790421398,669290,0,,single
1790421399,1062040,3,,single
1790421400,1205900,0,,single
1790421402,596590,0,,single
1790421403,1269150,0,,single
1790421405,1364800,0,,single
1790421406,298480,5,,single
1790421407,2026990,0,,single
1790421409,464150,1,,single
1790421410,926520,2,,single
1790421412,3010,1,,single
1790421413,517130,0,,single
1790421414,1813170,0,,single
1790421416,655730,2,,single
1790421417,1722870,33,,single
1790421418,416080,0,,single
1790421420,643200,0,,single
1790421421,1001800,0,,single
1790421423,1427890,5,,single
1790421424,378690,1,,single
1790421425,1111380,11,,single
1790421427,3147510,1,,single
1790421428,403950,2,,single
1790421430,1731460,6,,single
1790421431,336060,3,,single
1790421433,357280,0,,single
1790421434,3114010,2,,single
1790421435,420520,5,,single
1790421437,963330,3,,single
1790421438,606860,0,,single
1790421440,1335240,8,,single
1790421441,301300,7,,single
1790421442,1147450,1,,single
1790421444,837610,2,,single
1790421445,364230,0,,single
1790421447,961620,1,,single
1790421448,431250,2,,single
1790421449,1045620,21,,single
1790421451,814530,1,,single
1790421452,299260,0,,single
1790421454,3044030,1,,single
1790421455,1717640,1,,single
1790421456,2843640,15,,single
1790421458,1017410,1,,single
1790421459,1184890,1,,single
1790421461,438130,2,,single
1790421462,957720,67,,single
1790421463,1070860,1,,single
1790421465,2193050,1,,single
1790421466,265970,0,,single
1790421468,1620520,0,,single
1790421469,3128740,2,,single
1790421471,345860,0,,single
1790421472,1582510,3,,single
1790421474,425670,1,,single
1790421475,2808570,2,,single
1790421477,271920,1,,single
1790421478,3562530,0,,single
1790421479,1846330,3,,single
1790421481,620220,1,,single
1790421482,2071200,4,,single
1790421484,39520,17,,single
1790421485,461730,0,,single
1790421486,431710,5,,single
1790421488,2286770,6,,single
1790421489,508600,0,,single
1790421491,3242950,31,,single
1790421492,1732330,5,,single
1790421494,2529520,5,,single
1790421495,320320,4,,single
1790421497,2716110,0,,single
1790421498,304350,6,,single
1790421500,1356240,6,,single
1790421501,2877720,0,,single
1790421502,1572810,0,,single
1790421504,2638050,1,,single
1790421505,48950,0,,single
1790421507,457420,2,,single
1790421508,1681600,4,,single
1790421510,1266800,1,,single
1790421511,2330870,3,,single
1790421513,2492290,1,,single
1790421514,449550,6,,single
1790421516,200370,2,,single
1790421517,867400,0,,single
1790421519,314180,0,,single
1790421520,1252710,0,,single
1790421522,222160,0,,single
1790421523,655160,0,,single
1790421524,1546710,1,,single
1790421526,214910,3,,single
1790421527,2562730,69,,single
1790421529,62000,2,,single
1790421530,2336200,0,,single
1790421532,385250,3,,single
1790421533,1551530,26,,single
1790421535,2096030,0,,single
1790421536,2404110,0,,single
1790421537,1073820,1,,single
1790421539,300580,0,,single
1790421540,1149940,3,,single
1790421542,224000,0,,single
1790421543,1247170,2,,single
1790421545,2513240,39,,single
1790421546,463980,3,,single
1790421547,1403020,0,,single
1790421549,252170,0,,single
1790421550,263320,0,,single
1790421552,1185160,1,,single
1790421553,2296380,5,,single
1790421555,257790,0,,single
1790421556,1575450,1,,single
1790421558,457010,0,,single
1790421559,1102980,0,,single
1790421560,2636420,0,,single
1790421562,330990,2,,single
1790421563,715010,0,,single
1790421565,1477920,0,,single
1790421566,2351330,2,,single
1790421568,506900,1,,single
1790421569,1092140,0,,single
1790421571,2719190,2,,single
1790421572,1163910,0,,single
1790421573,495290,15,,single
1790421575,914320,21,,single
1790421576,810500,0,,single
1790421578,11180,2,,single
1790421579,787400,0,,single
1790421581,2744150,0,,single
1790421582,1409200,0,,single
1790421583,985950,5,,single
1790421585,1251460,1,,single
1790421586,1934030,0,,single
1790421587,3432160,0,,single
1790421589,1040730,37,,single
1790421590,527700,0,,single
1790421592,398840,1,,single
1790421593,1016360,1,,single
1790421595,3002620,2,,single
1790421596,458000,0,,single
1790421597,655780,6,,single
1790421599,3201910,1,,single
1790421600,265120,0,,single
1790421602,1226670,3,,single
1790421603,1446350,0,,single
1790421605,2903160,1,,single
1790421606,327060,0,,single
1790421608,936490,0,,single
1790421609,281200,0,,single
1790421611,698700,5,,single
1790421612,1163740,0,,single
1790421614,1706360,1,,single
1790421616,373970,1,,single
1790421617,2399730,31,,single
1790421619,1034940,15,,single
1790421621,2951840,0,,single
1790421622,638200,11,,single
1790421625,1673630,0,,single
1790421627,497850,1,,single
1790421629,383460,0,,single
1790421630,808080,32,,single
1790421632,403900,1,,single
1790421633,528460,5,,single
1790421635,1773890,1,,single
1790421636,2717570,2,,single
1790421638,332260,5,,single
1790421639,470780,0,,single
1790421641,1240060,0,,single
1790421642,2050590,0,,single
1790421644,656700,0,,single
1790421645,245730,1,,single
1790421647,1676380,1,,single
1790421648,453290,1,,single
1790421650,1566880,6,,single
1790421651,436290,0,,single
1790421653,581030,0,,single
1790421654,1561340,1,,single
1790421656,939990,1,,single
1790421657,523600,13,,single
1790421658,277490,1,,single
1790421660,586950,0,,single
1790421661,552110,1,,single
1790421663,355680,1,,single
1790421665,253410,0,,single
1790421666,295250,3,,single
1790421668,1540350,1,,single
1790421669,750290,2,,single
1790421670,635250,1,,single
1790421672,2966850,4,,single
1790421673,1167790,1,,single
1790421675,352220,3,,single
1790421676,1665130,5,,single
1790421677,2452080,48,,single
1790421679,435440,25,,single
1790421680,2409360,3,,single
1790421682,34410,1,,single
1790421683,1011610,2,,single
1790421684,1348390,12,,single
1790421686,2060790,1,,single
1790421687,1144970,0,,single
1790421689,342620,0,,single
1790421690,1097110,1,,single
1790421691,792050,0,,single
1790421693,1803390,2,,single
1790421694,1020730,3,,single
1790421696,287200,1,,single
1790421697,1141650,1,,single
1790421698,1627680,1,,single
1790421700,1028350,0,,single
1790421701,742500,7,,single
1790421703,2336440,0,,single
1790421704,263860,0,,single
1790421706,1805930,0,,single
1790421707,1363850,0,,single
1790421709,725780,0,,single
1790421710,2050510,0,,single
1790421711,2515070,1,,single
1790421713,1680000,23,,single
1790421714,2647820,3,,single
1790421716,1832220,1,,single
1790421717,444490,3,,single
1790421719,1374290,0,,single
1790421720,1961160,0,,single
1790421722,1451080,1,,single
1790421723,2839450,2,,single
1790421724,769670,5,,single
1790421726,323670,1,,single
1790421727,948880,0,,single
1790421729,663110,1,,single
1790421730,1515290,1,,single
1790421732,211580,0,,single
1790421733,1397650,0,,single
1790421735,319760,1,,single
1790421736,826230,1,,single
1790421738,512460,2,,single
1790421739,2229990,0,,single
1790421740,664750,0,,single
1790421742,2840480,0,,single
1790421743,1671720,0,,single
1790421745,428950,0,,single
1790421746,1078330,5,,single
1790421748,1154850,1,,single
1790421749,1103860,1,,single
1790421751,1586700,4,,single
1790421752,1368340,3,,single
1790421753,2475040,0,,single
1790421755,2304440,4,,single
1790421756,809540,1,,single
1790421758,689980,1,,single
1790421759,1731260,1,,single
1790421760,2748830,1,,single
1790421762,1019450,0,,single
1790421763,1076550,5,,single
1790421765,235980,1,,single
1790421766,754120,3,,single
1790421767,329460,0,,single
1790421769,404040,15,,single
1790421770,1798020,32,,single
1790421772,24480,0,,single
1790421773,1285360,0,,single
1790421775,289800,0,,single
1790421776,1381530,0,,single
1790421777,1762570,6,,single
1790421779,787040,0,,single
1790421780,1098610,1,,single
1790421782,2722270,1,,single
1790421783,286480,5,,single
1790421785,400510,0,,single
1790421786,691730,2,,single
1790421788,1145340,1,,single
1790421789,505330,0,,single
1790421791,594220,0,,single
1790421792,1304430,9,,single
1790421794,2800,8,,single
1790421796,273070,0,,single
1790421797,2686580,2,,single
1790421799,509570,2,,single
1790421800,678520,0,,single
1790421802,1245250,3,,single
1790421803,1933370,4,,single
1790421805,2074480,0,,single
1790421806,364640,3,,single
1790421808,945460,1,,single
1790421809,1079830,0,,single
1790421811,1983220,2,,single
1790421812,223730,0,,single
1790421813,3446150,9,,single
1790421815,1457520,29,,single
1790421817,18300,0,,single
1790421818,1693040,0,,single
1790421820,366640,1,,single
1790421821,825380,0,,single
1790421823,2741360,4,,single
1790421824,3111800,0,,single
1790421826,682570,1,,single
1790421827,361850,0,,single
1790421828,2097720,2,,single
1790421830,412670,1,,single
1790421831,496550,0,,single
1790421833,1157700,138,,single
1790421834,1592360,0,,single
1790421836,556050,0,,single
1790421837,406720,0,,single
1790421838,1407180,48,,single
1790421840,983150,0,,single
1790421841,839870,2,,single
1790421843,359580,0,,single
1790421844,1266820,1,,single
1790421845,2602030,9,,single
1790421847,2477950,2,,single
1790421849,1837330,0,,single
1790421850,99100,0,,single
1790421852,779430,15,,single
1790421853,289180,1,,single
1790421854,57200,1,,single
1790421856,1552080,0,,single
1790421857,397040,16,,single
1790421859,750520,0,,single
1790421860,2250080,1,,single
1790421862,3074020,0,,single
1790421863,1114650,0,,single
1790421865,399890,3,,single
1790421866,448440,0,,single
1790421868,946610,15,,single
1790421869,613470,4,,single
1790421871,808100,2,,single
1790421872,1621990,2,,single
1790421874,1678420,5,,single
1790421875,238870,0,,single
1790421877,695100,0,,single
1790421878,1162560,1,,single
1790421879,463170,1,,single
1790421881,1921980,2,,single
1790421882,769920,5,,single
1790421884,229810,0,,single
1790421885,1338420,0,,single
1790421887,433000,5,,single
1790421888,3226850,2,,single
1790421890,361230,3,,single
1790421891,1099220,2,,single
1790421892,971160,2,,single
1790421894,15000,4,,single
1790421895,952540,214,,single
1790421897,586750,2,,single
1790421898,682480,1,,single
1790421899,1911940,4,,single
1790421901,742520,1,,single
1790421902,2398030,10,,single
1790421904,2978540,3,,single
1790421905,1335940,1,,single
1790421907,2601940,0,,single
1790421908,1274300,0,,single
1790421909,9500,0,,single
1790421911,647570,1,,single
1790421914,1622800,0,,single
1790421915,3574510,0,,single
1790421916,844330,0,,single
1790421918,2119590,2,,single
1790421919,388620,0,,single
1790421921,890970,0,,single
1790421923,308270,3,,single
1790421926,1319420,0,,single
1790421927,2933180,0,,single
1790421928,378270,0,,single
1790421930,3209620,0,,single
1790421931,746140,0,,single
1790421933,1631640,0,,single
1790421934,501990,1,,single
1790421936,2524360,0,,single
1790421937,1507120,0,,single
1790421938,283080,2,,single
1790421940,2348090,1,,single
1790421941,1504250,1,,single
1790421943,1412470,0,,single
1790421944,1068360,1,,single
1790421946,297750,7,,single
1790421947,2582660,4,,single
1790421949,3313310,3,,single
1790421950,236130,2,,single
1790421952,289340,6,,single
1790421953,2118250,0,,single
1790421954,1921480,1,,single
1790421956,2085000,82,,single
1790421957,827640,0,,single
1790421959,975120,0,,single
1790421960,989770,1,,single
1790421962,555750,0,,single
1790421963,473560,0,,single
1790421964,955170,0,,single
1790421966,3335120,25,,single
1790421967,368570,0,,single
1790421969,579760,0,,single
1790421970,678560,1,,single
1790421972,1152300,19,,single
1790421973,1998340,49,,single
1790421975,860860,4,,single
1790421976,451780,0,,single
1790421978,529490,1,,single
1790421979,625470,0,,single
1790421981,1483780,2,,single
1790421982,1742360,1,,single
1790421984,1674820,1,,single
1790421985,351870,16,,single
1790421986,293240,0,,single
1790421988,2071430,1,,single
1790421989,1961520,4,,single
1790421991,1726730,0,,single
1790421992,2306030,0,,single
1790421994,2657310,0,,single
1790421995,295710,3,,single
1790421997,1455220,1,,single
1790421998,1769320,1,,single
1790422000,1160330,1,,single
1790422001,1182090,0,,single
1790422003,2392280,1,,single
1790422004,427680,8,,single
1790422005,1296280,1,,single
1790422007,2198680,0,,single
1790422009,1829420,0,,single
1790422010,2363590,8,,single
1790422011,336440,3,,single
1790422013,73210,0,,single
1790422014,3167970,8,,single
1790422016,1412850,0,,single
1790422017,778390,2,,single
1790422019,1281790,1,,single
1790422020,2492390,4,,single
1790422022,1257810,1,,single
1790422023,363420,0,,single
1790422025,1605320,1,,single
1790422026,350310,5,,single
1790422028,1517180,2,,single
1790422029,1194680,2,,single
1790422031,630900,1,,single
1790422032,3521320,4,,single
1790422034,211180,1,,single
1790422035,248190,0,,single
1790422036,33910,17,,single
1790422038,2701700,11,,single
1790422039,3667230,2,,single
1790422041,1479500,0,,single
1790422042,2119940,0,,single
1790422044,1082190,2,,single
1790422045,1188330,8,,single
1790422047,2737980,3,,single
1790422048,758500,0,,single
1790422050,2677310,5,,single
1790422051,422920,20,,single
1790422053,1602540,4,,single
1790422054,684050,2,,single
1790422056,331650,3,,single
1790422057,429330,1,,single
1790422059,1037560,2,,single
1790422060,1967820,2,,single
1790422062,1247100,0,,single
1790422063,322900,0,,single
1790422065,2776570,0,,single
1790422067,1481780,1,,single
1790422068,811880,6,,single
1790422070,656610,0,,single
1790422071,1730260,3,,single
1790422073,1035930,3,,single
1790422074,1206410,7,,single
1790422076,1847150,2,,single
1790422077,1194590,3,,single
1790422079,442210,1,,single
1790422080,904540,5,,single
1790422082,3194550,4,,single
1790422083,267980,0,,single
1790422084,1771180,1,,single
1790422086,926390,8,,single
1790422088,390730,0,,single
1790422089,259130,0,,single
1790422091,938860,0,,single
1790422092,1257280,0,,single
1790422093,2781750,2,,single
1790422095,861350,1,,single
1790422096,2086680,5,,single
1790422098,1659800,0,,single
1790422099,3471670,0,,single
1790422101,1137450,0,,single
1790422102,342610,1,,single
1790422104,1069190,2,,single
1790422105,3018830,0,,single
1790422106,612300,35,,single
1790422108,474010,0,,single
1790422109,1823390,6,,single
1790422111,1295320,1,,single
1790422112,2162820,39,,single
1790422114,269370,0,,single
1790422115,2330750,39,,single
1790422117,464620,0,,single
1790422118,414720,3,,single
1790422119,1766790,2,,single
1790422121,676630,1,,single
1790422122,1339410,0,,single
1790422124,1738610,3,,single
1790422125,1293730,3,,single
1790422127,975950,0,,single
1790422128,2512930,3,,single
1790422129,502750,10,,single
1790422131,1995870,0,,single
1790422132,585910,0,,single
1790422134,777770,0,,single
1790422135,372210,0,,single
1790422137,2263920,0,,single
1790422138,2947220,1,,single
1790422140,2115850,1,,single
1790422141,666610,16,,single
1790422142,1744910,0,,single
1790422144,337070,1,,single
1790422145,1881120,0,,single
1790422147,2096510,4,,single
1790422149,257670,1,,single
1790422150,461890,5,,single
1790422151,2023050,0,,single
1790422153,496640,0,,single
1790422154,2161050,1,,single
1790422156,2065810,4,,single
1790422157,1918970,0,,single
1790422159,744260,2,,single
1790422160,3600840,0,,single
1790422162,2197680,3,,single
1790422163,2736690,2,,single
1790422165,2516820,0,,single
1790422166,1214670,3,,single
1790422168,1889620,47,,single
1790422169,1358090,4,,single
1790422171,2281360,2,,single
1790422172,1698220,0,,single
1790422174,2062550,1,,single
1790422175,2108180,19,,single
1790422177,1144910,1,,single
1790422178,202130,0,,single
1790422180,1484960,0,,single
1790422181,3227760,12,,single
1790422182,919410,0,,single
1790422184,1215270,0,,single
1790422185,290280,19,,single
1790422187,538840,0,,single
1790422188,17100,4,,single
1790422190,276890,3,,single
1790422191,1201830,0,,single
1790422193,265950,0,,single
1790422194,385080,0,,single
1790422195,1284130,1,,single
1790422197,255340,2,,single
1790422198,319450,3,,single
1790422200,439930,7,,single
1790422201,1278360,0,,single
1790422202,1036440,0,,single
1790422204,296220,8,,single
1790422205,1566450,1,,single
1790422207,2339040,1,,single
1790422209,2099080,0,,single
1790422210,319320,0,,single
1790422212,524010,1,,single
1790422213,244090,1,,single
1790422215,7770,0,,single
1790422216,1802330,10,,single
1790422218,1979410,1,,single
1790422219,2211730,1,,single
1790422221,270010,0,,single
1790422222,1454010,1,,single
1790422226,944080,11,,single
1790422227,488210,3,,single
1790422229,446120,1,,single
1790422230,1942010,1,,single
1790422232,2202590,1,,single
1790422233,3109800,0,,single
1790422235,941570,3,,single
1790422236,1448600,2,,single
1790422238,41740,0,,single
1790422239,354430,1,,single
1790422241,2182630,1,,single
1790422243,1393820,2,,single
1790422244,549100,0,,single
1790422246,1724440,6,,single
1790422247,8100,1,,single
1790422248,788470,11,,single
1790422250,1209000,0,,single
1790422251,697610,19,,single
1790422253,2505570,55,,single
1790422254,547050,8,,single
1790422255,1299510,34,,single
1790422257,1573750,4,,single
1790422258,804850,3,,single
1790422260,2474030,3,,single
1790422261,1588380,1,,single
1790422263,2974060,0,,single
1790422264,874040,1,,single
1790422266,365900,1,,single
1790422267,1940200,0,,single
1790422269,919260,3,,single
1790422270,513340,0,,single
1790422271,1861290,0,,single
1790422273,1546500,0,,single
1790422274,2103680,0,,single
1790422276,3432500,0,,single
1790422277,509110,1,,single
1790422278,1028730,0,,single
1790422280,2825300,4,,single
1790422281,453310,0,,single
1790422283,2852770,2,,single
1790422284,453750,1,,single
1790422286,888040,3,,single
1790422287,850450,0,,single
1790422289,1691560,0,,single
1790422290,2214220,3,,single
1790422292,207570,0,,single
1790422293,1008860,0,,single
1790422295,925470,0,,single
1790422296,1586750,0,,single
1790422298,235660,20,,single
1790422299,949970,1,,single
1790422301,470270,1,,single
1790422302,361040,1,,single
1790422304,469800,2,,single
1790422305,394680,3,,single
1790422307,1096180,0,,single
1790422308,1519710,0,,single
1790422310,2530430,1,,single
1790422311,1955030,0,,single
1790422313,242530,0,,single
1790422314,685690,3,,single
1790422316,1011300,0,,single
1790422317,277110,0,,single
1790422319,439250,6,,single
1790422320,267960,0,,single
1790422322,363980,0,,single
1790422323,504300,0,,single
1790422325,1337920,4,,single
1790422326,977390,0,,single
1790422328,2230070,4,,single
1790422329,70110,0,,single
1790422331,2460980,2,,single
1790422332,202730,0,,single
1790422334,921710,0,,single
1790422335,683830,2,,single
1790422337,2597880,0,,single
1790422338,46270,3,,single
1790422340,1096930,38,,single
1790422341,2737970,5,,single
1790422343,1756160,0,,single
1790422344,1739880,0,,single
1790422346,398170,0,,single
1790422347,1665260,3,,single
1790422349,2596420,1,,single
1790422350,987720,0,,single
1790422352,883080,2,,single
1790422353,1341160,10,,single
1790422355,585950,0,,single
1790422357,3141720,34,,single
1790422358,1170230,1,,single
1790422360,2180700,4,,single
1790422361,395620,1,,single
1790422363,1163690,0,,single
1790422364,336080,1,,single
1790422366,539400,5,,single
1790422367,1247360,3,,single
1790422369,501120,0,,single
1790422370,2450400,4,,single
1790422372,406850,0,,single
1790422373,854860,0,,single
1790422375,1920100,0,,single
1790422376,25860,0,,single
1790422377,1162700,0,,single
1790422379,651090,0,,single
1790422380,63800,0,,single
1790422382,704230,16,,single
1790422384,512270,1,,single
1790422385,1866980,1,,single
1790422387,343930,13,,single
1790422388,297760,0,,single
1790422390,1058060,1,,single
1790422391,1736290,1,,single
1790422393,2079950,1,,single
1790422394,579110,1,,single
1790422396,935930,0,,single
1790422397,1524750,0,,single
1790422399,992730,1,,single
1790422400,973000,0,,single
1790422402,448240,0,,single
1790422403,392000,1,,single
1790422405,1865670,1,,single
1790422406,2948640,5,,single
1790422408,1919470,1,,single
1790422409,1457510,23,,single
1790422411,606980,0,,single
1790422412,1037910,0,,single
1790422414,2253470,4,,single
1790422415,3002930,0,,single
1790422416,2941350,1,,single
1790422418,2248900,9,,single
1790422419,396310,0,,single
1790422421,404080,3,,single
1790422422,502400,3,,single
1790422424,2194790,2,,single
1790422425,1072640,0,,single
1790422427,1520270,0,,single
1790422428,346820,2,,single
1790422430,3175860,1,,single
1790422431,348950,0,,single
1790422433,1347420,2,,single
1790422434,1698520,1,,single
1790422436,577080,0,,single
1790422437,2238630,1,,single
1790422438,710230,18,,single
1790422440,672730,0,,single
1790422441,529760,5,,single
1790422443,1433860,1,,single
1790422444,2312520,8,,single
1790422445,665330,0,,single
1790422447,621930,1,,single
1790422449,2252960,4,,single
1790422450,1451120,0,,single
1790422451,748970,1,,single
1790422453,2001570,2,,single
1790422454,1065020,0,,single
1790422456,504490,0,,single
1790422457,33650,3,,single
1790422458,556870,1,,single
1790422460,485650,0,,single
1790422461,308000,1,,single
1790422463,1109690,1,,single
1790422464,697650,1,,single
1790422465,977460,6,,single
1790422467,929060,0,,single
1790422468,2832320,7,,single
1790422470,866190,0,,single
1790422471,494670,1,,single
1790422473,3450,17,,single
1790422474,1101930,0,,single
1790422475,446640,0,,single
1790422477,2295610,0,,single
1790422478,46550,0,,single
1790422480,1038280,1,,single
1790422481,3296200,3,,single
1790422483,874400,0,,single
1790422484,439910,0,,single
1790422485,1216880,0,,single
1790422487,1749750,7,,single
1790422488,1192010,1,,single
1790422490,1078970,0,,single
1790422491,1506440,0,,single
1790422492,2601030,0,,single
1790422494,2985930,3,,single
1790422495,411760,0,,single
1790422497,589940,1,,single
1790422498,1105040,2,,single
1790422500,307590,0,,single
1790422501,2529120,0,,single
1790422503,575330,0,,single
1790422504,1629830,2,,single
1790422506,450190,0,,single
1790422507,330180,0,,single
1790422509,2013900,1,,single
1790422510,2223590,6,,single
1790422512,3081810,0,,single
1790422514,643820,0,,single
1790422516,1156380,1,,single
1790422517,322850,11,,single
1790422519,496730,2,,single
1790422520,1807810,1,,single
1790422521,1671360,5,,single
1790422524,391170,3,,single
1790422526,548090,0,,single
1790422527,294000,0,,single
1790422529,956140,0,,single
1790422530,346630,0,,single
1790422531,485370,0,,single
1790422533,356420,0,,single
1790422535,1509590,0,,single
1790422536,1032700,1,,single
1790422537,410970,45,,single
1790422539,955870,5,,single
1790422540,1482750,0,,single
1790422542,102850,0,,single
1790422543,772070,0,,single
1790422545,1457620,16,,single
1790422546,2246110,12,,single
1790422547,1205260,0,,single
1790422549,831050,2,,single
1790422551,581360,0,,single
1790422552,1187940,0,,single
1790422553,421810,60,,single
1790422555,1206600,0,,single
1790422556,1554700,0,,single
1790422557,612370,1,,single
1790422559,507390,0,,single
1790422560,1768880,0,,single
1790422562,116100,0,,single
1790422563,416790,0,,single
1790422565,3018910,0,,single
1790422566,1637230,6,,single
1790422567,314320,0,,single
1790422569,492270,0,,single
1790422570,3050,1,,single
1790422572,398450,1,,single
1790422573,2319390,2,,single
1790422574,1518430,5,,single
1790422576,2332240,0,,single
1790422577,1780270,3,,single
1790422579,3155430,1,,single
1790422580,247870,0,,single
1790422582,408250,2,,single
1790422583,1450090,20,,single
1790422584,464100,0,,single
1790422586,1346020,2,,single
1790422587,777880,0,,single
1790422589,1516820,0,,single
1790422590,658690,2,,single
1790422591,1502980,39,,single
1790422593,1906020,1,,single
1790422594,1126190,4,,single
1790422596,1040430,5,,single
1790422597,992490,4,,single
1790422598,375840,1,,single
1790422600,2009860,1,,single
1790422602,2000800,6,,single
1790422603,3330280,187,,single
1790422604,394600,0,,single
1790422606,1147500,0,,single
1790422607,710030,0,,single
1790422609,1300360,0,,single
1790422610,680480,0,,single
1790422611,1934800,1,,single
1790422613,2201810,2,,single
1790422614,200960,1,,single
1790422616,580710,5,,single
1790422617,1882040,5,,single
1790422619,2279330,2,,single
1790422620,625860,1,,single
1790422622,1631210,0,,single
1790422623,332360,1,,single
1790422625,2311680,16,,single
1790422626,46770,11,,single
1790422627,1055760,2,,single
1790422629,1839510,1,,single
1790422630,260130,0,,single
1790422632,412520,1,,single
1790422633,864540,0,,single
1790422634,2072840,0,,single
1790422636,2347940,1,,single
1790422637,402060,0,,single
1790422639,1497360,0,,single
1790422640,1926590,7,,single
1790422641,499460,3,,single
1790422643,1579020,0,,single
1790422644,893020,0,,single
1790422646,1641700,73,,single
1790422647,683940,5,,single
1790422648,867180,1,,single
1790422650,2510890,0,,single
1790422651,2158270,0,,single
1790422653,651490,0,,single
1790422654,926540,0,,single
1790422656,1288900,0,,single
1790422657,546980,0,,single
1790422658,1516080,0,,single
1790422660,1213670,46,,single
1790422661,801290,2,,single
1790422663,349250,0,,single
1790422664,386770,1,,single
1790422666,1542810,0,,single
1790422667,407780,0,,single
1790422669,1575980,2,,single
1790422670,1277130,0,,single
1790422672,557260,0,,single
1790422673,569810,1,,single
1790422675,530020,0,,single
1790422676,1131920,21,,single
1790422678,1016860,0,,single
1790422679,443860,3,,single
1790422681,2224610,1,,single
1790422682,395860,0,,single
1790422683,415300,1,,single
1790422685,1580800,7,,single
1790422686,914430,1,,single
1790422687,1148560,0,,single
1790422689,1056970,0,,single
1790422690,1151120,1,,single
1790422692,200080,3,,single
1790422693,1055090,0,,single
1790422694,700160,0,,single
1790422696,394280,0,,single
1790422697,1946140,28,,single
1790422699,760510,1,,single
1790422700,664000,1,,single
1790422701,894630,0,,single
1790422703,313400,0,,single
1790422704,1249060,1,,single
1790422706,1592750,3,,single
1790422707,292480,0,,single
1790422709,545820,7,,single
1790422710,1543710,0,,single
1790422711,424000,0,,single
1790422713,1229020,6,,single
1790422714,291170,3,,single
1790422716,288370,0,,single
1790422717,959880,0,,single
1790422719,1917450,0,,single
1790422720,290970,3,,single
1790422722,1057800,0,,single
1790422723,1343810,6,,single
1790422724,1195560,7,,single
1790422726,1062340,5,,single
1790422727,1155870,2,,single
1790422728,1045580,0,,single
1790422730,1895810,0,,single
1790422731,940310,0,,single
1790422733,3265880,4,,single
1790422734,696360,0,,single
1790422735,617850,0,,single
1790422737,2329130,0,,single
1790422738,2865440,17,,single
1790422740,25600,2,,single
1790422741,1733170,0,,single
1790422742,39630,0,,single
1790422744,2757720,9,,single
1790422745,786580,2,,single
1790422747,1045080,0,,single
1790422748,1505560,0,,single
1790422750,758410,1,,single
1790422752,2458940,1,,single
1790422753,2002570,10,,single
1790422754,1285920,1,,single
1790422756,1514360,0,,single
1790422757,513330,0,,single
1790422759,1592540,1,,single
1790422760,852910,1,,single
1790422762,377520,6,,single
1790422763,252270,1,,single
1790422765,432980,1,,single
1790422766,256070,1,,single
1790422768,403510,1,,single
1790422769,1958600,8,,single
1790422771,2095290,0,,single
1790422772,1042670,0,,single
1790422774,278570,0,,single
1790422775,289400,0,,single
1790422776,1797610,9,,single
1790422778,850050,1,,single
1790422779,1196080,10,,single
1790422781,298560,0,,single
1790422782,1124830,1,,single
1790422784,488920,0,,single
1790422785,447570,0,,single
1790422787,965590,6,,single
1790422788,775580,0,,single
1790422790,928990,0,,single
1790422791,2789130,3,,single
1790422793,1523650,2,,single
1790422794,2658720,2,,single
1790422796,761350,1,,single
1790422797,1575710,6,,single
1790422799,1309,0,,single
1790422800,1113030,0,,single
1790422802,449200,0,,single
1790422803,2247570,0,,single
1790422805,908050,1,,single
1790422806,2840,5,,single
1790422808,2184350,15,,single
1790422809,1542280,16,,single
1790422810,1043230,10,,single
1790422812,759440,0,,single
1790422813,480450,0,,single
1790422814,1720090,3,,single
1790422816,1216230,3,,single
1790422817,1694560,0,,single
1790422819,882250,0,,single
1790422820,2743850,1,,single
1790422821,454140,0,,single
1790422823,946040,7,,single
1790422824,1815230,2,,single
1790422826,272330,0,,single
1790422827,931310,1,,single
1790422828,1822240,0,,single
1790422830,200150,1,,single
1790422831,730870,13,,single
1790422833,431810,8,,single
1790422834,10100,8,,single
1790422836,96200,0,,single
1790422837,1250440,0,,single
1790422839,237570,0,,single
1790422840,1507720,0,,single
1790422841,889770,1,,single
1790422843,1203360,0,,single
1790422844,611120,1,,single
1790422846,1348690,1,,single
1790422847,1547380,1,,single
1790422848,1028860,17,,single
1790422850,693580,0,,single
1790422851,340350,0,,single
1790422853,341120,0,,single
1790422854,1461920,15,,single
1790422855,1386650,0,,single
1790422857,466730,0,,single
1790422858,1177130,0,,single
1790422860,736810,3,,single
1790422861,1647920,0,,single
1790422862,1405440,0,,single
1790422864,804730,0,,single
1790422865,1597720,0,,single
1790422867,2360020,2,,single
1790422868,493650,0,,single
1790422869,1837650,1,,single
1790422871,1737690,58,,single
1790422872,793490,0,,single
1790422873,1013540,5,,single
1790422875,513890,0,,single
1790422876,380140,4,,single
1790422878,343070,0,,single
1790422879,1435010,3,,single
1790422880,235520,0,,single
1790422882,292370,0,,single
1790422883,3044100,2,,single
1790422885,605990,0,,single
1790422886,1557420,0,,single
1790422887,1406810,4,,single
1790422889,800600,0,,single
1790422890,391580,0,,single
1790422892,1256530,0,,single
1790422893,560370,0,,single
1790422894,7220,4,,single
1790422896,600460,0,,single
1790422897,1168690,0,,single
1790422899,2410890,0,,single
1790422900,679750,0,,single
1790422902,1763740,2,,single
1790422903,1495860,1,,single
1790422904,1100160,17,,single
1790422906,1978150,1,,single
1790422907,3245050,0,,single
1790422908,383740,8,,single
1790422910,1058130,1,,single
1790422911,1682410,1,,single
1790422913,760810,0,,single
1790422914,893390,0,,single
1790422916,440740,0,,single
1790422917,1089840,0,,single
1790422918,2070850,0,,single
1790422920,658590,0,,single
1790422921,600610,0,,single
1790422923,2155770,2,,single
1790422924,785840,5,,single
1790422925,341190,0,,single
1790422927,1865960,3,,single
1790422928,1399240,1,,single
1790422930,1600900,0,,single
1790422931,454950,0,,single
1790422933,532320,0,,single
1790422934,1205480,7,,single
1790422936,1510580,15,,single
1790422937,2428840,0,,single
1790422939,283060,1,,single
1790422940,1292180,42,,single
1790422942,702110,0,,single
1790422943,2497610,0,,single
1790422944,1478410,1,,single
1790422946,558450,0,,single
1790422947,205830,1,,single
1790422949,705290,0,,single
1790422950,841350,0,,single
1790422952,1682340,1,,single
1790422953,832500,2,,single
1790422954,473520,1,,single
1790422956,771920,0,,single
1790422957,1512710,3,,single
1790422958,527760,38,,single
1790422960,293740,0,,single
1790422961,356880,0,,single
1790422963,1055010,13,,single
1790422964,785850,0,,single
1790422965,287070,8,,single
1790422967,3110010,0,,single
1790422968,409600,0,,single
1790422969,31100,1,,single
1790422971,230330,15,,single
1790422972,767420,8,,single
1790422974,15380,33,,single
1790422975,916900,0,,single
1790422977,26000,1,,single
1790422978,670500,9,,single
1790422979,1492730,23,,single
1790422981,70650,0,,single
1790422982,252710,0,,single
1790422983,294670,14,,single
1790422985,466980,0,,single
1790422986,58200,0,,single
1790422988,1097100,0,,single
1790422989,500500,1,,single
1790422990,1348180,1,,single
1790422992,1921780,24,,single
1790422993,1016770,0,,single
1790422995,409320,2,,single
1790422996,328100,0,,single
1790422997,2508890,1,,single
1790422999,1403310,3,,single
1790423000,1058140,0,,single
1790423002,545410,1,,single
1790423003,427910,0,,single
1790423005,1832950,1,,single
1790423006,792660,33,,single
1790423008,2494720,0,,single
1790423009,704860,2,,single
1790423010,310490,3,,single
1790423012,715580,1,,single
1790423014,1010600,1,,single
1790423015,1015920,0,,single
1790423016,1348920,2,,single
1790423018,1961300,1,,single
1790423019,786450,0,,single
1790423021,345010,0,,single
1790423022,1247290,3,,single
1790423024,1833040,1,,single
1790423025,2138090,19,,single
1790423027,1309990,2,,single
1790423028,1450250,0,,single
1790423030,914170,1,,single
1790423031,538590,0,,single
1790423032,243020,1,,single
1790423034,1095040,1,,single
1790423035,1418390,3,,single
1790423037,1515200,0,,single
1790423038,360970,0,,single
1790423040,388450,2,,single
1790423041,1190130,1,,single
1790423042,1630590,5,,single
1790423044,1516400,8,,single
1790423045,2770160,14,,single
1790423047,1070790,1,,single
1790423048,440520,2,,single
1790423049,432470,2,,single
1790423051,844960,18,,single
1790423052,852340,1,,single
1790423054,1115450,3,,single
1790423055,1618290,70,,single
1790423056,742490,3,,single
1790423058,485950,0,,single
1790423059,1594400,0,,single
1790423061,1532710,1,,single
1790423062,1349600,0,,single
1790423063,2110510,0,,single
1790423065,431750,0,,single
1790423066,427780,0,,single
1790423068,1909750,0,,single
1790423069,1996420,0,,single
1790423070,341150,1,,single
1790423072,205690,0,,single
1790423073,2064490,2,,single
1790423075,1974220,2,,single
1790423076,631830,0,,single
1790423078,412170,0,,single
1790423079,423710,1,,single
1790423080,1449430,1,,single
1790423082,1466230,4,,single
1790423083,1898610,1,,single
1790423085,512890,0,,single
1790423086,292780,7,,single
1790423087,1378040,4,,single
1790423089,238050,1,,single
1790423090,1516750,1,,single
1790423092,421060,0,,single
1790423093,489560,3,,single
1790423094,989790,1,,single
1790423096,1627890,2,,single
1790423097,1106940,0,,single
1790423098,2709940,0,,single
1790423100,2432100,4,,single
1790423101,2412490,0,,single
1790423103,1073220,0,,single
1790423104,1717510,0,,single
1790423106,441280,1,,single
1790423107,730840,5,,single
1790423109,2218970,58,,single
1790423110,2010370,0,,single
1790423112,324760,1,,single
1790423113,2213300,23,,single
1790423114,23500,1,,single
1790423116,1861440,0,,single
1790423117,2776600,0,,single
1790423119,3180240,5,,single
1790423120,926310,0,,single
1790423121,1658930,1,,single
1790423123,294540,8,,single
1790423124,11050,0,,single
1790423126,1163070,1,,single
1790423127,211970,0,,single
1790423128,857350,3,,single
1790423130,44690,0,,single
1790423131,1564540,0,,single
1790423132,2488340,20,,single
1790423134,809310,2,,single
1790423135,893790,0,,single
1790423136,451600,3,,single
1790423138,1025070,0,,single
1790423139,46400,0,,single
1790423141,411120,0,,single
1790423142,1564110,0,,single
1790423143,1161160,0,,single
1790423145,338120,0,,single
1790423146,553480,0,,single
1790423148,2761610,7,,single
1790423149,209690,6,,single
1790423150,390200,2,,single
1790423152,252890,1,,single
1790423153,292230,1,,single
1790423155,2205750,1,,single
1790423156,1585700,0,,single
1790423157,430020,0,,single
1790423159,710710,0,,single
1790423160,420660,0,,single
1790423162,536040,0,,single
1790423163,858060,1,,single
1790423164,1469620,2,,single
1790423166,750170,2,,single
1790423167,1520760,1,,single
1790423168,23380,2,,single
1790423170,2132560,2,,single
1790423171,397720,18,,single
1790423173,488910,3,,single
1790423174,1111080,0,,single
1790423175,2422080,0,,single
1790423177,1548750,2,,single
1790423178,1120370,0,,single
1790423179,2968430,0,,single
1790423181,535760,1,,single
1790423183,1240290,1,,single
1790423184,363090,281,,single
1790423186,1152310,25,,single
1790423187,283920,5,,single
1790423188,452860,1,,single
1790423190,1223910,4,,single
1790423191,544310,0,,single
1790423193,1259380,2,,single
1790423195,1876730,0,,single
1790423196,550670,0,,single
1790423198,304170,0,,single
1790423199,238890,0,,single
1790423201,332580,1,,single
1790423202,264520,0,,single
1790423203,434510,0,,single
1790423205,350700,1,,single
1790423206,531660,0,,single
1790423208,211900,1,,single
1790423209,2754170,1,,single
1790423211,467390,12,,single
1790423212,1303990,0,,single
1790423213,478960,1,,single
1790423215,415830,0,,single
1790423216,608120,0,,single
1790423218,496750,0,,single
1790423219,1035660,2,,single
1790423220,414510,0,,single
1790423222,602430,1,,single
1790423224,2001340,3,,single
1790423225,336760,2,,single
1790423226,1322650,2,,single
1790423228,1404090,1,,single
1790423229,497860,2,,single
1790423231,233210,1,,single
1790423232,575700,0,,single
1790423234,267340,0,,single
1790423235,999660,8,,single
1790423237,1547860,0,,single
1790423238,1079310,4,,single
1790423240,577460,0,,single
1790423241,1580150,1,,single
1790423243,2701350,0,,single
1790423244,2449430,3,,single
1790423246,915490,0,,single
1790423247,622890,0,,single
1790423249,461880,52,,single
1790423250,1334840,0,,single
1790423251,584100,2,,single
1790423253,1696720,0,,single
1790423255,377260,0,,single
1790423256,701870,1,,single
1790423257,3064670,4,,single
1790423259,2508980,0,,single
1790423260,1131900,0,,single
1790423262,856880,2,,single
1790423263,1865930,4,,single
1790423265,606370,28,,single
1790423266,477290,0,,single
1790423268,407020,0,,single
1790423269,525300,2,,single
1790423270,341020,0,,single
1790423272,780280,4,,single
1790423273,633950,0,,single
1790423275,1689870,4,,single
1790423276,799500,0,,single
1790423278,408640,0,,single
1790423279,1400870,0,,single
1790423281,375010,0,,single
1790423282,481180,0,,single
1790423284,496190,1,,single
1790423285,907210,0,,single
1790423287,1535100,0,,single
1790423288,1419750,3,,single
1790423290,912450,7,,single
1790423291,1856480,7,,single
1790423293,2928700,0,,single
1790423294,3122990,0,,single
1790423296,3050530,0,,single
1790423297,485440,1,,single
1790423299,1234400,2,,single
1790423300,2431070,1,,single
1790423301,2166140,2,,single
1790423303,339290,0,,single
1790423304,871170,24,,single
1790423306,8330,0,,single
1790423308,1584690,1,,single
1790423309,1574870,1,,single
1790423311,3043740,0,,single
1790423312,570950,0,,single
1790423313,2596100,0,,single
1790423315,2158650,0,,single
1790423317,450850,0,,single
1790423318,1521070,1,,single
1790423320,504920,0,,single
1790423321,785780,9,,single
1790423323,43600,2,,single
1790423324,1080010,10,,single
1790423325,1142810,1,,single
1790423327,280640,0,,single
1790423328,2487390,3,,single
1790423330,1150730,1,,single
1790423331,1491640,0,,single
1790423333,252750,0,,single
1790423334,241660,14,,single
1790423336,491470,0,,single
1790423337,1306970,1,,single
1790423338,46440,0,,single
1790423340,335320,1,,single
1790423341,6400,1,,single
1790423343,1325040,7,,single
1790423344,3081830,1,,single
1790423345,1991300,0,,single
1790423347,403410,6,,single
1790423348,508180,0,,single
1790423350,946010,1,,single
1790423351,384080,1,,single
1790423353,557410,0,,single
1790423354,344300,0,,single
1790423356,724490,1,,single
1790423357,568750,0,,single
1790423359,1458560,1,,single
1790423360,2183910,2,,single
1790423361,303720,0,,single
1790423363,237470,5,,single
1790423364,458590,0,,single
1790423366,1054340,6,,single
1790423367,1718160,2,,single
1790423369,410840,1,,single
1790423370,1383770,1,,single
1790423372,1494140,0,,single
1790423373,1763030,1,,single
1790423374,2918410,0,,single
1790423376,437530,2,,single
1790423377,691830,1,,single
1790423379,1770050,7,,single
1790423380,2285820,10,,single
1790423381,1883580,0,,single
1790423383,404820,0,,single
1790423384,922050,0,,single
1790423386,1444920,0,,single
1790423387,782140,0,,single
1790423388,466840,1,,single
1790423390,214570,0,,single
1790423391,1813130,0,,single
1790423393,1502230,0,,single
1790423394,286540,1,,single
1790423396,939790,0,,single
1790423397,1546090,3,,single
1790423398,1057540,0,,single
1790423400,540900,0,,single
1790423401,1586290,1,,single
1790423403,1350350,0,,single
1790423404,1426110,0,,single
1790423406,2564860,1,,single
1790423407,399230,1,,single
1790423408,1431780,0,,single
1790423410,346500,2,,single
1790423411,287900,1,,single
1790423414,645320,0,,single
1790423415,739980,0,,single
1790423417,1079510,1,,single
1790423418,566530,0,,single
1790423420,661000,1,,single
1790423421,1847510,3,,single
1790423422,1121780,5,,single
1790423424,1793170,2,,single
1790423425,822990,1,,single
1790423427,302130,0,,single
1790423428,598490,1,,single
1790423430,1934040,0,,single
1790423431,619400,0,,single
1790423433,452420,0,,single
1790423434,1662850,0,,single
1790423436,2773520,0,,single
1790423437,2936030,10,,single
1790423438,375520,0,,single
1790423440,764230,2,,single
1790423441,1717270,2,,single
1790423443,2304640,2,,single
1790423444,299070,9,,single
1790423445,283600,4,,single
1790423447,1481440,3,,single
1790423448,1373320,0,,single
1790423450,2302150,0,,single
1790423451,658780,0,,single
1790423452,2941580,14,,single
1790423454,909380,2,,single
1790423455,1180130,3,,single
1790423457,1600500,16,,single
1790423458,1336120,0,,single
1790423459,1487680,3,,single
1790423461,821670,6,,single
1790423462,276870,1,,single
1790423464,555400,0,,single
1790423465,259890,0,,single
1790423466,657000,0,,single
1790423468,2084930,0,,single
1790423469,2490790,0,,single
1790423471,1040460,0,,single
1790423472,3600,3,,single
1790423474,496260,0,,single
1790423475,655480,1,,single
1790423477,376920,1,,single
1790423478,681330,2,,single
1790423479,1608470,1,,single
1790423481,1322170,0,,single
1790423482,1253880,1,,single
1790423484,335700,0,,single
1790423485,703880,1,,single
1790423486,1122690,0,,single
1790423488,32770,4,,single
1790423489,968550,1,,single
1790423491,2387110,3,,single
1790423492,761700,5,,single
1790423494,687590,0,,single
1790423495,606960,3,,single
1790423497,976420,1,,single
1790423498,2171280,31,,single
1790423499,1709730,2,,single
1790423501,205870,0,,single
1790423502,977810,0,,single
1790423504,485900,0,,single
1790423505,699740,2,,single
1790423506,1050370,0,,single
1790423508,373240,0,,single
1790423509,811270,0,,single
1790423511,287220,0,,single
1790423512,244410,2,,single
1790423513,741590,3,,single
1790423515,98500,0,,single
1790423516,1725340,2,,single
1790423518,1369770,0,,single
1790423519,1297790,0,,single
1790423521,581520,0,,single
1790423522,1330890,3,,single
1790423524,32750,2,,single
1790423525,1887020,0,,single
1790423526,2109640,3,,single
1790423528,1492310,2,,single
1790423529,1449500,2,,single
1790423530,443970,1,,single
1790423532,556640,2,,single
1790423533,587580,1,,single
1790423535,347400,2,,single
1790423536,334190,0,,single
1790423537,1671550,0,,single
1790423539,1998330,6,,single
1790423540,413680,0,,single
1790423542,1733500,0,,single
1790423543,1670,0,,single
1790423545,658160,1,,single
1790423546,1848520,4,,single
1790423547,1272580,0,,single
1790423549,1576280,0,,single
1790423550,567750,0,,single
1790423552,1949000,2,,single
1790423553,936190,23,,single
1790423555,985760,0,,single
1790423556,1818180,2,,single
1790423557,1257170,1,,single
1790423559,1788780,8,,single
1790423560,966670,0,,single
1790423562,362400,1,,single
1790423563,1368850,19,,single
1790423564,741430,0,,single
1790423566,465720,0,,single
1790423567,63900,4,,single
1790423569,2206140,0,,single
1790423570,1748230,0,,single
1790423572,1276470,0,,single
1790423573,691150,0,,single
1790423575,2342980,0,,single
1790423576,2503220,0,,single
1790423577,2168450,0,,single
1790423579,562430,0,,single
1790423580,951530,4,,single
1790423582,1537910,23,,single
1790423583,33950,3,,single
1790423584,474030,0,,single
1790423586,704510,3,,single
1790423587,1376910,0,,single
1790423589,214150,4,,single
1790423590,2156620,0,,single
1790423591,2560460,0,,single
1790423593,386080,0,,single
1790423594,278640,2,,single
1790423596,1031900,0,,single
1790423597,490930,1,,single
1790423598,1706210,0,,single
1790423600,1237730,1,,single
1790423601,444280,0,,single
1790423603,1489680,0,,single
1790423604,533480,2,,single
1790423606,423550,0,,single
1790423607,229600,0,,single
1790423609,1090800,1,,single
1790423610,2249830,0,,single
1790423612,635310,0,,single
1790423613,968760,0,,single
1790423615,324710,1,,single
1790423616,1114420,52,,single
1790423617,341540,1,,single
1790423619,1098100,0,,single
1790423620,1413990,2,,single
1790423622,447190,0,,single
1790423623,265380,0,,single
1790423625,897930,0,,single
1790423626,1093320,1,,single
1790423627,1169100,6,,single
1790423629,1726760,1,,single
1790423630,926860,0,,single
1790423632,1132030,6,,single
1790423633,1785910,1,,single
1790423634,2524480,0,,single
1790423636,853860,0,,single
1790423637,826480,0,,single
1790423638,777240,0,,single
1790423640,408110,0,,single
1790423641,377360,0,,single
1790423643,551370,1,,single
1790423644,263460,0,,single
1790423646,1183500,0,,single
1790423647,1830910,0,,single
1790423648,304690,6,,single
1790423650,2307220,2,,single
1790423651,2553960,1,,single
1790423653,586310,2,,single
1790423654,1210610,0,,single
1790423655,416190,1,,single
1790423657,2018640,1,,single
1790423658,1572420,0,,single
1790423660,1523720,19,,single
1790423661,1899810,2,,single
1790423662,821560,0,,single
1790423664,1803600,1,,single
1790423665,277520,0,,single
1790423667,1561890,0,,single
1790423668,291190,1,,single
1790423669,397390,1,,single
1790423671,1420810,4,,single
1790423672,458660,0,,single
1790423674,803080,0,,single
1790423675,340280,0,,single
1790423676,287840,0,,single
1790423678,1693260,2,,single
1790423679,677450,0,,single
1790423681,751640,0,,single
1790423682,1102880,0,,single
1790423683,329650,0,,single
1790423685,1550760,0,,single
1790423686,517000,0,,single
1790423688,1598370,0,,single
1790423689,1124080,1,,single
1790423690,528730,0,,single
1790423692,1265230,0,,single
1790423693,2055410,0,,single
1790423695,564010,0,,single
1790423696,1885690,5,,single
1790423697,386690,0,,single
1790423699,495350,0,,single
1790423700,288220,0,,single
1790423702,857060,0,,single
1790423703,359190,1,,single
1790423705,2254910,2,,single
1790423706,873890,4,,single
1790423707,1876460,3,,single
1790423709,323780,0,,single
1790423710,690980,2,,single
1790423712,9730,1,,single
1790423713,496760,2,,single
1790423715,652810,0,,single
1790423716,1491490,1,,single
1790423718,796290,0,,single
1790423719,1015940,0,,single
1790423720,1714580,6,,single
1790423722,289820,0,,single
1790423724,392970,2,,single
1790423726,922710,0,,single
1790423728,356270,4,,single
1790423729,381870,2,,single
1790423731,330420,0,,single
1790423732,1293650,3,,single
1790423734,1033410,5,,single
1790423735,608110,0,,single
1790423737,279990,0,,single
1790423738,289840,0,,single
1790423740,396360,1,,single
1790423741,322750,0,,single
1790423743,1328900,2,,single
1790423744,552880,0,,single
1790423745,1163340,3,,single
1790423747,1146100,0,,single
1790423748,675940,0,,single
1790423750,2334780,0,,single
1790423751,886820,9,,single
1790423753,46340,2,,single
1790423754,644480,0,,single
1790423756,403980,0,,single
1790423757,1871510,0,,single
1790423759,1705930,0,,single
1790423760,325930,0,,single
1790423762,1859860,2,,single
1790423763,1167170,0,,single
1790423765,3350,4,,single
1790423766,527770,46,,single
1790423768,1859290,13,,single
1790423769,649790,0,,single
1790423771,1613670,0,,single
1790423772,1449510,1,,single
1790423774,1222050,0,,single
1790423775,1305310,2,,single
1790423776,1385950,0,,single
1790423778,345540,0,,single
1790423779,1522930,0,,single
1790423781,916160,0,,single
1790423782,2103640,1,,single
1790423784,1426280,0,,single
1790423785,2142450,0,,single
1790423787,39640,0,,single
1790423788,1083310,0,,single
1790423789,1091320,4,,single
1790423791,283410,0,,single
1790423792,686720,45,,single
1790423794,1013220,2,,single
1790423795,744520,0,,single
1790423797,2026880,0,,single
1790423798,747920,36,,single
1790423799,719730,39,,single
1790423801,1045610,4,,single
1790423802,452710,1,,single
1790423804,819190,1,,single
1790423805,897440,1,,single
1790423806,1519790,1,,single
1790423808,2304030,39,,single
1790423809,628800,0,,single
1790423811,342350,0,,single
1790423812,929270,5,,single
1790423813,527710,19,,single
1790423815,1805130,2,,single
1790423816,845250,10,,single
1790423818,1273480,4,,single
1790423819,628900,5,,single
1790423820,678970,1,,single
1790423822,312640,0,,single
1790423823,1243130,0,,single
1790423825,1058270,0,,single
1790423826,536990,1,,single
1790423828,749840,2,,single
1790423829,953840,1,,single
1790423830,569290,2,,single
1790423832,2581570,2,,single
1790423833,1165860,7,,single
1790423835,497580,0,,single
1790423836,751060,3,,single
1790423838,364210,0,,single
1790423839,1065940,1,,single
1790423841,333430,1,,single
1790423842,369830,0,,single
1790423843,1469160,12,,single
1790423845,938810,0,,single
1790423846,2320910,0,,single
1790423848,496450,13,,single
1790423849,1931240,1,,single
1790423851,589670,0,,single
1790423852,342630,0,,single
1790423853,244890,3,,single
1790423855,2484360,0,,single
1790423856,502140,0,,single
1790423858,291630,0,,single
1790423859,1666250,0,,single
1790423860,251410,0,,single
1790423862,31840,1,,single
1790423863,1343520,0,,single
1790423865,1546100,0,,single
1790423866,1432500,3,,single
1790423868,378770,2,,single
1790423869,2490160,1,,single
1790423870,2445390,0,,single
1790423872,465020,0,,single
1790423873,2022290,9,,single
1790423875,809250,0,,single
1790423876,346140,6,,single
1790423878,97130,13,,single
1790423879,46750,0,,single
1790423881,467000,0,,single
1790423882,1508400,0,,single
1790423883,431840,0,,single
1790423885,1345870,1,,single
1790423886,1924400,1,,single
1790423888,857320,56,,single
1790423889,872240,0,,single
1790423891,1225070,0,,single
1790423892,298950,0,,single
1790423894,500190,9,,single
1790423895,1427210,0,,single
1790423897,245430,8,,single
1790423898,2251620,1,,single
1790423900,615400,1,,single
1790423901,377690,0,,single
1790423903,283180,0,,single
1790423904,668980,0,,single
1790423906,331340,0,,single
1790423907,925940,3,,single
1790423909,1147330,1,,single
1790423910,560720,0,,single
1790423912,1387500,2,,single
1790423914,1471530,2,,single
1790423915,202670,2,,single
1790423916,1316800,0,,single
1790423918,514090,0,,single
1790423919,1704080,0,,single
1790423921,960740,0,,single
1790423922,1828690,0,,single
1790423924,306490,2,,single
1790423925,1202970,1,,single
1790423927,1895630,72,,single
1790423928,2004440,2,,single
1790423930,42980,6,,single
1790423931,50000,0,,single
1790423933,1141120,1,,single
1790423934,2099790,1,,single
1790423935,1604240,0,,single
1790423937,508530,1,,single
1790423938,613450,0,,single
1790423940,539330,0,,single
1790423941,1156590,0,,single
1790423943,1719660,1,,single
1790423944,1988940,1,,single
1790423945,337940,0,,single
1790423947,39660,5,,single
1790423948,1009450,0,,single
1790423950,1849890,0,,single
1790423951,307130,1,,single
1790423953,1567000,1,,single
1790423954,25910,17,,single
1790423955,1311540,1,,single
1790423957,1970020,2,,single
1790423959,346040,0,,single
1790423960,1240230,4,,single
1790423962,1422410,2,,single
1790423963,2444470,0,,single
1790423965,2184230,0,,single
1790423966,2150660,4,,single
1790423968,1280370,0,,single
1790423969,294650,11,,single
1790423971,567800,3,,single
1790423972,392260,0,,single
1790423973,780100,16,,single
1790423975,1315210,0,,single
1790423976,2169830,0,,single
1790423978,17140,1,,single
1790423979,1603940,3,,single
1790423981,1119570,0,,single
1790423982,1469910,2,,single
1790423984,351250,0,,single
1790423985,1748750,2,,single
1790423987,1840610,0,,single
1790423988,840930,1,,single
1790423990,2063420,0,,single
1790423991,395900,1,,single
1790423993,406080,0,,single
1790423994,1615060,0,,single
1790423996,1125110,1,,single
1790423997,597030,0,,single
1790423999,1182830,0,,single
1790424000,1005240,8,,single
1790424002,1184570,1,,single
1790424003,104000,0,,single
1790424005,271970,3,,single
1790424006,1647420,12,,single
1790424007,1406020,2,,single
1790424009,651470,0,,single
1790424010,1198740,0,,single
1790424012,680830,1,,single
1790424013,368160,0,,single
1790424016,1067720,1,,single
1790424017,366280,1,,single
1790424019,1306570,0,,single
1790424021,334560,0,,single
1790424022,1845670,1,,single
1790424025,903040,15,,single
1790424028,705810,2,,single
1790424029,788630,1,,single
1790424031,293880,0,,single
1790424032,347950,9,,single
1790424033,493060,0,,single
1790424035,1442160,2,,single
1790424036,709840,1,,single
1790424038,512080,4,,single
1790424039,1476350,0,,single
1790424041,1487430,0,,single
1790424042,640340,4,,single
1790424043,449940,0,,single
1790424045,1441790,0,,single
1790424046,2130060,5,,single
1790424048,1060300,0,,single
1790424049,1767310,0,,single
1790424050,1872550,0,,single
1790424052,904400,0,,single
1790424053,342490,0,,single
1790424055,2142330,0,,single
1790424056,557680,0,,single
1790424058,2114370,1,,single
1790424059,1660860,0,,single
1790424061,615770,2,,single
1790424062,1170370,0,,single
1790424064,1046230,0,,single
1790424065,1056690,0,,single
1790424067,1603420,0,,single
1790424069,363410,0,,single
1790424070,1717020,3,,single
1790424072,391280,0,,single
1790424073,1020640,0,,single
1790424075,1431850,1,,single
1790424076,445020,0,,single
1790424078,574070,1,,single
1790424079,937940,2,,single
1790424080,809210,0,,single
1790424082,1044340,1,,single
1790424083,292420,0,,single
1790424085,2107860,12,,single
1790424086,1571160,0,,single
1790424088,278530,0,,single
1790424089,476020,0,,single
1790424090,427550,0,,single
1790424092,264060,0,,single
1790424093,783940,0,,single
1790424095,2244480,0,,single
1790424096,326990,4,,single
1790424097,40420,0,,single
1790424099,577990,0,,single
1790424100,1918300,0,,single
1790424102,1540220,2,,single
1790424103,1972820,6,,single
1790424104,1975670,0,,single
1790424106,584800,0,,single
1790424107,946920,0,,single
1790424109,1966420,2,,single
1790424110,255940,0,,single
1790424112,1457730,2,,single
1790424113,621810,1,,single
1790424114,1270010,16,,single
1790424116,1851020,0,,single
1790424117,695600,0,,single
1790424119,1234620,0,,single
1790424120,33730,1,,single
1790424122,777200,0,,single
1790424123,1807930,784,,single
1790424124,12480,2,,single
1790424126,1066110,76,,single
1790424127,444970,7,,single
1790424129,1731870,0,,single
1790424130,1621680,9,,single
1790424132,436260,0,,single
1790424133,573600,0,,single
1790424135,289500,7,,single
1790424136,420180,0,,single
1790424138,1074030,0,,single
1790424139,834450,0,,single
1790424141,1287590,2,,single
1790424142,1424870,0,,single
1790424143,785880,0,,single
1790424145,578590,0,,single
1790424146,1171660,0,,single
1790424148,32760,0,,single
1790424149,1640320,2,,single
1790424150,1066860,5,,single
1790424152,794240,0,,single
1790424153,243060,0,,single
1790424155,1273250,0,,single
1790424156,532030,0,,single
1790424157,12390,1,,single
1790424159,1882240,20,,single
1790424160,361600,162,,single
1790424162,1108740,1,,single
1790424163,23420,3,,single
1790424165,1849570,3,,single
1790424167,1387590,2,,single
1790424169,1700630,0,,single
1790424171,773430,0,,single
1790424172,597970,0,,single
1790424173,1155980,9,,single
1790424175,327930,1,,single
1790424176,1399670,0,,single
1790424178,1137970,0,,single
1790424179,273730,0,,single
1790424181,461850,0,,single
1790424182,277630,2,,single
1790424183,1178230,0,,single
1790424185,306640,8,,single
1790424186,514460,1,,single
1790424188,600630,0,,single
1790424189,626600,4,,single
1790424190,545580,0,,single
1790424192,320610,0,,single
1790424193,934850,0,,single
1790424195,11260,4,,single
1790424196,659500,0,,single
1790424197,579720,1,,single
1790424199,1575830,0,,single
1790424200,1916850,0,,single
1790424202,1826860,0,,single
1790424203,1358530,5,,single
1790424205,1732650,0,,single
1790424207,1020270,2,,single
1790424208,1727520,1,,single
1790424210,1029650,0,,single
1790424211,502720,0,,single
1790424212,422630,0,,single
1790424214,389650,0,,single
1790424216,1968650,15,,single
1790424217,317970,1,,single
1790424219,2303800,2,,single
1790424220,1649630,0,,single
1790424222,1300700,0,,single
1790424223,990250,0,,single
1790424225,315850,0,,single
1790424226,1550870,1,,single
1790424228,1249010,3,,single
1790424229,858040,5,,single
1790424231,1562910,2,,single
1790424232,31880,1,,single
1790424233,2007930,1,,single
1790424235,2297010,18,,single
1790424236,355270,0,,single
1790424238,1058690,0,,single
1790424239,809000,0,,single
1790424241,1129250,0,,single
1790424242,396890,0,,single
1790424243,446000,0,,single
1790424245,555710,0,,single
1790424246,1247940,0,,single
1790424248,2000090,1,,single
1790424249,1307870,0,,single
1790424251,313870,0,,single
1790424252,204440,0,,single
1790424253,576480,0,,single
1790424255,454530,14,,single
1790424256,303840,0,,single
1790424257,1142220,0,,single
1790424259,314500,5,,single
1790424260,7260,2,,single
1790424262,366290,3,,single
1790424263,1160360,0,,single
1790424265,808010,1,,single
1790424266,378300,0,,single
1790424267,296550,0,,single
1790424269,681110,0,,single
1790424270,657040,0,,single
1790424271,615780,1,,single
1790424273,773090,1,,single
1790424274,770500,0,,single
1790424276,1314770,0,,single
1790424277,722670,0,,single
1790424278,454690,0,,single
1790424280,756500,0,,single
1790424281,777470,10,,single
1790424283,1801640,1,,single
1790424284,635880,0,,single
1790424286,857080,0,,single
1790424287,2420620,1,,single
1790424288,46360,5,,single
1790424290,485330,0,,single
1790424291,559260,0,,single
1790424292,385590,0,,single
1790424294,366270,0,,single
1790424295,557880,0,,single
1790424297,533970,0,,single
1790424298,720660,0,,single
1790424299,252730,0,,single
1790424301,4530,0,,single
1790424302,1543240,2,,single
1790424304,1398910,0,,single
1790424305,2227450,0,,single
1790424306,513620,187,,single
1790424308,539460,0,,single
1790424309,547480,2,,single
1790424311,331790,0,,single
1790424312,1041210,0,,single
1790424314,1848130,0,,single
1790424316,392020,0,,single
1790424317,435480,0,,single
1790424319,255960,0,,single
1790424320,337290,0,,single
1790424321,1378800,0,,single
1790424323,450140,10,,single
1790424324,1901810,0,,single
1790424326,746840,0,,single
1790424328,1452630,0,,single
1790424329,2225530,0,,single
1790424331,1280080,3,,single
1790424332,816270,0,,single
1790424333,1436920,2,,single
1790424335,384690,1,,single
1790424336,1346720,0,,single
1790424338,950300,0,,single
1790424339,262240,0,,single
1790424340,1803410,1,,single
1790424342,260330,0,,single
1790424343,817020,2,,single
1790424345,2281480,0,,single
1790424346,993170,0,,single
1790424347,1145290,2,,single
1790424349,1347600,0,,single
1790424350,2265310,0,,single
1790424352,1086860,3,,single
1790424353,541310,1,,single
1790424354,1012460,10,,single
1790424356,358360,0,,single
1790424357,2093900,0,,single
1790424359,1532460,0,,single
1790424361,2268560,1,,single
1790424362,509600,0,,single
1790424363,462620,0,,single
1790424365,781820,0,,single
1790424366,273750,1,,single
1790424368,938270,0,,single
1790424369,1539620,2,,single
1790424370,935570,0,,single
1790424372,338760,0,,single
1790424373,1466690,0,,single
1790424374,820540,2,,single
1790424376,257220,0,,single
1790424377,296930,0,,single
1790424379,1326270,0,,single
1790424380,853200,1,,single
1790424382,1662570,1,,single
1790424383,2560530,3,,single
1790424385,527160,0,,single
1790424386,275810,8,,single
1790424387,2310300,0,,single
1790424389,1509230,0,,single
1790424390,610860,0,,single
1790424392,1441230,0,,single
1790424393,623580,0,,single
1790424394,748610,9,,single
1790424396,489930,0,,single
1790424397,65500,0,,single
1790424399,1563340,0,,single
1790424400,500150,6,,single
1790424401,1258460,0,,single
1790424403,40340,3,,single
1790424404,846730,1,,single
1790424406,1793260,12,,single
1790424407,2135500,0,,single
1790424408,543980,1,,single
1790424410,781180,2,,single
1790424411,455690,1,,single
1790424413,1139870,0,,single
1790424414,202690,5,,single
1790424415,504310,1,,single
1790424417,412290,0,,single
1790424418,1005950,1,,single
1790424419,2360030,2,,single
1790424421,811070,4,,single
1790424422,486480,0,,single
1790424424,334850,1,,single
1790424425,567680,0,,single
1790424426,570490,1,,single
1790424428,2018130,0,,single
1790424429,23460,1,,single
1790424431,760630,5,,single
1790424432,465840,1,,single
1790424433,1630650,0,,single
1790424435,551190,0,,single
1790424436,2131200,0,,single
1790424437,429280,1,,single
1790424439,527750,17,,single
1790424440,33990,0,,single
1790424442,1413970,3,,single
1790424443,804870,0,,single
1790424444,1623700,0,,single
1790424446,1519060,3,,single
1790424447,853050,0,,single
1790424449,1192940,3,,single
1790424450,390220,0,,single
1790424452,1094540,0,,single
1790424453,338840,0,,single
1790424455,277390,0,,single
1790424456,509560,0,,single
1790424458,298360,0,,single
1790424459,371100,0,,single
1790424461,1941110,1,,single
1790424462,1180540,0,,single
1790424464,338980,1,,single
1790424465,1418360,1,,single
1790424466,2176850,2,,single
1790424468,540190,12,,single
1790424469,693700,0,,single
1790424471,794960,1,,single
1790424472,1173830,2,,single
1790424474,2024300,0,,single
1790424475,341040,1,,single
1790424476,1992640,0,,single
1790424478,463020,0,,single
1790424479,610660,0,,single
1790424481,412620,0,,single
1790424482,898450,9,,single
1790424483,776890,1,,single
1790424485,2900,1,,single
1790424486,1680340,0,,single
1790424488,2120310,1,,single
1790424489,443880,0,,single
1790424490,1701560,0,,single
1790424492,820910,0,,single
1790424493,1110890,1,,single
1790424495,1094730,0,,single
1790424496,15900,11,,single
1790424497,1154090,0,,single
1790424499,2464090,0,,single
1790424500,1612480,2,,single
1790424502,302490,0,,single
1790424503,1405810,0,,single
1790424504,1287800,0,,single
1790424506,1779460,0,,single
1790424507,381260,0,,single
1790424509,761170,2,,single
1790424510,2490910,45,,single
1790424511,572700,0,,single
1790424513,283820,0,,single
1790424514,1442170,0,,single
1790424516,525240,0,,single
1790424517,548330,0,,single
1790424518,277270,1,,single
1790424520,1084790,2,,single
1790424521,1745980,2,,single
1790424522,1048920,11,,single
1790424524,1966130,29,,single
1790424525,1157640,0,,single
1790424526,555630,0,,single
1790424528,1637140,2,,single
1790424529,704020,0,,single
1790424531,292240,1,,single
1790424532,1365010,1,,single
1790424533,1694430,37,,single
1790424535,2349830,0,,single
1790424536,4800590,1443,,single
1790424537,4877110,16,,single
1790424539,4887360,7,,single
1790424540,4834070,27,,single
1790424542,4855760,2,,single
1790424543,4779560,87,,single
1790424545,4775410,0,,single
1790424546,4824420,56,,single
1790424547,4719730,1,,single
1790424549,4746070,192,,single
1790424550,18020,0,,single
1790424551,25930,2,,single
1790424553,31890,3,,single
1790424554,31920,2,,single
1790424556,35800,1,,single
1790424557,38130,24,,single
1790424558,63960,0,,single
1790424560,200490,0,,single
1790424561,229890,2,,single
1790424563,241300,0,,single
1790424564,245010,0,,single
1790424566,274880,0,,single
1790424567,291960,3,,single
1790424568,300320,1,,single
1790424570,319230,0,,single
1790424571,337880,0,,single
1790424572,342860,0,,single
1790424574,345440,0,,single
1790424575,368220,5,,single
1790424577,371460,0,,single
1790424578,388980,10,,single
1790424580,397190,1,,single
1790424581,407340,0,,single
1790424583,416290,0,,single
1790424584,430080,1,,single
1790424585,437720,0,,single
1790424587,448560,1,,single
1790424588,465000,3,,single
1790424590,467090,2,,single
1790424591,494360,0,,single
1790424593,512640,0,,single
1790424594,529420,0,,single
1790424595,532270,1,,single
1790424597,546900,0,,single
1790424598,552780,0,,single
1790424599,554290,1,,single
1790424601,558780,1,,single
1790424602,560000,0,,single
1790424603,563190,1,,single
1790424605,567160,0,,single
1790424606,572330,0,,single
1790424608,573110,0,,single
1790424609,575830,0,,single
1790424610,577740,12,,single
1790424612,581650,0,,single
1790424613,594350,0,,single
1790424614,601590,7,,single
1790424616,608760,0,,single
1790424617,617610,1,,single
1790424619,631770,0,,single
1790424620,635850,9,,single
1790424621,648890,1,,single
1790424623,653060,5,,single
1790424624,664320,0,,single
1790424625,679520,4,,single
1790424627,701470,50,,single
1790424628,717950,0,,single
1790424630,724470,1,,single
1790424631,729720,10,,single
1790424632,740090,1,,single
1790424634,749890,3,,single
1790424635,765940,1,,single
1790424636,778400,2,,single
1790424638,813530,4,,single
1790424639,834390,0,,single
1790424640,844500,1,,single
1790424642,885910,2,,single
1790424643,897630,1,,single
1790424645,928840,5,,single
1790424646,946780,0,,single
1790424647,951930,1,,single
1790424649,961010,4,,single
1790424650,976900,2,,single
1790424652,990090,0,,single
1790424653,1001040,3,,single
1790424654,1016250,0,,single
1790424656,1023740,0,,single
1790424657,1031270,0,,single
1790424658,1040630,0,,single
1790424660,1066630,2,,single
1790424661,1071240,1,,single
1790424663,1086620,2,,single
1790424664,1094870,1,,single
1790424665,1107230,0,,single
1790424667,1113780,1,,single
1790424668,1124060,1,,single
1790424669,1132070,0,,single
1790424671,1133930,1,,single
1790424672,1145130,0,,single
1790424674,1159500,0,,single
1790424675,1173940,0,,single
1790424676,1175190,0,,single
1790424678,1191070,2,,single
1790424679,1203670,2,,single
1790424680,1215280,0,,single
1790424682,1226970,1,,single
1790424683,1229060,0,,single
1790424684,1231950,0,,single
1790424686,1244040,7,,single
1790424687,1257850,0,,single
1790424689,1261960,1,,single
1790424690,1268140,10,,single
1790424692,1270620,1,,single
1790424693,1290750,9,,single
1790424694,1297210,0,,single
1790424696,1299810,0,,single
1790424697,1309710,6,,single
1790424698,1313580,0,,single
1790424700,1321120,0,,single
1790424701,1329360,1,,single
1790424703,1342060,0,,single
1790424704,1364690,3,,single
1790424705,1366810,0,,single
1790424707,1374990,7,,single
1790424708,1379110,1,,single
1790424709,1383250,1,,single
1790424711,1386730,0,,single
1790424712,1396540,0,,single
1790424714,1400910,1,,single
1790424715,1403830,0,,single
1790424716,1422630,0,,single
1790424718,1424860,1,,single
1790424719,1428820,0,,single
1790424721,1441180,0,,single
1790424722,1448610,0,,single
1790424723,1451680,0,,single
1790424725,1454640,0,,single
1790424726,1461980,12,,single
1790424727,1465710,0,,single
1790424729,1474930,10,,single
1790424730,1482700,4,,single
1790424732,1500180,0,,single
1790424733,1515490,0,,single
1790424734,1525890,1,,single
1790424736,1540060,0,,single
1790424737,1550270,3,,single
1790424739,1560770,0,,single
1790424740,1562920,1,,single
1790424741,1571990,0,,single
1790424743,1586880,0,,single
1790424744,1594130,1,,single
1790424746,1597910,0,,single
1790424747,1620030,0,,single
1790424748,1624380,0,,single
1790424750,1626620,0,,single
1790424751,1641240,3,,single
1790424753,1646350,0,,single
1790424754,1659050,7,,single
1790424755,1665280,1,,single
1790424757,1676870,2,,single
1790424758,1681880,0,,single
1790424760,1685460,72,,single
1790424761,1689190,1,,single
1790424762,1702430,0,,single
1790424764,1707400,1,,single
1790424765,1726750,0,,single
1790424766,1734890,0,,single
1790424768,1739650,1,,single
1790424769,1743080,0,,single
1790424770,1747890,0,,single
1790424772,1764700,0,,single
1790424773,1780070,2,,single
1790424774,1795180,0,,single
1790424776,1802850,1,,single
1790424777,1812410,1,,single
1790424779,1818940,20,,single
1790424780,1827650,29,,single
1790424781,1842690,12,,single
1790424783,1851610,6,,single
1790424784,1856900,1,,single
1790424785,1865010,0,,single
1790424787,1870150,16,,single
1790424788,1879950,1,,single
1790424790,1882190,0,,single
1790424791,1889890,8,,single
1790424792,1898830,1261,,single
1790424794,1906830,3,,single
1790424795,1913740,16,,single
1790424796,1918530,15,,single
1790424798,1919600,3,,single
1790424799,1921760,6,,single
1790424801,1933980,10,,single
1790424802,1938050,19,,single
1790424803,1946300,0,,single
1790424805,1955340,1,,single
1790424806,1960830,4,,single
1790424807,1967220,23,,single
1790424809,1972550,0,,single
1790424810,1983690,14,,single
1790424812,1987480,34,,single
1790424813,1991980,3,,single
1790424814,2006730,0,,single
1790424816,2012140,1,,single
1790424817,2024390,6,,single
1790424818,2056200,8,,single
1790424820,2060000,0,,single
1790424821,2063530,9,,single
1790424822,2075580,9,,single
1790424824,2085040,0,,single
1790424825,2088770,1,,single
1790424827,2092730,0,,single
1790424828,2096570,1,,single
1790424829,2101350,5,,single
1790424831,2107030,3,,single
1790424832,2113770,6,,single
1790424834,2120070,2,,single
1790424835,2129160,1,,single
1790424836,2143980,0,,single
1790424838,2149630,1,,single
1790424839,2157210,0,,single
1790424840,2158740,0,,single
1790424842,2168150,0,,single
1790424843,2169140,0,,single
1790424845,2172900,7,,single
1790424846,2183070,1,,single
1790424847,2185870,43,,single
1790424849,2192900,24,,single
1790424850,2202220,0,,single
1790424852,2213500,0,,single
1790424853,2215410,1,,single
1790424854,2216960,0,,single
1790424856,2219890,0,,single
1790424857,2224740,1,,single
1790424859,2227130,5,,single
1790424860,2235150,4,,single
1790424861,2236590,0,,single
1790424863,2241380,36,,single
1790424864,2249850,1,,single
1790424866,2274480,0,,single
1790424867,2277090,1,,single
1790424868,2280060,196,,single
1790424870,2299510,14,,single
1790424871,2303320,0,,single
1790424872,2321350,0,,single
1790424874,2326590,1,,single
1790424875,2337460,1,,single
1790424877,2342150,2,,single
1790424878,2350280,5,,single
1790424879,2358040,0,,single
1790424881,2367610,1,,single
1790424882,2372330,34,,single
1790424883,2390480,5,,single
1790424885,2400960,2,,single
1790424886,2406370,3,,single
1790424888,2409110,1,,single
1790424889,2413840,0,,single
1790424890,2416880,1,,single
1790424892,2424110,2,,single
1790424893,2425410,1,,single
1790424895,2429190,13,,single
1790424896,2434730,390,,single
1790424897,2443090,1,,single
1790424899,2446680,0,,single
1790424900,2456120,0,,single
1790424902,2459490,13,,single
1790424903,2462060,3,,single
1790424904,2467300,0,,single
1790424906,2481670,1,,single
1790424907,2485350,1,,single
1790424908,2495050,150,,single
1790424910,2506110,0,,single
1790424911,2508210,0,,single
1790424913,2516990,1,,single
1790424914,2520870,6,,single
1790424915,2527450,2,,single
1790424917,2539910,2,,single
1790424918,2545220,1,,single
1790424919,2562460,1,,single
1790424921,2581370,8,,single
1790424922,2583300,0,,single
1790424924,2598800,0,,single
1790424925,2599950,0,,single
1790424926,2602020,7,,single
1790424928,2633500,21,,single
1790424929,2666550,3,,single
1790424930,2668910,0,,single
1790424932,2685380,0,,single
1790424933,2700540,4,,single
1790424935,2708790,4,,single
1790424936,2718240,7,,single
1790424938,2735220,1,,single
1790424939,2739700,2,,single
1790424940,2742150,1,,single
1790424942,2769210,3,,single
1790424943,2789770,6,,single
1790424944,2800840,2,,single
1790424946,2804680,1,,single
1790424947,2811200,1,,single
1790424949,2818150,12,,single
1790424950,2820130,65,,single
1790424951,2825210,0,,single
1790424953,2837600,4,,single
1790424954,2851700,3,,single
1790424956,2853130,0,,single
1790424957,2857000,1,,single
1790424958,2858370,2,,single
1790424960,2865220,1,,single
1790424961,2877480,2,,single
1790424962,2884190,0,,single
1790424964,2899980,3,,single
1790424965,2909250,0,,single
1790424967,2921650,0,,single
1790424968,2925970,0,,single
1790424969,2938850,0,,single
1790424971,2951340,2,,single
1790424972,2954920,0,,single
1790424973,2963230,0,,single
1790424975,2973120,5,,single
1790424976,2979220,1,,single
1790424978,2983350,1,,single
1790424979,2987750,0,,single
1790424980,2993720,1,,single
1790424982,2998750,1,,single
1790424983,3000030,57,,single
1790424985,3001330,2,,single
1790424986,3015620,2,,single
1790424987,3023490,0,,single
1790424989,3030250,0,,single
1790424990,3036380,1,,single
1790424992,3038340,0,,single
1790424993,3040220,1,,single
1790424994,3060630,7,,single
1790424996,3075800,1,,single
1790424997,3079970,2,,single
1790424998,3099840,6,,single
1790425000,3106510,5,,single
1790425001,3113680,1,,single
1790425003,3122170,1,,single
1790425004,3125890,2,,single
1790425005,3128950,1,,single
1790425007,3145320,1,,single
1790425008,3151830,0,,single
1790425010,3158260,1,,single
1790425011,3170410,2,,single
1790425013,3198680,0,,single
1790425014,3207880,0,,single
1790425015,3257360,0,,single
1790425017,3265280,4,,single
1790425018,3282700,4,,single
1790425020,3289090,12,,single
1790425021,3314340,274,,single
1790425022,3320800,0,,single
1790425024,3329420,4,,single
1790425025,3333890,0,,single
1790425026,3339330,14,,single
1790425028,3358360,0,,single
1790425029,3360110,1,,single
1790425031,3380740,0,,single
1790425032,3392420,5,,single
1790425033,3400650,2,,single
1790425035,3408020,5,,single
1790425036,3422450,8,,single
1790425038,3444050,0,,single
1790425039,3449590,11,,single
1790425041,3478200,0,,single
1790425042,3570430,3,,single
1790425043,3584190,1,,single
1790425045,590830,431,,single
1790425046,254760,164,,single
1790425048,686060,4209,,single
1790425049,606160,45,,single
1790425050,29720,337,,single
1790425052,551620,3,,single
1790425053,2767030,47179,,single
1790425054,3527290,20535,,single
1790425056,2807960,29683,,single
1790425057,2139460,20827,,single
1790425059,2592160,734,,single
1790425060,3564740,14653,,single
1790425061,2074920,6337,,single
1790425063,3764200,4754,,single
1790425064,3405340,3444,,single
1790425065,3354750,2484,,single
1790425067,2016590,4687,,single
1790425068,2073620,32883,,single
1790425069,1867240,205571,,single
1790425071,2429640,4759,,single
1790425072,4001890,24833,,single
1790425074,3224770,4076,,single
1790425075,1285190,9106,,single
1790425076,3932890,30290,,single
1790425078,3041230,2453,,single
1790425079,3678970,85400,,single
1790425081,3065800,1333,,single
1790425082,2707930,4196,,single
1790425083,2134320,52,,single
1790425085,1478500,5918,,single
1790425086,3768760,2421,,single
1790425088,3124540,1073,,single
1790425089,3101040,1481,,single
1790425090,2397300,1249,,single
1790425092,3450310,7846,,single
1790425093,3751950,3329,,single
1790425094,1604270,4432,,single
1790425096,2325290,3602,,single
1790425097,3314790,818,,single
1790425099,1568400,166,,single
1790425100,2386720,392,,single
1790425101,3199170,3862,,single
1790425103,2918300,34,,single
1790425104,3551340,34722,,single
1790425105,2075800,4111,,single
1790425107,2119830,469,,single
1790425108,3105440,4505,,single
1790425110,3892270,5452,,single
1790425111,3681810,243,,single
1790425112,3265700,484,,single
1790425114,3751260,12305,,single
1790425115,1154030,1069,,single
1790425117,4162040,6581,,single
1790425118,3028330,0,,single
1790425119,3282300,2248,,single
1790425121,2444750,7983,,single
1790425122,1984270,1695,,single
1790425123,3948120,1325,,single
1790425125,2352620,299,,single
1790425126,2416450,266,,single
1790425128,4384550,1330,,single
1790425129,2129530,564,,single
1790425130,2950790,1198,,single
1790425132,2638890,18535,,single
1790425133,3061570,2498,,single
1790425134,1783560,2126,,single
1790425136,4124950,3,,single
1790425137,2808930,1819,,single
1790425139,1431300,4626,,single
1790425140,2763740,9869,,single
1790425141,3556750,1371,,single
1790425143,3548580,3681,,single
1790425144,3419520,406,,single
1790425145,3681010,2623,,single
1790425147,1857950,810,,single
1790425148,2958130,1746,,single
1790425150,2799860,739,,single
1790425151,2968420,1821,,single
1790425152,2215390,59,,single
1790425154,2426960,7533,,single
1790425155,2229850,2365,,single
1790425156,3164330,2005,,single
1790425158,3079280,104,,single
1790425159,1392860,229,,single
1790425161,3528450,455,,single
1790425162,3293010,42,,single
1790425163,3812600,1361,,single
1790425165,2570630,23,,single
1790425166,4069520,264,,single
1790425168,1663850,144,,single
1790425169,3097300,20,,single
1790425170,2458860,316,,single
1790425172,3672400,292,,single
1790425173,2220360,20,,single
1790425175,2215200,587,,single
1790425176,2057760,158,,single
1790425177,3370870,81,,single
1790425179,2627260,439,,single
1790425180,2905170,17,,single
1790425181,3834090,282,,single
1790425183,3769130,46,,single
1790425184,1535560,1375,,single
1790425186,2085540,1811,,single
1790425187,2101960,187,,single
1790425189,2373990,278,,single
1790425190,2811830,61,,single
1790425191,3809440,23,,single
1790425193,2796340,19,,single
1790425194,2582320,17,,single
1790425196,2753000,600,,single
1790425197,3636770,483,,single
1790425198,3202030,1507,,single
1790425200,2133760,146,,single
1790425201,3526710,577,,single
1790425202,2410490,20,,single
1790425204,4508340,3654,,single
1790425205,2739600,63,,single
1790425207,2721890,18,,single
1790425208,4380490,657,,single
1790425209,2994020,502,,single
1790425211,3981100,314,,single
1790425212,3472550,61,,single
1790425215,3064370,339,,single
1790425216,4275420,131,,single
1790425217,2600140,18,,single
1790425219,2893820,195,,single
1790425220,2536520,4200,,single
1790425222,2226280,156,,single
1790425223,1004640,757,,single
1790425224,2289750,151,,single
1790425227,2852190,812,,single
1790425228,1952920,616,,single
1790425229,1482620,3,,single
1790425231,3052450,1157,,single
1790425232,2540100,59,,single
1790425234,2951690,145,,single
1790425235,3855540,449,,single
1790425236,3447040,1796,,single
1790425238,1548520,297,,single
1790425239,1721110,153,,single
1790425240,2962300,734,,single
1790425242,3787240,350,,single
1790425243,2526380,941,,single
1790425245,3214610,423,,single
1790425246,3553500,443,,single
1790425247,3375780,1630,,single
1790425249,2870840,2,,single
1790425250,3495730,62,,single
1790425251,4035270,45,,single
1790425253,2702170,13,,single
1790425254,2624870,67,,single
1790425256,4488860,251,,single
1790425257,3300410,40,,single
1790425259,2512840,19,,single
1790425260,871540,194,,single
1790425261,3846120,315,,single
1790425263,2758540,5,,single
1790425264,4594150,644,,single
1790425265,3784030,180,,single
1790425267,2750780,94,,single
1790425268,2001760,178,,single
1790425270,2643390,132,,single
1790425271,3602290,85,,single
1790425273,1790930,23,,single
1790425274,3217240,1598,,single
1790425275,3587610,11,,single
1790425277,3257000,238,,single
1790425278,4659620,819,,single
1790425280,2756770,123,,single
1790425281,2914150,54,,single
1790425282,2523720,66,,single
1790425284,3527760,40,,single
1790425285,2749950,1092,,single
1790425287,3684610,7,,single
1790425288,3444020,368,,single
1790425289,2878450,388,,single
1790425291,2713000,454,,single
1790425292,2385530,666,,single
1790425293,1657090,38,,single
1790425295,2762230,15,,single
1790425296,3282390,31,,single
1790425298,1395520,61,,single
1790425299,3867950,82,,single
1790425300,3609080,2633,,single
1790425302,2904040,161,,single
1790425303,3448650,411,,single
1790425305,3270680,11,,single
1790425306,2300840,18,,single
1790425307,1805110,271,,single
1790425309,3672720,101,,single
1790425310,3694480,36,,single
1790425312,2985610,5,,single
1790425313,3174070,975,,single
1790425314,4450800,10,,single
1790425316,2424420,235,,single
1790425317,3454650,421,,single
1790425318,2489330,1545,,single
1790425320,3347400,551,,single
1790425321,4368350,1252,,single
1790425323,2238470,117,,single
1790425324,2608620,4,,single
1790425325,2016460,48,,single
1790425327,3105890,15,,single
1790425328,2508780,737,,single
1790425330,2569760,106,,single
1790425331,2004680,88,,single
1790425333,3545990,28,,single
1790425334,3053950,92,,single
1790425335,3400960,1782,,single
1790425337,3339880,19,,single
1790425338,3407390,2328,,single
1790425340,3446240,559,,single
1790425341,3983810,876,,single
1790425342,2353060,8,,single
1790425344,3934270,700,,single
1790425345,2899050,87,,single
1790425347,1148350,151,,single
1790425348,2445260,1004,,single
1790425349,2719750,50,,single
1790425351,3712080,113,,single
1790425352,2864560,257,,single
1790425353,3697340,49,,single
1790425355,2863680,183,,single
1790425356,3602570,55,,single
1790425358,3438850,59,,single
1790425359,2461280,39,,single
1790425360,4911390,271,,single
1790425362,3014320,529,,single
1790425363,2313700,54,,single
1790425365,3008740,30,,single
1790425366,1696770,73,,single
1790425367,3628960,478,,single
1790425369,4164790,3021,,single
1790425370,2424010,256,,single
1790425372,1999520,24,,single
1790425373,2735630,4,,single
1790425375,3011560,56,,single
1790425376,2101390,117,,single
1790425377,3398110,270,,single
1790425379,3308870,10,,single
1790425380,3279120,9,,single
1790425382,3577060,147,,single
1790425383,4292950,86,,single
1790425385,3478650,76,,single
1790425386,2719150,2,,single
1790425387,3381680,711,,single
1790425389,2739630,11,,single
1790425390,3659280,6061,,single
1790425392,2963800,549,,single
1790425393,3470560,30,,single
1790425394,3513600,247,,single
1790425396,2649970,215,,single
1790425397,2231300,29,,single
1790425399,3669570,3475,,single
1790425400,4019220,19456,,single
1790425401,3412900,22,,single
1790425403,3639650,58,,single
1790425404,3399960,1317,,single
1790425406,1699230,15,,single
1790425407,3925760,42,,single
1790425408,2999060,13,,single
1790425410,3656800,476,,single
1790425411,3800340,132,,single
1790425413,3279780,1825,,single
1790425414,4651220,35,,single
1790425415,4304930,59,,single
1790425417,4705510,1107,,single
1790425418,2918500,130,,single
1790425420,3267900,6,,single
1790425421,3440070,18,,single
1790425423,3224420,883,,single
1790425424,3558600,280,,single
1790425425,2639100,36,,single
1790425427,1913120,138,,single
1790425428,2824230,3,,single
1790425430,3717070,938,,single
1790425431,3533730,5,,single
1790425432,2428730,52,,single
1790425434,2692990,53,,single
1790425435,2753970,39,,single
1790425437,3414580,21,,single
1790425438,1597080,1,,single
1790425440,3009300,461,,single
1790425441,1231560,28,,single
1790425443,3278760,12,,single
1790425444,4643090,2388,,single
1790425445,2069250,40,,single
1790425447,3110760,32,,single
1790425448,3788420,241,,single
1790425450,3496000,44,,single
1790425451,3265060,13,,single
1790425452,3132930,41,,single
1790425454,2402680,2876,,single
1790425455,2527160,84,,single
1790425457,3731020,35,,single
1790425458,622630,0,,single
1790425459,2803000,0,,single
1790425461,2842800,201,,single
1790425462,3596700,206,,single
1790425464,2250500,390,,single
1790425465,4315040,341,,single
1790425467,2532480,27,,single
1790425468,1517850,19,,single
1790425470,3337380,76,,single
1790425471,3050900,7,,single
1790425473,2973390,2,,single
1790425474,2871440,53,,single
1790425476,2541530,19,,single
1790425478,4233550,18,,single
1790425479,2686630,54,,single
1790425481,3700980,3,,single
1790425482,3015610,99,,single
1790425483,2870350,13,,single
1790425485,2272540,5,,single
1790425486,2235200,124,,single
1790425488,2710480,274,,single
1790425489,4634490,87,,single
1790425491,2725560,293,,single
1790425492,2582140,227,,single
1790425494,990380,70,,single
1790425495,3300800,50,,single
1790425496,2697000,134,,single
1790425498,1380070,54,,single
1790425499,2626910,3,,single
1790425501,2523770,215,,single
1790425502,2126190,17,,single
1790425503,4286550,76,,single
1790425505,2529790,52,,single
1790425506,4450620,698,,single
1790425507,3029750,76,,single
1790425509,3100310,113,,single
1790425511,3285500,94,,single
1790425512,2782500,395,,single
1790425514,2553870,68,,single
1790425516,3372060,43,,single
1790425517,1342490,90,,single
1790425519,3734680,4,,single
1790425520,2070270,30,,single
1790425521,1116050,50,,single
1790425523,2209900,505,,single
1790425525,866570,26,,single
1790425528,1929290,33,,single
1790425529,3451980,798,,single
1790425531,2681030,224,,single
1790425532,3195440,1998,,single
1790425533,2377930,476,,single
1790425535,2695570,9,,single
1790425536,3214880,11,,single
1790425538,2569510,678,,single
1790425539,3100370,80,,single
1790425540,3133060,25,,single
1790425542,4297840,94,,single
1790425543,3174480,44,,single
1790425545,3741860,12,,single
1790425546,3446680,2,,single
1790425547,3127280,461,,single
1790425549,2893570,522,,single
1790425550,2989820,233,,single
1790425552,3419290,33,,single
1790425553,3313720,39,,single
1790425555,3115010,37,,single
1790425556,3587140,627,,single
1790425557,3972320,27,,single
1790425559,3483510,256,,single
1790425560,3942480,26,,single
1790425562,2195910,3,,single
1790425563,3098140,65,,single
1790425564,3599690,3,,single
1790425566,4073860,185,,single
1790425567,2831340,6,,single
1790425569,1526900,25,,single
1790425570,2870920,89,,single
1790425572,2698420,94,,single
1790425573,3017450,152,,single
1790425575,2302540,29,,single
1790425576,2698470,44,,single
1790425578,4395300,44,,single
1790425580,3669870,28421,,single
1790425581,3509230,44,,single
1790425582,3569500,664,,single
1790425584,3125250,16,,single
1790425585,4125930,825,,single
1790425587,4111370,320,,single
1790425588,1866130,32,,single
1790425590,3570070,44,,single
1790425591,2876550,9,,single
1790425593,3221770,45,,single
1790425594,2225960,18,,single
1790425596,2543830,309,,single
1790425597,2917040,8,,single
1790425598,3363270,404,,single
1790425600,2208350,10,,single
1790425601,4992070,517,,single
1790425603,2545710,24,,single
1790425604,3559510,15,,single
1790425606,3186040,36,,single
1790425607,4627110,324,,single
1790425608,2887580,5603,,single
1790425610,2713690,277,,single
1790425611,2245620,8,,single
1790425613,3446920,319,,single
1790425614,3849000,83,,single
1790425616,4005300,5,,single
1790425617,3682050,57,,single
1790425618,1198970,7,,single
1790425620,3690010,4,,single
1790425621,2881610,8,,single
1790425623,2756830,6,,single
1790425624,4855450,40,,single
1790425626,2755480,148,,single
1790425627,3749320,24,,single
1790425628,3817250,26,,single
1790425630,2435090,12,,single
1790425631,1869290,19,,single
1790425633,3494520,22,,single
1790425634,3114900,18,,single
1790425635,2144600,119,,single
1790425637,1858650,56,,single
1790425638,3674270,3,,single
1790425640,2308690,47,,single
1790425641,3410180,47,,single
1790425643,3794610,66,,single
1790425644,3298940,29,,single
1790425645,2767530,32,,single
1790425647,2487150,75,,single
1790425648,2738630,74,,single
1790425650,4891320,37239,,single
1790425651,2936290,85,,single
1790425653,4513480,100,,single
1790425654,3555430,89,,single
1790425656,3393620,14,,single
1790425657,2416100,1,,single
1790425659,4369130,343,,single
1790425660,4005560,32,,single
1790425662,3361510,104,,single
1790425663,2255370,19,,single
1790425665,4081840,4,,single
1790425666,3576350,266,,single
1790425668,1554260,12,,single
1790425669,3793580,1,,single
1790425671,4286120,30,,single
1790425672,3707400,246,,single
1790425673,2897580,1953,,single
1790425675,4075620,353,,single
1790425676,2772820,8,,single
1790425678,3242750,43,,single
1790425679,4262310,16,,single
1790425681,2904320,1,,single
1790425682,2778430,15,,single
1790425684,2823860,6,,single
1790425685,2229880,177,,single
1790425686,3421300,6,,single
1790425688,3135530,71,,single
1790425689,2294730,52,,single
1790425691,3091140,54,,single
1790425692,3858650,17,,single
1790425694,2706020,289,,single
1790425695,1369700,158,,single
1790425696,3618850,48,,single
1790425698,3850560,14,,single
1790425699,2933990,2,,single
1790425701,3124340,192,,single
1790425702,1804470,3,,single
1790425704,1826420,327,,single
1790425705,2460070,23,,single
1790425706,4479970,9,,single
1790425708,3498270,258,,single
1790425709,3935020,64,,single
1790425711,3017120,2,,single
1790425712,3418570,104,,single
1790425713,4309030,10,,single
1790425715,3010230,80,,single
1790425716,3393070,310,,single
1790425718,1059220,1,,single
1790425719,1729740,2,,single
1790425721,3017330,17,,single
1790425722,2569670,208,,single
1790425724,1621540,19,,single
1790425725,3454980,10,,single
1790425726,2327720,99,,single
1790425728,2658510,62,,single
1790425729,3809900,77,,single
1790425731,3226450,38,,single
1790425732,3683770,900,,single
1790425734,3655150,12,,single
1790425735,1943730,125,,single
1790425736,3649580,32,,single
1790425738,3480990,50,,single
1790425739,3668560,60,,single
1790425741,2776090,14,,single
1790425742,4243990,1251,,single
1790425744,4560660,1065,,single
1790425745,1315180,27,,single
1790425747,3484300,4,,single
1790425748,3861430,2386,,single
1790425749,2827560,2,,single
1790425751,2754090,4,,single
1790425752,3946810,13,,single
1790425754,3343160,4,,single
1790425755,4197890,4,,single
1790425756,2346840,2,,single
1790425758,3738950,588,,single
1790425759,3534790,11,,single
1790425761,2843190,7,,single
1790425762,2810730,5,,single
1790425763,3717340,260,,single
1790425765,3380760,52,,single
1790425766,3338950,61,,single
1790425768,2814910,17,,single
1790425769,4172530,207,,single
1790425771,3093400,25,,single
1790425772,3723470,5,,single
1790425773,1488310,7,,single
1790425775,2181940,414,,single
1790425776,3730790,5,,single
1790425778,4512570,106,,single
1790425779,3371770,42,,single
1790425781,3664820,42,,single
1790425782,4517460,228,,single
1790425784,2364580,27,,single
1790425785,3659410,323,,single
1790425786,4212480,5623,,single
1790425788,2413950,7,,single
1790425789,3760180,6,,single
1790425791,1783110,7,,single
1790425792,2806640,51,,single
1790425793,1812860,36,,single
1790425795,3208560,13,,single
1790425796,3199360,31,,single
1790425798,3612850,2,,single
1790425799,1758950,63,,single
1790425801,3430340,95,,single
1790425802,4198660,58,,single
1790425804,1313290,22,,single
1790425805,2359120,1,,single
1790425806,2428440,16,,single
1790425808,3062380,33,,single
1790425809,3417410,18,,single
1790425811,2730810,27,,single
1790425812,3521410,27,,single
1790425814,3069470,372,,single
1790425816,2288350,66,,single
1790425818,3119540,21,,single
1790425819,2448020,19,,single
1790425821,2269950,21,,single
1790425822,2535950,31,,single
1790425825,1571200,74,,single
1790425826,3043580,1,,single
1790425828,4028600,11,,single
1790425829,3253830,4,,single
1790425830,3772960,14,,single
1790425832,2708280,3,,single
1790425833,4119420,1566,,single
1790425835,4161480,3,,single
1790425836,2319790,10,,single
1790425838,3051280,122,,single
1790425839,2533600,8,,single
1790425841,2558700,0,,single
1790425842,3904850,209,,single
1790425844,3067890,19,,single
1790425845,2492660,1234,,single
1790425847,2159270,20,,single
1790425848,3586660,17,,single
1790425849,2723430,40,,single
1790425851,3947480,5,,single
1790425852,2725090,19,,single
1790425854,3319120,10,,single
1790425855,4173110,1,,single
1790425856,4141950,23,,single
1790425858,2819520,711,,single
1790425860,1900250,5,,single
1790425862,2064610,14,,single
1790425863,2926900,28,,single
1790425865,3011360,43,,single
1790425866,3652650,2,,single
1790425867,3720460,21,,single
1790425869,1674200,216,,single
1790425871,2687160,3,,single
1790425872,4000090,11,,single
1790425873,2458980,14,,single
1790425875,2213700,57,,single
1790425876,3081840,4,,single
1790425878,2980270,95,,single
1790425879,4249130,15,,single
1790425881,3332600,47,,single
1790425882,3837350,100,,single
1790425884,2711350,1,,single
1790425885,3579050,7,,single
1790425886,3916620,51,,single
1790425888,4935510,245,,single
1790425889,4699920,8,,single
1790425890,1970030,41,,single
1790425892,2325920,7,,single
1790425893,1670780,5,,single
1790425895,3418990,8,,single
1790425896,3950130,90,,single
1790425898,3133650,16,,single
1790425899,2535680,8,,single
1790425901,3189340,52,,single
1790425902,2124930,0,,single
1790425903,3445340,30,,single
1790425905,2866670,8,,single
1790425906,2105620,13,,single
1790425908,3655390,7,,single
1790425909,2997230,34,,single
1790425911,2988620,3,,single
1790425912,2095420,40,,single
1790425914,3818000,8,,single
1790425915,3489420,2,,single
1790425916,2010030,7,,single
1790425918,3879660,140,,single
1790425919,3373500,315,,single
1790425921,1200770,2,,single
1790425922,3047750,5,,single
1790425924,2697940,79,,single
1790425925,3940610,1102,,single
1790425927,3415230,11,,single
1790425928,3929200,53,,single
1790425930,3531260,5,,single
1790425931,4020490,10,,single
1790425932,3063520,17,,single
1790425934,3389200,16,,single
1790425935,3012420,9,,single
1790425937,3710840,317,,single
1790425938,3799100,12,,single
1790425939,4258390,0,,single
1790425941,3743790,36,,single
1790425942,4833450,14,,single
1790425944,3684710,11,,single
1790425945,3887700,126,,single
1790425946,2786550,95,,single
1790425948,2473350,44,,single
1790425949,3751890,5,,single
1790425951,2752180,7,,single
1790425952,3183350,147,,single
1790425954,3604780,23,,single
1790425955,1869780,49,,single
1790425957,2438990,206,,single
1790425958,3288210,3,,single
1790425960,3523750,104,,single
1790425961,2560240,75,,single
1790425962,3417120,38,,single
1790425964,3872710,17,,single
1790425965,2779120,55,,single
1790425967,2347080,193,,single
1790425968,3237920,10,,single
1790425969,2862860,70,,single
1790425971,1581950,14,,single
1790425972,2833580,167,,single
1790425974,3949550,46,,single
1790425975,3071240,15,,single
1790425977,3642370,0,,single
1790425978,3764940,59,,single
1790425979,1454370,7,,single
1790425981,3211690,7,,single
1790425982,4259190,14394,,single
1790425984,2524930,10,,single
1790425985,2343900,21,,single
1790425986,2576150,28,,single
1790425988,3442220,3,,single
1790425989,1726530,7,,single
1790425991,2073030,10,,single
1790425992,2756930,10,,single
1790425993,4242290,70,,single
1790425995,3369070,18,,single
1790425996,2124100,0,,single
1790425998,3060250,8,,single
1790425999,2564520,36,,single
1790426001,4892010,1802,,single
1790426002,3047030,91,,single
1790426003,1843540,14,,single
1790426005,2825180,1,,single
1790426006,3707780,10,,single
1790426008,2861150,1,,single
1790426009,2896380,15,,single
1790426010,3502270,77,,single
1790426012,1975280,12,,single
1790426013,3841970,66,,single
1790426015,3353830,102,,single
1790426016,4169820,19,,single
1790426017,2943740,53,,single
1790426019,3003460,63,,single
1790426020,3929470,230,,single
1790426022,3187010,14,,single
1790426023,1346840,0,,single
1790426024,3333250,3,,single
1790426026,3424610,442,,single
1790426027,2897610,14,,single
1790426029,4197990,83,,single
1790426030,2572040,330,,single
1790426032,3069050,106,,single
1790426033,3659020,63,,single
1790426034,2331280,11,,single
1790426036,3336520,9,,single
1790426037,1605250,20,,single
1790426039,3687810,684,,single
1790426040,4175080,16,,single
1790426042,3271000,499,,single
1790426043,1497460,1,,single
1790426044,3840230,70,,single
1790426046,3936730,20,,single
1790426047,2933200,16,,single
1790426049,2964090,314,,single
1790426050,3660220,20,,single
1790426052,1340140,72,,single
1790426053,2178930,15,,single
1790426054,4059360,1,,single
1790426056,2624670,29,,single
1790426057,2756820,1,,single
1790426059,3953520,816,,single
1790426060,3604510,6,,single
1790426062,2492120,3,,single
1790426063,3894170,9,,single
1790426065,1033030,115,,single
1790426066,2947280,44,,single
1790426067,3560670,1054,,single
1790426069,2797960,3,,single
1790426070,2461440,3,,single
1790426072,3316940,108,,single
1790426073,3077570,4,,single
1790426074,3401490,6,,single
1790426076,3604430,5,,single
1790426077,4157130,6,,single
1790426079,1869500,2,,single
1790426080,2389170,34,,single
1790426082,2639810,2,,single
1790426083,2012320,42,,single
1790426084,2453660,55,,single
1790426086,2901550,20,,single
1790426087,2240150,5,,single
1790426089,3220170,2,,single
1790426090,3737620,5,,single
1790426092,1978720,1,,single
1790426093,3657210,5,,single
1790426095,2324290,8,,single
1790426096,4134650,187,,single
1790426097,3549020,209,,single
1790426099,2393760,2,,single
1790426100,2651410,14,,single
1790426102,3919190,6,,single
1790426103,2459750,2,,single
1790426105,3829620,6,,single
1790426106,3306030,6,,single
1790426108,2534120,12,,single
1790426109,3122460,610,,single
1790426110,3074340,13,,single
1790426112,4364730,1904,,single
1790426114,2194730,9,,single
1790426115,3450390,10,,single
1790426117,2942780,432,,single
1790426118,2915380,10,,single
1790426120,2672430,9,,single
1790426121,1848440,28,,single
1790426123,4082750,52,,single
1790426124,1619310,16,,single
1790426125,3104970,17,,single
1790426127,3330500,70,,single
1790426129,4172690,111,,single
1790426130,3030210,1,,single
1790426132,3391450,12,,single
1790426133,3500390,61,,single
1790426134,3089150,1,,single
1790426136,4009730,4,,single
1790426137,4103530,25,,single
1790426139,3869850,18,,single
1790426140,3324610,31,,single
1790426142,3044350,18,,single
1790426143,2393920,2,,single
1790426145,3604800,2,,single
1790426146,3593780,11,,single
1790426148,2983250,32,,single
1790426149,2808550,266,,single
1790426150,3947460,791,,single
1790426152,2600150,6,,single
1790426153,2912430,6,,single
1790426155,1916890,2,,single
1790426156,1657740,4,,single
1790426158,2482190,14,,single
1790426159,3680510,4,,single
1790426160,3751730,3,,single
1790426162,2350270,6,,single
1790426163,4103710,87,,single
1790426164,3194070,12,,single
1790426166,2236060,29,,single
1790426167,3241760,19,,single
1790426169,4018020,591,,single
1790426170,3732960,22,,single
1790426171,2081880,2857,,single
1790426173,2701800,0,,single
1790426174,1253220,9,,single
1790426176,3072120,30,,single
1790426177,3116700,110,,single
1790426178,3296790,11,,single
1790426180,3141310,3,,single
1790426181,4952980,2780,,single
1790426183,4249850,35,,single
1790426184,2756380,18,,single
1790426186,2842150,3,,single
1790426187,3929740,10,,single
1790426189,2090810,23,,single
1790426190,3604030,13,,single
1790426191,1950450,7,,single
1790426193,3930300,1,,single
1790426194,3481020,194,,single
1790426196,4221310,18,,single
1790426197,3904990,6,,single
1790426199,4496710,482,,single
1790426200,2731330,6,,single
1790426201,2776900,308,,single
1790426203,3449040,8,,single
1790426204,1482770,6,,single
1790426206,2977260,772,,single
1790426207,4030290,2,,single
1790426208,3124230,3,,single
1790426210,3166810,17,,single
1790426211,4753760,444,,single
1790426213,2735580,6,,single
1790426214,2721340,9,,single
1790426216,4312850,9,,single
1790426217,4450350,2,,single
1790426218,2871390,50,,single
1790426220,4042800,189,,single
1790426221,2468550,21,,single
1790426223,1765300,13,,single
1790426224,951770,12,,single
1790426226,3129930,3,,single
1790426227,3575980,188,,single
1790426229,3498390,15,,single
1790426230,903930,20,,single
1790426231,2646720,21,,single
1790426233,3355100,3,,single
1790426234,3956320,19,,single
1790426236,2005870,3,,single
1790426237,3850870,4,,single
1790426239,3315060,34,,single
1790426240,3148060,6,,single
1790426241,3667390,39,,single
1790426243,4369490,40,,single
1790426244,1670690,1,,single
1790426246,3219410,2,,single
1790426247,3934250,1812,,single
1790426248,4934370,119,,single
1790426250,3330210,60,,single
1790426251,5053820,1160,,single
1790426252,4562150,17,,single
1790426254,3390880,7,,single
1790426255,1833200,4,,single
1790426256,3972650,73,,single
1790426258,2516940,7,,single
1790426260,3091340,6,,single
1790426261,2397320,399,,single
1790426263,4486870,41,,single
1790426264,3839850,220,,single
1790426265,3001970,52,,single
1790426267,3325500,88,,single
1790426268,3673150,79,,single
1790426270,2212790,6,,single
1790426271,4144680,100,,single
1790426273,2917030,67,,single
1790426274,4104440,256,,single
1790426276,2802820,4,,single
1790426277,3966480,38,,single
1790426278,1771700,3,,single
1790426280,2815070,123,,single
1790426281,3181790,8,,single
1790426283,1076750,2,,single
1790426284,3905450,147,,single
1790426285,3573070,35,,single
1790426287,2939790,27,,single
1790426289,4078110,28,,single
1790426290,3135200,60,,single
1790426291,3224840,21,,single
1790426293,1148130,15,,single
1790426294,3900120,4,,single
1790426296,3684500,137,,single
1790426297,1721960,0,,single
1790426298,2395770,21,,single
1790426300,4174310,34,,single
1790426301,2631580,1,,single
1790426303,2652600,7,,single
1790426304,4083190,5,,single
1790426306,3817240,0,,single
1790426307,4258770,3,,single
1790426309,3642750,158,,single
1790426310,2480200,2,,single
1790426311,4148530,87,,single
1790426313,3510740,422,,single
1790426314,4224800,21,,single
1790426316,3584920,16,,single
1790426317,2091020,31,,single
1790426318,2497930,10,,single
1790426320,2824380,40,,single
1790426321,3715730,17,,single
1790426323,4108460,16,,single
1790426324,2678080,18,,single
1790426326,4150860,471,,single
1790426327,2867460,11,,single
1790426329,3649730,65,,single
1790426330,2851820,0,,single
1790426331,4298500,73,,single
1790426333,3380950,3,,single
1790426334,3236710,32,,single
1790426335,2535440,0,,single
1790426337,2838510,1,,single
1790426338,4224240,150,,single
1790426340,4047270,709,,single
1790426341,3856280,40,,single
1790426342,2502650,16,,single
1790426344,4327380,4,,single
1790426345,2311990,3,,single
1790426347,1640820,17,,single
1790426348,2469970,20,,single
1790426349,2467850,3,,single
1790426351,2769240,8,,single
1790426352,3363560,6,,single
1790426353,4182480,22,,single
1790426355,3047370,16,,single
1790426356,3365170,18,,single
1790426358,3057670,12,,single
1790426359,4038990,117,,single
1790426360,2445840,29,,single
1790426362,2644050,6,,single
1790426363,3351430,3,,single
1790426365,2447060,6,,single
1790426366,3995110,8,,single
1790426368,4489770,4,,single
1790426369,2635750,2,,single
1790426371,3209970,28,,single
1790426372,2686900,3,,single
1790426374,1471650,3,,single
1790426375,3453910,144,,single
1790426376,3443820,64,,single
1790426378,2517220,3,,single
1790426380,3372530,2,,single
1790426381,2511310,269,,single
1790426382,2918090,4,,single
1790426384,4474950,33,,single
1790426385,3298460,0,,single
1790426386,842980,1349,,single
1790426388,1961600,8,,single
1790426389,2396910,113,,single
1790426391,3256150,31,,single
1790426392,4021870,9,,single
1790426394,1997410,3,,single
1790426395,4045190,6,,single
1790426396,2983660,1,,single
1790426398,2872930,2,,single
1790426399,3294890,0,,single
1790426400,3432270,10,,single
1790426402,3538880,0,,single
1790426403,4045750,862,,single
1790426405,2832280,2,,single
1790426406,3524750,23,,single
1790426407,4209010,2,,single
1790426409,3058360,491,,single
1790426410,3288300,1,,single
1790426412,2925320,1,,single
1790426414,3762660,258,,single
1790426416,2591150,6,,single
1790426417,3211850,32,,single
1790426418,3575790,30,,single
1790426420,2647300,3,,single
1790426421,1660960,5,,single
1790426423,4252290,19,,single
1790426425,2431080,47,,single
1790426427,3699590,1760,,single
1790426428,2404390,5,,single
1790426430,2889660,8,,single
1790426431,3070500,93,,single
1790426433,4141770,185,,single
1790426434,2591910,1,,single
1790426435,2739620,6,,single
1790426437,3491570,3,,single
1790426438,1341210,1,,single
1790426440,3686930,48,,single
1790426441,3039910,9,,single
1790426443,4246860,34,,single
1790426445,2287550,98,,single
1790426446,2420350,1,,single
1790426447,2983510,3,,single
1790426449,3815750,3,,single
1790426450,4311000,7,,single
1790426452,1221480,5,,single
1790426453,2786450,0,,single
1790426455,3634590,20,,single
1790426456,3234720,5,,single
1790426458,3874950,448,,single
1790426459,2295520,24,,single
1790426460,2909580,136,,single
1790426462,1330560,4,,single
1790426463,3909220,0,,single
1790426465,4148670,3,,single
1790426466,2342920,4,,single
1790426467,3851570,2,,single
1790426469,4584110,615,,single
1790426470,1583520,6,,single
1790426472,2510810,13,,single
1790426473,2701210,3,,single
1790426474,3196540,15,,single
1790426476,1981560,76,,single
1790426478,3411510,1,,single
1790426479,2302320,2,,single
1790426480,3324650,11,,single
1790426482,2229830,24,,single
1790426483,3532360,2,,single
1790426484,3802470,20,,single
1790426486,4158400,4,,single
1790426487,2244030,0,,single
1790426489,3238580,4,,single
1790426490,2903710,4,,single
1790426491,3748640,1,,single
1790426493,2281940,0,,single
1790426494,2564910,14,,single
1790426496,3977290,0,,single
1790426497,2821890,20,,single
1790426498,3933120,9,,single
1790426500,4240090,9,,single
1790426501,3055230,0,,single
1790426503,3987800,13,,single
1790426504,4689440,90,,single
1790426506,3872000,22,,single
1790426507,2154070,2,,single
1790426508,2760790,13,,single
1790426510,3266090,22,,single
1790426511,3500680,16,,single
1790426512,3096270,1,,single
1790426514,2447980,18,,single
1790426515,4276980,5,,single
1790426517,2419800,23,,single
1790426518,4094670,17,,single
1790426520,3561740,2,,single
1790426521,4668890,163,,single
1790426522,2580130,9,,single
1790426524,3333700,1,,single
1790426525,4191350,38,,single
1790426527,1509970,15,,single
1790426528,3042650,237,,single
1790426529,2512190,3,,single
1790426531,4305480,11,,single
1790426532,3345950,4,,single
1790426534,2983410,3,,single
1790426535,3200290,19,,single
1790426537,3639010,18,,single
1790426538,2312280,1,,single
1790426539,3844750,1,,single
1790426541,2732980,96,,single
1790426542,2371890,4,,single
1790426543,2549240,1,,single
1790426545,3504700,136,,single
1790426546,2398490,4,,single
1790426548,1670830,1,,single
1790426549,2887780,10,,single
1790426550,3122920,8,,single
1790426552,3155290,13,,single
1790426553,3744080,11,,single
1790426555,4216670,814,,single
1790426556,1812910,9,,single
1790426557,3226210,6,,single
1790426559,1330360,9,,single
1790426560,2771910,10,,single
1790426562,3607440,25,,single
1790426563,4187140,78,,single
1790426565,3048420,1,,single
1790426566,4560490,20,,single
1790426567,2540630,78,,single
1790426569,3734290,24,,single
1790426570,2229840,107,,single
1790426572,4090260,578,,single
1790426573,4211860,218,,single
1790426574,1344990,5,,single
1790426576,4039140,106,,single
1790426577,2655960,6,,single
1790426579,3140120,8,,single
1790426580,2525510,3,,single
1790426581,4149700,8,,single
1790426583,2442410,0,,single
1790426584,3505770,9,,single
1790426586,3491280,37,,single
1790426587,3151760,0,,single
1790426588,4164900,123,,single
1790426590,2899680,0,,single
1790426591,3474800,148,,single
1790426592,4261320,108,,single
1790426594,4403260,28,,single
1790426595,2154270,15,,single
1790426597,2774040,50,,single
1790426598,2776860,24,,single
1790426599,3633750,70,,single
1790426601,3852460,4,,single
1790426602,1626170,7,,single
1790426604,3198120,0,,single
1790426605,3543350,13,,single
1790426606,4734530,56,,single
1790426608,3426920,2,,single
1790426609,3877070,21,,single
1790426610,2918550,2,,single
1790426612,3624370,56,,single
1790426613,3519530,2,,single
1790426615,3437170,17,,single
1790426616,2957720,3,,single
1790426618,4532550,2,,single
1790426619,3008340,2,,single
1790426620,3278310,0,,single
1790426622,2423760,4,,single
1790426623,3684820,17,,single
1790426625,3447070,37,,single
1790426626,3948580,6,,single
1790426627,3264850,21,,single
1790426629,4011110,54,,single
1790426630,2084970,261,,single
1790426632,3579100,17,,single
1790426633,3690490,26,,single
1790426634,4098230,32,,single
1790426636,3966510,69,,single
1790426637,1803140,5,,single
1790426639,3044550,0,,single
1790426640,3470610,6,,single
1790426641,4645360,0,,single
1790426643,3030190,11,,single
1790426644,4134600,27,,single
1790426646,3633450,2,,single
1790426647,3126500,121,,single
1790426649,3608510,1,,single
1790426650,3985030,20,,single
1790426651,4685070,9,,single
1790426653,3597200,182,,single
1790426654,2000120,3,,single
1790426655,3543890,3,,single
1790426657,3762790,36,,single
1790426658,2953520,32,,single
1790426660,3820130,39,,single
1790426661,4070920,1,,single
1790426663,2886620,9,,single
1790426664,2076290,28,,single
1790426665,2540230,18,,single
1790426667,2249600,21,,single
1790426668,5097840,37,,single
1790426670,2570850,24,,single
1790426671,4678800,1264,,single
1790426672,3019850,7,,single
1790426674,3296830,16,,single
1790426675,3809110,33,,single
1790426676,2376170,104,,single
1790426678,3043940,3,,single
1790426679,1594040,1,,single
1790426681,3997360,24,,single
1790426682,3135930,11,,single
1790426684,4661910,192,,single
1790426685,3886870,8,,single
1790426687,3371480,0,,single
1790426688,3713000,24,,single
1790426689,2782830,0,,single
1790426691,3050630,78,,single
1790426692,4680930,6,,single
1790426693,3702540,289,,single
1790426695,3001560,1,,single
1790426696,3456800,6,,single
1790426698,3777060,141,,single
1790426699,2479090,19,,single
1790426700,2218930,15,,single
1790426702,3088070,20,,single
1790426703,3733510,51,,single
1790426705,3947040,11,,single
1790426706,2963540,23,,single
1790426707,3686580,11,,single
1790426709,3265230,28,,single
1790426710,2172910,135,,single
1790426712,3898860,2,,single
1790426713,1648360,2,,single
1790426714,3963070,0,,single
1790426716,3058890,0,,single
1790426717,3169520,5,,single
1790426718,4321720,46,,single
1790426720,4676750,89,,single
1790426722,2800080,4,,single
1790426723,3580340,6,,single
1790426726,4321500,10,,single
1790426727,2289630,8,,single
1790426729,4507620,35,,single
1790426730,2215910,2,,single
1790426732,2944760,1,,single
1790426733,1997440,6,,single
1790426734,2828820,3,,single
1790426736,3298170,1,,single
1790426737,1553260,4,,single
1790426739,2937310,92,,single
1790426740,4179020,7,,single
1790426742,3324580,12,,single
1790426743,3759910,8,,single
1790426744,3821790,24,,single
1790426746,3211490,5,,single
1790426747,4045370,47,,single
1790426749,2789410,17,,single
1790426750,3411730,22,,single
1790426752,4117730,3,,single
1790426753,4317790,34,,single
1790426754,1307960,2,,single
1790426756,2745710,0,,single
1790426757,3180340,59,,single
1790426759,3612130,17,,single
1790426760,4216180,11,,single
1790426762,2738670,2,,single
1790426763,2962420,0,,single
1790426764,3954990,1,,single
1790426766,3106530,37,,single
1790426767,3609320,0,,single
1790426769,1094600,5,,single
1790426770,1719310,1,,single
1790426771,4252960,15,,single
1790426773,2591310,53,,single
1790426774,3754990,174,,single
1790426776,4461640,6,,single
1790426777,2439560,5,,single
1790426778,2066520,5,,single
1790426780,2859100,44,,single
1790426781,3745310,8,,single
1790426782,1330190,4,,single
1790426784,3938640,73,,single
1790426785,4074010,32,,single
1790426786,1925650,13,,single
1790426788,3639380,9,,single
1790426789,3140180,25,,single
1790426791,3700760,137,,single
1790426792,2942950,23,,single
1790426793,3830210,0,,single
1790426795,2259330,1,,single
1790426796,3399900,17,,single
1790426798,3508770,17,,single
1790426799,1929230,9,,single
1790426800,3112290,4,,single
1790426802,3765590,11,,single
1790426803,2492780,1,,single
1790426805,2939600,13,,single
1790426806,3505270,4,,single
1790426808,4132890,53,,single
1790426809,2174380,5,,single
1790426810,3385370,3,,single
1790426812,2759280,3,,single
1790426813,3405160,6,,single
1790426815,3760230,131,,single
1790426816,4226370,137,,single
1790426818,2485860,5,,single
1790426819,2499040,4,,single
1790426821,2806120,11,,single
1790426822,3384890,0,,single
1790426823,3756260,0,,single
1790426825,1918480,5,,single
1790426826,2334130,2,,single
1790426828,3380520,4,,single
1790426829,4083770,8,,single
1790426830,2736840,0,,single
1790426832,2521400,5,,single
1790426833,3852250,386,,single
1790426835,3571750,7,,single
1790426836,3021540,44,,single
1790426837,3602030,2,,single
1790426839,4120790,28,,single
1790426840,1966410,5,,single
1790426842,3110490,17,,single
1790426843,3568460,49,,single
1790426844,1714510,4,,single
1790426846,2757820,5,,single
1790426847,3709790,7,,single
1790426849,3928990,55,,single
1790426851,2353700,2,,single
1790426852,2790700,62,,single
1790426854,3123060,114,,single
1790426855,3738830,4,,single
1790426856,4071040,32,,single
1790426858,2351660,7,,single
1790426859,4563880,0,,single
1790426861,2589670,9,,single
1790426862,5028390,78,,single
1790426864,2685500,1,,single
1790426865,3201070,4,,single
1790426867,4377370,32,,single
1790426868,1528260,0,,single
1790426870,2890150,14,,single
1790426871,3253710,0,,single
1790426872,2074620,3,,single
1790426874,2783360,687,,single
1790426875,3159120,2,,single
1790426877,3410630,7,,single
1790426878,5084260,46,,single
1790426879,3435600,3,,single
1790426881,3940340,7,,single
1790426882,2071300,0,,single
1790426884,2427450,0,,single
1790426885,3632890,2,,single
1790426887,868160,193,,single
1790426888,3642660,2,,single
1790426890,4707200,2,,single
1790426891,2639460,0,,single
1790426893,4929970,14,,single
1790426894,2778850,0,,single
1790426895,3478920,2,,single
1790426897,2197740,1,,single
1790426898,2943670,3,,single
1790426900,3093590,9,,single
1790426901,4573090,242,,single
1790426903,1733110,2,,single
1790426904,3464970,8,,single
1790426905,3089450,1,,single
1790426907,3761880,10,,single
1790426908,4335460,7,,single
1790426910,4335620,2682,,single
1790426911,4268470,32,,single
1790426912,4914610,9,,single
1790426914,2840000,4,,single
1790426915,3528280,1,,single
1790426917,3995190,24,,single
1790426918,2191280,3,,single
1790426920,3308200,0,,single
1790426921,3552310,715,,single
1790426922,4005090,22,,single
1790426924,3186680,0,,single
1790426925,1839060,24,,single
1790426927,3718550,5,,single
1790426928,3316350,2,,single
1790426929,3597020,8,,single
1790426931,2398520,2,,single
1790426932,3027600,3,,single
1790426933,3209750,18,,single
1790426935,3989810,10,,single
1790426936,2593340,118,,single
1790426938,3809910,1,,single
1790426939,3002570,2,,single
1790426940,3675470,12,,single
1790426942,2819470,36,,single
1790426943,3640200,214,,single
1790426945,3882310,41,,single
1790426946,3966890,9,,single
1790426947,1859430,1,,single
1790426949,4204590,4,,single
1790426950,4962010,69,,single
1790426952,2727660,0,,single
1790426954,3332060,2,,single
1790426955,3642180,35,,single
1790426957,2937910,5,,single
1790426958,3148160,11,,single
1790426959,3415570,4,,single
1790426961,3561030,13,,single
1790426962,1965270,8,,single
1790426964,3172450,14,,single
1790426965,2168080,1,,single
1790426967,2212910,4,,single
1790426968,3491690,85,,single
1790426970,3626760,3,,single
1790426971,1108270,147,,single
1790426972,3085640,4,,single
1790426974,3396400,6,,single
1790426975,4250510,104,,single
1790426977,2632240,7,,single
1790426978,2383130,20,,single
1790426979,2702260,6,,single
1790426981,2990600,1,,single
1790426982,3199870,5,,single
1790426984,3499220,1,,single
1790426985,2370310,4,,single
1790426986,2776630,9,,single
1790426988,3208930,297,,single
1790426989,3451440,4,,single
1790426991,1304280,5,,single
1790426992,3620940,2,,single
1790426993,4190240,142,,single
1790426995,4542660,0,,single
1790426997,3629080,5,,single
1790426998,4332910,10,,single
1790427000,1921490,5,,single
1790427001,2322380,4,,single
1790427002,2738430,0,,single
1790427004,3567620,9,,single
1790427005,3912310,0,,single
1790427007,2760560,5,,single
1790427008,2203210,0,,single
1790427010,3362960,40,,single
1790427011,3703520,222,,single
1790427013,2496640,0,,single
1790427014,3349800,0,,single
1790427015,3371510,4,,single
1790427017,1841360,3,,single
1790427018,3232610,6,,single
1790427020,4032770,10,,single
1790427021,4175440,9,,single
1790427023,2652500,6,,single
1790427024,2943420,11,,single
1790427027,4651030,2,,single
1790427028,3017730,18,,single
1790427030,3708070,10,,single
1790427031,3971470,0,,single
1790427033,2265990,2,,single
1790427034,3211430,37,,single
1790427035,3724490,2,,single
1790427037,2086050,2,,single
1790427039,3560370,0,,single
1790427040,3857590,2,,single
1790427042,4228690,3,,single
1790427044,4774170,28,,single
1790427045,2651420,5,,single
1790427046,2834700,96,,single
1790427048,2980900,5,,single
1790427049,3772080,2,,single
1790427051,4308110,5,,single
1790427052,3112170,5,,single
1790427054,4310440,325,,single
1790427055,4453290,190,,single
1790427056,4787190,2,,single
1790427058,3088700,125,,single
1790427059,1156360,4,,single
1790427061,2782400,1,,single
1790427062,3861120,5,,single
1790427064,2678070,12,,single
1790427065,3699970,1,,single
1790427067,2184770,0,,single
1790427068,3636930,233,,single
1790427070,4341260,59,,single
1790427071,4491360,16,,single
1790427072,2784980,1,,single
1790427074,3951430,7,,single
1790427075,5120650,487,,single
1790427077,1775960,0,,single
1790427078,3273480,0,,single
1790427079,1793440,21,,single
1790427081,2092840,11,,single
1790427082,3196500,4,,single
1790427084,3426430,6,,single
1790427085,3137350,15,,single
1790427087,4530240,4,,single
1790427088,2902070,0,,single
1790427089,3217970,2,,single
1790427091,3640430,9,,single
1790427092,3845450,24,,single
1790427094,2441170,6,,single
1790427095,3814340,19,,single
1790427097,2591380,3,,single
1790427098,3207400,1,,single
1790427100,1446900,176,,single
1790427101,2952690,12,,single
1790427103,3639780,0,,single
