ts,appid,concurrent,peak_in_game,src
1790291415,3376990,11,,single
1790291417,2179170,0,,single
1790291418,1307580,47,,single
1790291420,1129190,105,,single
1790291422,1969080,8,,single
1790291423,1864950,18,,single
1790291425,1717770,2,,single
1790291426,2840190,2,,single
1790291428,3373660,467,,single
1790291429,2714620,1,,single
1790291431,620,1175,,single
1790291432,1118200,1483,,single
1790291433,400,372,,single
1790291435,3164500,10805,,single
1790291436,1145360,2003,,single
1790291437,374320,3002,,single
1790291439,2246340,17942,,single
1790291440,220,1115,,single
1790291442,3830,48,,single
1790291443,31270,2,,single
1790291444,200010,1,,single
1790291446,204030,37,,single
1790291447,208200,39,,single
1790291449,211420,124,,single
1790291450,219680,0,,single
1790291451,226740,0,,single
1790291453,236430,166,,single
1790291454,238960,5341,,single
1790291456,250600,0,,single
1790291457,261530,2,,single
1790291458,265210,5,,single
1790291460,274270,1,,single
1790291461,282140,75,,single
1790291463,303610,4,,single
1790291464,315810,8,,single
1790291465,323470,151,,single
1790291467,331870,3,,single
1790291468,335300,3576,,single
1790291470,339190,8,,single
1790291471,351970,13,,single
1790291473,359510,12,,single
1790291474,367500,460,,single
1790291476,377330,0,,single
1790291477,385240,0,,single
1790291478,399810,26,,single
1790291480,418030,515,,single
1790291481,430960,1,,single
1790291483,467380,2,,single
1790291484,480490,222,,single
1790291486,487430,0,,single
1790291487,506870,3,,single
1790291488,524910,4,,single
1790291490,527430,80,,single
1790291491,550010,9,,single
1790291493,563840,0,,single
1790291494,570940,2260,,single
1790291495,582010,7231,,single
1790291497,593150,6,,single
1790291498,635940,4,,single
1790291500,654880,11,,single
1790291501,674140,70,,single
1790291503,711660,3,,single
1790291504,736570,3,,single
1790291506,751780,432,,single
1790291507,768200,111,,single
1790291508,814370,92,,single
1790291510,851850,352,,single
1790291511,869760,0,,single
1790291513,894940,16,,single
1790291514,899770,780,,single
1790291515,913740,18,,single
1790291517,924070,1,,single
1790291518,951440,27,,single
1790291519,969760,0,,single
1790291521,976730,3359,,single
1790291522,1001270,68,,single
1790291523,1018850,5,,single
1790291525,1047220,1,,single
1790291526,1067310,1,,single
1790291527,1079260,20,,single
1790291529,1083790,2,,single
1790291530,1092710,11,,single
1790291532,1116580,6,,single
1790291534,1140270,8,,single
1790291535,1158160,1518,,single
1790291536,1169040,772,,single
1790291538,1172450,11,,single
1790291539,1213700,12,,single
1790291540,1230140,16,,single
1790291542,1240210,28,,single
1790291543,1245620,22103,,single
1790291545,1277400,132,,single
1790291546,1307550,73,,single
1790291547,1337010,17,,single
1790291549,1369340,5,,single
1790291550,1380420,15,,single
1790291551,1422380,0,,single
1790291553,1446780,3607,,single
1790291554,1488200,119,,single
1790291555,1518810,7,,single
1790291557,1566200,45,,single
1790291558,1597730,2,,single
1790291559,1614550,44,,single
1790291561,1654660,8,,single
1790291562,1665190,15,,single
1790291564,1730590,7,,single
1790291565,1763250,200,,single
1790291566,1808680,16,,single
1790291568,1866180,4,,single
1790291569,1919460,6,,single
1790291570,1928980,44,,single
1790291572,1945250,0,,single
1790291573,2001120,1451,,single
1790291575,2142790,6779,,single
1790291576,2240080,0,,single
1790291578,2250060,3,,single
1790291579,2262610,2,,single
1790291580,2294130,7,,single
1790291583,2354600,2,,single
1790291584,2356560,141,,single
1790291585,2450700,12,,single
1790291587,2484130,5,,single
1790291588,2567870,789,,single
1790291590,2754380,119,,single
1790291591,2877540,3,,single
1790291592,3069120,12,,single
1790291594,3087650,2,,single
1790291595,3290710,3,,single
1790291596,70,638,,single
1790291598,500,406,,single
1790291599,2280,201,,single
1790291600,2600,64,,single
1790291602,3590,1427,,single
1790291603,4580,146,,single
1790291604,9420,571,,single
1790291606,13240,16,,single
1790291607,22330,364,,single
1790291609,22490,158,,single
1790291610,32470,1369,,single
1790291611,35140,602,,single
1790291613,48700,1722,,single
1790291614,72850,1062,,single
1790291615,107100,15,,single
1790291617,206190,0,,single
1790291618,214560,3,,single
1790291619,219740,617,,single
1790291621,227300,16211,,single
1790291622,233860,3389,,single
1790291624,238460,125,,single
1790291625,239140,3306,,single
1790291626,242760,2429,,single
1790291628,246840,52,,single
1790291629,250900,36061,,single
1790291630,260750,5,,single
1790291632,264200,9,,single
1790291633,268910,1541,,single
1790291634,274190,90,,single
1790291636,284160,14813,,single
1790291637,294100,20179,,single
1790291638,304430,53,,single
1790291640,312990,4,,single
1790291641,337320,175,,single
1790291643,351640,1,,single
1790291645,362680,84,,single
1790291646,397740,4,,single
1790291647,411960,9,,single
1790291649,413410,659,,single
1790291650,420530,84,,single
1790291651,425580,27,,single
1790291653,427520,12649,,single
1790291654,433950,5,,single
1790291655,439490,0,,single
1790291657,450540,220,,single
1790291660,460950,57,,single
1790291662,466630,3,,single
1790291663,504230,1432,,single
1790291664,512900,135,,single
1790291666,521200,16,,single
1790291667,541570,266,,single
1790291668,553310,28,,single
1790291670,588650,1369,,single
1790291671,597170,200,,single
1790291672,603960,21,,single
1790291674,611760,7,,single
1790291675,615610,1,,single
1790291677,636480,507,,single
1790291678,647960,113,,single
1790291680,668350,14,,single
1790291681,732690,23,,single
1790291682,745880,3,,single
1790291684,774181,51,,single
1790291685,787480,529,,single
1790291686,799640,2,,single
1790291688,824600,14,,single
1790291689,851100,19,,single
1790291691,883710,2961,,single
1790291692,908520,196,,single
1790291693,914710,21,,single
1790291695,960090,7222,,single
1790291696,992310,1,,single
1790291698,1043340,13,,single
1790291699,1057090,330,,single
1790291700,1070550,0,,single
1790291702,1082430,14,,single
1790291703,1092790,745,,single
1790291704,1102190,167,,single
1790291706,1109410,0,,single
1790291707,1115050,3,,single
1790291709,1127400,441,,single
1790291710,1150690,339,,single
1790291711,1170880,3,,single
1790291713,1175140,0,,single
1790291714,1198320,0,,single
1790291715,1202540,5,,single
1790291717,1216200,8,,single
1790291719,1241700,4,,single
1790291720,1260520,21,,single
1790291722,1275670,18,,single
1790291723,1281800,18,,single
1790291724,1283130,2,,single
1790291726,1285670,5,,single
1790291727,1288310,2,,single
1790291729,1292940,55,,single
1790291730,1293860,1,,single
1790291732,1328840,14,,single
1790291734,1333910,0,,single
1790291735,1353230,69,,single
1790291737,1366540,1558,,single
1790291738,1388770,60,,single
1790291740,1407420,3,,single
1790291741,1419860,1,,single
1790291742,1424330,103,,single
1790291744,1444350,12,,single
1790291745,1473350,105,,single
1790291747,1507580,77,,single
1790291748,1511860,0,,single
1790291750,1532510,0,,single
1790291751,1536610,276,,single
1790291752,1545990,0,,single
1790291754,1562700,28,,single
1790291755,1566410,5,,single
1790291756,1585180,34,,single
1790291758,1609230,92,,single
1790291759,1634860,21,,single
1790291761,1644940,39,,single
1790291762,1669980,80,,single
1790291764,1677770,32,,single
1790291765,1684930,26,,single
1790291766,1708150,13,,single
1790291768,1715460,2,,single
1790291769,1718910,5,,single
1790291770,1734320,19,,single
1790291772,1765350,1,,single
1790291773,1796580,2,,single
1790291775,1817000,2,,single
1790291776,1836730,58,,single
1790291778,1876590,13,,single
1790291779,1898500,15,,single
1790291780,1903340,3721,,single
1790291782,1931020,2,,single
1790291784,1935660,1,,single
1790291785,1955830,18,,single
1790291787,1967430,29,,single
1790291788,1986840,16,,single
1790291789,1999360,68,,single
1790291791,2011780,5,,single
1790291792,2056220,8,,single
1790291794,2060590,1,,single
1790291795,2088570,135,,single
1790291796,2097570,23,,single
1790291798,2112520,0,,single
1790291799,2128270,37,,single
1790291801,2135690,0,,single
1790291802,2162800,686,,single
1790291803,2179850,40,,single
1790291805,2218750,207,,single
1790291806,2291760,109,,single
1790291807,2305840,28,,single
1790291809,2358720,3968,,single
1790291810,2369900,92,,single
1790291812,2379780,7068,,single
1790291813,2394650,25,,single
1790291814,2420510,284,,single
1790291817,2443360,3,,single
1790291818,2501600,15,,single
1790291820,2532550,3,,single
1790291821,2585830,7,,single
1790291823,2612680,1,,single
1790291824,2660460,157,,single
1790291826,2667430,1,,single
1790291827,2703850,17,,single
1790291829,2719060,0,,single
1790291830,2763670,8,,single
1790291832,2835570,543,,single
1790291833,2878710,0,,single
1790291835,2883280,1,,single
1790291836,2929730,0,,single
1790291837,3068300,61,,single
1790291839,3084280,0,,single
1790291840,3108510,22,,single
1790291842,3191030,184,,single
1790291843,3195790,2300,,single
1790291844,3247500,0,,single
1790291846,3361470,15,,single
1790291847,20,73,,single
1790291848,50,74,,single
1790291850,80,322,,single
1790291851,130,28,,single
1790291853,300,207,,single
1790291854,340,1,,single
1790291855,440,65244,,single
1790291857,730,609577,,single
1790291858,1250,166,,single
1790291859,1510,2,,single
1790291861,1630,25,,single
1790291862,1700,8,,single
1790291863,2100,46,,single
1790291865,2200,20,,single
1790291866,2300,7,,single
1790291868,2390,1,,single
1790291869,2610,5,,single
1790291871,2630,183,,single
1790291873,2820,34,,single
1790291874,3020,5,,single
1790291876,3320,59,,single
1790291877,3390,11,,single
1790291878,3620,185,,single
1790291880,3720,11,,single
1790291881,3910,1364,,single
1790291883,4500,70,,single
1790291885,4570,54,,single
1790291886,4760,598,,single
1790291887,6000,38,,single
1790291889,6020,60,,single
1790291890,6060,183,,single
1790291891,6220,13,,single
1790291893,6550,3,,single
1790291894,6810,19,,single
1790291895,6860,114,,single
1790291898,6980,6,,single
1790291899,7200,48,,single
1790291901,7620,70,,single
1790291902,7760,30,,single
1790291904,7830,5,,single
1790291905,7940,213,,single
1790291906,8080,0,,single
1790291908,8170,7,,single
1790291909,8400,1,,single
1790291910,8800,1375,,single
1790291912,8870,228,,single
1790291913,8980,134,,single
1790291915,9050,16,,single
1790291917,9310,18,,single
1790291918,9350,46,,single
1790291919,9880,137,,single
1790291921,10090,321,,single
1790291922,10150,72,,single
1790291924,10190,208,,single
1790291925,10680,74,,single
1790291926,11390,1,,single
1790291928,12100,36,,single
1790291929,12120,423,,single
1790291931,12200,340,,single
1790291932,12320,46,,single
1790291934,12500,11,,single
1790291935,12810,28,,single
1790291936,13210,10,,single
1790291938,13500,33,,single
1790291939,13570,42,,single
1790291940,15080,12,,single
1790291942,15130,2,,single
1790291943,15210,39,,single
1790291945,15320,18,,single
1790291946,15620,137,,single
1790291948,16730,0,,single
1790291949,16900,182,,single
1790291950,17410,38,,single
1790291952,17450,7,,single
1790291953,17470,92,,single
1790291955,17500,11,,single
1790291956,17580,1,,single
1790291959,18500,43,,single
1790291960,20500,5,,single
1790291962,20540,39,,single
1790291963,20820,0,,single
1790291965,21090,52,,single
1790291966,21130,66,,single
1790291968,21970,154,,single
1790291969,22000,8,,single
1790291970,22200,9,,single
1790291972,22340,1,,single
1790291973,23490,4,,single
1790291975,24200,557,,single
1790291976,24420,0,,single
1790291978,24740,15,,single
1790291979,24790,291,,single
1790291980,24960,28,,single
1790291982,25000,22,,single
1790291983,25830,17,,single
1790291985,25900,74,,single
1790291986,26900,1,,single
1790291988,31280,7,,single
1790291989,32330,21,,single
1790291990,32370,235,,single
1790291992,32400,1,,single
1790291993,32450,20,,single
1790291995,32510,61,,single
1790291996,33120,7,,single
1790291997,33320,24,,single
1790291999,33900,1,,single
1790292000,34010,4,,single
1790292002,34330,2003,,single
1790292003,34460,3,,single
1790292004,34870,22,,single
1790292006,35130,3,,single
1790292007,35460,0,,single
1790292008,35700,10,,single
1790292010,38400,90,,single
1790292011,38600,3,,single
1790292013,38740,1,,single
1790292014,39140,175,,single
1790292016,39200,42,,single
1790292017,39510,287,,single
1790292018,39540,88,,single
1790292020,39680,93,,single
1790292021,40100,142,,single
1790292022,40380,1,,single
1790292024,40700,23,,single
1790292025,40950,76,,single
1790292027,40980,57,,single
1790292028,41050,11,,single
1790292030,41070,40,,single
1790292031,41300,2,,single
1790292033,41700,126,,single
1790292034,42680,211,,single
1790292036,42710,125,,single
1790292037,45100,1,,single
1790292038,45740,52,,single
1790292041,46500,6,,single
1790292043,47780,212,,single
1790292044,47830,0,,single
1790292045,48000,43,,single
1790292047,48190,268,,single
1790292048,49520,2842,,single
1790292050,50300,35,,single
1790292051,55110,10,,single
1790292052,55150,78,,single
1790292054,57640,3,,single
1790292055,58520,2,,single
1790292057,61700,8,,single
1790292058,63200,0,,single
1790292060,63610,5,,single
1790292061,63910,50,,single
1790292062,65300,8,,single
1790292064,65740,3,,single
1790292065,65800,211,,single
1790292067,70100,0,,single
1790292068,70600,38,,single
1790292070,71340,35,,single
1790292071,73010,1,,single
1790292072,78000,367,,single
1790292074,80330,3,,single
1790292075,91200,3,,single
1790292076,91900,1,,single
1790292078,94200,1,,single
1790292080,94400,10,,single
1790292081,95700,1,,single
1790292082,97000,4,,single
1790292084,98200,1,,single
1790292085,98400,0,,single
1790292087,99900,263,,single
1790292088,102600,22,,single
1790292089,105000,9,,single
1790292091,107200,8,,single
1790292092,107310,0,,single
1790292094,107600,0,,single
1790292095,108600,42798,,single
1790292096,108800,14,,single
1790292098,113020,4,,single
1790292099,115100,14,,single
1790292101,115320,74,,single
1790292102,200210,1462,,single
1790292104,200510,537,,single
1790292105,200940,4,,single
1790292107,201270,1,,single
1790292108,201810,199,,single
1790292110,201870,125,,single
1790292111,202200,16,,single
1790292113,202710,4,,single
1790292114,203160,555,,single
1790292115,203350,35,,single
1790292117,203750,5,,single
1790292118,203830,6,,single
1790292119,204240,0,,single
1790292121,204340,56,,single
1790292123,204450,45,,single
1790292124,204630,2,,single
1790292126,205190,0,,single
1790292127,205650,7,,single
1790292129,206210,0,,single
1790292131,206440,16,,single
1790292132,206500,50,,single
1790292133,207140,128,,single
1790292135,207230,4,,single
1790292136,207350,10,,single
1790292138,207750,0,,single
1790292139,208140,34,,single
1790292141,208480,9,,single
1790292142,208580,308,,single
1790292143,209000,557,,single
1790292145,209160,59,,single
1790292146,209190,2,,single
1790292148,209650,43,,single
1790292149,210770,12,,single
1790292150,211260,0,,single
1790292152,211600,18,,single
1790292153,211820,577,,single
1790292155,212480,33,,single
1790292156,212680,1073,,single
1790292158,212800,1,,single
1790292159,213610,233,,single
1790292161,213850,23,,single
1790292162,214340,46,,single
1790292164,214510,136,,single
1790292165,214730,95,,single
1790292167,214830,0,,single
1790292168,214970,0,,single
1790292169,215470,1,,single
1790292171,216890,6,,single
1790292172,218060,3,,single
1790292174,218620,31677,,single
1790292175,219640,22,,single
1790292177,219890,10,,single
1790292178,220090,0,,single
1790292179,220200,2881,,single
1790292181,220440,93,,single
1790292182,220780,0,,single
1790292184,221040,1031,,single
1790292185,221380,2033,,single
1790292187,221640,10,,single
1790292188,221910,22,,single
1790292190,222440,128,,single
1790292191,222730,8,,single
1790292193,222880,126,,single
1790292194,223330,14,,single
1790292195,223710,345,,single
1790292197,223830,22,,single
1790292198,224260,315,,single
1790292200,224460,3,,single
1790292201,224600,1,,single
1790292202,224820,1,,single
1790292204,224920,1,,single
1790292205,224960,4,,single
1790292207,225260,25,,single
1790292208,225360,0,,single
1790292210,226620,8,,single
1790292211,226860,126,,single
1790292213,227100,2,,single
1790292214,227220,1,,single
1790292216,227580,0,,single
1790292217,228180,240,,single
1790292219,228260,16,,single
1790292220,228360,2,,single
1790292221,228760,13,,single
1790292223,230050,0,,single
1790292224,230190,35,,single
1790292226,230270,32,,single
1790292227,230820,11,,single
1790292228,231200,10,,single
1790292230,232010,8,,single
1790292231,232770,27,,single
1790292233,232810,1,,single
1790292234,233130,37,,single
1790292236,233270,47,,single
1790292237,233470,0,,single
1790292238,233700,7,,single
1790292240,233980,9,,single
1790292241,234270,6,,single
1790292242,234630,28,,single
1790292245,234670,48,,single
1790292246,235210,2,,single
1790292248,235460,323,,single
1790292250,235620,5,,single
1790292251,235900,232,,single
1790292252,236390,31081,,single
1790292254,236690,73,,single
1790292255,237110,32,,single
1790292256,237630,8,,single
1790292258,237930,16,,single
1790292259,238010,183,,single
1790292261,238210,6,,single
1790292262,239120,34,,single
1790292264,239350,68,,single
1790292265,240600,0,,single
1790292266,241240,6,,single
1790292268,241410,1,,single
1790292270,241600,19,,single
1790292271,242050,258,,single
1790292273,242640,30,,single
1790292274,242820,1,,single
1790292275,242880,3,,single
1790292277,242960,4,,single
1790292278,243470,1389,,single
1790292280,243950,1,,single
1790292281,244030,3,,single
1790292283,244160,69,,single
1790292284,244430,7,,single
1790292285,244730,0,,single
1790292287,244870,0,,single
1790292290,245170,91,,single
1790292291,245450,25,,single
1790292293,245620,61,,single
1790292294,246620,441,,single
1790292296,247000,96,,single
1790292297,247080,105,,single
1790292299,247430,9,,single
1790292301,248170,108,,single
1790292302,248330,1,,single
1790292304,248570,56,,single
1790292305,248820,24,,single
1790292307,248970,5,,single
1790292308,249330,4,,single
1790292310,249870,10,,single
1790292311,250110,4,,single
1790292313,250260,5,,single
1790292314,250500,1,,single
1790292316,250560,0,,single
1790292318,251060,182,,single
1790292319,251150,39,,single
1790292321,251470,12,,single
1790292323,251730,37,,single
1790292324,252030,2,,single
1790292326,252130,0,,single
1790292327,252410,20,,single
1790292329,252530,367,,single
1790292330,252630,2,,single
1790292332,252870,9,,single
1790292333,253030,4,,single
1790292335,253330,1,,single
1790292336,253710,116,,single
1790292338,253770,0,,single
1790292339,253900,47,,single
1790292340,254320,13,,single
1790292342,254700,972,,single
1790292343,255320,6,,single
1790292344,256290,12,,single
1790292346,256370,2,,single
1790292347,257170,21,,single
1790292349,257510,63,,single
1790292350,257850,74,,single
1790292351,258220,0,,single
1790292353,259060,3,,single
1790292354,259530,0,,single
1790292356,259680,137,,single
1790292357,260210,13,,single
1790292359,260430,39,,single
1790292360,261180,1,,single
1790292361,261510,1,,single
1790292363,261570,34,,single
1790292364,262060,2890,,single
1790292366,262280,19,,single
1790292367,262690,0,,single
1790292369,262940,3,,single
1790292370,263300,3,,single
1790292371,263760,6,,single
1790292373,264140,2,,single
1790292375,265890,6,,single
1790292376,266010,5,,single
1790292377,266310,4,,single
1790292379,266430,6,,single
1790292380,266840,683,,single
1790292381,268130,22,,single
1790292383,268420,1,,single
1790292384,268540,9,,single
1790292386,268850,351,,single
1790292387,269030,1,,single
1790292389,269710,0,,single
1790292390,269950,256,,single
1790292392,270130,0,,single
1790292393,270210,1,,single
1790292395,271500,1,,single
1790292396,271900,9,,single
1790292398,272470,0,,single
1790292399,272600,7,,single
1790292400,274170,263,,single
1790292402,274500,6,,single
1790292403,274920,66,,single
1790292405,274980,1,,single
1790292406,275390,30,,single
1790292407,276810,98,,single
1790292409,278080,77,,single
1790292410,278460,0,,single
1790292411,280160,7,,single
1790292413,281920,1,,single
1790292414,282070,355,,single
1790292416,282440,256,,single
1790292417,282660,0,,single
1790292419,283160,3,,single
1790292420,283680,0,,single
1790292422,284050,2,,single
1790292423,284710,0,,single
1790292424,284830,1,,single
1790292426,285110,32,,single
1790292427,285190,55,,single
1790292429,285330,153,,single
1790292430,285500,9,,single
1790292432,285800,1,,single
1790292433,285920,172,,single
1790292434,286100,2,,single
1790292436,286260,1,,single
1790292437,286690,512,,single
1790292439,287310,12,,single
1790292440,287450,542,,single
1790292441,287980,95,,single
1790292443,289070,18581,,single
1790292444,289520,37,,single
1790292446,289930,11,,single
1790292447,290100,11,,single
1790292449,290340,41,,single
1790292450,290770,0,,single
1790292451,291650,244,,single
1790292453,292180,0,,single
1790292455,292730,305,,single
1790292456,292990,38,,single
1790292457,293260,32,,single
1790292459,293780,9,,single
1790292460,294810,5,,single
1790292462,296490,93,,single
1790292463,296870,0,,single
1790292465,298030,87,,single
1790292466,298160,10,,single
1790292467,298610,31,,single
1790292469,299030,0,,single
1790292470,299680,0,,single
1790292472,300550,20,,single
1790292473,301190,2,,single
1790292475,301640,30,,single
1790292476,301760,12,,single
1790292478,302610,1,,single
1790292479,302710,0,,single
1790292481,303310,27,,single
1790292482,304240,535,,single
1790292484,304410,182,,single
1790292485,304930,13421,,single
1790292486,306020,173,,single
1790292488,306660,7,,single
1790292489,307070,0,,single
1790292491,307230,0,,single
1790292492,307640,9,,single
1790292494,307690,406,,single
1790292495,307960,169,,single
1790292497,308600,194,,single
1790292498,310080,1,,single
1790292499,310560,56,,single
1790292501,311210,6032,,single
1790292502,311310,236,,single
1790292504,311560,402,,single
1790292505,312370,13,,single
1790292506,312520,1036,,single
1790292508,312670,13,,single
1790292509,313120,191,,single
1790292511,313340,36,,single
1790292512,313500,16,,single
1790292514,314160,421,,single
1790292515,314280,1,,single
1790292517,314430,16,,single
1790292518,314650,197,,single
1790292519,314980,35,,single
1790292521,316010,42,,single
1790292522,316610,1,,single
1790292524,317360,3,,single
1790292525,318100,0,,single
1790292526,318600,8,,single
1790292528,319510,82,,single
1790292529,319910,6,,single
1790292531,320140,4,,single
1790292532,320430,49,,single
1790292534,321400,1,,single
1790292535,322170,38569,,single
1790292536,322210,4,,single
1790292538,322330,8734,,single
1790292539,322500,55,,single
1790292541,322770,0,,single
1790292542,322920,2,,single
1790292544,323190,1128,,single
1790292545,323580,0,,single
1790292547,323850,25,,single
1790292548,324310,4,,single
1790292549,324800,69,,single
1790292551,325260,0,,single
1790292552,326180,0,,single
1790292554,326460,152,,single
1790292555,327090,0,,single
1790292557,327400,137,,single
1790292560,327640,1,,single
1790292561,328080,20,,single
1790292563,329050,172,,single
1790292564,329110,600,,single
1790292565,329970,19,,single
1790292567,330830,27,,single
1790292568,331480,0,,single
1790292570,331670,10,,single
1790292571,332310,37,,single
1790292573,332800,28,,single
1790292576,333420,352,,single
1790292577,333930,28,,single
1790292579,334540,1,,single
1790292580,334940,8,,single
1790292581,335240,982,,single
1790292583,335670,35,,single
1790292584,337000,161,,single
1790292586,338170,1,,single
1790292588,339280,1,,single
1790292589,339610,47,,single
1790292591,341310,4,,single
1790292592,342310,1,,single
1790292594,342580,2,,single
1790292595,343780,54,,single
1790292597,344770,1,,single
1790292599,345660,2,,single
1790292600,346110,8894,,single
1790292602,346560,5,,single
1790292603,346940,21,,single
1790292605,348360,5,,single
1790292607,348710,2,,single
1790292608,349890,0,,single
1790292610,351490,0,,single
1790292611,351700,17,,single
1790292613,351940,14,,single
1790292615,352400,131,,single
1790292616,352720,58,,single
1790292618,353380,0,,single
1790292619,353700,0,,single
1790292622,354160,7,,single
1790292624,355050,4,,single
1790292625,355180,5,,single
1790292627,355980,4,,single
1790292628,356500,140,,single
1790292629,356570,45,,single
1790292631,357190,149,,single
1790292632,357480,2,,single
1790292634,358130,13,,single
1790292635,359320,3555,,single
1790292637,359900,0,,single
1790292638,360640,3,,single
1790292639,360830,4,,single
1790292641,361420,1043,,single
1790292642,361990,2,,single
1790292644,362930,33,,single
1790292645,363130,11,,single
1790292647,363890,547,,single
1790292649,364360,206,,single
1790292650,365300,1,,single
1790292651,365450,27,,single
1790292653,366090,88,,single
1790292654,366870,2,,single
1790292656,367580,1,,single
1790292657,368180,1,,single
1790292659,368260,592,,single
1790292660,368390,8,,single
1790292661,368620,4,,single
1790292663,370240,18,,single
1790292665,370910,4,,single
1790292666,371570,7,,single
1790292667,372360,34,,single
1790292669,373180,1,,single
1790292670,373420,780,,single
1790292671,374040,120,,single
1790292673,374280,51,,single
1790292674,375480,25,,single
1790292676,375820,16,,single
1790292677,375950,69,,single
1790292678,376300,0,,single
1790292680,377840,320,,single
1790292682,378610,0,,single
1790292683,379720,460,,single
1790292685,380600,1766,,single
1790292687,381020,1,,single
1790292688,382110,34,,single
1790292690,382490,1,,single
1790292691,383120,642,,single
1790292693,383870,54,,single
1790292695,384180,139,,single
1790292696,384630,1,,single
1790292697,385710,0,,single
1790292699,386070,136,,single
1790292700,386360,1045,,single
1790292702,386880,0,,single
1790292703,387290,204,,single
1790292705,388090,28,,single
1790292706,388410,117,,single
1790292707,389140,10,,single
1790292709,389570,30,,single
1790292711,390520,0,,single
1790292712,390710,1,,single
1790292713,391260,1,,single
1790292715,391730,13,,single
1790292716,392160,2213,,single
1790292718,393380,6540,,single
1790292719,394230,0,,single
1790292720,394510,78,,single
1790292722,394970,4,,single
1790292723,395570,2,,single
1790292725,396710,2,,single
1790292726,396900,10,,single
1790292728,397340,39,,single
1790292730,397430,17,,single
1790292731,397950,76,,single
1790292732,398850,4,,single
1790292734,399670,2,,single
1790292735,400170,5,,single
1790292737,400910,6,,single
1790292739,402020,0,,single
1790292740,403190,128,,single
1790292741,403970,0,,single
1790292743,404540,2,,single
1790292744,405290,18,,single
1790292746,405640,14,,single
1790292747,405820,30,,single
1790292749,405900,45,,single
1790292750,406290,77,,single
1790292752,406550,55,,single
1790292753,407130,31,,single
1790292755,408410,24,,single
1790292756,409160,2,,single
1790292757,409710,320,,single
1790292759,410320,92,,single
1790292760,410380,0,,single
1790292761,410900,205,,single
1790292763,412220,576,,single
1790292764,413420,520,,single
1790292766,414340,45,,single
1790292767,415200,187,,single
1790292769,416680,13,,single
1790292770,417860,12,,single
1790292772,418180,3,,single
1790292773,418460,235,,single
1790292774,418530,284,,single
1790292776,419480,5,,single
1790292777,420290,3,,single
1790292778,420740,13,,single
1790292780,421040,4,,single
1790292781,421120,6,,single
1790292783,422970,33,,single
1790292784,424840,122,,single
1790292785,425220,4,,single
1790292787,427820,2,,single
1790292788,428550,18,,single
1790292790,428750,0,,single
1790292791,429570,1,,single
1790292793,429720,2,,single
1790292794,430210,14,,single
1790292795,431240,892,,single
1790292797,431650,0,,single
1790292799,431930,0,,single
1790292800,433910,2,,single
1790292801,434250,2,,single
1790292803,435150,3903,,single
1790292804,435530,6,,single
1790292806,436150,376,,single
1790292807,437160,0,,single
1790292809,438040,705,,single
1790292810,438140,41,,single
1790292812,438480,917,,single
1790292813,439190,2,,single
1790292814,440420,2,,single
1790292816,440880,2,,single
1790292817,442120,61,,single
1790292819,444200,2288,,single
1790292820,444770,1,,single
1790292822,445220,366,,single
1790292823,446790,2,,single
1790292825,447020,184,,single
1790292826,447120,2,,single
1790292828,447290,2,,single
1790292829,448320,0,,single
1790292831,448850,7,,single
1790292832,449680,2,,single
1790292833,451020,23,,single
1790292835,451520,1,,single
1790292836,453090,102,,single
1790292838,454120,2,,single
1790292839,455400,14,,single
1790292840,456670,22,,single
1790292842,457210,2,,single
1790292843,457760,0,,single
1790292845,458770,4,,single
1790292847,460810,13,,single
1790292848,461620,1,,single
1790292849,463530,295,,single
1790292851,464350,44,,single
1790292852,464920,211,,single
1790292854,466170,988,,single
1790292855,466560,766,,single
1790292857,467960,12,,single
1790292858,469600,571,,single
1790292859,470260,5,,single
1790292861,471710,123,,single
1790292862,473950,15,,single
1790292863,474960,68,,single
1790292865,475190,4,,single
1790292866,476460,71,,single
1790292868,476620,129,,single
1790292869,477740,70,,single
1790292870,478980,17,,single
1790292872,480430,0,,single
1790292873,481110,0,,single
1790292875,482400,116,,single
1790292876,482920,81,,single
1790292877,485460,4,,single
1790292879,485980,7,,single
1790292881,486860,40,,single
1790292882,488550,6,,single
1790292883,489520,215,,single
1790292885,489830,23443,,single
1790292886,490920,35,,single
1790292887,491130,0,,single
1790292889,491540,74,,single
1790292890,492230,3,,single
1790292892,493340,370,,single
1790292893,493900,45,,single
1790292894,494840,446,,single
1790292896,495280,26,,single
1790292897,495890,2,,single
1790292899,497180,13,,single
1790292900,499180,4,,single
1790292901,499520,3,,single
1790292903,500810,22,,single
1790292904,501300,19,,single
1790292906,502370,6,,single
1790292907,502520,384,,single
1790292909,503560,75,,single
1790292911,504210,25,,single
1790292912,505170,13,,single
1790292913,506500,0,,single
1790292916,507490,22,,single
1790292917,508980,1,,single
1790292919,510050,1,,single
1790292920,511470,13,,single
1790292921,512790,15,,single
1790292923,513510,1,,single
1790292925,515180,20,,single
1790292926,516750,709,,single
1790292928,517710,5,,single
1790292930,518030,2,,single
1790292931,518790,2746,,single
1790292932,520940,8,,single
1790292934,523660,8,,single
1790292935,524850,4,,single
1790292937,525510,9,,single
1790292938,526740,0,,single
1790292940,528200,40,,single
1790292941,529340,3966,,single
1790292942,530320,1,,single
1790292944,532110,47,,single
1790292945,533300,1,,single
1790292947,535520,4,,single
1790292948,537110,3,,single
1790292949,538100,5,,single
1790292951,539470,16,,single
1790292952,540840,4,,single
1790292954,541210,77,,single
1790292955,543870,44,,single
1790292957,544550,363,,single
1790292958,544810,1400,,single
1790292960,545270,0,,single
1790292961,550320,43,,single
1790292963,551860,1,,single
1790292964,552100,944,,single
1790292966,552520,2695,,single
1790292967,552990,5625,,single
1790292968,553260,1,,single
1790292970,553520,141,,single
1790292971,553640,7,,single
1790292972,554620,25,,single
1790292974,555160,42,,single
1790292975,557340,39,,single
1790292977,558100,6,,single
1790292978,558990,155,,single
1790292980,559330,0,,single
1790292981,561600,9,,single
1790292983,562220,0,,single
1790292984,562810,14,,single
1790292986,563560,71,,single
1790292987,564310,30,,single
1790292988,564710,56,,single
1790292990,566160,0,,single
1790292991,567630,26,,single
1790292993,568220,602,,single
1790292994,569480,221,,single
1790292996,571260,21,,single
1790292997,571740,229,,single
1790292998,572430,9,,single
1790293000,573090,1259,,single
1790293001,573120,9,,single
1790293003,574310,0,,single
1790293005,574740,0,,single
1790293007,575720,95,,single
1790293008,577690,13,,single
1790293009,577940,41,,single
1790293011,578330,122,,single
1790293012,578850,1,,single
1790293014,580170,0,,single
1790293015,581630,2,,single
1790293017,582270,2,,single
1790293018,582550,8,,single
1790293020,583760,0,,single
1790293021,584640,3,,single
1790293023,585420,2438,,single
1790293024,585900,10,,single
1790293026,587000,0,,single
1790293027,587450,0,,single
1790293029,588030,286,,single
1790293030,588730,4,,single
1790293032,589590,25,,single
1790293033,590380,266,,single
1790293035,591740,40,,single
1790293036,592580,26,,single
1790293038,593600,172,,single
1790293039,594570,661,,single
1790293040,595140,4,,single
1790293042,595500,8,,single
1790293043,596970,36,,single
1790293045,597760,18,,single
1790293046,598810,101,,single
1790293047,598980,12,,single
1790293050,599390,148,,single
1790293051,600130,8,,single
1790293053,600990,0,,single
1790293054,601430,85,,single
1790293056,601840,71,,single
1790293057,602960,1459,,single
1790293058,604240,6,,single
1790293060,605230,37,,single
1790293061,606150,369,,single
1790293063,607080,70,,single
1790293064,609320,17,,single
1790293066,610180,40,,single
1790293067,611500,287,,single
1790293068,613100,1484,,single
1790293070,614570,50,,single
1790293071,616250,1,,single
1790293073,617830,35,,single
1790293074,618740,0,,single
1790293076,619500,0,,single
1790293077,619820,133,,single
1790293078,620590,23,,single
1790293080,621000,0,,single
1790293081,621830,102,,single
1790293083,623940,6,,single
1790293084,625340,22,,single
1790293085,627270,257,,single
1790293087,628070,408,,single
1790293090,628950,1,,single
1790293093,629820,297,,single
1790293094,631570,4,,single
1790293096,632360,5599,,single
1790293097,633080,0,,single
1790293098,633460,13,,single
1790293100,635260,917,,single
1790293101,636100,0,,single
1790293103,636450,3,,single
1790293105,638110,2,,single
1790293106,638510,26,,single
1790293107,639490,31,,single
1790293109,640890,9,,single
1790293110,641320,40,,single
1790293112,641990,231,,single
1790293113,644290,1,,single
1790293114,645090,3,,single
1790293116,645790,5,,single
1790293117,646500,4,,single
1790293119,647830,136,,single
1790293120,648350,135,,single
1790293122,648410,120,,single
1790293123,648800,2873,,single
1790293125,653530,70,,single
1790293126,655500,2787,,single
1790293127,657240,8,,single
1790293129,658700,7,,single
1790293130,660160,19,,single
1790293131,661790,1,,single
1790293133,663390,10,,single
1790293134,665490,0,,single
1790293136,666150,168,,single
1790293137,666570,7,,single
1790293139,667530,36,,single
1790293140,667720,29,,single
1790293141,668210,8,,single
1790293143,670160,1,,single
1790293144,671610,6,,single
1790293146,671860,184,,single
1790293149,673130,10,,single
1790293150,673750,60,,single
1790293152,673950,117,,single
1790293153,674520,14,,single
1790293154,674940,151,,single
1790293156,675260,49,,single
1790293158,677620,11,,single
1790293159,678950,595,,single
1790293161,679110,19,,single
1790293162,680360,4,,single
1790293164,681730,3,,single
1790293165,684410,13,,single
1790293167,688420,40,,single
1790293168,690040,22,,single
1790293169,691260,13,,single
1790293171,694280,195,,single
1790293172,696220,3,,single
1790293174,698540,8,,single
1790293175,699170,37,,single
1790293177,701160,577,,single
1790293178,702810,0,,single
1790293179,704450,856,,single
1790293181,704920,27,,single
1790293182,706020,0,,single
1790293183,711540,11,,single
1790293185,712100,170,,single
1790293187,716490,7,,single
1790293188,716710,2,,single
1790293189,718850,69,,single
1790293191,719890,630,,single
1790293192,720560,8,,single
1790293194,722060,13,,single
1790293195,725270,0,,single
1790293197,725480,1,,single
1790293198,726590,5,,single
1790293199,727020,0,,single
1790293201,728740,51,,single
1790293202,729000,17,,single
1790293203,730820,17,,single
1790293205,731490,364,,single
1790293206,732370,1,,single
1790293208,733070,14,,single
1790293209,733990,0,,single
1790293210,735280,20,,single
1790293212,735570,1,,single
1790293213,736190,79,,single
1790293215,736850,2,,single
1790293216,739630,6423,,single
1790293218,741510,3,,single
1790293219,742420,91,,single
1790293220,743390,1,,single
1790293222,746580,0,,single
1790293223,747610,104,,single
1790293225,748300,1,,single
1790293226,748490,46,,single
1790293228,751630,11,,single
1790293229,753420,26,,single
1790293231,753660,5,,single
1790293232,754500,41,,single
1790293234,755790,2,,single
1790293235,757210,48,,single
1790293236,757320,47,,single
1790293238,758190,143,,single
1790293239,758370,59,,single
1790293241,758870,87,,single
1790293242,759740,8,,single
1790293244,760650,16,,single
1790293245,761620,30,,single
1790293247,761890,6279,,single
1790293248,762830,4,,single
1790293249,764050,0,,single
1790293251,766280,0,,single
1790293252,767390,2,,single
1790293254,770240,28,,single
1790293255,772540,0,,single
1790293256,773790,83,,single
1790293258,774461,20,,single
1790293259,774861,4,,single
1790293261,776490,1,,single
1790293262,780290,282,,single
1790293263,782330,649,,single
1790293265,783770,0,,single
1790293266,784150,1463,,single
1790293267,785740,13,,single
1790293269,785890,2,,single
1790293270,787860,730,,single
1790293272,790600,8,,single
1790293273,790820,55,,single
1790293275,792040,0,,single
1790293276,792120,2,,single
1790293277,792710,9,,single
1790293279,793460,64,,single
1790293280,795100,3,,single
1790293282,795630,37,,single
1790293283,797410,1,,single
1790293285,798290,14,,single
1790293286,798490,28,,single
1790293287,799070,3,,single
1790293289,799960,925,,single
1790293290,801480,1,,single
1790293292,801630,0,,single
1790293293,803330,43,,single
1790293295,804700,7,,single
1790293296,805940,4,,single
1790293297,808290,52,,single
1790293299,809230,48,,single
1790293300,811320,15,,single
1790293302,812140,3381,,single
1790293303,813630,35,,single
1790293305,813820,1,,single
1790293306,814380,1975,,single
1790293308,815780,6,,single
1790293310,816340,84,,single
1790293311,817510,2,,single
1790293313,818320,46,,single
1790293314,820520,15,,single
1790293316,822240,85,,single
1790293317,823500,42,,single
1790293319,824000,3,,single
1790293320,824720,2,,single
1790293321,828740,4,,single
1790293323,829590,22,,single
1790293324,831980,12,,single
1790293326,834280,1,,single
1790293327,834910,185,,single
1790293329,837470,118,,single
1790293330,838630,3,,single
1790293331,839910,3,,single
1790293333,840260,0,,single
1790293334,841190,33,,single
1790293336,842180,5,,single
1790293338,843260,36,,single
1790293339,843390,7,,single
1790293341,844260,4,,single
1790293342,845070,13,,single
1790293343,845890,0,,single
1790293345,846110,2,,single
1790293346,846770,101,,single
1790293348,848350,19,,single
1790293350,848480,149,,single
1790293351,852110,2,,single
1790293353,853450,2,,single
1790293354,853770,2,,single
1790293355,855640,4,,single
1790293357,858260,3,,single
1790293358,858760,1,,single
1790293360,859580,282,,single
1790293361,860890,59,,single
1790293363,861250,3,,single
1790293364,863590,21,,single
1790293366,865360,79,,single
1790293367,865610,2,,single
1790293368,866440,2,,single
1790293370,867210,79,,single
1790293371,868360,204,,single
1790293372,870780,2408,,single
1790293374,872670,59,,single
1790293375,873940,3,,single
1790293377,874390,220,,single
1790293378,878380,1,,single
1790293380,880940,910,,single
1790293381,881100,1487,,single
1790293383,882710,2,,single
1790293384,884260,1,,single
1790293386,885810,11,,single
1790293387,887570,85,,single
1790293389,890720,1,,single
1790293390,893030,2,,single
1790293391,894020,67,,single
1790293393,895870,230,,single
1790293394,896520,7,,single
1790293396,897730,1,,single
1790293397,898890,7,,single
1790293399,900270,7,,single
1790293400,905370,0,,single
1790293402,909660,20,,single
1790293403,913550,6,,single
1790293404,914020,3,,single
1790293406,915310,6,,single
1790293407,915600,7,,single
1790293409,916730,3,,single
1790293410,917680,1,,single
1790293411,920490,641,,single
1790293413,922460,1,,single
1790293414,925950,3,,single
1790293416,928600,24,,single
1790293417,935880,12,,single
1790293419,936790,27,,single
1790293420,937310,133,,single
1790293422,938560,3,,single
1790293423,939400,17,,single
1790293425,940680,1,,single
1790293426,941460,3,,single
1790293428,944010,2,,single
1790293429,946050,230,,single
1790293430,949230,6837,,single
1790293432,949480,4,,single
1790293433,950180,0,,single
1790293434,951240,269,,single
1790293436,952860,54,,single
1790293437,953880,17,,single
1790293439,955740,16,,single
1790293440,956680,7,,single
1790293442,960170,243,,single
1790293443,960990,302,,single
1790293444,962130,1559,,single
1790293446,962730,76,,single
1790293447,963930,22,,single
1790293449,964440,1,,single
1790293450,965200,50,,single
1790293452,965580,170,,single
1790293453,965820,1,,single
1790293455,966330,3,,single
1790293456,966680,0,,single
1790293457,969990,39,,single
1790293459,972660,183,,single
1790293462,973760,38,,single
1790293463,975370,707,,single
1790293465,976890,3,,single
1790293466,977950,580,,single
1790293467,978460,9,,single
1790293469,978780,68,,single
1790293470,979110,246,,single
1790293472,979640,20,,single
1790293473,980300,4,,single
1790293474,981430,79,,single
1790293476,982270,5,,single
1790293477,982720,0,,single
1790293479,985890,121,,single
1790293480,986800,1,,single
1790293482,987840,102,,single
1790293483,989440,2,,single
1790293484,993090,3395,,single
1790293486,994910,44,,single
1790293487,996470,96,,single
1790293489,997010,241,,single
1790293490,998400,6,,single
1790293491,1000030,26,,single
1790293493,1003090,1,,single
1790293494,1003890,8,,single
1790293496,1005300,36,,single
1790293497,1007040,144,,single
1790293498,1009850,3420,,single
1790293500,1010800,3,,single
1790293501,1011190,5,,single
1790293503,1012560,7,,single
1790293504,1012840,0,,single
1790293505,1013140,7,,single
1790293507,1016790,4,,single
1790293508,1017900,527,,single
1790293510,1018160,7,,single
1790293511,1018830,21,,single
1790293513,1019550,1,,single
1790293514,1021100,4,,single
1790293515,1021950,0,,single
1790293517,1022980,237,,single
1790293518,1024650,32,,single
1790293520,1025960,6,,single
1790293521,1026840,0,,single
1790293522,1028630,16,,single
1790293525,1029780,799,,single
1790293526,1031480,4,,single
1790293528,1036240,41,,single
1790293530,1036950,110,,single
1790293532,1038370,2,,single
1790293533,1039880,1,,single
1790293535,1040230,12,,single
1790293536,1043260,20,,single
1790293537,1044720,1073,,single
1790293539,1046400,18,,single
1790293540,1048540,1,,single
1790293542,1049410,35,,single
1790293543,1051690,22,,single
1790293545,1054430,2,,single
1790293546,1054510,103,,single
1790293547,1055430,33,,single
1790293549,1058020,55,,single
1790293550,1058450,18,,single
1790293551,1058650,1,,single
1790293553,1058830,17,,single
1790293554,1059980,1,,single
1790293556,1061090,63,,single
1790293557,1061910,16,,single
1790293559,1062110,4,,single
1790293561,1062160,35,,single
1790293562,1063420,64,,single
1790293564,1064460,1,,single
1790293565,1065310,48,,single
1790293566,1066780,2865,,single
1790293568,1067540,1,,single
1790293569,1068820,1525,,single
1790293571,1069640,15,,single
1790293572,1069660,362,,single
1790293573,1069740,3,,single
1790293575,1070580,29,,single
1790293576,1071130,2,,single
1790293578,1072150,6,,single
1790293579,1072480,5,,single
1790293581,1073910,7,,single
1790293582,1075740,21,,single
1790293584,1076200,33,,single
1790293585,1078420,1,,single
1790293587,1078760,22,,single
1790293588,1079160,4,,single
1790293589,1080110,88,,single
1790293591,1081510,0,,single
1790293592,1084020,87,,single
1790293594,1084640,2,,single
1790293595,1085510,17,,single
1790293596,1086410,4,,single
1790293598,1087760,9,,single
1790293599,1088850,144,,single
1790293601,1089350,111,,single
1790293602,1091920,2,,single
1790293604,1092660,16,,single
1790293605,1094520,30,,single
1790293606,1096530,505,,single
1790293608,1097130,11,,single
1790293609,1097350,12,,single
1790293611,1098340,5,,single
1790293612,1100140,16,,single
1790293614,1100600,537,,single
1790293615,1100990,49,,single
1790293617,1101140,1,,single
1790293618,1104450,11,,single
1790293620,1106840,211,,single
1790293621,1108370,14,,single
1790293622,1109680,15,,single
1790293624,1111460,1,,single
1790293625,1114070,0,,single
1790293627,1114220,6,,single
1790293628,1115640,4,,single
1790293629,1116880,3,,single
1790293631,1119730,424,,single
1790293632,1120480,0,,single
1790293634,1121640,90,,single
1790293635,1122340,76,,single
1790293637,1122720,4,,single
1790293638,1123830,24,,single
1790293640,1125240,28,,single
1790293641,1127610,0,,single
1790293642,1128920,198,,single
1790293644,1129310,8,,single
1790293645,1130410,8,,single
1790293647,1131620,119,,single
1790293648,1134570,52,,single
1790293649,1135230,80,,single
1790293651,1135810,9,,single
1790293652,1137750,25,,single
1790293654,1138660,16,,single
1790293655,1139800,0,,single
1790293656,1139900,74,,single
1790293658,1140150,105,,single
1790293659,1140620,21,,single
1790293661,1141580,5,,single
1790293662,1142710,59260,,single
1790293663,1144170,95,,single
1790293665,1144770,4,,single
1790293666,1147550,14,,single
1790293668,1147690,2967,,single
1790293669,1148590,28,,single
1790293670,1148760,47,,single
1790293672,1149620,1003,,single
1790293673,1150760,43,,single
1790293675,1151050,3,,single
1790293676,1151640,406,,single
1790293678,1153410,36,,single
1790293679,1154040,2,,single
1790293680,1154840,66,,single
1790293682,1155970,28,,single
1790293683,1157220,19,,single
1790293685,1158310,13896,,single
1790293686,1158850,144,,single
1790293688,1159290,46,,single
1790293689,1160220,4,,single
1790293691,1161170,1,,single
1790293692,1161580,167,,single
1790293694,1162130,4,,single
1790293695,1163870,0,,single
1790293697,1164250,1,,single
1790293699,1166290,15,,single
1790293700,1167450,19,,single
1790293701,1168470,0,,single
1790293703,1170060,1,,single
1790293704,1172380,750,,single
1790293706,1172620,5148,,single
1790293707,1173010,3,,single
1790293709,1173770,114,,single
1790293710,1173800,69,,single
1790293712,1173820,155,,single
1790293713,1175460,6,,single
1790293714,1177660,2,,single
1790293716,1178220,5,,single
1790293717,1179210,12,,single
1790293719,1181830,27,,single
1790293720,1182110,44,,single
1790293722,1182620,4,,single
1790293723,1182920,26,,single
1790293725,1186640,8,,single
1790293726,1187510,12,,single
1790293727,1189490,389,,single
1790293729,1190170,3,,single
1790293730,1191120,20,,single
1790293732,1191840,2,,single
1790293733,1194630,39,,single
1790293735,1195290,1,,single
1790293736,1196470,15,,single
1790293738,1197260,620,,single
1790293739,1198090,57,,single
1790293741,1201230,16,,single
1790293742,1201270,10,,single
1790293744,1202130,184,,single
1790293745,1202900,14,,single
1790293746,1203220,7852,,single
1790293748,1203710,34,,single
1790293749,1205040,15,,single
1790293751,1205520,31,,single
1790293752,1206430,4,,single
1790293753,1206610,25,,single
1790293755,1210030,0,,single
1790293756,1210320,472,,single
1790293757,1211630,62,,single
1790293760,1214360,1,,single
1790293761,1215390,124,,single
1790293763,1216710,17,,single
1790293764,1218900,0,,single
1790293766,1220840,0,,single
1790293767,1222140,1741,,single
1790293768,1222680,1954,,single
1790293770,1223500,3,,single
1790293772,1225330,31,,single
1790293773,1227530,15,,single
1790293775,1227690,33,,single
1790293776,1229380,10,,single
1790293778,1230170,2,,single
1790293779,1232180,5,,single
1790293781,1233070,17,,single
1790293782,1233570,25,,single
1790293784,1234940,2,,single
1790293785,1237950,947,,single
1790293786,1238080,53,,single
1790293788,1239050,0,,single
1790293789,1239260,4,,single
1790293791,1239690,7,,single
1790293792,1241510,2,,single
1790293794,1242980,43,,single
1790293795,1244090,338,,single
1790293796,1244630,9,,single
1790293798,1245480,42,,single
1790293799,1248130,2777,,single
1790293800,1249970,92,,single
1790293803,1250760,5,,single
1790293804,1252830,1,,single
1790293806,1256670,711,,single
1790293807,1257410,3,,single
1790293809,1259420,1210,,single
1790293810,1259980,58,,single
1790293811,1260590,18,,single
1790293813,1262240,78,,single
1790293814,1262460,34,,single
1790293816,1262560,201,,single
1790293817,1262600,70,,single
1790293819,1263850,552,,single
1790293820,1264280,10,,single
1790293821,1265860,39,,single
1790293823,1266540,87,,single
1790293825,1267540,66,,single
1790293826,1268960,1,,single
1790293827,1270580,64,,single
1790293829,1271400,0,,single
1790293830,1272160,117,,single
1790293832,1273260,11,,single
1790293833,1273440,0,,single
1790293834,1274600,23,,single
1790293836,1275640,3,,single
1790293837,1278540,33,,single
1790293838,1281590,41,,single
1790293840,1282100,2920,,single
1790293841,1282730,135,,single
1790293843,1283400,41,,single
1790293844,1284210,3582,,single
1790293845,1286280,1,,single
1790293847,1286350,10,,single
1790293848,1286680,231,,single
1790293850,1286990,16,,single
1790293852,1289340,1,,single
1790293853,1289810,44,,single
1790293855,1291010,20,,single
1790293856,1291500,0,,single
1790293857,1293170,1,,single
1790293859,1294420,3,,single
1790293861,1294760,19,,single
1790293862,1295500,126,,single
1790293864,1295920,44,,single
1790293865,1297160,0,,single
1790293867,1299460,11,,single
1790293868,1301720,9,,single
1790293870,1304550,8,,single
1790293871,1305420,1,,single
1790293873,1307890,79,,single
1790293874,1309950,6,,single
1790293875,1310520,0,,single
1790293877,1313140,1664,,single
1790293878,1315980,3,,single
1790293880,1316910,2,,single
1790293881,1319460,2,,single
1790293882,1323420,3,,single
1790293884,1324530,4,,single
1790293885,1328350,29,,single
1790293887,1329500,70,,single
1790293888,1329880,2,,single
1790293890,1330470,6,,single
1790293891,1331440,1,,single
1790293892,1332470,1,,single
1790293894,1334730,0,,single
1790293895,1335560,1,,single
1790293897,1335830,35,,single
1790293898,1336560,0,,single
1790293899,1337520,168,,single
1790293901,1337890,2,,single
1790293902,1338580,0,,single
1790293904,1338840,1,,single
1790293905,1340530,0,,single
1790293907,1341290,111,,single
1790293908,1342620,1,,single
1790293909,1343240,23,,single
1790293911,1343400,1994,,single
1790293913,1345820,5,,single
1790293914,1346010,2,,single
1790293915,1347550,1,,single
1790293917,1347970,7,,single
1790293919,1350200,7,,single
1790293920,1351080,135,,single
1790293922,1352330,98,,single
1790293923,1352930,14,,single
1790293925,1356670,18,,single
1790293926,1357860,12,,single
1790293928,1358700,148,,single
1790293929,1360000,75,,single
1790293931,1360810,7,,single
1790293932,1361210,4142,,single
1790293933,1363080,3639,,single
1790293935,1364020,3,,single
1790293936,1364210,126,,single
1790293938,1364390,193,,single
1790293940,1366290,1,,single
1790293942,1366950,4,,single
1790293943,1368030,9,,single
1790293945,1369670,432,,single
1790293946,1370050,2,,single
1790293948,1372280,84,,single
1790293949,1372530,59,,single
1790293951,1373780,0,,single
1790293952,1375400,10,,single
1790293954,1376200,3,,single
1790293956,1377360,0,,single
1790293957,1377450,3,,single
1790293958,1379870,13,,single
1790293960,1382200,0,,single
1790293961,1384770,8,,single
1790293963,1386780,43,,single
1790293964,1388870,11,,single
1790293966,1389630,2,,single
1790293967,1390190,11,,single
1790293969,1392820,10,,single
1790293970,1393750,1,,single
1790293972,1396240,11,,single
1790293973,1397920,489,,single
1790293974,1401590,6926,,single
1790293976,1404210,617,,single
1790293977,1406850,5,,single
1790293979,1408230,20,,single
1790293980,1408720,6,,single
1790293982,1410710,35,,single
1790293983,1413480,95,,single
1790293984,1414180,0,,single
1790293986,1416130,0,,single
1790293987,1416260,43,,single
1790293989,1417930,64,,single
1790293991,1419170,1124,,single
1790293992,1420350,14,,single
1790293994,1421250,60,,single
1790293995,1422130,47,,single
1790293996,1423330,0,,single
1790293998,1426210,2081,,single
1790293999,1428100,1,,single
1790294001,1430680,11,,single
1790294002,1432100,5,,single
1790294003,1433340,29,,single
1790294005,1435670,5,,single
1790294006,1436590,6,,single
1790294008,1437760,21,,single
1790294009,1437830,235,,single
1790294011,1440670,33,,single
1790294012,1444110,1,,single
1790294013,1445790,27,,single
1790294015,1447430,1213,,single
1790294016,1448530,4,,single
1790294017,1449280,10,,single
1790294019,1450150,7,,single
1790294020,1450900,76,,single
1790294022,1451480,7,,single
1790294023,1451810,14,,single
1790294025,1455630,62,,single
1790294026,1455840,225,,single
1790294028,1456760,8,,single
1790294029,1458140,193,,single
1790294031,1461600,0,,single
1790294032,1462470,0,,single
1790294034,1462810,73,,single
1790294035,1465360,2453,,single
1790294037,1466640,58,,single
1790294038,1467920,4,,single
1790294040,1468720,83,,single
1790294041,1471410,41,,single
1790294043,1475380,1,,single
1790294044,1476970,12089,,single
1790294046,1477590,22,,single
1790294047,1478160,2,,single
1790294049,1481170,78,,single
1790294050,1482860,79,,single
1790294052,1484280,18,,single
1790294053,1485590,14,,single
1790294055,1486920,132,,single
1790294056,1489970,3,,single
1790294058,1491340,31,,single
1790294059,1493640,81,,single
1790294061,1494810,8,,single
1790294063,1499120,3,,single
1790294064,1502190,1,,single
1790294066,1506510,0,,single
1790294067,1509510,149,,single
1790294069,1509960,53,,single
1790294070,1511460,25,,single
1790294072,1511670,1,,single
1790294073,1514930,2,,single
1790294075,1517290,669,,single
1790294076,1521580,27,,single
1790294078,1522820,134,,single
1790294079,1525700,206,,single
1790294081,1527910,5,,single
1790294082,1532200,28,,single
1790294084,1534980,52,,single
1790294085,1536090,51,,single
1790294086,1538970,4,,single
1790294088,1540210,20,,single
1790294089,1543280,4,,single
1790294091,1545450,63,,single
1790294092,1546310,3,,single
1790294094,1546400,18,,single
1790294095,1547890,26,,single
1790294098,1552350,16,,single
1790294099,1554790,10,,single
1790294101,1555710,2,,single
1790294102,1556790,73,,single
1790294104,1557740,424,,single
1790294105,1558830,0,,single
1790294107,1560250,39,,single
1790294108,1563130,1,,single
1790294110,1566690,57,,single
1790294111,1567440,4,,single
1790294112,1569090,2,,single
1790294114,1569580,918,,single
1790294115,1570070,10,,single
1790294117,1571100,1,,single
1790294119,1574260,11,,single
1790294120,1574580,62,,single
1790294122,1574900,32,,single
1790294123,1575940,684,,single
1790294125,1578390,178,,single
1790294126,1578860,0,,single
1790294128,1580240,87,,single
1790294129,1581770,26,,single
1790294131,1582680,3,,single
1790294132,1585220,14,,single
1790294134,1588530,133,,single
1790294135,1590230,8,,single
1790294136,1591420,15,,single
1790294138,1592280,26,,single
1790294139,1592520,4,,single
1790294141,1594320,1564,,single
1790294142,1596310,5,,single
1790294143,1599330,22,,single
1790294145,1599600,864,,single
1790294146,1600530,37,,single
1790294148,1601970,13,,single
1790294149,1603180,29,,single
1790294151,1604000,12,,single
1790294152,1605220,162,,single
1790294153,1606340,274,,single
1790294155,1608070,159,,single
1790294156,1608290,25,,single
1790294158,1608700,0,,single
1790294160,1610470,36,,single
1790294161,1611430,9,,single
1790294162,1611910,176,,single
1790294164,1614440,21,,single
1790294165,1618540,24,,single
1790294167,1621070,46,,single
1790294168,1621690,4219,,single
1790294170,1623940,36,,single
1790294171,1625080,0,,single
1790294173,1627720,1707,,single
1790294174,1629530,7,,single
1790294176,1631470,28,,single
1790294177,1635590,5,,single
1790294178,1637730,50,,single
1790294180,1638230,7,,single
1790294181,1644960,94,,single
1790294183,1646850,11,,single
1790294184,1649010,24,,single
1790294186,1649950,76,,single
1790294187,1651560,93,,single
1790294189,1652250,37,,single
1790294190,1657630,1226,,single
1790294192,1658280,78,,single
1790294193,1659420,423,,single
1790294195,1661630,1,,single
1790294196,1663220,17,,single
1790294198,1665460,18155,,single
1790294199,1668690,7,,single
1790294201,1669170,1,,single
1790294202,1672970,664,,single
1790294203,1675830,17,,single
1790294205,1677110,109,,single
1790294206,1677310,83,,single
1790294207,1679290,3,,single
1790294209,1681970,1,,single
1790294210,1682970,345,,single
1790294212,1689500,295,,single
1790294213,1689910,8,,single
1790294215,1694420,69,,single
1790294216,1696810,69,,single
1790294217,1699480,62,,single
1790294219,1700870,241,,single
1790294220,1701800,4,,single
1790294222,1705180,78,,single
1790294223,1708520,22,,single
1790294224,1710580,11,,single
1790294226,1712350,16,,single
1790294227,1715280,8,,single
1790294229,1718130,3,,single
1790294230,1723260,8,,single
1790294232,1726190,3,,single
1790294233,1730680,5,,single
1790294234,1731070,13,,single
1790294236,1735700,46,,single
1790294237,1737870,38,,single
1790294239,1740720,34,,single
1790294240,1746030,23,,single
1790294242,1747760,11,,single
1790294243,1750770,28,,single
1790294245,1755830,30,,single
1790294246,1761390,256,,single
1790294248,1763050,14,,single
1790294249,1766740,47,,single
1790294251,1769170,60,,single
1790294252,1771300,6151,,single
1790294253,1777760,14,,single
1790294255,1782120,276,,single
1790294256,1783360,1,,single
1790294258,1787090,1153,,single
1790294260,1790600,1086,,single
1790294261,1796220,38,,single
1790294262,1796790,139,,single
1790294264,1799930,12,,single
1790294265,1802720,3,,single
1790294267,1809540,467,,single
1790294268,1811260,433,,single
1790294269,1811990,61,,single
1790294271,1812370,17,,single
1790294272,1815570,7,,single
1790294273,1817070,2536,,single
1790294275,1817800,32,,single
1790294276,1822550,27,,single
1790294278,1823930,5,,single
1790294279,1830970,23,,single
1790294281,1832640,4,,single
1790294282,1836160,3,,single
1790294283,1839430,26,,single
1790294285,1839880,7,,single
1790294287,1839950,435,,single
1790294288,1843940,28,,single
1790294290,1846170,11,,single
1790294291,1847240,6,,single
1790294293,1849250,100,,single
1790294294,1850160,65,,single
1790294296,1850510,74,,single
1790294297,1853200,1,,single
1790294299,1859470,17,,single
1790294300,1862520,38,,single
1790294302,1865060,62,,single
1790294303,1869270,18,,single
1790294305,1874170,51,,single
1790294306,1874880,8836,,single
1790294308,1875830,504,,single
1790294309,1881200,24,,single
1790294310,1881610,10,,single
1790294312,1883260,4,,single
1790294314,1886070,6,,single
1790294315,1887840,120,,single
1790294316,1889040,6,,single
1790294318,1892030,71,,single
1790294319,1893810,25,,single
1790294321,1895130,29,,single
1790294323,1896390,11,,single
1790294324,1899060,17,,single
1790294326,1902710,0,,single
1790294327,1903620,13,,single
1790294328,1907590,4,,single
1790294330,1910680,297,,single
1790294331,1911610,71,,single
1790294333,1913370,686,,single
1790294334,1919590,183,,single
1790294335,1920780,9,,single
1790294337,1924490,1,,single
1790294338,1929870,9,,single
1790294340,1931950,0,,single
1790294341,1932640,115,,single
1790294343,1934570,19,,single
1790294344,1937500,68,,single
1790294346,1939160,35,,single
1790294347,1942660,20,,single
1790294350,1944430,55,,single
1790294351,1946550,0,,single
1790294352,1949190,10,,single
1790294354,1951230,14,,single
1790294356,1953520,49,,single
1790294358,1955230,7,,single
1790294360,1956040,10,,single
1790294361,1957780,175,,single
1790294363,1963040,13,,single
1790294364,1966900,56,,single
1790294366,1967510,3,,single
1790294367,1968730,28,,single
1790294369,1970980,11,,single
1790294370,1972440,62,,single
1790294371,1977170,8,,single
1790294373,1979440,15,,single
1790294374,1981570,19,,single
1790294376,1985170,0,,single
1790294377,1989270,244,,single
1790294379,1999170,5,,single
1790294380,2005010,84,,single
1790294382,2009350,419,,single
1790294383,2013240,23,,single
1790294384,2014780,643,,single
1790294386,2017080,20,,single
1790294387,2021880,20,,single
1790294389,2026000,185,,single
1790294390,2027330,550,,single
1790294392,2055050,32,,single
1790294393,2058180,153,,single
1790294394,2059170,626,,single
1790294396,2060130,11,,single
1790294397,2061440,2,,single
1790294399,2064870,71,,single
1790294400,2067050,20,,single
1790294402,2067920,69,,single
1790294403,2069040,6,,single
1790294404,2069900,0,,single
1790294408,2073470,0,,single
1790294409,2076010,229,,single
1790294411,2078450,15,,single
1790294413,2084000,134,,single
1790294414,2086430,29,,single
1790294415,2089600,42,,single
1790294417,2095300,4,,single
1790294418,2096610,41,,single
1790294421,2099110,31,,single
1790294423,2103140,700,,single
1790294424,2106840,27,,single
1790294426,2109370,44,,single
1790294427,2113900,17,,single
1790294429,2116120,186,,single
1790294430,2119740,4,,single
1790294432,2124120,567,,single
1790294433,2124780,1,,single
1790294434,2131630,174,,single
1790294436,2131650,141,,single
1790294437,2135150,712,,single
1790294439,2140330,101,,single
1790294440,2143680,2,,single
1790294441,2151290,207,,single
1790294443,2160220,13,,single
1790294444,2163330,751,,single
1790294446,2168680,819,,single
1790294447,2171630,1,,single
1790294449,2172260,13,,single
1790294450,2181610,13,,single
1790294451,2181930,2,,single
1790294453,2183650,47,,single
1790294454,2185060,743,,single
1790294456,2186680,2753,,single
1790294457,2193490,12,,single
1790294459,2195120,90,,single
1790294460,2195410,4,,single
1790294462,2200780,59,,single
1790294464,2206210,6,,single
1790294465,2207490,46,,single
1790294466,2208920,1821,,single
1790294468,2212330,875,,single
1790294469,2216130,7,,single
1790294471,2218400,37,,single
1790294472,2228280,6,,single
1790294474,2230650,18,,single
1790294475,2231380,2390,,single
1790294477,2235240,12,,single
1790294478,2238900,83,,single
1790294480,2239550,215,,single
1790294481,2248430,15,,single
1790294483,2252570,9309,,single
1790294484,2254740,19,,single
1790294486,2272250,25,,single
1790294487,2272900,6,,single
1790294489,2273550,3,,single
1790294490,2275150,2,,single
1790294492,2281410,14,,single
1790294495,2288150,256,,single
1790294497,2290000,11,,single
1790294498,2291340,30,,single
1790294500,2294660,421,,single
1790294501,2299900,7,,single
1790294503,2302140,2,,single
1790294504,2303350,43,,single
1790294506,2307350,150,,single
1790294508,2314720,1,,single
1790294509,2321470,623,,single
1790294511,2322440,14,,single
1790294512,2328750,16,,single
1790294513,2331330,15,,single
1790294515,2336220,324,,single
1790294516,2344320,0,,single
1790294518,2351560,40,,single
1790294519,2354000,8,,single
1790294521,2357000,20,,single
1790294522,2362300,13,,single
1790294524,2366980,24,,single
1790294525,2378900,149,,single
1790294527,2379910,8,,single
1790294528,2381590,7,,single
1790294529,2384580,490,,single
1790294531,2390260,6,,single
1790294532,2399830,15250,,single
1790294534,2400340,1,,single
1790294535,2400770,31,,single
1790294537,2408820,265,,single
1790294538,2418520,1212,,single
1790294540,2420110,939,,single
1790294541,2421410,12,,single
1790294542,2431660,1,,single
1790294544,2436940,1697,,single
1790294545,2442460,27,,single
1790294547,2455640,559,,single
1790294548,2470300,2,,single
1790294550,2477090,9,,single
1790294552,2479810,1286,,single
1790294553,2486740,105,,single
1790294554,2495100,854,,single
1790294556,2499470,11,,single
1790294557,2503770,94,,single
1790294559,2510710,8,,single
1790294560,2512560,0,,single
1790294562,2515020,803,,single
1790294563,2521380,23,,single
1790294564,2525310,72,,single
1790294566,2531310,1501,,single
1790294567,2535830,2,,single
1790294569,2543180,8,,single
1790294570,2552430,4997,,single
1790294571,2555320,0,,single
1790294573,2559270,4,,single
1790294574,2570210,80,,single
1790294576,2581700,29,,single
1790294577,2591280,425,,single
1790294579,2594540,15,,single
1790294580,2597080,153,,single
1790294581,2608270,59,,single
1790294583,2617400,22,,single
1790294584,2634890,84,,single
1790294586,2638370,7,,single
1790294587,2646460,1083,,single
1790294589,2651280,2297,,single
1790294590,2653790,15,,single
1790294592,2656540,10,,single
1790294593,2658470,1,,single
1790294595,2669320,2304,,single
1790294596,2670630,2575,,single
1790294598,2675290,1,,single
1790294599,2677660,177,,single
1790294601,2683150,163,,single
1790294603,2688570,3,,single
1790294604,2689470,11,,single
1790294606,2694420,10,,single
1790294607,2697930,14,,single
1790294608,2706170,39,,single
1790294610,2707940,62,,single
1790294611,2709570,2919,,single
1790294612,2719030,23,,single
1790294614,2719290,8,,single
1790294616,2737300,6,,single
1790294617,2758000,3,,single
1790294619,2772750,326,,single
1790294620,2780980,263,,single
1790294622,2793710,7,,single
1790294624,2798600,0,,single
1790294625,2818260,49,,single
1790294626,2825530,65,,single
1790294628,2827230,52,,single
1790294629,2842040,777,,single
1790294631,2850190,0,,single
1790294632,2865490,0,,single
1790294634,2878420,120,,single
1790294635,2881650,522,,single
1790294636,2890830,61,,single
1790294638,2909400,2393,,single
1790294640,2923390,8,,single
1790294641,2928520,39,,single
1790294643,2933130,388,,single
1790294645,2961530,14,,single
1790294646,2963880,10,,single
1790294648,2971610,13,,single
1790294649,2993780,160,,single
1790294651,3017860,603,,single
1790294652,3020510,1495,,single
1790294654,3028310,80,,single
1790294655,3035570,342,,single
1790294657,3059010,6,,single
1790294658,3097560,385,,single
1790294660,3107800,0,,single
1790294662,3117820,287,,single
1790294663,3126330,12,,single
1790294665,3132990,20,,single
1790294666,3150440,28,,single
1790294667,3167550,282,,single
1790294669,3170540,38,,single
1790294670,3178350,67,,single
1790294672,3204250,10,,single
1790294674,3226530,322,,single
1790294675,3228590,347,,single
1790294676,3261010,3,,single
1790294678,3292260,4,,single
1790294679,3399950,33,,single
1790294681,3416070,260,,single
1790294682,3463050,2,,single
1790294684,1326470,4358,,single
1790294685,1546990,307,,single
1790294686,292030,6516,,single
1790294688,360,10,,single
1790294689,1930,14,,single
1790294691,2290,2,,single
1790294692,2450,0,,single
1790294694,2590,0,,single
1790294695,2870,6,,single
1790294697,3483,9,,single
1790294699,3730,3,,single
1790294700,4720,5,,single
1790294702,4920,57,,single
1790294703,6080,4,,single
1790294705,6300,2,,single
1790294707,6420,1,,single
1790294708,6830,21,,single
1790294710,6880,4,,single
1790294711,7110,13,,single
1790294713,7520,10,,single
1790294714,7650,12,,single
1790294715,8600,7,,single
1790294717,9460,2,,single
1790294719,9940,1,,single
1790294720,11190,7,,single
1790294721,12130,27,,single
1790294723,12160,1,,single
1790294724,13140,1,,single
1790294726,13540,16,,single
1790294727,13580,6,,single
1790294729,15170,116,,single
1790294730,15270,0,,single
1790294731,15500,0,,single
1790294733,15740,4,,single
1790294734,16720,2,,single
1790294736,17430,10,,single
1790294737,18040,2,,single
1790294739,19000,9,,single
1790294740,19830,15,,single
1790294742,19980,13,,single
1790294744,20550,2,,single
1790294745,20920,367,,single
1790294747,21120,8,,single
1790294748,21680,0,,single
1790294749,21800,14,,single
1790294751,22120,2,,single
1790294752,22300,30,,single
1790294754,22350,3,,single
1790294755,22450,1,,single
1790294756,22650,1,,single
1790294758,23530,4,,single
1790294759,24800,223,,single
1790294761,24870,3,,single
1790294763,42890,21,,single
1790294764,26500,0,,single
1790294765,28000,8,,single
1790294767,29900,9,,single
1790294768,32340,1,,single
1790294770,32500,16,,single
1790294771,34190,17,,single
1790294772,34900,5,,single
1790294774,37600,1,,single
1790294775,38700,0,,single
1790294777,39160,4,,single
1790294778,39500,71,,single
1790294779,40400,4,,single
1790294781,41800,0,,single
1790294782,42170,0,,single
1790294784,42990,1,,single
1790294785,44340,0,,single
1790294787,45750,5,,single
1790294788,46560,8,,single
1790294790,47410,263,,single
1790294791,47800,5,,single
1790294793,47920,2,,single
1790294795,48240,46,,single
1790294796,49470,7,,single
1790294799,50130,83,,single
1790294800,55100,8,,single
1790294801,57650,0,,single
1790294803,57740,19,,single
1790294804,61500,16,,single
1790294806,63500,1,,single
1790294808,63700,0,,single
1790294809,63950,0,,single
1790294810,65930,13,,single
1790294812,67370,26,,single
1790294814,71250,80,,single
1790294815,73020,14,,single
1790294816,91600,4,,single
1790294818,92100,1,,single
1790294819,93200,0,,single
1790294821,96100,1,,single
1790294822,99300,0,,single
1790294823,102500,12,,single
1790294825,104600,1,,single
1790294826,108500,0,,single
1790294828,111800,0,,single
1790294829,113400,155,,single
1790294830,115120,4,,single
1790294832,200910,2,,single
1790294833,201290,12,,single
1790294835,201510,3,,single
1790294836,202310,3,,single
1790294838,202990,223,,single
1790294840,203510,0,,single
1790294841,203810,0,,single
1790294842,204100,197,,single
1790294844,205020,1,,single
1790294845,205710,243,,single
1790294847,205950,7,,single
1790294848,207420,0,,single
1790294849,208670,3,,single
1790294851,208750,0,,single
1790294852,209100,1,,single
1790294854,209630,0,,single
1790294855,209870,1,,single
1790294857,210950,0,,single
1790294858,211340,0,,single
1790294860,211500,386,,single
1790294861,212070,26,,single
1790294863,212200,497,,single
1790294864,212630,46,,single
1790294865,214250,1,,single
1790294867,214790,2,,single
1790294869,215080,295,,single
1790294870,215160,4,,single
1790294872,215630,0,,single
1790294874,215790,0,,single
1790294875,215930,20,,single
1790294877,216260,0,,single
1790294878,217100,0,,single
1790294880,217690,0,,single
1790294882,217790,0,,single
1790294883,218090,6,,single
1790294884,218510,0,,single
1790294886,218740,0,,single
1790294887,219830,0,,single
1790294888,220240,907,,single
1790294890,220700,157,,single
1790294891,221020,1,,single
1790294892,221180,12,,single
1790294894,222480,166,,single
1790294895,222940,19,,single
1790294897,223100,35,,single
1790294898,223490,2,,single
1790294899,403120,4,,single
1790294901,224980,3,,single
1790294902,225160,7,,single
1790294903,225320,2,,single
1790294905,225540,453,,single
1790294906,225640,14,,single
1790294908,226560,1,,single
1790294909,226700,8,,single
1790294911,227180,2,,single
1790294912,227860,27,,single
1790294913,228300,16,,single
1790294915,230700,17,,single
1790294916,231060,3,,single
1790294918,231330,0,,single
1790294919,232050,16,,single
1790294921,232430,3,,single
1790294922,233230,1,,single
1790294924,233350,5,,single
1790294925,233720,54,,single
1790294926,234080,59,,single
1790294928,234390,1,,single
1790294929,235250,0,,single
1790294931,235380,3,,single
1790294933,236110,321,,single
1790294934,236510,2,,single
1790294935,236870,28,,single
1790294937,237310,245,,single
1790294938,237890,8,,single
1790294940,238260,19,,single
1790294941,238370,14,,single
1790294942,238910,2,,single
1790294944,239070,10,,single
1790294945,239200,7,,single
1790294947,240320,3,,single
1790294948,240720,126,,single
1790294949,241320,1,,single
1790294951,241720,1,,single
1790294952,242720,0,,single
1790294955,242980,1,,single
1790294957,243120,2,,single
1790294960,243200,7,,single
1790294961,243930,3,,single
1790294963,244590,1,,single
1790294965,244910,1,,single
1790294966,245280,9,,single
1790294968,245370,0,,single
1790294969,246070,0,,single
1790294970,246110,2,,single
1790294972,247660,5,,single
1790294973,248650,0,,single
1790294975,249230,21,,single
1790294976,249630,1,,single
1790294977,249990,0,,single
1790294979,250400,12,,single
1790294980,250460,1,,single
1790294982,250620,5,,single
1790294983,250700,1,,single
1790294985,251370,0,,single
1790294986,251630,1,,single
1790294988,251870,2,,single
1790294989,252330,7,,single
1790294991,252370,2,,single
1790294992,252490,63612,,single
1790294993,253150,0,,single
1790294995,253250,33,,single
1790294996,253650,38,,single
1790294998,253940,3,,single
1790294999,254440,6,,single
1790295000,255220,8,,single
1790295002,255300,6,,single
1790295003,255420,5,,single
1790295005,256190,3,,single
1790295006,257050,0,,single
1790295007,257420,44,,single
1790295009,257710,1,,single
1790295010,258010,0,,single
1790295011,258970,24,,single
1790295013,260160,11,,single
1790295014,260410,1,,single
1790295016,261110,4,,single
1790295017,261700,0,,single
1790295018,262000,0,,single
1790295020,262260,2,,single
1790295021,262470,0,,single
1790295022,262960,2,,single
1790295024,263200,2,,single
1790295025,263560,1,,single
1790295027,263980,0,,single
1790295028,264730,0,,single
1790295029,265330,8,,single
1790295031,265590,5,,single
1790295032,265990,6,,single
1790295034,266130,0,,single
1790295035,267600,0,,single
1790295036,268750,5,,single
1790295038,269110,3,,single
1790295039,269210,2115,,single
1790295040,269310,6,,single
1790295042,269650,4,,single
1790295043,269730,1,,single
1790295045,270170,3,,single
1790295046,270630,2,,single
1790295047,270910,5,,single
1790295049,271260,7,,single
1790295050,271670,0,,single
1790295052,271820,0,,single
1790295053,272230,0,,single
1790295055,273350,14,,single
1790295056,274250,0,,single
1790295057,274310,0,,single
1790295059,274560,0,,single
1790295060,275180,2,,single
1790295062,275670,1,,single
1790295063,277450,16,,single
1790295064,278100,0,,single
1790295066,278970,1,,single
1790295067,280680,1206,,single
1790295069,280790,26,,single
1790295070,281610,19,,single
1790295072,282050,6,,single
1790295073,282210,20,,single
1790295074,282590,2,,single
1790295076,282900,23,,single
1790295077,283640,44,,single
1790295078,283940,17,,single
1790295080,284750,3,,single
1790295081,284950,0,,single
1790295083,285820,0,,single
1790295085,286240,3,,single
1790295086,287020,2,,single
1790295087,287390,334,,single
1790295089,287920,4,,single
1790295090,288140,15,,single
1790295091,289090,0,,single
1790295093,290080,102,,single
1790295094,290510,1,,single
1790295095,291010,0,,single
1790295097,291550,11364,,single
1790295098,292120,283,,single
1790295099,292410,9,,single
1790295101,293220,0,,single
1790295103,293540,1,,single
1790295104,294160,0,,single
1790295105,294660,24,,single
1790295107,296070,0,,single
1790295108,296770,2,,single
1790295110,297000,860,,single
1790295111,297120,1,,single
1790295112,297860,8,,single
1790295114,298180,0,,single
1790295115,298520,1,,single
1790295117,299460,0,,single
1790295118,299740,47,,single
1790295120,300060,1,,single
1790295121,300970,26,,single
1790295122,301280,6,,single
1790295124,301910,16,,single
1790295125,302510,37,,single
1790295127,302790,0,,single
1790295128,303390,5,,single
1790295130,303680,5,,single
1790295131,304030,2,,single
1790295132,304730,5,,single
1790295134,305260,14,,single
1790295136,306040,0,,single
1790295137,307050,1,,single
1790295139,307880,0,,single
1790295140,310370,2,,single
1790295142,310890,0,,single
1790295143,311010,0,,single
1790295145,311260,100,,single
1790295146,311730,60,,single
1790295147,311800,1,,single
1790295149,312280,10,,single
1790295150,312560,11,,single
1790295152,312750,47,,single
1790295153,312840,26,,single
1790295154,313020,0,,single
1790295156,313730,0,,single
1790295158,313780,1,,single
1790295159,314020,0,,single
1790295161,314150,2,,single
1790295162,314660,5,,single
1790295164,314790,3,,single
1790295165,315210,73,,single
1790295166,315660,48,,single
1790295168,317250,0,,single
1790295169,317470,20,,single
1790295170,318020,8,,single
1790295172,318230,3,,single
1790295173,318970,1,,single
1790295175,319480,0,,single
1790295176,320240,39,,single
1790295177,321270,4,,single
1790295179,321480,1,,single
1790295182,322110,18,,single
1790295184,323220,25,,single
1790295185,324510,10,,single
1790295187,324740,0,,single
1790295188,325090,0,,single
1790295189,326160,24,,single
1790295191,327030,212,,single
1790295192,327220,9,,single
1790295193,327670,1,,single
1790295195,328070,0,,single
1790295196,329430,79,,single
1790295198,329490,1,,single
1790295199,330020,502,,single
1790295201,330390,16,,single
1790295202,330840,2,,single
1790295204,331440,0,,single
1790295205,331690,0,,single
1790295207,1116960,7,,single
1790295208,333980,3,,single
1790295209,334120,1,,single
1790295211,334420,1,,single
1790295212,335190,0,,single
1790295214,336130,0,,single
1790295215,337930,2,,single
1790295217,338390,5,,single
1790295218,339200,4,,single
1790295220,339340,265,,single
1790295221,339600,3,,single
1790295223,340000,1,,single
1790295224,340150,5,,single
1790295225,340490,1,,single
1790295227,341500,0,,single
1790295232,342180,2,,single
1790295233,342380,2,,single
1790295235,342980,0,,single
1790295236,343710,2,,single
1790295238,344740,1,,single
1790295239,344850,6,,single
1790295241,345240,64,,single
1790295242,345330,0,,single
1790295244,345370,31,,single
1790295245,345610,7,,single
1790295247,345820,12,,single
1790295248,346250,0,,single
1790295249,346850,19,,single
1790295251,347430,0,,single
1790295253,347600,5,,single
1790295254,347800,7,,single
1790295255,348200,25,,single
1790295258,348510,0,,single
1790295260,349730,3,,single
1790295261,350640,16,,single
1790295263,350910,0,,single
1790295264,351090,4,,single
1790295266,351290,0,,single
1790295267,351800,0,,single
1790295268,352550,0,,single
1790295270,353270,5,,single
1790295271,353540,4,,single
1790295272,354200,5,,single
1790295274,354380,4,,single
1790295275,355250,2,,single
1790295277,355840,0,,single
1790295278,356050,0,,single
1790295279,356310,19,,single
1790295281,356670,13,,single
1790295282,357310,10,,single
1790295283,357900,70,,single
1790295285,359050,7,,single
1790295287,359230,1,,single
1790295288,359800,13,,single
1790295289,359870,629,,single
1790295291,360430,553,,single
1790295292,360870,1,,single
1790295294,361300,8,,single
1790295295,362870,34,,single
1790295297,363360,4,,single
1790295299,363600,2,,single
1790295300,363930,3,,single
1790295301,364470,2,,single
1790295303,365670,9312,,single
1790295304,366220,70,,single
1790295305,366250,9,,single
1790295307,366910,1,,single
1790295308,367270,12,,single
1790295310,368340,95,,single
1790295311,368430,0,,single
1790295312,368860,0,,single
1790295314,369070,0,,single
1790295315,369530,2,,single
1790295317,371140,4,,single
1790295318,371200,0,,single
1790295319,371660,493,,single
1790295321,373330,0,,single
1790295323,375200,1,,single
1790295325,375600,0,,single
1790295326,376520,1,,single
1790295327,377160,10218,,single
1790295329,377530,40,,single
1790295330,378360,15,,single
1790295331,378720,14,,single
1790295333,378860,61,,single
1790295334,379980,0,,single
1790295336,380360,5,,single
1790295337,381210,39427,,single
1790295339,381990,4,,single
1790295340,382890,4,,single
1790295341,383080,44,,single
1790295343,383180,65,,single
1790295344,383580,0,,single
1790295346,384360,0,,single
1790295347,384740,1,,single
1790295348,385370,1,,single
1790295350,385730,3,,single
1790295351,386180,627,,single
1790295353,387340,1,,single
1790295354,387970,0,,single
1790295355,388750,5,,single
1790295358,389430,2077,,single
1790295360,389670,0,,single
1790295361,390340,3,,single
1790295363,390720,0,,single
1790295364,391270,0,,single
1790295366,391720,17,,single
1790295367,393080,52,,single
1790295369,393420,27,,single
1790295370,393530,17,,single
1790295371,394310,63,,single
1790295373,395200,4,,single
1790295374,396350,0,,single
1790295375,397100,2,,single
1790295377,397540,1956,,single
1790295378,399790,7,,single
1790295380,400040,2230,,single
1790295381,400110,0,,single
1790295382,400250,0,,single
1790295384,400740,10,,single
1790295385,400940,4,,single
1790295387,401710,0,,single
1790295388,402180,0,,single
1790295390,402330,1,,single
1790295391,402620,1,,single
1790295392,402840,166,,single
1790295394,403430,6,,single
1790295395,404620,0,,single
1790295397,405500,0,,single
1790295398,407560,0,,single
1790295400,408930,0,,single
1790295401,409100,0,,single
1790295402,409670,0,,single
1790295404,409870,6,,single
1790295405,410710,3,,single
1790295407,411000,2,,single
1790295408,411370,15,,single
1790295410,411970,3,,single
1790295411,412450,0,,single
1790295412,414530,0,,single
1790295414,414870,0,,single
1790295415,415600,84,,single
1790295417,416590,0,,single
1790295418,416690,0,,single
1790295419,417290,6,,single
1790295421,418620,1,,single
1790295422,420110,11,,single
1790295424,420790,113,,single
1790295425,421170,11,,single
1790295427,422510,1,,single
1790295428,422910,14,,single
1790295429,423580,45,,single
1790295431,423950,0,,single
1790295432,426000,51,,single
1790295434,427100,37,,single
1790295435,427290,108,,single
1790295436,427510,9,,single
1790295438,427760,0,,single
1790295439,427940,2,,single
1790295441,429180,0,,single
1790295442,429540,11,,single
1790295444,431590,10,,single
1790295445,431960,46313,,single
1790295446,432350,67,,single
1790295448,433170,0,,single
1790295449,433350,19,,single
1790295451,433850,98,,single
1790295452,434260,3,,single
1790295453,434460,6,,single
1790295455,434650,27,,single
1790295457,435030,27,,single
1790295458,436110,1,,single
1790295459,436500,1,,single
1790295461,436670,36,,single
1790295462,437570,0,,single
1790295464,438490,27,,single
1790295465,438740,9,,single
1790295467,439940,0,,single
1790295468,440650,36,,single
1790295470,441380,2,,single
1790295471,441830,4,,single
1790295473,442070,11,,single
1790295475,442500,1,,single
1790295476,443110,47,,single
1790295478,443810,32,,single
1790295479,444930,19,,single
1790295481,445130,0,,single
1790295482,446020,11,,single
1790295484,447820,11,,single
1790295485,449140,2,,single
1790295486,449800,6,,single
1790295488,450220,0,,single
1790295489,451840,0,,single
1790295491,452490,1,,single
1790295492,453480,7,,single
1790295493,454060,0,,single
1790295495,455910,2,,single
1790295496,457330,1,,single
1790295498,458750,549,,single
1790295499,459820,946,,single
1790295500,460430,1,,single
1790295502,460790,144,,single
1790295503,461040,14,,single
1790295505,461640,1,,single
1790295506,461870,1,,single
1790295507,462780,93,,single
1790295509,462960,5,,single
1790295510,463270,1,,single
1790295511,464780,0,,single
1790295513,465200,5,,single
1790295514,465490,35,,single
1790295516,465760,0,,single
1790295517,466130,27,,single
1790295519,466940,1,,single
1790295520,468530,0,,single
1790295521,469610,5,,single
1790295523,469820,3,,single
1790295524,469990,9,,single
1790295525,471550,12,,single
1790295527,472870,12,,single
1790295528,474750,6,,single
1790295530,476650,2,,single
1790295531,480640,4,,single
1790295533,485030,0,,single
1790295534,485450,2,,single
1790295535,486720,2,,single
1790295537,487000,9,,single
1790295538,487220,0,,single
1790295540,487720,4,,single
1790295541,488790,621,,single
1790295543,489940,1,,single
1790295544,490280,6,,single
1790295546,493370,16,,single
1790295547,493520,351,,single
1790295548,494430,7,,single
1790295550,495420,1115,,single
1790295551,496240,15,,single
1790295553,496460,30,,single
1790295554,496810,0,,single
1790295555,499890,0,,single
1790295558,501790,0,,single
1790295559,502550,0,,single
1790295561,502820,1,,single
1790295562,503350,0,,single
1790295563,503620,3,,single
1790295565,504130,7,,single
1790295566,505460,1273,,single
1790295568,505640,2,,single
1790295569,505740,1,,single
1790295571,506610,19,,single
1790295573,509980,51,,single
1790295574,510490,0,,single
1790295575,511680,17,,single
1790295577,512250,3,,single
1790295578,513000,14,,single
1790295580,513450,0,,single
1790295581,514310,2,,single
1790295582,514920,1,,single
1790295584,515220,7,,single
1790295585,518060,9,,single
1790295587,519140,1,,single
1790295588,520010,0,,single
1790295589,520720,3,,single
1790295591,521150,13,,single
1790295592,522210,8,,single
1790295593,523650,4,,single
1790295595,524580,2,,single
1790295596,525680,6,,single
1790295598,526160,7,,single
1790295599,527100,1,,single
1790295601,527450,0,,single
1790295602,528550,1,,single
1790295604,529180,19,,single
1790295606,529590,1,,single
1790295607,529780,0,,single
1790295609,530390,1,,single
1790295610,530890,19,,single
1790295611,532210,117,,single
1790295613,533540,8,,single
1790295614,534380,2476,,single
1790295616,535480,6,,single
1790295617,536270,140,,single
1790295618,536930,1,,single
1790295620,537340,8,,single
1790295621,538030,132,,single
1790295623,540610,0,,single
1790295625,541670,11,,single
1790295626,543460,40,,single
1790295627,544730,801,,single
1790295629,545540,3,,single
1790295630,546050,25,,single
1790295632,546390,0,,single
1790295633,547680,0,,single
1790295635,549260,0,,single
1790295637,550650,173,,single
1790295638,551170,314,,single
1790295640,552590,1,,single
1790295641,552700,24,,single
1790295642,554510,0,,single
1790295644,555210,0,,single
1790295645,555570,94,,single
1790295646,556180,3,,single
1790295648,557400,26,,single
1790295649,559100,7,,single
1790295651,559680,10,,single
1790295652,560170,2,,single
1790295654,562230,1,,single
1790295655,564230,102,,single
1790295656,566190,0,,single
1790295658,566540,10,,single
1790295659,567280,0,,single
1790295660,567640,334,,single
1790295662,569610,31,,single
1790295663,570840,6,,single
1790295665,572410,28,,single
1790295666,574720,8,,single
1790295667,575550,0,,single
1790295669,576500,2,,single
1790295671,578080,93128,,single
1790295672,578650,46,,single
1790295674,579180,30,,single
1790295675,580040,1,,single
1790295676,581320,786,,single
1790295678,582660,19928,,single
1790295679,585450,8,,single
1790295680,585690,9,,single
1790295682,586140,255,,single
1790295683,586350,73,,single
1790295685,587100,8,,single
1790295686,587260,4,,single
1790295687,587860,3,,single
1790295689,588210,2,,single
1790295690,588950,15,,single
1790295692,589500,5,,single
1790295693,589780,6,,single
1790295694,591420,1,,single
1790295696,593640,1,,single
1790295697,594330,27,,single
1790295699,597820,32,,single
1790295700,598330,25,,single
1790295702,599080,1,,single
1790295703,601050,75,,single
1790295705,601530,0,,single
1790295706,602520,11,,single
1790295707,603530,6,,single
1790295709,604500,59,,single
1790295710,605450,0,,single
1790295712,606280,65,,single
1790295714,606800,35,,single
1790295715,607050,17,,single
1790295716,607890,6,,single
1790295718,609150,24,,single
1790295719,609920,10,,single
1790295721,611660,28,,single
1790295722,611790,91,,single
1790295723,612390,0,,single
1790295725,612570,4,,single
1790295726,612880,171,,single
1790295727,613880,15,,single
1790295729,617160,5,,single
1790295730,617700,3,,single
1790295732,618970,3,,single
1790295733,619540,1,,single
1790295734,619880,1,,single
1790295736,621070,0,,single
1790295737,622220,8,,single
1790295739,622650,77,,single
1790295740,623340,0,,single
1790295742,625960,773,,single
1790295743,626690,28,,single
1790295745,628730,0,,single
1790295746,629520,9120,,single
1790295747,629760,415,,single
1790295749,630100,1,,single
1790295750,632000,0,,single
1790295751,632470,1145,,single
1790295754,635200,2,,single
1790295755,636040,171,,single
1790295757,637090,1106,,single
1790295758,637650,499,,single
1790295760,638070,1,,single
1790295761,638650,6,,single
1790295762,638970,285,,single
1790295764,639790,0,,single
1790295765,640380,44,,single
1790295766,641780,24,,single
1790295768,644570,0,,single
1790295769,644930,1122,,single
1790295770,646200,0,,single
1790295772,649640,0,,single
1790295773,650000,1,,single
1790295775,650510,2,,single
1790295776,651660,4,,single
1790295777,652410,0,,single
1790295779,654990,0,,single
1790295780,657200,6,,single
1790295782,658620,25,,single
1790295783,661130,37,,single
1790295785,664430,2,,single
1790295786,665180,1,,single
1790295787,667610,16,,single
1790295789,668580,1070,,single
1790295790,669950,1,,single
1790295792,670290,257,,single
1790295793,671970,6,,single
1790295794,672680,164,,single
1790295796,673210,3,,single
1790295797,674020,6,,single
1790295799,674750,11,,single
1790295800,677340,6,,single
1790295802,678900,11,,single
1790295803,681660,1,,single
1790295805,683900,233,,single
1790295806,684580,2,,single
1790295808,685240,2,,single
1790295809,686680,3,,single
1790295810,687260,0,,single
1790295812,688060,4,,single
1790295814,689580,24,,single
1790295816,690810,0,,single
1790295817,691020,1,,single
1790295819,692840,1,,single
1790295820,694500,39,,single
1790295821,695290,6,,single
1790295823,696170,4,,single
1790295824,696480,0,,single
1790295825,698670,74,,single
1790295827,699330,8,,single
1790295828,700030,5,,single
1790295829,702050,17,,single
1790295831,702890,22,,single
1790295832,704270,223,,single
1790295834,706560,5,,single
1790295835,707010,199,,single
1790295836,709440,1,,single
1790295838,711750,5,,single
1790295839,712190,14,,single
1790295841,715560,5,,single
1790295842,716500,0,,single
1790295843,718590,3,,single
1790295845,718670,119,,single
1790295846,720250,6,,single
1790295848,722180,0,,single
1790295849,722560,3,,single
1790295850,723390,2,,single
1790295852,726390,13,,single
1790295853,727130,6,,single
1790295854,728530,73,,single
1790295857,730310,10,,single
1790295859,732240,5,,single
1790295860,733210,0,,single
1790295862,736220,24,,single
1790295863,737800,39,,single
1790295865,738530,1,,single
1790295866,739650,0,,single
1790295867,741670,2,,single
1790295869,743450,27,,single
1790295870,743900,53,,single
1790295872,744900,538,,single
1790295873,747200,7,,single
1790295875,747350,1,,single
1790295876,750050,0,,single
1790295877,751440,0,,single
1790295879,752900,24,,single
1790295880,753650,9,,single
1790295882,754530,9,,single
1790295883,755540,27,,single
1790295884,756530,4,,single
1790295886,757310,15,,single
1790295887,758480,1,,single
1790295889,761460,1,,single
1790295890,764300,10,,single
1790295892,765710,0,,single
1790295893,766570,5322,,single
1790295894,767930,1,,single
1790295896,768520,5,,single
1790295897,770390,0,,single
1790295899,773670,0,,single
1790295900,774171,371,,single
1790295902,774351,5,,single
1790295903,774541,1,,single
1790295904,775940,0,,single
1790295906,777130,307,,single
1790295907,779290,4,,single
1790295908,779590,1,,single
1790295910,781440,0,,single
1790295911,785260,3,,single
1790295913,787070,1,,single
1790295915,787980,6,,single
1790295916,788260,0,,single
1790295917,788690,0,,single
1790295919,790060,17,,single
1790295920,792220,3,,single
1790295922,794260,216,,single
1790295923,794600,300,,single
1790295925,798420,13,,single
1790295926,798810,1,,single
1790295928,802890,23,,single
1790295930,803980,1,,single
1790295931,804490,3,,single
1790295933,806510,0,,single
1790295934,809140,12,,single
1790295936,809890,3,,single
1790295937,812810,2,,single
1790295939,814480,22,,single
1790295940,814680,2,,single
1790295941,817130,11,,single
1790295943,819500,0,,single
1790295944,821880,32,,single
1790295946,822930,2,,single
1790295947,824070,1,,single
1790295948,825310,0,,single
1790295950,826940,1,,single
1790295951,830370,0,,single
1790295953,831560,83,,single
1790295954,834530,51,,single
1790295956,836450,3,,single
1790295957,838350,455,,single
1790295958,839310,4,,single
1790295960,841770,2,,single
1790295961,842910,1,,single
1790295963,844660,0,,single
1790295964,844930,3,,single
1790295966,846870,6,,single
1790295967,849740,2,,single
1790295968,851890,3,,single
1790295970,854940,1,,single
1790295971,857980,8,,single
1790295973,859570,2,,single
1790295974,862800,10,,single
1790295975,863550,79,,single
1790295977,865680,6,,single
1790295978,868020,2,,single
1790295980,869880,1,,single
1790295981,871930,1,,single
1790295982,872410,2357,,single
1790295984,877010,4,,single
1790295985,877810,3,,single
1790295987,878750,7,,single
1790295988,879510,0,,single
1790295989,882100,36,,single
1790295991,883860,206,,single
1790295992,886250,173,,single
1790295994,887490,4,,single
1790295995,889480,1,,single
1790295996,889910,1,,single
1790295998,893050,17,,single
1790296000,893680,15,,single
1790296001,896890,2,,single
1790296002,897220,8,,single
1790296004,899310,0,,single
1790296005,900010,1,,single
1790296007,903950,28,,single
1790296008,906100,10,,single
1790296010,909320,2,,single
1790296011,910830,3,,single
1790296013,911430,8,,single
1790296014,914620,69,,single
1790296016,914750,4,,single
1790296017,915810,1,,single
1790296019,917950,22,,single
1790296020,919360,1,,single
1790296022,920210,317,,single
1790296023,921590,7,,single
1790296024,922500,7,,single
1790296026,924140,1,,single
1790296027,924970,380,,single
1790296028,927250,0,,single
1790296030,927380,35,,single
1790296032,927990,0,,single
1790296033,929010,7,,single
1790296035,931690,2,,single
1790296036,933110,3181,,single
1790296037,934700,538,,single
1790296039,935400,2,,single
1790296040,938380,10,,single
1790296042,939520,16,,single
1790296043,939960,329,,single
1790296045,942140,0,,single
1790296046,944220,2,,single
1790296048,945710,6,,single
1790296049,947300,4,,single
1790296051,952040,23,,single
1790296052,952070,32,,single
1790296053,953580,6,,single
1790296055,954740,56,,single
1790296056,955050,3,,single
1790296058,956450,10,,single
1790296059,957960,3,,single
1790296060,959520,1,,single
1790296062,962580,4,,single
1790296064,964650,0,,single
1790296065,967460,0,,single
1790296066,968870,0,,single
1790296068,970570,18,,single
1790296070,970960,8,,single
1790296071,976310,969,,single
1790296072,977720,0,,single
1790296074,978270,0,,single
1790296075,979070,20,,single
1790296077,980940,3,,single
1790296078,983970,2,,single
1790296079,984560,1,,single
1790296081,984800,4,,single
1790296082,989690,4,,single
1790296084,991260,8,,single
1790296085,991560,6,,single
1790296087,992300,29,,single
1790296088,993110,1,,single
1790296089,994280,30,,single
1790296091,996380,0,,single
1790296092,997070,59,,single
1790296094,999220,16,,single
1790296095,1000410,8,,single
1790296097,1003520,0,,single
1790296099,1004270,0,,single
1790296100,1005870,1,,single
1790296102,1011390,11,,single
1790296103,1011670,4,,single
1790296105,2696480,36,,single
1790296106,1015500,2,,single
1790296108,1016120,10,,single
1790296110,1016950,81,,single
1790296111,1017180,157,,single
1790296112,1020470,8,,single
1790296114,1025580,0,,single
1790296115,1026420,1,,single
1790296117,1028570,1,,single
1790296118,1029690,1337,,single
1790296120,1030210,28,,single
1790296121,1030840,336,,single
1790296123,1031460,0,,single
1790296124,1034860,29,,single
1790296125,1035510,13,,single
1790296127,1037020,3,,single
1790296128,1039890,4,,single
1790296130,1041320,724,,single
1790296131,1041920,3,,single
1790296132,1042490,15,,single
1790296134,1042800,20,,single
1790296135,1044620,20,,single
1790296137,1046790,2,,single
1790296138,1047440,8,,single
1790296140,1049320,6,,single
1790296141,1049890,8,,single
1790296142,1056600,0,,single
1790296144,1056840,3,,single
1790296146,1057640,36,,single
1790296147,1062000,0,,single
1790296149,1062960,6,,single
1790296150,1063730,428,,single
1790296151,1065100,1,,single
1790296153,1069030,2,,single
1790296154,1070820,53,,single
1790296156,1071870,50,,single
1790296159,1072500,3,,single
1790296160,1079210,0,,single
1790296162,1080020,29,,single
1790296163,1086640,2,,single
1790296165,1086940,40533,,single
1790296166,1088090,229,,single
1790296168,1088710,36,,single
1790296169,1090250,0,,single
1790296170,1091500,21052,,single
1790296172,1092730,8,,single
1790296173,1094390,10,,single
1790296175,1096410,6,,single
1790296176,1096710,17,,single
1790296178,1097430,452,,single
1790296179,1097620,1,,single
1790296181,1099410,151,,single
1790296182,1101190,25,,single
1790296184,1101790,12,,single
1790296185,1104280,30,,single
1790296187,1104660,3,,single
1790296188,1105500,89,,single
1790296189,1106340,13,,single
1790296191,1106850,0,,single
1790296193,1107790,2,,single
1790296194,1108590,8,,single
1790296196,1110390,10,,single
1790296197,1111210,4,,single
1790296199,1112400,5,,single
1790296200,1113120,166,,single
1790296201,1113570,3,,single
1790296203,1117090,12,,single
1790296205,1118310,631,,single
1790296206,1120320,29,,single
1790296208,1121560,14,,single
1790296209,1123050,18,,single
1790296211,1124300,340,,single
1790296212,1127840,8,,single
1790296213,1128000,12,,single
1790296215,1128860,35,,single
1790296216,1130620,2,,single
1790296218,1131720,0,,single
1790296219,1133760,44,,single
1790296220,1134700,277,,single
1790296222,1135300,11,,single
1790296223,1136370,46,,single
1790296225,1137300,10,,single
1790296226,1139940,16,,single
1790296228,1141020,84,,single
1790296229,1142080,3,,single
1790296231,1143810,12,,single
1790296232,1144400,126,,single
1790296234,1146370,56,,single
1790296235,1146630,3,,single
1790296237,1148510,4,,single
1790296238,1150440,148,,single
1790296240,1150640,267,,single
1790296241,1154810,21,,single
1790296242,1157340,1,,single
1790296244,1158890,7,,single
1790296245,1160750,130,,single
1790296247,1161830,56,,single
1790296248,1162960,2,,single
1790296249,1164690,2,,single
1790296251,1167140,6,,single
1790296253,1170760,3,,single
1790296254,1170970,178,,single
1790296256,1172050,0,,single
1790296257,1173220,8,,single
1790296259,1174940,1,,single
1790296260,1175830,11,,single
1790296261,1176710,16,,single
1790296263,1178830,17,,single
1790296264,1179680,140,,single
1790296265,1180380,467,,single
1790296267,1182020,182,,single
1790296268,1183800,2,,single
1790296270,1184140,0,,single
1790296271,1184480,3,,single
1790296273,1186040,1,,single
1790296274,1189290,21,,single
1790296275,1190110,0,,single
1790296277,1190400,1,,single
1790296278,1192640,0,,single
1790296280,1194930,0,,single
1790296281,1196310,270,,single
1790296283,1197370,0,,single
1790296284,1203180,0,,single
1790296286,1203620,5151,,single
1790296287,1205960,1,,single
1790296288,1206480,1,,single
1790296290,1208600,3,,single
1790296291,1209490,5,,single
1790296293,1213740,12,,single
1790296294,1214650,15,,single
1790296296,1218250,1,,single
1790296297,1218500,3,,single
1790296299,1220140,68,,single
1790296300,1222370,7,,single
1790296301,1222690,466,,single
1790296303,1224020,1,,single
1790296304,1225560,28,,single
1790296306,1225590,0,,single
1790296307,1227780,4,,single
1790296309,1228520,6,,single
1790296310,1229580,2,,single
1790296312,1231990,21,,single
1790296313,1233260,13,,single
1790296314,1234520,0,,single
1790296316,1235140,379,,single
1790296317,1236990,0,,single
1790296319,1238000,284,,single
1790296320,1238040,159,,single
1790296321,1238810,1660,,single
1790296323,1238860,1033,,single
1790296324,1239520,14,,single
1790296326,1241520,0,,single
1790296328,1244950,4,,single
1790296329,1249130,1,,single
1790296330,1249880,0,,single
1790296332,1250790,61,,single
1790296333,1252600,71,,single
1790296335,1253870,1,,single
1790296336,1254120,174,,single
1790296337,1255560,12,,single
1790296339,1256230,3,,single
1790296340,1258040,0,,single
1790296341,1259790,99,,single
1790296343,1261040,16,,single
1790296344,1263550,54,,single
1790296346,1265780,3,,single
1790296347,1265930,44,,single
1790296349,1266700,28,,single
1790296350,1268590,24,,single
1790296352,1269300,1,,single
1790296353,1269710,1,,single
1790296354,1271700,25,,single
1790296356,1274290,0,,single
1790296357,1275630,0,,single
1790296359,1276760,78,,single
1790296360,1277920,9,,single
1790296362,1278060,120,,single
1790296363,1281270,0,,single
1790296365,1282210,3,,single
1790296366,1282690,7,,single
1790296368,1283230,2,,single
1790296369,1284410,346,,single
1790296370,1286880,8,,single
1790296372,1287840,19,,single
1790296374,1289310,29,,single
1790296375,1290330,2,,single
1790296377,1293160,17,,single
1790296378,1293820,26,,single
1790296379,1295900,15,,single
1790296381,1296510,0,,single
1790296382,1296830,151,,single
1790296383,1299120,2,,single
1790296385,1305080,24,,single
1790296386,1306630,7,,single
1790296388,1310410,10,,single
1790296390,1311070,2,,single
1790296391,1316230,17,,single
1790296392,1318090,3,,single
1790296394,1321450,2,,single
1790296395,1324340,20,,single
1790296397,1325200,603,,single
1790296398,1325860,7757,,single
1790296399,1328670,2034,,single
1790296401,1330460,20,,single
1790296402,1333200,3,,single
1790296404,1334000,2,,single
1790296405,1334590,21,,single
1790296407,1336180,4,,single
1790296409,1341200,19,,single
1790296410,1344350,1,,single
1790296412,1346070,2,,single
1790296413,1349230,19,,single
1790296414,1353270,1,,single
1790296416,1355090,23,,single
1790296417,1357210,266,,single
1790296418,1358710,2,,single
1790296420,1361680,52,,single
1790296421,1367300,6,,single
1790296422,1368130,0,,single
1790296424,1368870,16,,single
1790296425,1369470,42,,single
1790296427,1371580,375,,single
1790296428,1371690,3,,single
1790296430,1372110,355,,single
1790296431,1373090,13,,single
1790296432,1373550,4,,single
1790296434,1374930,12,,single
1790296435,1375900,3,,single
1790296437,1377580,99,,single
1790296438,1380220,0,,single
1790296440,1381650,1,,single
1790296441,1384700,2,,single
1790296443,1388590,48,,single
1790296445,1389160,0,,single
1790296446,1391530,20,,single
1790296448,1394270,0,,single
1790296449,1397790,2,,single
1790296451,1401730,8,,single
1790296452,1402120,8,,single
1790296453,1403370,0,,single
1790296455,1406990,13,,single
1790296457,1412190,2,,single
1790296459,1413020,1,,single
1790296461,1415660,0,,single
1790296462,1417010,0,,single
1790296464,1419160,23,,single
1790296465,1420300,15,,single
1790296467,1421490,5,,single
1790296468,1424980,0,,single
1790296470,1425980,4,,single
1790296472,1428420,11,,single
1790296473,1428900,0,,single
1790296475,1430760,3,,single
1790296476,1432320,63,,single
1790296478,1433990,19,,single
1790296479,1437400,18,,single
1790296480,1439750,15,,single
1790296482,1443490,0,,single
1790296483,1444650,16,,single
1790296485,1448440,199,,single
1790296486,1451940,204,,single
1790296487,1454970,7,,single
1790296489,1456880,0,,single
1790296490,1457320,20,,single
1790296491,1465070,6,,single
1790296493,1465470,1059,,single
1790296494,1465860,0,,single
1790296496,1468810,1203,,single
1790296497,1472560,45,,single
1790296498,1474740,5,,single
1790296500,1477940,1,,single
1790296501,1479140,8,,single
1790296503,1480560,35,,single
1790296504,1482910,18,,single
1790296505,1484900,2,,single
1790296507,1487210,162,,single
1790296508,1488560,22,,single
1790296509,1490060,2,,single
1790296511,1491410,11,,single
1790296512,1492680,6,,single
1790296514,1493760,11,,single
1790296515,1494460,108,,single
1790296517,1496790,130,,single
1790296518,1498740,1,,single
1790296519,1502660,10,,single
1790296521,1504740,0,,single
1790296522,1506850,5,,single
1790296524,1508460,2,,single
1790296526,1515950,32,,single
1790296527,1517970,19,,single
1790296529,1519490,38,,single
1790296530,1529810,1,,single
1790296532,1530160,69,,single
1790296533,1532690,4,,single
1790296535,1536620,2,,single
1790296536,1538570,11,,single
1790296538,1543030,16,,single
1790296539,1544020,37,,single
1790296541,1548850,29,,single
1790296542,1549750,0,,single
1790296544,1550010,11,,single
1790296545,1551360,2779,,single
1790296547,1553120,3,,single
1790296548,1556100,13,,single
1790296549,1559680,2,,single
1790296551,1563180,28,,single
1790296552,1569200,2,,single
1790296554,1571940,5,,single
1790296555,1574240,33,,single
1790296557,1574270,0,,single
1790296559,1577120,290,,single
1790296560,1579880,7,,single
1790296562,1580780,34,,single
1790296563,1583230,146,,single
1790296565,1587540,5,,single
1790296566,1590840,13,,single
1790296567,1591290,10,,single
1790296569,1591530,12,,single
1790296570,1593030,192,,single
1790296571,1594060,3,,single
1790296573,1599340,5559,,single
1790296575,1601680,0,,single
1790296576,1602010,118,,single
1790296578,1608400,0,,single
1790296579,1609080,1,,single
1790296581,1610900,35,,single
1790296582,1612420,23,,single
1790296584,1615100,32,,single
1790296585,1619520,17,,single
1790296587,1621140,0,,single
1790296588,1622350,8,,single
1790296589,1622910,34,,single
1790296591,1627350,0,,single
1790296592,1630110,4,,single
1790296594,1634080,25,,single
1790296595,1636710,0,,single
1790296597,1640300,1,,single
1790296598,1643310,60,,single
1790296599,1644490,0,,single
1790296601,1647550,34,,single
1790296602,1649240,71,,single
1790296604,1659600,11,,single
1790296605,1660910,4,,single
1790296608,1664200,2,,single
1790296609,1668290,2,,single
1790296610,1668540,39,,single
1790296612,1671410,0,,single
1790296613,1672500,89,,single
1790296614,1676840,786,,single
1790296616,1678430,3,,single
1790296617,1680880,26,,single
1790296619,1683340,4,,single
1790296620,1685750,16,,single
1790296621,1690730,51,,single
1790296623,1691420,1,,single
1790296624,1692250,51,,single
1790296626,1694960,6,,single
1790296627,1695840,6,,single
1790296629,1701520,50,,single
1790296631,1702330,39,,single
1790296632,1705140,2,,single
1790296634,1707990,4,,single
1790296635,1708460,0,,single
1790296637,1710170,9,,single
1790296638,1713350,20,,single
1790296639,1714320,2,,single
1790296641,1714590,0,,single
1790296642,1715590,20,,single
1790296644,1716740,2976,,single
1790296645,1721470,676,,single
1790296647,1722860,18,,single
1790296648,1726400,0,,single
1790296650,1730360,9,,single
1790296651,1733240,3,,single
1790296652,1739300,20,,single
1790296654,1741640,20,,single
1790296655,1745510,61,,single
1790296657,1749860,5,,single
1790296658,1759380,1,,single
1790296660,1762010,0,,single
1790296661,1762930,23,,single
1790296663,1766010,0,,single
1790296664,1766100,3,,single
1790296666,1776380,16,,single
1790296667,1778820,4003,,single
1790296668,1781160,0,,single
1790296670,1784570,251,,single
1790296671,1789490,13,,single
1790296673,1800940,6,,single
1790296675,1803400,7,,single
1790296676,1807080,17,,single
1790296678,1812300,4,,single
1790296679,1814010,18,,single
1790296681,1822060,19,,single
1790296682,1832040,14,,single
1790296684,1836120,27,,single
1790296685,1837750,1,,single
1790296687,1840490,1,,single
1790296688,1843760,127,,single
1790296689,1846460,4,,single
1790296691,1850050,2,,single
1790296692,1850740,42,,single
1790296694,1853760,1,,single
1790296695,1857080,54,,single
1790296696,1858630,25,,single
1790296698,1863430,54,,single
1790296699,1868180,59,,single
1790296701,1872860,1,,single
1790296702,1877020,20,,single
1790296704,1879330,60,,single
1790296705,1885750,0,,single
1790296707,1889930,5,,single
1790296708,1893820,1,,single
1790296709,1898300,691,,single
1790296711,1901910,36,,single
1790296712,1910860,3,,single
1790296714,1914580,5,,single
1790296715,1916970,2,,single
1790296716,1920490,156,,single
1790296718,1923790,2,,single
1790296720,1924780,2,,single
1790296721,1926620,0,,single
1790296722,1929610,192,,single
1790296724,1931180,25,,single
1790296725,1937480,44,,single
1790296727,1938090,31206,,single
1790296728,1942110,10,,single
1790296730,1946970,16,,single
1790296731,1947500,5,,single
1790296732,1948980,293,,single
1790296734,1950440,1,,single
1790296735,1954420,250,,single
1790296736,1958340,4,,single
1790296738,1959390,1,,single
1790296739,1961950,40,,single
1790296741,1963370,93,,single
1790296742,1971870,978,,single
1790296743,1975520,21,,single
1790296746,1981610,2,,single
1790296747,1982340,4,,single
1790296748,1984020,3,,single
1790296750,1985820,73,,single
1790296751,1988540,88,,single
1790296753,1990740,14,,single
1790296754,1995890,39,,single
1790296757,1999770,11,,single
1790296758,2001070,34,,single
1790296760,2004640,8,,single
1790296761,2008100,62,,single
1790296762,2009100,13,,single
1790296764,2012510,6,,single
1790296765,2015270,21,,single
1790296766,2021910,171,,single
1790296768,2022670,16,,single
1790296769,2024230,1,,single
1790296771,2051120,18,,single
1790296772,2054970,3363,,single
1790296773,2058570,12,,single
1790296775,2071280,840,,single
1790296776,2072450,527,,single
1790296778,2076580,3,,single
1790296779,2083210,4,,single
1790296780,2089250,1,,single
1790296782,2094320,8,,single
1790296783,2102450,15,,single
1790296785,2105910,2,,single
1790296786,2107090,1,,single
1790296787,2110820,4,,single
1790296789,2118120,7,,single
1790296790,2123640,5,,single
1790296792,2130460,6,,single
1790296793,2137700,4,,single
1790296795,2139020,2,,single
1790296799,2141730,477,,single
1790296800,2147950,4,,single
1790296802,2160360,1,,single
1790296803,2167220,5,,single
1790296805,2178070,2,,single
1790296806,2186400,1,,single
1790296808,2192790,0,,single
1790296809,2197890,65,,single
1790296810,2198510,25,,single
1790296812,2202770,0,,single
1790296813,2209680,6,,single
1790296815,2213190,9,,single
1790296816,2216830,21,,single
1790296817,2221920,346,,single
1790296819,2224640,15,,single
1790296820,2232840,28,,single
1790296822,2239710,361,,single
1790296823,2242760,3,,single
1790296825,2250600,14,,single
1790296826,2257010,12,,single
1790296828,2259310,7,,single
1790296829,2274110,8,,single
1790296831,2276980,6,,single
1790296832,2285150,49,,single
1790296833,2287220,8,,single
1790296835,2288630,74,,single
1790296836,2291060,417,,single
1790296838,2292800,55,,single
1790296839,2306590,71,,single
1790296841,2313330,16,,single
1790296842,2315430,8,,single
1790296843,2316580,2,,single
1790296845,2322560,10,,single
1790296846,2334220,0,,single
1790296847,2338140,71,,single
1790296849,2342950,47,,single
1790296850,2345020,4,,single
1790296852,2348610,16,,single
1790296853,2358260,34,,single
1790296854,2369390,4714,,single
1790296856,2375550,68,,single
1790296857,2383120,1,,single
1790296859,2386310,11,,single
1790296860,2390230,18,,single
1790296861,2395210,37,,single
1790296863,2399420,2267,,single
1790296864,2401230,4,,single
1790296866,2404880,843,,single
1790296867,2406770,4406,,single
1790296869,2407830,52,,single
1790296871,2420880,2,,single
1790296872,2427420,50,,single
1790296874,2429350,0,,single
1790296875,2430990,0,,single
1790296877,2437170,7467,,single
1790296878,2440380,11,,single
1790296879,2442020,3,,single
1790296881,2445990,33,,single
1790296882,2448930,3,,single
1790296884,2453060,12,,single
1790296885,2456740,2535,,single
1790296886,2457890,3,,single
1790296888,2458830,2,,single
1790296889,2467810,12,,single
1790296891,2477010,131,,single
1790296892,2481020,12,,single
1790296893,2488620,165,,single
1790296895,2492040,402,,single
1790296896,2497900,4,,single
1790296898,2499800,1,,single
1790296899,2515240,2,,single
1790296901,2518960,47,,single
1790296902,2527500,212,,single
1790296903,2529820,6,,single
1790296905,2536530,1,,single
1790296906,2544110,1,,single
1790296908,2556990,10,,single
1790296909,2565550,0,,single
1790296911,2578910,2,,single
1790296912,2599300,4,,single
1790296913,2609610,87,,single
1790296915,2617700,45,,single
1790296916,2622000,1003,,single
1790296917,2623190,1037,,single
1790296919,2627570,59,,single
1790296920,2644470,37,,single
1790296922,2659900,10,,single
1790296923,2665680,121,,single
1790296924,2668510,835,,single
1790296926,2671970,11,,single
1790296928,2680550,43,,single
1790296929,2685900,1,,single
1790296930,2691350,1,,single
1790296932,2693730,24,,single
1790296933,2698940,977,,single
1790296935,2701660,166,,single
1790296936,2717880,49,,single
1790296937,2720950,3,,single
1790296939,2727650,3,,single
1790296940,2738490,59,,single
1790296942,2747550,15,,single
1790296943,2749770,35,,single
1790296945,2751000,262,,single
1790296946,2764750,68,,single
1790296947,2768430,297,,single
1790296949,2773280,34,,single
1790296950,2789460,14,,single
1790296952,2796010,7,,single
1790296954,2807150,6,,single
1790296955,2821800,53,,single
1790296957,2826800,5,,single
1790296958,2835590,21,,single
1790296960,2845630,1,,single
1790296961,2853590,133,,single
1790296962,2863640,10,,single
1790296964,2878960,196,,single
1790296965,2891310,3,,single
1790296967,2903950,84,,single
1790296968,2909110,106,,single
1790296970,2919660,5,,single
1790296971,2921380,1,,single
1790296973,2925510,0,,single
1790296974,2943150,5,,single
1790296975,2950340,129,,single
1790296977,2957800,2,,single
1790296978,2965660,281,,single
1790296980,2977620,15,,single
1790296981,3004100,16,,single
1790296983,3011030,18,,single
1790296984,3017580,20,,single
1790296985,3030720,24,,single
1790296987,3037410,717,,single
1790296988,3059520,3040,,single
1790296990,3070520,20,,single
1790296991,3099730,0,,single
1790296993,3116890,280,,single
1790296994,3145620,1,,single
1790296995,3149370,1,,single
1790296997,3172700,8,,single
1790296998,3183280,161,,single
1790297000,3187030,605,,single
1790297001,3212530,1,,single
1790297002,3222970,6,,single
1790297004,3238670,186,,single
1790297005,3243190,12,,single
1790297007,3287520,23,,single
1790297008,3314060,136,,single
1790297009,3330250,84,,single
1790297011,3359320,26,,single
1790297012,3400930,28,,single
1790297014,3431040,64,,single
1790297015,3438800,93,,single
1790297017,3461920,3,,single
1790297018,3539440,8,,single
1790297020,3615160,138,,single
1790297021,202970,112,,single
1790297023,1520470,151,,single
1790297025,991780,11,,single
1790297026,1178490,21,,single
1790297027,1880330,1,,single
1790297029,875210,112,,single
1790297030,1559390,9,,single
1790297032,47790,26,,single
1790297033,1214280,1,,single
1790297035,584980,4,,single
1790297036,652980,7,,single
1790297038,347620,2,,single
1790297039,1126290,1,,single
1790297041,1407450,19,,single
1790297042,1264670,1,,single
1790297043,253980,2,,single
1790297045,1461810,17,,single
1790297047,1991040,71,,single
1790297048,1816570,0,,single
1790297049,570780,12,,single
1790297051,998930,0,,single
1790297052,1064730,0,,single
1790297054,2453360,24,,single
1790297055,1392060,0,,single
1790297057,1263370,0,,single
1790297059,1434480,17,,single
1790297060,2161440,126,,single
1790297062,2059790,43,,single
1790297063,33220,46,,single
1790297065,1049100,0,,single
1790297066,604450,0,,single
1790297068,2321210,0,,single
1790297069,1108320,0,,single
1790297071,1269370,26,,single
1790297072,1233270,1,,single
1790297073,1909840,13,,single
1790297075,17330,4,,single
1790297076,2875140,2,,single
1790297078,1776970,24,,single
1790297079,2755330,3,,single
1790297081,967250,2,,single
1790297082,840140,0,,single
1790297084,1122750,1,,single
1790297085,296710,7,,single
1790297087,943380,0,,single
1790297088,662960,1,,single
1790297089,1186400,3,,single
1790297091,325120,0,,single
1790297092,944020,0,,single
1790297093,1217390,1,,single
1790297095,1140440,1,,single
1790297096,1345740,0,,single
1790297098,2093920,10,,single
1790297099,2500750,36,,single
1790297101,715400,0,,single
1790297103,2734450,3,,single
1790297104,1437880,159,,single
1790297106,326360,125,,single
1790297107,1225780,2,,single
1790297108,1084520,48,,single
1790297110,334310,8,,single
1790297111,789760,1,,single
1790297113,223810,5,,single
1790297115,1974520,11,,single
1790297116,1334040,2,,single
1790297118,850000,5,,single
1790297119,1639430,1,,single
1790297121,1149660,2,,single
1790297122,1618230,0,,single
1790297124,3003300,248,,single
1790297125,339400,0,,single
1790297126,921390,9,,single
1790297128,695630,15,,single
1790297129,1786200,0,,single
1790297131,828070,6,,single
1790297132,2346410,20,,single
1790297134,839630,0,,single
1790297135,995460,0,,single
1790297136,1161870,0,,single
1790297138,2232880,44,,single
1790297139,1777430,0,,single
1790297141,2510770,4,,single
1790297142,1191330,77,,single
1790297144,1634680,160,,single
1790297145,1868000,0,,single
1790297147,2507980,4,,single
1790297149,2078780,0,,single
1790297150,370280,0,,single
1790297152,1933650,22,,single
1790297153,1314140,4,,single
1790297154,1212830,1,,single
1790297156,836640,0,,single
1790297158,1394800,2,,single
1790297159,258760,2,,single
1790297161,2669860,4,,single
1790297162,466860,1,,single
1790297164,1601740,0,,single
1790297165,1747650,0,,single
1790297167,2734310,1,,single
1790297168,3028500,3,,single
1790297170,873190,0,,single
1790297171,844850,4,,single
1790297173,1041840,0,,single
1790297174,1153430,0,,single
1790297175,931500,18,,single
1790297177,2868860,69,,single
1790297178,2206340,2,,single
1790297180,448780,1,,single
1790297181,704030,0,,single
1790297183,452440,2,,single
1790297184,2774380,5,,single
1790297186,1060670,0,,single
1790297187,3158270,5,,single
1790297188,1171310,0,,single
1790297190,758530,0,,single
1790297191,740080,7,,single
1790297193,242840,0,,single
1790297194,3376250,148,,single
1790297196,581130,31,,single
1790297197,857450,1,,single
1790297199,1519090,51,,single
1790297200,2445340,3,,single
1790297202,2144590,0,,single
1790297203,1083210,0,,single
1790297204,2455060,3,,single
1790297206,1553000,23,,single
1790297208,948830,0,,single
1790297209,465100,1,,single
1790297211,1033420,5,,single
1790297212,600370,1,,single
1790297214,2094910,8,,single
1790297215,2522520,0,,single
1790297217,1028470,0,,single
1790297218,457680,0,,single
1790297219,2242710,4,,single
1790297221,1904860,15,,single
1790297222,1000080,0,,single
1790297224,2983140,13,,single
1790297225,1471180,17,,single
1790297226,427030,2,,single
1790297228,2423620,37,,single
1790297229,1340130,6,,single
1790297231,364390,1,,single
1790297232,2834600,8,,single
1790297233,2111870,1,,single
1790297235,662830,4,,single
1790297236,1951220,0,,single
1790297238,2165610,1,,single
1790297239,970560,6,,single
1790297241,702120,28,,single
1790297242,3132860,159,,single
1790297243,1159420,6,,single
1790297246,1476520,0,,single
1790297248,2340500,4,,single
1790297249,2628570,0,,single
1790297251,3418690,0,,single
1790297252,2118420,1,,single
1790297254,1783780,1,,single
1790297255,1151440,8,,single
1790297257,1048350,1,,single
1790297258,835650,2,,single
1790297260,1527890,3,,single
1790297261,1100930,0,,single
1790297262,1594880,1,,single
1790297264,2224850,0,,single
1790297265,2750080,48,,single
1790297267,2137760,5,,single
1790297268,275530,6,,single
1790297269,1179580,4,,single
1790297271,2882870,0,,single
1790297272,2788310,6,,single
1790297274,1996430,13,,single
1790297275,1162070,5,,single
1790297277,1508680,1,,single
1790297278,3126150,9,,single
1790297280,2232600,2,,single
1790297281,2849960,0,,single
1790297282,483770,1,,single
1790297284,2530980,155,,single
1790297285,760640,103,,single
1790297287,1258590,1,,single
1790297288,2144640,17,,single
1790297290,1674890,10,,single
1790297291,1951410,34,,single
1790297293,1149550,4,,single
1790297295,1546010,1,,single
1790297296,1456650,2,,single
1790297297,1431230,4,,single
1790297299,2400640,5,,single
1790297301,1716310,8,,single
1790297302,1132730,2,,single
1790297303,826600,0,,single
1790297305,343100,0,,single
1790297306,951430,6,,single
1790297308,1232460,9,,single
1790297310,450860,6,,single
1790297311,1585570,0,,single
1790297312,364050,0,,single
1790297314,950620,0,,single
1790297315,2902540,2,,single
1790297317,630060,0,,single
1790297318,2115390,7,,single
1790297320,2153350,11,,single
1790297322,3170,40,,single
1790297323,326190,0,,single
1790297325,1072920,0,,single
1790297326,449220,2,,single
1790297328,553790,68,,single
1790297330,1956600,0,,single
1790297331,591630,0,,single
1790297332,975470,2,,single
1790297334,429620,0,,single
1790297335,2337860,6,,single
1790297337,1409830,1,,single
1790297338,3144640,0,,single
1790297340,1419730,0,,single
1790297341,1930600,0,,single
1790297343,2142160,10,,single
1790297344,2157680,3,,single
1790297346,1074070,6,,single
1790297347,769970,1,,single
1790297349,319830,8,,single
1790297350,938220,0,,single
1790297352,1529710,1,,single
1790297353,1433420,0,,single
1790297355,1424660,3,,single
1790297357,2360210,6,,single
1790297359,275470,1,,single
1790297361,207930,1,,single
1790297362,934580,0,,single
1790297364,2997980,11,,single
1790297365,1689080,0,,single
1790297366,359600,3,,single
1790297368,2186700,0,,single
1790297369,986680,3,,single
1790297371,1058380,1,,single
1790297372,440760,1,,single
1790297375,2972990,2,,single
1790297376,776960,1,,single
1790297377,645260,22,,single
1790297379,607880,3,,single
1790297380,364690,1,,single
1790297382,1115780,3,,single
1790297384,301750,0,,single
1790297385,1521970,2,,single
1790297387,2776780,5,,single
1790297388,2087460,0,,single
1790297390,1473060,11,,single
1790297392,446840,0,,single
1790297394,2125540,3,,single
1790297395,2582650,10,,single
1790297397,3025290,3,,single
1790297399,481870,4,,single
1790297401,1836860,3,,single
1790297403,37000,1,,single
1790297405,1269020,1,,single
1790297406,673800,0,,single
1790297408,4890,13,,single
1790297411,370510,0,,single
1790297414,752580,55,,single
1790297416,2905970,3,,single
1790297418,440730,1,,single
1790297419,2964410,0,,single
1790297421,860910,4,,single
1790297424,1323470,3,,single
1790297427,1007400,4,,single
1790297429,2829600,0,,single
1790297431,6840,5,,single
1790297433,2727210,2,,single
1790297436,554530,0,,single
1790297438,2898270,23,,single
1790297444,934930,1,,single
1790297445,1623880,0,,single
1790297447,463210,1,,single
1790297449,473460,0,,single
1790297451,2414750,0,,single
1790297452,2186360,5,,single
1790297454,2417850,4,,single
1790297455,2089980,1,,single
1790297457,3099000,6,,single
1790297459,1812060,4,,single
1790297460,1983970,1,,single
1790297461,2429240,1,,single
1790297463,1717250,0,,single
1790297465,2318070,2,,single
1790297467,1557480,1,,single
1790297468,1822450,21,,single
1790297469,340070,0,,single
1790297471,2701510,0,,single
1790297472,885640,0,,single
1790297474,738510,0,,single
1790297476,1528130,0,,single
1790297477,412470,1,,single
1790297479,375450,148,,single
1790297481,2423300,9,,single
1790297483,613730,0,,single
1790297485,1433570,5,,single
1790297487,887720,1,,single
1790297489,1910790,2,,single
1790297491,329380,0,,single
1790297493,2258770,9,,single
1790297494,587420,0,,single
1790297496,714080,2,,single
1790297497,2620240,0,,single
1790297499,895110,0,,single
1790297500,1098940,1,,single
1790297502,482300,0,,single
1790297504,1149440,11,,single
1790297505,897820,2,,single
1790297507,713650,0,,single
1790297508,352890,1,,single
1790297510,1524630,6,,single
1790297511,970510,0,,single
1790297512,2398170,2,,single
1790297514,1441840,0,,single
1790297517,673260,18,,single
1790297518,1416240,0,,single
1790297520,466110,0,,single
1790297521,522570,1,,single
1790297523,960420,4,,single
1790297525,2450450,2,,single
1790297526,1731520,3,,single
1790297528,1851280,4,,single
1790297530,1800790,0,,single
1790297531,482450,2,,single
1790297533,2739830,7,,single
1790297534,3173890,0,,single
1790297536,2057550,2,,single
1790297537,1096720,2,,single
1790297539,2566340,8,,single
1790297540,229580,0,,single
1790297542,1937750,4,,single
1790297543,2331130,2,,single
1790297545,489610,0,,single
1790297546,2539350,2,,single
1790297547,1092400,1,,single
1790297549,1003480,3,,single
1790297550,3171460,3,,single
1790297551,1768470,0,,single
1790297553,2286780,19,,single
1790297554,1307090,2,,single
1790297556,2185770,2,,single
1790297557,205840,2,,single
1790297558,694770,5,,single
1790297560,495110,1,,single
1790297561,1964040,1,,single
1790297563,2331070,0,,single
1790297564,3036010,7,,single
1790297566,391070,0,,single
1790297567,1452250,2,,single
1790297568,3090080,5,,single
1790297570,658550,0,,single
1790297571,2296550,27,,single
1790297573,1799220,0,,single
1790297574,655100,1,,single
1790297575,457730,0,,single
1790297577,447890,0,,single
1790297578,1393410,0,,single
1790297580,787450,0,,single
1790297581,1232420,151,,single
1790297582,369420,1,,single
1790297584,1648590,0,,single
1790297586,2214880,2,,single
1790297587,357290,0,,single
1790297588,620210,3,,single
1790297590,1142390,4,,single
1790297592,2455370,1,,single
1790297593,418270,0,,single
1790297594,1278390,3,,single
1790297596,1948700,0,,single
1790297597,759940,0,,single
1790297599,629650,1,,single
1790297600,2618840,0,,single
1790297602,508290,1,,single
1790297603,1167950,6,,single
1790297605,2461050,1,,single
1790297606,394870,0,,single
1790297607,1132190,5,,single
1790297609,1178400,20,,single
1790297610,1305300,1,,single
1790297612,1823600,10,,single
1790297613,252010,0,,single
1790297615,2852980,13,,single
1790297616,2262080,4,,single
1790297618,2521630,11,,single
1790297619,9800,0,,single
1790297620,448070,1,,single
1790297622,1370140,4,,single
1790297623,1916310,2,,single
1790297625,1986010,5,,single
1790297627,1679320,0,,single
1790297629,1258780,7,,single
1790297630,2766860,1,,single
1790297631,90200,4,,single
1790297633,3408110,5,,single
1790297634,2159730,1,,single
1790297635,1299360,3,,single
1790297637,33570,19,,single
1790297638,839200,26,,single
1790297640,1475400,1,,single
1790297641,724740,0,,single
1790297642,2717260,0,,single
1790297644,2294450,4,,single
1790297646,1301620,0,,single
1790297647,365810,0,,single
1790297649,1334700,0,,single
1790297650,1290170,0,,single
1790297652,2608040,11,,single
1790297653,871420,2,,single
1790297654,2233790,7,,single
1790297656,1781260,1,,single
1790297657,301200,2,,single
1790297658,289620,0,,single
1790297660,3384350,0,,single
1790297661,1501690,1,,single
1790297663,1094820,0,,single
1790297664,979710,79,,single
1790297665,352950,0,,single
1790297667,33520,13,,single
1790297668,3376760,0,,single
1790297670,2910460,0,,single
1790297671,398030,0,,single
1790297672,2091500,6,,single
1790297674,447850,0,,single
1790297675,1494470,7,,single
1790297676,2494780,2,,single
1790297678,289780,9,,single
1790297679,526790,0,,single
1790297681,3328480,12,,single
1790297682,2616140,14,,single
1790297683,887060,0,,single
1790297685,1687000,4,,single
1790297686,3060170,0,,single
1790297687,1637370,1,,single
1790297689,2019760,20,,single
1790297690,1139280,5,,single
1790297692,904380,0,,single
1790297693,1789030,5,,single
1790297694,1157250,0,,single
1790297696,625980,1,,single
1790297697,832360,1,,single
1790297699,1089790,0,,single
1790297701,1864880,20,,single
1790297702,296050,0,,single
1790297703,2487060,5,,single
1790297705,2100160,16,,single
1790297706,943370,13,,single
1790297708,680980,0,,single
1790297709,541230,1,,single
1790297711,377900,0,,single
1790297712,2830150,22,,single
1790297714,2082410,6,,single
1790297715,384680,0,,single
1790297716,1259800,9,,single
1790297718,651500,0,,single
1790297719,1296540,0,,single
1790297720,2696320,2,,single
1790297722,462680,0,,single
1790297723,1297330,0,,single
1790297725,1601330,7,,single
1790297726,1418160,0,,single
1790297727,851530,1,,single
1790297729,2162780,1,,single
1790297730,528060,1,,single
1790297732,1133590,1,,single
1790297733,1135910,43,,single
1790297734,494230,1,,single
1790297736,575950,0,,single
1790297737,682530,1,,single
1790297739,2468100,3,,single
1790297740,423590,1,,single
1790297741,864700,7,,single
1790297743,2924170,3,,single
1790297744,2151580,2,,single
1790297746,771350,0,,single
1790297747,2388460,0,,single
1790297748,418190,2,,single
1790297750,2367230,0,,single
1790297751,1791590,1,,single
1790297752,415610,2,,single
1790297754,1266630,178,,single
1790297755,1640630,0,,single
1790297757,862570,4,,single
1790297758,1502970,25,,single
1790297760,1518770,1,,single
1790297761,2305500,22,,single
1790297763,398000,4,,single
1790297764,1213230,0,,single
1790297766,494730,3,,single
1790297767,1049660,1,,single
1790297769,1054550,0,,single
1790297770,746710,2,,single
1790297772,865040,1,,single
1790297773,1311250,0,,single
1790297775,2741560,48,,single
1790297777,1225580,0,,single
1790297778,1335230,0,,single
1790297780,1555400,2,,single
1790297781,1351210,3,,single
1790297783,111600,0,,single
1790297784,2307120,2,,single
1790297786,612930,0,,single
1790297787,1373880,2,,single
1790297789,1620540,6,,single
1790297790,2090760,0,,single
1790297792,2774190,0,,single
1790297793,2130540,0,,single
1790297795,1933840,0,,single
1790297796,1260130,0,,single
1790297798,1546790,0,,single
1790297799,588440,0,,single
1790297800,3385670,4,,single
1790297802,2591210,16,,single
1790297803,340520,0,,single
1790297805,783120,0,,single
1790297806,345430,0,,single
1790297807,2113920,5,,single
1790297809,371670,0,,single
1790297810,65610,0,,single
1790297812,2308630,2,,single
1790297814,929670,5,,single
1790297815,2270210,6,,single
1790297817,1178790,116,,single
1790297818,2951580,0,,single
1790297819,2532050,2,,single
1790297821,1411020,7,,single
1790297822,1186460,0,,single
1790297824,2457540,30,,single
1790297825,2280520,3,,single
1790297827,760410,2,,single
1790297828,1113010,1,,single
1790297830,521350,1,,single
1790297831,1914970,0,,single
1790297832,1717090,0,,single
1790297834,1904790,16,,single
1790297835,547910,0,,single
1790297837,212780,7,,single
1790297838,1233880,7,,single
1790297839,407230,3,,single
1790297841,2757490,1,,single
1790297842,268220,0,,single
1790297843,606680,2,,single
1790297845,3413590,0,,single
1790297846,1415140,2,,single
1790297848,1683320,1,,single
1790297849,3255380,26,,single
1790297851,1449320,1,,single
1790297852,406870,0,,single
1790297853,2803060,1,,single
1790297855,741820,1,,single
1790297856,292600,0,,single
1790297858,2776940,0,,single
1790297860,228960,0,,single
1790297861,1639080,10,,single
1790297864,454540,0,,single
1790297865,1720850,6,,single
1790297867,2060750,0,,single
1790297868,1579340,2,,single
1790297870,363330,0,,single
1790297871,339790,23,,single
1790297873,919280,4,,single
1790297874,2002220,4,,single
1790297875,975270,6,,single
1790297878,1261520,4,,single
1790297879,810660,0,,single
1790297880,2851150,3,,single
1790297882,108700,1,,single
1790297883,625430,1,,single
1790297885,1292910,1,,single
1790297886,1159830,4,,single
1790297887,967390,2,,single
1790297889,2917350,12,,single
1790297890,2543760,1,,single
1790297892,279440,1,,single
1790297893,1252560,0,,single
1790297895,498660,2,,single
1790297896,2514640,2,,single
1790297897,341550,0,,single
1790297899,435100,0,,single
1790297900,11140,2,,single
1790297902,574080,0,,single
1790297903,576470,0,,single
1790297905,687850,0,,single
1790297907,1119060,1,,single
1790297908,1200230,1,,single
1790297909,865820,4,,single
1790297911,2234150,25,,single
1790297912,1331210,2,,single
1790297914,508840,4,,single
1790297915,368610,8,,single
1790297917,755980,0,,single
1790297918,268240,0,,single
1790297920,2536960,2,,single
1790297921,1418020,0,,single
1790297922,574180,1,,single
1790297924,639650,2,,single
1790297925,574050,1,,single
1790297927,1013870,0,,single
1790297928,1096550,8,,single
1790297930,1662480,0,,single
1790297931,530950,0,,single
1790297932,3257490,0,,single
1790297934,2673490,0,,single
1790297935,1144440,0,,single
1790297937,1354230,0,,single
1790297938,444220,1,,single
1790297940,1793090,2,,single
1790297941,251530,0,,single
1790297943,1602560,1,,single
1790297944,842150,20,,single
1790297946,517810,25,,single
1790297947,2744010,13,,single
1790297949,2579280,0,,single
1790297950,1036740,2,,single
1790297952,414160,0,,single
1790297953,1389560,0,,single
1790297955,877360,0,,single
1790297957,458470,0,,single
1790297959,232970,0,,single
1790297960,3080380,0,,single
1790297961,350010,0,,single
1790297963,3598130,0,,single
1790297965,1517150,0,,single
1790297966,555510,4,,single
1790297967,339000,0,,single
1790297969,944920,0,,single
1790297971,326150,1,,single
1790297972,377870,2,,single
1790297974,509250,0,,single
1790297975,232950,1,,single
1790297977,545040,0,,single
1790297978,2061430,9,,single
1790297980,1140630,0,,single
1790297981,2494810,18,,single
1790297983,366690,13,,single
1790297984,2699820,5,,single
1790297985,599610,1,,single
1790297987,2715370,0,,single
1790297988,3029990,0,,single
1790297989,214550,1,,single
1790297991,787850,1,,single
1790297993,1168870,0,,single
1790297995,506730,0,,single
1790297996,469730,1,,single
1790297997,1390700,1,,single
1790297999,1047010,0,,single
1790298000,1750030,2,,single
1790298001,898720,1,,single
1790298003,259780,0,,single
1790298004,1127110,3,,single
1790298006,865090,0,,single
1790298010,262490,5,,single
1790298012,449210,0,,single
1790298013,384030,28,,single
1790298015,423890,1,,single
1790298016,451650,8,,single
1790298017,381560,3,,single
1790298019,1383960,1,,single
1790298023,406090,0,,single
1790298025,691770,0,,single
1790298026,284890,1,,single
1790298028,2458310,1,,single
1790298029,1461910,40,,single
1790298030,887530,1,,single
1790298032,1133060,1,,single
1790298033,2295920,1,,single
1790298035,579020,0,,single
1790298036,449710,0,,single
1790298038,567030,0,,single
1790298039,1259640,3,,single
1790298041,346180,0,,single
1790298042,321150,0,,single
1790298044,1085180,1,,single
1790298045,2633640,0,,single
1790298047,2099220,0,,single
1790298048,43190,1,,single
1790298050,965300,17,,single
1790298051,340460,0,,single
1790298053,2835110,6,,single
1790298054,1941410,1,,single
1790298055,351160,6,,single
1790298057,2667410,1,,single
1790298058,1883370,1,,single
1790298060,1399080,2,,single
1790298061,1209410,0,,single
1790298062,421740,1,,single
1790298064,299250,1,,single
1790298065,1286340,1,,single
1790298066,963450,0,,single
1790298068,3107770,9,,single
1790298069,655290,2,,single
1790298071,1614270,2,,single
1790298072,675690,35,,single
1790298073,2411910,52,,single
1790298075,1299400,7,,single
1790298076,306670,0,,single
1790298078,2794830,5,,single
1790298081,1440500,2,,single
1790298082,487370,1,,single
1790298085,1534340,3,,single
1790298086,463930,0,,single
1790298087,242130,0,,single
1790298089,549860,1,,single
1790298091,2153330,1,,single
1790298092,1025140,1,,single
1790298093,2818450,0,,single
1790298095,687920,0,,single
1790298096,1515640,8,,single
1790298098,1071100,69,,single
1790298099,573130,1,,single
1790298101,1502040,0,,single
1790298102,537990,1,,single
1790298104,3281300,3,,single
1790298105,1627850,1,,single
1790298107,402160,0,,single
1790298108,1129570,5,,single
1790298110,219760,1,,single
1790298111,1037590,0,,single
1790298113,1273560,1,,single
1790298115,2976900,0,,single
1790298116,3469850,6,,single
1790298117,1177400,0,,single
1790298119,775900,0,,single
1790298120,393980,0,,single
1790298122,2336980,1,,single
1790298124,2637940,14,,single
1790298125,908360,12,,single
1790298126,1045180,2,,single
1790298128,1993180,11,,single
1790298129,386280,1,,single
1790298131,936140,20,,single
1790298133,1784780,2,,single
1790298134,3072640,4,,single
1790298135,259390,0,,single
1790298137,1903560,0,,single
1790298138,547360,0,,single
1790298140,604780,1,,single
1790298141,7210,3,,single
1790298143,1137350,1,,single
1790298144,1969440,3,,single
1790298145,837880,9,,single
1790298147,799240,41,,single
1790298148,522940,0,,single
1790298150,1238730,0,,single
1790298151,855630,0,,single
1790298153,2288210,2,,single
1790298155,553960,0,,single
1790298156,339120,0,,single
1790298157,930780,0,,single
1790298159,2300160,0,,single
1790298160,338140,3,,single
1790298162,1491200,6,,single
1790298163,46410,1,,single
1790298165,252550,0,,single
1790298166,618080,0,,single
1790298168,1413660,3,,single
1790298169,422100,1,,single
1790298171,260570,3,,single
1790298172,1114290,1,,single
1790298174,45300,1,,single
1790298175,2822370,4,,single
1790298177,1952250,2,,single
1790298178,692030,1,,single
1790298179,370350,0,,single
1790298181,1078280,2,,single
1790298182,1046300,4,,single
1790298184,1836550,10,,single
1790298185,300610,5,,single
1790298186,3098470,4,,single
1790298188,896440,0,,single
1790298189,882020,1,,single
1790298191,2421310,1,,single
1790298193,696180,0,,single
1790298194,1251930,1,,single
1790298196,1985260,5,,single
1790298197,1134520,3,,single
1790298199,1792820,4,,single
1790298201,2464880,2,,single
1790298202,298400,0,,single
1790298204,377670,2,,single
1790298206,2712540,0,,single
1790298207,410430,15,,single
1790298209,305940,0,,single
1790298210,1998450,0,,single
1790298211,404200,1,,single
1790298213,1767560,12,,single
1790298214,907760,2,,single
1790298216,1330250,34,,single
1790298217,1361010,2,,single
1790298219,1928090,0,,single
1790298220,2644360,6,,single
1790298222,467370,1,,single
1790298223,1044490,1,,single
1790298225,1171270,1,,single
1790298226,2494350,69,,single
1790298228,508170,0,,single
1790298229,895670,0,,single
1790298230,2432110,4,,single
1790298232,704040,13,,single
1790298233,328270,0,,single
1790298235,392580,1,,single
1790298236,311140,1,,single
1790298237,1339460,0,,single
1790298239,2810,5,,single
1790298240,321870,0,,single
1790298241,1619230,1,,single
1790298243,2803280,6,,single
1790298244,2274200,0,,single
1790298246,740290,0,,single
1790298248,363490,0,,single
1790298249,926580,0,,single
1790298251,289420,3,,single
1790298252,3021630,2,,single
1790298253,959890,1,,single
1790298255,7010,0,,single
1790298256,1583850,1,,single
1790298257,58570,2,,single
1790298260,1956740,86,,single
1790298262,2729480,6,,single
1790298263,1075200,1,,single
1790298265,2803360,0,,single
1790298266,2625510,0,,single
1790298268,802730,0,,single
1790298269,2817690,0,,single
1790298270,724300,3,,single
1790298272,241620,2,,single
1790298273,1490130,0,,single
1790298274,344910,0,,single
1790298276,200230,0,,single
1790298277,1188540,0,,single
1790298279,7530,0,,single
1790298281,3288600,0,,single
1790298282,277460,3,,single
1790298283,204860,4,,single
1790298285,319970,0,,single
1790298286,350110,5,,single
1790298288,1506620,0,,single
1790298290,1644500,0,,single
1790298292,418300,1,,single
1790298293,1114130,3,,single
1790298294,1031920,2,,single
1790298296,642560,0,,single
1790298297,1504150,3,,single
1790298299,2825110,9,,single
1790298300,2455920,1,,single
1790298301,521570,0,,single
1790298303,610810,1,,single
1790298304,2789810,6,,single
1790298306,880580,2,,single
1790298307,1781890,0,,single
1790298309,2937710,2,,single
1790298310,516480,0,,single
1790298311,2285630,2,,single
1790298313,458730,3,,single
1790298315,2152740,0,,single
1790298316,525780,0,,single
1790298318,400800,4,,single
1790298319,1921560,0,,single
1790298321,3337210,2,,single
1790298322,325520,0,,single
1790298324,2439710,1,,single
1790298325,2844700,0,,single
1790298326,628060,68,,single
1790298328,694130,9,,single
1790298329,2747780,3,,single
1790298331,739540,0,,single
1790298332,490450,0,,single
1790298334,1061010,0,,single
1790298335,363620,0,,single
1790298336,337360,0,,single
1790298338,531930,3,,single
1790298339,2052040,17,,single
1790298341,2252820,1,,single
1790298342,426690,0,,single
1790298343,773580,1,,single
1790298345,896590,1,,single
1790298346,623840,4,,single
1790298348,543140,1,,single
1790298349,1449750,2,,single
1790298351,3088410,0,,single
1790298352,332790,0,,single
1790298354,730830,2,,single
1790298355,489220,0,,single
1790298356,951820,0,,single
1790298358,286460,2,,single
1790298360,1736400,1,,single
1790298362,912570,0,,single
1790298364,2868430,2,,single
1790298365,2650730,2,,single
1790298366,3428620,8,,single
1790298368,254370,1,,single
1790298370,2628420,7,,single
1790298371,1230800,17,,single
1790298373,557810,1,,single
1790298374,1751350,1,,single
1790298376,1259430,0,,single
1790298377,290260,1,,single
1790298379,819020,7,,single
1790298381,70640,0,,single
1790298382,2552440,257,,single
1790298384,253960,0,,single
1790298385,2591410,14,,single
1790298387,301150,3,,single
1790298388,1787480,1,,single
1790298390,909820,0,,single
1790298391,2581410,2,,single
1790298392,1450120,3,,single
1790298394,1611300,1,,single
1790298395,283980,7,,single
1790298397,2870420,3,,single
1790298398,2915490,0,,single
1790298400,3168310,7,,single
1790298401,251690,0,,single
1790298403,3140620,0,,single
1790298404,1109130,1,,single
1790298406,1116170,0,,single
1790298407,2753620,6,,single
1790298409,288880,1,,single
1790298410,707300,0,,single
1790298411,758090,0,,single
1790298413,749250,1,,single
1790298414,417750,0,,single
1790298416,2264140,2,,single
1790298417,409450,0,,single
1790298419,3489670,2,,single
1790298420,1248060,0,,single
1790298421,457710,1,,single
1790298423,32620,4,,single
1790298424,590590,0,,single
1790298426,395850,0,,single
1790298427,382260,1,,single
1790298429,2095450,2,,single
1790298430,614630,9,,single
1790298431,2928330,0,,single
1790298433,1412170,0,,single
1790298434,3032020,0,,single
1790298436,3107900,1,,single
1790298437,218760,22,,single
1790298439,2824310,3,,single
1790298440,581300,1,,single
1790298442,547340,1,,single
1790298443,12470,12,,single
1790298445,1924170,142,,single
1790298446,2428810,4,,single
1790298447,115210,5,,single
1790298449,606730,0,,single
1790298450,1155590,3,,single
1790298453,689900,2,,single
1790298454,377140,0,,single
1790298456,643870,0,,single
1790298457,948630,1,,single
1790298458,753220,0,,single
1790298460,534290,2,,single
1790298461,1591450,1,,single
1790298463,1409530,0,,single
1790298464,888530,1,,single
1790298466,1689640,0,,single
1790298467,488280,1,,single
1790298469,702700,1,,single
1790298470,1044980,17,,single
1790298472,1472250,0,,single
1790298473,716340,3,,single
1790298474,1026110,0,,single
1790298476,1687550,0,,single
1790298477,258880,1,,single
1790298479,343560,0,,single
1790298480,1815530,0,,single
1790298481,840390,0,,single
1790298483,1328530,2,,single
1790298484,474020,1,,single
1790298486,22130,49,,single
1790298487,259190,1,,single
1790298489,434520,15,,single
1790298490,2343930,0,,single
1790298493,409850,2,,single
1790298494,453690,2,,single
1790298496,517160,3,,single
1790298497,975510,1,,single
1790298499,1815440,0,,single
1790298501,552970,0,,single
1790298502,864160,1,,single
1790298504,297920,3,,single
1790298505,35320,1,,single
1790298507,1944250,2,,single
1790298508,226960,0,,single
1790298509,586110,3,,single
1790298511,33620,0,,single
1790298513,108210,0,,single
1790298514,512300,0,,single
1790298516,1732750,2,,single
1790298517,6250,0,,single
1790298519,2463800,2,,single
1790298520,1945760,0,,single
1790298522,442810,0,,single
1790298524,2008510,2,,single
1790298525,3260,0,,single
1790298526,2113540,1,,single
1790298528,243000,0,,single
1790298529,368640,0,,single
1790298531,1305720,0,,single
1790298532,917840,1,,single
1790298534,315840,1,,single
1790298536,247370,0,,single
1790298537,80350,1,,single
1790298538,1271190,1,,single
1790298540,2092850,1,,single
1790298541,302190,0,,single
1790298543,27020,1,,single
1790298544,1657810,0,,single
1790298546,1642220,1,,single
1790298548,324140,1,,single
1790298549,638160,1,,single
1790298551,460850,2,,single
1790298552,1429740,0,,single
1790298554,3159570,6,,single
1790298555,226120,1,,single
1790298557,266170,0,,single
1790298559,2669150,1,,single
1790298561,24400,0,,single
1790298562,1367530,0,,single
1790298563,2243110,4,,single
1790298565,721180,7,,single
1790298566,257970,1,,single
1790298568,423490,0,,single
1790298569,80360,0,,single
1790298571,1349960,1,,single
1790298572,2693940,0,,single
1790298574,2553050,0,,single
1790298575,2097030,1,,single
1790298576,787740,1,,single
1790298578,351470,0,,single
1790298579,2939640,0,,single
1790298581,2719200,20,,single
1790298582,1478650,7,,single
1790298583,216090,1,,single
1790298585,2810780,4,,single
1790298586,2285570,1,,single
1790298588,264690,0,,single
1790298590,1226990,0,,single
1790298591,1998530,0,,single
1790298593,39560,1,,single
1790298594,619280,0,,single
1790298596,273840,2,,single
1790298597,717310,5,,single
1790298599,2523310,12,,single
1790298600,407980,0,,single
1790298602,1875280,1,,single
1790298603,2168260,1,,single
1790298605,4880,15,,single
1790298606,2730530,0,,single
1790298607,1309620,3,,single
1790298609,1755180,0,,single
1790298610,782340,0,,single
1790298612,1448260,1,,single
1790298613,561610,4,,single
1790298615,3487060,2,,single
1790298616,1346830,0,,single
1790298618,490370,15,,single
1790298619,416000,0,,single
1790298621,3357250,3,,single
1790298622,206690,2,,single
1790298623,2600570,2,,single
1790298625,880400,0,,single
1790298626,1644150,1,,single
1790298627,1509090,0,,single
1790298629,3373670,3,,single
1790298630,1691970,23,,single
1790298632,1295270,26,,single
1790298633,336610,2,,single
1790298635,1710540,4,,single
1790298636,575510,0,,single
1790298637,211010,0,,single
1790298639,239700,0,,single
1790298640,2198800,28,,single
1790298642,1530,0,,single
1790298643,500670,0,,single
1790298645,1960480,6,,single
1790298646,319180,0,,single
1790298648,45450,0,,single
1790298649,1158690,1,,single
1790298650,1681840,6,,single
1790298652,398100,0,,single
1790298653,1020340,0,,single
1790298655,583930,8,,single
1790298656,528660,0,,single
1790298658,1985420,0,,single
1790298659,633110,1,,single
1790298661,1269810,0,,single
1790298662,231310,1,,single
1790298664,592480,4,,single
1790298665,567670,1,,single
1790298667,1422420,5,,single
1790298668,370060,4,,single
1790298670,1020800,2,,single
1790298671,259320,0,,single
1790298672,1520380,6,,single
1790298674,2785280,7,,single
1790298676,1428710,0,,single
1790298677,1226530,1,,single
1790298679,2793290,0,,single
1790298680,889600,1,,single
1790298682,619390,1,,single
1790298683,22670,0,,single
1790298684,444140,0,,single
1790298686,1794780,1,,single
1790298687,867490,1,,single
1790298689,837510,19,,single
1790298690,468490,0,,single
1790298692,1722840,49,,single
1790298693,761030,1,,single
1790298694,529240,4,,single
1790298696,449020,1,,single
1790298697,2597460,0,,single
1790298698,2914480,0,,single
1790298700,1883000,16,,single
1790298701,1036640,37,,single
1790298702,350970,1,,single
1790298704,717790,0,,single
1790298705,1983710,15,,single
1790298707,338320,0,,single
1790298708,1592170,0,,single
1790298710,280320,0,,single
1790298712,2202120,7,,single
1790298714,1144800,0,,single
1790298715,943980,1,,single
1790298716,576130,0,,single
1790298718,1097530,2,,single
1790298719,2794770,0,,single
1790298721,3601790,1,,single
1790298722,968350,0,,single
1790298724,322130,6,,single
1790298725,405780,1,,single
1790298727,669290,0,,single
1790298728,1062040,3,,single
1790298729,1205900,2,,single
1790298731,596590,3,,single
1790298732,1269150,0,,single
1790298734,1364800,0,,single
1790298735,298480,1,,single
1790298737,2026990,0,,single
1790298738,464150,0,,single
1790298739,926520,1,,single
1790298741,3010,0,,single
1790298742,517130,0,,single
1790298744,1813170,0,,single
1790298745,655730,0,,single
1790298746,1722870,54,,single
1790298748,416080,1,,single
1790298749,643200,0,,single
1790298751,1001800,1,,single
1790298752,1427890,0,,single
1790298753,378690,0,,single
1790298755,1111380,9,,single
1790298756,3147510,0,,single
1790298758,403950,0,,single
1790298759,1731460,2,,single
1790298760,336060,2,,single
1790298762,357280,0,,single
1790298763,3114010,4,,single
1790298765,420520,2,,single
1790298766,963330,6,,single
1790298767,606860,0,,single
1790298769,1335240,7,,single
1790298770,301300,2,,single
1790298771,1147450,0,,single
1790298773,837610,4,,single
1790298775,364230,0,,single
1790298776,961620,0,,single
1790298778,431250,3,,single
1790298779,1045620,8,,single
1790298781,814530,0,,single
1790298783,299260,0,,single
1790298784,3044030,2,,single
1790298785,1717640,0,,single
1790298787,2843640,9,,single
1790298788,445110,3,,single
1790298790,256390,0,,single
1790298791,1322300,1,,single
1790298793,848030,0,,single
1790298794,1146230,1,,single
1790298795,1011590,1,,single
1790298797,789100,22,,single
1790298798,9060,1,,single
1790298800,292330,0,,single
1790298801,307340,0,,single
1790298802,2473980,3,,single
1790298804,2309400,1,,single
1790298805,2840250,0,,single
1790298807,1295790,0,,single
1790298808,335820,13,,single
1790298809,3560,18,,single
1790298811,323490,1,,single
1790298813,1903910,0,,single
1790298814,1287920,5,,single
1790298815,240970,3,,single
1790298817,2759810,0,,single
1790298818,402750,0,,single
1790298820,3242950,24,,single
1790298821,1732330,5,,single
1790298823,2529520,4,,single
1790298824,320320,5,,single
1790298826,2716110,0,,single
1790298827,304350,0,,single
1790298829,1733890,0,,single
1790298831,2566880,0,,single
1790298832,320690,2,,single
1790298834,583270,1,,single
1790298835,598730,0,,single
1790298837,1502560,1,,single
1790298838,436160,5,,single
1790298840,1291790,1,,single
1790298841,2812850,0,,single
1790298842,985900,2,,single
1790298844,1132760,0,,single
1790298845,492150,1,,single
1790298847,508790,0,,single
1790298848,1446330,1,,single
1790298850,545980,4,,single
1790298851,32680,9,,single
1790298852,1558930,0,,single
1790298854,1980350,0,,single
1790298855,721030,18,,single
1790298857,263400,1,,single
1790298860,3541130,1,,single
1790298861,281280,2,,single
1790298863,1341050,3,,single
1790298864,1890950,0,,single
1790298865,2564880,0,,single
1790298867,1561040,3,,single
1790298868,542480,4,,single
1790298870,541640,6,,single
1790298871,1015890,1,,single
1790298872,459090,0,,single
1790298874,282880,1,,single
1790298875,308173,4,,single
1790298877,1403020,0,,single
1790298878,252170,0,,single
1790298880,263320,2,,single
1790298881,1185160,0,,single
1790298883,2296380,11,,single
1790298884,390100,0,,single
1790298886,497730,1,,single
1790298887,2745800,0,,single
1790298889,1957990,0,,single
1790298890,1880470,0,,single
1790298892,753230,0,,single
1790298893,987230,0,,single
1790298894,3070880,15,,single
1790298896,2332410,0,,single
1790298897,676500,7,,single
1790298899,1966220,1,,single
1790298900,400360,0,,single
1790298901,661430,0,,single
1790298903,1996770,6,,single
1790298904,449300,5,,single
1790298906,356450,0,,single
1790298907,1422610,1,,single
1790298908,1899400,1,,single
1790298910,2991400,3,,single
1790298911,1014040,5,,single
1790298913,986020,1,,single
1790298914,1414430,0,,single
1790298916,3229170,0,,single
1790298917,1623210,2,,single
1790298919,469720,7,,single
1790298920,1479810,0,,single
1790298921,594040,1,,single
1790298923,2304620,2,,single
1790298925,779090,0,,single
1790298926,554600,0,,single
1790298928,46490,0,,single
1790298929,586210,0,,single
1790298930,802450,5,,single
1790298932,2994010,4,,single
1790298933,594680,0,,single
1790298935,936490,1,,single
1790298936,281200,1,,single
1790298937,698700,5,,single
1790298939,1163740,1,,single
1790298940,1706360,13,,single
1790298942,373970,2,,single
1790298943,2399730,23,,single
1790298945,1034940,15,,single
1790298946,2951840,0,,single
1790298948,638200,11,,single
1790298949,1673630,0,,single
1790298950,497850,1,,single
1790298952,383460,0,,single
1790298953,808080,1,,single
1790298955,403900,1,,single
1790298956,1450080,11,,single
1790298957,463220,2,,single
1790298959,2350020,2,,single
1790298961,427240,0,,single
1790298962,313080,0,,single
1790298964,628050,101,,single
1790298965,1318740,0,,single
1790298966,713530,1,,single
1790298968,2616430,8,,single
1790298969,2056340,0,,single
1790298971,338810,2,,single
1790298972,1617430,1,,single
1790298973,398810,24,,single
1790298975,8880,0,,single
1790298976,1111930,3,,single
1790298978,655740,1,,single
1790298979,1257200,0,,single
1790298981,438020,1,,single
1790298982,552110,0,,single
1790298984,355680,2,,single
1790298985,253410,0,,single
1790298988,295250,2,,single
1790298989,1146720,1,,single
1790298991,586380,1,,single
1790298992,890880,0,,single
1790298993,1745170,0,,single
1790298995,782570,1,,single
1790298996,1302050,0,,single
1790298998,303690,7,,single
1790298999,237950,0,,single
1790299000,266230,3,,single
1790299002,1183470,4,,single
1790299003,340580,0,,single
1790299004,1060310,0,,single
1790299006,2827810,4,,single
1790299007,643960,12,,single
1790299009,233680,1,,single
1790299010,485690,0,,single
1790299011,1055210,0,,single
1790299013,1928540,4,,single
1790299015,1210800,0,,single
1790299016,693800,0,,single
1790299017,618850,0,,single
1790299019,588110,0,,single
1790299020,1344740,1,,single
1790299022,1416520,1,,single
1790299023,2336440,0,,single
1790299025,263860,0,,single
1790299026,1805930,0,,single
1790299027,1363850,0,,single
1790299029,725780,0,,single
1790299030,2050510,1,,single
1790299032,2515070,1,,single
1790299033,1680000,11,,single
1790299034,2647820,10,,single
1790299036,1832220,0,,single
1790299037,444490,0,,single
1790299039,1374290,0,,single
1790299040,1961160,0,,single
1790299042,1451080,0,,single
1790299043,2839450,0,,single
1790299044,769670,4,,single
1790299046,323670,2,,single
1790299047,948880,0,,single
1790299049,663110,1,,single
1790299050,1184250,1,,single
1790299052,1397650,0,,single
1790299053,319760,0,,single
1790299055,826230,1,,single
1790299056,512460,2,,single
1790299057,2229990,0,,single
1790299059,664750,0,,single
1790299061,2840480,0,,single
1790299062,1671720,0,,single
1790299063,428950,0,,single
1790299065,1078330,2,,single
1790299066,1154850,1,,single
1790299067,1103860,1,,single
1790299069,1586700,4,,single
1790299070,1368340,0,,single
1790299072,2475040,0,,single
1790299074,2304440,0,,single
1790299075,809540,2,,single
1790299077,689980,0,,single
1790299079,1731260,0,,single
1790299080,2748830,2,,single
1790299082,1019450,2,,single
1790299083,1076550,3,,single
1790299084,235980,0,,single
1790299086,754120,3,,single
1790299087,329460,0,,single
1790299089,404040,19,,single
1790299090,1798020,28,,single
1790299091,24480,0,,single
1790299093,1285360,1,,single
1790299094,289800,0,,single
1790299096,1381530,0,,single
1790299097,1762570,6,,single
1790299098,787040,1,,single
1790299100,1098610,0,,single
1790299102,2722270,2,,single
1790299103,286480,1,,single
1790299105,400510,2,,single
1790299106,782690,0,,single
1790299107,215710,8,,single
1790299109,3327170,20,,single
1790299110,2140850,2,,single
1790299111,1058320,0,,single
1790299113,241000,2,,single
1790299114,3107880,1,,single
1790299116,548840,0,,single
1790299117,32630,2,,single
1790299119,2642570,2,,single
1790299120,1220170,0,,single
1790299121,1810980,0,,single
1790299123,429610,1,,single
1790299124,1302110,0,,single
1790299126,2337820,1,,single
1790299127,1646580,4,,single
1790299129,306700,0,,single
1790299130,668430,0,,single
1790299131,1058200,9,,single
1790299133,892760,1,,single
1790299134,1693040,0,,single
1790299135,366640,0,,single
1790299137,1118380,0,,single
1790299139,2248330,0,,single
1790299140,1077970,0,,single
1790299141,510540,1,,single
1790299143,291710,1,,single
1790299144,1536080,6,,single
1790299145,825730,9,,single
1790299147,2437040,1,,single
1790299148,2116510,2,,single
1790299150,1596540,1,,single
1790299151,3091390,1,,single
1790299153,2295970,0,,single
1790299154,2615670,4,,single
1790299156,2836860,1,,single
1790299158,2258590,19,,single
1790299160,1028590,4,,single
1790299161,2593900,0,,single
1790299163,1561910,0,,single
1790299164,2665460,4,,single
1790299165,968440,13,,single
1790299167,618510,0,,single
1790299168,1393420,0,,single
1790299170,3244210,13,,single
1790299171,1341490,1,,single
1790299173,1169740,0,,single
1790299174,1984720,25,,single
1790299176,1114430,3,,single
1790299177,3331320,3,,single
1790299178,2116260,0,,single
1790299180,11130,0,,single
1790299181,465170,0,,single
1790299183,476480,0,,single
1790299184,1299620,2,,single
1790299186,1112830,0,,single
1790299187,389900,5,,single
1790299188,3990,151,,single
1790299190,490230,0,,single
1790299191,695100,0,,single
1790299193,1162560,1,,single
1790299194,463170,0,,single
1790299195,1921980,2,,single
1790299197,769920,3,,single
1790299198,229810,1,,single
1790299200,1338420,0,,single
1790299201,433000,2,,single
1790299203,3226850,2,,single
1790299204,361230,0,,single
1790299205,1099220,2,,single
1790299207,971160,1,,single
1790299208,15000,2,,single
1790299209,952540,72,,single
1790299211,586750,1,,single
1790299212,682480,0,,single
1790299214,1911940,2,,single
1790299215,1253190,0,,single
1790299216,70660,1,,single
1790299218,2058750,12,,single
1790299219,2442380,1,,single
1790299220,381100,0,,single
1790299222,883070,0,,single
1790299223,848550,0,,single
1790299225,647570,0,,single
1790299226,1622800,1,,single
1790299228,3574510,0,,single
1790299229,844330,0,,single
1790299230,2119590,0,,single
1790299232,388620,0,,single
1790299233,890970,1,,single
1790299235,308270,0,,single
1790299237,1319420,0,,single
1790299239,2933180,0,,single
1790299240,378270,0,,single
1790299242,3209620,0,,single
1790299243,746140,0,,single
1790299245,1631640,0,,single
1790299247,501990,0,,single
1790299250,2524360,0,,single
1790299251,1507120,2,,single
1790299252,283080,2,,single
1790299254,2348090,4,,single
1790299255,1504250,3,,single
1790299257,1412470,0,,single
1790299258,1068360,1,,single
1790299259,297750,3,,single
1790299261,2582660,3,,single
1790299263,3313310,1,,single
1790299264,236130,3,,single
1790299265,289340,3,,single
1790299267,2118250,0,,single
1790299268,1921480,4,,single
1790299270,2085000,38,,single
1790299271,827640,0,,single
1790299273,975120,0,,single
1790299274,2543050,1,,single
1790299275,976700,0,,single
1790299277,1475430,0,,single
1790299278,671390,1,,single
1790299280,2311260,1,,single
1790299282,1649740,3,,single
1790299283,2154650,5,,single
1790299284,628740,0,,single
1790299286,820030,1,,single
1790299287,1220930,0,,single
1790299288,3446120,0,,single
1790299290,1471040,1,,single
1790299291,1266220,1,,single
1790299293,283270,3,,single
1790299294,922400,11,,single
1790299295,333880,0,,single
1790299297,3288180,1,,single
1790299299,2207440,6,,single
1790299300,1248820,2,,single
1790299301,1258710,0,,single
1790299303,460340,0,,single
1790299304,1141760,0,,single
1790299306,1925320,1,,single
1790299307,3304770,3,,single
1790299309,2374000,2,,single
1790299310,3001730,0,,single
1790299312,769950,1,,single
1790299313,900400,0,,single
1790299315,2876250,1,,single
1790299316,405950,0,,single
1790299318,1475850,3,,single
1790299319,541370,1,,single
1790299321,2573260,0,,single
1790299322,923570,0,,single
1790299323,1067860,1,,single
1790299325,200020,1,,single
1790299326,307350,0,,single
1790299328,881560,0,,single
1790299329,1258220,1,,single
1790299330,270790,0,,single
1790299332,1109840,3,,single
1790299333,271370,5,,single
1790299335,414190,0,,single
1790299336,247350,0,,single
1790299337,951940,0,,single
1790299339,1636030,1,,single
1790299341,771950,0,,single
1790299342,1098170,0,,single
1790299343,1082970,16,,single
1790299345,1399840,0,,single
1790299346,1841390,0,,single
1790299348,562270,0,,single
1790299349,457320,0,,single
1790299350,33910,9,,single
1790299352,2701700,6,,single
1790299353,3667230,5,,single
1790299355,1479500,0,,single
1790299356,2119940,0,,single
1790299357,1082190,1,,single
1790299359,1188330,9,,single
1790299360,2737980,2,,single
1790299362,758500,0,,single
1790299363,2677310,7,,single
1790299364,422920,16,,single
1790299366,1602540,3,,single
1790299367,684050,0,,single
1790299368,331650,0,,single
1790299370,429330,0,,single
1790299371,1037560,1,,single
1790299373,1967820,3,,single
1790299374,1247100,0,,single
1790299375,322900,2,,single
1790299377,2776570,0,,single
1790299378,1481780,1,,single
1790299380,811880,3,,single
1790299381,656610,0,,single
1790299382,1730260,2,,single
1790299384,1035930,3,,single
1790299385,1206410,7,,single
1790299387,1847150,1,,single
1790299388,1194590,1,,single
1790299390,442210,1,,single
1790299391,904540,5,,single
1790299392,3194550,5,,single
1790299394,267980,0,,single
1790299395,1771180,3,,single
1790299397,926390,4,,single
1790299398,390730,1,,single
1790299399,259130,0,,single
1790299401,2648050,4,,single
1790299402,2631960,62,,single
1790299404,1157750,0,,single
1790299405,2403340,1,,single
1790299406,809440,0,,single
1790299408,1304610,1,,single
1790299409,725330,0,,single
1790299411,415170,0,,single
1790299412,2373290,0,,single
1790299414,3048140,2,,single
1790299415,1340640,0,,single
1790299417,1690,12,,single
1790299419,556740,0,,single
1790299420,2088340,3,,single
1790299422,263700,1,,single
1790299423,1315200,4,,single
1790299424,2330750,35,,single
1790299426,464620,1,,single
1790299427,414720,1,,single
1790299429,1766790,0,,single
1790299431,676630,0,,single
1790299451,1339410,0,,single
1790299453,1738610,2,,single
1790299454,1293730,0,,single
1790299456,975950,0,,single
1790299457,2512930,0,,single
1790299458,502750,10,,single
1790299460,1995870,0,,single
1790299462,585910,0,,single
1790299463,777770,0,,single
1790299465,372210,0,,single
1790299466,2263920,0,,single
1790299468,2947220,0,,single
1790299469,2115850,0,,single
1790299471,666610,10,,single
1790299472,1744910,0,,single
1790299474,337070,1,,single
1790299475,1881120,0,,single
1790299478,2096510,4,,single
1790299480,257670,0,,single
1790299482,461890,10,,single
1790299483,2023050,0,,single
1790299484,496640,0,,single
1790299486,2161050,0,,single
1790299488,2065810,1,,single
1790299489,1918970,6,,single
1790299491,744260,0,,single
1790299492,3600840,0,,single
1790299493,2197680,2,,single
1790299495,2736690,1,,single
1790299496,2516820,1,,single
1790299498,1214670,1,,single
1790299499,1889620,55,,single
1790299500,1358090,4,,single
1790299502,2281360,1,,single
1790299503,1698220,1,,single
1790299505,2062550,0,,single
1790299506,2108180,17,,single
1790299508,1144910,0,,single
1790299509,669320,1,,single
1790299511,289460,0,,single
1790299512,3215660,0,,single
1790299514,1647310,9,,single
1790299515,3275010,3,,single
1790299517,2242100,3,,single
1790299518,1172980,0,,single
1790299520,582810,0,,single
1790299521,80200,0,,single
1790299522,237550,1,,single
1790299524,385080,4,,single
1790299525,1284130,1,,single
1790299527,1454520,1,,single
1790299528,2598020,0,,single
1790299530,531680,1,,single
1790299531,796790,0,,single
1790299533,3324320,0,,single
1790299534,315860,0,,single
1790299536,2229940,4,,single
1790299537,1083870,0,,single
1790299539,871100,1,,single
1790299540,2004590,0,,single
1790299541,387840,0,,single
1790299543,437000,1,,single
1790299544,1477700,0,,single
1790299546,1788170,0,,single
1790299547,344480,0,,single
1790299549,2958700,0,,single
1790299550,1279240,0,,single
1790299551,1198400,1,,single
1790299553,542350,1,,single
1790299554,1709080,0,,single
1790299556,283430,0,,single
1790299557,714020,2,,single
1790299558,3109800,1,,single
1790299560,941570,2,,single
1790299561,1448600,1,,single
1790299562,41740,1,,single
1790299564,354430,2,,single
1790299565,2182630,0,,single
1790299567,1393820,7,,single
1790299568,549100,0,,single
1790299570,1724440,0,,single
1790299571,8100,0,,single
1790299572,788470,1,,single
1790299574,2949580,0,,single
1790299576,1721870,0,,single
1790299577,541660,3,,single
1790299578,1252010,21,,single
1790299580,1321230,1,,single
1790299582,1063980,1,,single
1790299583,343740,0,,single
1790299584,71000,0,,single
1790299586,3223390,3,,single
1790299587,206760,0,,single
1790299589,337490,0,,single
1790299590,32150,1,,single
1790299592,3443610,1,,single
1790299593,2753520,0,,single
1790299594,919260,0,,single
1790299596,513340,1,,single
1790299598,1861290,0,,single
1790299600,1546500,0,,single
1790299601,2103680,0,,single
1790299603,3432500,0,,single
1790299604,509110,1,,single
1790299606,1028730,0,,single
1790299607,2825300,3,,single
1790299608,453310,0,,single
1790299610,2852770,3,,single
1790299611,453750,0,,single
1790299613,888040,2,,single
1790299614,850450,2,,single
1790299616,1691560,0,,single
1790299617,2214220,3,,single
1790299619,207570,1,,single
1790299620,1008860,2,,single
1790299622,925470,1,,single
1790299623,1586750,0,,single
1790299625,235660,10,,single
1790299626,949970,0,,single
1790299627,470270,1,,single
1790299629,361040,0,,single
1790299630,469800,2,,single
1790299632,394680,0,,single
1790299633,1096180,0,,single
1790299635,1519710,0,,single
1790299636,2530430,0,,single
1790299637,1955030,1,,single
1790299639,242530,0,,single
1790299640,685690,0,,single
1790299642,1011300,0,,single
1790299643,277110,0,,single
1790299645,439250,5,,single
1790299646,267960,1,,single
1790299647,363980,1,,single
1790299649,504300,0,,single
1790299650,1337920,1,,single
1790299652,977390,0,,single
1790299653,2230070,200,,single
1790299654,70110,0,,single
1790299656,2460980,0,,single
1790299657,202730,2,,single
1790299659,921710,0,,single
1790299660,683830,1,,single
1790299662,2597880,0,,single
1790299663,46270,0,,single
1790299664,1096930,18,,single
1790299666,505210,0,,single
1790299667,1813860,4,,single
1790299669,1101180,0,,single
1790299670,378800,0,,single
1790299672,350990,0,,single
1790299673,1442450,0,,single
1790299674,715050,0,,single
1790299676,1503670,1,,single
1790299678,562470,0,,single
1790299679,2479840,3,,single
1790299681,3449850,32,,single
1790299682,1722520,0,,single
1790299684,2077380,2,,single
1790299685,1077430,0,,single
1790299687,758730,9,,single
1790299688,645690,0,,single
1790299690,425410,0,,single
1790299691,835520,0,,single
1790299693,675170,1,,single
1790299694,873270,0,,single
1790299695,2543030,1,,single
1790299697,1522560,1,,single
1790299698,1229030,0,,single
1790299700,1497450,0,,single
1790299701,1174640,2,,single
1790299703,2404170,0,,single
1790299704,348240,0,,single
1790299705,1135570,0,,single
1790299707,1056180,0,,single
1790299708,1150460,0,,single
1790299710,363610,0,,single
1790299711,242110,1,,single
1790299713,275060,0,,single
1790299714,415150,0,,single
1790299716,1409740,0,,single
1790299717,948640,12,,single
1790299719,546220,0,,single
1790299720,377060,0,,single
1790299722,1313,3,,single
1790299723,229950,1,,single
1790299725,2179440,1,,single
1790299726,1931690,1,,single
1790299728,1271100,1,,single
1790299729,2897240,5,,single
1790299731,564150,0,,single
1790299732,464700,0,,single
1790299734,576030,1,,single
1790299735,1119710,1,,single
1790299737,1178210,0,,single
1790299738,451570,1,,single
1790299740,2583430,0,,single
1790299741,2248900,2,,single
1790299743,396310,0,,single
1790299745,2800900,0,,single
1790299747,502400,5,,single
1790299749,2194790,5,,single
1790299750,1072640,0,,single
1790299752,1520270,0,,single
1790299753,346820,0,,single
1790299755,3175860,1,,single
1790299756,595430,0,,single
1790299758,355630,1,,single
1790299760,1437340,0,,single
1790299761,1487590,0,,single
1790299763,344440,3,,single
1790299764,583040,2,,single
1790299766,1063590,0,,single
1790299768,286200,3,,single
1790299769,1510950,1,,single
1790299770,2785200,4,,single
1790299772,2630080,12,,single
1790299773,628080,51,,single
1790299775,1424710,6,,single
1790299776,843660,191,,single
1790299778,336300,0,,single
1790299779,985430,1,,single
1790299781,824280,4,,single
1790299782,33650,2,,single
1790299784,556870,0,,single
1790299785,485650,0,,single
1790299787,308000,0,,single
1790299789,1109690,0,,single
1790299790,697650,3,,single
1790299791,977460,2,,single
1790299793,929060,0,,single
1790299794,2832320,2,,single
1790299796,866190,0,,single
1790299798,494670,2,,single
1790299799,3450,11,,single
1790299801,1101930,0,,single
1790299802,446640,1,,single
1790299804,2295610,1,,single
1790299805,46550,0,,single
1790299807,1038280,0,,single
1790299808,3296200,0,,single
1790299810,874400,0,,single
1790299811,2211390,0,,single
1790299813,952950,0,,single
1790299814,1747050,13,,single
1790299816,299540,2,,single
1790299817,1383740,0,,single
1790299819,551450,0,,single
1790299820,2362090,1,,single
1790299822,2783610,0,,single
1790299824,2947230,0,,single
1790299825,258090,0,,single
1790299827,589940,0,,single
1790299828,1105040,0,,single
1790299830,307590,0,,single
1790299831,2529120,3,,single
1790299832,575330,0,,single
1790299834,1629830,3,,single
1790299835,450190,0,,single
1790299837,330180,0,,single
1790299838,2013900,2,,single
1790299840,2223590,4,,single
1790299841,3081810,0,,single
1790299842,643820,0,,single
1790299844,1156380,0,,single
1790299845,890400,22,,single
1790299847,882410,1,,single
1790299848,2052990,1,,single
1790299850,1021070,0,,single
1790299851,1986880,0,,single
1790299853,1693250,10,,single
1790299854,2281820,0,,single
1790299856,3418930,1,,single
1790299858,575480,2,,single
1790299859,336940,0,,single
1790299861,1891090,3,,single
1790299862,1032700,0,,single
1790299864,410970,73,,single
1790299865,955870,2,,single
1790299866,1482750,1,,single
1790299868,102850,1,,single
1790299869,772070,0,,single
1790299871,1457620,4,,single
1790299873,2246110,5,,single
1790299874,1205260,0,,single
1790299876,831050,1,,single
1790299877,581360,0,,single
1790299878,1187940,1,,single
1790299880,421810,67,,single
1790299882,1206600,0,,single
1790299883,1554700,0,,single
1790299884,612370,1,,single
1790299886,507390,0,,single
1790299887,1768880,0,,single
1790299889,116100,0,,single
1790299890,416790,0,,single
1790299892,3018910,1,,single
1790299893,1637230,2,,single
1790299895,314320,0,,single
1790299896,492270,0,,single
1790299898,3050,0,,single
1790299899,398450,0,,single
1790299901,2319390,0,,single
1790299902,543030,0,,single
1790299904,470210,1,,single
1790299905,2795270,0,,single
1790299907,375710,0,,single
1790299908,843890,0,,single
1790299910,497700,2,,single
1790299911,412050,0,,single
1790299912,464100,1,,single
1790299914,1346020,5,,single
1790299915,777880,0,,single
1790299917,1516820,0,,single
1790299918,658690,0,,single
1790299920,1502980,7,,single
1790299921,1906020,2,,single
1790299923,1126190,2,,single
1790299925,1040430,0,,single
1790299926,992490,1,,single
1790299927,375840,2,,single
1790299929,2009860,2,,single
1790299930,2000800,6,,single
1790299932,3330280,204,,single
1790299933,394600,1,,single
1790299935,1147500,0,,single
1790299936,642610,0,,single
1790299938,443360,0,,single
1790299939,1235360,0,,single
1790299941,2201810,0,,single
1790299942,200960,2,,single
1790299944,580710,5,,single
1790299945,1882040,2,,single
1790299947,2279330,0,,single
1790299949,625860,1,,single
1790299950,1631210,0,,single
1790299951,332360,2,,single
1790299953,2311680,20,,single
1790299955,46770,15,,single
1790299956,1055760,1,,single
1790299958,1839510,2,,single
1790299959,260130,2,,single
1790299960,412520,0,,single
1790299962,864540,1,,single
1790299964,2488350,6,,single
1790299965,905690,1,,single
1790299967,3311560,0,,single
1790299968,2276830,3,,single
1790299969,2998970,0,,single
1790299971,1579020,0,,single
1790299973,893020,0,,single
1790299974,1641700,13,,single
1790299976,683940,2,,single
1790299977,867180,6,,single
1790299979,2510890,0,,single
1790299980,2158270,1,,single
1790299982,11370,1,,single
1790299983,1556490,0,,single
1790299985,567130,1,,single
1790299986,33770,0,,single
1790299988,437420,2,,single
1790299989,809870,0,,single
1790299991,463110,5,,single
1790299992,1198850,1,,single
1790299994,1953860,0,,single
1790299995,661990,49,,single
1790299997,281450,1,,single
1790299998,650940,1,,single
1790300000,2632930,0,,single
1790300001,1043240,5,,single
1790300003,1931940,0,,single
1790300004,752470,19,,single
1790300006,1722020,1,,single
1790300007,316890,0,,single
1790300009,2775370,4,,single
1790300010,431500,0,,single
1790300011,10110,3,,single
1790300013,574140,0,,single
1790300014,2716930,18,,single
1790300016,940580,0,,single
1790300017,1708110,3,,single
1790300019,631980,1,,single
1790300020,1508570,4,,single
1790300021,492290,0,,single
1790300023,1788850,0,,single
1790300024,394280,1,,single
1790300026,1946140,24,,single
1790300027,760510,0,,single
1790300029,664000,0,,single
1790300030,894630,1,,single
1790300031,313400,0,,single
1790300033,1249060,0,,single
1790300035,1592750,6,,single
1790300036,292480,0,,single
1790300038,545820,4,,single
1790300039,1543710,1,,single
1790300040,424000,0,,single
1790300042,1229020,5,,single
1790300043,291170,1,,single
1790300045,288370,0,,single
1790300047,959880,0,,single
1790300048,1917450,0,,single
1790300050,290970,0,,single
1790300051,1057800,0,,single
1790300052,1343810,1,,single
1790300054,1195560,3,,single
1790300055,1062340,6,,single
1790300057,1155870,2,,single
1790300059,1045580,0,,single
1790300061,1895810,1,,single
1790300063,940310,0,,single
1790300064,3265880,0,,single
1790300066,696360,1,,single
1790300068,617850,0,,single
1790300069,2329130,0,,single
1790300071,2865440,6,,single
1790300072,25600,3,,single
1790300074,1733170,0,,single
1790300076,39630,1,,single
1790300077,2757720,9,,single
1790300079,786580,1,,single
1790300080,1045080,1,,single
1790300081,1505560,1,,single
1790300083,758410,0,,single
1790300084,2458940,5,,single
1790300086,2380340,0,,single
1790300088,1233800,1,,single
1790300089,2101130,3,,single
1790300091,2424650,1,,single
1790300092,445770,6,,single
1790300094,217270,0,,single
1790300095,1830870,0,,single
1790300096,837590,0,,single
1790300098,2244470,2,,single
1790300099,403510,2,,single
1790300101,1958600,2,,single
1790300102,2095290,0,,single
1790300103,1042670,0,,single
1790300105,1919720,0,,single
1790300106,65530,1,,single
1790300108,429600,0,,single
1790300109,2473640,1,,single
1790300111,1174720,1,,single
1790300112,567060,0,,single
1790300114,341950,16,,single
1790300115,501760,0,,single
1790300117,1068640,0,,single
1790300118,764030,22,,single
1790300119,1001140,0,,single
1790300121,851950,0,,single
1790300122,315550,0,,single
1790300123,2022850,0,,single
1790300125,2417940,2,,single
1790300126,458480,0,,single
1790300128,1061730,0,,single
1790300129,394700,0,,single
1790300131,1113030,3,,single
1790300132,449200,1,,single
1790300134,2247570,1,,single
1790300135,908050,0,,single
1790300137,2840,2,,single
1790300138,2184350,10,,single
1790300139,1542280,5,,single
1790300141,1043230,0,,single
1790300142,759440,0,,single
1790300144,480450,0,,single
1790300146,1720090,0,,single
1790300147,1216230,5,,single
1790300149,1694560,0,,single
1790300151,882250,0,,single
1790300152,2743850,2,,single
1790300154,454140,1,,single
1790300155,946040,8,,single
1790300156,1815230,0,,single
1790300158,272330,0,,single
1790300160,931310,0,,single
1790300161,1822240,1,,single
1790300163,200150,0,,single
1790300164,730870,18,,single
1790300167,431810,8,,single
1790300168,10100,7,,single
1790300173,96200,0,,single
1790300175,1250440,0,,single
1790300177,237570,2,,single
1790300179,1507720,0,,single
1790300181,889770,0,,single
1790300182,1203360,1,,single
1790300184,611120,2,,single
1790300185,1348690,0,,single
1790300186,1547380,0,,single
1790300188,1028860,17,,single
1790300189,693580,0,,single
1790300191,458920,0,,single
1790300192,1095120,1,,single
1790300194,1461920,5,,single
1790300195,1386650,0,,single
1790300197,466730,0,,single
1790300198,1177130,0,,single
1790300200,736810,0,,single
1790300202,1647920,1,,single
1790300203,1405440,0,,single
1790300205,804730,0,,single
1790300207,1597720,0,,single
1790300209,2360020,1,,single
1790300210,493650,0,,single
1790300212,1837650,1,,single
1790300213,1737690,5,,single
1790300215,1088770,1,,single
1790300216,2082350,0,,single
1790300218,673600,0,,single
1790300219,686900,2,,single
1790300221,848500,14,,single
1790300222,31810,14,,single
1790300224,260930,0,,single
1790300225,230150,0,,single
1790300227,3044100,3,,single
1790300228,605990,0,,single
1790300230,1557420,1,,single
1790300231,1406810,3,,single
1790300233,800600,3,,single
1790300234,391580,0,,single
1790300236,1256530,0,,single
1790300237,560370,0,,single
1790300238,7220,1,,single
1790300240,600460,0,,single
1790300242,1168690,0,,single
1790300243,2410890,0,,single
1790300245,679750,0,,single
1790300246,1763740,3,,single
1790300248,1495860,4,,single
1790300249,1100160,7,,single
1790300251,1978150,0,,single
1790300253,3245050,0,,single
1790300254,383740,1,,single
1790300256,1058130,2,,single
1790300258,1682410,0,,single
1790300260,760810,1,,single
1790300261,893390,1,,single
1790300263,1304350,1,,single
1790300264,251810,2,,single
1790300265,312630,0,,single
1790300267,2254710,0,,single
1790300268,2779570,0,,single
1790300270,1459960,0,,single
1790300271,3380,30,,single
1790300273,665270,0,,single
1790300274,574640,5,,single
1790300276,1201550,2,,single
1790300277,342550,0,,single
1790300278,828150,0,,single
1790300280,2140650,12,,single
1790300281,1909810,0,,single
1790300283,617440,0,,single
1790300284,1510580,16,,single
1790300286,2428840,1,,single
1790300287,283060,0,,single
1790300289,1292180,17,,single
1790300290,702110,1,,single
1790300292,2497610,1,,single
1790300293,1478410,0,,single
1790300294,558450,0,,single
1790300296,205830,3,,single
1790300297,705290,0,,single
1790300299,841350,0,,single
1790300300,1682340,1,,single
1790300302,832500,0,,single
1790300304,473520,1,,single
1790300305,771920,0,,single
1790300307,1512710,1,,single
1790300308,527760,11,,single
1790300310,293740,0,,single
1790300312,356880,0,,single
1790300314,1055010,8,,single
1790300316,785850,0,,single
1790300317,287070,9,,single
1790300319,3110010,0,,single
1790300320,409600,2,,single
1790300322,31100,2,,single
1790300324,230330,38,,single
1790300325,767420,1,,single
1790300327,15380,15,,single
1790300328,916900,0,,single
1790300329,26000,0,,single
1790300331,2374190,3,,single
1790300332,2786830,0,,single
1790300334,2935840,0,,single
1790300335,280600,0,,single
1790300337,2892000,0,,single
1790300338,687540,2,,single
1790300340,1651490,1,,single
1790300341,562730,1,,single
1790300342,824830,2,,single
1790300344,782660,14,,single
1790300346,230650,0,,single
1790300348,1015790,0,,single
1790300349,375320,1,,single
1790300351,2508890,0,,single
1790300352,1403310,1,,single
1790300353,1058140,0,,single
1790300355,545410,1,,single
1790300356,427910,0,,single
1790300359,589200,0,,single
1790300360,556860,0,,single
1790300362,750200,0,,single
1790300363,2512090,4,,single
1790300365,2400280,22,,single
1790300366,504400,0,,single
1790300368,344230,0,,single
1790300369,515470,1,,single
1790300371,1348920,1,,single
1790300372,1961300,0,,single
1790300374,786450,1,,single
1790300375,345010,0,,single
1790300377,1247290,3,,single
1790300378,1833040,0,,single
1790300380,2138090,1,,single
1790300381,1309990,1,,single
1790300383,1450250,2,,single
1790300384,914170,2,,single
1790300386,538590,0,,single
1790300387,243020,0,,single
1790300389,1095040,0,,single
1790300390,1418390,1,,single
1790300392,1515200,0,,single
1790300393,499620,3,,single
1790300395,4900,5,,single
1790300396,510650,0,,single
1790300398,517720,0,,single
1790300399,2349140,5,,single
1790300401,2787300,1,,single
1790300402,388490,1,,single
1790300404,440520,2,,single
1790300405,432470,1,,single
1790300407,844960,9,,single
1790300408,1034040,0,,single
1790300410,1115450,1,,single
1790300411,1618290,28,,single
1790300413,742490,3,,single
1790300414,485950,2,,single
1790300416,1594400,0,,single
1790300417,1532710,0,,single
1790300418,1349600,0,,single
1790300420,2110510,0,,single
1790300421,431750,4,,single
1790300423,427780,0,,single
1790300424,286280,1,,single
1790300426,1783680,2,,single
1790300427,1281490,1,,single
1790300429,958480,2,,single
1790300430,1974220,1,,single
1790300432,631830,0,,single
1790300433,412170,0,,single
1790300435,423710,0,,single
1790300436,1449430,0,,single
1790300438,1466230,1,,single
1790300439,1898610,4,,single
1790300441,512890,0,,single
1790300442,292780,9,,single
1790300444,1378040,1,,single
1790300445,238050,1,,single
1790300447,1516750,2,,single
1790300448,421060,0,,single
1790300450,489560,7,,single
1790300451,989790,0,,single
1790300452,1627890,1,,single
1790300454,1106940,0,,single
1790300455,2709940,1,,single
1790300457,2432100,2,,single
1790300458,2412490,0,,single
1790300460,1073220,1,,single
1790300461,1717510,0,,single
1790300463,2094600,0,,single
1790300464,2153770,18,,single
1790300466,1790340,0,,single
1790300467,1125710,0,,single
1790300468,622060,3,,single
1790300470,2213300,23,,single
1790300471,1045840,0,,single
1790300473,1861440,0,,single
1790300474,2776600,0,,single
1790300476,3180240,7,,single
1790300477,926310,0,,single
1790300479,1658930,1,,single
1790300480,294540,12,,single
1790300482,11050,1,,single
1790300484,1163070,0,,single
1790300486,211970,0,,single
1790300488,857350,1,,single
1790300489,44690,0,,single
1790300491,1564540,0,,single
1790300492,2488340,8,,single
1790300494,809310,1,,single
1790300496,893790,0,,single
1790300497,451600,0,,single
1790300499,1025070,0,,single
1790300500,46400,0,,single
1790300502,411120,0,,single
1790300503,1564110,0,,single
1790300505,1422430,1,,single
1790300506,1026400,1,,single
1790300508,1742610,2,,single
1790300509,2784620,0,,single
1790300511,1248800,0,,single
1790300513,428340,0,,single
1790300514,909190,0,,single
1790300516,935070,1,,single
1790300517,828960,0,,single
1790300519,442290,1,,single
1790300520,1395850,2,,single
1790300521,629960,0,,single
1790300523,579490,5,,single
1790300524,1410830,1,,single
1790300526,1469620,4,,single
1790300527,750170,1,,single
1790300528,1520760,0,,single
1790300530,23380,0,,single
1790300531,2132560,3,,single
1790300533,397720,6,,single
1790300537,834150,0,,single
1790300539,1194700,1,,single
1790300540,1122100,0,,single
1790300542,589420,0,,single
1790300543,889080,6,,single
1790300545,2176900,0,,single
1790300546,944770,42,,single
1790300548,344860,2,,single
1790300549,1231460,1,,single
1790300550,1300600,0,,single
1790300552,355240,0,,single
1790300553,844670,1,,single
1790300555,418440,0,,single
1790300556,2231190,4,,single
1790300558,392410,0,,single
1790300559,755470,0,,single
1790300560,550670,1,,single
1790300562,304170,1,,single
1790300563,238890,0,,single
1790300565,332580,0,,single
1790300566,264520,0,,single
1790300567,434510,0,,single
1790300569,350700,3,,single
1790300570,531660,0,,single
1790300572,211900,0,,single
1790300573,2754170,0,,single
1790300575,467390,25,,single
1790300576,1303990,2,,single
1790300577,478960,2,,single
1790300579,372930,0,,single
1790300581,401760,0,,single
1790300582,326120,0,,single
1790300583,1793030,48,,single
1790300585,504000,0,,single
1790300587,2111090,3,,single
1790300588,573770,0,,single
1790300590,1322290,0,,single
1790300591,1789650,1,,single
1790300592,2276420,0,,single
1790300594,1666510,2,,single
1790300595,1126750,2,,single
1790300597,1708190,1,,single
1790300598,1314820,53,,single
1790300600,1066180,0,,single
1790300601,1787790,0,,single
1790300602,1818280,2,,single
1790300604,709410,0,,single
1790300605,559960,2,,single
1790300606,2817530,0,,single
1790300608,384750,0,,single
1790300609,8790,0,,single
1790300611,474910,0,,single
1790300612,299420,0,,single
1790300614,305920,0,,single
1790300615,448080,4,,single
1790300617,555640,1,,single
1790300618,48900,1,,single
1790300620,951670,0,,single
1790300621,536750,17,,single
1790300622,2435180,0,,single
1790300624,742460,1,,single
1790300625,3134550,0,,single
1790300627,1404660,0,,single
1790300628,612520,6,,single
1790300630,1262060,1,,single
1790300631,541930,0,,single
1790300633,599560,0,,single
1790300634,1338250,0,,single
1790300636,2149420,3,,single
1790300637,369030,0,,single
1790300638,449250,0,,single
1790300640,1035750,0,,single
1790300641,1819160,2,,single
1790300642,473530,1,,single
1790300644,2005090,0,,single
1790300646,307570,0,,single
1790300647,403690,0,,single
1790300649,321030,0,,single
1790300650,1419750,4,,single
1790300651,912450,1,,single
1790300653,1856480,3,,single
1790300654,2928700,1,,single
1790300656,3122990,0,,single
1790300659,910450,3,,single
1790300660,1188080,0,,single
1790300662,382420,0,,single
1790300663,741990,0,,single
1790300665,322970,0,,single
1790300666,568720,1,,single
1790300667,458830,0,,single
1790300669,274480,1,,single
1790300670,2146570,0,,single
1790300672,1694750,1,,single
1790300673,2453610,0,,single
1790300675,959860,0,,single
1790300676,42210,3,,single
1790300678,989550,1,,single
1790300679,373750,0,,single
1790300681,2125420,0,,single
1790300682,1188970,0,,single
1790300684,2189640,1,,single
1790300685,2191480,8,,single
1790300686,277500,0,,single
1790300688,347000,0,,single
1790300689,584370,2,,single
1790300691,497800,0,,single
1790300692,962630,0,,single
1790300694,39110,0,,single
1790300695,252750,0,,single
1790300696,241660,96,,single
1790300698,491470,0,,single
1790300699,1306970,0,,single
1790300701,46440,0,,single
1790300702,335320,0,,single
1790300704,6400,0,,single
1790300705,1325040,5,,single
1790300707,3081830,0,,single
1790300708,1991300,2,,single
1790300709,403410,10,,single
1790300711,508180,1,,single
1790300713,946010,4,,single
1790300714,384080,0,,single
1790300716,557410,1,,single
1790300718,344300,0,,single
1790300719,724490,0,,single
1790300721,568750,0,,single
1790300722,1458560,0,,single
1790300724,2183910,1,,single
1790300725,303720,0,,single
1790300727,1347450,1,,single
1790300729,605830,0,,single
1790300730,622680,0,,single
1790300731,1399750,0,,single
1790300733,1925970,2,,single
1790300734,515570,296,,single
1790300736,2310160,0,,single
1790300738,2626970,1,,single
1790300739,3162110,0,,single
1790300741,337850,3,,single
1790300742,691830,5,,single
1790300744,1770050,0,,single
1790300745,2285820,8,,single
1790300747,1883580,2,,single
1790300748,404820,1,,single
1790300750,1363360,0,,single
1790300751,966530,0,,single
1790300753,15240,6,,single
1790300754,1728840,2,,single
1790300756,344190,0,,single
1790300757,2765460,0,,single
1790300759,292160,1,,single
1790300760,444160,0,,single
1790300761,1197220,0,,single
1790300763,364910,0,,single
1790300764,273620,0,,single
1790300766,1585540,0,,single
1790300767,536560,1,,single
1790300769,925460,0,,single
1790300770,2452920,0,,single
1790300772,454200,2,,single
1790300773,964040,10,,single
1790300775,1627840,0,,single
1790300776,346500,1,,single
1790300777,287900,1,,single
1790300779,645320,0,,single
1790300780,739980,0,,single
1790300782,1079510,1,,single
1790300783,2930320,0,,single
1790300785,468070,1,,single
1790300786,294530,7,,single
1790300788,3057760,1,,single
1790300789,1587710,3,,single
1790300791,2019300,63,,single
1790300792,302310,1,,single
1790300794,1739070,2,,single
1790300795,424780,5,,single
1790300797,1489410,0,,single
1790300798,1074190,2,,single
1790300799,2220870,4,,single
1790300801,1372000,3,,single
1790300802,612620,0,,single
1790300804,634120,0,,single
1790300805,646100,0,,single
1790300806,1895860,21,,single
1790300808,571890,5,,single
1790300810,1082930,0,,single
1790300811,1780370,0,,single
1790300813,344840,0,,single
1790300814,1373320,2,,single
1790300816,2302150,0,,single
1790300817,658780,0,,single
1790300819,2941580,23,,single
1790300820,909380,0,,single
1790300822,1180130,9,,single
1790300823,1600500,4,,single
1790300825,1336120,0,,single
1790300826,1487680,0,,single
1790300827,821670,2,,single
1790300829,4520,5,,single
1790300830,1460040,0,,single
1790300832,386870,1,,single
1790300834,949600,1,,single
1790300835,200550,1,,single
1790300837,285130,0,,single
1790300838,1650550,0,,single
1790300840,754620,0,,single
1790300841,451920,71,,single
1790300843,928390,3,,single
1790300844,1337530,2,,single
1790300846,760330,0,,single
1790300847,1716940,1,,single
1790300849,1253880,1,,single
1790300850,335700,0,,single
1790300852,703880,2,,single
1790300853,1122690,0,,single
1790300855,32770,6,,single
1790300856,968550,1,,single
1790300857,2387110,0,,single
1790300859,761700,3,,single
1790300860,687590,0,,single
1790300862,606960,1,,single
1790300863,1829470,0,,single
1790300865,251210,0,,single
1790300866,1862840,1,,single
1790300868,606480,0,,single
1790300869,485900,0,,single
1790300871,699740,0,,single
1790300872,1050370,0,,single
1790300874,373240,0,,single
1790300875,811270,0,,single
1790300877,287220,0,,single
1790300878,244410,0,,single
1790300880,741590,1,,single
1790300881,98500,0,,single
1790300883,1725340,0,,single
1790300884,1369770,0,,single
1790300885,1297790,0,,single
1790300887,581520,0,,single
1790300889,1330890,5,,single
1790300890,32750,1,,single
1790300891,1887020,0,,single
1790300893,2109640,2,,single
1790300894,1492310,0,,single
1790300896,1449500,7,,single
1790300898,443970,0,,single
1790300899,556640,0,,single
1790300901,1084480,0,,single
1790300902,1318790,0,,single
1790300904,415960,65,,single
1790300905,358460,1,,single
1790300907,1109360,1,,single
1790300908,350770,0,,single
1790300910,49900,0,,single
1790300911,317320,0,,single
1790300913,1279260,0,,single
1790300914,1583500,2,,single
1790300915,254840,4,,single
1790300917,1576280,0,,single
1790300918,567750,0,,single
1790300920,1949000,1,,single
1790300922,936190,4,,single
1790300923,490910,0,,single
1790300924,577410,0,,single
1790300926,262190,0,,single
1790300928,555050,3,,single
1790300929,25700,0,,single
1790300931,567980,0,,single
1790300932,1184840,2,,single
1790300934,1252300,0,,single
1790300935,828580,0,,single
1790300937,2054740,0,,single
1790300938,733740,0,,single
1790300940,1557860,5,,single
1790300941,831570,0,,single
1790300942,8890,1,,single
1790300944,226820,7,,single
1790300946,404690,1,,single
1790300948,529950,0,,single
1790300949,981590,11,,single
1790300951,1200110,0,,single
1790300952,1022780,0,,single
1790300953,474030,0,,single
1790300955,704510,1,,single
1790300956,1376910,0,,single
1790300958,214150,1,,single
1790300961,2156620,0,,single
1790300962,2560460,0,,single
1790300964,386080,0,,single
1790300966,278640,1,,single
1790300967,1031900,0,,single
1790300968,490930,0,,single
1790300970,1706210,0,,single
1790300972,1237730,2,,single
1790300973,444280,0,,single
1790300974,1489680,1,,single
1790300976,533480,1,,single
1790300977,423550,0,,single
1790300979,229600,0,,single
1790300980,1090800,0,,single
1790300982,2249830,0,,single
1790300983,635310,0,,single
1790300985,867960,0,,single
1790300986,1091010,9,,single
1790300988,881040,1,,single
1790300989,1147890,2,,single
1790300991,312350,8,,single
1790300992,1192810,1,,single
1790300994,603800,0,,single
1790300995,1241040,0,,single
1790300997,710600,0,,single
1790300998,260650,0,,single
1790301000,1169100,9,,single
1790301001,1726760,4,,single
1790301002,926860,1,,single
1790301004,1132030,0,,single
1790301005,1785910,1,,single
1790301007,2524480,0,,single
1790301008,853860,0,,single
1790301010,826480,0,,single
1790301011,777240,0,,single
1790301012,408110,0,,single
1790301014,377360,0,,single
1790301015,551370,1,,single
1790301017,263460,0,,single
1790301018,1183500,0,,single
1790301020,1830910,0,,single
1790301021,304690,11,,single
1790301023,2307220,4,,single
1790301024,2553960,0,,single
1790301026,586310,0,,single
1790301027,1210610,0,,single
1790301029,416190,1,,single
1790301030,2018640,0,,single
1790301032,1572420,0,,single
1790301033,1217830,1,,single
1790301035,1156730,0,,single
1790301036,1803600,1,,single
1790301038,277520,0,,single
1790301039,1561890,0,,single
1790301041,291190,1,,single
1790301042,397390,1,,single
1790301043,1420810,2,,single
1790301045,458660,0,,single
1790301046,435490,0,,single
1790301048,594050,0,,single
1790301049,462940,18,,single
1790301051,37210,9,,single
1790301052,875800,2,,single
1790301054,837460,1,,single
1790301055,751640,0,,single
1790301057,1102880,2,,single
1790301058,329650,0,,single
1790301059,1550760,1,,single
1790301061,517000,0,,single
1790301062,1598370,0,,single
1790301064,1124080,0,,single
1790301065,528730,0,,single
1790301067,1265230,0,,single
1790301068,2055410,1,,single
1790301070,564010,1,,single
1790301071,1885690,7,,single
1790301072,386690,0,,single
1790301074,495350,0,,single
1790301075,288220,0,,single
1790301077,857060,0,,single
1790301078,359190,0,,single
1790301080,2254910,0,,single
1790301081,873890,5,,single
1790301083,1876460,4,,single
1790301084,323780,0,,single
1790301086,691390,0,,single
1790301087,684270,1,,single
1790301089,652810,7,,single
1790301091,1491490,0,,single
1790301092,796290,0,,single
1790301093,1015940,0,,single
1790301095,1714580,5,,single
1790301097,289820,0,,single
1790301098,392970,0,,single
1790301099,922710,0,,single
1790301101,356270,3,,single
1790301103,381870,0,,single
1790301104,330420,0,,single
1790301106,1293650,1,,single
1790301108,1033410,11,,single
1790301109,608110,0,,single
1790301111,279990,1,,single
1790301112,289840,0,,single
1790301113,396360,0,,single
1790301115,322750,0,,single
1790301117,1328900,1,,single
1790301118,552880,0,,single
1790301120,1163340,4,,single
1790301121,1146100,0,,single
1790301122,621020,0,,single
1790301124,656880,0,,single
1790301125,2444350,0,,single
1790301127,886820,3,,single
1790301129,46340,0,,single
1790301130,644480,0,,single
1790301131,403980,0,,single
1790301133,1871510,1,,single
1790301134,1705930,0,,single
1790301136,325930,0,,single
1790301137,1859860,1,,single
1790301138,1167170,0,,single
1790301140,3350,7,,single
1790301141,527770,7,,single
1790301143,1859290,4,,single
1790301144,649790,0,,single
1790301146,1613670,0,,single
1790301147,1449510,0,,single
1790301148,1222050,0,,single
1790301150,1305310,3,,single
1790301151,1385950,1,,single
1790301153,345540,0,,single
1790301154,1522930,0,,single
1790301157,916160,0,,single
1790301158,2103640,2,,single
1790301160,1426280,0,,single
1790301161,2142450,0,,single
1790301162,39640,0,,single
1790301164,1083310,0,,single
1790301165,1279700,0,,single
1790301167,1469690,0,,single
1790301168,1960110,2,,single
1790301170,1783800,0,,single
1790301171,1325470,0,,single
1790301173,833140,2,,single
1790301174,710780,0,,single
1790301176,491650,0,,single
1790301177,11550,0,,single
1790301179,787110,0,,single
1790301180,1333410,3,,single
1790301182,1055850,2,,single
1790301183,464850,1,,single
1790301185,749800,2,,single
1790301186,1480480,2,,single
1790301188,741150,8,,single
1790301189,300630,2,,single
1790301191,872680,0,,single
1790301192,1373930,0,,single
1790301194,1508740,5,,single
1790301195,1023690,0,,single
1790301196,2205290,0,,single
1790301198,762610,0,,single
1790301199,1542110,0,,single
1790301201,783590,0,,single
1790301202,411320,1,,single
1790301203,1147130,0,,single
1790301205,749840,4,,single
1790301206,953840,0,,single
1790301208,569290,2,,single
1790301209,2581570,1,,single
1790301211,446540,0,,single
1790301212,2086140,0,,single
1790301213,528250,1,,single
1790301215,289260,1,,single
1790301216,1437050,0,,single
1790301218,453910,1,,single
1790301219,1167320,1,,single
1790301221,603150,0,,single
1790301222,375180,0,,single
1790301224,297290,0,,single
1790301225,420880,0,,single
1790301226,1414020,2,,single
1790301228,379960,0,,single
1790301229,61100,0,,single
1790301231,244890,2,,single
1790301232,2484360,0,,single
1790301233,502140,0,,single
1790301235,291630,1,,single
1790301236,1666250,0,,single
1790301238,251410,0,,single
1790301239,31840,3,,single
1790301241,94620,0,,single
1790301242,1155120,1,,single
1790301243,2422090,18,,single
1790301245,1494110,0,,single
1790301246,1249110,0,,single
1790301248,619210,0,,single
1790301249,1779560,1,,single
1790301250,2020030,0,,single
1790301252,346140,5,,single
1790301253,97130,6,,single
1790301254,46750,1,,single
1790301256,467000,1,,single
1790301257,1508400,0,,single
1790301260,431840,0,,single
1790301261,1345870,2,,single
1790301263,1924400,0,,single
1790301265,857320,33,,single
1790301266,872240,0,,single
1790301268,1225070,0,,single
1790301269,298950,0,,single
1790301271,500190,8,,single
1790301272,1427210,0,,single
1790301273,502230,7,,single
1790301275,358080,0,,single
1790301276,18070,0,,single
1790301278,517360,1,,single
1790301279,349140,0,,single
1790301280,361380,1,,single
1790301282,925940,4,,single
1790301283,1147330,0,,single
1790301285,560720,0,,single
1790301286,1387500,1,,single
1790301288,1471530,1,,single
1790301289,202670,3,,single
1790301291,1316800,1,,single
1790301292,514090,0,,single
1790301294,1704080,0,,single
1790301295,960740,0,,single
1790301297,1828690,0,,single
1790301298,306490,1,,single
1790301300,1202970,1,,single
1790301301,1895630,44,,single
1790301303,2004440,1,,single
1790301305,42980,2,,single
1790301306,1304090,0,,single
1790301308,1676910,0,,single
1790301309,857010,1,,single
1790301311,1061610,4,,single
1790301312,428190,0,,single
1790301314,1292500,0,,single
1790301315,502570,39,,single
1790301317,517780,0,,single
1790301318,567080,2,,single
1790301320,1356180,5,,single
1790301321,1826570,2,,single
1790301322,522090,0,,single
1790301324,1864790,5,,single
1790301325,1502790,0,,single
1790301327,307130,0,,single
1790301328,1567000,0,,single
1790301330,25910,7,,single
1790301331,1183030,0,,single
1790301332,558790,0,,single
1790301334,506510,0,,single
1790301335,1240230,1,,single
1790301337,1422410,1,,single
1790301338,2444470,1,,single
1790301340,2184230,0,,single
1790301341,2150660,1,,single
1790301342,1280370,0,,single
1790301344,294650,9,,single
1790301345,567800,0,,single
1790301347,392260,1,,single
1790301348,1315210,0,,single
1790301349,2169830,2,,single
1790301351,17140,1,,single
1790301352,1603940,1,,single
1790301354,1119570,1,,single
1790301355,1469910,1,,single
1790301357,557520,0,,single
1790301358,1748750,1,,single
1790301360,1840610,0,,single
1790301361,662210,0,,single
1790301362,289440,0,,single
1790301365,839420,0,,single
1790301366,346950,0,,single
1790301367,689070,0,,single
1790301369,889700,1,,single
1790301370,296730,0,,single
1790301371,446040,0,,single
1790301373,1182830,0,,single
1790301374,1005240,5,,single
1790301376,1184570,0,,single
1790301377,104000,1,,single
1790301379,271970,1,,single
1790301380,1647420,11,,single
1790301381,760460,2,,single
1790301383,276340,1,,single
1790301384,1890520,0,,single
1790301386,958530,2,,single
1790301387,507520,0,,single
1790301388,1067720,0,,single
1790301390,366280,1,,single
1790301391,1306570,0,,single
1790301393,334560,0,,single
1790301394,1845670,1,,single
1790301395,903040,19,,single
1790301397,705810,4,,single
1790301398,734120,0,,single
1790301400,977500,0,,single
1790301401,350530,0,,single
1790301403,1272070,0,,single
1790301404,933540,16,,single
1790301406,1218890,0,,single
1790301407,976500,0,,single
1790301409,699780,1,,single
1790301410,587810,3,,single
1790301412,640340,1,,single
1790301413,399420,0,,single
1790301415,1079000,0,,single
1790301416,737870,4,,single
1790301417,734330,3,,single
1790301419,507380,0,,single
1790301420,904400,4,,single
1790301422,342490,0,,single
1790301423,2142330,1,,single
1790301424,557680,2,,single
1790301426,2114370,0,,single
1790301427,1660860,0,,single
1790301429,615770,2,,single
1790301430,1170370,0,,single
1790301432,1046230,0,,single
1790301433,1056690,1,,single
1790301435,1603420,1,,single
1790301436,217290,0,,single
1790301437,738920,0,,single
1790301439,391280,0,,single
1790301440,1020640,0,,single
1790301442,1431850,0,,single
1790301443,445020,0,,single
1790301445,574070,0,,single
1790301446,937940,2,,single
1790301448,809210,0,,single
1790301449,1044340,1,,single
1790301451,292420,0,,single
1790301452,2107860,8,,single
1790301453,1571160,0,,single
1790301455,278530,1,,single
1790301456,476020,0,,single
1790301458,427550,0,,single
1790301459,264060,0,,single
1790301461,783940,1,,single
1790301462,2244480,0,,single
1790301464,326990,269,,single
1790301465,40420,0,,single
1790301467,577990,0,,single
1790301468,1918300,0,,single
1790301469,1540220,1,,single
1790301471,1972820,3,,single
1790301472,1975670,0,,single
1790301474,584800,0,,single
1790301475,946920,0,,single
1790301477,1966420,0,,single
1790301478,255940,0,,single
1790301480,1457730,0,,single
1790301481,1033880,0,,single
1790301483,1228500,1,,single
1790301484,1033170,1,,single
1790301485,552460,1,,single
1790301487,251450,0,,single
1790301488,491260,0,,single
1790301490,1811600,2,,single
1790301491,489020,0,,single
1790301493,1127970,0,,single
1790301494,573060,2,,single
1790301496,1895820,1,,single
1790301497,1731870,0,,single
1790301498,1492160,0,,single
1790301500,436260,0,,single
1790301502,573600,0,,single
1790301503,289500,3,,single
1790301504,420180,0,,single
1790301506,1074030,1,,single
1790301507,1227400,0,,single
1790301509,349520,0,,single
1790301510,1010670,5,,single
1790301511,1269820,0,,single
1790301514,2093000,1,,single
1790301515,648780,0,,single
1790301516,527190,1,,single
1790301518,395760,0,,single
1790301519,317300,0,,single
1790301520,1352740,0,,single
1790301522,1273220,0,,single
1790301523,613670,1,,single
1790301525,921070,2,,single
1790301526,709240,0,,single
1790301528,859700,0,,single
1790301529,1786010,0,,single
1790301531,2250550,3,,single
1790301532,1063790,2,,single
1790301534,396850,0,,single
1790301535,1700630,0,,single
1790301537,773430,0,,single
1790301538,597970,1,,single
1790301539,1155980,4,,single
1790301541,327930,0,,single
1790301542,453300,0,,single
1790301544,1399700,0,,single
1790301546,200130,1,,single
1790301547,666940,0,,single
1790301549,1282760,3,,single
1790301550,1461030,0,,single
1790301552,970840,2,,single
1790301553,1094920,0,,single
1790301555,369040,0,,single
1790301556,600630,0,,single
1790301559,626600,1,,single
1790301561,545580,0,,single
1790301562,320610,1,,single
1790301564,934850,0,,single
1790301565,11260,0,,single
1790301567,659500,0,,single
1790301568,423900,0,,single
1790301570,395560,0,,single
1790301571,555290,0,,single
1790301573,448630,1,,single
1790301574,1145630,0,,single
1790301576,1808130,0,,single
1790301577,856890,1,,single
1790301579,1480810,4,,single
1790301580,666100,0,,single
1790301582,1029650,0,,single
1790301583,502720,0,,single
1790301585,428200,0,,single
1790301587,411980,2,,single
1790301588,450950,0,,single
1790301589,4460,1,,single
1790301591,2303800,1,,single
1790301592,1649630,0,,single
1790301594,1300700,0,,single
1790301595,990250,0,,single
1790301597,315850,0,,single
1790301598,1550870,1,,single
1790301600,1249010,0,,single
1790301601,858040,2,,single
1790301603,1562910,1,,single
1790301604,31880,4,,single
1790301606,2007930,0,,single
1790301607,2297010,12,,single
1790301609,355270,0,,single
1790301610,1058690,0,,single
1790301611,809000,0,,single
1790301613,1129250,1,,single
1790301614,396890,0,,single
1790301616,357670,0,,single
1790301618,1715980,0,,single
1790301619,787510,5,,single
1790301621,953870,0,,single
1790301622,2337140,1,,single
1790301624,314470,2,,single
1790301625,941650,0,,single
1790301627,416870,3,,single
1790301628,1229500,0,,single
1790301629,303840,0,,single
1790301631,1142220,2,,single
1790301632,314500,1,,single
1790301634,7260,0,,single
1790301635,366290,1,,single
1790301637,1160360,0,,single
1790301638,808010,0,,single
1790301640,378300,1,,single
1790301642,1046660,1,,single
1790301643,327440,1,,single
1790301644,1947940,0,,single
1790301646,270770,2,,single
1790301648,2562240,0,,single
1790301649,574260,0,,single
1790301651,1379600,1,,single
1790301652,2398940,0,,single
1790301653,1750110,0,,single
1790301655,556160,0,,single
1790301657,1233540,1,,single
1790301658,1947530,0,,single
1790301660,31820,6,,single
1790301661,1882280,34,,single
1790301663,2402310,5,,single
1790301665,1088870,0,,single
1790301666,46360,1,,single
1790301667,485330,2,,single
1790301669,559260,1,,single
1790301670,385590,1,,single
1790301672,366270,1,,single
1790301674,557880,1,,single
1790301675,31930,5,,single
1790301677,1433950,1,,single
1790301678,513740,0,,single
1790301680,4530,2,,single
1790301681,1543240,0,,single
1790301682,1398910,0,,single
1790301684,2227450,0,,single
1790301685,513620,101,,single
1790301687,539460,0,,single
1790301688,547480,0,,single
1790301690,331790,0,,single
1790301691,1041210,1,,single
1790301693,1848130,0,,single
1790301694,392020,0,,single
1790301695,603700,0,,single
1790301697,1707870,2,,single
1790301698,714250,0,,single
1790301700,607210,0,,single
1790301701,624890,1,,single
1790301703,447200,0,,single
1790301704,834880,0,,single
1790301706,2293420,1,,single
1790301707,451130,4,,single
1790301709,286660,1,,single
1790301710,1238520,0,,single
1790301712,474050,0,,single
1790301713,259640,0,,single
1790301715,1292170,5,,single
1790301716,1037080,0,,single
1790301718,385530,0,,single
1790301720,1991850,2,,single
1790301721,1617220,1,,single
1790301723,1106830,1,,single
1790301724,1015710,1,,single
1790301726,1185600,0,,single
1790301727,1038810,0,,single
1790301728,38460,0,,single
1790301730,699700,0,,single
1790301731,363110,107,,single
1790301733,1945230,1,,single
1790301734,1271090,3,,single
1790301735,2247820,0,,single
1790301737,724000,0,,single
1790301739,1003120,0,,single
1790301740,2268560,0,,single
1790301742,509600,1,,single
1790301743,462620,0,,single
1790301745,781820,0,,single
1790301746,273750,0,,single
1790301748,938270,0,,single
1790301749,1539620,1,,single
1790301751,935570,0,,single
1790301752,338760,0,,single
1790301754,1466690,0,,single
1790301755,820540,1,,single
1790301757,257220,0,,single
1790301758,364510,3,,single
1790301759,291690,0,,single
1790301761,528720,0,,single
1790301762,313390,0,,single
1790301764,252970,0,,single
1790301765,378110,0,,single
1790301767,42220,3,,single
1790301768,332330,2,,single
1790301770,978470,0,,single
1790301772,615970,0,,single
1790301773,1325800,0,,single
1790301775,751590,0,,single
1790301776,748610,9,,single
1790301778,489930,0,,single
1790301779,65500,0,,single
1790301780,1563340,1,,single
1790301782,500150,7,,single
1790301783,1258460,0,,single
1790301785,40340,0,,single
1790301786,846730,1,,single
1790301788,1793260,4,,single
1790301789,2135500,0,,single
1790301791,543980,2,,single
1790301792,781180,1,,single
1790301794,455690,1,,single
1790301796,1139870,0,,single
1790301797,202690,2,,single
1790301800,504310,0,,single
1790301802,412290,0,,single
1790301806,1005950,1,,single
1790301807,2360030,0,,single
1790301809,811070,1,,single
1790301810,486480,0,,single
1790301812,334850,0,,single
1790301813,567680,1,,single
1790301814,570490,4,,single
1790301816,2018130,0,,single
1790301817,284100,0,,single
1790301819,1963510,6,,single
1790301820,1311700,0,,single
1790301822,458030,0,,single
1790301823,2131200,0,,single
1790301824,429280,0,,single
1790301826,527750,0,,single
1790301827,33990,0,,single
1790301829,1413970,1,,single
1790301830,804870,0,,single
1790301832,1623700,0,,single
1790301833,1519060,1,,single
1790301835,853050,0,,single
1790301836,343340,0,,single
1790301837,415400,0,,single
1790301839,1223020,0,,single
1790301840,1040820,0,,single
1790301842,1771070,0,,single
1790301843,509560,1,,single
1790301845,298360,0,,single
1790301847,371100,0,,single
1790301848,2444000,0,,single
1790301850,727570,1,,single
1790301851,1210230,0,,single
1790301853,514660,0,,single
1790301854,540190,0,,single
1790301856,693700,0,,single
1790301857,794960,2,,single
1790301859,1173830,0,,single
1790301860,2024300,1,,single
1790301861,341040,2,,single
1790301863,1992640,0,,single
1790301864,463020,0,,single
1790301866,610660,0,,single
1790301867,412620,0,,single
1790301868,898450,9,,single
1790301870,433600,0,,single
1790301871,1128900,0,,single
1790301872,15930,1,,single
1790301874,1289990,1,,single
1790301875,1324270,0,,single
1790301877,1039830,0,,single
1790301878,16120,9,,single
1790301879,2685490,0,,single
1790301881,2574840,0,,single
1790301882,15900,4,,single
1790301884,1154090,0,,single
1790301885,2464090,0,,single
1790301886,2384610,8,,single
1790301888,2051420,2,,single
1790301889,1273540,0,,single
1790301891,385260,0,,single
1790301893,2422110,0,,single
1790301894,662190,1,,single
1790301896,1833300,0,,single
1790301897,1532250,1,,single
1790301899,1551160,5,,single
1790301900,489170,0,,single
1790301901,1852830,1,,single
1790301903,1622710,3,,single
1790301904,428830,0,,single
1790301905,393610,0,,single
1790301907,407720,0,,single
1790301908,718940,1,,single
1790301910,612540,9,,single
1790301911,473970,0,,single
1790301913,408960,2,,single
1790301914,628440,0,,single
1790301915,2175250,6,,single
1790301917,1146170,0,,single
1790301918,543180,0,,single
1790301920,1804170,8,,single
1790301921,2119650,9,,single
1790301922,4731620,819,,single
1790301924,4734170,0,,single
1790301925,4836540,33,,single
1790301926,4740420,1,,single
1790301928,4773840,45,,single
1790301929,4804480,25,,single
1790301931,4830880,30,,single
1790301932,4794380,33,,single
1790301933,4808310,393,,single
1790301935,4754090,0,,single
1790301936,4230,0,,single
1790301937,18420,1,,single
1790301939,31860,6,,single
1790301940,31910,6,,single
1790301942,32730,0,,single
1790301943,38120,7,,single
1790301944,60800,0,,single
1790301946,73220,0,,single
1790301948,216210,0,,single
1790301949,233310,1,,single
1790301951,244750,1,,single
1790301952,254820,2,,single
1790301953,289360,0,,single
1790301955,294680,4,,single
1790301956,303260,1,,single
1790301958,335120,1,,single
1790301959,341170,0,,single
1790301960,343390,0,,single
1790301962,352620,0,,single
1790301963,370300,0,,single
1790301964,387060,0,,single
1790301966,389460,0,,single
1790301967,406160,0,,single
1790301969,412480,0,,single
1790301970,426050,0,,single
1790301971,432940,0,,single
1790301973,443370,0,,single
1790301974,464260,0,,single
1790301976,466490,0,,single
1790301977,482890,1,,single
1790301979,499420,0,,single
1790301980,513930,0,,single
1790301982,529890,0,,single
1790301984,546900,0,,single
1790301985,552780,0,,single
1790301987,554290,1,,single
1790301988,558780,0,,single
1790301989,560000,0,,single
1790301991,563190,1,,single
1790301992,567160,0,,single
1790301994,572740,8,,single
1790301995,575680,1,,single
1790301997,576960,0,,single
1790301998,581200,0,,single
1790301999,594350,0,,single
1790302001,601590,0,,single
1790302002,608760,0,,single
1790302003,617610,0,,single
1790302005,631770,0,,single
1790302006,635850,13,,single
1790302008,648890,1,,single
1790302009,653060,3,,single
1790302010,664320,0,,single
1790302012,679520,1,,single
1790302013,690740,0,,single
1790302015,703980,0,,single
1790302016,721390,0,,single
1790302018,729460,1,,single
1790302019,739720,1,,single
1790302020,743940,0,,single
1790302023,762520,1,,single
1790302025,770070,1,,single
1790302026,812840,0,,single
1790302028,826010,0,,single
1790302029,842130,0,,single
1790302030,885910,0,,single
1790302032,897630,1,,single
1790302033,928840,3,,single
1790302035,946780,0,,single
1790302037,951930,1,,single
1790302038,961010,0,,single
1790302039,976900,0,,single
1790302041,990090,1,,single
1790302042,1001040,0,,single
1790302044,1016250,1,,single
1790302045,1023740,0,,single
1790302047,1031270,2,,single
1790302048,1040630,0,,single
1790302050,1066630,0,,single
1790302051,1071240,1,,single
1790302052,1086620,1,,single
1790302054,1094870,0,,single
1790302055,1107230,0,,single
1790302057,1113780,0,,single
1790302058,1124060,0,,single
1790302059,1132070,0,,single
1790302061,1133930,4,,single
1790302062,1145130,0,,single
1790302064,1159500,0,,single
1790302065,1167700,0,,single
1790302067,1175190,0,,single
1790302069,1191070,1,,single
1790302070,1203670,2,,single
1790302071,1215280,0,,single
1790302073,1226970,0,,single
1790302074,1229060,1,,single
1790302076,1231950,0,,single
1790302077,1244040,10,,single
1790302078,1257850,0,,single
1790302080,1261960,0,,single
1790302081,1268140,3,,single
1790302082,1270620,0,,single
1790302084,1290750,4,,single
1790302085,1297210,0,,single
1790302087,1299810,0,,single
1790302088,1309710,2,,single
1790302090,1313580,2,,single
1790302091,1321120,0,,single
1790302092,1329360,1,,single
1790302094,1342060,1,,single
1790302095,1364690,1,,single
1790302096,1366810,1,,single
1790302098,1374990,1,,single
1790302099,1379110,0,,single
1790302101,1383250,0,,single
1790302102,1386730,1,,single
1790302103,1396540,1,,single
1790302105,1400910,3,,single
1790302106,1403830,0,,single
1790302107,1422630,1,,single
1790302109,1424860,0,,single
1790302110,1428820,1,,single
1790302112,1443620,0,,single
1790302114,1449780,0,,single
1790302115,1453900,0,,single
1790302116,1460490,2,,single
1790302118,1464380,0,,single
1790302120,1469220,1,,single
1790302121,1478850,2,,single
1790302122,1486440,0,,single
1790302124,1504760,0,,single
1790302125,1521810,0,,single
1790302127,1530450,0,,single
1790302128,1542790,0,,single
1790302130,1557180,0,,single
1790302131,1560770,0,,single
1790302132,1562920,1,,single
1790302134,1571990,0,,single
1790302135,1586880,0,,single
1790302136,1594130,0,,single
1790302138,1597910,0,,single
1790302139,1620030,2,,single
1790302141,1624380,0,,single
1790302142,1626620,1,,single
1790302143,1641240,2,,single
1790302145,1646350,0,,single
1790302147,1659050,7,,single
1790302148,1665280,0,,single
1790302150,1676870,0,,single
1790302151,1681880,0,,single
1790302152,1685460,26,,single
1790302154,1689190,0,,single
1790302155,1702430,0,,single
1790302157,1707400,0,,single
1790302158,1726750,1,,single
1790302160,1734890,0,,single
1790302162,1739650,0,,single
1790302163,1743080,0,,single
1790302165,1747890,1,,single
1790302167,1764700,0,,single
1790302168,1780070,2,,single
1790302169,1795180,0,,single
1790302171,1802850,0,,single
1790302172,1812410,0,,single
1790302174,1818940,13,,single
1790302175,1827650,7,,single
1790302177,1842690,9,,single
1790302178,1851610,0,,single
1790302180,1856900,1,,single
1790302181,1865010,0,,single
1790302182,1870150,7,,single
1790302184,1879950,0,,single
1790302185,1882190,0,,single
1790302186,1889890,2,,single
1790302188,1898830,929,,single
1790302189,1906830,5,,single
1790302191,1917850,0,,single
1790302192,1919040,0,,single
1790302194,1920540,0,,single
1790302195,1924180,0,,single
1790302196,1934300,4,,single
1790302198,1938050,5,,single
1790302200,1946300,1,,single
1790302201,1955340,0,,single
1790302202,1960830,3,,single
1790302204,1967220,10,,single
1790302205,1972550,1,,single
1790302207,1983690,2,,single
1790302208,1987480,10,,single
1790302209,1991980,0,,single
1790302211,2006730,1,,single
1790302212,2012140,3,,single
1790302214,2024390,2,,single
1790302215,2058340,0,,single
1790302217,2063480,2,,single
1790302218,2067350,1,,single
1790302219,2075580,6,,single
1790302221,2085040,0,,single
1790302223,2088770,3,,single
1790302224,2092730,0,,single
1790302225,2096570,1,,single
1790302227,2101350,1,,single
1790302228,2107030,3,,single
1790302230,2113770,3,,single
1790302231,2120070,0,,single
1790302232,2129160,0,,single
1790302234,2143980,0,,single
1790302235,2154240,4,,single
1790302237,2157710,1,,single
1790302238,2164310,3,,single
1790302239,2169120,4,,single
1790302241,2170370,3,,single
1790302242,2173760,6,,single
1790302244,2185030,2,,single
1790302245,2191490,8,,single
1790302246,2200580,0,,single
1790302248,2203040,0,,single
1790302249,2214000,3,,single
1790302250,2216120,0,,single
1790302252,2219820,3,,single
1790302253,2223740,1,,single
1790302255,2225480,4,,single
1790302256,2228030,1,,single
1790302258,2235500,0,,single
1790302259,2239130,0,,single
1790302260,2248890,0,,single
1790302262,2251580,2,,single
1790302263,2275940,1,,single
1790302264,2278790,1,,single
1790302266,2298690,2,,single
1790302267,2300340,1,,single
1790302269,2305900,1,,single
1790302270,2326020,1,,single
1790302272,2333240,27,,single
1790302273,2341070,0,,single
1790302275,2348730,1,,single
1790302276,2352640,1,,single
1790302278,2359170,0,,single
1790302279,2370170,10,,single
1790302280,2386870,1,,single
1790302282,2392500,3,,single
1790302283,2402280,8,,single
1790302285,2408920,1,,single
1790302286,2413190,28,,single
1790302288,2414550,0,,single
1790302289,2420240,0,,single
1790302290,2425150,5,,single
1790302292,2427100,15,,single
1790302293,2431700,0,,single
1790302295,2437570,1,,single
1790302296,2443770,17,,single
1790302297,2450820,0,,single
1790302299,2457030,0,,single
1790302300,2460920,2,,single
1790302302,2464460,0,,single
1790302303,2479740,0,,single
1790302305,2485190,111,,single
1790302307,2485750,0,,single
1790302308,2496920,3,,single
1790302310,2507610,2,,single
1790302311,2510850,0,,single
1790302313,2520410,9,,single
1790302314,2523890,1,,single
1790302315,2527460,1,,single
1790302317,2542140,0,,single
1790302318,2560500,4,,single
1790302320,2577180,1,,single
1790302321,2581750,0,,single
1790302323,2591010,0,,single
1790302324,2598980,0,,single
1790302325,2600700,0,,single
1790302327,2626860,0,,single
1790302328,2641490,0,,single
1790302330,2668000,1,,single
1790302331,2674190,0,,single
1790302332,2696780,0,,single
1790302334,2707110,1,,single
1790302335,2717750,0,,single
1790302337,2721530,0,,single
1790302338,2736860,36,,single
1790302340,2741390,14,,single
1790302341,2751230,6,,single
1790302343,2777740,0,,single
1790302344,2800450,0,,single
1790302346,2802790,0,,single
1790302347,2811100,0,,single
1790302348,2812480,0,,single
1790302350,2819030,0,,single
1790302351,2820140,23,,single
1790302352,2835530,14,,single
1790302354,2844500,1,,single
1790302355,2851770,0,,single
1790302357,2856370,2,,single
1790302358,2858150,2,,single
1790302360,2860990,3,,single
1790302361,2875280,0,,single
1790302363,2881800,11,,single
1790302364,2893260,0,,single
1790302365,2905090,0,,single
1790302367,2915950,24,,single
1790302368,2925970,0,,single
1790302370,2938850,0,,single
1790302371,2951340,0,,single
1790302373,2954920,0,,single
1790302374,2963230,1,,single
1790302376,2977570,1,,single
1790302377,2981650,0,,single
1790302378,2986370,4,,single
1790302380,2992500,3,,single
1790302381,2994240,1,,single
1790302383,2999030,15,,single
1790302384,3000120,0,,single
1790302385,3010460,25,,single
1790302387,3023190,10,,single
1790302388,3028730,0,,single
1790302390,3035990,0,,single
1790302391,3037180,3,,single
1790302393,3039500,38,,single
1790302394,3051470,4,,single
1790302396,3073580,1,,single
1790302397,3077670,0,,single
1790302399,3085890,2,,single
1790302400,3100210,2,,single
1790302402,3107590,0,,single
1790302403,3118160,0,,single
1790302405,3124550,14,,single
1790302407,3127000,1,,single
1790302408,3140990,8,,single
1790302409,3147190,0,,single
1790302411,3152540,5,,single
1790302412,3159900,0,,single
1790302414,3173130,3,,single
1790302416,3200460,0,,single
1790302421,3207880,1,,single
1790302423,3257360,0,,single
1790302424,3265280,0,,single
1790302426,3282700,4,,single
1790302427,3289090,3,,single
1790302429,3306400,0,,single
1790302430,3316470,1,,single
1790302431,3328900,9,,single
1790302433,3331000,4,,single
1790302434,3336530,11,,single
1790302436,3352300,0,,single
1790302437,3359200,8,,single
1790302439,3374720,0,,single
1790302442,3388870,1,,single
1790302443,3392510,10,,single
1790302444,3404380,0,,single
1790302446,3419780,0,,single
1790302447,3429910,0,,single
1790302449,3446200,3,,single
1790302450,3472890,119,,single
1790302451,3481320,0,,single
1790302453,3583060,1,,single
1790302454,3676960,0,,single
