ts,appid,concurrent,peak_in_game,src
1790414310,3376990,14,,single
1790414311,2179170,2,,single
1790414313,1307580,114,,single
1790414314,1129190,105,,single
1790414315,1969080,11,,single
1790414317,1864950,11,,single
1790414318,1717770,0,,single
1790414320,2840190,2,,single
1790414321,3373660,290,,single
1790414323,2714620,4,,single
1790414324,620,1309,,single
1790414325,1118200,1728,,single
1790414327,400,371,,single
1790414328,3164500,7291,,single
1790414330,1145360,3708,,single
1790414331,374320,5561,,single
1790414332,2246340,37822,,single
1790414334,220,1330,,single
1790414335,3830,38,,single
1790414337,31270,2,,single
1790414338,200010,1,,single
1790414340,204030,32,,single
1790414341,208200,52,,single
1790414342,211420,88,,single
1790414344,219680,0,,single
1790414345,226740,1,,single
1790414346,236430,165,,single
1790414348,238960,6164,,single
1790414349,250600,1,,single
1790414351,261530,2,,single
1790414352,265210,5,,single
1790414353,274270,0,,single
1790414355,282140,67,,single
1790414356,303610,12,,single
1790414358,315810,13,,single
1790414359,323320,1,,single
1790414360,324160,99,,single
1790414362,333600,35,,single
1790414363,337340,13,,single
1790414365,345180,11,,single
1790414366,353330,1,,single
1790414368,362890,524,,single
1790414369,373770,4,,single
1790414371,384190,15,,single
1790414372,385800,19,,single
1790414373,409660,0,,single
1790414375,418370,1605,,single
1790414376,449040,0,,single
1790414378,477870,6,,single
1790414379,483980,18,,single
1790414381,501590,55,,single
1790414382,508550,2,,single
1790414383,526870,12271,,single
1790414385,544330,5,,single
1790414386,562360,296,,single
1790414388,568770,8,,single
1790414389,580200,13,,single
1790414391,583470,7,,single
1790414392,602700,4,,single
1790414394,642090,1,,single
1790414395,665370,5,,single
1790414396,691450,6,,single
1790414398,729660,1,,single
1790414399,745920,75,,single
1790414401,764790,26,,single
1790414402,802880,31,,single
1790414403,829280,5,,single
1790414405,862440,0,,single
1790414406,892970,109015,,single
1790414407,899440,92,,single
1790414409,910630,2,,single
1790414410,920320,2,,single
1790414413,951000,0,,single
1790414414,963000,0,,single
1790414415,973230,15,,single
1790414417,983870,176,,single
1790414418,1012570,1,,single
1790414420,1040420,6,,single
1790414421,1062520,801,,single
1790414423,1067850,9,,single
1790414425,1082710,29,,single
1790414426,1092700,5,,single
1790414427,1092720,16,,single
1790414429,1119840,4,,single
1790414430,1145350,3637,,single
1790414432,1159690,151,,single
1790414433,1171320,2,,single
1790414434,1177980,88,,single
1790414436,1218210,45,,single
1790414437,1237320,124,,single
1790414439,1245560,93,,single
1790414440,1272840,7,,single
1790414441,1280930,95,,single
1790414443,1321440,158,,single
1790414444,1364960,22,,single
1790414446,1374490,14234,,single
1790414447,1382070,114,,single
1790414448,1441550,7,,single
1790414450,1477790,0,,single
1790414451,1516240,0,,single
1790414453,1549550,1,,single
1790414454,1587560,2,,single
1790414455,1599020,18,,single
1790414457,1629520,433,,single
1790414458,1658150,83,,single
1790414460,1709880,10,,single
1790414461,1733060,1,,single
1790414462,1772830,31,,single
1790414464,1819460,3,,single
1790414465,1895350,11,,single
1790414467,1924360,4,,single
1790414468,1944570,8,,single
1790414469,1948280,376,,single
1790414471,2007530,2,,single
1790414472,2238040,7,,single
1790414473,2246880,18,,single
1790414475,2256450,6,,single
1790414476,2276930,157,,single
1790414478,2313240,0,,single
1790414479,2356500,0,,single
1790414481,2415010,100,,single
1790414483,2479320,4,,single
1790414484,2525380,74,,single
1790414486,2637990,7,,single
1790414487,2788520,34,,single
1790414488,3027930,62,,single
1790414490,3069810,16,,single
1790414491,3263320,35,,single
1790414492,10,6282,,single
1790414494,240,2048,,single
1790414495,550,17778,,single
1790414496,2310,123,,single
1790414498,3480,149,,single
1790414499,4000,22158,,single
1790414501,6910,58,,single
1790414502,13230,17,,single
1790414503,22320,248,,single
1790414505,22380,2004,,single
1790414506,32440,121,,single
1790414508,33100,30,,single
1790414509,40970,527,,single
1790414511,70400,12,,single
1790414512,105600,37723,,single
1790414514,205100,404,,single
1790414515,207610,121,,single
1790414516,219150,253,,single
1790414518,223470,398,,single
1790414519,230290,345,,single
1790414521,236090,3,,single
1790414522,239030,220,,single
1790414523,242680,110,,single
1790414525,246420,12350,,single
1790414526,250320,87,,single
1790414528,253230,100,,single
1790414529,261030,44,,single
1790414530,264710,2374,,single
1790414532,270880,7317,,single
1790414533,280220,146,,single
1790414534,288160,41,,single
1790414536,303590,4,,single
1790414537,312530,44,,single
1790414539,319630,258,,single
1790414540,341800,61,,single
1790414542,360740,19,,single
1790414543,367520,7091,,single
1790414544,407900,0,,single
1790414546,412830,251,,single
1790414547,418240,126,,single
1790414549,424280,10,,single
1790414550,427410,1980,,single
1790414552,433340,1013,,single
1790414553,434170,87,,single
1790414554,447530,40,,single
1790414556,457140,8757,,single
1790414557,466300,49,,single
1790414559,488860,181,,single
1790414560,508440,2076,,single
1790414561,519860,41,,single
1790414563,531510,51,,single
1790414564,548430,5587,,single
1790414566,557630,10,,single
1790414567,593280,30,,single
1790414568,597220,25,,single
1790414570,610370,168,,single
1790414572,615120,2,,single
1790414573,617670,12,,single
1790414574,646570,7956,,single
1790414576,667970,129,,single
1790414577,683320,68,,single
1790414579,736260,157,,single
1790414580,760890,10,,single
1790414582,774801,285,,single
1790414583,791470,27,,single
1790414584,805590,0,,single
1790414586,850190,431,,single
1790414587,858210,104,,single
1790414589,897330,356,,single
1790414590,909080,204,,single
1790414591,926990,244,,single
1790414593,990630,140,,single
1790414594,992740,0,,single
1790414595,1043340,9,,single
1790414597,1057090,8935,,single
1790414598,1070550,3,,single
1790414600,1082430,19,,single
1790414601,1092790,913,,single
1790414602,1102190,186,,single
1790414604,1109410,0,,single
1790414605,1115050,2,,single
1790414607,1127400,1018,,single
1790414608,1150690,336,,single
1790414609,1170880,4,,single
1790414611,1175140,2,,single
1790414612,1198320,6,,single
1790414614,1202540,29,,single
1790414615,1216200,9,,single
1790414617,1241700,1,,single
1790414618,1260520,29,,single
1790414620,1275670,27,,single
1790414621,1281800,68,,single
1790414622,1283130,2,,single
1790414624,1285670,9,,single
1790414625,1288310,43,,single
1790414627,1292940,133,,single
1790414628,1293860,1,,single
1790414629,1328840,60,,single
1790414631,1333910,18,,single
1790414632,1353230,35,,single
1790414634,1366540,4070,,single
1790414635,1388770,39,,single
1790414636,1407420,0,,single
1790414638,1419860,1,,single
1790414639,1424330,46,,single
1790414641,1444350,5,,single
1790414642,1473350,103,,single
1790414643,1507580,23,,single
1790414645,1511860,0,,single
1790414646,1532510,0,,single
1790414648,1536610,381,,single
1790414649,1545990,2,,single
1790414651,1562700,141,,single
1790414652,1566410,13,,single
1790414654,1585180,71,,single
1790414655,1609230,61,,single
1790414657,1634860,19,,single
1790414658,1644940,40,,single
1790414659,1669980,567,,single
1790414661,1677770,55,,single
1790414662,1684930,29,,single
1790414664,1708150,15,,single
1790414665,1715460,6,,single
1790414667,1718910,1,,single
1790414668,1734320,9,,single
1790414669,1765350,4,,single
1790414671,1796580,0,,single
1790414672,1817000,4,,single
1790414674,1836730,37,,single
1790414675,1876590,10,,single
1790414677,1898500,10,,single
1790414678,1903340,5065,,single
1790414679,1931020,3,,single
1790414681,1935660,1,,single
1790414682,1955830,181,,single
1790414684,1967430,111,,single
1790414685,1986840,9,,single
1790414687,1999360,88,,single
1790414688,2011780,5,,single
1790414689,2056220,31,,single
1790414691,2060590,11,,single
1790414692,2088570,104,,single
1790414694,2097570,33,,single
1790414695,2112520,0,,single
1790414696,2128270,33,,single
1790414698,2135690,1,,single
1790414699,2162800,1000,,single
1790414701,2179850,35,,single
1790414702,2218750,226,,single
1790414704,2291760,75,,single
1790414705,2305840,61,,single
1790414707,2358720,18402,,single
1790414708,2369900,156,,single
1790414709,2379780,5867,,single
1790414711,2394650,27,,single
1790414712,2420510,418,,single
1790414714,2443360,3,,single
1790414715,2501600,38,,single
1790414717,2532550,3,,single
1790414718,2585830,4,,single
1790414719,2612680,4,,single
1790414721,2660460,151,,single
1790414724,2667430,1,,single
1790414725,2703850,76,,single
1790414727,2719060,4,,single
1790414728,2763670,9,,single
1790414730,2835570,994,,single
1790414731,2878710,0,,single
1790414733,2883280,1,,single
1790414734,2929730,2,,single
1790414735,3068300,71,,single
1790414737,3084280,18,,single
1790414738,3108510,92,,single
1790414740,3191030,81,,single
1790414741,3195790,1449,,single
1790414742,3247500,1,,single
1790414744,3361470,9,,single
1790414745,20,20,,single
1790414747,50,76,,single
1790414748,80,300,,single
1790414749,130,42,,single
1790414751,300,174,,single
1790414752,340,2,,single
1790414754,440,61733,,single
1790414755,730,874748,,single
1790414756,1250,168,,single
1790414758,1510,1,,single
1790414759,1630,38,,single
1790414761,1700,13,,single
1790414762,2100,53,,single
1790414763,2200,15,,single
1790414765,2300,5,,single
1790414766,2390,1,,single
1790414768,2610,2,,single
1790414769,2630,169,,single
1790414770,2820,46,,single
1790414772,3020,4,,single
1790414773,3320,58,,single
1790414775,3390,29,,single
1790414776,3620,216,,single
1790414777,3720,13,,single
1790414779,3910,1279,,single
1790414780,4500,172,,single
1790414782,4570,50,,single
1790414783,4760,669,,single
1790414784,6000,18,,single
1790414786,6020,55,,single
1790414787,6060,113,,single
1790414788,6220,20,,single
1790414790,6550,0,,single
1790414791,6810,21,,single
1790414793,6860,135,,single
1790414794,6980,6,,single
1790414796,7200,63,,single
1790414797,7620,89,,single
1790414798,7760,30,,single
1790414800,7830,19,,single
1790414801,7940,191,,single
1790414803,8080,0,,single
1790414804,8170,6,,single
1790414805,8400,3,,single
1790414807,8800,1359,,single
1790414808,8870,261,,single
1790414810,8980,90,,single
1790414811,9050,17,,single
1790414812,9310,19,,single
1790414814,9350,54,,single
1790414815,9880,65,,single
1790414817,10090,254,,single
1790414818,10150,113,,single
1790414819,10190,178,,single
1790414821,10680,66,,single
1790414822,11390,2,,single
1790414824,12100,27,,single
1790414825,12120,344,,single
1790414826,12200,222,,single
1790414828,12320,41,,single
1790414829,12500,9,,single
1790414831,12810,32,,single
1790414832,13210,14,,single
1790414834,13500,48,,single
1790414835,13570,42,,single
1790414836,15080,10,,single
1790414838,15130,0,,single
1790414839,15210,48,,single
1790414840,15320,16,,single
1790414842,15620,153,,single
1790414843,16730,2,,single
1790414845,16900,167,,single
1790414846,17410,41,,single
1790414847,17450,9,,single
1790414849,17470,63,,single
1790414850,17500,18,,single
1790414852,17580,1,,single
1790414853,18500,38,,single
1790414854,20500,8,,single
1790414856,20540,53,,single
1790414857,20820,0,,single
1790414858,21090,46,,single
1790414860,21130,76,,single
1790414861,21970,170,,single
1790414863,22000,15,,single
1790414864,22200,0,,single
1790414865,22340,0,,single
1790414867,23490,11,,single
1790414868,24200,344,,single
1790414869,24420,1,,single
1790414871,24740,18,,single
1790414872,24790,409,,single
1790414874,24960,27,,single
1790414875,25000,19,,single
1790414876,25830,35,,single
1790414878,25900,182,,single
1790414879,26900,2,,single
1790414881,31280,2,,single
1790414882,32330,28,,single
1790414884,32370,172,,single
1790414885,32400,1,,single
1790414886,32450,11,,single
1790414888,32510,53,,single
1790414889,33120,36,,single
1790414890,33320,34,,single
1790414892,33900,2,,single
1790414893,34010,4,,single
1790414895,34330,2939,,single
1790414896,34460,6,,single
1790414897,34870,35,,single
1790414899,35130,13,,single
1790414900,35460,0,,single
1790414902,35700,26,,single
1790414903,38400,86,,single
1790414905,38600,1,,single
1790414906,38740,0,,single
1790414908,39140,127,,single
1790414909,39200,37,,single
1790414910,39510,536,,single
1790414912,39540,134,,single
1790414913,39680,131,,single
1790414915,40100,143,,single
1790414916,40380,3,,single
1790414918,40700,48,,single
1790414919,40950,90,,single
1790414921,40980,58,,single
1790414922,41050,17,,single
1790414924,41070,87,,single
1790414925,41300,1,,single
1790414926,41700,187,,single
1790414928,42680,243,,single
1790414929,42710,107,,single
1790414931,45100,1,,single
1790414932,45740,33,,single
1790414934,46500,18,,single
1790414935,47780,193,,single
1790414937,47830,1,,single
1790414938,48000,59,,single
1790414940,48190,448,,single
1790414941,49520,2100,,single
1790414942,50300,31,,single
1790414944,55110,7,,single
1790414945,55150,86,,single
1790414946,57640,3,,single
1790414948,58520,2,,single
1790414949,61700,10,,single
1790414951,63200,0,,single
1790414952,63610,4,,single
1790414954,63910,112,,single
1790414955,65300,3,,single
1790414957,65740,4,,single
1790414958,65800,163,,single
1790414959,70100,0,,single
1790414961,70600,13,,single
1790414962,71340,24,,single
1790414964,73010,8,,single
1790414965,78000,319,,single
1790414966,80330,2,,single
1790414968,91200,2,,single
1790414969,91900,0,,single
1790414971,94200,0,,single
1790414972,94400,4,,single
1790414973,95700,1,,single
1790414975,97000,7,,single
1790414976,98200,4,,single
1790414978,98400,2,,single
1790414979,99900,187,,single
1790414980,102600,25,,single
1790414982,105000,9,,single
1790414983,107200,7,,single
1790414985,107310,1,,single
1790414986,107600,2,,single
1790414987,108600,41860,,single
1790414989,108800,12,,single
1790414990,113020,4,,single
1790414991,115100,4,,single
1790414993,115320,79,,single
1790414994,200210,1132,,single
1790414996,200510,502,,single
1790414997,200940,2,,single
1790414999,201270,1,,single
1790415000,201810,261,,single
1790415002,201870,215,,single
1790415003,202200,13,,single
1790415004,202710,5,,single
1790415006,203160,996,,single
1790415007,203350,79,,single
1790415009,203750,6,,single
1790415010,203830,5,,single
1790415012,204240,3,,single
1790415014,204340,70,,single
1790415015,204450,66,,single
1790415017,204630,0,,single
1790415018,205190,1,,single
1790415020,205650,10,,single
1790415021,206210,0,,single
1790415024,206440,58,,single
1790415026,206500,50,,single
1790415027,207140,41,,single
1790415029,207230,1,,single
1790415030,207350,11,,single
1790415031,207750,0,,single
1790415033,208140,44,,single
1790415034,208480,10,,single
1790415035,208580,216,,single
1790415037,209000,401,,single
1790415038,209160,67,,single
1790415040,209190,2,,single
1790415041,209650,52,,single
1790415043,210770,9,,single
1790415044,211260,0,,single
1790415045,211600,18,,single
1790415047,211820,612,,single
1790415048,212480,34,,single
1790415050,212680,843,,single
1790415051,212800,0,,single
1790415052,213610,123,,single
1790415054,213850,18,,single
1790415055,214340,94,,single
1790415057,214510,149,,single
1790415058,214730,155,,single
1790415059,214830,0,,single
1790415061,214970,1,,single
1790415063,215470,0,,single
1790415064,216890,15,,single
1790415065,218060,1,,single
1790415067,218620,33605,,single
1790415068,219640,10,,single
1790415070,219890,10,,single
1790415071,220090,0,,single
1790415072,220200,2824,,single
1790415074,220440,77,,single
1790415075,220780,1,,single
1790415077,221040,1230,,single
1790415078,221380,2342,,single
1790415080,221640,10,,single
1790415081,221910,7,,single
1790415082,222440,108,,single
1790415084,222730,8,,single
1790415085,222880,108,,single
1790415087,223330,15,,single
1790415088,223710,440,,single
1790415089,223830,19,,single
1790415091,224260,711,,single
1790415092,224460,2,,single
1790415093,224600,1,,single
1790415095,224820,0,,single
1790415096,224920,0,,single
1790415098,224960,5,,single
1790415099,225260,29,,single
1790415101,225360,3,,single
1790415102,226620,16,,single
1790415103,226860,94,,single
1790415105,227100,4,,single
1790415106,227220,0,,single
1790415108,227580,2,,single
1790415109,228180,286,,single
1790415110,228260,15,,single
1790415112,228360,2,,single
1790415113,228760,19,,single
1790415115,230050,0,,single
1790415116,230190,55,,single
1790415118,230270,16,,single
1790415119,230820,8,,single
1790415120,231200,4,,single
1790415122,232010,11,,single
1790415123,232770,34,,single
1790415125,232810,1,,single
1790415126,233130,36,,single
1790415128,233270,90,,single
1790415129,233470,2,,single
1790415131,233700,8,,single
1790415132,233980,22,,single
1790415134,234270,14,,single
1790415135,234630,47,,single
1790415137,234670,21,,single
1790415138,235210,2,,single
1790415139,235460,301,,single
1790415141,235620,4,,single
1790415142,235900,173,,single
1790415144,236390,64666,,single
1790415145,236690,78,,single
1790415147,237110,23,,single
1790415148,237630,11,,single
1790415150,237930,10,,single
1790415151,238010,195,,single
1790415152,238210,8,,single
1790415154,239120,52,,single
1790415155,239350,60,,single
1790415157,239820,99,,single
1790415158,240760,7,,single
1790415160,241260,38,,single
1790415161,241560,3,,single
1790415162,241930,423,,single
1790415164,242570,3,,single
1790415165,242700,43,,single
1790415167,242860,48,,single
1790415169,242920,451,,single
1790415170,243450,2,,single
1790415171,243800,8,,single
1790415173,243970,10,,single
1790415175,244050,7,,single
1790415176,244210,9549,,single
1790415178,244450,705,,single
1790415179,244850,2424,,single
1790415180,244930,0,,single
1790415182,245390,15,,single
1790415183,245470,9,,single
1790415185,246580,3,,single
1790415186,246900,108,,single
1790415188,247020,7,,single
1790415189,247240,1,,single
1790415191,247910,3,,single
1790415192,248310,3,,single
1790415194,248390,436,,single
1790415195,248610,20,,single
1790415196,248860,21,,single
1790415198,249130,363,,single
1790415199,249680,2,,single
1790415201,250050,1,,single
1790415202,250180,28,,single
1790415203,250340,11,,single
1790415205,250520,100,,single
1790415206,250760,33,,single
1790415208,251130,5,,single
1790415209,251290,23,,single
1790415210,251570,23710,,single
1790415212,251990,4,,single
1790415213,252110,15,,single
1790415215,252150,4,,single
1790415216,252470,5,,single
1790415218,252610,100,,single
1790415219,252690,0,,single
1790415221,252950,12264,,single
1790415222,253110,1,,single
1790415224,253430,3,,single
1790415225,253750,9,,single
1790415226,253840,0,,single
1790415228,254200,8,,single
1790415229,254460,3,,single
1790415231,254960,13,,single
1790415232,255710,9090,,single
1790415234,256330,8,,single
1790415235,257030,1,,single
1790415237,257350,353,,single
1790415238,257730,4,,single
1790415239,258180,4,,single
1790415241,258890,1,,single
1790415242,259080,0,,single
1790415244,259550,6,,single
1790415245,259740,1,,single
1790415247,260230,78,,single
1790415248,260730,31,,single
1790415249,261470,8,,single
1790415251,261550,28290,,single
1790415252,261640,289,,single
1790415254,262120,5,,single
1790415255,262410,99,,single
1790415257,262830,11,,single
1790415258,263060,0,,single
1790415259,263740,1,,single
1790415261,264080,6,,single
1790415262,265630,43,,single
1790415264,265930,116,,single
1790415265,266210,39,,single
1790415266,266410,693,,single
1790415268,266510,23,,single
1790415269,267530,42,,single
1790415271,268400,262,,single
1790415272,268500,3273,,single
1790415273,268650,226,,single
1790415275,268990,3,,single
1790415276,269270,0,,single
1790415278,269770,46,,single
1790415279,270110,33,,single
1790415280,270210,1,,single
1790415282,271500,0,,single
1790415283,271900,6,,single
1790415285,272470,3,,single
1790415286,272600,4,,single
1790415287,274170,382,,single
1790415289,274500,6,,single
1790415290,274920,97,,single
1790415292,274980,2,,single
1790415293,275390,5,,single
1790415294,276810,124,,single
1790415296,278080,329,,single
1790415297,278460,0,,single
1790415299,280160,8,,single
1790415300,281920,1,,single
1790415301,282070,946,,single
1790415303,282440,188,,single
1790415304,282660,1,,single
1790415306,283160,2,,single
1790415307,283680,1,,single
1790415309,284050,2,,single
1790415310,284710,1,,single
1790415313,284830,1,,single
1790415314,285110,25,,single
1790415315,285190,109,,single
1790415317,285330,85,,single
1790415318,285500,4,,single
1790415320,285800,2,,single
1790415321,285920,303,,single
1790415323,286100,2,,single
1790415324,286260,0,,single
1790415326,286690,924,,single
1790415327,287310,17,,single
1790415328,287450,561,,single
1790415330,287980,120,,single
1790415331,289070,35276,,single
1790415333,289520,86,,single
1790415335,289930,14,,single
1790415337,290100,11,,single
1790415338,290340,35,,single
1790415340,290770,0,,single
1790415341,291650,293,,single
1790415343,292180,2,,single
1790415344,292730,239,,single
1790415346,292990,116,,single
1790415347,293260,30,,single
1790415349,293780,13,,single
1790415350,294810,3,,single
1790415352,296490,93,,single
1790415353,296870,2,,single
1790415354,298030,80,,single
1790415356,298160,7,,single
1790415357,298610,41,,single
1790415359,299030,1,,single
1790415360,299680,0,,single
1790415362,300550,24,,single
1790415363,301190,4,,single
1790415364,301640,51,,single
1790415366,301760,14,,single
1790415367,302610,2,,single
1790415369,302710,1,,single
1790415370,303310,60,,single
1790415372,304240,361,,single
1790415373,304410,170,,single
1790415375,304930,15989,,single
1790415376,306020,136,,single
1790415378,306660,9,,single
1790415379,307070,1,,single
1790415381,307230,0,,single
1790415382,307640,7,,single
1790415384,307690,571,,single
1790415385,307960,150,,single
1790415386,308600,168,,single
1790415388,310080,4,,single
1790415389,310560,69,,single
1790415391,311210,2963,,single
1790415392,311310,329,,single
1790415393,311560,403,,single
1790415395,312370,9,,single
1790415396,312520,1576,,single
1790415398,312670,19,,single
1790415399,313120,247,,single
1790415401,313340,43,,single
1790415402,313500,29,,single
1790415403,314160,396,,single
1790415405,314280,0,,single
1790415406,314430,23,,single
1790415408,314650,208,,single
1790415409,314980,29,,single
1790415411,316010,42,,single
1790415412,316610,1,,single
1790415414,317360,6,,single
1790415415,318100,0,,single
1790415417,318600,6,,single
1790415418,319510,77,,single
1790415420,319910,5,,single
1790415421,320140,2,,single
1790415422,320430,48,,single
1790415424,321400,2,,single
1790415425,322170,39281,,single
1790415427,322210,26,,single
1790415429,322330,36247,,single
1790415430,322500,83,,single
1790415432,322770,0,,single
1790415433,322920,2,,single
1790415435,323190,2341,,single
1790415436,323580,0,,single
1790415437,323850,13,,single
1790415439,324310,10,,single
1790415440,324800,126,,single
1790415442,325260,0,,single
1790415443,326180,0,,single
1790415444,326460,134,,single
1790415446,327090,1,,single
1790415447,327400,164,,single
1790415449,327640,0,,single
1790415450,328080,25,,single
1790415452,329050,162,,single
1790415453,329110,914,,single
1790415455,329970,12,,single
1790415456,330830,18,,single
1790415457,331480,3,,single
1790415459,331670,8,,single
1790415461,332310,67,,single
1790415462,332800,31,,single
1790415463,333420,649,,single
1790415465,333930,16,,single
1790415466,334540,0,,single
1790415467,334940,12,,single
1790415469,335240,370,,single
1790415470,335670,31,,single
1790415472,337000,214,,single
1790415473,338170,0,,single
1790415475,339280,1,,single
1790415476,339610,86,,single
1790415478,341310,6,,single
1790415479,342310,1,,single
1790415480,342580,1,,single
1790415482,343780,87,,single
1790415483,344770,0,,single
1790415485,345660,1,,single
1790415486,346110,16087,,single
1790415488,346560,2,,single
1790415489,346940,20,,single
1790415491,348360,2,,single
1790415492,348710,1,,single
1790415493,349890,0,,single
1790415495,351490,1,,single
1790415496,351700,19,,single
1790415498,351940,8,,single
1790415499,352400,132,,single
1790415501,352720,54,,single
1790415502,353380,0,,single
1790415503,353700,1,,single
1790415505,354160,9,,single
1790415506,355050,4,,single
1790415508,355180,9,,single
1790415509,355980,5,,single
1790415510,356500,83,,single
1790415512,356570,40,,single
1790415513,357190,53,,single
1790415515,357480,1,,single
1790415516,358130,31,,single
1790415517,359320,3373,,single
1790415519,359900,1,,single
1790415520,360640,5,,single
1790415522,360830,4,,single
1790415523,361420,1303,,single
1790415524,361990,2,,single
1790415526,362930,31,,single
1790415527,363130,48,,single
1790415529,363890,604,,single
1790415530,364360,266,,single
1790415532,365300,4,,single
1790415533,365450,34,,single
1790415535,366090,95,,single
1790415536,366870,0,,single
1790415537,367580,1,,single
1790415539,368180,0,,single
1790415540,368260,512,,single
1790415542,368390,16,,single
1790415543,368620,0,,single
1790415544,370240,29,,single
1790415546,370910,4,,single
1790415547,371570,6,,single
1790415549,372360,28,,single
1790415550,373180,0,,single
1790415552,373420,1084,,single
1790415553,374040,162,,single
1790415555,374280,95,,single
1790415556,375480,59,,single
1790415557,375820,12,,single
1790415559,375950,79,,single
1790415560,376300,3,,single
1790415562,377840,360,,single
1790415563,378610,2,,single
1790415565,379210,13,,single
1790415566,380150,1,,single
1790415568,380840,6,,single
1790415569,381780,2,,single
1790415570,382310,518,,single
1790415572,382560,5,,single
1790415573,383840,16,,single
1790415575,383980,144,,single
1790415576,384300,54,,single
1790415578,385380,2,,single
1790415579,385770,128,,single
1790415580,386260,3,,single
1790415582,386620,21,,single
1790415583,386940,344,,single
1790415584,388080,468,,single
1790415586,388210,8,,single
1790415587,388880,4,,single
1790415589,389170,2,,single
1790415590,389730,584,,single
1790415592,390670,0,,single
1790415593,391220,1589,,single
1790415594,391540,1863,,single
1790415596,392110,373,,single
1790415597,393190,1,,single
1790415599,393430,2,,single
1790415600,394360,46362,,single
1790415602,394690,111,,single
1790415603,395170,0,,single
1790415605,396650,1,,single
1790415607,396750,22,,single
1790415608,397060,33,,single
1790415609,397350,85,,single
1790415611,397460,17,,single
1790415612,398710,5,,single
1790415613,399120,0,,single
1790415615,399820,1,,single
1790415616,400630,13,,single
1790415618,401680,17,,single
1790415619,402560,2,,single
1790415621,403640,475,,single
1790415624,404410,74,,single
1790415625,404790,2113,,single
1790415627,405310,154,,single
1790415628,405710,11,,single
1790415629,405830,10,,single
1790415631,406150,11,,single
1790415632,406350,20,,single
1790415634,406970,2,,single
1790415635,407530,4,,single
1790415637,408900,7,,single
1790415638,409590,0,,single
1790415639,410110,25,,single
1790415641,410340,634,,single
1790415642,410890,24,,single
1790415643,410980,138,,single
1790415645,412740,1,,single
1790415646,413710,3,,single
1790415648,414740,0,,single
1790415649,415420,4,,single
1790415650,417430,3,,single
1790415652,418070,3,,single
1790415653,418340,2,,single
1790415655,418500,2,,single
1790415656,418650,5,,single
1790415658,420000,45,,single
1790415659,420440,25,,single
1790415661,421020,36,,single
1790415662,421050,14,,single
1790415663,422900,29,,single
1790415665,424030,82,,single
1790415666,425210,1,,single
1790415668,427250,5,,single
1790415669,428430,1,,single
1790415671,428660,11,,single
1790415672,429050,165,,single
1790415673,429570,2,,single
1790415675,429720,2,,single
1790415676,430210,13,,single
1790415678,431240,438,,single
1790415679,431650,1,,single
1790415681,431930,0,,single
1790415682,433910,1,,single
1790415684,434250,1,,single
1790415685,435150,5919,,single
1790415686,435530,13,,single
1790415688,436150,578,,single
1790415689,437160,1,,single
1790415691,438040,1472,,single
1790415692,438140,31,,single
1790415694,438480,119,,single
1790415695,439190,1,,single
1790415696,440420,3,,single
1790415698,440880,1,,single
1790415699,442120,67,,single
1790415700,444200,5511,,single
1790415702,444770,24,,single
1790415703,445220,420,,single
1790415705,446790,0,,single
1790415706,447020,348,,single
1790415707,447120,2,,single
1790415709,447290,2,,single
1790415710,448320,0,,single
1790415711,448850,4,,single
1790415713,449680,0,,single
1790415714,451020,32,,single
1790415716,451520,10,,single
1790415717,453090,83,,single
1790415719,454120,5,,single
1790415720,455400,8,,single
1790415722,456670,38,,single
1790415723,457210,4,,single
1790415724,457760,0,,single
1790415726,458770,23,,single
1790415727,460810,10,,single
1790415729,461620,11,,single
1790415730,463530,590,,single
1790415731,464350,51,,single
1790415733,464920,280,,single
1790415734,466170,982,,single
1790415735,466560,1167,,single
1790415737,467960,54,,single
1790415738,469600,660,,single
1790415739,470260,3,,single
1790415741,471710,61,,single
1790415742,473950,14,,single
1790415744,474960,118,,single
1790415745,475190,1,,single
1790415747,476460,40,,single
1790415748,476620,138,,single
1790415750,477740,92,,single
1790415751,478980,30,,single
1790415752,480430,3,,single
1790415754,481110,4,,single
1790415755,482400,81,,single
1790415757,482920,89,,single
1790415758,485460,7,,single
1790415759,485980,25,,single
1790415761,486860,35,,single
1790415762,488550,8,,single
1790415764,489520,253,,single
1790415765,489830,18939,,single
1790415766,490920,10,,single
1790415768,491130,0,,single
1790415769,491540,290,,single
1790415771,492230,2,,single
1790415772,493340,535,,single
1790415774,493900,60,,single
1790415775,494840,571,,single
1790415776,495280,23,,single
1790415778,495890,2,,single
1790415779,497180,9,,single
1790415781,499180,9,,single
1790415782,499520,3,,single
1790415784,500810,21,,single
1790415785,501300,68,,single
1790415786,502370,11,,single
1790415788,502520,319,,single
1790415789,503400,0,,single
1790415791,503940,141,,single
1790415792,504370,102,,single
1790415793,505230,52,,single
1790415795,507010,2,,single
1790415796,508900,0,,single
1790415798,509580,7,,single
1790415799,510500,3,,single
1790415801,512470,27,,single
1790415802,513230,0,,single
1790415803,513780,1,,single
1790415805,516110,1,,single
1790415806,517630,209,,single
1790415808,517790,93,,single
1790415809,518150,5,,single
1790415810,520530,0,,single
1790415812,522470,18,,single
1790415813,523780,6,,single
1790415814,525360,0,,single
1790415816,525620,14,,single
1790415817,527230,768,,single
1790415819,528230,30,,single
1790415820,530070,9,,single
1790415821,530700,0,,single
1790415823,532110,163,,single
1790415824,533300,0,,single
1790415826,535520,0,,single
1790415827,537110,5,,single
1790415828,538100,1,,single
1790415830,539470,24,,single
1790415831,540840,4,,single
1790415832,541210,50,,single
1790415834,543870,21,,single
1790415835,544550,371,,single
1790415837,544810,5899,,single
1790415838,545270,1,,single
1790415839,550320,36,,single
1790415841,551860,2,,single
1790415842,552100,1293,,single
1790415844,552520,3633,,single
1790415845,552990,9433,,single
1790415846,553260,3,,single
1790415848,553520,159,,single
1790415849,553640,61,,single
1790415851,554620,23,,single
1790415852,555160,55,,single
1790415853,557340,81,,single
1790415855,558100,15,,single
1790415856,558990,127,,single
1790415858,559330,1,,single
1790415859,561600,7,,single
1790415860,562220,1,,single
1790415862,562810,17,,single
1790415864,563560,172,,single
1790415865,564310,85,,single
1790415867,564710,49,,single
1790415868,566160,2,,single
1790415869,567630,93,,single
1790415871,568220,2080,,single
1790415872,569480,259,,single
1790415874,571260,22,,single
1790415875,571740,135,,single
1790415877,572430,19,,single
1790415878,573090,1227,,single
1790415879,573120,14,,single
1790415881,574310,0,,single
1790415882,574740,3,,single
1790415884,575720,164,,single
1790415885,577690,7,,single
1790415886,577940,14,,single
1790415888,578330,209,,single
1790415889,578850,0,,single
1790415891,580170,0,,single
1790415892,581630,9,,single
1790415893,582270,3,,single
1790415895,582550,16,,single
1790415897,583760,1,,single
1790415898,584640,1,,single
1790415899,585420,2157,,single
1790415901,585900,3,,single
1790415902,587000,4,,single
1790415904,587450,3,,single
1790415905,588030,332,,single
1790415907,588730,1,,single
1790415908,589590,28,,single
1790415909,590380,286,,single
1790415911,591740,71,,single
1790415913,592580,40,,single
1790415914,593600,458,,single
1790415916,594570,926,,single
1790415917,595140,5,,single
1790415918,595500,4,,single
1790415920,596970,22,,single
1790415922,597760,38,,single
1790415925,598810,73,,single
1790415926,598980,8,,single
1790415927,599390,168,,single
1790415929,600130,9,,single
1790415930,600990,1,,single
1790415932,601430,143,,single
1790415933,601840,132,,single
1790415935,602960,2867,,single
1790415936,604240,9,,single
1790415937,605230,30,,single
1790415939,606150,470,,single
1790415940,607080,42,,single
1790415942,609320,37,,single
1790415943,610180,34,,single
1790415944,611500,229,,single
1790415946,613100,2286,,single
1790415947,614570,63,,single
1790415949,616250,2,,single
1790415950,617830,63,,single
1790415952,618740,1,,single
1790415953,619500,1,,single
1790415954,619820,156,,single
1790415956,620590,26,,single
1790415957,621000,2,,single
1790415959,621830,608,,single
1790415960,623940,2,,single
1790415961,625340,12,,single
1790415963,627270,159,,single
1790415964,628070,1112,,single
1790415966,628950,3,,single
1790415967,629820,299,,single
1790415968,631570,1,,single
1790415970,632360,4510,,single
1790415971,633080,1,,single
1790415972,633460,20,,single
1790415974,635260,870,,single
1790415975,636100,2,,single
1790415977,636450,1,,single
1790415978,638110,3,,single
1790415980,638510,29,,single
1790415981,639490,35,,single
1790415983,640890,4,,single
1790415984,641320,83,,single
1790415985,641990,587,,single
1790415987,644290,0,,single
1790415988,645090,1,,single
1790415990,645790,4,,single
1790415991,646500,6,,single
1790415992,647830,229,,single
1790415994,648350,199,,single
1790415995,648410,135,,single
1790415996,648800,6466,,single
1790415998,653530,155,,single
1790415999,655500,1880,,single
1790416001,657240,6,,single
1790416002,658700,10,,single
1790416003,660160,20,,single
1790416005,661790,2,,single
1790416006,663390,29,,single
1790416008,665490,0,,single
1790416009,666150,162,,single
1790416011,666570,2,,single
1790416012,667530,17,,single
1790416013,667720,24,,single
1790416015,668210,3,,single
1790416016,670160,1,,single
1790416018,671610,1,,single
1790416019,671860,192,,single
1790416021,673130,5,,single
1790416022,673750,338,,single
1790416023,673950,215,,single
1790416025,674520,13,,single
1790416026,674940,228,,single
1790416027,675260,39,,single
1790416029,677620,12,,single
1790416030,678950,367,,single
1790416031,679110,10,,single
1790416033,680360,7,,single
1790416034,681730,4,,single
1790416036,684410,32,,single
1790416037,688420,94,,single
1790416039,690040,39,,single
1790416040,691260,2,,single
1790416042,694280,365,,single
1790416043,696220,2,,single
1790416044,698540,9,,single
1790416046,699170,34,,single
1790416047,701160,1356,,single
1790416049,702810,2,,single
1790416050,704450,524,,single
1790416051,704920,16,,single
1790416053,706020,3,,single
1790416054,711540,15,,single
1790416056,712100,212,,single
1790416057,716490,4,,single
1790416059,716710,10,,single
1790416060,718850,69,,single
1790416062,719890,799,,single
1790416063,720560,13,,single
1790416064,722060,14,,single
1790416066,725270,1,,single
1790416067,725480,6,,single
1790416069,726590,7,,single
1790416070,727020,0,,single
1790416072,728740,63,,single
1790416073,729000,5,,single
1790416075,730820,31,,single
1790416076,731490,276,,single
1790416077,732370,12,,single
1790416079,733070,33,,single
1790416081,733990,4,,single
1790416082,735280,45,,single
1790416084,735570,0,,single
1790416085,736190,445,,single
1790416086,736850,6,,single
1790416088,739630,5246,,single
1790416089,741510,4,,single
1790416091,742420,100,,single
1790416092,743390,1,,single
1790416094,746580,6,,single
1790416095,747610,46,,single
1790416096,748300,3,,single
1790416098,748490,51,,single
1790416100,751630,48,,single
1790416101,753420,61,,single
1790416102,753660,5,,single
1790416104,754500,32,,single
1790416105,755790,1,,single
1790416107,757210,90,,single
1790416108,757320,73,,single
1790416109,758190,189,,single
1790416111,758370,74,,single
1790416112,758870,55,,single
1790416114,759740,13,,single
1790416115,760650,14,,single
1790416117,761620,71,,single
1790416118,761890,6060,,single
1790416119,762830,2,,single
1790416121,764050,0,,single
1790416122,766280,0,,single
1790416124,767390,3,,single
1790416125,770240,42,,single
1790416126,772540,0,,single
1790416128,773790,164,,single
1790416129,774461,17,,single
1790416131,774861,17,,single
1790416132,776490,0,,single
1790416133,780290,252,,single
1790416135,782330,777,,single
1790416136,783770,0,,single
1790416138,784150,2862,,single
1790416139,785740,45,,single
1790416140,785890,3,,single
1790416142,787860,1202,,single
1790416143,790600,8,,single
1790416145,790820,47,,single
1790416146,792040,1,,single
1790416147,792120,0,,single
1790416149,792710,5,,single
1790416150,793460,95,,single
1790416152,795100,8,,single
1790416153,795630,65,,single
1790416155,797410,1,,single
1790416156,798290,15,,single
1790416157,798490,20,,single
1790416159,799070,2,,single
1790416160,799960,425,,single
1790416162,801480,6,,single
1790416163,801630,1,,single
1790416164,803330,88,,single
1790416166,804700,5,,single
1790416167,805940,1,,single
1790416169,808290,108,,single
1790416170,809230,85,,single
1790416172,811320,16,,single
1790416173,812140,6566,,single
1790416174,813630,78,,single
1790416176,813820,0,,single
1790416177,814380,6049,,single
1790416179,815780,12,,single
1790416180,816340,645,,single
1790416182,817510,0,,single
1790416183,818320,40,,single
1790416184,820520,30,,single
1790416186,822240,48,,single
1790416187,823500,34,,single
1790416189,824000,8,,single
1790416190,824720,2,,single
1790416192,828740,38,,single
1790416193,829590,77,,single
1790416194,831980,12,,single
1790416196,834280,11,,single
1790416197,834910,159,,single
1790416199,835960,101,,single
1790416200,838310,2,,single
1790416202,839770,190,,single
1790416203,840010,3,,single
1790416204,840800,1,,single
1790416206,841370,98,,single
1790416207,842780,249,,single
1790416209,843380,455,,single
1790416211,843810,2,,single
1790416212,844590,24,,single
1790416214,845880,1,,single
1790416215,846030,27,,single
1790416217,846470,4,,single
1790416218,847370,35,,single
1790416219,848450,525,,single
1790416221,850320,22,,single
1790416222,852220,3,,single
1790416224,853550,8,,single
1790416225,855010,5,,single
1790416227,855860,36,,single
1790416228,858710,48,,single
1790416230,858820,63,,single
1790416231,860510,322,,single
1790416233,860950,22,,single
1790416234,861540,61,,single
1790416236,864060,4,,single
1790416237,865540,3,,single
1790416239,866140,6,,single
1790416240,866800,35,,single
1790416242,868270,1,,single
1790416243,870200,63,,single
1790416244,871720,119,,single
1790416246,872790,530,,single
1790416247,874260,29,,single
1790416249,876650,21,,single
1790416251,878670,4,,single
1790416252,881020,2745,,single
1790416253,881320,12,,single
1790416255,883360,1,,single
1790416256,884660,87,,single
1790416258,885970,1002,,single
1790416259,890550,4,,single
1790416260,891040,188,,single
1790416262,893850,40,,single
1790416263,895400,640,,single
1790416265,896160,3,,single
1790416266,897450,39,,single
1790416268,898750,206,,single
1790416269,898920,288,,single
1790416271,905340,17,,single
1790416272,908100,5,,single
1790416274,913060,2,,single
1790416275,914010,5,,single
1790416276,914800,39,,single
1790416278,915320,18,,single
1790416279,916440,3182,,single
1790416280,917150,2,,single
1790416282,918570,31,,single
1790416283,922320,14,,single
1790416284,925570,0,,single
1790416286,926140,18,,single
1790416287,934840,3,,single
1790416289,936720,13,,single
1790416290,937170,16,,single
1790416292,937580,28,,single
1790416293,939100,1,,single
1790416295,939620,1,,single
1790416296,940710,9,,single
1790416297,942970,289,,single
1790416299,945360,4051,,single
1790416300,946720,1,,single
1790416302,949290,4,,single
1790416303,950100,0,,single
1790416304,950740,5,,single
1790416306,952290,0,,single
1790416307,953490,125,,single
1790416309,954870,18,,single
1790416310,956030,26,,single
1790416312,958400,10,,single
1790416313,960690,18,,single
1790416314,961200,895,,single
1790416316,962400,163,,single
1790416317,963710,1,,single
1790416318,964350,0,,single
1790416320,964800,8,,single
1790416321,965230,19,,single
1790416323,965680,77,,single
1790416324,966320,4,,single
1790416325,966610,94,,single
1790416327,968250,14,,single
1790416328,970500,35,,single
1790416330,973580,141,,single
1790416331,973810,16,,single
1790416332,976010,2,,single
1790416334,977400,5638,,single
1790416335,978300,134,,single
1790416337,978520,63,,single
1790416338,979080,2,,single
1790416339,979120,57,,single
1790416341,979920,204,,single
1790416342,980610,143,,single
1790416344,981890,2,,single
1790416345,982290,3,,single
1790416346,984780,11,,single
1790416348,986130,140,,single
1790416349,987020,0,,single
1790416351,988910,6,,single
1790416352,991170,23,,single
1790416354,994140,2,,single
1790416355,995980,16,,single
1790416356,996580,248,,single
1790416358,997380,36,,single
1790416359,998740,26,,single
1790416361,1000360,36,,single
1790416362,1003590,99,,single
1790416363,1004750,142,,single
1790416365,1005930,10,,single
1790416366,1009560,44,,single
1790416368,1010750,7,,single
1790416369,1010890,2,,single
1790416371,1012110,6,,single
1790416372,1012790,20,,single
1790416374,1012880,204,,single
1790416375,1013320,2182,,single
1790416377,1016920,139,,single
1790416378,1018010,59,,single
1790416380,1018800,15,,single
1790416381,1019310,0,,single
1790416383,1020790,212,,single
1790416384,1021210,134,,single
1790416386,1022310,2,,single
1790416387,1024380,0,,single
1790416388,1025440,30,,single
1790416390,1026820,10,,single
1790416391,1028310,163,,single
1790416393,1029550,76,,single
1790416394,1031140,2,,single
1790416396,1032790,2,,single
1790416397,1036890,11,,single
1790416398,1038250,25,,single
1790416400,1038450,1,,single
1790416401,1040070,4,,single
1790416403,1042550,1051,,single
1790416404,1043390,1,,single
1790416405,1046030,17,,single
1790416407,1046930,923,,single
1790416408,1049280,11,,single
1790416409,1051200,2,,single
1790416411,1052990,24,,single
1790416412,1054490,464,,single
1790416414,1054800,1,,single
1790416415,1057700,5,,single
1790416416,1058430,7,,single
1790416418,1058640,4,,single
1790416419,1058770,25,,single
1790416421,1059120,0,,single
1790416422,1060230,17,,single
1790416424,1061180,0,,single
1790416425,1062090,5232,,single
1790416426,1062140,1,,single
1790416428,1062830,32,,single
1790416429,1063660,57,,single
1790416431,1064610,5,,single
1790416432,1066260,0,,single
1790416434,1066890,721,,single
1790416435,1067900,0,,single
1790416436,1069160,18,,single
1790416438,1069650,31,,single
1790416439,1069690,9,,single
1790416441,1070330,19,,single
1790416442,1071120,0,,single
1790416444,1072040,621,,single
1790416445,1072420,381,,single
1790416447,1073390,31,,single
1790416448,1075190,10,,single
1790416450,1076160,80,,single
1790416451,1077520,0,,single
1790416453,1078730,9,,single
1790416454,1078920,0,,single
1790416456,1079800,5,,single
1790416457,1080750,5,,single
1790416458,1082180,22,,single
1790416460,1084600,988,,single
1790416461,1085220,4,,single
1790416463,1085660,16699,,single
1790416464,1087280,14,,single
1790416465,1088790,76,,single
1790416467,1089090,283,,single
1790416468,1089830,10,,single
1790416470,1092630,2,,single
1790416471,1094000,3,,single
1790416473,1094780,615,,single
1790416474,1096900,1187,,single
1790416475,1097150,322,,single
1790416477,1097840,215,,single
1790416478,1099640,4,,single
1790416480,1100260,27,,single
1790416481,1100620,56,,single
1790416482,1101120,31,,single
1790416484,1102130,1,,single
1790416485,1105670,243,,single
1790416487,1107300,5,,single
1790416488,1109570,9,,single
1790416490,1110100,2,,single
1790416491,1112890,6,,single
1790416492,1114150,568,,single
1790416494,1114940,64,,single
1790416495,1116540,3,,single
1790416497,1118920,2,,single
1790416498,1119980,10,,single
1790416499,1120810,4,,single
1790416501,1122050,0,,single
1790416502,1122680,0,,single
1790416504,1123770,48,,single
1790416505,1124180,169,,single
1790416507,1126310,15,,single
1790416508,1127700,40,,single
1790416510,1129220,1,,single
1790416511,1129580,2658,,single
1790416513,1131190,9,,single
1790416514,1134100,22,,single
1790416515,1134710,268,,single
1790416517,1135690,143,,single
1790416518,1137460,8,,single
1790416520,1138190,170,,single
1790416521,1138850,14,,single
1790416524,1139890,10,,single
1790416525,1139980,665,,single
1790416526,1140290,1,,single
1790416528,1141550,2,,single
1790416529,1142500,10,,single
1790416531,1144030,6,,single
1790416532,1144200,6233,,single
1790416533,1146310,7,,single
1790416535,1147560,704,,single
1790416536,1147860,55,,single
1790416537,1148650,9,,single
1790416539,1149460,5207,,single
1790416540,1150590,3,,single
1790416542,1150950,0,,single
1790416543,1151080,2,,single
1790416545,1152340,4,,single
1790416546,1153640,22,,single
1790416548,1154790,3,,single
1790416549,1155330,7,,single
1790416551,1156990,35,,single
1790416552,1157390,149,,single
1790416553,1158370,24,,single
1790416555,1158940,63,,single
1790416556,1159560,7,,single
1790416558,1160490,13,,single
1790416559,1161490,39,,single
1790416561,1161590,107,,single
1790416562,1163550,54,,single
1790416564,1164050,1,,single
1790416565,1164940,223,,single
1790416566,1166860,106,,single
1790416568,1167630,3184,,single
1790416569,1168660,0,,single
1790416571,1170080,9,,single
1790416572,1172470,131961,,single
1790416574,1172650,6,,single
1790416575,1173510,1278,,single
1790416577,1173790,55,,single
1790416578,1173810,142,,single
1790416579,1174180,30910,,single
1790416581,1176470,913,,single
1790416582,1178160,25,,single
1790416583,1179080,34,,single
1790416585,1180660,27,,single
1790416586,1181840,4,,single
1790416588,1182310,7,,single
1790416589,1182900,387,,single
1790416591,1184160,1,,single
1790416592,1186740,1,,single
1790416593,1188930,220,,single
1790416595,1189800,0,,single
1790416597,1190170,0,,single
1790416598,1191120,16,,single
1790416599,1191840,12,,single
1790416601,1194630,21,,single
1790416602,1195290,8,,single
1790416604,1196470,33,,single
1790416605,1197260,603,,single
1790416606,1198090,81,,single
1790416608,1201230,62,,single
1790416609,1201270,23,,single
1790416611,1202130,242,,single
1790416612,1202900,34,,single
1790416614,1203220,40791,,single
1790416615,1203710,14,,single
1790416616,1205040,24,,single
1790416618,1205520,65,,single
1790416619,1206430,2,,single
1790416621,1206610,77,,single
1790416622,1210030,2,,single
1790416624,1210320,763,,single
1790416625,1211630,71,,single
1790416626,1214360,0,,single
1790416628,1215390,166,,single
1790416629,1216710,114,,single
1790416631,1218900,0,,single
1790416632,1220840,1,,single
1790416634,1222140,3793,,single
1790416635,1222680,2588,,single
1790416637,1223500,1,,single
1790416638,1225330,98,,single
1790416640,1227530,32,,single
1790416641,1227690,43,,single
1790416643,1229380,9,,single
1790416644,1230170,6,,single
1790416646,1232180,6,,single
1790416647,1233070,19,,single
1790416649,1233570,27,,single
1790416650,1234940,2,,single
1790416651,1237950,896,,single
1790416653,1238080,46,,single
1790416654,1239050,1,,single
1790416656,1239260,5,,single
1790416657,1239690,9,,single
1790416659,1241510,1,,single
1790416660,1242980,46,,single
1790416661,1244090,304,,single
1790416663,1244630,20,,single
1790416664,1245480,118,,single
1790416666,1248130,5577,,single
1790416667,1249970,166,,single
1790416669,1250760,10,,single
1790416670,1252830,3,,single
1790416672,1256670,1873,,single
1790416673,1257410,1,,single
1790416674,1259420,1408,,single
1790416676,1259980,118,,single
1790416677,1260590,19,,single
1790416679,1262240,189,,single
1790416680,1262460,92,,single
1790416682,1262560,319,,single
1790416683,1262600,101,,single
1790416684,1263850,864,,single
1790416686,1264280,13,,single
1790416687,1265860,21,,single
1790416689,1266540,96,,single
1790416690,1267540,304,,single
1790416692,1268960,0,,single
1790416693,1270580,118,,single
1790416695,1271400,0,,single
1790416696,1272160,239,,single
1790416698,1273260,8,,single
1790416699,1273440,1,,single
1790416701,1274600,38,,single
1790416702,1275640,9,,single
1790416703,1278540,91,,single
1790416705,1281590,38,,single
1790416706,1282100,3932,,single
1790416708,1282730,134,,single
1790416709,1283400,61,,single
1790416710,1284210,3499,,single
1790416712,1286220,1144,,single
1790416713,1286320,5,,single
1790416715,1286580,175,,single
1790416716,1286830,2558,,single
1790416718,1288320,193,,single
1790416719,1289380,25,,single
1790416720,1290260,0,,single
1790416722,1291340,37,,single
1790416723,1292630,119,,single
1790416724,1293830,2473,,single
1790416726,1294660,1,,single
1790416727,1294810,5,,single
1790416729,1295510,952,,single
1790416730,1296840,4,,single
1790416732,1297300,0,,single
1790416733,1299690,7,,single
1790416735,1302240,56,,single
1790416736,1304930,2474,,single
1790416737,1307710,46,,single
1790416739,1309610,3,,single
1790416740,1310330,0,,single
1790416742,1311660,0,,single
1790416743,1313860,108,,single
1790416745,1316680,14,,single
1790416746,1318690,367,,single
1790416747,1320140,0,,single
1790416749,1324130,674,,single
1790416750,1324780,1116,,single
1790416752,1328660,266,,single
1790416753,1329510,2,,single
1790416755,1330000,159,,single
1790416756,1330660,7,,single
1790416757,1331550,2388,,single
1790416759,1332720,133,,single
1790416760,1335530,1,,single
1790416762,1335790,50,,single
1790416763,1336490,1534,,single
1790416765,1336980,2154,,single
1790416766,1337760,86,,single
1790416767,1338330,3,,single
1790416769,1338770,317,,single
1790416770,1339000,4,,single
1790416772,1340990,530,,single
1790416773,1342330,133,,single
1790416775,1342890,1,,single
1790416776,1343370,961,,single
1790416777,1343670,33,,single
1790416779,1345890,12,,single
1790416780,1347030,3,,single
1790416782,1347780,10,,single
1790416783,1348300,22,,single
1790416784,1350840,12,,single
1790416786,1351630,10,,single
1790416787,1352850,1,,single
1790416789,1354830,8,,single
1790416790,1356810,64,,single
1790416791,1357870,7,,single
1790416793,1359980,39,,single
1790416794,1360390,0,,single
1790416796,1361000,3,,single
1790416797,1361510,81,,single
1790416798,1363430,41,,single
1790416800,1364100,13,,single
1790416801,1364290,39,,single
1790416803,1364780,23332,,single
1790416804,1366800,31165,,single
1790416806,1367550,554,,single
1790416807,1369630,379,,single
1790416809,1369760,22,,single
1790416810,1371720,8,,single
1790416813,1372320,2,,single
1790416814,1372810,26,,single
1790416816,1373960,34,,single
1790416817,1375740,0,,single
1790416819,1377150,19,,single
1790416820,1377380,241,,single
1790416821,1378290,8,,single
1790416823,1380910,20,,single
1790416824,1384160,1230,,single
1790416826,1385380,274,,single
1790416827,1386900,9,,single
1790416828,1389550,4,,single
1790416830,1389990,52,,single
1790416831,1390410,21,,single
1790416833,1392960,52,,single
1790416834,1395560,2,,single
1790416835,1397390,8,,single
1790416837,1398740,3,,single
1790416838,1402110,4,,single
1790416840,1404850,87,,single
1790416841,1407200,7143,,single
1790416842,1408610,101,,single
1790416844,1410640,32,,single
1790416845,1411740,48,,single
1790416847,1413870,6,,single
1790416848,1414850,2,,single
1790416850,1416230,30,,single
1790416851,1416920,121,,single
1790416853,1418630,916,,single
1790416854,1419850,23,,single
1790416855,1420770,41,,single
1790416857,1421790,5,,single
1790416858,1422440,47,,single
1790416860,1426010,4,,single
1790416861,1426450,123,,single
1790416863,1430420,8,,single
1790416864,1431610,2,,single
1790416866,1432860,858,,single
1790416867,1434950,42,,single
1790416868,1435790,464,,single
1790416870,1436990,8,,single
1790416871,1437820,130,,single
1790416873,1440440,3,,single
1790416874,1442430,184,,single
1790416875,1444480,280,,single
1790416877,1447000,13,,single
1790416879,1448030,0,,single
1790416880,1449200,26,,single
1790416882,1449690,679,,single
1790416883,1450830,10,,single
1790416884,1451190,414,,single
1790416886,1451740,0,,single
1790416887,1454400,8728,,single
1790416889,1455660,23,,single
1790416891,1456200,19,,single
1790416892,1456940,0,,single
1790416894,1460090,0,,single
1790416895,1462040,4540,,single
1790416896,1462570,8,,single
1790416898,1463730,1,,single
1790416899,1466060,668,,single
1790416901,1466860,9586,,single
1790416902,1468260,617,,single
1790416904,1469610,147,,single
1790416905,1472660,13,,single
1790416906,1476340,2,,single
1790416908,1477070,294,,single
1790416909,1477830,2158,,single
1790416911,1478220,231,,single
1790416912,1482380,3,,single
1790416913,1483870,336,,single
1790416915,1484800,0,,single
1790416916,1486630,23,,single
1790416918,1487270,9,,single
1790416919,1490890,24,,single
1790416921,1491670,2,,single
1790416922,1494440,0,,single
1790416923,1497440,19,,single
1790416925,1501610,21,,single
1790416926,1504500,9,,single
1790416928,1507190,11,,single
1790416929,1509820,1,,single
1790416931,1510460,72,,single
1790416932,1511630,121,,single
1790416934,1511780,27,,single
1790416935,1515210,53,,single
1790416936,1519350,11,,single
1790416938,1522160,23,,single
1790416939,1522870,35,,single
1790416941,1526490,174,,single
1790416942,1527950,2536,,single
1790416943,1533390,471,,single
1790416945,1536070,57,,single
1790416946,1538460,24,,single
1790416947,1539140,59,,single
1790416949,1540960,176,,single
1790416950,1544360,1,,single
1790416952,1545560,127,,single
1790416953,1546320,2887,,single
1790416955,1546860,4,,single
1790416956,1549690,22,,single
1790416958,1552550,106,,single
1790416959,1554840,0,,single
1790416960,1556200,20,,single
1790416962,1556980,0,,single
1790416963,1557990,0,,single
1790416965,1559600,55,,single
1790416966,1562430,490,,single
1790416967,1564090,1,,single
1790416969,1567020,37,,single
1790416970,1569040,1290,,single
1790416972,1569520,3,,single
1790416973,1570010,34,,single
1790416975,1570330,9,,single
1790416976,1573280,17,,single
1790416977,1574310,3,,single
1790416979,1574820,103,,single
1790416980,1575870,31,,single
1790416982,1576060,2,,single
1790416983,1578650,28,,single
1790416985,1579380,18,,single
1790416986,1580520,25,,single
1790416987,1582650,21,,single
1790416989,1583320,508,,single
1790416990,1587130,100,,single
1790416992,1589120,17,,single
1790416993,1590760,17,,single
1790416994,1592190,298,,single
1790416996,1592290,9,,single
1790416998,1592670,2,,single
1790416999,1594940,294,,single
1790417001,1598160,0,,single
1790417002,1599560,3,,single
1790417003,1599880,4,,single
1790417005,1601580,821,,single
1790417006,1602080,5,,single
1790417008,1603640,23,,single
1790417009,1604030,2414,,single
1790417011,1606180,268,,single
1790417013,1607680,27,,single
1790417014,1608230,57,,single
1790417015,1608640,16,,single
1790417017,1610440,34,,single
1790417018,1611410,108,,single
1790417019,1611600,736,,single
1790417021,1612620,0,,single
1790417022,1615290,27,,single
1790417024,1620340,26,,single
1790417025,1621310,86,,single
1790417026,1622770,15,,single
1790417028,1624540,52,,single
1790417029,1626890,1,,single
1790417031,1628130,3,,single
1790417032,1630920,2,,single
1790417033,1634150,4,,single
1790417035,1637320,517,,single
1790417036,1638220,84,,single
1790417038,1644320,250,,single
1790417039,1645820,673,,single
1790417041,1648390,138,,single
1790417042,1649730,130,,single
1790417043,1650010,140,,single
1790417045,1651960,0,,single
1790417046,1656780,38,,single
1790417048,1658040,69,,single
1790417049,1659040,3246,,single
1790417051,1660080,113,,single
1790417052,1663040,25,,single
1790417053,1664220,15,,single
1790417055,1668510,22,,single
1790417057,1669000,1432,,single
1790417058,1669420,12,,single
1790417059,1674170,482,,single
1790417061,1676130,5,,single
1790417062,1677280,4061,,single
1790417064,1677740,2233,,single
1790417065,1681430,224,,single
1790417066,1682060,20,,single
1790417068,1684350,74,,single
1790417069,1689620,128,,single
1790417071,1693980,862,,single
1790417072,1696440,47,,single
1790417074,1697700,19,,single
1790417075,1700270,82,,single
1790417077,1701380,25,,single
1790417078,1703340,71,,single
1790417079,1707650,13,,single
1790417081,1709900,15,,single
1790417083,1711610,5,,single
1790417084,1712840,12,,single
1790417086,1715730,0,,single
1790417087,1718870,122,,single
1790417089,1723780,53,,single
1790417090,1730250,11,,single
1790417091,1730700,15,,single
1790417093,1732430,14,,single
1790417094,1735950,18,,single
1790417096,1739010,21,,single
1790417097,1743850,7,,single
1790417099,1746930,3,,single
1790417100,1750570,0,,single
1790417102,1754840,3,,single
1790417103,1761380,36,,single
1790417104,1761620,2,,single
1790417106,1764530,114,,single
1790417107,1768280,28,,single
1790417109,1769420,13,,single
1790417110,1771980,11,,single
1790417113,1779200,23,,single
1790417114,1782330,2,,single
1790417116,1785150,62,,single
1790417117,1789480,3,,single
1790417119,1792250,38,,single
1790417120,1796470,112,,single
1790417122,1798010,37,,single
1790417125,1801520,3,,single
1790417127,1804010,5,,single
1790417128,1811040,4,,single
1790417130,1811950,52,,single
1790417131,1812090,19,,single
1790417133,1812620,4481,,single
1790417134,1816300,34,,single
1790417135,1817190,779,,single
1790417137,1818750,18,,single
1790417138,1822910,2,,single
1790417140,1824220,1524,,single
1790417141,1831250,24,,single
1790417143,1835240,12,,single
1790417144,1837220,0,,single
1790417145,1839810,9,,single
1790417147,1839940,10,,single
1790417148,1843090,0,,single
1790417150,1844380,7,,single
1790417151,1846380,939,,single
1790417153,1848450,2,,single
1790417154,1849900,14,,single
1790417155,1850480,0,,single
1790417157,1850570,3161,,single
1790417158,1859280,26,,single
1790417160,1860510,104,,single
1790417161,1863750,25,,single
1790417162,1866880,10,,single
1790417164,1871990,3,,single
1790417165,1874490,47,,single
1790417167,1875060,88,,single
1790417169,1879380,15,,single
1790417170,1881420,22,,single
1790417172,1882500,23,,single
1790417173,1885110,6,,single
1790417174,1887400,12,,single
1790417176,1888160,1058,,single
1790417177,1889640,0,,single
1790417179,1892420,1,,single
1790417180,1894430,497,,single
1790417181,1895300,38,,single
1790417183,1898290,36,,single
1790417184,1900340,5,,single
1790417186,1902960,18,,single
1790417187,1904540,2290,,single
1790417188,1909420,0,,single
1790417190,1911390,7,,single
1790417191,1913210,8,,single
1790417193,1915510,25,,single
1790417194,1920480,6,,single
1790417195,1922560,867,,single
1790417197,1927740,22,,single
1790417198,1931730,3,,single
1790417200,1932570,0,,single
1790417201,1933700,2,,single
1790417202,1934680,1688,,single
1790417204,1938010,72,,single
1790417205,1939970,29,,single
1790417207,1943950,5407,,single
1790417208,1944790,27,,single
1790417209,1946700,14,,single
1790417211,1949960,0,,single
1790417212,1952370,13,,single
1790417214,1954200,62,,single
1790417215,1955330,1,,single
1790417216,1956800,189,,single
1790417218,1958220,73,,single
1790417219,1963570,20,,single
1790417221,1967260,19,,single
1790417223,1967630,109,,single
1790417224,1970580,107,,single
1790417225,1971650,1528,,single
1790417227,1975440,26,,single
1790417229,1978590,13,,single
1790417230,1980530,15,,single
1790417231,1983260,35,,single
1790417233,1988550,21,,single
1790417235,1990110,23,,single
1790417236,2000950,1138,,single
1790417237,2008920,27,,single
1790417239,2011470,2,,single
1790417240,2013730,7,,single
1790417241,2015240,14,,single
1790417243,2019810,27,,single
1790417244,2024070,14,,single
1790417246,2026820,56,,single
1790417247,2051620,3160,,single
1790417249,2056210,53,,single
1790417250,2058190,360,,single
1790417252,2059660,1,,single
1790417253,2060160,750,,single
1790417254,2064650,164,,single
1790417256,2066020,370,,single
1790417257,2067790,0,,single
1790417259,2068280,52,,single
1790417260,2069310,532,,single
1790417262,2073250,147,,single
1790417263,2075070,14,,single
1790417265,2076140,7,,single
1790417266,2080690,718,,single
1790417268,2085360,1,,single
1790417269,2088160,8,,single
1790417271,2093910,10,,single
1790417272,2096600,88,,single
1790417273,2097230,2,,single
1790417275,2103130,245,,single
1790417276,2104890,891,,single
1790417277,2108330,131,,single
1790417279,2111170,28,,single
1790417280,2114740,519,,single
1790417282,2118810,37,,single
1790417283,2120900,5,,single
1790417285,2124420,0,,single
1790417286,2128480,79,,single
1790417287,2131640,135,,single
1790417289,2134770,37,,single
1790417290,2138710,445,,single
1790417292,2140510,71,,single
1790417293,2144740,109,,single
1790417295,2155180,359,,single
1790417296,2161700,6765,,single
1790417298,2166060,8,,single
1790417299,2169200,926,,single
1790417300,2172010,54,,single
1790417302,2180340,2,,single
1790417303,2181720,12,,single
1790417305,2182400,7,,single
1790417306,2183900,12056,,single
1790417307,2186320,708,,single
1790417309,2187290,247,,single
1790417310,2194530,566,,single
1790417311,2195250,1176,,single
1790417313,2196790,3,,single
1790417314,2205850,157,,single
1790417316,2206270,84,,single
1790417317,2208570,99,,single
1790417319,2211170,105,,single
1790417320,2215430,2545,,single
1790417321,2217000,168,,single
1790417323,2221490,7107,,single
1790417324,2230280,5,,single
1790417326,2230980,177,,single
1790417327,2233120,5,,single
1790417329,2237970,17,,single
1790417330,2239150,377,,single
1790417331,2244130,258,,single
1790417333,2248760,276,,single
1790417334,2252680,7,,single
1790417335,2271930,106,,single
1790417337,2272400,10,,single
1790417338,2273430,2441,,single
1790417340,2273980,127,,single
1790417341,2277320,31,,single
1790417342,2287520,17,,single
1790417344,2289650,112,,single
1790417345,2290180,2105,,single
1790417347,2292260,6,,single
1790417348,2296990,35,,single
1790417350,2300320,29660,,single
1790417351,2302660,43,,single
1790417353,2304990,3,,single
1790417355,2314160,21,,single
1790417356,2318480,5,,single
1790417357,2322010,1826,,single
1790417359,2328480,30,,single
1790417360,2330500,6,,single
1790417362,2334730,104,,single
1790417363,2338770,592,,single
1790417364,2348100,4,,single
1790417366,2353250,24,,single
1790417368,2356780,130,,single
1790417369,2357910,3,,single
1790417370,2366970,4,,single
1790417372,2370570,454,,single
1790417373,2379390,25,,single
1790417375,2380050,56,,single
1790417376,2383990,8,,single
1790417378,2389240,0,,single
1790417379,2399160,56,,single
1790417380,2400160,35,,single
1790417382,2400510,54,,single
1790417383,2401970,305,,single
1790417384,2410170,33,,single
1790417386,2419090,4,,single
1790417387,2420660,20,,single
1790417389,2427700,1795,,single
1790417390,2435900,2,,single
1790417391,2441270,5,,single
1790417393,2446600,32,,single
1790417394,2461850,44,,single
1790417396,2475490,24,,single
1790417397,2477340,45,,single
1790417398,2479830,33,,single
1790417400,2488370,485,,single
1790417401,2497920,18,,single
1790417403,2502760,40,,single
1790417404,2506160,23,,single
1790417405,2511500,213,,single
1790417407,2514960,8,,single
1790417408,2521180,1,,single
1790417410,2523120,3,,single
1790417411,2527390,34,,single
1790417412,2533960,11,,single
1790417414,2536840,9,,single
1790417415,2551020,894,,single
1790417417,2552450,603,,single
1790417418,2555430,67,,single
1790417419,2561580,423,,single
1790417421,2575900,3,,single
1790417422,2582560,121,,single
1790417425,2593370,189,,single
1790417427,2595860,5,,single
1790417428,2597970,4,,single
1790417429,2612700,2,,single
1790417431,2629330,1,,single
1790417432,2634950,324,,single
1790417433,2644610,45,,single
1790417435,2649080,13,,single
1790417436,2651330,2,,single
1790417438,2653940,6,,single
1790417439,2658450,20,,single
1790417440,2667120,46,,single
1790417442,2669410,23,,single
1790417443,2674590,57,,single
1790417444,2676840,27,,single
1790417446,2679460,1850,,single
1790417447,2685620,0,,single
1790417449,2688570,0,,single
1790417450,2689470,9,,single
1790417452,2694420,11,,single
1790417453,2697930,26,,single
1790417454,2706170,51,,single
1790417456,2707940,200,,single
1790417457,2709570,5363,,single
1790417458,2719030,61,,single
1790417460,2719290,43,,single
1790417461,2737300,2,,single
1790417463,2758000,7,,single
1790417464,2772750,741,,single
1790417465,2780980,170,,single
1790417467,2793710,4,,single
1790417469,2798600,0,,single
1790417470,2818260,73,,single
1790417471,2825530,166,,single
1790417473,2827230,30,,single
1790417474,2842040,807,,single
1790417475,2850190,10,,single
1790417477,2865490,6,,single
1790417478,2878420,562,,single
1790417480,2881650,516,,single
1790417481,2890830,89,,single
1790417483,2909400,3564,,single
1790417484,2923390,11,,single
1790417485,2928520,59,,single
1790417487,2933130,306,,single
1790417488,2961530,11,,single
1790417489,2963880,7,,single
1790417491,2971610,10,,single
1790417492,2993780,331,,single
1790417493,3017860,762,,single
1790417495,3020510,6347,,single
1790417496,3028310,85,,single
1790417498,3035570,750,,single
1790417499,3059010,26,,single
1790417500,3097560,341,,single
1790417502,3107800,3,,single
1790417503,3117820,1522,,single
1790417505,3126330,14,,single
1790417506,3132990,37,,single
1790417507,3150440,25,,single
1790417509,3167550,622,,single
1790417511,3170540,23,,single
1790417512,3178350,157,,single
1790417513,3204250,23,,single
1790417515,3226530,430,,single
1790417516,3228590,331,,single
1790417518,3261010,19,,single
1790417519,3292260,2,,single
1790417520,3399950,37,,single
1790417522,3416070,310,,single
1790417524,3463050,1,,single
1790417525,1326470,6235,,single
1790417527,1546990,523,,single
1790417528,292030,13073,,single
1790417529,360,17,,single
1790417531,1930,17,,single
1790417532,2290,0,,single
1790417534,2450,3,,single
1790417535,2590,1,,single
1790417536,2870,11,,single
1790417538,3483,8,,single
1790417539,3730,6,,single
1790417541,4720,5,,single
1790417542,4920,24,,single
1790417543,6080,2,,single
1790417545,6300,3,,single
1790417546,6420,6,,single
1790417548,6830,37,,single
1790417549,6880,5,,single
1790417551,7110,6,,single
1790417552,7520,22,,single
1790417553,7650,18,,single
1790417555,8600,11,,single
1790417556,9460,2,,single
1790417558,9940,1,,single
1790417559,11190,4,,single
1790417561,12130,38,,single
1790417562,12160,1,,single
1790417563,13140,1,,single
1790417565,13540,12,,single
1790417566,13580,8,,single
1790417568,15170,277,,single
1790417569,15270,1,,single
1790417570,15500,0,,single
1790417572,15740,4,,single
1790417574,16720,2,,single
1790417575,17430,7,,single
1790417576,18040,1,,single
1790417578,19000,6,,single
1790417579,19830,17,,single
1790417580,19980,16,,single
1790417582,20550,2,,single
1790417583,20920,558,,single
1790417584,21120,1,,single
1790417586,21680,0,,single
1790417587,21800,15,,single
1790417589,22120,2,,single
1790417590,22300,30,,single
1790417591,22350,6,,single
1790417593,22450,2,,single
1790417594,22650,1,,single
1790417596,23530,6,,single
1790417597,24800,413,,single
1790417598,24870,7,,single
1790417600,42890,20,,single
1790417602,26500,0,,single
1790417603,28000,8,,single
1790417605,29900,6,,single
1790417606,32340,0,,single
1790417607,32420,2,,single
1790417609,33460,9,,single
1790417610,34270,22,,single
1790417612,37400,0,,single
1790417613,38420,22,,single
1790417614,39120,133,,single
1790417616,39190,41,,single
1790417617,39690,9,,single
1790417618,40990,58,,single
1790417620,41900,4,,single
1790417621,42910,9,,single
1790417623,43000,1,,single
1790417624,45400,0,,single
1790417626,45770,24,,single
1790417627,47400,13,,single
1790417628,47700,25,,single
1790417630,47890,938,,single
1790417631,48220,141,,single
1790417632,48800,6,,single
1790417634,49540,24,,single
1790417635,55040,2,,single
1790417637,57300,43,,single
1790417638,57680,0,,single
1790417639,57900,38,,single
1790417641,62100,3,,single
1790417642,63660,9,,single
1790417644,63940,5,,single
1790417645,65780,5,,single
1790417646,65980,276,,single
1790417648,70420,0,,single
1790417649,71260,0,,single
1790417651,80340,2,,single
1790417652,92000,1,,single
1790417653,92300,1,,single
1790417655,95400,12,,single
1790417656,97100,0,,single
1790417657,99700,0,,single
1790417659,102840,7,,single
1790417660,105800,1,,single
1790417661,110800,241,,single
1790417663,111900,0,,single
1790417664,113420,2,,single
1790417666,200170,47,,single
1790417667,201210,18,,single
1790417669,201420,3,,single
1790417670,201570,0,,single
1790417671,202750,28,,single
1790417673,203210,0,,single
1790417674,203650,3,,single
1790417676,204060,0,,single
1790417677,204180,2,,single
1790417678,205230,1,,single
1790417680,205730,1,,single
1790417681,205990,11,,single
1790417682,208520,11,,single
1790417684,208730,2,,single
1790417685,209060,0,,single
1790417687,209120,0,,single
1790417688,209670,3,,single
1790417689,209950,9,,single
1790417691,210970,169,,single
1790417692,211400,1,,single
1790417693,211780,8,,single
1790417695,212160,110,,single
1790417696,212390,0,,single
1790417698,213670,651,,single
1790417699,214360,2,,single
1790417700,214870,5,,single
1790417702,215100,42,,single
1790417703,215510,1,,single
1790417705,215690,3,,single
1790417706,215830,0,,single
1790417707,216150,5945,,single
1790417709,216910,1,,single
1790417710,217140,3,,single
1790417712,217750,38,,single
1790417713,217920,1,,single
1790417714,218230,402,,single
1790417716,218640,18,,single
1790417717,218820,2,,single
1790417719,219950,0,,single
1790417720,220660,6,,single
1790417722,220820,1,,single
1790417723,221100,30995,,single
1790417725,221810,3,,single
1790417727,222640,1,,single
1790417728,222980,1,,single
1790417730,223410,4,,single
1790417731,224500,7,,single
1790417732,403120,5,,single
1790417734,224980,6,,single
1790417735,225160,4,,single
1790417737,225320,1,,single
1790417738,225540,628,,single
1790417739,225640,35,,single
1790417741,226560,1,,single
1790417742,226700,8,,single
1790417743,227180,3,,single
1790417745,227860,38,,single
1790417746,228300,16,,single
1790417748,230700,20,,single
1790417749,231040,0,,single
1790417750,231140,8,,single
1790417752,231740,3,,single
1790417753,232090,4881,,single
1790417754,232890,260,,single
1790417756,233290,10,,single
1790417757,233550,0,,single
1790417759,233840,5,,single
1790417760,234190,3,,single
1790417761,234900,0,,single
1790417763,235360,5,,single
1790417764,235600,134,,single
1790417765,236370,0,,single
1790417767,236730,0,,single
1790417769,236930,3,,single
1790417770,237870,6,,single
1790417771,238240,0,,single
1790417773,238280,2,,single
1790417774,238370,12,,single
1790417776,238910,0,,single
1790417777,239070,6,,single
1790417778,239200,10,,single
1790417780,240320,3,,single
1790417781,240720,174,,single
1790417783,241320,1,,single
1790417784,241720,0,,single
1790417786,242720,0,,single
1790417787,242980,0,,single
1790417789,243120,2,,single
1790417790,243200,6,,single
1790417791,243930,2,,single
1790417793,244590,0,,single
1790417794,244910,0,,single
1790417796,245280,9,,single
1790417797,245370,0,,single
1790417799,246070,2,,single
1790417800,246110,3,,single
1790417802,247660,7,,single
1790417803,248650,1,,single
1790417804,249230,49,,single
1790417806,249630,3,,single
1790417807,249990,0,,single
1790417808,250400,25,,single
1790417810,250460,6,,single
1790417811,250620,7,,single
1790417813,250700,0,,single
1790417814,251370,1,,single
1790417815,251630,0,,single
1790417817,251870,0,,single
1790417818,252330,2,,single
1790417820,252370,3,,single
1790417821,252490,97358,,single
1790417822,253150,2,,single
1790417824,253250,63,,single
1790417825,253650,0,,single
1790417827,253940,7,,single
1790417828,254440,2,,single
1790417830,255220,11,,single
1790417831,255300,7,,single
1790417833,255420,3,,single
1790417834,256190,5,,single
1790417836,257050,1,,single
1790417838,257420,111,,single
1790417839,257710,1,,single
1790417840,258010,0,,single
1790417842,258970,21,,single
1790417843,260160,12,,single
1790417845,260410,0,,single
1790417846,261110,7,,single
1790417847,261700,0,,single
1790417849,262000,4,,single
1790417850,262260,1,,single
1790417852,262470,0,,single
1790417853,262960,1,,single
1790417855,263200,0,,single
1790417856,263560,1,,single
1790417858,263980,0,,single
1790417859,264730,0,,single
1790417861,265330,2,,single
1790417862,265590,0,,single
1790417864,265990,10,,single
1790417865,266130,0,,single
1790417867,267600,1,,single
1790417868,268750,11,,single
1790417870,269110,2,,single
1790417871,269210,2886,,single
1790417872,269310,2,,single
1790417874,269650,3,,single
1790417875,269730,0,,single
1790417877,270170,2,,single
1790417878,270630,11,,single
1790417880,270910,5,,single
1790417881,271260,8,,single
1790417882,271670,0,,single
1790417884,271820,0,,single
1790417885,272230,0,,single
1790417887,273350,7,,single
1790417888,274250,0,,single
1790417890,274310,0,,single
1790417891,274560,1,,single
1790417892,275180,0,,single
1790417894,275670,1,,single
1790417895,277450,21,,single
1790417897,278100,0,,single
1790417898,278970,8,,single
1790417899,280680,1220,,single
1790417901,280790,21,,single
1790417903,281610,35,,single
1790417904,282050,3,,single
1790417905,282210,12,,single
1790417907,282590,1,,single
1790417908,282900,32,,single
1790417910,283640,68,,single
1790417911,283940,13,,single
1790417913,284750,2,,single
1790417914,284950,1,,single
1790417916,285820,0,,single
1790417917,286240,2,,single
1790417919,287020,5,,single
1790417920,287390,654,,single
1790417922,287920,2,,single
1790417923,288140,9,,single
1790417925,289090,0,,single
1790417926,290080,176,,single
1790417928,290510,1,,single
1790417929,291010,0,,single
1790417930,291550,6937,,single
1790417932,292120,322,,single
1790417933,292410,14,,single
1790417935,293220,0,,single
1790417936,293540,0,,single
1790417938,294160,0,,single
1790417939,294660,13,,single
1790417940,295790,3,,single
1790417942,296470,4,,single
1790417943,296830,3,,single
1790417945,297020,0,,single
1790417946,297130,38,,single
1790417948,298050,235,,single
1790417949,298260,0,,single
1790417950,298630,58,,single
1790417952,299720,0,,single
1790417953,299950,1,,single
1790417954,300820,9,,single
1790417956,301120,89,,single
1790417957,301520,3,,single
1790417959,302080,3,,single
1790417960,302590,1,,single
1790417962,302830,0,,single
1790417963,303430,0,,single
1790417964,303800,4,,single
1790417966,304530,7,,single
1790417967,305050,0,,single
1790417969,305380,3,,single
1790417970,306410,0,,single
1790417971,307290,0,,single
1790417973,308040,3,,single
1790417974,310470,7,,single
1790417976,310950,100,,single
1790417977,311190,1,,single
1790417978,311290,13,,single
1790417980,311770,55,,single
1790417981,312200,4,,single
1790417983,312540,5,,single
1790417984,312610,12,,single
1790417985,312780,24,,single
1790417987,313010,13,,single
1790417988,313630,1,,single
1790417990,313740,0,,single
1790417991,314000,50,,single
1790417992,314070,2,,single
1790417994,314450,1,,single
1790417995,314710,3,,single
1790417997,314970,13,,single
1790417998,315430,0,,single
1790417999,317040,1,,single
1790418001,317410,2,,single
1790418002,317620,8,,single
1790418004,318220,0,,single
1790418005,318530,0,,single
1790418007,319140,0,,single
1790418008,663090,1832,,single
1790418009,320340,2,,single
1790418011,321290,0,,single
1790418013,321960,186,,single
1790418015,322520,18,,single
1790418016,324260,0,,single
1790418018,324570,3,,single
1790418019,324810,73,,single
1790418021,325420,0,,single
1790418022,326480,3,,single
1790418023,327070,352,,single
1790418025,327510,0,,single
1790418026,327740,1,,single
1790418028,329130,17,,single
1790418029,329440,10,,single
1790418031,329830,0,,single
1790418032,330070,12,,single
1790418033,330820,0,,single
1790418035,331440,0,,single
1790418036,331690,2,,single
1790418038,1116960,15,,single
1790418039,333950,13,,single
1790418041,334040,0,,single
1790418042,334210,1,,single
1790418043,335070,30,,single
1790418045,335430,0,,single
1790418046,336150,42,,single
1790418048,338180,0,,single
1790418049,338540,0,,single
1790418050,339230,13,,single
1790418052,339580,0,,single
1790418053,339800,71,,single
1790418055,340050,5,,single
1790418056,340170,20,,single
1790418057,340730,1,,single
1790418059,341720,0,,single
1790418060,342200,200,,single
1790418062,342940,259,,single
1790418063,343360,1,,single
1790418064,344240,1,,single
1790418066,344760,11,,single
1790418067,345090,7,,single
1790418069,345260,131,,single
1790418070,345350,54,,single
1790418072,345460,8,,single
1790418073,345650,2,,single
1790418074,345890,5,,single
1790418076,346330,5,,single
1790418077,347160,0,,single
1790418079,347560,0,,single
1790418080,347720,1,,single
1790418082,347830,5,,single
1790418083,348470,8,,single
1790418084,349220,0,,single
1790418086,350070,2,,single
1790418087,350740,0,,single
1790418089,351030,62,,single
1790418090,351100,3,,single
1790418091,351710,12,,single
1790418093,351920,8,,single
1790418094,352700,4,,single
1790418096,353360,1,,single
1790418097,353560,0,,single
1790418098,354290,113,,single
1790418100,354640,0,,single
1790418101,355250,2,,single
1790418103,355840,0,,single
1790418104,356050,0,,single
1790418105,356310,3,,single
1790418107,356670,11,,single
1790418108,357310,21,,single
1790418110,357900,205,,single
1790418111,359050,5,,single
1790418112,359230,1,,single
1790418114,359800,6,,single
1790418115,359870,672,,single
1790418117,360430,936,,single
1790418118,360870,0,,single
1790418119,361300,7,,single
1790418121,362870,28,,single
1790418122,363360,1,,single
1790418124,363600,3,,single
1790418125,363930,4,,single
1790418126,364470,4,,single
1790418128,365670,11674,,single
1790418129,366220,57,,single
1790418131,366250,11,,single
1790418132,366910,3,,single
1790418133,367270,11,,single
1790418135,368340,95,,single
1790418136,368430,0,,single
1790418137,368860,0,,single
1790418139,369070,1,,single
1790418140,369530,2,,single
1790418142,371140,3,,single
1790418143,371200,1,,single
1790418145,371660,737,,single
1790418146,373330,0,,single
1790418148,375200,0,,single
1790418149,375600,0,,single
1790418150,376520,2,,single
1790418152,377160,9259,,single
1790418153,377530,162,,single
1790418155,378360,14,,single
1790418156,378720,20,,single
1790418157,378860,143,,single
1790418159,379980,0,,single
1790418161,381120,3,,single
1790418162,381940,0,,single
1790418164,382140,38,,single
1790418165,382900,6,,single
1790418167,383150,174,,single
1790418168,383270,11,,single
1790418170,384110,22,,single
1790418171,384490,1,,single
1790418172,385330,0,,single
1790418174,385560,1,,single
1790418175,385760,53,,single
1790418177,386590,0,,single
1790418178,387860,0,,single
1790418179,387990,3286,,single
1790418181,388800,2,,single
1790418182,389510,2,,single
1790418183,390290,10,,single
1790418185,390560,2,,single
1790418186,391040,18,,single
1790418188,391460,0,,single
1790418189,392950,19,,single
1790418191,393200,0,,single
1790418192,393520,2,,single
1790418193,394160,5,,single
1790418195,394760,5,,single
1790418196,395520,1,,single
1790418197,396480,4,,single
1790418199,397270,1,,single
1790418200,397900,258,,single
1790418202,400020,1,,single
1790418203,400080,22,,single
1790418205,400160,1,,single
1790418206,400450,0,,single
1790418207,400750,6997,,single
1790418209,401190,0,,single
1790418210,402130,2,,single
1790418211,402310,1,,single
1790418213,402430,3,,single
1790418214,402710,3,,single
1790418216,403180,5,,single
1790418217,404590,5,,single
1790418218,404680,5,,single
1790418220,407330,2,,single
1790418221,408120,0,,single
1790418223,408930,0,,single
1790418224,409100,2,,single
1790418226,409670,2,,single
1790418227,409870,11,,single
1790418229,410710,3,,single
1790418230,411000,3,,single
1790418231,411370,25,,single
1790418233,411970,2,,single
1790418234,412450,0,,single
1790418235,414530,0,,single
1790418237,414870,0,,single
1790418238,415600,80,,single
1790418240,416590,3,,single
1790418241,416690,0,,single
1790418243,417290,6,,single
1790418244,418620,4,,single
1790418246,420110,10,,single
1790418247,420790,35,,single
1790418248,421170,6,,single
1790418250,422510,2,,single
1790418251,422910,18,,single
1790418253,423580,42,,single
1790418254,423950,4,,single
1790418256,426000,22,,single
1790418257,427100,160,,single
1790418258,427290,145,,single
1790418260,427510,14,,single
1790418261,427880,1,,single
1790418263,428690,31,,single
1790418264,429300,1,,single
1790418265,429660,43,,single
1790418267,431940,1,,single
1790418268,432010,0,,single
1790418270,433100,1,,single
1790418271,433280,22,,single
1790418272,433530,9,,single
1790418274,434050,54,,single
1790418275,434420,0,,single
1790418277,434570,26,,single
1790418278,434730,1,,single
1790418279,435300,1,,single
1790418281,436180,1,,single
1790418282,436520,2,,single
1790418284,437220,0,,single
1790418285,437630,0,,single
1790418286,438680,2,,single
1790418288,439340,1,,single
1790418289,440630,1,,single
1790418290,440900,4690,,single
1790418292,441790,0,,single
1790418293,441870,1,,single
1790418294,442080,0,,single
1790418296,442780,0,,single
1790418297,443580,1,,single
1790418299,444250,0,,single
1790418300,444940,105,,single
1790418302,445980,83,,single
1790418303,446150,1,,single
1790418305,448370,2,,single
1790418306,449540,0,,single
1790418307,449960,6,,single
1790418309,451760,1,,single
1790418311,452060,48,,single
1790418312,452510,0,,single
1790418313,453890,0,,single
1790418315,454250,1,,single
1790418317,455980,10,,single
1790418318,458750,417,,single
1790418320,459820,705,,single
1790418322,460430,3,,single
1790418324,460790,117,,single
1790418325,461040,49,,single
1790418326,461640,1,,single
1790418328,461870,1,,single
1790418329,462780,130,,single
1790418331,462960,12,,single
1790418332,463270,2,,single
1790418334,464340,20,,single
1790418335,464880,7,,single
1790418337,465240,47,,single
1790418338,465650,5,,single
1790418340,465780,1,,single
1790418341,466500,2,,single
1790418342,467360,1,,single
1790418344,468700,0,,single
1790418345,469790,1,,single
1790418347,469920,12,,single
1790418348,471010,7,,single
1790418350,471660,1,,single
1790418351,473690,28,,single
1790418353,476530,9,,single
1790418354,477730,12,,single
1790418356,484900,12,,single
1790418357,485380,7,,single
1790418359,485510,564,,single
1790418360,486780,8,,single
1790418362,487120,9,,single
1790418363,487700,2,,single
1790418365,488440,0,,single
1790418366,489360,2,,single
1790418368,490220,8,,single
1790418369,493200,7,,single
1790418370,493490,766,,single
1790418372,493540,12,,single
1790418373,495050,31,,single
1790418375,495910,99,,single
1790418376,496300,62,,single
1790418377,496620,6,,single
1790418379,498330,0,,single
1790418380,500260,0,,single
1790418382,502280,10,,single
1790418383,502800,13,,single
1790418384,503300,1,,single
1790418386,503580,5,,single
1790418387,504050,3,,single
1790418389,504770,0,,single
1790418390,505630,2,,single
1790418392,505730,0,,single
1790418393,506140,60,,single
1790418395,509220,0,,single
1790418396,510420,8,,single
1790418397,510510,0,,single
1790418399,511740,5,,single
1790418401,512490,1,,single
1790418402,513290,2,,single
1790418403,513710,8115,,single
1790418405,514900,3,,single
1790418406,515040,3,,single
1790418408,515960,4,,single
1790418409,518920,8,,single
1790418411,519190,0,,single
1790418412,520440,34,,single
1790418413,520950,5,,single
1790418415,521890,485,,single
1790418416,523000,16,,single
1790418417,523650,2,,single
1790418419,524580,7,,single
1790418420,525680,7,,single
1790418422,526160,8,,single
1790418423,527100,0,,single
1790418425,527450,0,,single
1790418426,528550,2,,single
1790418428,529180,21,,single
1790418429,529590,5,,single
1790418430,529780,1,,single
1790418432,530390,0,,single
1790418433,530890,22,,single
1790418435,532210,145,,single
1790418436,533540,7,,single
1790418437,534380,5513,,single
1790418439,535480,3,,single
1790418440,536270,187,,single
1790418441,536930,1,,single
1790418443,537340,16,,single
1790418444,538030,159,,single
1790418445,540610,0,,single
1790418447,541670,6,,single
1790418448,543460,60,,single
1790418450,544730,673,,single
1790418451,545540,1,,single
1790418452,546050,34,,single
1790418454,546390,0,,single
1790418455,547680,4,,single
1790418456,549260,0,,single
1790418458,550650,457,,single
1790418459,551170,570,,single
1790418461,552590,7,,single
1790418462,552700,25,,single
1790418464,554510,0,,single
1790418465,555210,0,,single
1790418466,555570,153,,single
1790418468,556180,1,,single
1790418469,557400,24,,single
1790418471,559100,18,,single
1790418472,559680,8,,single
1790418473,560170,2,,single
1790418475,562230,1,,single
1790418476,564230,69,,single
1790418478,566190,0,,single
1790418479,566540,26,,single
1790418481,567380,0,,single
1790418482,568570,5,,single
1790418483,570460,0,,single
1790418485,571880,2,,single
1790418486,574090,2,,single
1790418487,574760,2,,single
1790418489,575640,0,,single
1790418490,577480,9,,single
1790418492,578620,8,,single
1790418493,578900,0,,single
1790418495,579840,0,,single
1790418496,581270,0,,single
1790418497,582160,2625,,single
1790418499,582890,1,,single
1790418500,585550,1,,single
1790418502,585840,0,,single
1790418504,586200,42,,single
1790418505,586980,2,,single
1790418506,587110,4,,single
1790418508,587520,26,,single
1790418509,588190,5,,single
1790418511,588430,1482,,single
1790418512,589360,76,,single
1790418514,589530,37,,single
1790418515,591370,15,,single
1790418516,591960,37,,single
1790418518,594130,4,,single
1790418519,595690,8,,single
1790418521,598060,6,,single
1790418522,598700,27,,single
1790418523,600750,171,,single
1790418525,601150,1255,,single
1790418526,601810,1,,single
1790418528,602770,5,,single
1790418529,604490,0,,single
1790418530,604540,41,,single
1790418532,606230,27,,single
1790418533,606710,2,,single
1790418534,606880,73,,single
1790418536,607260,50,,single
1790418537,608800,1,,single
1790418539,609490,4,,single
1790418540,610080,350,,single
1790418541,611670,168,,single
1790418543,612020,74,,single
1790418544,612470,26,,single
1790418546,612720,29,,single
1790418547,613190,0,,single
1790418549,616560,24,,single
1790418551,617290,989,,single
1790418552,618720,1,,single
1790418554,619290,6,,single
1790418555,619780,2,,single
1790418557,620190,1,,single
1790418558,621220,1,,single
1790418560,622440,7,,single
1790418561,622720,7,,single
1790418562,624970,13,,single
1790418564,626680,2,,single
1790418565,628670,5,,single
1790418567,629090,1,,single
1790418568,629690,0,,single
1790418570,629910,14,,single
1790418571,630310,0,,single
1790418572,632350,1,,single
1790418574,633360,27,,single
1790418575,635730,0,,single
1790418577,636970,1,,single
1790418578,637100,13,,single
1790418580,637670,25,,single
1790418581,638490,8,,single
1790418583,638850,0,,single
1790418584,639780,0,,single
1790418586,640150,0,,single
1790418587,640820,634,,single
1790418588,644560,77,,single
1790418590,644830,55,,single
1790418591,645730,13,,single
1790418593,648100,402,,single
1790418594,649950,2,,single
1790418596,650220,1,,single
1790418597,650670,1,,single
1790418599,651670,13,,single
1790418600,654890,94,,single
1790418601,656240,1,,single
1790418603,658260,4,,single
1790418604,658850,229,,single
1790418606,663670,1,,single
1790418607,664830,6,,single
1790418608,665360,8,,single
1790418610,667890,39,,single
1790418611,668630,19,,single
1790418613,670260,2,,single
1790418615,671510,11,,single
1790418616,672630,17,,single
1790418618,673000,1,,single
1790418619,673560,39,,single
1790418620,674400,0,,single
1790418622,677120,38,,single
1790418623,677480,0,,single
1790418624,680420,99,,single
1790418626,682990,85,,single
1790418627,684450,79,,single
1790418628,684680,6,,single
1790418630,686260,0,,single
1790418631,686810,2317,,single
1790418633,687800,107,,single
1790418634,688130,267,,single
1790418635,690510,0,,single
1790418637,690810,0,,single
1790418638,691020,0,,single
1790418640,692840,0,,single
1790418641,694500,19,,single
1790418643,695290,5,,single
1790418644,696170,12,,single
1790418645,696480,0,,single
1790418647,698670,140,,single
1790418648,699330,6,,single
1790418650,700030,11,,single
1790418651,702050,27,,single
1790418653,702890,7,,single
1790418654,704270,239,,single
1790418655,706560,0,,single
1790418657,707010,651,,single
1790418658,709440,1,,single
1790418660,711750,2,,single
1790418661,712190,17,,single
1790418662,715560,3,,single
1790418664,716500,3,,single
1790418665,718590,5,,single
1790418667,718670,253,,single
1790418669,720250,9,,single
1790418670,722180,0,,single
1790418672,722560,4,,single
1790418673,723390,4,,single
1790418674,726390,10,,single
1790418676,727130,7,,single
1790418677,728530,144,,single
1790418679,730310,26,,single
1790418680,732240,2,,single
1790418682,733210,0,,single
1790418683,736220,76,,single
1790418684,737800,86,,single
1790418686,738530,3,,single
1790418687,739650,2,,single
1790418689,741670,0,,single
1790418690,743450,20,,single
1790418692,743900,34,,single
1790418693,744900,817,,single
1790418695,747200,14,,single
1790418696,747350,1,,single
1790418697,750050,0,,single
1790418699,751440,2,,single
1790418700,752900,9,,single
1790418702,753650,0,,single
1790418703,754530,8,,single
1790418705,755540,27,,single
1790418706,756530,6,,single
1790418708,757300,6,,single
1790418709,757910,0,,single
1790418710,760060,50,,single
1790418712,762220,0,,single
1790418713,765410,1,,single
1790418715,765870,6,,single
1790418716,767560,1534,,single
1790418717,768450,1,,single
1790418719,770100,4,,single
1790418720,772430,2,,single
1790418722,773951,19,,single
1790418723,774241,38,,single
1790418724,774361,471,,single
1790418726,774811,1,,single
1790418728,776340,1,,single
1790418729,778700,17,,single
1790418731,779340,4849,,single
1790418732,780210,13,,single
1790418734,782250,3,,single
1790418735,785770,55,,single
1790418737,787810,19,,single
1790418738,788100,124,,single
1790418740,788270,9,,single
1790418741,788770,3,,single
1790418742,790710,94,,single
1790418744,793370,1,,single
1790418745,794540,0,,single
1790418746,794860,10,,single
1790418748,798510,10,,single
1790418749,801800,102,,single
1790418751,803600,65,,single
1790418752,804270,0,,single
1790418754,806140,8,,single
1790418755,808910,5,,single
1790418757,809880,9,,single
1790418758,811870,4,,single
1790418760,813540,5,,single
1790418761,814540,40,,single
1790418762,816020,11,,single
1790418764,817840,5,,single
1790418765,820630,0,,single
1790418767,821890,3,,single
1790418768,823550,22,,single
1790418769,824270,3298,,single
1790418771,825630,98,,single
1790418772,828900,1,,single
1790418774,830820,0,,single
1790418775,833040,0,,single
1790418776,835430,17,,single
1790418778,837380,70,,single
1790418779,838380,15,,single
1790418781,840720,3,,single
1790418782,842100,5,,single
1790418784,843200,3,,single
1790418785,844870,9,,single
1790418787,846800,1,,single
1790418788,849100,9,,single
1790418789,851670,12,,single
1790418791,852090,0,,single
1790418792,855740,13,,single
1790418794,858810,286,,single
1790418795,861650,119,,single
1790418797,863500,8,,single
1790418798,863570,0,,single
1790418800,867290,13,,single
1790418801,868520,11,,single
1790418802,871530,9,,single
1790418804,871980,25,,single
1790418805,873840,19,,single
1790418807,877200,12,,single
1790418808,878320,0,,single
1790418810,879160,12,,single
1790418811,880850,33,,single
1790418812,882140,12,,single
1790418814,885150,6,,single
1790418816,886900,2,,single
1790418817,888790,6,,single
1790418819,889510,10,,single
1790418820,891220,0,,single
1790418821,893180,75,,single
1790418823,895620,60,,single
1790418824,897030,0,,single
1790418826,898650,1,,single
1790418827,899970,13,,single
1790418829,900040,69,,single
1790418830,905640,13,,single
1790418831,907650,55,,single
1790418833,910490,1,,single
1790418834,911400,491,,single
1790418836,914260,0,,single
1790418837,914690,123,,single
1790418839,915460,0,,single
1790418840,916840,12,,single
1790418841,918820,0,,single
1790418843,919640,251,,single
1790418844,921570,1075,,single
1790418846,921800,19,,single
1790418847,923260,2,,single
1790418849,924750,6,,single
1790418850,924980,73,,single
1790418851,927270,0,,single
1790418853,927890,5,,single
1790418854,928960,19,,single
1790418856,931280,33,,single
1790418857,932850,7,,single
1790418858,933820,76,,single
1790418860,934780,17,,single
1790418861,936780,17,,single
1790418863,939330,7,,single
1790418864,939850,30,,single
1790418866,940910,4,,single
1790418867,943260,0,,single
1790418868,944250,4,,single
1790418870,946030,2,,single
1790418871,948740,36,,single
1790418873,952060,1202,,single
1790418874,952250,1,,single
1790418876,954650,0,,single
1790418877,954850,51,,single
1790418879,955900,504,,single
1790418880,957790,1,,single
1790418881,959080,1,,single
1790418883,960910,362,,single
1790418884,963690,1,,single
1790418886,967050,111,,single
1790418887,968790,33,,single
1790418889,968970,29,,single
1790418890,970830,73,,single
1790418891,971030,0,,single
1790418893,976590,107,,single
1790418894,977880,30,,single
1790418896,979060,76,,single
1790418897,979690,59,,single
1790418898,983380,17,,single
1790418900,984110,6,,single
1790418901,984680,15,,single
1790418903,985830,12,,single
1790418904,990050,4,,single
1790418906,991270,52,,single
1790418907,992070,1092,,single
1790418909,992640,0,,single
1790418910,993110,0,,single
1790418911,994280,132,,single
1790418913,996380,1,,single
1790418914,997070,90,,single
1790418916,999220,12,,single
1790418917,1000410,9,,single
1790418918,1003520,2,,single
1790418920,1004270,0,,single
1790418921,1005870,0,,single
1790418925,1011390,12,,single
1790418926,1011670,5,,single
1790418928,2696480,34,,single
1790418929,1015500,4,,single
1790418930,1016120,11,,single
1790418932,1016950,128,,single
1790418933,1017180,364,,single
1790418935,1020470,17,,single
1790418936,1025580,0,,single
1790418937,1026420,3,,single
1790418939,1028570,1,,single
1790418940,1029690,2159,,single
1790418942,1030210,38,,single
1790418943,1030840,704,,single
1790418944,1031460,2,,single
1790418946,1034860,48,,single
1790418947,1035510,27,,single
1790418949,1037020,3,,single
1790418950,1039890,14,,single
1790418952,1041320,1079,,single
1790418953,1041920,0,,single
1790418954,1042490,12,,single
1790418956,1042800,30,,single
1790418957,1044620,48,,single
1790418959,1046790,1,,single
1790418960,1047440,17,,single
1790418962,1049320,5,,single
1790418963,1049800,18,,single
1790418964,1053680,4,,single
1790418966,1056640,625,,single
1790418967,1056960,63,,single
1790418969,1057750,4,,single
1790418970,1062810,30,,single
1790418972,1063490,2,,single
1790418973,1063770,0,,single
1790418974,1065100,3,,single
1790418976,1069030,2,,single
1790418977,1070820,49,,single
1790418979,1071870,255,,single
1790418980,1072500,26,,single
1790418981,1079210,0,,single
1790418983,1080020,55,,single
1790418984,1084160,994,,single
1790418986,1086850,2,,single
1790418987,1087460,3,,single
1790418989,1088150,33,,single
1790418990,1089130,4,,single
1790418991,1090630,4,,single
1790418993,1091980,5,,single
1790418994,1094030,3,,single
1790418996,1096200,1,,single
1790418997,1096570,2,,single
1790418999,1097200,11,,single
1790419000,1097580,18,,single
1790419001,1098770,3,,single
1790419003,1100410,52,,single
1790419004,1101450,5,,single
1790419006,1103210,6,,single
1790419007,1104330,26,,single
1790419009,1105420,478,,single
1790419010,1105510,192,,single
1790419011,1106530,83,,single
1790419013,1107320,15,,single
1790419014,1108000,7,,single
1790419016,1110050,0,,single
1790419017,1110910,68,,single
1790419019,1111370,2,,single
1790419020,1112790,14,,single
1790419021,1113560,281,,single
1790419023,1115690,48,,single
1790419024,1118240,32,,single
1790419026,1119700,8,,single
1790419027,1121420,6,,single
1790419029,1121910,2,,single
1790419030,1124260,5,,single
1790419031,1125510,5,,single
1790419033,1127980,5,,single
1790419034,1128810,1599,,single
1790419035,1129920,0,,single
1790419037,1131240,1,,single
1790419038,1133120,1,,single
1790419040,1133870,547,,single
1790419041,1135240,2,,single
1790419042,1136160,20,,single
1790419044,1136380,26,,single
1790419045,1138640,8,,single
1790419047,1140890,2,,single
1790419048,1141220,12,,single
1790419050,1142100,1,,single
1790419051,1546920,1,,single
1790419053,1145960,37,,single
1790419054,1146510,0,,single
1790419055,1147510,0,,single
1790419057,1150080,5,,single
1790419058,1150530,23,,single
1790419060,1151340,6317,,single
1790419061,1155650,5,,single
1790419062,1158420,3,,single
1790419064,1159660,1,,single
1790419065,1160920,5,,single
1790419067,1162680,1,,single
1790419068,1164390,1,,single
1790419070,1164850,8,,single
1790419071,1168880,4,,single
1790419072,1170950,232,,single
1790419074,1171690,65,,single
1790419075,1173200,7,,single
1790419077,1173780,81,,single
1790419078,1175360,1,,single
1790419080,1175880,2,,single
1790419081,1178780,0,,single
1790419083,1178880,3,,single
1790419084,1180030,0,,single
1790419085,1181400,4,,single
1790419087,1182370,3,,single
1790419088,1184050,42,,single
1790419090,1184370,2720,,single
1790419091,1184790,2,,single
1790419093,1188680,0,,single
1790419094,1189630,66,,single
1790419096,1190150,6,,single
1790419097,1191630,5,,single
1790419099,1194840,0,,single
1790419100,1196090,27,,single
1790419101,1196590,2232,,single
1790419103,1200860,0,,single
1790419104,1203420,2,,single
1790419106,1203930,11,,single
1790419107,1206060,4,,single
1790419108,1208260,4,,single
1790419110,1209040,0,,single
1790419111,1212620,2,,single
1790419113,1213750,0,,single
1790419114,1216060,3,,single
1790419116,1218280,4,,single
1790419117,1218740,37,,single
1790419118,1220150,5,,single
1790419120,1222670,21769,,single
1790419121,1222700,679,,single
1790419123,1224600,3,,single
1790419124,1225570,191,,single
1790419126,1226510,0,,single
1790419127,1227890,579,,single
1790419128,1229460,0,,single
1790419130,1230530,46,,single
1790419131,1233260,12,,single
1790419133,1234520,0,,single
1790419134,1235140,568,,single
1790419135,1236990,0,,single
1790419137,1238000,292,,single
1790419138,1238040,138,,single
1790419139,1238810,5532,,single
1790419141,1238860,793,,single
1790419142,1239520,4,,single
1790419144,1243830,676,,single
1790419145,1245430,3,,single
1790419146,1249130,0,,single
1790419148,1249880,2,,single
1790419149,1250790,53,,single
1790419151,1252600,84,,single
1790419152,1253870,0,,single
1790419153,1254120,239,,single
1790419156,1255560,12,,single
1790419157,1256230,3,,single
1790419158,1258040,0,,single
1790419161,1259790,198,,single
1790419162,1261040,19,,single
1790419164,1263550,62,,single
1790419165,1265780,4,,single
1790419167,1265930,36,,single
1790419168,1266700,21,,single
1790419170,1268590,25,,single
1790419171,1269300,1,,single
1790419172,1269710,1,,single
1790419174,1271700,36,,single
1790419175,1274290,1,,single
1790419177,1275630,0,,single
1790419178,1276760,279,,single
1790419180,1277920,8,,single
1790419181,1278060,196,,single
1790419183,1281270,1,,single
1790419184,1282210,2,,single
1790419185,1282690,6,,single
1790419187,1283230,15,,single
1790419188,1284410,625,,single
1790419189,1286880,525,,single
1790419191,1287840,50,,single
1790419192,1289310,56,,single
1790419194,1290330,5,,single
1790419195,1293160,20,,single
1790419197,1293820,39,,single
1790419198,1295900,11,,single
1790419199,1296510,0,,single
1790419201,1296830,638,,single
1790419202,1299120,4,,single
1790419204,1305080,35,,single
1790419205,1306630,13,,single
1790419206,1310410,13,,single
1790419208,1311070,3,,single
1790419209,1316230,20,,single
1790419211,1318090,2,,single
1790419212,1321450,7,,single
1790419213,1324340,18,,single
1790419215,1325200,1359,,single
1790419216,1325860,11857,,single
1790419217,1328670,2145,,single
1790419219,1330460,24,,single
1790419220,1333200,3,,single
1790419222,1334000,3,,single
1790419225,1334590,3,,single
1790419226,1336180,21,,single
1790419227,1341200,30,,single
1790419229,1344350,2,,single
1790419230,1346070,1,,single
1790419231,1349230,17,,single
1790419233,1353270,3,,single
1790419234,1355090,31,,single
1790419236,1357210,260,,single
1790419237,1358710,4,,single
1790419238,1361680,55,,single
1790419240,1367300,1,,single
1790419241,1368130,8,,single
1790419242,1368870,17,,single
1790419244,1369470,35,,single
1790419245,1371580,602,,single
1790419247,1371690,1,,single
1790419248,1372110,473,,single
1790419249,1373090,17,,single
1790419251,1373550,6,,single
1790419252,1374930,10,,single
1790419254,1375900,2,,single
1790419255,1377580,173,,single
1790419257,1380220,3,,single
1790419258,1381650,0,,single
1790419260,1384700,3,,single
1790419261,1388590,94,,single
1790419262,1389160,1,,single
1790419264,1391530,23,,single
1790419265,1394270,1,,single
1790419266,1397790,1,,single
1790419268,1401730,34,,single
1790419269,1402120,4,,single
1790419271,1403370,0,,single
1790419272,1406990,20,,single
1790419273,1412190,7,,single
1790419275,1413020,1,,single
1790419276,1415660,1,,single
1790419278,1417010,1,,single
1790419279,1419160,17,,single
1790419281,1420300,3,,single
1790419282,1421490,0,,single
1790419283,1424980,0,,single
1790419285,1425980,12,,single
1790419286,1428420,19,,single
1790419288,1428900,2,,single
1790419289,1430760,6,,single
1790419291,1432320,93,,single
1790419292,1433990,17,,single
1790419294,1437400,26,,single
1790419295,1439750,13,,single
1790419297,1443490,2,,single
1790419298,1444650,27,,single
1790419299,1448440,479,,single
1790419301,1451940,372,,single
1790419302,1454970,3,,single
1790419304,1456880,3,,single
1790419305,1457320,32,,single
1790419307,1465070,7,,single
1790419308,1465470,1808,,single
1790419309,1465860,1,,single
1790419311,1468810,4288,,single
1790419312,1472560,83,,single
1790419314,1474740,3,,single
1790419315,1477940,3,,single
1790419316,1479140,13,,single
1790419318,1480560,33,,single
1790419319,1482910,18,,single
1790419321,1484900,4,,single
1790419322,1487210,62,,single
1790419323,1488560,7,,single
1790419325,1490060,3,,single
1790419326,1491410,9,,single
1790419328,1492680,6,,single
1790419329,1493760,15,,single
1790419331,1494460,117,,single
1790419332,1496790,83,,single
1790419333,1498740,7,,single
1790419335,1502660,7,,single
1790419336,1504740,1,,single
1790419338,1506850,2,,single
1790419339,1508460,0,,single
1790419341,1515950,36,,single
1790419342,1517970,15,,single
1790419344,1519490,32,,single
1790419345,1529810,2,,single
1790419347,1530160,58,,single
1790419348,1532690,6,,single
1790419349,1536620,13,,single
1790419351,1538570,16,,single
1790419352,1543030,58,,single
1790419354,1544020,62,,single
1790419355,1548850,19,,single
1790419356,1549750,1,,single
1790419358,1550010,10,,single
1790419359,1551360,7238,,single
1790419361,1553120,0,,single
1790419362,1556100,3,,single
1790419363,1559680,3,,single
1790419365,1563180,49,,single
1790419366,1569200,8,,single
1790419367,1571940,3,,single
1790419369,1574240,32,,single
1790419370,1574270,0,,single
1790419372,1577120,301,,single
1790419373,1579880,3,,single
1790419374,1580780,38,,single
1790419376,1583230,109,,single
1790419377,1587540,10,,single
1790419379,1590840,13,,single
1790419380,1591290,7,,single
1790419381,1591530,25,,single
1790419383,1593030,442,,single
1790419384,1594060,4,,single
1790419386,1599340,5292,,single
1790419387,1602000,451,,single
1790419388,1607240,1,,single
1790419390,1608450,34,,single
1790419391,1609730,5,,single
1790419393,1611490,2,,single
1790419394,1612770,19,,single
1790419395,1618380,17,,single
1790419397,1619570,3,,single
1790419398,1621560,9,,single
1790419400,1622900,25,,single
1790419401,1623070,43,,single
1790419403,1627570,28,,single
1790419404,1632490,1,,single
1790419406,1635450,199,,single
1790419407,1639610,0,,single
1790419408,1641960,129,,single
1790419410,1643320,11415,,single
1790419411,1647160,9,,single
1790419413,1649080,358,,single
1790419414,1658290,16,,single
1790419416,1660840,4,,single
1790419417,1662210,12,,single
1790419418,1665500,1,,single
1790419420,1668520,39,,single
1790419421,1670870,8,,single
1790419423,1672310,1,,single
1790419424,1674780,0,,single
1790419426,1677350,58,,single
1790419427,1679210,1,,single
1790419429,1682050,1,,single
1790419430,1684410,0,,single
1790419432,1687950,9418,,single
1790419433,1691190,69,,single
1790419435,1692240,0,,single
1790419436,1694600,4,,single
1790419437,1695830,1,,single
1790419439,1697880,9,,single
1790419440,1702010,361,,single
1790419441,1703140,1,,single
1790419443,1707550,31,,single
1790419444,1708010,12,,single
1790419446,1708850,130,,single
1790419447,1711950,17,,single
1790419449,1713810,6,,single
1790419450,1714420,0,,single
1790419451,1715130,107,,single
1790419453,1716120,37,,single
1790419454,1721060,65,,single
1790419456,1722620,0,,single
1790419457,1726120,2,,single
1790419458,1729790,4,,single
1790419460,1732190,18,,single
1790419461,1734680,0,,single
1790419463,1740930,10,,single
1790419464,1742930,1,,single
1790419465,1748390,1,,single
1790419467,1755100,3,,single
1790419468,1760250,23,,single
1790419470,1762270,0,,single
1790419471,1765780,2,,single
1790419473,1766060,1349,,single
1790419474,1774580,1294,,single
1790419475,1777620,39,,single
1790419477,1778840,35,,single
1790419478,1782210,1069,,single
1790419480,1785650,182,,single
1790419481,1794960,61,,single
1790419482,1801110,117,,single
1790419484,1805480,111,,single
1790419485,1809700,218,,single
1790419486,1812450,1493,,single
1790419488,1814170,16,,single
1790419489,1823950,22,,single
1790419491,1834920,3,,single
1790419492,1837480,17,,single
1790419494,1840080,34,,single
1790419495,1843310,5,,single
1790419496,1845910,453,,single
1790419498,1849790,10,,single
1790419499,1850550,0,,single
1790419501,1850960,21,,single
1790419502,1856030,12,,single
1790419503,1857090,249,,single
1790419505,1861610,38,,single
1790419506,1867530,3,,single
1790419508,1872680,3,,single
1790419509,1874000,57,,single
1790419510,1878740,1,,single
1790419512,1881700,186,,single
1790419513,1888930,3460,,single
1790419515,1893620,1,,single
1790419516,1895880,148,,single
1790419518,1901200,0,,single
1790419519,1902690,59,,single
1790419520,1911360,0,,single
1790419522,1915380,33,,single
1790419525,1918040,30,,single
1790419526,1922010,3,,single
1790419528,1924430,0,,single
1790419529,1926520,3,,single
1790419531,1928870,9,,single
1790419532,1931010,11,,single
1790419534,1933660,67,,single
1790419535,1937780,29,,single
1790419536,1940340,792,,single
1790419538,1944240,2,,single
1790419539,1947070,2,,single
1790419541,1948800,677,,single
1790419542,1949030,18,,single
1790419544,1954160,9,,single
1790419545,1954750,0,,single
1790419547,1959350,0,,single
1790419548,1960270,28,,single
1790419550,1963210,1,,single
1790419551,1968340,2,,single
1790419553,1975360,0,,single
1790419554,1975580,20,,single
1790419556,1981820,37,,single
1790419557,1983990,2,,single
1790419559,1985810,626,,single
1790419560,1987080,245,,single
1790419562,1990050,3,,single
1790419563,1995520,612,,single
1790419564,1997660,21,,single
1790419566,2000890,50,,single
1790419568,2004080,15,,single
1790419569,2005160,10,,single
1790419570,2008980,4,,single
1790419572,2012190,9,,single
1790419573,2013360,21,,single
1790419575,2020710,13,,single
1790419576,2022180,4,,single
1790419577,2023360,4,,single
1790419579,2026870,0,,single
1790419580,2052410,260,,single
1790419582,2055290,8,,single
1790419583,2059530,8,,single
1790419584,2071500,38,,single
1790419586,2075720,30,,single
1790419587,2078230,29,,single
1790419589,2085370,30,,single
1790419590,2089350,7,,single
1790419591,2095340,6,,single
1790419593,2102520,3,,single
1790419594,2106670,38,,single
1790419596,2109460,43,,single
1790419597,2113570,0,,single
1790419598,2121980,28,,single
1790419600,2124490,921,,single
1790419601,2131680,19,,single
1790419603,2138610,56,,single
1790419604,2140020,222,,single
1790419605,2142680,3,,single
1790419607,2157560,346,,single
1790419608,2160480,3,,single
1790419610,2176130,66,,single
1790419611,2179380,39,,single
1790419612,2187220,414,,single
1790419614,2193540,38,,single
1790419615,2198070,15,,single
1790419617,2201940,298,,single
1790419618,2204130,50,,single
1790419620,2213120,1,,single
1790419621,2215260,8,,single
1790419623,2217580,13,,single
1790419624,2223840,5,,single
1790419626,2230110,32,,single
1790419627,2235020,9,,single
1790419629,2240790,5,,single
1790419630,2249160,0,,single
1790419632,2254890,240,,single
1790419633,2259260,7,,single
1790419635,2262770,8,,single
1790419636,2275020,6,,single
1790419638,2280350,14,,single
1790419639,2286390,5,,single
1790419641,2287330,6,,single
1790419642,2289450,733,,single
1790419644,2292650,6,,single
1790419645,2302990,94,,single
1790419646,2311190,4,,single
1790419648,2315400,12,,single
1790419649,2315690,48,,single
1790419650,2319640,6,,single
1790419652,2334170,13,,single
1790419653,2336720,0,,single
1790419655,2340520,55,,single
1790419656,2344520,36339,,single
1790419657,2348120,10,,single
1790419659,2355150,5,,single
1790419660,2367820,0,,single
1790419662,2371630,91,,single
1790419663,2382520,27,,single
1790419664,2384620,64,,single
1790419666,2389570,0,,single
1790419667,2393160,23,,single
1790419669,2396980,147,,single
1790419670,2400430,28,,single
1790419672,2401410,31,,single
1790419673,2405060,37,,single
1790419674,2407270,534,,single
1790419676,2414270,70,,single
1790419677,2427410,192,,single
1790419679,2427430,149,,single
1790419680,2429860,161,,single
1790419682,2435960,0,,single
1790419683,2438680,30,,single
1790419685,2440510,307,,single
1790419686,2445690,3612,,single
1790419687,2446550,12,,single
1790419689,2449040,1,,single
1790419690,2454890,0,,single
1790419692,2457220,235,,single
1790419694,2458560,5,,single
1790419695,2464530,33,,single
1790419696,2473480,24,,single
1790419698,2478970,180,,single
1790419699,2488510,5,,single
1790419701,2490990,55,,single
1790419702,2495450,291,,single
1790419703,2498570,33,,single
1790419705,2510960,40,,single
1790419706,2518630,6,,single
1790419708,2521600,6,,single
1790419709,2529170,11,,single
1790419711,2530490,65,,single
1790419712,2537590,6117,,single
1790419714,2545360,3,,single
1790419715,2561270,1,,single
1790419716,2731870,1,,single
1790419718,2599270,4,,single
1790419719,2607060,65,,single
1790419721,2616460,47,,single
1790419722,2619650,79,,single
1790419724,2622380,16686,,single
1790419725,2625420,401,,single
1790419727,2631250,3,,single
1790419728,2647680,77,,single
1790419730,2663530,15,,single
1790419731,2668430,46,,single
1790419733,2669380,54,,single
1790419734,2680010,719,,single
1790419736,2682580,5,,single
1790419737,2689120,199,,single
1790419738,2693060,3,,single
1790419740,2695940,88,,single
1790419741,2700780,3,,single
1790419743,2707490,43,,single
1790419744,2719940,49,,single
1790419746,2726490,38,,single
1790419747,2735870,1,,single
1790419749,2745870,11,,single
1790419750,2747770,2,,single
1790419752,2750000,41,,single
1790419753,2757330,9,,single
1790419755,2767520,208,,single
1790419756,2772990,27,,single
1790419758,2786680,28,,single
1790419759,2790330,3,,single
1790419761,2796180,4,,single
1790419762,2820820,142,,single
1790419763,2823080,4,,single
1790419765,2828500,152,,single
1790419766,2840770,1199,,single
1790419768,2849680,14,,single
1790419769,2854740,24,,single
1790419771,2870710,12,,single
1790419772,2880730,230,,single
1790419773,2897700,66,,single
1790419775,2904000,1844,,single
1790419776,2918150,1417,,single
1790419778,2920570,16,,single
1790419779,2922410,40,,single
1790419781,2934190,6,,single
1790419782,2943280,36,,single
1790419784,2952470,6,,single
1790419785,2958970,5,,single
1790419787,2967320,5,,single
1790419788,2996040,77,,single
1790419790,3009850,7,,single
1790419791,3011440,1,,single
1790419792,3021100,42,,single
1790419794,3036080,149,,single
1790419795,3059070,60,,single
1790419797,3062930,0,,single
1790419798,3083300,67,,single
1790419800,3111080,2,,single
1790419801,3123410,179,,single
1790419803,3147430,7,,single
1790419805,3151380,79,,single
1790419806,3179730,67,,single
1790419807,3184110,16,,single
1790419809,3205080,2,,single
1790419810,3213850,2325,,single
1790419813,3226750,1,,single
1790419814,3240220,57553,,single
1790419816,3258290,49,,single
1790419817,3311740,5,,single
1790419819,3314070,842,,single
1790419820,3339780,4,,single
1790419822,3400000,44,,single
1790419825,3404470,210,,single
1790419827,3435260,11,,single
1790419828,3453600,39,,single
1790419830,3511030,2926,,single
1790419831,3580580,19,,single
1790419832,1859910,646,,single
1790419834,1241100,106,,single
1790419835,583950,10015,,single
1790419837,1504570,3,,single
1790419838,9200,50,,single
1790419840,2901520,22,,single
1790419841,1162520,338,,single
1790419842,882790,30,,single
1790419844,1249800,7,,single
1790419845,2361680,84,,single
1790419847,2458530,187,,single
1790419848,298240,4,,single
1790419849,1239020,28,,single
1790419851,2190290,152,,single
1790419852,615530,15,,single
1790419854,1506980,25,,single
1790419855,2201710,30,,single
1790419857,2128940,63,,single
1790419858,1008710,1,,single
1790419860,1829980,130,,single
1790419861,287630,12,,single
1790419862,1393350,3,,single
1790419864,1737340,20,,single
1790419865,724970,11,,single
1790419867,703700,2,,single
1790419868,378370,2,,single
1790419870,104200,2,,single
1790419871,2696050,65,,single
1790419873,1051310,16,,single
1790419874,862690,3,,single
1790419875,2106520,34,,single
1790419877,1002560,10,,single
1790419878,3358510,164,,single
1790419880,1146970,5,,single
1790419881,1213300,35,,single
1790419883,308420,0,,single
1790419884,1230410,1,,single
1790419886,577230,68,,single
1790419887,3094010,100,,single
1790419888,244710,2,,single
1790419890,880950,2,,single
1790419891,3433810,3,,single
1790419893,1069230,4,,single
1790419894,616720,370,,single
1790419895,3167180,15,,single
1790419897,1672670,0,,single
1790419898,976800,0,,single
1790419900,722960,5,,single
1790419901,3109580,119,,single
1790419902,743640,3,,single
1790419904,919370,4,,single
1790419905,851800,2,,single
1790419907,2190220,84,,single
1790419908,1566390,23,,single
1790419910,1191210,0,,single
1790419911,1310990,9,,single
1790419912,1993150,72,,single
1790419914,570770,22,,single
1790419915,907470,1,,single
1790419917,1016600,4,,single
1790419918,1939560,6,,single
1790419919,1786790,133,,single
1790419921,1540150,10,,single
1790419922,600090,7,,single
1790419924,650760,73,,single
1790419925,3099660,8,,single
1790419926,1256610,4,,single
1790419928,1429500,15,,single
1790419929,1078350,67,,single
1790419930,278890,2,,single
1790419932,2074800,367,,single
1790419933,1817940,4,,single
1790419935,552280,3,,single
1790419936,779640,4,,single
1790419938,241910,21,,single
1790419939,1325400,29,,single
1790419940,939600,0,,single
1790419942,588690,3,,single
1790419943,1662840,4,,single
1790419945,1918680,10,,single
1790419946,400240,0,,single
1790419947,2930120,1,,single
1790419949,2399220,74,,single
1790419950,280180,1,,single
1790419952,740260,1,,single
1790419953,1517960,3,,single
1790419955,1510030,4,,single
1790419956,1801650,6,,single
1790419958,1782570,1,,single
1790419959,1562260,0,,single
1790419960,1025250,24,,single
1790419962,2285550,1668,,single
1790419963,1193340,2,,single
1790419965,791330,9,,single
1790419966,2663950,39,,single
1790419967,1277940,17,,single
1790419969,1012030,28,,single
1790419970,2695270,3,,single
1790419972,665090,0,,single
1790419973,1604380,28,,single
1790419975,1109460,2,,single
1790419976,2986260,12,,single
1790419978,2141690,3,,single
1790419979,485310,4,,single
1790419981,500710,18,,single
1790419982,2873760,1,,single
1790419984,638990,11,,single
1790419985,2226700,38,,single
1790419987,715510,3,,single
1790419988,593200,1,,single
1790419990,599460,13,,single
1790419991,10270,41,,single
1790419993,2581050,15,,single
1790419994,551770,2,,single
1790419996,3066570,18,,single
1790419997,588970,0,,single
1790419998,1449070,16,,single
1790420000,1097420,12,,single
1790420001,1011940,6,,single
1790420003,381640,3,,single
1790420004,2726890,5,,single
1790420006,577670,3,,single
1790420008,2780710,64,,single
1790420009,3328720,2,,single
1790420011,2781370,2,,single
1790420012,810670,2,,single
1790420014,314810,9,,single
1790420015,976390,17,,single
1790420017,2093010,3,,single
1790420018,495990,1,,single
1790420019,1726130,52,,single
1790420021,742250,0,,single
1790420023,1193090,5,,single
1790420024,2654540,58,,single
1790420025,656200,3,,single
1790420027,885570,48,,single
1790420028,2084940,42,,single
1790420030,1985930,0,,single
1790420031,802870,3,,single
1790420033,741260,2,,single
1790420034,2957700,16,,single
1790420036,2989950,8,,single
1790420037,1125480,0,,single
1790420039,2642890,1,,single
1790420040,2059810,212,,single
1790420041,926340,1,,single
1790420043,662830,9,,single
1790420044,1951220,0,,single
1790420046,2165610,0,,single
1790420047,970560,20,,single
1790420049,702120,53,,single
1790420050,3132860,225,,single
1790420051,1159420,7,,single
1790420053,1476520,0,,single
1790420054,2340500,8,,single
1790420056,2628570,1,,single
1790420057,3418690,0,,single
1790420059,2118420,0,,single
1790420060,1783780,11,,single
1790420061,1151440,17,,single
1790420063,1048350,2,,single
1790420064,835650,5,,single
1790420066,1527890,3,,single
1790420067,1100930,1,,single
1790420069,1594880,6,,single
1790420070,2224850,2,,single
1790420071,2750080,154,,single
1790420073,2137760,6,,single
1790420074,275530,11,,single
1790420076,1179580,3,,single
1790420077,2882870,4,,single
1790420079,2788310,10,,single
1790420080,1996430,18,,single
1790420082,1162070,6,,single
1790420083,1508680,1,,single
1790420085,3126150,27,,single
1790420086,2232600,1,,single
1790420088,292380,1,,single
1790420089,223870,7,,single
1790420091,1057180,3,,single
1790420092,2532430,0,,single
1790420093,550840,0,,single
1790420095,1092040,1,,single
1790420096,1157740,4,,single
1790420098,1724770,2,,single
1790420099,1405470,9,,single
1790420101,892420,34,,single
1790420102,1300,6,,single
1790420104,3395140,10,,single
1790420105,467520,4,,single
1790420107,1464930,0,,single
1790420108,671800,6,,single
1790420110,717640,2,,single
1790420111,233190,1,,single
1790420113,418670,3,,single
1790420114,360150,0,,single
1790420116,355150,0,,single
1790420117,1638300,17,,single
1790420119,370770,0,,single
1790420120,2510130,4,,single
1790420121,1151450,16,,single
1790420123,65600,8,,single
1790420125,550080,4,,single
1790420127,39550,35,,single
1790420128,1029630,7,,single
1790420130,1205240,0,,single
1790420131,2774830,0,,single
1790420133,2389040,45,,single
1790420134,783170,1,,single
1790420135,921780,0,,single
1790420137,1037130,2,,single
1790420138,1589570,2,,single
1790420140,33130,3,,single
1790420141,858940,4,,single
1790420143,629220,0,,single
1790420144,3192360,0,,single
1790420146,3364770,0,,single
1790420147,1490610,0,,single
1790420148,2300230,2,,single
1790420150,907270,1,,single
1790420151,3138780,9,,single
1790420153,1074070,8,,single
1790420154,769970,2,,single
1790420156,319830,4,,single
1790420157,938220,0,,single
1790420158,1529710,1,,single
1790420160,1433420,2,,single
1790420161,1424660,10,,single
1790420163,2360210,9,,single
1790420164,275470,0,,single
1790420165,207930,0,,single
1790420167,934580,0,,single
1790420168,2997980,32,,single
1790420169,1689080,1,,single
1790420171,359600,4,,single
1790420172,2186700,0,,single
1790420174,986680,4,,single
1790420176,1058380,5,,single
1790420177,440760,0,,single
1790420179,2972990,9,,single
1790420180,776960,2,,single
1790420181,645260,136,,single
1790420183,607880,4,,single
1790420184,364690,3,,single
1790420186,1115780,0,,single
1790420187,301750,0,,single
1790420189,453270,1,,single
1790420190,2485180,1,,single
1790420192,1056570,9,,single
1790420193,1989070,20,,single
1790420194,3215170,1,,single
1790420196,2587450,6,,single
1790420197,2976870,19,,single
1790420199,1253710,3,,single
1790420200,3270,3,,single
1790420202,1004490,6,,single
1790420203,418950,2,,single
1790420205,578540,0,,single
1790420206,289300,9,,single
1790420208,1426490,12,,single
1790420209,2976400,3,,single
1790420211,445230,0,,single
1790420212,3268080,1,,single
1790420214,2178590,45,,single
1790420215,562410,0,,single
1790420217,2904890,4,,single
1790420218,764570,10,,single
1790420220,342300,0,,single
1790420221,1222800,128,,single
1790420222,2907190,0,,single
1790420224,267920,0,,single
1790420225,2782610,27,,single
1790420227,357780,1,,single
1790420228,3334660,3,,single
1790420229,2603020,23,,single
1790420231,588160,3,,single
1790420232,1239300,3,,single
1790420234,2754690,3,,single
1790420235,2714970,0,,single
1790420237,510660,31,,single
1790420238,975680,3,,single
1790420240,384570,4,,single
1790420241,410210,0,,single
1790420243,809060,2,,single
1790420244,1084570,1,,single
1790420246,2169950,3,,single
1790420247,1684100,5,,single
1790420249,1755350,1,,single
1790420250,2658920,5,,single
1790420251,966430,0,,single
1790420253,1162650,26,,single
1790420254,923470,0,,single
1790420256,1238280,4,,single
1790420257,2730540,20,,single
1790420259,3334550,1,,single
1790420260,1016730,0,,single
1790420262,603320,1,,single
1790420263,880510,0,,single
1790420265,836480,0,,single
1790420266,885140,0,,single
1790420268,887720,0,,single
1790420269,1910790,4,,single
1790420271,329380,3,,single
1790420272,2258770,21,,single
1790420273,587420,1,,single
1790420275,714080,2,,single
1790420276,2620240,0,,single
1790420278,895110,0,,single
1790420279,1098940,2,,single
1790420281,482300,0,,single
1790420282,1149440,7,,single
1790420284,897820,0,,single
1790420285,713650,2,,single
1790420287,352890,0,,single
1790420288,1524630,6,,single
1790420289,970510,7,,single
1790420291,2398170,3,,single
1790420292,1441840,3,,single
1790420294,673260,35,,single
1790420295,1416240,0,,single
1790420297,466110,1,,single
1790420298,522570,1,,single
1790420300,960420,15,,single
1790420301,2450450,2,,single
1790420302,1731520,0,,single
1790420304,1851280,5,,single
1790420305,1800790,0,,single
1790420307,482450,4,,single
1790420308,2739830,12,,single
1790420309,3173890,0,,single
1790420311,2057550,4,,single
1790420313,1096720,0,,single
1790420314,2566340,15,,single
1790420316,229580,2,,single
1790420317,1937750,8,,single
1790420318,2331130,6,,single
1790420320,489610,0,,single
1790420321,2539350,6,,single
1790420324,1092400,2,,single
1790420325,1003480,11,,single
1790420327,3171460,9,,single
1790420328,1768470,0,,single
1790420330,2286780,41,,single
1790420331,1307090,2,,single
1790420333,2185770,1,,single
1790420334,205840,2,,single
1790420336,694770,3,,single
1790420337,495110,4,,single
1790420338,1964040,11,,single
1790420340,2331070,2,,single
1790420341,3036010,8,,single
1790420343,391070,0,,single
1790420344,1452250,4,,single
1790420346,3090080,8,,single
1790420347,658550,1,,single
1790420349,2296550,29,,single
1790420350,1799220,2,,single
1790420351,655100,1,,single
1790420353,457730,3,,single
1790420354,447890,0,,single
1790420356,1393410,1,,single
1790420357,787450,1,,single
1790420358,1232420,154,,single
1790420360,369420,1,,single
1790420361,1648590,0,,single
1790420363,2214880,3,,single
1790420364,357290,0,,single
1790420366,620210,1,,single
1790420367,1142390,3,,single
1790420368,2455370,2,,single
1790420370,418270,0,,single
1790420371,1278390,9,,single
1790420372,1948700,0,,single
1790420374,759940,1,,single
1790420376,629650,13,,single
1790420377,2618840,0,,single
1790420378,508290,2,,single
1790420380,1167950,11,,single
1790420381,2461050,1,,single
1790420383,394870,0,,single
1790420384,1132190,1,,single
1790420386,1178400,56,,single
1790420387,1305300,5,,single
1790420389,1823600,12,,single
1790420390,252010,0,,single
1790420392,2852980,23,,single
1790420393,2262080,11,,single
1790420395,2521630,13,,single
1790420396,9800,3,,single
1790420398,448070,0,,single
1790420399,1370140,7,,single
1790420400,1916310,4,,single
1790420402,1986010,14,,single
1790420403,1679320,2,,single
1790420405,1258780,13,,single
1790420406,2766860,5,,single
1790420408,90200,10,,single
1790420409,3408110,5,,single
1790420410,2159730,3,,single
1790420412,1299360,1,,single
1790420414,33570,44,,single
1790420415,839200,64,,single
1790420417,1475400,0,,single
1790420418,724740,0,,single
1790420420,2717260,1,,single
1790420421,2294450,18,,single
1790420423,1301620,0,,single
1790420426,365810,1,,single
1790420428,1334700,1,,single
1790420429,1290170,0,,single
1790420430,2608040,0,,single
1790420432,871420,2,,single
1790420433,2233790,11,,single
1790420435,1781260,5,,single
1790420436,301200,2,,single
1790420437,289620,2,,single
1790420439,3384350,0,,single
1790420440,1501690,7,,single
1790420442,1094820,0,,single
1790420443,979710,101,,single
1790420445,352950,0,,single
1790420446,33520,19,,single
1790420447,3376760,1,,single
1790420449,2910460,1,,single
1790420450,398030,0,,single
1790420451,2091500,13,,single
1790420453,447850,2,,single
1790420454,1494470,4,,single
1790420456,2494780,4,,single
1790420457,289780,14,,single
1790420459,526790,11,,single
1790420460,3328480,19,,single
1790420462,2616140,14,,single
1790420463,887060,3,,single
1790420465,1687000,11,,single
1790420466,3060170,19,,single
1790420468,1637370,3,,single
1790420469,2019760,17,,single
1790420470,1139280,27,,single
1790420472,904380,3,,single
1790420473,1119600,7,,single
1790420475,1035760,0,,single
1790420476,2749000,2,,single
1790420478,11480,14,,single
1790420479,1321070,1,,single
1790420481,491280,0,,single
1790420483,2165390,1,,single
1790420484,282030,9,,single
1790420487,1098280,3,,single
1790420488,503820,1,,single
1790420490,1373430,6,,single
1790420491,330350,0,,single
1790420492,2251010,0,,single
1790420494,2746910,48,,single
1790420495,3072450,92,,single
1790420497,703320,18,,single
1790420498,258050,0,,single
1790420500,445720,8,,single
1790420501,904740,0,,single
1790420503,1296540,0,,single
1790420504,2696320,3,,single
1790420505,462680,2,,single
1790420507,1297330,1,,single
1790420508,1601330,13,,single
1790420510,1418160,0,,single
1790420511,408280,0,,single
1790420513,1811500,2,,single
1790420514,1349120,1,,single
1790420516,692100,0,,single
1790420517,2015620,0,,single
1790420518,1939790,6,,single
1790420520,643880,0,,single
1790420521,1802980,1,,single
1790420523,1483370,7,,single
1790420524,1027820,0,,single
1790420526,646240,1,,single
1790420527,1429880,6,,single
1790420528,369440,2,,single
1790420530,225000,0,,single
1790420531,2064810,4,,single
1790420533,2688680,3,,single
1790420534,434210,0,,single
1790420536,253290,0,,single
1790420537,1791590,3,,single
1790420539,415610,2,,single
1790420541,1266630,194,,single
1790420542,1640630,2,,single
1790420543,862570,3,,single
1790420545,1502970,82,,single
1790420546,1518770,5,,single
1790420548,2305500,21,,single
1790420549,398000,5,,single
1790420550,1213230,3,,single
1790420552,494730,3,,single
1790420553,1049660,1,,single
1790420555,1054550,1,,single
1790420556,746710,1,,single
1790420557,865040,0,,single
1790420559,1311250,0,,single
1790420561,2741560,41,,single
1790420563,1225580,1,,single
1790420564,1335230,1,,single
1790420565,1555400,2,,single
1790420567,1351210,6,,single
1790420568,111600,1,,single
1790420570,2307120,1,,single
1790420571,612930,0,,single
1790420573,1373880,13,,single
1790420574,1620540,4,,single
1790420575,2090760,0,,single
1790420577,2774190,1,,single
1790420578,2130540,1,,single
1790420580,1933840,1,,single
1790420581,1260130,0,,single
1790420582,1546790,0,,single
1790420584,588440,0,,single
1790420585,3385670,3,,single
1790420587,2591210,29,,single
1790420588,340520,1,,single
1790420589,783120,1,,single
1790420591,345430,0,,single
1790420592,2113920,17,,single
1790420594,371670,0,,single
1790420595,65610,0,,single
1790420597,2308630,0,,single
1790420598,929670,26,,single
1790420600,2270210,5,,single
1790420601,1178790,269,,single
1790420602,2951580,4,,single
1790420604,2532050,1,,single
1790420605,1411020,8,,single
1790420607,1186460,3,,single
1790420608,2457540,90,,single
1790420610,2280520,2,,single
1790420611,336240,0,,single
1790420612,2221500,0,,single
1790420614,2552310,5,,single
1790420615,3130,11,,single
1790420617,1914970,0,,single
1790420618,1717090,3,,single
1790420620,1904790,29,,single
1790420621,547910,0,,single
1790420622,212780,3,,single
1790420624,1233880,12,,single
1790420626,407230,3,,single
1790420627,2757490,0,,single
1790420628,268220,0,,single
1790420630,606680,0,,single
1790420631,3413590,1,,single
1790420632,1415140,0,,single
1790420634,1683320,9,,single
1790420635,3255380,28,,single
1790420637,1449320,5,,single
1790420638,406870,4,,single
1790420640,2803060,0,,single
1790420641,741820,0,,single
1790420642,292600,0,,single
1790420644,2776940,1,,single
1790420645,228960,1,,single
1790420646,1639080,10,,single
1790420648,454540,1,,single
1790420649,1720850,10,,single
1790420651,2060750,1,,single
1790420652,1579340,9,,single
1790420654,363330,0,,single
1790420655,339790,16,,single
1790420657,919280,7,,single
1790420658,2002220,1,,single
1790420659,975270,11,,single
1790420661,1261520,9,,single
1790420662,810660,0,,single
1790420664,2851150,4,,single
1790420665,108700,1,,single
1790420667,625430,5,,single
1790420669,1292910,3,,single
1790420670,1159830,16,,single
1790420672,967390,1,,single
1790420674,2917350,15,,single
1790420675,2543760,2,,single
1790420676,279440,2,,single
1790420678,1252560,0,,single
1790420680,498660,0,,single
1790420681,2514640,1,,single
1790420682,341550,0,,single
1790420684,435100,2,,single
1790420685,11140,3,,single
1790420687,574080,0,,single
1790420688,576470,0,,single
1790420689,687850,3,,single
1790420691,1119060,1,,single
1790420692,1200230,4,,single
1790420694,1833490,0,,single
1790420695,209730,1,,single
1790420697,2091250,15,,single
1790420698,1621760,6,,single
1790420699,353550,0,,single
1790420701,263720,0,,single
1790420702,602890,0,,single
1790420704,538810,2,,single
1790420705,2732820,0,,single
1790420707,2264340,74,,single
1790420709,965670,1,,single
1790420710,33110,3,,single
1790420712,715380,1,,single
1790420714,1016930,1,,single
1790420715,23450,10,,single
1790420717,1163590,13,,single
1790420718,254080,2,,single
1790420720,3411020,5,,single
1790420721,1323900,2,,single
1790420723,476240,0,,single
1790420726,262550,0,,single
1790420728,444220,0,,single
1790420729,1793090,2,,single
1790420731,251530,4,,single
1790420732,1602560,0,,single
1790420734,842150,21,,single
1790420735,517810,24,,single
1790420737,2744010,13,,single
1790420739,2579280,1,,single
1790420740,1036740,1,,single
1790420742,414160,0,,single
1790420744,1389560,1,,single
1790420745,877360,0,,single
1790420746,458470,0,,single
1790420748,232970,0,,single
1790420749,3080380,1,,single
1790420751,350010,0,,single
1790420753,3598130,0,,single
1790420754,1517150,0,,single
1790420755,555510,2,,single
1790420757,339000,2,,single
1790420758,944920,1,,single
1790420760,326150,2,,single
1790420761,377870,6,,single
1790420763,509250,4,,single
1790420764,232950,1,,single
1790420766,545040,1,,single
1790420767,2061430,8,,single
1790420769,1140630,1,,single
1790420770,2494810,23,,single
1790420772,366690,28,,single
1790420773,2699820,31,,single
1790420775,599610,1,,single
1790420776,2715370,0,,single
1790420778,3029990,0,,single
1790420779,214550,1,,single
1790420781,787850,1,,single
1790420782,1168870,0,,single
1790420784,506730,0,,single
1790420785,469730,1,,single
1790420786,1390700,0,,single
1790420788,1047010,0,,single
1790420789,1750030,1,,single
1790420790,898720,3,,single
1790420792,259780,0,,single
1790420793,1127110,0,,single
1790420795,865090,0,,single
1790420796,262490,5,,single
1790420798,449210,0,,single
1790420800,431260,0,,single
1790420802,259810,38,,single
1790420803,2192620,1,,single
1790420805,1824960,0,,single
1790420806,721090,23,,single
1790420807,2990640,2,,single
1790420809,882960,0,,single
1790420810,1638390,7,,single
1790420812,1277510,26,,single
1790420813,2817140,1,,single
1790420815,603750,16,,single
1790420816,3064290,5,,single
1790420818,320540,0,,single
1790420819,365020,1,,single
1790420821,579020,2,,single
1790420822,449710,5,,single
1790420824,567030,1,,single
1790420825,1259640,3,,single
1790420826,346180,0,,single
1790420828,794490,0,,single
1790420829,1883090,0,,single
1790420832,891510,1,,single
1790420833,380750,1,,single
1790420834,512180,15,,single
1790420836,1061880,2,,single
1790420837,423620,0,,single
1790420839,11340,0,,single
1790420841,1576240,4,,single
1790420842,2752720,4,,single
1790420843,1074080,3,,single
1790420845,1116480,0,,single
1790420846,2530420,1,,single
1790420847,1889740,8,,single
1790420849,65730,0,,single
1790420850,314010,0,,single
1790420852,409690,0,,single
1790420853,421660,1,,single
1790420855,2476100,4,,single
1790420856,911220,1,,single
1790420858,1514840,11,,single
1790420859,1146600,4,,single
1790420861,3042680,2,,single
1790420862,925440,0,,single
1790420864,561770,9,,single
1790420865,1658920,111,,single
1790420866,887450,2,,single
1790420868,284730,1,,single
1790420869,497400,0,,single
1790420871,12640,14,,single
1790420872,3447690,6,,single
1790420874,2328650,8,,single
1790420875,2138580,2,,single
1790420876,959000,7,,single
1790420878,286360,1,,single
1790420879,466270,0,,single
1790420881,758980,25,,single
1790420883,4800,4,,single
1790420884,2662780,21,,single
1790420885,70620,1,,single
1790420887,2538910,3,,single
1790420889,945770,18,,single
1790420890,2864890,52,,single
1790420891,424250,11,,single
1790420893,1262040,1,,single
1790420894,1033950,2,,single
1790420896,2981590,1,,single
1790420897,1037590,0,,single
1790420899,1273560,0,,single
1790420900,2976900,0,,single
1790420902,3469850,17,,single
1790420903,1177400,1,,single
1790420904,775900,3,,single
1790420906,393980,0,,single
1790420907,2336980,11,,single
1790420909,2637940,36,,single
1790420911,908360,7,,single
1790420912,1045180,2,,single
1790420914,1993180,11,,single
1790420915,386280,1,,single
1790420916,936140,26,,single
1790420918,1784780,1,,single
1790420919,3072640,3,,single
1790420920,359350,0,,single
1790420922,1859360,7,,single
1790420923,1437840,95,,single
1790420925,1312960,3,,single
1790420926,346470,11,,single
1790420927,1147960,0,,single
1790420929,1137350,3,,single
1790420930,1969440,0,,single
1790420932,837880,13,,single
1790420933,799240,92,,single
1790420935,1915550,1,,single
1790420936,316930,0,,single
1790420937,805270,0,,single
1790420939,3077390,103,,single
1790420940,65560,2,,single
1790420942,438080,3,,single
1790420943,1337970,37,,single
1790420944,897410,0,,single
1790420946,930780,2,,single
1790420948,2300160,0,,single
1790420949,338140,3,,single
1790420951,1491200,8,,single
1790420952,46410,0,,single
1790420953,252550,1,,single
1790420955,618080,2,,single
1790420956,1413660,0,,single
1790420958,422100,1,,single
1790420959,260570,4,,single
1790420961,1114290,1,,single
1790420962,45300,1,,single
1790420963,2822370,3,,single
1790420965,1952250,2,,single
1790420966,692030,4,,single
1790420968,370350,6,,single
1790420969,1078280,2,,single
1790420971,1046300,3,,single
1790420972,1836550,17,,single
1790420973,300610,6,,single
1790420975,3098470,6,,single
1790420976,896440,0,,single
1790420978,882020,3,,single
1790420980,2421310,10,,single
1790420981,696180,3,,single
1790420983,1251930,1,,single
1790420984,1985260,8,,single
1790420986,1134520,1,,single
1790420987,1792820,4,,single
1790420988,2464880,5,,single
1790420990,298400,0,,single
1790420991,754040,1,,single
1790420993,1423370,3,,single
1790420994,311400,0,,single
1790420996,1085160,1,,single
1790420997,2712550,10,,single
1790420998,395160,0,,single
1790421000,424590,0,,single
1790421001,1767560,56,,single
1790421003,907760,0,,single
1790421004,1330250,29,,single
1790421006,1361010,1,,single
1790421007,1928090,0,,single
1790421009,2644360,7,,single
1790421010,467370,0,,single
1790421014,1044490,3,,single
1790421015,1171270,3,,single
1790421016,2494350,183,,single
1790421018,508170,0,,single
1790421019,895670,0,,single
1790421021,2432110,3,,single
1790421022,403740,0,,single
1790421023,568930,2,,single
1790421025,1146300,0,,single
1790421027,524640,0,,single
1790421028,1533680,12,,single
1790421030,490820,0,,single
1790421031,547960,0,,single
1790421033,384500,1,,single
1790421034,46260,8,,single
1790421035,1808780,0,,single
1790421037,2014380,40,,single
1790421039,363490,0,,single
1790421040,926580,1,,single
1790421041,289420,6,,single
1790421043,3021630,1,,single
1790421044,959890,5,,single
1790421046,7010,1,,single
1790421047,1583850,0,,single
1790421049,58570,5,,single
1790421050,1956740,31,,single
1790421052,2729480,12,,single
1790421053,1075200,1,,single
1790421055,2803360,0,,single
1790421058,2625510,0,,single
1790421059,802730,2,,single
1790421061,2817690,0,,single
1790421062,724300,0,,single
1790421064,241620,0,,single
1790421065,1490130,0,,single
1790421067,344910,0,,single
1790421069,1111450,0,,single
1790421070,1140610,0,,single
1790421071,1611580,12,,single
1790421073,737520,1,,single
1790421074,691320,1,,single
1790421076,328590,0,,single
1790421077,1932260,4,,single
1790421078,1510470,2,,single
1790421080,3098070,4,,single
1790421083,1370170,2,,single
1790421084,983350,0,,single
1790421086,1397010,0,,single
1790421087,3206200,1,,single
1790421088,899390,0,,single
1790421090,1950570,2,,single
1790421091,1325310,1,,single
1790421093,2947240,0,,single
1790421094,2378910,9,,single
1790421095,965310,31,,single
1790421097,1494190,1,,single
1790421098,871200,0,,single
1790421100,790540,0,,single
1790421101,1781890,4,,single
1790421102,2937710,4,,single
1790421104,516480,0,,single
1790421105,2285630,3,,single
1790421107,458730,1,,single
1790421108,2152740,2,,single
1790421109,525780,0,,single
1790421111,400800,2,,single
1790421112,1921560,0,,single
1790421114,3337210,3,,single
1790421115,325520,0,,single
1790421116,2439710,3,,single
1790421118,2844700,3,,single
1790421119,628060,109,,single
1790421121,694130,42,,single
1790421122,2747780,0,,single
1790421124,294370,1,,single
1790421125,1783280,5,,single
1790421127,2823890,10,,single
1790421128,227380,1,,single
1790421129,527280,2,,single
1790421131,1183260,0,,single
1790421132,1304340,3,,single
1790421133,2052040,17,,single
1790421135,2252820,0,,single
1790421136,426690,5,,single
1790421138,773580,0,,single
1790421139,896590,1,,single
1790421141,623840,0,,single
1790421142,818520,1,,single
1790421144,336420,1,,single
1790421145,861050,0,,single
1790421146,1416960,40,,single
1790421148,396800,3,,single
1790421149,3218880,5,,single
1790421151,2020860,4,,single
1790421152,3345960,0,,single
1790421154,11040,7,,single
1790421155,38440,2,,single
1790421157,1918450,9,,single
1790421158,2894960,0,,single
1790421160,244810,0,,single
1790421161,415030,0,,single
1790421162,892860,3,,single
1790421164,412770,0,,single
1790421165,2268470,0,,single
1790421166,933860,0,,single
1790421168,1056490,4,,single
1790421169,854570,3,,single
1790421171,34600,2,,single
1790421172,285480,5,,single
1790421173,1156060,1,,single
1790421175,2216360,0,,single
1790421176,1721170,1,,single
1790421178,493720,0,,single
1790421179,1743830,7,,single
1790421180,1588870,0,,single
1790421182,1100150,22,,single
1790421183,1498130,10,,single
1790421184,1243960,15,,single
1790421186,656970,0,,single
1790421187,2804510,1,,single
1790421189,1960590,0,,single
1790421190,345200,7,,single
1790421191,1200720,0,,single
1790421193,262450,2,,single
1790421194,3444480,2,,single
1790421195,3232040,0,,single
1790421197,2081080,2,,single
1790421198,851110,5,,single
1790421200,438180,0,,single
1790421201,1766390,0,,single
1790421202,715310,13,,single
1790421204,503770,54,,single
1790421205,206610,0,,single
1790421207,715670,37,,single
1790421208,11240,1,,single
1790421210,738550,5,,single
1790421211,317710,0,,single
1790421213,305640,1,,single
1790421214,451880,1,,single
1790421216,1038300,5,,single
1790421217,585830,3,,single
1790421218,814740,0,,single
1790421220,1389360,2,,single
1790421221,522040,0,,single
1790421223,294750,1,,single
1790421224,733300,1,,single
1790421226,1432850,2,,single
1790421227,2193720,4,,single
1790421228,266390,5,,single
1790421230,1420740,0,,single
1790421231,628200,1,,single
1790421232,1164000,0,,single
1790421234,883100,0,,single
1790421235,1733250,0,,single
1790421237,2844850,36,,single
1790421238,1976950,8,,single
1790421240,1496590,8,,single
1790421241,2708210,11,,single
1790421242,2450100,0,,single
1790421244,207020,0,,single
1790421245,977230,1,,single
1790421247,1674920,7,,single
1790421249,534290,0,,single
1790421250,1591450,0,,single
1790421252,1409530,0,,single
1790421253,888530,1,,single
1790421255,1689640,0,,single
1790421256,488280,1,,single
1790421258,702700,3,,single
1790421259,1044980,6,,single
1790421260,1472250,0,,single
1790421262,716340,1,,single
1790421263,1026110,0,,single
1790421265,1687550,0,,single
1790421266,258880,1,,single
1790421267,343560,1,,single
1790421269,1815530,0,,single
1790421270,840390,5,,single
1790421272,1328530,5,,single
1790421273,474020,0,,single
1790421274,22130,69,,single
1790421276,259190,0,,single
1790421277,434520,33,,single
1790421278,2343930,0,,single
1790421280,409850,0,,single
1790421281,453690,1,,single
1790421283,517160,12,,single
1790421284,975510,1,,single
1790421285,2964280,0,,single
1790421287,557040,0,,single
1790421288,762840,1,,single
1790421290,1585020,1,,single
1790421291,369000,2,,single
1790421292,289200,2,,single
1790421294,1480120,0,,single
1790421295,865830,1,,single
1790421297,260250,0,,single
1790421298,470740,0,,single
1790421300,1037190,1,,single
1790421301,643810,1,,single
1790421303,1732920,3,,single
1790421304,331920,15,,single
1790421305,575490,1,,single
1790421307,1348700,3,,single
1790421308,299050,1,,single
1790421310,243360,0,,single
1790421311,943140,2,,single
1790421312,2916770,39,,single
1790421314,2738940,2,,single
1790421315,644540,9,,single
1790421317,2314820,2,,single
1790421318,1629200,2,,single
1790421320,850980,0,,single
1790421321,1810960,1,,single
1790421323,2630020,16,,single
1790421324,781480,9,,single
1790421326,321950,191,,single
1790421328,426310,2,,single
1790421329,307940,1,,single
1790421330,1642220,1,,single
1790421332,324140,2,,single
1790421333,638160,5,,single
1790421335,460850,0,,single
1790421336,1429740,0,,single
1790421337,3159570,2,,single
1790421339,226120,0,,single
1790421340,266170,0,,single
1790421342,2669150,0,,single
1790421343,24400,1,,single
1790421345,1367530,0,,single
1790421346,2243110,2,,single
1790421347,721180,7,,single
1790421349,257970,2,,single
1790421350,423490,0,,single
1790421352,80360,2,,single
1790421353,1349960,0,,single
1790421354,2693940,0,,single
1790421356,2553050,2,,single
1790421357,2097030,1,,single
1790421358,787740,3,,single
1790421360,351470,0,,single
1790421361,2939640,0,,single
1790421363,2719200,66,,single
1790421364,1478650,30,,single
1790421365,216090,0,,single
1790421367,2810780,3,,single
1790421368,2285570,2,,single
1790421370,264690,0,,single
1790421371,1226990,0,,single
1790421372,1998530,0,,single
1790421374,39560,1,,single
1790421375,619280,0,,single
1790421377,273840,1,,single
1790421378,717310,7,,single
1790421380,2523310,3,,single
1790421381,407980,0,,single
1790421383,1875280,0,,single
1790421384,2168260,4,,single
1790421386,4880,24,,single
1790421387,2730530,0,,single
1790421389,1309620,1,,single
1790421390,1755180,3,,single
1790421391,782340,0,,single
1790421393,1448260,0,,single
1790421394,561610,6,,single
1790421396,3487060,3,,single
1790421397,1346830,0,,single
1790421399,490370,27,,single
1790421400,416000,0,,single
1790421401,3357250,4,,single
1790421403,206690,0,,single
1790421404,2600570,4,,single
1790421406,880400,0,,single
1790421407,1644150,1,,single
1790421408,1509090,0,,single
1790421410,3373670,1,,single
1790421411,1691970,21,,single
1790421412,1295270,45,,single
1790421414,336610,2,,single
1790421415,1710540,4,,single
1790421417,575510,0,,single
1790421418,211010,1,,single
1790421420,239700,2,,single
1790421421,2198800,27,,single
1790421422,1530,0,,single
1790421424,500670,0,,single
1790421425,1960480,9,,single
1790421427,319180,0,,single
1790421428,45450,0,,single
1790421430,1158690,4,,single
1790421431,1681840,28,,single
1790421433,398100,0,,single
1790421434,1020340,0,,single
1790421436,583930,6,,single
1790421437,528660,0,,single
1790421438,1985420,0,,single
1790421440,633110,0,,single
1790421441,1269810,2,,single
1790421443,231310,1,,single
1790421445,592480,1,,single
1790421446,567670,5,,single
1790421447,1422420,3,,single
1790421449,370060,2,,single
1790421451,1020800,1,,single
1790421452,497780,0,,single
1790421454,1663640,4,,single
1790421455,973090,3,,single
1790421457,708340,2,,single
1790421458,227560,1,,single
1790421460,717610,0,,single
1790421461,1083600,24,,single
1790421463,12330,1,,single
1790421464,829420,91,,single
1790421465,575050,0,,single
1790421467,2240920,0,,single
1790421468,476420,1,,single
1790421470,2005210,2,,single
1790421471,301610,8,,single
1790421473,311120,0,,single
1790421474,1810820,93,,single
1790421475,467930,0,,single
1790421477,281410,0,,single
1790421479,1549030,1,,single
1790421481,2328310,0,,single
1790421482,1577620,5,,single
1790421484,2458430,0,,single
1790421485,2141770,5,,single
1790421486,346750,17,,single
1790421488,460960,5,,single
1790421489,1588560,1,,single
1790421491,403400,2,,single
1790421493,1125390,0,,single
1790421494,115220,20,,single
1790421496,1120560,0,,single
1790421497,370540,12,,single
1790421499,471330,0,,single
1790421500,1700300,0,,single
1790421502,1279920,0,,single
1790421504,1403440,3,,single
1790421505,404530,0,,single
1790421507,25990,2,,single
1790421508,403940,0,,single
1790421510,2710,9,,single
1790421511,2655590,6,,single
1790421513,201490,4,,single
1790421514,384310,5,,single
1790421515,341870,0,,single
1790421517,254100,1,,single
1790421518,257120,0,,single
1790421520,319850,1,,single
1790421521,400660,0,,single
1790421522,2279600,0,,single
1790421524,3131680,0,,single
1790421525,705280,0,,single
1790421527,265810,0,,single
1790421528,724250,7,,single
1790421529,3029820,1,,single
1790421531,253860,3,,single
1790421532,1787500,4,,single
1790421534,1673190,2,,single
1790421535,1905020,0,,single
1790421536,2736020,0,,single
1790421538,1258310,0,,single
1790421539,46370,2,,single
1790421541,537430,1,,single
1790421542,494720,3,,single
1790421543,2443630,0,,single
1790421545,2072660,1,,single
1790421546,2058730,3,,single
1790421548,3027260,0,,single
1790421549,1024480,1,,single
1790421550,1221540,0,,single
1790421552,3585310,2,,single
1790421553,1533050,0,,single
1790421555,1919550,0,,single
1790421556,1727210,3,,single
1790421557,2382250,0,,single
1790421559,733050,0,,single
1790421560,2652000,1,,single
1790421562,1678140,3,,single
1790421563,3193670,1,,single
1790421564,1306750,1,,single
1790421566,292620,0,,single
1790421567,1117160,0,,single
1790421569,377080,1,,single
1790421570,302060,0,,single
1790421572,445110,3,,single
1790421573,256390,1,,single
1790421574,1322300,4,,single
1790421576,848030,1,,single
1790421577,1146230,0,,single
1790421579,1011590,3,,single
1790421580,789100,139,,single
1790421582,9060,2,,single
1790421583,292330,1,,single
1790421585,307340,1,,single
1790421586,2473980,1,,single
1790421587,2309400,1,,single
1790421589,2840250,0,,single
1790421590,1295790,0,,single
1790421592,335820,10,,single
1790421593,3560,14,,single
1790421595,323490,0,,single
1790421596,1903910,3,,single
1790421598,1287920,10,,single
1790421600,240970,0,,single
1790421601,2759810,0,,single
1790421603,402750,0,,single
1790421604,543240,0,,single
1790421605,1013750,1,,single
1790421607,842420,0,,single
1790421609,418120,0,,single
1790421610,1867510,0,,single
1790421611,1094420,0,,single
1790421614,1573090,0,,single
1790421615,1733890,1,,single
1790421617,2566880,0,,single
1790421618,320690,16,,single
1790421620,583270,2,,single
1790421621,598730,0,,single
1790421622,1502560,6,,single
1790421624,436160,19,,single
1790421625,1291790,4,,single
1790421627,2812850,1,,single
1790421629,985900,1,,single
1790421630,1132760,0,,single
1790421632,492150,0,,single
1790421633,508790,1,,single
1790421635,1446330,1,,single
1790421636,545980,0,,single
1790421638,32680,8,,single
1790421639,1558930,0,,single
1790421640,1980350,3,,single
1790421642,721030,9,,single
1790421643,263400,0,,single
1790421644,3541130,1,,single
1790421646,281280,2,,single
1790421647,1341050,1,,single
1790421649,1890950,3,,single
1790421650,2564880,0,,single
1790421651,1561040,4,,single
1790421653,542480,5,,single
1790421654,541640,4,,single
1790421656,1015890,0,,single
1790421657,459090,2,,single
1790421659,282880,0,,single
1790421660,308173,6,,single
1790421661,384550,0,,single
1790421663,726910,1,,single
1790421664,1306620,0,,single
1790421666,359040,1,,single
1790421667,2287970,16,,single
1790421669,253690,0,,single
1790421670,390100,2,,single
1790421672,497730,5,,single
1790421673,2745800,0,,single
1790421675,1957990,1,,single
1790421676,1880470,0,,single
1790421678,753230,1,,single
1790421679,987230,0,,single
1790421681,3070880,36,,single
1790421682,2332410,2,,single
1790421683,676500,13,,single
1790421685,1966220,1,,single
1790421686,400360,0,,single
1790421688,661430,0,,single
1790421689,1996770,6,,single
1790421690,449300,1,,single
1790421692,356450,0,,single
1790421693,1422610,0,,single
1790421695,1899400,0,,single
1790421696,2991400,11,,single
1790421698,1014040,2,,single
1790421699,986020,3,,single
1790421701,1414430,0,,single
1790421702,3229170,0,,single
1790421704,1623210,0,,single
1790421705,469720,3,,single
1790421707,1479810,2,,single
1790421708,594040,0,,single
1790421710,2304620,5,,single
1790421711,779090,0,,single
1790421713,267900,0,,single
1790421714,554600,1,,single
1790421716,46490,2,,single
1790421717,586210,1,,single
1790421718,802450,1,,single
1790421720,2994010,1,,single
1790421721,594680,0,,single
1790421723,428080,1,,single
1790421724,2191190,4,,single
1790421726,1407860,16,,single
1790421727,375750,0,,single
1790421728,1502380,9,,single
1790421730,3800,0,,single
1790421731,1735420,0,,single
1790421733,1942440,2,,single
1790421734,1668460,0,,single
1790421735,2529080,5,,single
1790421737,416450,44,,single
1790421738,403560,0,,single
1790421740,658890,0,,single
1790421741,70120,0,,single
1790421743,289280,0,,single
1790421744,746400,0,,single
1790421745,1450080,19,,single
1790421747,463220,2,,single
1790421748,2350020,0,,single
1790421750,304460,2,,single
1790421751,313080,0,,single
1790421753,628050,191,,single
1790421754,1318740,4,,single
1790421756,713530,0,,single
1790421757,2616430,11,,single
1790421758,2056340,1,,single
1790421760,338810,3,,single
1790421761,1617430,0,,single
1790421763,398810,27,,single
1790421764,8880,2,,single
1790421766,1111930,2,,single
1790421767,655740,3,,single
1790421769,1257200,1,,single
1790421770,438020,0,,single
1790421772,579820,0,,single
1790421773,428180,18,,single
1790421775,2392520,64,,single
1790421776,1610460,3,,single
1790421778,526540,0,,single
1790421779,1146720,5,,single
1790421780,586380,1,,single
1790421782,890880,0,,single
1790421784,1745170,1,,single
1790421785,782570,0,,single
1790421787,1302050,1,,single
1790421788,303690,1,,single
1790421790,237950,9,,single
1790421791,266230,3,,single
1790421793,1183470,9,,single
1790421794,340580,0,,single
1790421796,1060310,1,,single
1790421797,2827810,7,,single
1790421798,643960,8,,single
1790421800,233680,0,,single
1790421801,485690,0,,single
1790421803,1055210,0,,single
1790421804,1928540,1,,single
1790421805,1210800,0,,single
1790421807,693800,0,,single
1790421808,618850,1,,single
1790421810,588110,0,,single
1790421811,1344740,1,,single
1790421813,1416520,5,,single
1790421814,3332640,0,,single
1790421815,2313720,3,,single
1790421817,1188920,0,,single
1790421818,392080,3,,single
1790421820,2553710,0,,single
1790421821,1531490,0,,single
1790421822,275570,4,,single
1790421824,292390,1,,single
1790421825,2540860,2,,single
1790421827,703510,0,,single
1790421828,33670,7,,single
1790421829,652190,1,,single
1790421831,200390,3,,single
1790421832,252190,0,,single
1790421834,1911860,0,,single
1790421835,209330,0,,single
1790421836,354680,0,,single
1790421838,18000,0,,single
1790421839,1222040,0,,single
1790421841,316600,0,,single
1790421842,1184250,2,,single
1790421844,570050,0,,single
1790421845,2376540,0,,single
1790421846,1363350,1,,single
1790421848,981770,0,,single
1790421850,33530,2,,single
1790421851,272620,0,,single
1790421852,9760,14,,single
1790421854,1939100,1,,single
1790421855,957660,2,,single
1790421857,40350,2,,single
1790421859,1184760,2,,single
1790421860,520850,0,,single
1790421862,923810,0,,single
1790421863,1413370,5,,single
1790421864,2000770,7,,single
1790421866,271640,0,,single
1790421867,428880,5,,single
1790421869,1218170,1,,single
1790421870,3024830,1,,single
1790421872,2904290,1,,single
1790421873,1411670,0,,single
1790421875,373720,1,,single
1790421876,227020,7,,single
1790421877,349270,1,,single
1790421879,1015770,1,,single
1790421880,399430,0,,single
1790421882,1797680,0,,single
1790421883,1946070,4,,single
1790421884,1671480,0,,single
1790421886,1374580,8,,single
1790421887,438030,0,,single
1790421889,2449160,2,,single
1790421890,539270,35,,single
1790421892,1782150,0,,single
1790421893,1164100,1,,single
1790421894,2908950,14,,single
1790421896,658600,46,,single
1790421897,222140,0,,single
1790421899,782690,0,,single
1790421900,215710,9,,single
1790421902,3327170,14,,single
1790421903,2140850,3,,single
1790421904,1058320,1,,single
1790421906,241000,1,,single
1790421907,3107880,1,,single
1790421909,548840,0,,single
1790421910,32630,5,,single
1790421912,2642570,6,,single
1790421914,1220170,0,,single
1790421915,1810980,0,,single
1790421917,429610,1,,single
1790421918,1302110,0,,single
1790421920,2337820,1,,single
1790421921,1646580,5,,single
1790421923,306700,0,,single
1790421924,668430,0,,single
1790421926,1058200,12,,single
1790421928,892760,1,,single
1790421929,1308700,108,,single
1790421931,1285080,3,,single
1790421932,12520,1,,single
1790421934,1118380,1,,single
1790421935,2248330,1,,single
1790421937,1077970,2,,single
1790421938,510540,1,,single
1790421940,291710,2,,single
1790421941,1536080,20,,single
1790421943,825730,22,,single
1790421944,2437040,2,,single
1790421946,2116510,0,,single
1790421947,1596540,2,,single
1790421949,3091390,2,,single
1790421950,2295970,0,,single
1790421952,2615670,6,,single
1790421953,2836860,3,,single
1790421955,2258590,40,,single
1790421956,1028590,3,,single
1790421958,2593900,0,,single
1790421959,1561910,0,,single
1790421960,2665460,6,,single
1790421962,968440,21,,single
1790421964,618510,0,,single
1790421965,1393420,1,,single
1790421966,3244210,18,,single
1790421968,1341490,3,,single
1790421969,1169740,1,,single
1790421971,1984720,68,,single
1790421972,1114430,3,,single
1790421974,3331320,7,,single
1790421975,2116260,0,,single
1790421977,11130,0,,single
1790421978,465170,2,,single
1790421980,476480,1,,single
1790421981,1299620,0,,single
1790421983,1112830,4,,single
1790421984,389900,2,,single
1790421986,3990,157,,single
1790421987,490230,0,,single
1790421989,963400,1,,single
1790421990,1174460,9,,single
1790421992,1907720,8,,single
1790421993,1252000,3,,single
1790421994,2134560,0,,single
1790421996,410820,0,,single
1790421997,1709050,2,,single
1790421999,1500820,18,,single
1790422000,440640,0,,single
1790422002,1043500,1,,single
1790422003,1493300,2,,single
1790422004,403290,0,,single
1790422006,1378060,2,,single
1790422007,444480,0,,single
1790422009,2330360,0,,single
1790422010,925930,1,,single
1790422012,446380,0,,single
1790422013,235720,0,,single
1790422015,1253190,0,,single
1790422016,70660,0,,single
1790422017,2058750,12,,single
1790422019,2442380,1,,single
1790422020,381100,0,,single
1790422022,883070,0,,single
1790422023,1967450,0,,single
1790422025,2456960,1,,single
1790422026,1512480,0,,single
1790422027,1122120,4,,single
1790422029,316160,2,,single
1790422030,2936180,0,,single
1790422032,568040,0,,single
1790422033,1065520,15,,single
1790422035,777590,0,,single
1790422036,2094070,2,,single
1790422038,919220,0,,single
1790422039,1135260,0,,single
1790422040,650330,0,,single
1790422042,550340,3,,single
1790422043,1144020,0,,single
1790422045,961490,1,,single
1790422047,1112930,0,,single
1790422048,370870,0,,single
1790422050,7020,2,,single
1790422051,2494450,0,,single
1790422053,1301950,4,,single
1790422054,750470,11,,single
1790422055,1098270,1,,single
1790422057,1331910,1,,single
1790422058,2960770,5,,single
1790422060,1709170,0,,single
1790422061,387930,0,,single
1790422063,335790,0,,single
1790422064,1219950,0,,single
1790422065,1912750,3,,single
1790422067,2017370,0,,single
1790422069,860620,0,,single
1790422070,2543050,3,,single
1790422072,976700,1,,single
1790422074,1475430,2,,single
1790422075,671390,1,,single
1790422076,2311260,2,,single
1790422078,1649740,2,,single
1790422079,2154650,3,,single
1790422081,628740,0,,single
1790422082,820030,2,,single
1790422084,1220930,1,,single
1790422085,3446120,0,,single
1790422087,1471040,0,,single
1790422089,1266220,0,,single
1790422090,283270,4,,single
1790422091,922400,13,,single
1790422093,333880,1,,single
1790422094,3288180,3,,single
1790422096,2207440,1,,single
1790422097,1248820,2,,single
1790422098,1258710,0,,single
1790422100,460340,1,,single
1790422101,1141760,1,,single
1790422103,1925320,0,,single
1790422104,3304770,16,,single
1790422105,2374000,1,,single
1790422107,3001730,0,,single
1790422108,769950,3,,single
1790422110,900400,0,,single
1790422111,2876250,0,,single
1790422113,405950,0,,single
1790422114,1475850,11,,single
1790422116,541370,0,,single
1790422117,2573260,2,,single
1790422119,923570,0,,single
1790422120,1067860,0,,single
1790422121,200020,258,,single
1790422123,307350,0,,single
1790422124,881560,0,,single
1790422126,1258220,0,,single
1790422127,270790,13,,single
1790422129,1109840,12,,single
1790422131,271370,22,,single
1790422132,414190,0,,single
1790422133,247350,0,,single
1790422135,951940,0,,single
1790422136,1636030,1,,single
1790422138,771950,0,,single
1790422139,1098170,1,,single
1790422141,1082970,20,,single
1790422142,1399840,1,,single
1790422144,1841390,1,,single
1790422145,562270,0,,single
1790422147,1386040,0,,single
1790422148,372390,4,,single
1790422150,3263210,0,,single
1790422151,1671280,0,,single
1790422152,46450,0,,single
1790422154,496680,16,,single
1790422156,848050,41,,single
1790422157,546400,0,,single
1790422159,1925090,0,,single
1790422160,280560,0,,single
1790422161,2956280,0,,single
1790422163,1248080,0,,single
1790422165,388420,1,,single
1790422166,971690,5,,single
1790422168,756880,1,,single
1790422169,2356460,0,,single
1790422171,454890,0,,single
1790422172,1050280,12,,single
1790422174,273570,0,,single
1790422175,2430900,1,,single
1790422177,40330,5,,single
1790422178,2910,7,,single
1790422180,2078350,18,,single
1790422181,2125770,1,,single
1790422183,931650,12,,single
1790422184,23400,8,,single
1790422186,703940,0,,single
1790422188,2461780,1,,single
1790422189,565720,2,,single
1790422190,452230,5,,single
1790422192,584990,0,,single
1790422194,95900,2,,single
1790422195,418250,6,,single
1790422196,289890,2,,single
1790422198,1596730,0,,single
1790422199,666870,0,,single
1790422201,40930,0,,single
1790422202,2648050,0,,single
1790422204,2631960,75,,single
1790422205,1157750,0,,single
1790422207,2403340,1,,single
1790422209,809440,3,,single
1790422210,1304610,0,,single
1790422212,725330,0,,single
1790422214,415170,0,,single
1790422216,2373290,1,,single
1790422217,3048140,0,,single
1790422219,1340640,0,,single
1790422220,1690,18,,single
1790422222,556740,1,,single
1790422225,2088340,2,,single
1790422227,263700,1,,single
1790422229,1315200,4,,single
1790422230,1714900,4,,single
1790422232,703180,2,,single
1790422233,1662140,1,,single
1790422235,227060,3,,single
1790422236,502090,0,,single
1790422238,1480830,1,,single
1790422239,1243220,2,,single
1790422241,3077020,65,,single
1790422243,1788100,3,,single
1790422244,1664670,0,,single
1790422246,2959670,0,,single
1790422247,367000,4,,single
1790422248,485870,1,,single
1790422250,1972710,0,,single
1790422251,279140,2,,single
1790422253,1570760,0,,single
1790422254,2587770,0,,single
1790422256,3296760,0,,single
1790422257,968370,0,,single
1790422259,827290,0,,single
1790422260,364300,0,,single
1790422262,221830,2,,single
1790422264,434020,0,,single
1790422265,881420,1,,single
1790422267,438430,4,,single
1790422268,1627870,1,,single
1790422269,1398390,0,,single
1790422271,411310,21,,single
1790422272,687750,0,,single
1790422274,356260,4,,single
1790422275,1336600,0,,single
1790422277,1949770,35,,single
1790422278,2711030,0,,single
1790422279,3139620,0,,single
1790422281,3340810,3,,single
1790422282,1581480,1,,single
1790422284,685310,18,,single
1790422285,1896880,0,,single
1790422287,2116850,0,,single
1790422288,38430,3,,single
1790422290,1960900,1,,single
1790422292,256030,0,,single
1790422293,1443430,1,,single
1790422294,234920,2,,single
1790422296,669320,1,,single
1790422297,289460,0,,single
1790422299,3215660,0,,single
1790422300,1647310,35,,single
1790422302,3275010,0,,single
1790422303,2242100,2,,single
1790422304,1172980,0,,single
1790422306,582810,0,,single
1790422308,80200,0,,single
1790422309,237550,4,,single
1790422310,390310,3,,single
1790422312,525920,26,,single
1790422313,985080,1,,single
1790422315,1454520,0,,single
1790422316,2598020,0,,single
1790422317,531680,1,,single
1790422319,796790,0,,single
1790422321,3324320,1,,single
1790422322,315860,0,,single
1790422323,2229940,1,,single
1790422325,1083870,1,,single
1790422326,871100,1,,single
1790422328,2004590,0,,single
1790422329,387840,0,,single
1790422331,437000,1,,single
1790422332,1477700,2,,single
1790422333,1788170,0,,single
1790422335,344480,1,,single
1790422336,2958700,0,,single
1790422338,1279240,2,,single
1790422340,1198400,0,,single
1790422341,542350,0,,single
1790422343,1709080,2,,single
1790422344,283430,0,,single
1790422345,714020,1,,single
1790422347,32160,0,,single
1790422348,1563700,0,,single
1790422350,312650,0,,single
1790422352,2162020,1,,single
1790422353,2118130,0,,single
1790422355,898800,5,,single
1790422356,2401680,1,,single
1790422357,3116640,1,,single
1790422359,1733880,0,,single
1790422360,1541020,50,,single
1790422362,201070,0,,single
1790422363,1290710,3,,single
1790422365,1721870,0,,single
1790422366,541660,6,,single
1790422368,1252010,13,,single
1790422369,1321230,0,,single
1790422370,1063980,0,,single
1790422372,343740,0,,single
1790422373,71000,0,,single
1790422375,3223390,3,,single
1790422376,206760,1,,single
1790422378,337490,0,,single
1790422379,32150,3,,single
1790422381,3443610,3,,single
1790422383,2462520,4,,single
1790422384,1550730,4,,single
1790422385,1148480,4,,single
1790422387,623090,1,,single
1790422389,1551670,2,,single
1790422390,2946030,1,,single
1790422391,453100,1,,single
1790422393,812160,0,,single
1790422394,967130,3,,single
1790422396,768100,10,,single
1790422397,295750,0,,single
1790422399,934860,0,,single
1790422400,1985050,20,,single
1790422401,1103730,0,,single
1790422403,910880,2,,single
1790422405,489370,0,,single
1790422407,530120,2,,single
1790422408,1303660,1,,single
1790422409,1392170,0,,single
1790422411,1393830,0,,single
1790422412,2969380,2,,single
1790422414,58560,0,,single
1790422415,1125910,1,,single
1790422417,1000440,0,,single
1790422418,437250,2,,single
1790422420,458430,2,,single
1790422421,258950,0,,single
1790422423,304580,1,,single
1790422424,2061250,6,,single
1790422426,727730,0,,single
1790422427,1463890,0,,single
1790422429,1841240,14,,single
1790422430,1416730,0,,single
1790422431,1494260,1,,single
1790422433,306200,0,,single
1790422434,391490,1,,single
1790422436,246960,0,,single
1790422437,622770,0,,single
1790422439,373600,0,,single
1790422440,908070,4,,single
1790422441,1293460,6,,single
1790422443,2769070,0,,single
1790422444,1555140,2,,single
1790422445,1381980,0,,single
1790422447,2179300,2,,single
1790422449,1980240,1,,single
1790422450,2380320,0,,single
1790422452,626510,1,,single
1790422453,1608040,0,,single
1790422455,595960,0,,single
1790422456,1813860,5,,single
1790422458,579940,9,,single
1790422459,378800,1,,single
1790422461,350990,0,,single
1790422462,1442450,0,,single
1790422464,715050,0,,single
1790422465,1503670,0,,single
1790422467,562470,1,,single
1790422469,2479840,1,,single
1790422470,3449850,43,,single
1790422472,1722520,1,,single
1790422473,2077380,1,,single
1790422475,1077430,0,,single
1790422476,758730,25,,single
1790422478,645690,0,,single
1790422479,425410,0,,single
1790422481,835520,3,,single
1790422482,675170,0,,single
1790422484,873270,0,,single
1790422485,2543030,0,,single
1790422487,1522560,3,,single
1790422488,1229030,1,,single
1790422489,1497450,0,,single
1790422491,1174640,1,,single
1790422493,2404170,2,,single
1790422494,348240,0,,single
1790422496,1135570,0,,single
1790422497,1056180,0,,single
1790422499,1150460,0,,single
1790422500,363610,2,,single
1790422502,242110,0,,single
1790422503,275060,0,,single
1790422504,415150,3,,single
1790422506,1409740,0,,single
1790422507,948640,16,,single
1790422509,546220,3,,single
1790422511,377060,0,,single
1790422512,1313,5,,single
1790422514,229950,0,,single
1790422516,2179440,3,,single
1790422517,1931690,3,,single
1790422519,1271100,1,,single
1790422520,2897240,3,,single
1790422522,564150,1,,single
1790422525,464700,2,,single
1790422527,576030,1,,single
1790422529,1119710,0,,single
1790422530,1178210,1,,single
1790422531,451570,1,,single
1790422533,2583430,3,,single
1790422534,351790,1,,single
1790422536,730050,0,,single
1790422537,2800900,2,,single
1790422539,2701910,0,,single
1790422540,1285060,1,,single
1790422542,3058140,1,,single
1790422543,3220010,0,,single
1790422545,304670,0,,single
1790422546,754810,0,,single
1790422548,2740280,3,,single
1790422549,595430,1,,single
1790422550,355630,3,,single
1790422552,1437340,0,,single
1790422553,1487590,3,,single
1790422555,344440,4,,single
1790422556,583040,0,,single
1790422558,1063590,3,,single
1790422559,286200,1,,single
1790422560,1510950,4,,single
1790422562,2785200,2,,single
1790422563,2630080,6,,single
1790422565,628080,96,,single
1790422566,1424710,5,,single
1790422568,843660,218,,single
1790422569,336300,1,,single
1790422571,985430,0,,single
1790422572,824280,2,,single
1790422574,1585910,2,,single
1790422575,1525660,2,,single
1790422577,448470,364,,single
1790422578,347610,10,,single
1790422579,459010,0,,single
1790422581,306350,0,,single
1790422582,524390,6,,single
1790422584,2431880,94,,single
1790422585,353190,0,,single
1790422587,539670,0,,single
1790422588,252830,0,,single
1790422589,2118370,1,,single
1790422591,2060870,1,,single
1790422592,1333920,1,,single
1790422594,634340,0,,single
1790422595,1933740,6,,single
1790422597,2322180,1,,single
1790422598,589320,13,,single
1790422600,409000,6,,single
1790422601,2211390,0,,single
1790422603,952950,0,,single
1790422604,1747050,3,,single
1790422606,299540,0,,single
1790422607,1383740,2,,single
1790422608,551450,0,,single
1790422610,2362090,2,,single
1790422611,2783610,1,,single
1790422613,2947230,0,,single
1790422614,1078200,1,,single
1790422616,1434540,3,,single
1790422617,1828630,0,,single
1790422619,1358800,28,,single
1790422620,2794610,0,,single
1790422621,2216660,2,,single
1790422623,595770,1,,single
1790422624,355530,0,,single
1790422626,2106810,4,,single
1790422627,3198540,6,,single
1790422629,2178480,1237,,single
1790422630,757330,0,,single
1790422631,1734390,0,,single
1790422633,1801850,0,,single
1790422634,890400,13,,single
1790422636,882410,2,,single
1790422637,2052990,0,,single
1790422639,1021070,0,,single
1790422641,1986880,0,,single
1790422642,1693250,35,,single
1790422644,2281820,2,,single
1790422645,3418930,1,,single
1790422646,575480,0,,single
1790422648,336940,0,,single
1790422649,1891090,0,,single
1790422651,337480,0,,single
1790422652,1055610,0,,single
1790422653,403830,0,,single
1790422655,492500,0,,single
1790422656,1536470,2,,single
1790422658,2313130,7,,single
1790422659,1285230,14,,single
1790422661,1059880,0,,single
1790422662,237370,0,,single
1790422663,573490,0,,single
1790422665,408760,6,,single
1790422666,2491640,0,,single
1790422668,1465510,0,,single
1790422669,785480,1,,single
1790422671,1193760,0,,single
1790422672,506480,1,,single
1790422673,385070,0,,single
1790422675,31830,3,,single
1790422678,292800,6,,single
1790422679,1502080,0,,single
1790422681,2538390,2,,single
1790422682,549080,0,,single
1790422684,1819230,0,,single
1790422685,908740,1,,single
1790422686,1419370,0,,single
1790422688,771420,0,,single
1790422689,593030,68,,single
1790422691,1103100,0,,single
1790422692,543030,0,,single
1790422694,470210,0,,single
1790422695,2795270,0,,single
1790422697,375710,0,,single
1790422698,843890,0,,single
1790422699,497700,5,,single
1790422702,981020,0,,single
1790422704,222660,0,,single
1790422705,453850,1,,single
1790422706,559910,0,,single
1790422708,1259510,0,,single
1790422709,1696220,0,,single
1790422711,547590,0,,single
1790422712,963280,1,,single
1790422714,573170,0,,single
1790422715,72400,0,,single
1790422717,601010,0,,single
1790422718,405610,0,,single
1790422720,2627780,5,,single
1790422721,300260,0,,single
1790422722,1754960,2,,single
1790422724,1413960,9,,single
1790422725,2083900,0,,single
1790422727,642610,0,,single
1790422728,443360,1,,single
1790422730,1235360,1,,single
1790422731,941480,1,,single
1790422732,2408680,0,,single
1790422734,2078510,2,,single
1790422735,1751630,3,,single
1790422737,1296450,3,,single
1790422738,949200,0,,single
1790422740,765880,0,,single
1790422741,780500,0,,single
1790422743,1071290,0,,single
1790422744,1321270,4,,single
1790422746,325730,0,,single
1790422747,461010,0,,single
1790422749,921700,25,,single
1790422750,1568620,0,,single
1790422751,1581040,6,,single
1790422753,461700,0,,single
1790422754,2488350,9,,single
1790422756,905690,2,,single
1790422757,3311560,0,,single
1790422759,2276830,2,,single
1790422761,2998970,0,,single
1790422762,305980,0,,single
1790422763,396640,1,,single
1790422765,1668310,0,,single
1790422766,1437500,0,,single
1790422768,415850,1,,single
1790422769,1116210,0,,single
1790422772,339160,2,,single
1790422773,1303740,0,,single
1790422774,11370,0,,single
1790422776,1556490,1,,single
1790422777,567130,0,,single
1790422779,33770,4,,single
1790422780,437420,2,,single
1790422782,809870,0,,single
1790422783,463110,48,,single
1790422785,1198850,1,,single
1790422786,1953860,0,,single
1790422787,661990,23,,single
1790422789,281450,8,,single
1790422790,650940,1,,single
1790422792,2632930,0,,single
1790422793,1043240,12,,single
1790422795,1931940,0,,single
1790422796,752470,22,,single
1790422798,1722020,8,,single
1790422799,316890,0,,single
1790422801,2775370,0,,single
1790422803,431500,0,,single
1790422805,10110,2,,single
1790422806,574140,1,,single
1790422808,2716930,28,,single
1790422809,940580,0,,single
1790422811,1708110,2,,single
1790422812,631980,0,,single
1790422814,1508570,1,,single
1790422816,492290,1,,single
1790422817,1788850,5,,single
1790422819,1610520,0,,single
1790422820,528510,2,,single
1790422821,1055990,0,,single
1790422824,1740240,0,,single
1790422825,412600,0,,single
1790422827,2577760,1,,single
1790422828,1929360,0,,single
1790422830,355920,0,,single
1790422831,1771360,3,,single
1790422832,3410,1,,single
1790422834,1420540,0,,single
1790422835,2355140,0,,single
1790422836,1063040,3,,single
1790422838,563360,0,,single
1790422839,650780,0,,single
1790422841,477200,2,,single
1790422842,1162280,0,,single
1790422843,99400,0,,single
1790422845,447270,1,,single
1790422846,42850,15,,single
1790422848,377460,5,,single
1790422849,1078490,0,,single
1790422851,1392340,0,,single
1790422852,227760,5,,single
1790422853,1600370,4,,single
1790422855,1600,1,,single
1790422856,2083800,0,,single
1790422858,1819450,0,,single
1790422859,301690,0,,single
1790422860,1854980,2,,single
1790422862,2123140,1,,single
1790422863,402390,1,,single
1790422865,2289560,0,,single
1790422866,2850310,9,,single
1790422868,476540,0,,single
1790422869,351140,0,,single
1790422870,338800,19,,single
1790422872,1913420,3,,single
1790422873,428630,0,,single
1790422875,1775550,70,,single
1790422876,357120,0,,single
1790422877,2380340,0,,single
1790422879,1233800,3,,single
1790422880,2101130,2,,single
1790422882,2424650,1,,single
1790422883,445770,6,,single
1790422884,217270,0,,single
1790422886,1830870,0,,single
1790422887,837590,0,,single
1790422889,2244470,4,,single
1790422890,933450,1,,single
1790422892,420100,3,,single
1790422893,294590,3,,single
1790422894,453720,0,,single
1790422896,999830,1,,single
1790422897,65530,3,,single
1790422899,429600,0,,single
1790422900,2473640,2,,single
1790422901,1174720,2,,single
1790422903,567060,0,,single
1790422904,341950,11,,single
1790422906,501760,0,,single
1790422907,1068640,0,,single
1790422909,764030,25,,single
1790422910,1001140,6,,single
1790422912,851950,0,,single
1790422913,315550,0,,single
1790422915,2022850,3,,single
1790422916,2417940,4,,single
1790422918,458480,1,,single
1790422919,1061730,0,,single
1790422921,394700,0,,single
1790422922,436230,0,,single
1790422924,371550,0,,single
1790422925,915230,0,,single
1790422926,809730,0,,single
1790422928,1769980,1,,single
1790422929,340320,1,,single
1790422930,2788360,0,,single
1790422932,290060,0,,single
1790422933,1018000,4,,single
1790422935,1377540,0,,single
1790422936,351480,1,,single
1790422937,1212410,0,,single
1790422939,1790370,5,,single
1790422940,1512940,95,,single
1790422942,1842730,1,,single
1790422943,1714250,2,,single
1790422944,887400,0,,single
1790422946,956240,22,,single
1790422947,1111940,4,,single
1790422949,332490,0,,single
1790422950,386970,1,,single
1790422951,1078320,3,,single
1790422953,2375780,363,,single
1790422954,1515890,1,,single
1790422956,1191660,3,,single
1790422957,61510,9,,single
1790422958,1324070,0,,single
1790422960,249190,1,,single
1790422961,2280540,3,,single
1790422963,1365750,1,,single
1790422964,295670,0,,single
1790422965,1236240,0,,single
1790422967,877080,1,,single
1790422969,504390,3,,single
1790422970,32640,4,,single
1790422972,32900,9,,single
1790422973,628290,0,,single
1790422974,1095120,10,,single
1790422976,313830,0,,single
1790422977,1503850,1,,single
1790422979,278930,0,,single
1790422980,1932680,0,,single
1790422981,955320,2,,single
1790422983,493080,1,,single
1790422984,614950,0,,single
1790422986,485860,0,,single
1790422987,1243890,0,,single
1790422989,343090,1,,single
1790422990,730410,0,,single
1790422991,542590,20,,single
1790422993,1444020,1,,single
1790422994,2264020,1,,single
1790422996,1088770,0,,single
1790422997,2082350,1,,single
1790422999,673600,7,,single
1790423000,686900,2,,single
1790423001,848500,29,,single
1790423003,31810,4,,single
1790423004,260930,1,,single
1790423006,2531950,2,,single
1790423007,2131010,0,,single
1790423009,434610,0,,single
1790423010,666820,1,,single
1790423011,1617030,0,,single
1790423013,603100,0,,single
1790423014,647740,0,,single
1790423016,1768780,0,,single
1790423017,2359470,51,,single
1790423019,377310,0,,single
1790423020,812560,6,,single
1790423022,622460,0,,single
1790423023,730430,6,,single
1790423025,369290,9,,single
1790423026,844920,0,,single
1790423028,280930,2,,single
1790423030,2572560,8,,single
1790423031,2544990,0,,single
1790423033,402120,0,,single
1790423034,46290,0,,single
1790423035,1736550,0,,single
1790423037,512160,0,,single
1790423038,2196980,1,,single
1790423040,1304350,0,,single
1790423042,251810,2,,single
1790423043,312630,1,,single
1790423044,2254710,0,,single
1790423046,2779570,2,,single
1790423047,1459960,0,,single
1790423049,3380,32,,single
1790423050,665270,0,,single
1790423052,574640,0,,single
1790423053,1201550,0,,single
1790423055,342550,0,,single
1790423056,828150,0,,single
1790423057,2140650,8,,single
1790423059,1909810,0,,single
1790423060,1005120,10,,single
1790423062,2529770,2,,single
1790423063,2929540,0,,single
1790423065,611750,0,,single
1790423066,1099500,1,,single
1790423068,822760,0,,single
1790423069,868150,1,,single
1790423070,392070,3,,single
1790423072,467950,0,,single
1790423073,368080,0,,single
1790423075,1502990,27,,single
1790423076,922100,0,,single
1790423078,2722360,0,,single
1790423079,2544570,6,,single
1790423081,1261180,1,,single
1790423082,1155880,1,,single
1790423084,32310,2,,single
1790423085,823610,1,,single
1790423086,361320,3,,single
1790423088,1386890,19,,single
1790423089,347170,1,,single
1790423091,1740850,0,,single
1790423092,1362560,1,,single
1790423094,2507620,8,,single
1790423095,22500,7,,single
1790423097,1372830,2,,single
1790423098,1964200,1,,single
1790423100,1501410,1,,single
1790423101,682140,0,,single
1790423102,1459910,0,,single
1790423104,1251300,3,,single
1790423105,2374190,3,,single
1790423107,2786830,0,,single
1790423108,2935840,0,,single
1790423110,280600,0,,single
1790423112,2892000,0,,single
1790423114,687540,2,,single
1790423116,1651490,2,,single
1790423117,562730,1,,single
1790423118,824830,2,,single
1790423120,782660,25,,single
1790423121,230650,1,,single
1790423123,1015790,3,,single
1790423124,375320,247,,single
1790423127,2710950,0,,single
1790423128,3048280,7,,single
1790423129,363950,0,,single
1790423131,636570,3,,single
1790423132,1902850,5,,single
1790423134,1385780,4,,single
1790423135,556860,0,,single
1790423137,750200,1,,single
1790423138,2512090,2,,single
1790423140,2400280,54,,single
1790423141,504400,0,,single
1790423143,344230,0,,single
1790423144,515470,0,,single
1790423146,1326000,0,,single
1790423149,337350,0,,single
1790423150,488660,1,,single
1790423152,562520,0,,single
1790423153,42140,0,,single
1790423154,2545,0,,single
1790423156,2550,2,,single
1790423158,2406180,0,,single
1790423159,392820,0,,single
1790423160,1281200,0,,single
1790423162,912370,0,,single
1790423163,2003050,0,,single
1790423164,245050,8,,single
1790423166,1185780,0,,single
1790423167,1042920,0,,single
1790423169,1420830,0,,single
1790423170,499620,7,,single
1790423172,4900,5,,single
1790423173,510650,1,,single
1790423174,517720,0,,single
1790423176,2349140,2,,single
1790423177,2787300,2,,single
1790423179,388490,1,,single
1790423180,1056720,0,,single
1790423182,660920,1,,single
1790423183,1034040,0,,single
1790423185,21030,0,,single
1790423186,628760,0,,single
1790423187,1237610,8,,single
1790423189,910320,0,,single
1790423190,852300,0,,single
1790423192,313810,1,,single
1790423193,1332760,2,,single
1790423195,868770,1,,single
1790423196,1459010,1,,single
1790423197,1534180,1,,single
1790423199,655550,0,,single
1790423200,286280,0,,single
1790423202,1783680,4,,single
1790423203,1281490,0,,single
1790423205,958480,0,,single
1790423206,505060,0,,single
1790423207,4870,21,,single
1790423209,936180,17,,single
1790423210,1151740,0,,single
1790423212,70900,0,,single
1790423213,2204170,0,,single
1790423214,657280,3,,single
1790423216,491220,2,,single
1790423217,1641890,1,,single
1790423219,306630,7,,single
1790423220,2707040,0,,single
1790423221,1870320,0,,single
1790423223,949050,6,,single
1790423224,576810,0,,single
1790423226,2017610,0,,single
1790423227,2506580,0,,single
1790423229,386640,0,,single
1790423230,283560,0,,single
1790423231,864300,0,,single
1790423233,675240,0,,single
1790423235,2139840,2,,single
1790423236,12690,3,,single
1790423238,400790,2,,single
1790423239,2094600,0,,single
1790423240,2153770,15,,single
1790423242,1790340,1,,single
1790423243,1125710,0,,single
1790423245,622060,0,,single
1790423246,371510,1,,single
1790423248,2289390,9,,single
1790423249,2888120,688,,single
1790423250,1054950,0,,single
1790423252,2171560,0,,single
1790423253,412460,4,,single
1790423255,1668080,3,,single
1790423256,1087270,0,,single
1790423258,453820,0,,single
1790423259,742480,1,,single
1790423260,1469170,8,,single
1790423262,267130,0,,single
1790423263,1791910,4,,single
1790423265,962090,0,,single
1790423266,1554600,1,,single
1790423268,1010850,4,,single
1790423269,603020,0,,single
1790423270,771810,1,,single
1790423272,401690,0,,single
1790423273,830980,1,,single
1790423275,1633370,35,,single
1790423276,1689350,0,,single
1790423278,1422430,0,,single
1790423279,1026400,0,,single
1790423281,1742610,1,,single
1790423282,2784620,1,,single
1790423283,1248800,1,,single
1790423285,428340,0,,single
1790423286,909190,0,,single
1790423288,935070,0,,single
1790423289,828960,0,,single
1790423291,442290,0,,single
1790423292,1395850,1,,single
1790423293,629960,0,,single
1790423295,579490,8,,single
1790423296,1410830,0,,single
1790423298,1163600,24,,single
1790423299,2506480,16,,single
1790423301,2321880,0,,single
1790423302,2288070,6,,single
1790423303,2260530,3,,single
1790423305,2744880,427,,single
1790423306,1988830,0,,single
1790423308,834150,0,,single
1790423309,1194700,1,,single
1790423311,1122100,0,,single
1790423312,589420,0,,single
1790423314,889080,7,,single
1790423315,2176900,4,,single
1790423316,944770,143,,single
1790423318,344860,0,,single
1790423319,1231460,0,,single
1790423321,1300600,0,,single
1790423322,355240,0,,single
1790423324,844670,3,,single
1790423325,418440,0,,single
1790423326,2231190,0,,single
1790423328,392410,0,,single
1790423329,755470,0,,single
1790423330,2137470,3,,single
1790423332,407600,0,,single
1790423333,319470,0,,single
1790423335,1374480,1,,single
1790423336,1811740,0,,single
1790423337,905490,0,,single
1790423339,205810,3,,single
1790423340,2259210,2,,single
1790423342,2261350,5,,single
1790423343,3034130,0,,single
1790423345,1179560,0,,single
1790423346,1477770,0,,single
1790423347,664090,0,,single
1790423349,372930,2,,single
1790423350,401760,0,,single
1790423352,326120,0,,single
1790423353,1793030,123,,single
1790423355,504000,1,,single
1790423356,2111090,0,,single
1790423357,573770,0,,single
1790423359,1322290,1,,single
1790423360,1789650,0,,single
1790423362,2276420,2,,single
1790423363,1666510,2,,single
1790423365,1126750,3,,single
1790423366,1708190,0,,single
1790423367,1314820,58,,single
1790423369,1066180,2,,single
1790423370,1787790,0,,single
1790423372,1818280,0,,single
1790423374,709410,1,,single
1790423375,559960,0,,single
1790423377,2817530,1,,single
1790423378,384750,0,,single
1790423379,8790,0,,single
1790423381,474910,2,,single
1790423382,299420,0,,single
1790423384,305920,0,,single
1790423386,448080,5,,single
1790423387,555640,1,,single
1790423388,48900,1,,single
1790423390,951670,1,,single
1790423392,536750,1,,single
1790423393,2435180,1,,single
1790423395,742460,1,,single
1790423396,3134550,2,,single
1790423397,1404660,1,,single
1790423399,612520,28,,single
1790423400,1262060,1,,single
1790423402,541930,0,,single
1790423403,599560,0,,single
1790423405,1338250,0,,single
1790423406,2149420,1,,single
1790423408,369030,0,,single
1790423409,449250,0,,single
1790423411,1035750,0,,single
1790423412,1819160,0,,single
1790423413,473530,0,,single
1790423415,2005090,0,,single
1790423417,307570,0,,single
1790423418,403690,0,,single
1790423420,321030,0,,single
1790423421,994020,0,,single
1790423423,23700,0,,single
1790423424,338820,3,,single
1790423426,741250,1,,single
1790423429,1454500,3,,single
1790423430,596000,0,,single
1790423432,910450,1,,single
1790423433,1188080,0,,single
1790423434,382420,0,,single
1790423436,741990,1,,single
1790423437,322970,0,,single
1790423439,568720,1,,single
1790423440,458830,1,,single
1790423442,274480,2,,single
1790423443,2146570,0,,single
1790423445,1694750,1,,single
1790423446,2453610,0,,single
1790423448,959860,0,,single
1790423449,42210,0,,single
1790423451,989550,0,,single
1790423452,373750,1,,single
1790423454,2125420,2,,single
1790423455,1188970,0,,single
1790423457,2189640,0,,single
1790423458,2191480,21,,single
1790423460,277500,0,,single
1790423461,347000,0,,single
1790423462,584370,3,,single
1790423464,497800,0,,single
1790423465,962630,0,,single
1790423467,1361860,1,,single
1790423468,1431240,0,,single
1790423469,338530,0,,single
1790423471,444800,0,,single
1790423472,716260,1,,single
1790423473,383330,0,,single
1790423475,467760,0,,single
1790423476,1140570,0,,single
1790423478,2786100,0,,single
1790423479,2393770,4,,single
1790423481,406940,1,,single
1790423482,251910,0,,single
1790423484,528160,0,,single
1790423485,200670,1,,single
1790423486,490860,3,,single
1790423488,1134480,1,,single
1790423489,1886830,1,,single
1790423491,1946430,3,,single
1790423492,1122040,1,,single
1790423494,1015730,0,,single
1790423495,1530340,47,,single
1790423497,513570,1,,single
1790423498,1347450,2,,single
1790423500,605830,0,,single
1790423501,622680,1,,single
1790423503,1399750,2,,single
1790423504,1925970,1,,single
1790423505,515570,86,,single
1790423507,2310160,0,,single
1790423509,2626970,0,,single
1790423510,3162110,0,,single
1790423512,337850,3,,single
1790423513,1593780,3,,single
1790423514,523160,1,,single
1790423516,1400070,0,,single
1790423517,397160,0,,single
1790423519,586970,999,,single
1790423520,1363360,0,,single
1790423522,966530,0,,single
1790423523,15240,7,,single
1790423525,1728840,3,,single
1790423526,344190,1,,single
1790423528,2765460,0,,single
1790423529,292160,6,,single
1790423531,444160,0,,single
1790423532,1197220,0,,single
1790423533,364910,1,,single
1790423535,273620,0,,single
1790423536,1585540,1,,single
1790423538,536560,2,,single
1790423539,925460,0,,single
1790423541,2452920,0,,single
1790423542,454200,0,,single
1790423543,964040,4,,single
1790423545,1627840,1,,single
1790423546,223000,1,,single
1790423548,623700,1,,single
1790423549,399520,0,,single
1790423551,1453790,1,,single
1790423552,1683100,0,,single
1790423554,2930320,1,,single
1790423555,468070,9,,single
1790423557,294530,11,,single
1790423558,3057760,0,,single
1790423560,1587710,0,,single
1790423561,2019300,55,,single
1790423563,302310,1,,single
1790423564,1739070,0,,single
1790423566,424780,10,,single
1790423567,1489410,0,,single
1790423568,1074190,2,,single
1790423570,2220870,3,,single
1790423572,1372000,1,,single
1790423573,612620,0,,single
1790423575,634120,0,,single
1790423576,646100,0,,single
1790423577,1895860,43,,single
1790423579,571890,2,,single
1790423580,1082930,0,,single
1790423582,1780370,0,,single
1790423583,294830,1,,single
1790423585,2655580,1,,single
1790423586,1729940,2,,single
1790423587,18120,0,,single
1790423589,1508750,6,,single
1790423591,1659210,0,,single
1790423592,500580,1,,single
1790423594,1702390,11,,single
1790423595,686440,0,,single
1790423597,271550,1,,single
1790423598,334030,0,,single
1790423600,4520,2,,single
1790423601,1460040,0,,single
1790423602,386870,0,,single
1790423604,949600,0,,single
1790423605,200550,0,,single
1790423607,285130,0,,single
1790423608,1650550,1,,single
1790423609,754620,0,,single
1790423611,451920,69,,single
1790423613,928390,2,,single
1790423614,1337530,0,,single
1790423616,760330,0,,single
1790423617,1716940,0,,single
1790423619,877850,2,,single
1790423620,527420,1,,single
1790423622,851280,0,,single
1790423623,1608550,2,,single
1790423625,348540,0,,single
1790423626,375130,0,,single
1790423628,1426120,0,,single
1790423629,600720,7,,single
1790423631,634410,0,,single
1790423632,658970,6,,single
1790423634,1105620,0,,single
1790423635,1829470,1,,single
1790423637,251210,0,,single
1790423638,1862840,1,,single
1790423640,606480,0,,single
1790423641,270490,0,,single
1790423642,1546440,1,,single
1790423644,754350,3,,single
1790423645,516130,0,,single
1790423647,2693460,0,,single
1790423649,446990,1,,single
1790423650,352780,0,,single
1790423652,1346960,0,,single
1790423653,545600,2,,single
1790423655,389250,6,,single
1790423656,1209770,0,,single
1790423657,1982150,0,,single
1790423659,290000,0,,single
1790423660,2068980,6,,single
1790423662,1721530,1,,single
1790423663,447170,2,,single
1790423665,299600,0,,single
1790423666,1452500,1,,single
1790423668,1448000,0,,single
1790423669,946990,0,,single
1790423671,1550840,3,,single
1790423672,1084480,0,,single
1790423674,1318790,1,,single
1790423675,415960,74,,single
1790423677,358460,5,,single
1790423679,1109360,2,,single
1790423681,350770,0,,single
1790423682,49900,0,,single
1790423683,317320,0,,single
1790423685,1279260,0,,single
1790423687,1583500,6,,single
1790423688,254840,2,,single
1790423690,1972410,1,,single
1790423691,1301220,0,,single
1790423692,285090,0,,single
1790423694,331980,0,,single
1790423695,38230,2,,single
1790423697,490910,1,,single
1790423698,577410,0,,single
1790423700,262190,0,,single
1790423701,555050,0,,single
1790423703,25700,0,,single
1790423704,567980,1,,single
1790423705,1184840,2,,single
1790423707,1252300,0,,single
1790423708,828580,0,,single
1790423710,2054740,3,,single
1790423711,733740,0,,single
1790423714,1557860,9,,single
1790423716,831570,2,,single
1790423717,8890,0,,single
1790423718,226820,1,,single
1790423720,404690,0,,single
1790423721,529950,0,,single
1790423723,981590,11,,single
1790423726,1200110,1,,single
1790423727,1022780,0,,single
1790423729,365050,0,,single
1790423730,18050,1,,single
1790423732,704640,3,,single
1790423733,1021670,1,,single
1790423735,673190,1,,single
1790423736,1460750,0,,single
1790423738,1094060,0,,single
1790423739,570420,0,,single
1790423741,389870,0,,single
1790423742,438920,2,,single
1790423743,361690,1,,single
1790423745,924650,0,,single
1790423746,1528810,1,,single
1790423748,599000,5,,single
1790423749,1266100,3,,single
1790423751,780750,0,,single
1790423752,1010270,0,,single
1790423754,9710,3,,single
1790423755,2152990,0,,single
1790423756,2055500,0,,single
1790423758,1425730,6,,single
1790423760,1091010,24,,single
1790423761,881040,0,,single
1790423762,1147890,2,,single
1790423764,312350,11,,single
1790423765,1192810,0,,single
1790423767,603800,0,,single
1790423768,1241040,2,,single
1790423770,710600,0,,single
1790423771,260650,0,,single
1790423773,1161880,1,,single
1790423774,339210,1,,single
1790423776,1027250,2,,single
1790423777,286770,0,,single
1790423779,772290,0,,single
1790423780,349760,0,,single
1790423782,420210,0,,single
1790423783,448400,10,,single
1790423785,677020,1,,single
1790423786,310110,0,,single
1790423788,1228560,0,,single
1790423789,372940,1,,single
1790423791,972010,1,,single
1790423792,260690,0,,single
1790423794,1460540,0,,single
1790423795,1722760,8,,single
1790423797,1222210,19,,single
1790423798,324090,2,,single
1790423800,1401220,0,,single
1790423801,1394930,10,,single
1790423802,1253610,60,,single
1790423804,2021210,16,,single
1790423805,547900,22,,single
1790423807,1021800,0,,single
1790423808,1217830,0,,single
1790423810,1156730,0,,single
1790423811,1092530,0,,single
1790423813,259410,0,,single
1790423814,388970,0,,single
1790423816,1276810,0,,single
1790423817,1755030,0,,single
1790423819,751500,2,,single
1790423820,255260,7,,single
1790423822,1301010,1,,single
1790423823,594050,1,,single
1790423825,462940,12,,single
1790423827,37210,5,,single
1790423828,875800,5,,single
1790423830,837460,0,,single
1790423831,356890,1,,single
1790423833,539450,1,,single
1790423834,424200,0,,single
1790423836,869840,0,,single
1790423837,950050,1,,single
1790423838,1168610,1,,single
1790423840,370070,0,,single
1790423841,606330,0,,single
1790423843,1020540,0,,single
1790423844,865940,3,,single
1790423846,527990,0,,single
1790423847,1572340,0,,single
1790423849,541920,0,,single
1790423850,63110,1,,single
1790423852,1518220,2,,single
1790423853,895420,1,,single
1790423855,438000,0,,single
1790423856,275510,1,,single
1790423858,1430970,5,,single
1790423859,2202470,0,,single
1790423860,939000,0,,single
1790423862,691390,0,,single
1790423863,684270,1,,single
1790423865,362610,0,,single
1790423866,1056750,3,,single
1790423868,1393270,0,,single
1790423869,916050,0,,single
1790423871,1772060,2,,single
1790423872,2105660,0,,single
1790423874,561740,0,,single
1790423875,355020,1,,single
1790423877,1750710,0,,single
1790423878,2300300,1,,single
1790423880,1458900,2,,single
1790423881,1582290,0,,single
1790423883,473470,0,,single
1790423884,1454540,4,,single
1790423886,1610,13,,single
1790423887,816430,1,,single
1790423889,253790,0,,single
1790423890,451980,0,,single
1790423892,1558990,3,,single
1790423893,1457630,13,,single
1790423895,1524550,0,,single
1790423896,1933990,21,,single
1790423897,1393320,2,,single
1790423899,656880,1,,single
1790423900,2444350,1,,single
1790423902,265470,0,,single
1790423903,396280,1,,single
1790423905,1770400,0,,single
1790423907,704360,0,,single
1790423908,291030,0,,single
1790423910,1152810,0,,single
1790423911,536780,2,,single
1790423912,415920,0,,single
1790423914,311860,1,,single
1790423916,1674640,0,,single
1790423918,1236780,4,,single
1790423919,1859370,9,,single
1790423921,299110,0,,single
1790423922,415840,1,,single
1790423924,1114870,0,,single
1790423925,626660,0,,single
1790423926,400580,0,,single
1790423928,2443780,0,,single
1790423929,656510,0,,single
1790423931,338130,6,,single
1790423932,1018680,39,,single
1790423934,977570,0,,single
1790423935,342190,1,,single
1790423937,461170,0,,single
1790423938,512020,0,,single
1790423940,9850,5,,single
1790423941,1469690,0,,single
1790423943,1960110,7,,single
1790423944,1783800,0,,single
1790423946,1325470,1,,single
1790423947,833140,5,,single
1790423949,710780,0,,single
1790423950,491650,1,,single
1790423952,11550,0,,single
1790423953,787110,0,,single
1790423955,1333410,1,,single
1790423956,1055850,0,,single
1790423958,464850,2,,single
1790423959,749800,0,,single
1790423961,1480480,2,,single
1790423962,741150,12,,single
1790423963,300630,3,,single
1790423965,872680,0,,single
1790423967,1373930,1,,single
1790423968,1508740,11,,single
1790423969,1023690,2,,single
1790423971,2205290,0,,single
1790423972,762610,0,,single
1790423974,1542110,1,,single
1790423975,783590,0,,single
1790423977,411320,14,,single
1790423978,1147130,1,,single
1790423980,385150,0,,single
1790423981,733800,1,,single
1790423983,1054710,0,,single
1790423984,362090,2,,single
1790423986,446540,0,,single
1790423987,2086140,0,,single
1790423989,528250,2,,single
1790423990,289260,1,,single
1790423992,1437050,0,,single
1790423993,453910,1,,single
1790423995,1167320,0,,single
1790423996,603150,0,,single
1790423998,375180,0,,single
1790423999,297290,0,,single
1790424001,420880,0,,single
1790424002,1414020,1,,single
1790424003,379960,0,,single
1790424005,61100,0,,single
1790424006,1781350,7,,single
1790424008,358830,0,,single
1790424010,245410,3,,single
1790424011,277700,0,,single
1790424012,2013300,0,,single
1790424014,1458920,5,,single
1790424016,672860,39,,single
1790424017,1727000,1,,single
1790424018,94620,0,,single
1790424023,1155120,1,,single
1790424027,2422090,22,,single
1790424028,1494110,0,,single
1790424030,1249110,0,,single
1790424031,619210,0,,single
1790424034,1779560,0,,single
1790424035,2020030,1,,single
1790424037,543390,0,,single
1790424038,734550,0,,single
1790424040,394220,0,,single
1790424041,1490340,0,,single
1790424043,266030,0,,single
1790424044,46570,0,,single
1790424046,953900,0,,single
1790424048,1669360,0,,single
1790424049,31850,2,,single
1790424051,738610,0,,single
1790424052,496350,1,,single
1790424053,673850,0,,single
1790424055,450700,0,,single
1790424056,1393500,9,,single
1790424058,752500,0,,single
1790424060,502230,5,,single
1790424061,358080,0,,single
1790424063,18070,0,,single
1790424064,517360,2,,single
1790424066,349140,0,,single
1790424067,361380,0,,single
1790424069,396090,0,,single
1790424070,456540,0,,single
1790424072,429530,2,,single
1790424073,1859490,0,,single
1790424074,653220,0,,single
1790424076,32610,1,,single
1790424077,416040,0,,single
1790424079,1923680,11,,single
1790424080,1529470,0,,single
1790424082,1005910,0,,single
1790424083,2109430,0,,single
1790424085,788420,0,,single
1790424086,1378070,1,,single
1790424088,544180,23,,single
1790424089,791150,0,,single
1790424091,1378890,1,,single
1790424092,1304090,0,,single
1790424094,1676910,1,,single
1790424095,857010,0,,single
1790424097,1061610,2,,single
1790424099,428190,0,,single
1790424100,1292500,1,,single
1790424102,502570,42,,single
1790424103,517780,0,,single
1790424105,567080,2,,single
1790424106,1356180,15,,single
1790424107,1826570,0,,single
1790424109,522090,0,,single
1790424110,1864790,3,,single
1790424112,1502790,0,,single
1790424113,304910,1,,single
1790424115,1728660,0,,single
1790424116,494600,2,,single
1790424118,1033080,0,,single
1790424119,558790,1,,single
1790424120,506510,0,,single
1790424122,1259000,0,,single
1790424123,1057780,0,,single
1790424125,1054580,2,,single
1790424126,1293040,0,,single
1790424128,1308500,0,,single
1790424129,1005400,0,,single
1790424130,1184560,1,,single
1790424132,330720,0,,single
1790424133,2362420,13,,single
1790424135,922630,0,,single
1790424136,1522950,0,,single
1790424138,1872790,0,,single
1790424139,880220,0,,single
1790424140,1081670,0,,single
1790424142,1812180,1,,single
1790424143,593620,0,,single
1790424145,328470,0,,single
1790424146,208110,3,,single
1790424148,2377420,7,,single
1790424149,253350,0,,single
1790424150,289440,1,,single
1790424152,839420,0,,single
1790424153,346950,0,,single
1790424155,689070,0,,single
1790424156,889700,3,,single
1790424158,296730,0,,single
1790424159,600420,2,,single
1790424161,43100,0,,single
1790424162,1277500,0,,single
1790424164,2348650,2,,single
1790424166,2216600,6,,single
1790424167,1073810,0,,single
1790424168,770460,0,,single
1790424170,760460,1,,single
1790424171,276340,3,,single
1790424173,1890520,0,,single
1790424174,958530,2,,single
1790424176,780820,0,,single
1790424177,1597400,3,,single
1790424178,1090670,1,,single
1790424180,1687960,0,,single
1790424181,838410,3,,single
1790424183,300340,0,,single
1790424184,866420,1,,single
1790424186,2516360,6,,single
1790424187,977500,2,,single
1790424189,350530,0,,single
1790424190,1272070,0,,single
1790424191,933540,21,,single
1790424193,1218890,0,,single
1790424194,976500,0,,single
1790424196,699780,1,,single
1790424197,587810,3,,single
1790424198,347710,0,,single
1790424200,735350,0,,single
1790424201,399420,0,,single
1790424203,1079000,0,,single
1790424204,737870,5,,single
1790424206,734330,3,,single
1790424207,507380,0,,single
1790424209,1763830,0,,single
1790424210,511140,0,,single
1790424211,365890,0,,single
1790424213,471920,0,,single
1790424214,1424600,0,,single
1790424215,2153780,0,,single
1790424217,2125160,0,,single
1790424218,1399090,0,,single
1790424220,679660,0,,single
1790424221,1355780,0,,single
1790424222,377880,3,,single
1790424224,798280,0,,single
1790424225,217290,0,,single
1790424227,874460,0,,single
1790424228,1461200,1,,single
1790424229,964130,4,,single
1790424231,291930,0,,single
1790424232,532770,0,,single
1790424233,2400880,0,,single
1790424235,1745690,0,,single
1790424236,1383630,1,,single
1790424238,1454160,4,,single
1790424239,1109160,0,,single
1790424240,312790,0,,single
1790424242,2336590,2,,single
1790424243,1553320,0,,single
1790424245,204940,0,,single
1790424246,821610,5,,single
1790424247,262210,1,,single
1790424249,744050,1,,single
1790424250,521230,0,,single
1790424252,1173590,5,,single
1790424253,1240480,1,,single
1790424255,1338460,1,,single
1790424256,965600,0,,single
1790424258,1748660,3,,single
1790424259,377450,0,,single
1790424261,920520,0,,single
1790424262,1431350,2,,single
1790424263,2124470,6,,single
1790424265,794270,0,,single
1790424266,595460,0,,single
1790424268,1431040,1,,single
1790424269,1228500,1,,single
1790424271,1033170,1,,single
1790424272,552460,4,,single
1790424273,251450,0,,single
1790424275,491260,0,,single
1790424276,1811600,3,,single
1790424278,489020,0,,single
1790424279,1127970,0,,single
1790424281,573060,2,,single
1790424282,1895820,0,,single
1790424283,441350,0,,single
1790424285,1492160,0,,single
1790424286,2305180,0,,single
1790424288,1400290,0,,single
1790424290,690120,1,,single
1790424291,1179060,0,,single
1790424293,264560,0,,single
1790424296,1835870,0,,single
1790424298,1227400,0,,single
1790424299,349520,0,,single
1790424300,1010670,2,,single
1790424302,1269820,2,,single
1790424303,2093000,2,,single
1790424305,648780,1,,single
1790424306,527190,0,,single
1790424308,395760,0,,single
1790424309,317300,0,,single
1790424311,1352740,0,,single
1790424312,1273220,0,,single
1790424314,613670,1,,single
1790424316,921070,0,,single
1790424317,709240,0,,single
1790424319,859700,0,,single
1790424320,1786010,0,,single
1790424322,2250550,5,,single
1790424323,1063790,4,,single
1790424325,396850,0,,single
1790424328,1638950,4,,single
1790424329,1281860,0,,single
1790424331,1185490,0,,single
1790424332,1838970,5,,single
1790424333,637060,1,,single
1790424335,453300,0,,single
1790424336,1399700,0,,single
1790424338,200130,2,,single
1790424339,666940,0,,single
1790424341,1282760,0,,single
1790424342,1461030,2,,single
1790424344,970840,2,,single
1790424345,1094920,0,,single
1790424347,1077340,1,,single
1790424348,431280,0,,single
1790424350,370550,5,,single
1790424351,450440,0,,single
1790424352,1684670,0,,single
1790424354,2180550,1,,single
1790424355,990360,0,,single
1790424357,423900,0,,single
1790424358,395560,0,,single
1790424360,555290,0,,single
1790424362,448630,1,,single
1790424363,1076600,0,,single
1790424364,1808130,0,,single
1790424366,856890,2,,single
1790424367,1480810,7,,single
1790424369,1319550,0,,single
1790424370,344500,0,,single
1790424372,2059280,0,,single
1790424373,411980,1,,single
1790424375,450950,0,,single
1790424376,4460,6,,single
1790424378,1531250,0,,single
1790424380,1014140,1,,single
1790424381,1152320,7,,single
1790424382,740810,0,,single
1790424384,472420,0,,single
1790424385,1755300,13,,single
1790424387,420970,0,,single
1790424388,1437860,71,,single
1790424390,542780,1,,single
1790424391,332400,90,,single
1790424393,1969060,2,,single
1790424394,325790,1,,single
1790424395,1174860,12,,single
1790424397,827050,3,,single
1790424398,433670,0,,single
1790424400,1785300,0,,single
1790424401,410390,0,,single
1790424403,357670,0,,single
1790424404,1715980,0,,single
1790424406,787510,9,,single
1790424407,953870,2,,single
1790424409,2337140,1,,single
1790424410,314470,2,,single
1790424412,941650,0,,single
1790424413,416870,5,,single
1790424415,1229500,0,,single
1790424416,281860,1,,single
1790424417,35300,2,,single
1790424419,1836030,9,,single
1790424420,1709350,1,,single
1790424422,2013120,0,,single
1790424423,1623420,0,,single
1790424424,2091960,0,,single
1790424426,2620500,3,,single
1790424427,1046660,1,,single
1790424428,327440,0,,single
1790424430,1947940,0,,single
1790424431,270770,0,,single
1790424433,2562240,0,,single
1790424434,574260,3,,single
1790424435,1379600,0,,single
1790424437,2398940,0,,single
1790424438,1750110,1,,single
1790424440,556160,0,,single
1790424441,1233540,0,,single
1790424443,1947530,1,,single
1790424444,31820,2,,single
1790424445,1882280,33,,single
1790424447,2402310,11,,single
1790424448,1878070,0,,single
1790424450,1388580,0,,single
1790424451,1451870,0,,single
1790424453,356910,0,,single
1790424454,1597290,0,,single
1790424456,870690,1,,single
1790424457,1500380,0,,single
1790424458,31930,4,,single
1790424460,1433950,1,,single
1790424461,513740,0,,single
1790424463,348440,1,,single
1790424464,2644010,5,,single
1790424466,1298080,0,,single
1790424467,331880,2,,single
1790424468,2486930,17,,single
1790424470,517330,1,,single
1790424471,347590,6,,single
1790424473,1114950,1,,single
1790424474,1302780,0,,single
1790424475,3430,2,,single
1790424477,1127850,0,,single
1790424478,603700,0,,single
1790424480,1707870,0,,single
1790424481,714250,0,,single
1790424482,607210,0,,single
1790424484,624890,0,,single
1790424485,447200,2,,single
1790424487,834880,2,,single
1790424488,2293420,0,,single
1790424490,451130,4,,single
1790424491,286660,0,,single
1790424493,1238520,0,,single
1790424494,474050,0,,single
1790424496,259640,0,,single
1790424497,1292170,14,,single
1790424499,1037080,0,,single
1790424500,385530,0,,single
1790424502,1991850,12,,single
1790424503,1617220,1,,single
1790424505,1106830,1,,single
1790424506,1015710,0,,single
1790424507,1185600,0,,single
1790424509,1038810,1,,single
1790424510,38460,1,,single
1790424512,699700,0,,single
1790424513,363110,227,,single
1790424515,1945230,3,,single
1790424516,1271090,1,,single
1790424518,2247820,1,,single
1790424519,724000,0,,single
1790424521,861270,5,,single
1790424522,1608560,1,,single
1790424524,1361110,0,,single
1790424525,575860,0,,single
1790424526,2297650,1,,single
1790424528,1341170,9,,single
1790424529,771240,0,,single
1790424530,1814490,3,,single
1790424532,23300,0,,single
1790424533,330100,1,,single
1790424534,2527660,0,,single
1790424536,1209140,0,,single
1790424537,587180,0,,single
1790424539,364510,2,,single
1790424540,291690,0,,single
1790424542,528720,0,,single
1790424543,313390,1,,single
1790424544,252970,0,,single
1790424546,378110,0,,single
1790424547,42220,3,,single
1790424548,332330,1,,single
1790424550,978470,0,,single
1790424551,615970,0,,single
1790424553,1325800,0,,single
1790424554,1233950,0,,single
1790424555,950990,1,,single
1790424557,635390,1,,single
1790424558,1161640,1,,single
1790424560,302470,3,,single
1790424561,281060,0,,single
1790424562,315920,0,,single
1790424564,501970,0,,single
1790424566,1523390,0,,single
1790424567,1777750,1,,single
1790424568,457890,0,,single
1790424570,311910,4,,single
1790424571,574270,0,,single
1790424573,287720,0,,single
1790424574,1154120,0,,single
1790424576,788210,3,,single
1790424577,434430,0,,single
1790424578,15160,4,,single
1790424580,1475460,0,,single
1790424581,523150,4,,single
1790424583,7730,0,,single
1790424584,2342030,33,,single
1790424586,1229420,0,,single
1790424587,1153210,0,,single
1790424588,974910,0,,single
1790424590,2229350,1,,single
1790424592,284100,0,,single
1790424593,1963510,1,,single
1790424594,1311700,4,,single
1790424596,458030,0,,single
1790424597,1309200,0,,single
1790424599,930640,0,,single
1790424600,591790,0,,single
1790424602,1345760,2,,single
1790424603,598530,4,,single
1790424605,750990,0,,single
1790424606,1829650,1,,single
1790424608,1897050,0,,single
1790424609,696560,0,,single
1790424611,1496180,1,,single
1790424612,343340,0,,single
1790424613,415400,0,,single
1790424616,1223020,0,,single
1790424617,1040820,0,,single
1790424618,439800,1,,single
1790424620,2009380,0,,single
1790424621,1662080,0,,single
1790424623,396860,0,,single
1790424626,2444000,1,,single
1790424628,727570,0,,single
1790424629,1210230,0,,single
1790424631,514660,2,,single
1790424633,34810,0,,single
1790424634,579230,0,,single
1790424636,1316160,0,,single
1790424637,283000,1,,single
1790424638,364820,1,,single
1790424640,1535780,1,,single
1790424641,1041710,44,,single
1790424643,1351450,1,,single
1790424644,590720,0,,single
1790424646,320630,1,,single
1790424647,585190,0,,single
1790424649,867050,2,,single
1790424650,1128900,0,,single
1790424652,15930,4,,single
1790424653,1289990,1,,single
1790424655,1324270,0,,single
1790424656,1039830,0,,single
1790424658,16120,5,,single
1790424660,2685490,2,,single
1790424661,2574840,0,,single
1790424662,1644840,0,,single
1790424664,449170,1,,single
1790424665,1302860,1,,single
1790424667,518670,1,,single
1790424669,2384610,8,,single
1790424670,2051420,2,,single
1790424671,1273540,0,,single
1790424673,385260,0,,single
1790424675,2422110,0,,single
1790424676,662190,3,,single
1790424677,1833300,1,,single
1790424679,1532250,1,,single
1790424680,1551160,8,,single
1790424682,489170,0,,single
1790424683,1852830,1,,single
1790424684,1622710,8,,single
1790424686,428830,0,,single
1790424687,393610,0,,single
1790424688,407720,0,,single
1790424690,718940,1,,single
1790424691,612540,16,,single
1790424693,473970,0,,single
1790424694,408960,0,,single
1790424695,628440,0,,single
1790424697,2175250,12,,single
1790424698,1146170,0,,single
1790424699,543180,0,,single
1790424701,1804170,2,,single
1790424702,2119650,22,,single
1790424704,4731620,1007,,single
1790424705,4734170,0,,single
1790424706,4836540,88,,single
1790424708,4740420,2,,single
1790424709,4773840,87,,single
1790424711,4804480,209,,single
1790424712,4830880,38,,single
1790424713,4794380,36,,single
1790424715,4808310,426,,single
1790424716,4754090,0,,single
1790424717,4230,0,,single
1790424719,18420,1,,single
1790424720,31860,1,,single
1790424722,31910,2,,single
1790424723,32730,1,,single
1790424725,38120,8,,single
1790424726,60800,1,,single
1790424727,73220,3,,single
1790424729,216210,2,,single
1790424730,233310,1,,single
1790424732,244750,0,,single
1790424733,254820,2,,single
1790424735,289360,3,,single
1790424736,294680,7,,single
1790424737,303260,0,,single
1790424739,335120,1,,single
1790424740,341170,0,,single
1790424742,343390,0,,single
1790424743,352620,0,,single
1790424745,370300,1,,single
1790424746,387060,0,,single
1790424747,389460,0,,single
1790424749,406160,1,,single
1790424751,412480,0,,single
1790424752,426050,0,,single
1790424753,432940,1,,single
1790424755,443370,3,,single
1790424756,464260,1,,single
1790424758,466490,0,,single
1790424759,482890,2,,single
1790424761,499420,0,,single
1790424762,513930,1,,single
1790424764,529890,0,,single
1790424765,539300,8,,single
1790424767,551080,0,,single
1790424768,553610,0,,single
1790424769,557750,1,,single
1790424771,559310,6,,single
1790424772,563120,2,,single
1790424774,565550,0,,single
1790424775,570970,2,,single
1790424776,572740,3,,single
1790424778,575680,1,,single
1790424779,576960,1,,single
1790424780,581200,0,,single
1790424782,593900,2,,single
1790424783,599880,0,,single
1790424785,603010,0,,single
1790424786,616520,0,,single
1790424787,617710,28,,single
1790424789,632050,1,,single
1790424790,647040,0,,single
1790424792,651340,1,,single
1790424793,661680,0,,single
1790424794,675610,5,,single
1790424796,684000,4,,single
1790424797,703980,2,,single
1790424799,721390,1,,single
1790424800,729460,3,,single
1790424801,739720,0,,single
1790424803,743940,0,,single
1790424804,762520,1,,single
1790424806,770070,0,,single
1790424807,812840,0,,single
1790424809,826010,0,,single
1790424810,842130,0,,single
1790424812,856210,0,,single
1790424813,896960,2,,single
1790424815,912840,0,,single
1790424816,942200,1,,single
1790424818,946880,4,,single
1790424819,954280,1,,single
1790424821,973220,0,,single
1790424822,977510,7,,single
1790424823,995070,1,,single
1790424825,1011290,0,,single
1790424826,1020910,0,,single
1790424827,1029980,17,,single
1790424829,1037120,2,,single
1790424830,1064010,0,,single
1790424831,1066760,1,,single
1790424833,1075080,1,,single
1790424834,1094660,0,,single
1790424836,1101270,0,,single
1790424837,1107620,0,,single
1790424838,1121530,6,,single
1790424840,1124160,2,,single
1790424841,1133500,0,,single
1790424843,1144300,1,,single
1790424844,1151130,0,,single
1790424846,1163040,0,,single
1790424847,1174500,0,,single
1790424849,1181000,5,,single
1790424850,1192610,0,,single
1790424852,1212100,0,,single
1790424853,1216870,2,,single
1790424854,1228360,0,,single
1790424856,1229390,0,,single
1790424857,1234730,21,,single
1790424859,1247190,1,,single
1790424860,1261760,0,,single
1790424861,1263620,1,,single
1790424863,1269500,6,,single
1790424864,1274200,0,,single
1790424865,1291660,0,,single
1790424867,1299290,4,,single
1790424868,1306180,4,,single
1790424870,1311570,1,,single
1790424871,1316760,1,,single
1790424873,1324030,4,,single
1790424874,1332990,1,,single
1790424876,1347630,1,,single
1790424878,1365760,11,,single
1790424879,1367690,1,,single
1790424880,1378360,0,,single
1790424882,1379550,0,,single
1790424883,1383570,1,,single
1790424885,1387350,3,,single
1790424886,1397110,0,,single
1790424888,1403740,2,,single
1790424889,1414650,0,,single
1790424891,1424050,1,,single
1790424892,1425250,0,,single
1790424894,1437850,14,,single
1790424895,1443620,1,,single
1790424897,1449780,0,,single
1790424898,1453900,1,,single
1790424900,1460490,2,,single
1790424901,1464380,0,,single
1790424902,1469220,1,,single
1790424904,1478850,3,,single
1790424905,1486440,1,,single
1790424907,1504760,0,,single
1790424908,1521810,0,,single
1790424910,1530450,0,,single
1790424911,1542790,0,,single
1790424913,1558000,1,,single
1790424915,1561960,1,,single
1790424916,1570510,10,,single
1790424918,1578160,3,,single
1790424919,1588090,0,,single
1790424921,1595000,0,,single
1790424922,1599780,2,,single
1790424923,1620040,3,,single
1790424925,1625230,0,,single
1790424926,1631850,0,,single
1790424928,1642580,16,,single
1790424929,1646790,10,,single
1790424931,1660290,1,,single
1790424932,1667400,2,,single
1790424934,1679010,2,,single
1790424935,1684080,0,,single
1790424937,1687530,5,,single
1790424938,1701950,0,,single
1790424940,1702830,1,,single
1790424941,1725950,11,,single
1790424943,1729140,0,,single
1790424944,1739000,1,,single
1790424946,1740660,3,,single
1790424947,1747830,2,,single
1790424949,1762550,9,,single
1790424950,1778210,6,,single
1790424952,1785940,0,,single
1790424953,1795510,0,,single
1790424954,1804270,0,,single
1790424956,1812420,2,,single
1790424957,1820140,0,,single
1790424959,1840710,3,,single
1790424960,1843470,25,,single
1790424962,1856190,0,,single
1790424963,1863080,0,,single
1790424964,1866430,0,,single
1790424966,1870700,5,,single
1790424967,1880610,2,,single
1790424969,1882580,5,,single
1790424970,1892790,0,,single
1790424971,1905530,5,,single
1790424973,1910600,0,,single
1790424974,1917850,2,,single
1790424976,1919040,0,,single
1790424977,1920540,1,,single
1790424979,1924180,0,,single
1790424980,1934300,3,,single
1790424982,1945590,0,,single
1790424983,1949010,0,,single
1790424985,1957760,4,,single
1790424986,1961760,0,,single
1790424987,1970060,1,,single
1790424989,1978100,7,,single
1790424990,1985740,3,,single
1790424992,1989320,0,,single
1790424993,2004180,1,,single
1790424994,2008410,0,,single
1790424996,2017620,10,,single
1790424997,2025840,0,,single
1790424999,2058340,0,,single
1790425000,2063480,2,,single
1790425001,2067350,3,,single
1790425003,2076260,7,,single
1790425004,2088360,8,,single
1790425006,2089450,25,,single
1790425008,2093610,2,,single
1790425009,2097890,0,,single
1790425010,2102490,9,,single
1790425012,2109060,0,,single
1790425013,2118540,0,,single
1790425015,2122090,4,,single
1790425016,2140570,4,,single
1790425018,2146170,25,,single
1790425019,2154240,3,,single
1790425021,2157710,0,,single
1790425022,2164310,1,,single
1790425023,2169120,2,,single
1790425025,2170370,1,,single
1790425026,2173760,2,,single
1790425028,2185030,6,,single
1790425029,2191490,20,,single
1790425031,2200580,0,,single
1790425032,2203040,9,,single
1790425034,2214000,0,,single
1790425036,2216120,1,,single
1790425037,2219820,1,,single
1790425038,2223740,5,,single
1790425040,2225480,6,,single
1790425041,2228030,0,,single
1790425043,2235500,0,,single
1790425045,2239130,1,,single
1790425046,2248890,1,,single
1790425047,2251580,0,,single
1790425049,2275940,4,,single
1790425050,2278790,2,,single
1790425052,2298690,4,,single
1790425053,2300340,1,,single
1790425055,2305900,2,,single
1790425056,2326020,0,,single
1790425057,2333240,20,,single
1790425059,2341070,0,,single
1790425060,2348730,0,,single
1790425062,2352640,0,,single
1790425063,2359170,0,,single
1790425065,2370170,47,,single
1790425066,2386870,1,,single
1790425067,2392500,13,,single
1790425069,2402280,3,,single
1790425070,2408920,3,,single
1790425072,2413190,17,,single
1790425073,2414550,0,,single
1790425075,2420240,2,,single
1790425076,2425150,7,,single
1790425077,2427100,35,,single
1790425079,2431700,1,,single
1790425080,2437570,1,,single
1790425082,2443770,28,,single
1790425083,2450820,0,,single
1790425084,2457030,1,,single
1790425086,2460920,3,,single
1790425087,2464460,0,,single
1790425089,2479740,0,,single
1790425090,2485190,87,,single
1790425091,2485750,0,,single
1790425093,2496920,6,,single
1790425094,2507610,3,,single
1790425096,2510850,1,,single
1790425097,2520410,2,,single
1790425099,2523890,4,,single
1790425100,2527460,2,,single
1790425101,2542140,0,,single
1790425103,2560500,0,,single
1790425104,2577180,0,,single
1790425106,2581750,1,,single
1790425107,2591010,0,,single
1790425109,2598980,1,,single
1790425110,2600700,1,,single
1790425111,2626860,1,,single
1790425113,2641490,0,,single
1790425114,2668000,3,,single
1790425116,2674190,2,,single
1790425117,2696780,0,,single
1790425119,2707110,3,,single
1790425120,2717750,0,,single
1790425122,2721530,1,,single
1790425123,2736860,37,,single
1790425124,2741390,18,,single
1790425126,2751230,5,,single
1790425127,2777740,0,,single
1790425129,2800450,3,,single
1790425130,2802790,0,,single
1790425132,2811100,7,,single
1790425133,2812480,0,,single
1790425135,2819030,1,,single
1790425136,2820140,70,,single
1790425137,2835530,16,,single
1790425139,2844500,0,,single
1790425140,2851770,0,,single
1790425142,2856370,1,,single
1790425143,2858150,4,,single
1790425144,2860990,2,,single
1790425146,2875280,0,,single
1790425147,2881800,24,,single
1790425149,2893260,1,,single
1790425150,2905090,3,,single
1790425152,2915950,35,,single
1790425153,2924310,2,,single
1790425155,2929170,40,,single
1790425156,2941660,10,,single
1790425158,2953560,0,,single
1790425159,2955590,0,,single
1790425160,2963890,1,,single
1790425162,2977570,1,,single
1790425163,2981650,1,,single
1790425165,2986370,3,,single
1790425166,2992500,3,,single
1790425168,2994240,2,,single
1790425169,2999030,6,,single
1790425170,3000120,0,,single
1790425172,3010460,31,,single
1790425173,3023190,48,,single
1790425175,3028730,0,,single
1790425176,3035990,1,,single
1790425178,3037180,3,,single
1790425179,3039500,66,,single
1790425181,3051470,4,,single
1790425182,3073580,2,,single
1790425184,3077670,0,,single
1790425185,3085890,2,,single
1790425186,3100210,0,,single
1790425188,3107590,2,,single
1790425189,3118160,1,,single
1790425191,3124550,20,,single
1790425192,3127000,1,,single
1790425194,3140990,34,,single
1790425195,3147190,2,,single
1790425197,3152540,9,,single
1790425198,3159900,1,,single
1790425200,3173130,4,,single
1790425201,3200460,0,,single
1790425203,3215190,2,,single
1790425204,3264820,0,,single
1790425205,3281130,30,,single
1790425207,3288460,0,,single
1790425208,3303780,0,,single
1790425209,3316470,1,,single
1790425211,3328900,12,,single
1790425212,3331000,4,,single
1790425214,3336530,3,,single
1790425215,3352300,1,,single
1790425216,3359200,10,,single
1790425218,3374720,1,,single
1790425219,3388870,6,,single
1790425221,3392510,6,,single
1790425222,3404380,1,,single
1790425224,3419780,1,,single
1790425225,3429910,0,,single
1790425226,3446200,2,,single
1790425228,3472890,190,,single
1790425229,3481320,0,,single
1790425231,3583060,0,,single
1790425232,3676960,0,,single
1790425233,707710,65,,single
1790425235,281520,0,,single
1790425236,532790,125,,single
1790425238,436780,64,,single
1790425239,299970,82,,single
1790425240,247970,32,,single
1790425242,1030300,9030,,single
1790425243,1808500,18733,,single
1790425244,2507950,113564,,single
1790425246,2868840,75386,,single
1790425247,1962700,2285,,single
1790425248,3321460,22563,,single
1790425250,3419430,175800,,single
1790425251,3405690,36458,,single
1790425252,2923300,3220,,single
1790425254,2483190,17879,,single
1790425255,3167020,3887,,single
1790425257,4704690,5325,,single
1790425258,3949040,6600,,single
1790425259,1172710,14437,,single
1790425261,3489700,2821,,single
1790425262,3008130,6203,,single
1790425264,3513350,10899,,single
1790425265,2943650,658,,single
1790425266,2524890,1274,,single
1790425268,3350200,141,,single
1790425269,2277560,1795,,single
1790425270,2138720,6499,,single
1790425272,3159330,4256,,single
1790425273,3357650,1753,,single
1790425275,3478870,1732,,single
1790425276,1282270,2191,,single
1790425277,2452280,1277,,single
1790425279,3557620,4332,,single
1790425280,3180070,275,,single
1790425281,1297900,2156,,single
1790425283,3472040,12281,,single
1790425284,2062430,1946,,single
1790425285,4197610,1883,,single
1790425287,2584990,7587,,single
1790425288,2504480,15,,single
1790425290,4128580,5714,,single
1790425291,2661300,3873,,single
1790425292,1941540,356,,single
1790425294,1118520,880,,single
1790425295,3274300,35,,single
1790425297,2584270,2559,,single
1790425298,2947440,602,,single
1790425299,4164420,1021,,single
1790425301,1588550,503,,single
1790425302,3716600,10,,single
1790425303,4126040,117297,,single
1790425305,3862670,168,,single
1790425306,1430190,318,,single
1790425308,3679080,2889,,single
1790425309,4025700,11459,,single
1790425310,3280350,2096,,single
1790425312,1601570,378,,single
1790425313,1617400,4510,,single
1790425314,1173370,118,,single
1790425316,2605790,346,,single
1790425317,1034140,56,,single
1790425319,2417610,285,,single
1790425320,3293260,1739,,single
1790425322,2784840,137,,single
1790425323,3219630,3281,,single
1790425324,4122860,133,,single
1790425326,2806050,230,,single
1790425327,3404260,350,,single
1790425328,1631270,1131,,single
1790425330,2432860,569,,single
1790425331,3274580,2168,,single
1790425333,3478050,621,,single
1790425334,2239140,292,,single
1790425335,2486820,263,,single
1790425337,2072560,1031,,single
1790425338,1757300,1511,,single
1790425339,3079210,1279,,single
1790425341,4570720,1489,,single
1790425342,3024040,2160,,single
1790425344,2186990,118,,single
1790425345,4421010,938,,single
1790425346,3722330,3606,,single
1790425348,3552140,355,,single
1790425349,3454610,12,,single
1790425351,2747330,508,,single
1790425352,1904480,232,,single
1790425353,2791440,117,,single
1790425355,3339420,572,,single
1790425356,3035120,94,,single
1790425358,2753900,772,,single
1790425359,2340650,32,,single
1790425361,2948190,1921,,single
1790425362,3917090,971,,single
1790425363,3372980,120,,single
1790425365,1963610,288,,single
1790425366,3606890,1135,,single
1790425367,1449110,370,,single
1790425369,2827200,674,,single
1790425370,3483740,242,,single
1790425372,3220060,142,,single
1790425373,3897800,25,,single
1790425375,4148240,863,,single
1790425376,2771670,4,,single
1790425378,3562120,460,,single
1790425379,1875580,133,,single
1790425381,3631290,52,,single
1790425382,3269960,23,,single
1790425383,3755860,245,,single
1790425385,3902430,433,,single
1790425386,4121170,156,,single
1790425388,2100280,328,,single
1790425389,3654560,822,,single
1790425391,2684630,240,,single
1790425392,2778610,84,,single
1790425393,2201320,135,,single
1790425395,4515660,20,,single
1790425396,2240620,76,,single
1790425398,2930160,3,,single
1790425399,2903690,454,,single
1790425400,2157830,129,,single
1790425402,2737070,714,,single
1790425403,2756920,81,,single
1790425404,3115220,158,,single
1790425406,2732960,763,,single
1790425408,3231090,610,,single
1790425409,2966320,492,,single
1790425410,3103840,204,,single
1790425412,2796550,10,,single
1790425413,3104410,2,,single
1790425415,2897760,104,,single
1790425416,2830030,49,,single
1790425418,3831120,66,,single
1790425419,3230400,577,,single
1790425421,2589500,158,,single
1790425422,2933290,19,,single
1790425423,2362060,1224,,single
1790425425,3092660,2461,,single
1790425426,1724190,118,,single
1790425428,4270390,51,,single
1790425429,2977660,117,,single
1790425431,2764460,1289,,single
1790425432,3767850,2621,,single
1790425433,2832330,468,,single
1790425435,2951630,488,,single
1790425436,2772560,115,,single
1790425437,1170570,15,,single
1790425443,3844970,493,,single
1790425445,1805320,573,,single
1790425446,2739590,448,,single
1790425448,4264230,237,,single
1790425449,2102040,39,,single
1790425451,1672810,205,,single
1790425452,4108000,3343,,single
1790425453,3110070,11,,single
1790425455,2879840,2228,,single
1790425456,1620730,116,,single
1790425458,2739990,771,,single
1790425459,3808690,836,,single
1790425460,4147820,398,,single
1790425462,3326230,321,,single
1790425463,3641000,192,,single
1790425465,2244210,179,,single
1790425466,3065940,424,,single
1790425467,3177920,53,,single
1790425469,3247750,67,,single
1790425470,3946950,216,,single
1790425472,3478700,1,,single
1790425473,3643170,173,,single
1790425474,2093940,115,,single
1790425476,2956680,105,,single
1790425477,1710820,22,,single
1790425478,3711590,512,,single
1790425480,2379740,2391,,single
1790425481,2764370,2254,,single
1790425483,2824490,75,,single
1790425484,1845250,332,,single
1790425485,3218710,760,,single
1790425487,3865150,23,,single
1790425488,3008200,31,,single
1790425489,2692440,836,,single
1790425491,4111170,94,,single
1790425492,2963870,89,,single
1790425494,4466620,361,,single
1790425495,4064510,33,,single
1790425497,3501070,103,,single
1790425498,2361770,65,,single
1790425499,1782460,97,,single
1790425501,4282500,3138,,single
1790425502,3889960,536,,single
1790425504,2253100,386,,single
1790425505,4739660,245,,single
1790425506,2581950,103,,single
1790425508,4015530,34,,single
1790425509,3692660,5,,single
1790425511,2419670,8,,single
1790425512,2885870,52,,single
1790425514,1962890,38,,single
1790425515,4131730,241,,single
1790425516,2350790,642,,single
1790425518,1067360,217,,single
1790425519,3503440,28,,single
1790425521,4113940,591,,single
1790425522,3180150,113,,single
1790425524,2941710,71,,single
1790425525,3706810,52,,single
1790425528,1368140,920,,single
1790425529,2289720,50,,single
1790425531,2920270,272,,single
1790425532,2654860,22,,single
1790425534,3114410,531,,single
1790425535,3142050,56,,single
1790425536,4358690,51314,,single
1790425538,2892880,249,,single
1790425539,3645890,133,,single
1790425541,3561220,1160,,single
1790425542,3985950,1919,,single
1790425544,3618390,251,,single
1790425545,2975950,246,,single
1790425547,3634520,136,,single
1790425548,3533100,75,,single
1790425550,3775050,5,,single
1790425551,3525970,151,,single
1790425552,2524850,65,,single
1790425554,2449710,108,,single
1790425555,3585800,87,,single
1790425557,2928600,126,,single
1790425558,3026450,418,,single
1790425560,3265250,6,,single
1790425561,2787320,74,,single
1790425563,4244510,621,,single
1790425564,1920430,28,,single
1790425565,4317690,106,,single
1790425567,2715650,6,,single
1790425569,2878600,21,,single
1790425570,2333480,1289,,single
1790425572,3570370,4,,single
1790425573,2954780,20,,single
1790425575,1263240,15,,single
1790425576,2934220,124,,single
1790425577,3711170,1,,single
1790425579,4656000,4617,,single
1790425580,3920610,97,,single
1790425582,4032350,1519,,single
1790425583,3107350,2,,single
1790425584,3624140,1960,,single
1790425586,3276050,342,,single
1790425587,2288470,135,,single
1790425589,3341650,6,,single
1790425590,4294490,390,,single
1790425591,3749720,553,,single
1790425593,1578220,13,,single
1790425594,2614070,42,,single
1790425596,4126220,376,,single
1790425597,1446890,420,,single
1790425598,3664010,261,,single
1790425600,4160210,529,,single
1790425601,3054690,44,,single
1790425603,4225940,2,,single
1790425604,3199650,37,,single
1790425606,2615540,11,,single
1790425608,2542120,13,,single
1790425609,866020,271,,single
1790425611,3805420,15,,single
1790425612,4080220,75233,,single
1790425613,2492670,738,,single
1790425615,2377280,17,,single
1790425616,2919650,27,,single
1790425619,2949320,46,,single
1790425620,3209480,9,,single
1790425622,1953230,74,,single
1790425623,3929760,14,,single
1790425624,3616550,111,,single
1790425626,1281040,37,,single
1790425627,1820000,37,,single
1790425629,4249120,42,,single
1790425630,2274620,111,,single
1790425632,1864000,53,,single
1790425633,3167920,173,,single
1790425635,3357960,72,,single
1790425636,1598780,5,,single
1790425637,3715020,1,,single
1790425639,2678640,212,,single
1790425640,3215050,914,,single
1790425642,3937550,191,,single
1790425643,1442670,10,,single
1790425645,3950020,1209,,single
1790425646,3817090,5,,single
1790425647,2701440,146,,single
1790425649,1909950,606,,single
1790425650,2845250,0,,single
1790425652,2574970,5,,single
1790425653,2610090,5,,single
1790425654,2499860,767,,single
1790425656,2992240,3,,single
1790425657,2845270,3,,single
1790425659,958520,40,,single
1790425660,2834910,25,,single
1790425661,1181550,200,,single
1790425663,2426530,151,,single
1790425664,4249110,64,,single
1790425666,2383200,37,,single
1790425667,2870340,157,,single
1790425669,3720420,234,,single
1790425670,2229870,92,,single
1790425671,2499520,15,,single
1790425673,2976910,22,,single
1790425675,1669480,280,,single
1790425676,3609750,35,,single
1790425677,3569430,4,,single
1790425679,2530470,65,,single
1790425680,3139440,462,,single
1790425682,3543040,6,,single
1790425683,3819640,741,,single
1790425685,3618030,37,,single
1790425686,3103780,1663,,single
1790425688,1343070,118,,single
1790425689,3054820,34,,single
1790425691,4356430,16028,,single
1790425692,2178380,101,,single
1790425693,2674810,46,,single
1790425695,3902520,88,,single
1790425696,2981220,43,,single
1790425698,3376480,107,,single
1790425699,3363680,35,,single
1790425701,3673060,954,,single
1790425702,3198890,171,,single
1790425704,3247270,5,,single
1790425705,2788630,21,,single
1790425707,2873660,243,,single
1790425708,3112010,142,,single
1790425710,1575990,20,,single
1790425711,1538550,38,,single
1790425713,2679100,89,,single
1790425714,3488970,2,,single
1790425715,4126480,46,,single
1790425717,3918850,140,,single
1790425718,3767740,32,,single
1790425720,1985960,15,,single
1790425721,3430470,141,,single
1790425723,1260820,41,,single
1790425724,3976500,115,,single
1790425725,3874440,27,,single
1790425727,3286930,32,,single
1790425728,4271160,969,,single
1790425730,4038320,28,,single
1790425731,2901140,4,,single
1790425733,3873970,51,,single
1790425734,3249650,25,,single
1790425736,2590150,145,,single
1790425737,3772810,89,,single
1790425739,2891020,27,,single
1790425740,2880460,1,,single
1790425742,3467710,110,,single
1790425743,4428890,71,,single
1790425744,3099640,11,,single
1790425746,3464570,10,,single
1790425747,3198850,4443,,single
1790425749,2881230,0,,single
1790425750,2690970,5,,single
1790425752,4128400,2541,,single
1790425753,4323990,4,,single
1790425754,1690710,1156,,single
1790425756,4210580,677,,single
1790425757,3576070,949,,single
1790425759,3247080,249,,single
1790425760,3601800,26,,single
1790425762,2464280,30,,single
1790425763,3476730,32,,single
1790425764,3730100,3,,single
1790425766,4018950,7,,single
1790425767,2453160,8,,single
1790425769,2988580,389,,single
1790425770,2191500,31,,single
1790425772,2535770,4,,single
1790425774,3554940,233,,single
1790425775,2748340,59,,single
1790425776,1674010,115,,single
1790425778,4630570,57,,single
1790425779,4249100,38,,single
1790425781,2690010,30,,single
1790425782,3868310,15,,single
1790425784,3173560,34,,single
1790425785,2940490,4,,single
1790425787,2706300,35,,single
1790425788,4262610,37,,single
1790425790,2121150,5,,single
1790425791,3979330,14,,single
1790425792,2509200,62,,single
1790425794,2412960,174,,single
1790425795,3868320,64,,single
1790425797,1206070,20,,single
1790425798,3218630,19,,single
1790425800,2701720,60,,single
1790425801,1996390,17,,single
1790425802,2454960,13,,single
1790425804,2821610,74,,single
1790425805,3205380,15,,single
1790425807,3467040,165,,single
1790425808,2599690,17,,single
1790425810,4080030,279,,single
1790425811,3998800,1,,single
1790425813,4298880,58,,single
1790425815,2646320,78,,single
1790425816,2305640,51,,single
1790425818,4327530,105,,single
1790425819,1574000,33,,single
1790425821,3151270,15,,single
1790425822,2825860,116,,single
1790425825,3337140,123,,single
1790425827,2795540,19,,single
1790425829,3882730,333,,single
1790425830,3975510,30,,single
1790425831,3739730,164,,single
1790425833,2638560,8,,single
1790425834,1718460,3,,single
1790425836,3044740,73,,single
1790425837,4585340,15,,single
1790425838,4423580,421,,single
1790425840,1691280,9,,single
1790425841,2429050,3,,single
1790425843,2421750,159,,single
1790425844,3156330,38,,single
1790425846,2799930,53,,single
1790425847,2848420,2,,single
1790425848,3352240,141,,single
1790425850,3358250,54,,single
1790425851,3347670,5,,single
1790425853,2671230,10,,single
1790425854,2321780,11,,single
1790425856,1880620,19,,single
1790425857,3717330,213,,single
1790425858,2840470,303,,single
1790425860,1769830,67,,single
1790425861,3906660,83,,single
1790425863,3816930,39,,single
1790425864,3832630,0,,single
1790425866,2854290,0,,single
1790425867,2810210,91,,single
1790425868,3271280,817,,single
1790425870,2504090,14,,single
1790425871,3823460,20,,single
1790425873,3709430,1068,,single
1790425874,4957110,437,,single
1790425876,2825880,29,,single
1790425877,3378960,3,,single
1790425878,2299740,24,,single
1790425880,3690030,195,,single
1790425881,2987800,1407,,single
1790425883,3650160,152,,single
1790425884,2451100,20,,single
1790425886,2398450,10,,single
1790425887,3542380,155,,single
1790425889,2019620,20,,single
1790425891,3590290,68,,single
1790425892,2517850,3,,single
1790425894,1636440,5195,,single
1790425895,2199420,36,,single
1790425896,2982610,36,,single
1790425898,3339200,106,,single
1790425899,2907010,1,,single
1790425901,3045200,40,,single
1790425902,4564320,3643,,single
1790425903,2798330,644,,single
1790425905,2877170,14,,single
1790425906,3080240,7,,single
1790425908,3693650,49,,single
1790425909,2684500,3,,single
1790425910,2742840,4,,single
1790425912,2866360,1,,single
1790425913,2368930,33,,single
1790425915,3144230,550,,single
1790425916,2654470,13,,single
1790425917,3385970,9,,single
1790425919,3629780,19,,single
1790425921,951830,58,,single
1790425923,3639070,216,,single
1790425924,3946110,645,,single
1790425926,3165830,19,,single
1790425928,2487300,42,,single
1790425929,2962810,787,,single
1790425931,2649480,14,,single
1790425932,3364880,10,,single
1790425934,3838370,5,,single
1790425935,2820700,28,,single
1790425937,2657120,10,,single
1790425938,2223700,1,,single
1790425940,3515380,10,,single
1790425941,2454570,34,,single
1790425943,3617620,36,,single
1790425944,4510830,1205,,single
1790425946,3782910,161,,single
1790425947,3177890,37,,single
1790425948,1605850,127,,single
1790425950,4227400,141,,single
1790425951,2488590,22,,single
1790425953,3618520,16,,single
1790425954,4067130,61,,single
1790425956,4030150,1809,,single
1790425957,2248950,9,,single
1790425959,3531160,19,,single
1790425960,2836100,21,,single
1790425962,2479650,55,,single
1790425963,3757210,22,,single
1790425965,3668370,33,,single
1790425966,1733690,595,,single
1790425968,2861560,3,,single
1790425969,3400350,43,,single
1790425970,4078200,536,,single
1790425972,2261430,26,,single
1790425973,3588490,13,,single
1790425975,2090390,12,,single
1790425976,5044770,283,,single
1790425978,3165680,275,,single
1790425980,1151380,62,,single
1790425981,1969370,59,,single
1790425982,4195470,402,,single
1790425984,3861280,122,,single
1790425985,3351670,9,,single
1790425987,3341000,1,,single
1790425989,2580020,1,,single
1790425990,2570390,4,,single
1790425991,2896260,21,,single
1790425993,3340750,0,,single
1790425994,2300120,3,,single
1790425996,2794590,59,,single
1790425997,2678830,89,,single
1790425999,3464370,31,,single
1790426001,3458620,32,,single
1790426002,2226730,68,,single
1790426004,2936310,150,,single
1790426005,1947910,12,,single
1790426007,3646460,29,,single
1790426008,3863760,64,,single
1790426010,3818020,19,,single
1790426011,3669060,104,,single
1790426013,2713460,1,,single
1790426014,2438160,43,,single
1790426016,2814990,29,,single
1790426017,2212670,22,,single
1790426018,3399780,31,,single
1790426020,2918310,8,,single
1790426021,4364910,1687,,single
1790426023,4135880,24,,single
1790426024,2428980,14,,single
1790426025,2654490,122,,single
1790426027,3583210,28,,single
1790426028,3762550,9,,single
1790426030,2742710,28,,single
1790426031,3594780,85,,single
1790426032,3833760,13,,single
1790426034,3255860,1,,single
1790426035,3821150,177,,single
1790426037,1943610,42,,single
1790426038,2258890,9,,single
1790426040,4279120,12,,single
1790426041,3576870,32,,single
1790426043,3809870,0,,single
1790426044,4303040,18,,single
1790426046,2770460,5,,single
1790426047,3575300,5,,single
1790426049,2173460,10,,single
1790426050,2629230,14,,single
1790426052,2863160,15,,single
1790426053,4513880,17,,single
1790426055,4087980,739,,single
1790426056,2708950,27,,single
1790426058,3022110,2,,single
1790426059,3195580,92,,single
1790426061,4026250,325,,single
1790426062,1414910,36,,single
1790426064,2712380,159,,single
1790426065,3971950,747,,single
1790426066,3081280,40,,single
1790426068,2859800,2,,single
1790426069,3907790,516,,single
1790426071,3562580,11,,single
1790426072,1442530,7,,single
1790426074,2881370,58,,single
1790426075,4234260,2,,single
1790426077,2735620,1,,single
1790426078,2396990,73,,single
1790426080,4090250,29,,single
1790426081,1843840,14,,single
1790426083,3136330,61,,single
1790426084,767320,265,,single
1790426086,3589510,586,,single
1790426087,1315320,23,,single
1790426089,4324480,186,,single
1790426090,4225980,11485,,single
1790426092,1933000,2,,single
1790426093,4170200,50,,single
1790426095,3253530,8,,single
1790426096,2471970,23,,single
1790426097,2233770,70,,single
1790426099,3121490,9,,single
1790426100,3748520,76,,single
1790426102,4137460,0,,single
1790426103,3471350,11,,single
1790426105,2455140,12,,single
1790426106,3894440,5,,single
1790426108,3628950,105,,single
1790426110,3285700,61,,single
1790426111,1910150,315,,single
1790426113,4249770,23,,single
1790426114,2393970,199,,single
1790426115,2695430,2,,single
1790426117,3547270,63,,single
1790426118,3919530,0,,single
1790426120,2447680,45,,single
1790426121,2819750,2,,single
1790426123,3441460,13,,single
1790426124,1574480,12,,single
1790426127,2419710,0,,single
1790426128,3438810,221,,single
1790426130,3194360,13,,single
1790426131,3744430,22,,single
1790426132,3412160,54,,single
1790426134,3688130,29,,single
1790426135,2988300,31,,single
1790426137,3343770,0,,single
1790426138,2989180,26,,single
1790426140,1876930,35,,single
1790426141,2743460,47,,single
1790426142,2782380,3,,single
1790426144,2986450,2,,single
1790426145,2229890,3,,single
1790426147,2370000,6,,single
1790426148,2971900,16,,single
1790426150,4481850,122,,single
1790426151,3506110,4,,single
1790426152,2738230,17,,single
1790426154,1803580,79,,single
1790426156,3594120,6,,single
1790426157,2585890,5,,single
1790426159,3671710,29,,single
1790426160,2132690,2,,single
1790426162,4195600,784,,single
1790426163,4412000,363,,single
1790426164,3043710,98,,single
1790426166,3436030,37,,single
1790426167,2980260,2,,single
1790426169,2455360,45,,single
1790426170,3959890,1101,,single
1790426172,2687400,23,,single
1790426173,4502710,354,,single
1790426174,2542020,28,,single
1790426176,2437670,12,,single
1790426177,4529120,61,,single
1790426179,3430450,4,,single
1790426180,4487840,26,,single
1790426181,1678150,15,,single
1790426183,4656700,75,,single
1790426184,2788870,4,,single
1790426185,3660700,66,,single
1790426187,2516470,2,,single
1790426189,3987560,8,,single
1790426190,4194800,29,,single
1790426191,3375110,560,,single
1790426193,3290690,23,,single
1790426195,2329630,7,,single
1790426196,3074110,2,,single
1790426197,3237970,2,,single
1790426199,1192900,5,,single
1790426200,4273120,38,,single
1790426202,2473890,0,,single
1790426203,2421370,0,,single
1790426205,3394250,1,,single
1790426206,1889810,13,,single
1790426207,3797340,41,,single
1790426209,2429270,5,,single
1790426210,2953480,5,,single
1790426212,2362050,14,,single
1790426213,3454830,56,,single
1790426215,3319980,75,,single
1790426216,4001350,41,,single
1790426217,3718190,113,,single
1790426219,2657030,3,,single
1790426220,3393240,11,,single
1790426222,3393280,689,,single
1790426223,1928690,11,,single
1790426224,4551040,5,,single
1790426226,1712100,6,,single
1790426227,4508020,54,,single
1790426229,2857880,11,,single
1790426230,2196640,4,,single
1790426231,2456070,1,,single
1790426233,3062740,72,,single
1790426234,1817500,1,,single
1790426236,2962480,24,,single
1790426237,3394840,19,,single
1790426239,3196440,287,,single
1790426240,1645630,13,,single
1790426241,3372710,58,,single
1790426243,3665520,131,,single
1790426244,3774440,135,,single
1790426246,2680680,2,,single
1790426247,3811390,81,,single
1790426249,3509740,25,,single
1790426250,3406910,6,,single
1790426251,2608630,3,,single
1790426253,3473500,24,,single
1790426254,3236900,143,,single
1790426256,4293850,193,,single
1790426257,4066790,17,,single
1790426258,3132870,19,,single
1790426260,2132890,10,,single
1790426261,3332830,3,,single
1790426263,3884520,17,,single
1790426264,4314560,8,,single
1790426266,3777270,23,,single
1790426267,3149980,27,,single
1790426269,4104530,1,,single
1790426270,2340130,22,,single
1790426272,3231520,1,,single
1790426273,2358050,152,,single
1790426275,3908900,40,,single
1790426276,3259600,103,,single
1790426278,3910610,8,,single
1790426279,3216500,66,,single
1790426280,1330430,28,,single
1790426282,3839300,10,,single
1790426283,4249140,11,,single
1790426285,1895900,2,,single
1790426286,2456080,3,,single
1790426287,4557380,3069,,single
1790426289,4633140,26,,single
1790426290,3772240,6,,single
1790426292,3856460,29,,single
1790426293,2963600,81,,single
1790426294,2387380,7,,single
1790426296,1922740,37,,single
1790426297,3022810,2,,single
1790426299,3117660,48,,single
1790426300,4401660,2,,single
1790426302,2275490,8,,single
1790426303,2908500,19,,single
1790426304,2415960,1,,single
1790426306,3469750,31,,single
1790426307,3558400,32,,single
1790426309,2651440,18,,single
1790426310,2067210,58,,single
1790426312,1697870,10,,single
1790426313,4651940,492,,single
1790426314,4283360,60,,single
1790426316,3419220,19,,single
1790426317,4796830,22,,single
1790426318,3394770,7,,single
1790426320,2555950,16,,single
1790426321,2282790,32,,single
1790426323,3593490,2,,single
1790426324,3218530,17,,single
1790426326,1598230,0,,single
1790426327,2348540,36,,single
1790426329,3181220,99,,single
1790426330,4104120,4,,single
1790426332,3634430,2,,single
1790426333,2485270,54,,single
1790426334,3278290,9,,single
1790426336,2955300,7,,single
1790426337,4478640,81,,single
1790426339,3566870,6,,single
1790426340,4031500,5,,single
1790426342,3614130,316,,single
1790426343,894060,124,,single
1790426345,3415240,6,,single
1790426346,3269180,3,,single
1790426348,3582250,60,,single
1790426349,2943180,237,,single
1790426350,2579730,20,,single
1790426352,3747730,24,,single
1790426353,4927490,228,,single
1790426355,2938460,969,,single
1790426356,3916260,10,,single
1790426358,1281220,54,,single
1790426359,4157430,31,,single
1790426360,1541370,10,,single
1790426362,3065030,1,,single
1790426363,974480,98,,single
1790426364,1290760,8,,single
1790426366,2881870,1,,single
1790426367,2878140,2,,single
1790426369,3633250,1,,single
1790426370,1266430,5,,single
1790426372,3486280,17,,single
1790426373,3468650,167,,single
1790426375,3880190,66,,single
1790426376,2420460,4,,single
1790426377,1135700,1,,single
1790426379,2960430,1,,single
1790426380,3111930,37,,single
1790426382,4243690,7,,single
1790426383,4051150,4,,single
1790426385,4088670,73,,single
1790426386,1165870,2,,single
1790426387,2111550,12,,single
1790426389,2583940,190,,single
1790426390,2875610,27,,single
1790426392,4206270,18,,single
1790426393,3067930,24,,single
1790426395,4012810,151,,single
1790426396,3219010,48,,single
1790426398,4641700,1222,,single
1790426399,2275440,40,,single
1790426401,3599070,2,,single
1790426402,4249150,50,,single
1790426403,2506530,2,,single
1790426405,3165650,4,,single
1790426406,3395300,2,,single
1790426408,4240150,11,,single
1790426409,2409780,12,,single
1790426411,2417470,7,,single
1790426412,3096620,11,,single
1790426415,3145350,0,,single
1790426416,3432480,34,,single
1790426417,1868360,7,,single
1790426419,2183670,22,,single
1790426420,3239270,5,,single
1790426422,3476880,0,,single
1790426423,2737580,0,,single
1790426424,3616260,2,,single
1790426426,2730970,156,,single
1790426428,3343590,0,,single
1790426429,3836960,2,,single
1790426431,2402710,103,,single
1790426432,3219180,53,,single
1790426433,2989770,23,,single
1790426435,4200560,28,,single
1790426436,2578880,2,,single
1790426438,2996990,98,,single
1790426439,3112280,79,,single
1790426441,1191830,31,,single
1790426442,4216400,0,,single
1790426444,2174560,7,,single
1790426445,4053520,5,,single
1790426447,3457380,178,,single
1790426448,4220820,0,,single
1790426450,4135750,21,,single
1790426451,1686290,6,,single
1790426453,3697950,0,,single
1790426454,4610100,48,,single
1790426455,1460550,0,,single
1790426457,4164310,228,,single
1790426458,3408170,47,,single
1790426460,3056840,8,,single
1790426461,4168290,13,,single
1790426463,3471800,211,,single
1790426464,2496180,1,,single
1790426465,2861590,8,,single
1790426467,2059210,3,,single
1790426469,2507820,31,,single
1790426470,1989760,4,,single
1790426471,2860450,12,,single
1790426473,3253630,9,,single
1790426475,3468330,4,,single
1790426476,3282420,104,,single
1790426477,2340870,15,,single
1790426479,1859620,1,,single
1790426480,3384220,4,,single
1790426482,3816700,3,,single
1790426483,3669720,23,,single
1790426484,4015260,2,,single
1790426486,2466900,9,,single
1790426487,1501310,28,,single
1790426488,4165310,144,,single
1790426490,1719040,2,,single
1790426491,1883800,13,,single
1790426493,4533490,394,,single
1790426494,3315330,20,,single
1790426495,2659050,6,,single
1790426497,4285320,11,,single
1790426498,3406810,3,,single
1790426500,3265070,22,,single
1790426501,3181650,13,,single
1790426503,2539520,1,,single
1790426504,3630410,7,,single
1790426506,3036350,30,,single
1790426507,4409870,18,,single
1790426508,3167540,77,,single
1790426510,3739190,6,,single
1790426511,3516590,34,,single
1790426513,4169300,0,,single
1790426514,3048500,7,,single
1790426516,2404000,2,,single
1790426517,3073680,95,,single
1790426519,2226430,4,,single
1790426520,4028640,4,,single
1790426522,3218580,7,,single
1790426523,3625210,116,,single
1790426525,2302530,416,,single
1790426526,2537470,4,,single
1790426528,3046430,108,,single
1790426529,4090360,127,,single
1790426531,3107930,0,,single
1790426532,3144860,2,,single
1790426533,1836560,7,,single
1790426535,3016840,86,,single
1790426536,2426120,41,,single
1790426538,3437200,6,,single
1790426539,2516920,21,,single
1790426541,4128590,11,,single
1790426542,3845830,29,,single
1790426544,3948550,23,,single
1790426545,3122900,5,,single
1790426547,3002090,5,,single
1790426549,1400660,4,,single
1790426550,3412290,57,,single
1790426551,3425460,23,,single
1790426553,3642000,5,,single
1790426554,3551190,3,,single
1790426556,2053910,4,,single
1790426557,4634560,63,,single
1790426559,2560050,4,,single
1790426560,4521340,0,,single
1790426561,3509160,9,,single
1790426563,4599710,101,,single
1790426564,3275880,0,,single
1790426566,2906370,4,,single
1790426567,3907940,2,,single
1790426568,4519130,6,,single
1790426570,2592220,2,,single
1790426571,2994430,44,,single
1790426573,3994610,5,,single
1790426574,2774390,17,,single
1790426576,4193390,191,,single
1790426577,4054110,77,,single
1790426579,3468660,46,,single
1790426580,4928820,170,,single
1790426582,3755320,289,,single
1790426583,3161220,17,,single
1790426585,3039040,64,,single
1790426586,4579940,37,,single
1790426587,2730640,1,,single
1790426589,4045540,0,,single
1790426590,2769780,7,,single
1790426592,3309750,0,,single
1790426593,4739040,49,,single
1790426594,4738000,8,,single
1790426596,3188910,5,,single
1790426597,2219450,3,,single
1790426599,3086720,0,,single
1790426600,3986670,4,,single
1790426601,4049910,65,,single
1790426603,3032830,11,,single
1790426604,1219240,4,,single
1790426606,2140100,0,,single
1790426607,3087930,237,,single
1790426609,2553040,10,,single
1790426610,3441280,4,,single
1790426612,4006400,25,,single
1790426613,1201700,8,,single
1790426614,3581600,315,,single
1790426616,3796960,33,,single
1790426617,2795090,9,,single
1790426619,3066060,27,,single
1790426620,1059110,1,,single
1790426622,3734630,73,,single
1790426623,1848270,4,,single
1790426624,3687630,15,,single
1790426626,3462790,7,,single
1790426627,4842670,3704,,single
1790426629,3413800,95,,single
1790426630,2640950,7,,single
1790426632,4468030,14,,single
1790426633,3066470,90,,single
1790426634,4241920,22,,single
1790426636,3203440,14,,single
1790426637,2934180,20,,single
1790426639,3916300,1,,single
1790426641,4310610,2,,single
1790426642,3586060,33,,single
1790426643,3183760,3074,,single
1790426645,4266120,52,,single
1790426646,3471590,2,,single
1790426648,3834880,31,,single
1790426649,3155570,1,,single
1790426651,4285690,87,,single
1790426652,3169620,19,,single
1790426654,2822030,3,,single
1790426655,3338560,108,,single
1790426656,4163030,8,,single
1790426658,4538960,76,,single
1790426659,3232380,25,,single
1790426661,3572580,4,,single
1790426662,4191830,0,,single
1790426664,3795900,43,,single
1790426665,4048300,29,,single
1790426666,2827750,76,,single
1790426668,3010610,1,,single
1790426669,2138570,2,,single
1790426671,1238920,10,,single
1790426672,4914600,61,,single
1790426673,2660230,23,,single
1790426675,4333200,3,,single
1790426676,2653470,1,,single
1790426677,2442390,0,,single
1790426679,2655080,56,,single
1790426680,3119520,7,,single
1790426682,1257030,2,,single
1790426683,2622820,19,,single
1790426684,2100150,0,,single
1790426686,2502780,24,,single
1790426687,3924170,0,,single
1790426689,3396010,695,,single
1790426690,3622640,17,,single
1790426692,3929630,85,,single
1790426693,4223300,6,,single
1790426694,3013550,52,,single
1790426696,2716120,33,,single
1790426697,2919560,9,,single
1790426699,3636440,8,,single
1790426700,3913480,15,,single
1790426702,2731940,0,,single
1790426703,4280930,3,,single
1790426704,3798230,175,,single
1790426706,2819400,31,,single
1790426707,1232220,30,,single
1790426709,3408850,2,,single
1790426711,2719740,15,,single
1790426713,2384600,2,,single
1790426714,4435720,1,,single
1790426715,2602230,3,,single
1790426717,2962750,3,,single
1790426718,2689930,1,,single
1790426720,3064420,4,,single
1790426721,4212340,2,,single
1790426722,2463690,6,,single
1790426725,4354460,84,,single
1790426727,3915140,27,,single
1790426729,4132330,185,,single
1790426730,4291080,9,,single
1790426732,1969810,23,,single
1790426733,3255500,599,,single
1790426734,4156580,15,,single
1790426736,4568830,3,,single
1790426738,2408310,99,,single
1790426739,3614460,75,,single
1790426741,4111260,11,,single
1790426742,3361770,2,,single
1790426744,3634340,10,,single
1790426745,2275560,0,,single
1790426747,3591360,3,,single
1790426748,1342690,1,,single
1790426750,3364070,32,,single
1790426751,2434600,2,,single
1790426752,2841770,6,,single
1790426754,2778420,1,,single
1790426755,3381120,74,,single
1790426757,2280430,1,,single
1790426758,3431300,311,,single
1790426760,3926160,12,,single
1790426761,3060900,1,,single
1790426763,3127230,19,,single
1790426764,3484750,21,,single
1790426766,4130120,7,,single
1790426767,4406280,45,,single
1790426769,2658040,13,,single
1790426770,3706160,1,,single
1790426772,2482920,3,,single
1790426773,2803490,26,,single
1790426774,4173620,485,,single
1790426776,4375230,46,,single
1790426777,3997630,2,,single
1790426779,2538880,0,,single
1790426780,3110130,3,,single
1790426782,4449410,81,,single
1790426783,2645580,5,,single
1790426785,3487340,1,,single
1790426786,5027520,1780,,single
1790426787,3064060,1,,single
1790426789,4190170,10,,single
1790426791,3055250,92,,single
1790426792,3432750,6,,single
1790426794,3868850,131,,single
1790426795,2413050,1,,single
1790426797,2651460,1,,single
1790426798,4214320,15,,single
1790426800,2960320,1,,single
1790426801,4429870,3,,single
1790426803,4547970,4,,single
1790426804,3064030,3,,single
1790426806,3484640,10,,single
1790426807,4620930,1,,single
1790426809,1375750,8,,single
1790426810,2246670,28,,single
1790426812,3714370,332,,single
1790426813,2799690,0,,single
1790426815,3694590,4,,single
1790426816,4258330,0,,single
1790426818,2642840,2,,single
1790426819,3310530,42,,single
1790426821,3854330,15,,single
1790426822,2375530,8,,single
1790426824,3428570,8,,single
1790426825,1546080,4,,single
1790426826,3377770,5,,single
1790426828,2160470,2,,single
1790426829,3679930,7,,single
1790426831,4007340,2,,single
1790426832,3224960,1,,single
1790426834,2262020,10,,single
1790426835,3167260,2,,single
1790426836,3444080,18,,single
1790426838,3351650,20,,single
1790426839,3914860,42,,single
1790426841,3497380,7,,single
1790426842,4527930,70,,single
1790426844,3848750,1,,single
1790426845,1677970,38,,single
1790426847,2947250,8,,single
1790426848,3590560,13,,single
1790426850,3825780,288,,single
1790426851,3780110,3,,single
1790426852,4300090,137,,single
1790426854,2133850,3,,single
1790426855,2734270,7,,single
1790426857,4125770,51,,single
1790426858,2174500,40,,single
1790426860,3311670,12,,single
1790426861,2481640,6,,single
1790426863,1671570,7,,single
1790426864,3604560,16,,single
1790426866,3702930,3,,single
1790426867,4033080,117,,single
1790426869,3226060,47,,single
1790426870,3711050,42,,single
1790426872,3279440,20,,single
1790426873,3729550,29,,single
1790426875,2776270,16,,single
1790426876,3441990,27,,single
1790426878,3997970,18,,single
1790426879,4415740,7,,single
1790426880,3516180,2,,single
1790426882,2215270,0,,single
1790426883,2647060,0,,single
1790426885,3353100,2,,single
1790426886,3158500,0,,single
1790426888,2981070,18,,single
1790426889,2650590,8,,single
1790426891,3086060,0,,single
1790426892,3371260,50,,single
1790426893,4549610,87,,single
1790426895,2878000,2,,single
1790426896,3843520,28,,single
1790426898,3306200,16,,single
1790426899,3052730,50,,single
1790426901,3204020,11,,single
1790426902,774291,3,,single
1790426904,2568390,11,,single
1790426905,3561400,17,,single
1790426906,3869680,1,,single
1790426908,2981450,3,,single
1790426909,3885590,5,,single
1790426911,3103930,177,,single
1790426912,3763820,0,,single
1790426913,3997240,19,,single
1790426915,3623530,454,,single
1790426916,3989960,43,,single
1790426918,4622110,9,,single
1790426919,2901310,7,,single
1790426921,3105960,2,,single
1790426922,3882350,33,,single
1790426923,4142980,8,,single
1790426925,3026730,13,,single
1790426926,2870530,3,,single
1790426928,3547010,1,,single
1790426929,3830690,19,,single
1790426931,3917010,17,,single
1790426933,2573100,0,,single
1790426934,1938300,7,,single
1790426936,3164960,27,,single
1790426937,3913270,11,,single
1790426939,4596010,3,,single
1790426940,4732810,4,,single
1790426941,3347520,69,,single
1790426943,4096800,8,,single
1790426944,2176570,6,,single
1790426946,4467540,3,,single
1790426947,1890310,83,,single
1790426949,2712460,385,,single
1790426950,3030580,5,,single
1790426952,2769080,0,,single
1790426953,2987860,100,,single
1790426955,3992260,115,,single
1790426956,2522430,16,,single
1790426958,3827830,1,,single
1790426959,2543510,48,,single
1790426960,3399980,6,,single
1790426962,3766170,1,,single
1790426963,3189440,10,,single
1790426965,3896460,16,,single
1790426966,4464990,41,,single
1790426968,3216340,0,,single
1790426969,4026480,87,,single
1790426970,4177730,4,,single
1790426972,3016920,1,,single
1790426973,2459350,9,,single
1790426975,3126340,1,,single
1790426976,3217600,47,,single
1790426978,3861730,1,,single
1790426979,1461130,0,,single
1790426981,2895680,3,,single
1790426982,3109280,10,,single
1790426984,3054490,84,,single
1790426985,3474700,22,,single
1790426987,3648730,3,,single
1790426988,1275550,1,,single
1790426990,2538370,8,,single
1790426991,4251580,0,,single
1790426993,3458180,2,,single
1790426994,4366330,122,,single
1790426996,2319730,5,,single
1790426998,3222960,62,,single
1790426999,2221840,4,,single
1790427001,3150510,6,,single
1790427002,4870430,169,,single
1790427004,1506810,85,,single
1790427005,3979870,2,,single
1790427007,4201710,1296,,single
1790427009,3172310,4,,single
1790427010,4018740,22,,single
1790427012,3504560,3,,single
1790427015,3800850,9,,single
1790427016,3573430,10,,single
1790427018,4042160,6,,single
1790427019,3075410,27,,single
1790427021,3436170,7,,single
1790427022,4007300,17,,single
1790427025,2314650,5,,single
1790427028,3613270,8,,single
1790427029,3962020,6,,single
1790427031,3376500,12,,single
1790427032,3121470,1,,single
1790427034,3693030,1,,single
1790427035,1386750,3,,single
1790427037,3177070,0,,single
1790427038,4864560,8,,single
1790427040,2832400,2,,single
1790427041,3666080,2,,single
1790427043,4217690,6,,single
1790427044,4246640,1405,,single
1790427046,2354570,5,,single
1790427047,2537920,1,,single
1790427048,3078390,7,,single
1790427050,3560360,375,,single
1790427051,1771110,6,,single
1790427053,2054520,2,,single
1790427054,2477270,1,,single
1790427056,3761580,20,,single
1790427057,2512920,14,,single
1790427059,3609640,5,,single
1790427060,3845600,4,,single
1790427061,3214480,12,,single
1790427063,2438330,1,,single
1790427064,4008340,0,,single
1790427066,3692070,4,,single
1790427071,4321510,59,,single
1790427072,2418490,3,,single
1790427075,3160090,17,,single
1790427076,3647400,3,,single
1790427078,2078910,3,,single
1790427079,3510960,15,,single
1790427080,3839250,10,,single
1790427082,4173750,1,,single
1790427083,2698870,2,,single
1790427085,2996080,13,,single
1790427086,3438040,3,,single
1790427088,3885930,98,,single
1790427089,1634360,8,,single
1790427091,3697890,6,,single
1790427092,860020,1,,single
1790427094,3479140,3,,single
1790427095,2635500,7,,single
1790427096,2814610,3,,single
1790427098,3962460,1,,single
1790427099,4429930,12,,single
1790427101,2870600,2,,single
1790427102,2932960,3,,single
1790427103,3651310,6,,single
1790427105,2580000,5,,single
1790427106,3157910,1,,single
1790427108,3919360,181,,single
1790427109,3756010,21,,single
1790427110,2430390,88,,single
1790427112,3530670,24,,single
1790427113,884180,24,,single
1790427114,2211090,2,,single
1790427116,2835030,0,,single
1790427117,3765010,18,,single
1790427119,3150720,2,,single
1790427120,4207270,17,,single
1790427121,2531370,0,,single
1790427123,4195110,159,,single
1790427124,2663150,0,,single
1790427126,3273530,0,,single
1790427127,1493440,0,,single
1790427129,2564320,1,,single
1790427130,3048760,1,,single
1790427132,3902800,10,,single
1790427133,4753960,119,,single
1790427134,3304320,3,,single
1790427136,1828650,1,,single
1790427137,3560030,25,,single
1790427139,4264260,19,,single
1790427140,4260530,13,,single
1790427142,3275750,54,,single
1790427143,4391590,0,,single
1790427145,1383150,0,,single
1790427146,2965230,2,,single
1790427148,3852060,59,,single
1790427149,4204530,4,,single
1790427150,3073990,18,,single
1790427152,3344320,11,,single
1790427153,3988570,5,,single
1790427155,4396620,13,,single
1790427156,3864450,12,,single
1790427158,3446190,31,,single
1790427159,2693710,1,,single
1790427160,3384090,0,,single
1790427162,4086760,8,,single
1790427164,2694020,21,,single
1790427165,3194310,1,,single
1790427166,3570060,9,,single
1790427168,2564070,1,,single
1790427170,3367430,8,,single
1790427171,1555910,2,,single
1790427172,3113990,5,,single
1790427174,4573760,11,,single
1790427177,3240540,1,,single
1790427179,3743220,4,,single
1790427180,3909960,2,,single
1790427181,1442520,3,,single
1790427183,3043760,2,,single
1790427184,4538140,21,,single
1790427187,2665250,49,,single
1790427188,3225060,9,,single
1790427189,3411830,16,,single
1790427191,3906610,7,,single
1790427192,3116500,16,,single
1790427194,3219580,34,,single
1790427195,3451380,4,,single
1790427197,1192440,4,,single
1790427198,2764590,4,,single
1790427199,3939700,14,,single
1790427201,2782530,84,,single
1790427202,2766910,17,,single
1790427204,3580160,2,,single
1790427205,4883590,261,,single
1790427206,2881660,2,,single
1790427208,3093020,38,,single
1790427209,3552820,5,,single
1790427211,2209140,3,,single
1790427212,3816000,36,,single
1790427214,2635670,46,,single
1790427215,2771600,1,,single
1790427217,3054410,1,,single
1790427218,3447510,6,,single
1790427220,3565100,2,,single
1790427221,2597810,15,,single
1790427223,3057390,4,,single
1790427224,2696070,3,,single
1790427226,4465600,58,,single
1790427227,2806410,196,,single
1790427229,3907210,8,,single
1790427230,4337440,335,,single
1790427232,3223160,3,,single
1790427234,3984570,5,,single
1790427235,1226160,8,,single
1790427237,2293850,5,,single
1790427238,2445980,1,,single
1790427239,3565020,19,,single
1790427241,3702160,23,,single
1790427242,2419240,0,,single
1790427244,3064990,0,,single
1790427245,3284290,13,,single
1790427246,3365030,152,,single
1790427248,2481980,18,,single
1790427249,2650630,4,,single
1790427251,3363030,4,,single
1790427252,1369690,8,,single
1790427254,2770330,26,,single
1790427256,3528970,1,,single
1790427258,4139720,27,,single
1790427259,2328450,0,,single
1790427261,2845090,17,,single
1790427263,3922100,36,,single
1790427265,2870430,3,,single
1790427266,3161400,2,,single
1790427268,3922920,0,,single
1790427269,4212210,50,,single
1790427271,3179350,8,,single
1790427272,3706960,18,,single
1790427273,3959050,122,,single
1790427275,2210520,5,,single
1790427276,3684700,4,,single
1790427278,4021780,99,,single
1790427279,4333460,1,,single
1790427281,1983620,6,,single
1790427282,2827680,5,,single
1790427283,3184250,0,,single
1790427285,3529690,9,,single
1790427286,3920180,3,,single
1790427288,2654990,2,,single
1790427289,3689660,12,,single
1790427291,4412320,495,,single
1790427292,4535880,2,,single
1790427294,1472930,1,,single
1790427295,965190,35,,single
1790427296,1939890,6,,single
1790427298,3021530,11,,single
1790427299,4189910,4,,single
1790427301,2959650,9,,single
1790427302,5099430,472,,single
1790427303,3295810,11,,single
1790427305,3763690,33,,single
1790427306,4435340,197,,single
1790427308,2757630,4,,single
1790427309,3008050,0,,single
1790427310,4038780,0,,single
1790427312,1243200,1,,single
1790427313,3247030,9,,single
1790427315,3915610,10,,single
1790427317,1866300,2,,single
1790427318,2680380,8,,single
1790427319,3320980,4,,single
1790427321,4020850,5,,single
1790427323,4279630,73,,single
1790427325,2633080,0,,single
1790427327,3005620,0,,single
1790427329,3233390,1,,single
1790427330,3720820,3,,single
1790427332,3894850,27,,single
1790427333,3294660,29,,single
1790427335,4397180,6,,single
1790427336,2897590,21,,single
1790427338,3975750,15,,single
1790427339,2377250,2,,single
1790427341,3612060,3,,single
