ts,appid,concurrent,peak_in_game,src
1789274333,2070550,3,,single
1789274335,1055540,42,,single
1789274336,1586800,8,,single
1789274338,1740300,7,,single
1789274339,1567800,13,,single
1789274340,2073910,50,,single
1789274342,2869860,29,,single
1789274343,2124380,4,,single
1789274345,1405500,6,,single
1789274346,623080,0,,single
1789274348,1089980,125,,single
1789274349,413150,55137,,single
1789274351,1794680,5534,,single
1789274352,2231450,281,,single
1789274353,546560,193,,single
1789274355,2694490,53880,,single
1789274356,1623730,100915,,single
1789274357,420,32,,single
1789274359,15710,3,,single
1789274360,40800,74,,single
1789274362,200710,230,,single
1789274363,207690,4,,single
1789274365,209370,1,,single
1789274366,214490,261,,single
1789274367,219990,7447,,single
1789274369,227000,0,,single
1789274370,237740,1,,single
1789274372,239430,1,,single
1789274373,251270,7,,single
1789274375,264380,20,,single
1789274376,265610,17,,single
1789274377,274520,127,,single
1789274379,301860,1,,single
1789274380,310360,62,,single
1789274382,323320,4,,single
1789274383,324160,126,,single
1789274385,333600,30,,single
1789274386,337340,8,,single
1789274387,345180,6,,single
1789274389,353330,1,,single
1789274390,362890,450,,single
1789274392,373770,8,,single
1789274393,384190,8,,single
1789274395,385800,12,,single
1789274396,409660,0,,single
1789274397,418370,1696,,single
1789274399,449040,1,,single
1789274400,477870,6,,single
1789274401,483980,40,,single
1789274403,501590,25,,single
1789274404,508550,4,,single
1789274406,526870,11757,,single
1789274407,544330,1,,single
1789274408,562360,6,,single
1789274410,568770,9,,single
1789274411,580200,13,,single
1789274412,583470,13,,single
1789274414,602700,3,,single
1789274415,642090,7,,single
1789274417,665370,3,,single
1789274418,691450,6,,single
1789274420,729660,0,,single
1789274421,745920,77,,single
1789274423,764790,38,,single
1789274424,802880,44,,single
1789274426,829280,1,,single
1789274427,869760,0,,single
1789274429,894940,21,,single
1789274430,899770,781,,single
1789274431,913740,21,,single
1789274433,924070,0,,single
1789274434,951440,23,,single
1789274435,969760,2,,single
1789274437,976730,5746,,single
1789274438,1001270,61,,single
1789274439,1018850,4,,single
1789274441,1047220,1,,single
1789274442,1067310,2,,single
1789274444,1079260,27,,single
1789274445,1083790,2,,single
1789274446,1092710,10,,single
1789274448,1116580,16,,single
1789274449,1140270,13,,single
1789274451,1158160,1887,,single
1789274452,1169040,1246,,single
1789274453,1172450,11,,single
1789274455,1213700,15,,single
1789274456,1230140,100,,single
1789274458,1240210,59,,single
1789274459,1245620,37998,,single
1789274460,1277400,241,,single
1789274461,1307550,159,,single
1789274463,1337010,14,,single
1789274464,1369340,9,,single
1789274466,1380420,25,,single
1789274467,1422380,0,,single
1789274468,1446780,8947,,single
1789274470,1488200,370,,single
1789274471,1518810,5,,single
1789274473,1566200,48,,single
1789274475,1597730,11,,single
1789274476,1614550,54,,single
1789274477,1654660,14,,single
1789274479,1665190,19,,single
1789274480,1730590,4,,single
1789274482,1763250,213,,single
1789274483,1808680,10,,single
1789274485,1866180,8,,single
1789274486,1919460,12,,single
1789274487,1928980,82,,single
1789274489,1945250,0,,single
1789274491,2001120,3063,,single
1789274492,2142790,11611,,single
1789274493,2240080,3,,single
1789274495,2250060,0,,single
1789274496,2262610,3,,single
1789274498,2294130,12,,single
1789274500,2354600,4,,single
1789274502,2356560,250,,single
1789274503,2450700,7,,single
1789274504,2484130,19,,single
1789274506,2567870,1610,,single
1789274507,2754380,300,,single
1789274509,2877540,6,,single
1789274510,3069120,71,,single
1789274512,3087650,4,,single
1789274514,3290710,2,,single
1789274515,70,613,,single
1789274516,500,580,,single
1789274518,2280,207,,single
1789274519,2600,99,,single
1789274521,3590,3122,,single
1789274522,4580,137,,single
1789274524,9420,536,,single
1789274525,13240,20,,single
1789274527,22330,393,,single
1789274528,22490,121,,single
1789274529,32470,1390,,single
1789274531,35140,585,,single
1789274532,48700,3150,,single
1789274534,72850,978,,single
1789274535,107100,18,,single
1789274536,206190,6,,single
1789274538,214560,4,,single
1789274539,219740,1677,,single
1789274540,227300,14165,,single
1789274542,233860,4408,,single
1789274543,238460,174,,single
1789274545,239140,2881,,single
1789274546,242760,4895,,single
1789274547,246840,57,,single
1789274549,250900,57609,,single
1789274550,260750,5,,single
1789274552,264200,9,,single
1789274553,268910,2211,,single
1789274554,274190,189,,single
1789274556,284160,13774,,single
1789274557,294100,27608,,single
1789274559,304430,96,,single
1789274560,312990,3,,single
1789274561,337320,206,,single
1789274563,351640,2,,single
1789274564,362680,74,,single
1789274566,397740,9,,single
1789274567,411960,13,,single
1789274568,413410,1563,,single
1789274570,420530,73,,single
1789274571,425580,26,,single
1789274572,427520,14350,,single
1789274574,433950,0,,single
1789274575,439490,3,,single
1789274577,450540,189,,single
1789274578,460950,80,,single
1789274580,466630,4,,single
1789274581,504230,1927,,single
1789274582,512900,232,,single
1789274584,521200,10,,single
1789274585,541570,340,,single
1789274587,553310,43,,single
1789274588,588650,3744,,single
1789274590,597170,330,,single
1789274592,603960,13,,single
1789274593,611760,23,,single
1789274594,615610,2,,single
1789274596,636480,880,,single
1789274597,647960,233,,single
1789274599,668350,17,,single
1789274600,732690,19,,single
1789274601,745880,2,,single
1789274603,774181,134,,single
1789274604,787480,1300,,single
1789274605,799640,9,,single
1789274607,824600,5,,single
1789274608,851100,36,,single
1789274609,883710,3677,,single
1789274611,908520,243,,single
1789274612,914710,68,,single
1789274614,960090,8709,,single
1789274615,992310,2,,single
1789274616,1043340,18,,single
1789274618,1057090,648,,single
1789274620,1070550,8,,single
1789274621,1082430,19,,single
1789274623,1092790,1190,,single
1789274624,1102190,165,,single
1789274626,1109410,0,,single
1789274627,1115050,2,,single
1789274628,1127400,691,,single
1789274630,1150690,408,,single
1789274632,1170880,2,,single
1789274633,1175140,1,,single
1789274635,1198320,0,,single
1789274636,1202540,31,,single
1789274638,1216200,9,,single
1789274640,1241700,3,,single
1789274641,1260520,38,,single
1789274642,1275670,17,,single
1789274644,1281800,65,,single
1789274645,1283130,0,,single
1789274647,1285670,4,,single
1789274649,1288310,17,,single
1789274650,1292940,139,,single
1789274651,1293860,4,,single
1789274653,1328840,66,,single
1789274654,1333910,34,,single
1789274656,1353230,81,,single
1789274657,1366540,3431,,single
1789274659,1388770,47,,single
1789274660,1407420,1,,single
1789274661,1419860,1,,single
1789274663,1424330,97,,single
1789274664,1444350,18,,single
1789274666,1473350,130,,single
1789274667,1507580,30,,single
1789274668,1511860,1,,single
1789274670,1532510,1,,single
1789274671,1536610,278,,single
1789274673,1545990,6,,single
1789274674,1562700,91,,single
1789274675,1566410,8,,single
1789274677,1585180,49,,single
1789274678,1609230,106,,single
1789274680,1634860,28,,single
1789274681,1644940,22,,single
1789274683,1669980,541,,single
1789274684,1677770,53,,single
1789274685,1684930,37,,single
1789274687,1708150,19,,single
1789274688,1715460,2,,single
1789274690,1718910,4,,single
1789274691,1734320,13,,single
1789274693,1765350,4,,single
1789274694,1796580,9,,single
1789274696,1817000,3,,single
1789274697,1836730,24,,single
1789274699,1876590,28,,single
1789274700,1898500,3,,single
1789274702,1903340,4530,,single
1789274703,1931020,2,,single
1789274704,1935660,0,,single
1789274706,1955830,48,,single
1789274707,1967430,99,,single
1789274709,1986840,11,,single
1789274710,1999360,94,,single
1789274711,2011780,5,,single
1789274713,2056220,15,,single
1789274714,2060590,11,,single
1789274715,2088570,163,,single
1789274717,2097570,48,,single
1789274718,2112520,0,,single
1789274720,2128270,58,,single
1789274722,2135690,3,,single
1789274723,2162800,1724,,single
1789274724,2179850,37,,single
1789274726,2218750,305,,single
1789274727,2291760,130,,single
1789274729,2305840,81,,single
1789274730,2358720,20109,,single
1789274732,2369900,75,,single
1789274733,2379780,7181,,single
1789274734,2394650,21,,single
1789274736,2420510,437,,single
1789274737,2443360,2,,single
1789274738,2501600,57,,single
1789274740,2532550,5,,single
1789274741,2585830,20,,single
1789274743,2612680,5,,single
1789274744,2660460,200,,single
1789274746,2667430,0,,single
1789274747,2703850,23,,single
1789274748,2719060,3,,single
1789274750,2763670,11,,single
1789274751,2835570,1223,,single
1789274753,2878710,1,,single
1789274754,2883280,0,,single
1789274756,2929730,2,,single
1789274757,3068300,78,,single
1789274759,3084280,15,,single
1789274760,3108510,28,,single
1789274762,3191030,227,,single
1789274763,3195790,545,,single
1789274765,3247500,1,,single
1789274766,3361470,13,,single
1789274768,20,80,,single
1789274769,50,73,,single
1789274770,80,263,,single
1789274772,130,36,,single
1789274774,300,168,,single
1789274775,340,2,,single
1789274777,440,46935,,single
1789274778,730,590054,,single
1789274779,1250,195,,single
1789274781,1510,8,,single
1789274782,1630,23,,single
1789274784,1700,9,,single
1789274785,2100,15,,single
1789274786,2270,9,,single
1789274789,2320,68,,single
1789274790,2400,1,,single
1789274792,2620,54,,single
1789274793,2700,36,,single
1789274794,2990,126,,single
1789274796,3310,73,,single
1789274797,3330,532,,single
1789274799,3540,65,,single
1789274801,3700,59,,single
1789274802,3900,517,,single
1789274803,3920,94,,single
1789274805,4560,69,,single
1789274806,4700,2495,,single
1789274808,4850,73,,single
1789274809,6010,6,,single
1789274810,6030,17,,single
1789274812,6200,1,,single
1789274813,6370,1,,single
1789274815,6800,45,,single
1789274816,6850,25,,single
1789274818,6920,5,,single
1789274819,7000,25,,single
1789274820,7610,41,,single
1789274822,7670,38,,single
1789274823,7800,5,,single
1789274825,7860,0,,single
1789274826,8000,32,,single
1789274827,8140,23,,single
1789274829,8190,90,,single
1789274830,8500,3471,,single
1789274832,8850,37,,single
1789274833,8930,12198,,single
1789274835,9010,21,,single
1789274836,9180,4,,single
1789274837,9340,20,,single
1789274839,9450,241,,single
1789274840,9900,954,,single
1789274842,10130,0,,single
1789274843,10180,311,,single
1789274844,10500,1542,,single
1789274846,11020,69,,single
1789274847,11450,23,,single
1789274849,12110,111,,single
1789274850,12140,40,,single
1789274851,12210,3817,,single
1789274853,12360,34,,single
1789274854,12710,27,,single
1789274856,12900,7,,single
1789274857,13250,3,,single
1789274859,13530,11,,single
1789274861,13600,9,,single
1789274862,15100,26,,single
1789274863,15200,14,,single
1789274865,15300,12,,single
1789274867,15390,6,,single
1789274868,15750,6,,single
1789274869,16810,271,,single
1789274871,17390,471,,single
1789274873,17440,22,,single
1789274874,17460,14,,single
1789274876,17480,397,,single
1789274877,17570,8,,single
1789274879,17740,0,,single
1789274880,19680,316,,single
1789274881,20530,2,,single
1789274883,20570,17,,single
1789274884,21000,154,,single
1789274886,21100,19,,single
1789274889,21690,1598,,single
1789274892,21980,13,,single
1789274894,22180,4,,single
1789274895,22230,6,,single
1789274897,22600,44,,single
1789274898,24010,323,,single
1789274900,24240,68,,single
1789274901,24720,88,,single
1789274903,24780,321,,single
1789274905,24810,382,,single
1789274906,24980,7,,single
1789274908,25800,32,,single
1789274909,25890,43,,single
1789274911,26800,3,,single
1789274912,29180,4,,single
1789274914,31290,4,,single
1789274915,32360,23,,single
1789274917,32380,6,,single
1789274918,32430,88,,single
1789274919,32460,9,,single
1789274921,32800,7,,single
1789274922,33230,213,,single
1789274924,33600,4,,single
1789274925,33930,96,,single
1789274926,34030,840,,single
1789274928,34440,3,,single
1789274929,34830,11,,single
1789274931,35000,7,,single
1789274932,35450,41,,single
1789274933,35480,0,,single
1789274935,35720,24,,single
1789274936,38410,127,,single
1789274938,38720,0,,single
1789274940,39000,2,,single
1789274941,39150,100,,single
1789274943,39210,24517,,single
1789274944,39530,8,,single
1789274946,39670,1,,single
1789274947,39800,1,,single
1789274948,40300,39,,single
1789274950,40390,11,,single
1789274951,40720,3,,single
1789274953,40960,99,,single
1789274954,41000,26,,single
1789274956,41060,7,,single
1789274957,41100,9,,single
1789274958,41500,27,,single
1789274960,42670,12,,single
1789274961,42700,555,,single
1789274963,42960,324,,single
1789274964,45700,1,,single
1789274965,45760,178,,single
1789274967,46510,5,,single
1789274968,47810,351,,single
1789274970,48000,68,,single
1789274972,48190,160,,single
1789274973,49520,2961,,single
1789274975,50300,20,,single
1789274976,55110,5,,single
1789274978,55150,140,,single
1789274979,57640,2,,single
1789274980,58520,0,,single
1789274982,61700,6,,single
1789274983,63200,1,,single
1789274985,63610,5,,single
1789274986,63910,63,,single
1789274988,65300,15,,single
1789274989,65740,2,,single
1789274990,65800,250,,single
1789274992,70100,2,,single
1789274993,70600,17,,single
1789274995,71340,39,,single
1789274996,73010,1,,single
1789274997,78000,327,,single
1789274999,80330,3,,single
1789275000,91200,2,,single
1789275002,92800,10,,single
1789275003,94300,3,,single
1789275004,94590,3,,single
1789275006,97000,8,,single
1789275007,98200,1,,single
1789275008,98400,1,,single
1789275010,99900,249,,single
1789275011,102600,17,,single
1789275013,105000,8,,single
1789275014,107200,6,,single
1789275015,107310,1,,single
1789275017,107600,0,,single
1789275018,108600,62671,,single
1789275019,108800,20,,single
1789275021,113020,6,,single
1789275022,115100,7,,single
1789275024,115320,105,,single
1789275025,200210,1544,,single
1789275026,200510,558,,single
1789275028,200940,1,,single
1789275029,201270,0,,single
1789275030,201810,239,,single
1789275032,201870,87,,single
1789275033,202200,23,,single
1789275034,202710,3,,single
1789275036,203160,1154,,single
1789275037,203350,51,,single
1789275038,203750,4,,single
1789275040,203830,11,,single
1789275041,204240,1,,single
1789275043,204340,70,,single
1789275044,204450,63,,single
1789275045,204630,1,,single
1789275047,205190,3,,single
1789275048,205650,6,,single
1789275050,206210,3,,single
1789275051,206440,41,,single
1789275053,206500,47,,single
1789275054,207140,117,,single
1789275055,207230,1,,single
1789275057,207350,23,,single
1789275058,207750,1,,single
1789275060,208140,34,,single
1789275061,208480,7,,single
1789275062,208580,355,,single
1789275064,209000,469,,single
1789275065,209160,97,,single
1789275066,209190,1,,single
1789275067,209650,100,,single
1789275069,210770,4,,single
1789275070,211260,0,,single
1789275072,211600,17,,single
1789275073,211820,790,,single
1789275074,212480,30,,single
1789275076,212680,1315,,single
1789275077,212800,1,,single
1789275079,213610,235,,single
1789275081,213850,20,,single
1789275082,214340,100,,single
1789275084,214510,130,,single
1789275085,214730,68,,single
1789275087,214830,3,,single
1789275088,214970,2,,single
1789275089,215470,0,,single
1789275091,216890,9,,single
1789275092,218060,2,,single
1789275094,218620,27831,,single
1789275095,219640,23,,single
1789275096,219890,6,,single
1789275098,220090,1,,single
1789275099,220200,2771,,single
1789275100,220440,121,,single
1789275102,220780,1,,single
1789275103,221040,1612,,single
1789275104,221380,2225,,single
1789275106,221640,12,,single
1789275107,221910,20,,single
1789275109,222440,203,,single
1789275110,222730,3,,single
1789275111,222880,127,,single
1789275113,223330,14,,single
1789275114,223710,409,,single
1789275115,223830,23,,single
1789275117,224260,703,,single
1789275119,224460,2,,single
1789275120,224600,1,,single
1789275122,224820,2,,single
1789275123,224920,0,,single
1789275125,224960,3,,single
1789275126,225260,27,,single
1789275128,225840,287,,single
1789275129,226840,123,,single
1789275131,227080,1,,single
1789275132,227200,1,,single
1789275133,227260,0,,single
1789275135,227780,9,,single
1789275136,228200,747,,single
1789275138,228280,394,,single
1789275139,228400,2,,single
1789275140,229480,8,,single
1789275142,230070,13,,single
1789275143,230230,7,,single
1789275144,230410,57370,,single
1789275146,231160,4,,single
1789275147,231430,1880,,single
1789275149,232750,6,,single
1789275150,232790,12,,single
1789275151,232910,17,,single
1789275153,233150,4,,single
1789275154,233450,723,,single
1789275155,233610,5,,single
1789275157,233740,4,,single
1789275158,234140,556,,single
1789275159,234330,230,,single
1789275161,234650,16,,single
1789275162,234710,17,,single
1789275163,235320,4,,single
1789275165,235540,17,,single
1789275166,235800,13,,single
1789275168,236150,2,,single
1789275169,236450,10,,single
1789275170,236850,7602,,single
1789275172,237430,1,,single
1789275173,237850,7,,single
1789275175,237990,24,,single
1789275176,238090,271,,single
1789275177,238750,17,,single
1789275179,239250,24,,single
1789275180,239820,110,,single
1789275181,240760,2,,single
1789275183,241260,31,,single
1789275184,241560,7,,single
1789275185,241930,529,,single
1789275187,242570,1,,single
1789275188,242700,53,,single
1789275190,242860,20,,single
1789275191,242920,406,,single
1789275193,243450,1,,single
1789275194,243800,2,,single
1789275196,243970,23,,single
1789275197,244050,4,,single
1789275199,244210,6858,,single
1789275200,244450,565,,single
1789275202,244850,2415,,single
1789275203,244930,0,,single
1789275205,245390,20,,single
1789275206,245470,5,,single
1789275208,246580,14,,single
1789275209,246900,145,,single
1789275211,247020,12,,single
1789275212,247240,1,,single
1789275214,247910,6,,single
1789275215,248310,3,,single
1789275217,248390,425,,single
1789275218,248610,10,,single
1789275220,248860,25,,single
1789275221,249130,420,,single
1789275222,249680,1,,single
1789275224,250050,1,,single
1789275225,250180,63,,single
1789275226,250340,33,,single
1789275228,250560,1,,single
1789275229,251060,282,,single
1789275231,251150,63,,single
1789275232,251470,18,,single
1789275233,251730,34,,single
1789275235,252030,1,,single
1789275236,252130,1,,single
1789275238,252410,49,,single
1789275239,252530,299,,single
1789275241,252630,4,,single
1789275242,252870,24,,single
1789275243,253030,1,,single
1789275245,253330,0,,single
1789275246,253710,109,,single
1789275248,253770,0,,single
1789275249,253900,21,,single
1789275251,254320,69,,single
1789275252,254700,837,,single
1789275253,255320,9,,single
1789275255,256290,5,,single
1789275258,256370,1,,single
1789275259,257170,23,,single
1789275267,257510,52,,single
1789275268,257850,35,,single
1789275270,258890,0,,single
1789275271,259080,1,,single
1789275272,259550,2,,single
1789275274,259740,2,,single
1789275275,260230,14,,single
1789275276,260730,16,,single
1789275278,261470,5,,single
1789275279,261550,25784,,single
1789275280,261640,359,,single
1789275282,262120,3,,single
1789275283,262410,100,,single
1789275285,262830,9,,single
1789275286,263060,0,,single
1789275287,263740,0,,single
1789275289,264080,0,,single
1789275290,265630,57,,single
1789275292,265930,37,,single
1789275293,266210,24,,single
1789275295,266410,555,,single
1789275296,266510,4,,single
1789275298,267530,29,,single
1789275299,268400,175,,single
1789275300,268500,3760,,single
1789275302,268650,290,,single
1789275303,268990,6,,single
1789275305,269270,1,,single
1789275306,269770,31,,single
1789275308,270110,45,,single
1789275309,270210,1,,single
1789275311,271500,2,,single
1789275312,271900,8,,single
1789275314,272470,0,,single
1789275315,272600,10,,single
1789275317,274170,272,,single
1789275318,274500,10,,single
1789275320,274920,80,,single
1789275321,274980,1,,single
1789275323,275390,19,,single
1789275324,276810,65,,single
1789275326,278080,269,,single
1789275327,278460,1,,single
1789275328,280160,10,,single
1789275330,281920,1,,single
1789275331,282070,978,,single
1789275333,282440,204,,single
1789275334,282660,1,,single
1789275336,283160,2,,single
1789275337,283680,2,,single
1789275339,284050,1,,single
1789275340,284710,1,,single
1789275342,284830,0,,single
1789275343,285110,32,,single
1789275345,285190,146,,single
1789275346,285330,123,,single
1789275348,285500,3,,single
1789275349,285800,2,,single
1789275351,285920,406,,single
1789275352,286100,1,,single
1789275354,286260,0,,single
1789275355,286690,737,,single
1789275356,287310,7,,single
1789275358,287450,599,,single
1789275359,287980,109,,single
1789275361,289070,34233,,single
1789275362,289520,47,,single
1789275364,289930,12,,single
1789275365,290100,15,,single
1789275366,290340,62,,single
1789275368,290770,0,,single
1789275369,291650,235,,single
1789275371,292180,2,,single
1789275372,292730,697,,single
1789275374,292990,130,,single
1789275375,293260,31,,single
1789275377,293780,19,,single
1789275378,294810,3,,single
1789275381,296490,104,,single
1789275382,296870,0,,single
1789275383,298030,70,,single
1789275385,298160,7,,single
1789275386,298610,31,,single
1789275388,299030,1,,single
1789275389,299680,0,,single
1789275390,300550,27,,single
1789275392,301190,2,,single
1789275393,301640,76,,single
1789275395,301760,10,,single
1789275396,302610,5,,single
1789275397,302710,4,,single
1789275399,303310,53,,single
1789275400,304240,419,,single
1789275402,304410,155,,single
1789275403,304930,10927,,single
1789275405,306020,134,,single
1789275406,306660,8,,single
1789275407,307070,0,,single
1789275409,307230,2,,single
1789275410,307640,7,,single
1789275411,307690,549,,single
1789275413,307960,139,,single
1789275414,308600,233,,single
1789275416,310080,2,,single
1789275417,310560,44,,single
1789275418,311210,11094,,single
1789275420,311310,130,,single
1789275421,311560,134,,single
1789275423,312370,12,,single
1789275424,312520,1792,,single
1789275426,312670,27,,single
1789275427,313120,280,,single
1789275428,313340,40,,single
1789275430,313500,19,,single
1789275431,314160,345,,single
1789275433,314280,2,,single
1789275434,314430,18,,single
1789275436,314650,180,,single
1789275437,314980,25,,single
1789275438,316010,41,,single
1789275440,316610,0,,single
1789275441,317360,8,,single
1789275442,318100,0,,single
1789275444,318600,5,,single
1789275445,319510,125,,single
1789275447,319910,13,,single
1789275448,320140,4,,single
1789275449,320430,52,,single
1789275451,321400,3,,single
1789275452,322170,32450,,single
1789275453,322210,16,,single
1789275455,322330,29277,,single
1789275456,322500,40,,single
1789275458,322910,1,,single
1789275459,323060,0,,single
1789275460,323380,3,,single
1789275462,323720,10,,single
1789275463,324080,123,,single
1789275464,324680,21,,single
1789275466,325210,10,,single
1789275467,325610,1466,,single
1789275469,326410,4,,single
1789275470,326670,6,,single
1789275471,327140,0,,single
1789275473,327410,3,,single
1789275474,327860,3,,single
1789275476,328760,1,,single
1789275477,329070,3,,single
1789275478,329860,1,,single
1789275480,330580,0,,single
1789275482,331160,11,,single
1789275483,331600,35,,single
1789275484,331750,4,,single
1789275486,332570,48,,single
1789275487,332950,157,,single
1789275489,333640,321,,single
1789275490,334230,130,,single
1789275492,334920,72,,single
1789275493,335000,2,,single
1789275495,335620,25,,single
1789275496,336140,1,,single
1789275497,337150,27,,single
1789275499,338930,2,,single
1789275500,339350,1,,single
1789275501,341000,5,,single
1789275503,341940,80,,single
1789275504,342560,60,,single
1789275506,343440,2,,single
1789275507,343860,1,,single
1789275509,345390,7,,single
1789275510,346010,241,,single
1789275511,346120,1,,single
1789275513,346900,909,,single
1789275514,348250,19,,single
1789275516,348550,68,,single
1789275517,349040,476,,single
1789275518,350080,70,,single
1789275520,351510,71,,single
1789275522,351910,0,,single
1789275523,351990,1,,single
1789275524,352520,0,,single
1789275526,353090,6,,single
1789275527,353640,8,,single
1789275529,354140,14,,single
1789275530,354240,12,,single
1789275531,355060,4,,single
1789275533,355790,13,,single
1789275534,356400,1,,single
1789275536,356520,0,,single
1789275538,357070,113,,single
1789275539,357330,1,,single
1789275540,358090,0,,single
1789275542,359310,3,,single
1789275543,359550,80003,,single
1789275545,360620,1,,single
1789275546,360650,1,,single
1789275547,361280,306,,single
1789275549,361630,1,,single
1789275550,362620,150,,single
1789275552,362960,55,,single
1789275553,363680,15,,single
1789275555,363970,1492,,single
1789275556,365160,4,,single
1789275558,365360,1603,,single
1789275559,365590,288,,single
1789275561,366760,0,,single
1789275562,367450,84,,single
1789275563,367670,115,,single
1789275565,368230,46,,single
1789275566,368370,11,,single
1789275568,368500,245,,single
1789275569,369990,105,,single
1789275571,370360,33,,single
1789275572,371520,11,,single
1789275573,371970,1016,,single
1789275575,372800,57,,single
1789275576,373390,3,,single
1789275578,373930,126,,single
1789275579,374190,13,,single
1789275580,374900,6,,single
1789275582,375530,49,,single
1789275583,375900,8,,single
1789275584,376210,18235,,single
1789275586,376870,2,,single
1789275587,377860,4,,single
1789275589,379210,16,,single
1789275590,380150,2,,single
1789275592,380840,0,,single
1789275593,381780,2,,single
1789275595,382310,442,,single
1789275596,382560,10,,single
1789275598,383840,52,,single
1789275599,383980,347,,single
1789275600,384300,64,,single
1789275602,385380,10,,single
1789275603,385770,103,,single
1789275604,386260,3,,single
1789275606,386620,18,,single
1789275607,386940,439,,single
1789275608,388080,475,,single
1789275610,388210,11,,single
1789275611,388880,4,,single
1789275613,389170,2,,single
1789275614,389730,759,,single
1789275616,390670,0,,single
1789275617,391220,1855,,single
1789275618,391540,2593,,single
1789275620,392110,408,,single
1789275621,393190,0,,single
1789275622,393430,1,,single
1789275624,394360,32877,,single
1789275625,394690,267,,single
1789275626,395170,5,,single
1789275628,396650,0,,single
1789275629,396750,30,,single
1789275630,397060,19,,single
1789275632,397350,120,,single
1789275633,397460,74,,single
1789275635,398710,3,,single
1789275636,399120,0,,single
1789275637,399820,0,,single
1789275639,400630,8,,single
1789275640,401680,19,,single
1789275641,402560,10,,single
1789275643,403640,409,,single
1789275644,404410,95,,single
1789275646,404790,1708,,single
1789275647,405310,118,,single
1789275648,405710,8,,single
1789275650,405830,12,,single
1789275651,406150,10,,single
1789275652,406350,13,,single
1789275654,406970,2,,single
1789275655,407530,4,,single
1789275657,408900,5,,single
1789275658,409590,2,,single
1789275659,410110,22,,single
1789275661,410340,349,,single
1789275662,410890,38,,single
1789275663,410980,152,,single
1789275665,412740,0,,single
1789275666,413710,1,,single
1789275668,414740,5,,single
1789275669,415420,3,,single
1789275671,417430,2,,single
1789275672,418070,3,,single
1789275674,418340,15,,single
1789275676,418500,0,,single
1789275677,418650,0,,single
1789275678,420000,49,,single
1789275680,420440,21,,single
1789275682,421020,26,,single
1789275683,421050,7,,single
1789275684,422900,25,,single
1789275686,424030,110,,single
1789275687,425210,0,,single
1789275689,427250,4,,single
1789275690,428430,25,,single
1789275691,428660,4,,single
1789275693,429050,188,,single
1789275694,429680,3,,single
1789275696,429790,134,,single
1789275697,431180,1,,single
1789275699,431600,24,,single
1789275700,431730,4986,,single
1789275701,433550,0,,single
1789275703,434030,2,,single
1789275704,435120,93,,single
1789275707,435400,8,,single
1789275708,435790,0,,single
1789275710,436320,2,,single
1789275711,437920,76,,single
1789275712,438100,64186,,single
1789275714,438270,3,,single
1789275715,438640,22,,single
1789275717,440310,21,,single
1789275718,440540,8,,single
1789275720,441550,51,,single
1789275721,444090,766,,single
1789275722,444640,168,,single
1789275724,445190,16,,single
1789275725,445310,39,,single
1789275727,446800,55,,single
1789275728,447040,1627,,single
1789275729,447150,6,,single
1789275731,448280,19,,single
1789275732,448510,370,,single
1789275733,449610,18,,single
1789275735,450390,14,,single
1789275737,451340,160,,single
1789275738,452570,2,,single
1789275740,453340,1,,single
1789275741,454650,1404,,single
1789275742,455820,0,,single
1789275744,456750,30,,single
1789275745,457550,60,,single
1789275747,458710,288,,single
1789275748,459080,2,,single
1789275750,460920,46,,single
1789275751,462770,2,,single
1789275753,464060,29,,single
1789275754,464360,1,,single
1789275755,465520,0,,single
1789275757,466240,4,,single
1789275758,466910,4,,single
1789275759,468920,66,,single
1789275761,470220,276,,single
1789275763,470310,141,,single
1789275764,473770,13,,single
1789275765,474210,0,,single
1789275767,475150,438,,single
1789275768,475550,57,,single
1789275769,476600,601,,single
1789275771,477160,924,,single
1789275772,477770,8,,single
1789275774,479130,1,,single
1789275775,480650,62,,single
1789275776,481510,50,,single
1789275778,482730,245,,single
1789275779,483420,0,,single
1789275781,485610,18,,single
1789275783,486310,3,,single
1789275784,488310,1,,single
1789275786,489140,2,,single
1789275787,489630,628,,single
1789275788,490110,94,,single
1789275790,491040,1,,single
1789275791,491530,3,,single
1789275793,491950,8,,single
1789275794,492720,819,,single
1789275796,493840,7,,single
1789275797,494150,4,,single
1789275798,495140,67,,single
1789275800,495560,8,,single
1789275801,496890,0,,single
1789275803,498240,49,,single
1789275804,499440,0,,single
1789275806,499660,2,,single
1789275807,501080,6,,single
1789275808,501320,3,,single
1789275810,502500,752,,single
1789275811,503400,2,,single
1789275812,503940,134,,single
1789275814,504370,177,,single
1789275815,505230,28,,single
1789275817,507010,6,,single
1789275818,508900,1,,single
1789275820,509580,5,,single
1789275821,510500,8,,single
1789275822,512470,12,,single
1789275824,513510,1,,single
1789275825,515180,28,,single
1789275827,516750,561,,single
1789275828,517710,4,,single
1789275829,518030,7,,single
1789275831,518790,4331,,single
1789275832,520940,2,,single
1789275834,523660,11,,single
1789275835,524850,2,,single
1789275836,525510,30,,single
1789275838,526740,1,,single
1789275839,528200,36,,single
1789275841,529340,6259,,single
1789275842,530320,3,,single
1789275843,532110,216,,single
1789275845,533300,0,,single
1789275846,535520,5,,single
1789275848,537110,6,,single
1789275849,538100,6,,single
1789275850,539470,25,,single
1789275852,540840,5,,single
1789275853,541210,61,,single
1789275855,543870,32,,single
1789275856,544550,394,,single
1789275857,544810,6850,,single
1789275859,545270,0,,single
1789275860,550320,45,,single
1789275861,551860,3,,single
1789275863,552100,785,,single
1789275864,552520,1279,,single
1789275865,552990,9619,,single
1789275867,553260,2,,single
1789275868,553520,174,,single
1789275870,553640,17,,single
1789275871,554620,33,,single
1789275873,555160,56,,single
1789275874,557340,21,,single
1789275875,558100,16,,single
1789275877,558990,431,,single
1789275878,559330,0,,single
1789275880,560260,0,,single
1789275881,562010,53,,single
1789275883,562260,28,,single
1789275884,562860,9,,single
1789275886,564050,1,,single
1789275887,564530,71,,single
1789275888,566050,89,,single
1789275890,567290,0,,single
1789275891,568090,8,,single
1789275893,568320,54,,single
1789275894,569860,10,,single
1789275895,571310,32,,single
1789275897,572220,14,,single
1789275898,572890,55,,single
1789275900,573100,165,,single
1789275901,573410,6,,single
1789275902,574560,5,,single
1789275904,574980,0,,single
1789275905,576770,46,,single
1789275907,577800,50,,single
1789275908,578310,2,,single
1789275909,578720,1,,single
1789275911,579950,0,,single
1789275912,580720,6,,single
1789275913,581660,8,,single
1789275915,582500,251,,single
1789275916,583010,43,,single
1789275918,584400,114,,single
1789275919,585410,23,,single
1789275920,585710,5,,single
1789275922,586030,0,,single
1789275923,587430,4,,single
1789275925,587620,68,,single
1789275926,588040,6,,single
1789275927,589290,501,,single
1789275929,589870,70,,single
1789275930,591460,137,,single
1789275931,592260,28,,single
1789275933,592600,0,,single
1789275934,593960,1,,single
1789275936,594650,16580,,single
1789275937,595280,1,,single
1789275938,595520,340,,single
1789275940,597180,429,,single
1789275941,598550,7,,single
1789275943,598960,20,,single
1789275944,599140,1734,,single
1789275945,599750,3,,single
1789275947,600480,53,,single
1789275948,601220,2,,single
1789275949,601510,1421,,single
1789275951,602320,172,,single
1789275952,603850,199,,single
1789275954,604330,3,,single
1789275956,605740,124,,single
1789275957,606500,0,,single
1789275958,609110,2,,single
1789275960,609940,3,,single
1789275961,610360,1,,single
1789275963,611980,0,,single
1789275964,613830,145,,single
1789275966,616110,9,,single
1789275967,617480,8,,single
1789275968,618140,15,,single
1789275970,619150,64,,single
1789275971,619700,0,,single
1789275974,619910,0,,single
1789275975,620980,250,,single
1789275977,621060,136,,single
1789275978,623280,0,,single
1789275979,624270,64,,single
1789275981,626610,5,,single
1789275983,627690,2335,,single
1789275984,628770,4,,single
1789275985,629730,379,,single
1789275987,631510,455,,single
1789275988,632300,278,,single
1789275990,633060,4,,single
1789275991,633230,432,,single
1789275992,634160,3,,single
1789275994,635320,7,,single
1789275995,636150,16,,single
1789275997,637850,0,,single
1789275998,638230,46,,single
1789275999,639170,1,,single
1789276001,640590,30,,single
1789276002,641080,9,,single
1789276004,641960,0,,single
1789276005,643270,1,,single
1789276006,645090,1,,single
1789276008,645790,7,,single
1789276009,646500,15,,single
1789276010,647830,176,,single
1789276012,648350,164,,single
1789276013,648410,28,,single
1789276015,648800,6402,,single
1789276016,653530,145,,single
1789276018,655500,2384,,single
1789276019,657240,5,,single
1789276020,658700,15,,single
1789276022,660160,8,,single
1789276023,661790,7,,single
1789276025,663390,24,,single
1789276026,666140,416,,single
1789276028,666220,10,,single
1789276029,666860,247,,single
1789276030,667600,14,,single
1789276032,667870,0,,single
1789276033,669330,925,,single
1789276034,671440,6,,single
1789276036,671620,3,,single
1789276037,672870,33,,single
1789276039,673610,107,,single
1789276040,673880,93,,single
1789276041,674500,57,,single
1789276043,674930,8,,single
1789276044,675010,364,,single
1789276046,677160,87,,single
1789276047,678800,95,,single
1789276048,678960,286,,single
1789276050,679900,83,,single
1789276051,681280,192,,single
1789276052,682130,14,,single
1789276054,686200,34,,single
1789276055,688470,83,,single
1789276057,690790,478,,single
1789276058,692890,161,,single
1789276059,695330,2,,single
1789276061,697550,2,,single
1789276062,699130,1764,,single
1789276064,700600,96,,single
1789276065,702320,447,,single
1789276066,703080,2161,,single
1789276068,704850,252,,single
1789276069,705120,6,,single
1789276070,708720,0,,single
1789276072,711540,14,,single
1789276074,712100,183,,single
1789276075,716490,23,,single
1789276076,716710,4,,single
1789276078,718850,84,,single
1789276079,719890,749,,single
1789276080,720560,22,,single
1789276082,722060,16,,single
1789276083,725270,1,,single
1789276085,725480,9,,single
1789276086,726590,11,,single
1789276087,727020,0,,single
1789276089,728740,102,,single
1789276090,729000,20,,single
1789276091,730820,19,,single
1789276093,731490,377,,single
1789276094,732370,17,,single
1789276096,733070,27,,single
1789276097,733990,2,,single
1789276098,735280,15,,single
1789276100,735580,1,,single
1789276101,736590,107,,single
1789276102,738060,63,,single
1789276104,741140,12,,single
1789276105,742120,23,,single
1789276107,743130,1,,single
1789276108,744190,177,,single
1789276109,746850,17,,single
1789276111,747660,159,,single
1789276112,748360,6,,single
1789276114,748940,0,,single
1789276115,751630,10,,single
1789276116,753420,111,,single
1789276118,753660,18,,single
1789276119,754500,16,,single
1789276120,755790,1,,single
1789276122,757210,33,,single
1789276123,757320,108,,single
1789276125,758190,278,,single
1789276126,758370,79,,single
1789276127,758870,148,,single
1789276129,759740,7,,single
1789276130,760650,11,,single
1789276132,761620,20,,single
1789276133,761890,6436,,single
1789276134,762830,3,,single
1789276136,764050,0,,single
1789276137,766280,0,,single
1789276139,767390,2,,single
1789276140,770240,44,,single
1789276141,772540,0,,single
1789276143,773790,95,,single
1789276144,774461,92,,single
1789276145,774861,9,,single
1789276147,776490,1,,single
1789276149,780290,330,,single
1789276150,782330,717,,single
1789276151,783770,1,,single
1789276153,784150,1529,,single
1789276154,785740,28,,single
1789276156,785890,3,,single
1789276157,787860,649,,single
1789276158,790600,8,,single
1789276160,790820,86,,single
1789276161,792040,0,,single
1789276163,792120,1,,single
1789276164,792710,4,,single
1789276166,793460,34,,single
1789276167,795100,2,,single
1789276169,795630,54,,single
1789276170,797410,0,,single
1789276172,798290,24,,single
1789276173,798490,38,,single
1789276175,799070,1,,single
1789276176,799960,811,,single
1789276177,801480,7,,single
1789276179,801630,5,,single
1789276180,803330,34,,single
1789276181,804700,4,,single
1789276183,805940,1,,single
1789276184,808290,44,,single
1789276185,809230,91,,single
1789276187,811320,15,,single
1789276188,812140,4341,,single
1789276190,813630,56,,single
1789276191,813820,0,,single
1789276192,814380,6010,,single
1789276195,815780,4,,single
1789276197,816340,181,,single
1789276198,817540,2,,single
1789276199,819030,9,,single
1789276201,821250,146,,single
1789276202,823130,135,,single
1789276204,823950,1,,single
1789276205,824550,66,,single
1789276206,826630,62,,single
1789276208,829110,88,,single
1789276209,829660,40,,single
1789276211,833360,246,,single
1789276212,834740,31,,single
1789276214,835960,77,,single
1789276215,838310,2,,single
1789276216,839770,150,,single
1789276218,840010,6,,single
1789276219,841190,32,,single
1789276220,842180,5,,single
1789276222,843260,30,,single
1789276223,843390,6,,single
1789276225,844260,2,,single
1789276226,845070,19,,single
1789276227,845890,1,,single
1789276229,846110,15,,single
1789276230,846770,288,,single
1789276232,848350,23,,single
1789276233,848480,135,,single
1789276234,852110,0,,single
1789276236,853450,5,,single
1789276237,853770,8,,single
1789276238,855640,1,,single
1789276240,858260,0,,single
1789276241,858760,5,,single
1789276243,859580,257,,single
1789276244,860890,38,,single
1789276246,861250,0,,single
1789276247,863590,13,,single
1789276248,865360,120,,single
1789276250,865610,1,,single
1789276251,866440,0,,single
1789276253,867210,111,,single
1789276254,868360,394,,single
1789276256,870780,1415,,single
1789276257,872670,127,,single
1789276259,873940,12,,single
1789276260,874390,163,,single
1789276261,878380,9,,single
1789276263,880940,1484,,single
1789276264,881100,1695,,single
1789276266,882710,9,,single
1789276268,884260,1,,single
1789276270,885810,8,,single
1789276271,887570,110,,single
1789276272,890720,3,,single
1789276274,893030,1,,single
1789276276,894020,101,,single
1789276277,895870,175,,single
1789276280,896520,13,,single
1789276281,897730,2,,single
1789276282,898890,6,,single
1789276284,900270,4,,single
1789276285,905370,1,,single
1789276287,909660,28,,single
1789276288,913550,46,,single
1789276290,914020,0,,single
1789276291,915310,5,,single
1789276292,915600,3,,single
1789276294,916730,8,,single
1789276295,917680,1,,single
1789276297,920490,598,,single
1789276298,922460,1,,single
1789276299,925950,3,,single
1789276301,928600,16,,single
1789276302,935880,17,,single
1789276303,936790,28,,single
1789276305,937310,224,,single
1789276306,938560,4,,single
1789276308,939400,89,,single
1789276309,940680,0,,single
1789276311,941460,2,,single
1789276312,944010,7,,single
1789276313,946050,218,,single
1789276315,949230,8872,,single
1789276316,949480,4,,single
1789276318,950180,0,,single
1789276320,951240,93,,single
1789276322,952860,244,,single
1789276323,953880,84,,single
1789276324,955740,5,,single
1789276326,956680,17,,single
1789276327,960170,632,,single
1789276329,960990,275,,single
1789276330,962130,2915,,single
1789276331,962730,62,,single
1789276333,963930,28,,single
1789276334,964440,1,,single
1789276336,965200,71,,single
1789276337,965580,115,,single
1789276339,965820,3,,single
1789276340,966330,4,,single
1789276342,966680,1,,single
1789276343,969990,44,,single
1789276345,972660,442,,single
1789276346,973760,56,,single
1789276347,975370,725,,single
1789276349,976890,8,,single
1789276350,977950,2541,,single
1789276351,978460,12,,single
1789276353,978780,291,,single
1789276355,979110,318,,single
1789276356,979640,49,,single
1789276357,980300,5,,single
1789276359,981430,31,,single
1789276360,982270,1,,single
1789276362,982720,0,,single
1789276363,985890,159,,single
1789276364,986800,3,,single
1789276366,987840,81,,single
1789276367,989440,2,,single
1789276369,993090,5711,,single
1789276370,994910,135,,single
1789276371,996470,119,,single
1789276373,997010,153,,single
1789276374,998400,11,,single
1789276375,1000030,15,,single
1789276377,1003090,1,,single
1789276378,1003890,3,,single
1789276380,1005300,185,,single
1789276381,1007040,344,,single
1789276383,1009850,5896,,single
1789276385,1010800,2,,single
1789276386,1011190,1,,single
1789276388,1012560,2,,single
1789276389,1012840,1,,single
1789276390,1013140,9,,single
1789276392,1016790,5,,single
1789276393,1017900,559,,single
1789276395,1018160,5,,single
1789276396,1018830,42,,single
1789276397,1019550,1,,single
1789276399,1021100,8,,single
1789276400,1021950,1,,single
1789276402,1022980,335,,single
1789276403,1024650,45,,single
1789276404,1025960,15,,single
1789276406,1026840,2,,single
1789276407,1028630,54,,single
1789276409,1029780,1058,,single
1789276410,1031480,3,,single
1789276412,1036240,35,,single
1789276413,1036950,101,,single
1789276414,1038370,7,,single
1789276416,1039880,2,,single
1789276417,1040230,54,,single
1789276418,1043260,69,,single
1789276420,1044720,1746,,single
1789276421,1046400,12,,single
1789276422,1048540,0,,single
1789276424,1049410,76,,single
1789276425,1051690,16,,single
1789276426,1054430,6,,single
1789276428,1054510,235,,single
1789276429,1055430,23,,single
1789276431,1058020,52,,single
1789276432,1058450,13,,single
1789276433,1058650,0,,single
1789276435,1058830,18,,single
1789276436,1059980,1,,single
1789276437,1061090,51,,single
1789276439,1061910,30,,single
1789276440,1062110,1,,single
1789276442,1062160,36,,single
1789276443,1063420,243,,single
1789276444,1064460,0,,single
1789276446,1065310,146,,single
1789276447,1066780,3873,,single
1789276449,1067540,9,,single
1789276450,1068820,3213,,single
1789276451,1069640,21,,single
1789276453,1069660,362,,single
1789276454,1069740,19,,single
1789276455,1070580,18,,single
1789276457,1071130,2,,single
1789276458,1072150,7,,single
1789276459,1072480,5,,single
1789276461,1073910,11,,single
1789276462,1075740,9,,single
1789276464,1076200,55,,single
1789276465,1078420,0,,single
1789276466,1078760,8,,single
1789276468,1079160,3,,single
1789276470,1080110,63,,single
1789276471,1081510,2,,single
1789276472,1084020,112,,single
1789276474,1084640,2,,single
1789276475,1085510,16,,single
1789276477,1086410,0,,single
1789276478,1087760,25,,single
1789276480,1088850,263,,single
1789276481,1089350,176,,single
1789276482,1091920,7,,single
1789276484,1092660,31,,single
1789276485,1094520,94,,single
1789276486,1096530,427,,single
1789276488,1097130,12,,single
1789276489,1097350,20,,single
1789276490,1098340,1,,single
1789276492,1100140,19,,single
1789276493,1100600,588,,single
1789276494,1100990,34,,single
1789276496,1101140,1,,single
1789276497,1104450,11,,single
1789276499,1106840,292,,single
1789276500,1108370,41,,single
1789276501,1109680,23,,single
1789276503,1111460,8,,single
1789276504,1114070,0,,single
1789276506,1114220,10,,single
1789276507,1115640,5,,single
1789276509,1116880,10,,single
1789276510,1119730,459,,single
1789276511,1120480,0,,single
1789276513,1121640,151,,single
1789276514,1122340,131,,single
1789276516,1122720,8,,single
1789276517,1123830,23,,single
1789276518,1125240,12,,single
1789276520,1127610,2,,single
1789276521,1128920,339,,single
1789276523,1129310,8,,single
1789276524,1130410,9,,single
1789276526,1131620,140,,single
1789276527,1134570,37,,single
1789276528,1135230,171,,single
1789276530,1135810,14,,single
1789276531,1137750,33,,single
1789276533,1138660,19,,single
1789276534,1139800,1,,single
1789276535,1139900,385,,single
1789276537,1140150,119,,single
1789276538,1140620,48,,single
1789276540,1141580,19,,single
1789276541,1142710,23856,,single
1789276542,1144170,88,,single
1789276544,1144770,3,,single
1789276545,1147550,20,,single
1789276547,1147690,2662,,single
1789276548,1148590,23,,single
1789276549,1148760,45,,single
1789276551,1149620,127,,single
1789276552,1150760,26,,single
1789276554,1151050,0,,single
1789276555,1151640,420,,single
1789276556,1153410,33,,single
1789276558,1154040,1,,single
1789276560,1154840,48,,single
1789276561,1155970,20,,single
1789276562,1157220,14,,single
1789276564,1158310,16015,,single
1789276565,1158850,280,,single
1789276567,1159290,99,,single
1789276568,1160220,10,,single
1789276570,1161170,7,,single
1789276571,1161580,256,,single
1789276572,1162130,3,,single
1789276574,1163870,5,,single
1789276576,1164250,2,,single
1789276577,1166290,23,,single
1789276578,1167450,43,,single
1789276580,1168470,1,,single
1789276582,1170060,0,,single
1789276583,1172380,562,,single
1789276584,1172620,2652,,single
1789276586,1173010,11,,single
1789276587,1173770,75,,single
1789276589,1173800,78,,single
1789276590,1173820,231,,single
1789276591,1175460,18,,single
1789276593,1177660,0,,single
1789276594,1178220,5,,single
1789276595,1179210,11,,single
1789276597,1181830,21,,single
1789276598,1182110,39,,single
1789276599,1182620,7,,single
1789276601,1182920,19,,single
1789276602,1186640,12,,single
1789276603,1187510,15,,single
1789276605,1189490,1715,,single
1789276606,1190170,0,,single
1789276608,1191120,20,,single
1789276609,1191840,9,,single
1789276611,1194630,37,,single
1789276612,1195290,10,,single
1789276613,1196470,19,,single
1789276615,1197260,603,,single
1789276616,1198090,78,,single
1789276618,1201230,73,,single
1789276619,1201270,17,,single
1789276621,1202130,123,,single
1789276622,1202900,9,,single
1789276624,1203220,27140,,single
1789276626,1203710,22,,single
1789276627,1205040,15,,single
1789276628,1205520,53,,single
1789276630,1206430,3,,single
1789276631,1206610,34,,single
1789276633,1210030,1,,single
1789276634,1210320,402,,single
1789276635,1211630,302,,single
1789276637,1214360,0,,single
1789276638,1215390,129,,single
1789276640,1216710,53,,single
1789276641,1218900,2,,single
1789276643,1220840,0,,single
1789276644,1222140,2267,,single
1789276645,1222680,1773,,single
1789276647,1223500,0,,single
1789276648,1225330,89,,single
1789276649,1227530,60,,single
1789276651,1227690,19,,single
1789276652,1229380,10,,single
1789276653,1230170,1,,single
1789276655,1232180,5,,single
1789276656,1233070,12,,single
1789276658,1233570,22,,single
1789276659,1234940,1,,single
1789276661,1237950,900,,single
1789276662,1238080,26,,single
1789276663,1239050,0,,single
1789276665,1239260,22,,single
1789276666,1239690,9,,single
1789276667,1241510,0,,single
1789276669,1242980,78,,single
1789276670,1244090,245,,single
1789276671,1244630,7,,single
1789276673,1245480,140,,single
1789276674,1248130,2551,,single
1789276676,1249970,139,,single
1789276677,1250760,6,,single
1789276678,1252830,1,,single
1789276680,1256670,2424,,single
1789276681,1257410,2,,single
1789276682,1259420,1320,,single
1789276684,1259980,61,,single
1789276685,1260590,41,,single
1789276687,1262240,137,,single
1789276688,1262460,92,,single
1789276690,1262560,190,,single
1789276691,1262600,60,,single
1789276692,1263850,653,,single
1789276694,1264280,12,,single
1789276695,1265860,28,,single
1789276696,1266540,43,,single
1789276698,1267540,396,,single
1789276699,1268960,5,,single
1789276700,1270580,119,,single
1789276702,1271400,0,,single
1789276703,1272160,203,,single
1789276704,1273260,21,,single
1789276706,1273440,1,,single
1789276707,1274600,29,,single
1789276709,1275640,5,,single
1789276710,1278540,96,,single
1789276711,1281590,34,,single
1789276713,1282100,1471,,single
1789276714,1282730,145,,single
1789276716,1283400,35,,single
1789276717,1284210,3441,,single
1789276718,1286280,9,,single
1789276720,1286350,17,,single
1789276721,1286680,313,,single
1789276723,1286990,25,,single
1789276724,1289340,1,,single
1789276725,1289810,68,,single
1789276727,1291010,72,,single
1789276728,1291500,0,,single
1789276731,1293170,4,,single
1789276732,1294420,2,,single
1789276734,1294760,13,,single
1789276735,1295500,122,,single
1789276737,1295920,51,,single
1789276738,1297160,3,,single
1789276740,1299460,12,,single
1789276741,1301720,16,,single
1789276742,1304550,11,,single
1789276744,1305420,1,,single
1789276745,1307890,150,,single
1789276747,1309950,2,,single
1789276748,1310520,1,,single
1789276750,1313140,2302,,single
1789276751,1315980,1,,single
1789276752,1316910,8,,single
1789276754,1319460,2,,single
1789276755,1323420,0,,single
1789276757,1324530,2,,single
1789276758,1328350,13,,single
1789276759,1329500,62,,single
1789276761,1329880,5,,single
1789276762,1330470,48,,single
1789276763,1331440,1,,single
1789276765,1332470,0,,single
1789276767,1334730,1,,single
1789276768,1335560,4,,single
1789276769,1335830,131,,single
1789276771,1336560,0,,single
1789276772,1337520,157,,single
1789276774,1337890,2,,single
1789276775,1338580,4,,single
1789276776,1338840,6,,single
1789276778,1340530,2,,single
1789276779,1341290,293,,single
1789276781,1342620,1,,single
1789276782,1343240,24,,single
1789276783,1343400,1947,,single
1789276785,1345820,5,,single
1789276786,1346010,1,,single
1789276787,1347550,4,,single
1789276789,1347970,5,,single
1789276790,1350200,6,,single
1789276792,1351080,185,,single
1789276793,1352330,96,,single
1789276795,1352930,50,,single
1789276796,1356670,95,,single
1789276797,1357860,6,,single
1789276799,1358700,81,,single
1789276800,1360000,78,,single
1789276801,1360810,73,,single
1789276803,1361210,6013,,single
1789276804,1363080,4603,,single
1789276806,1364020,4,,single
1789276807,1364210,142,,single
1789276808,1364390,240,,single
1789276810,1366290,2,,single
1789276811,1366950,5,,single
1789276813,1368030,7,,single
1789276814,1369670,497,,single
1789276816,1370050,3,,single
1789276817,1372280,100,,single
1789276819,1372530,59,,single
1789276820,1373780,1,,single
1789276821,1375400,10,,single
1789276823,1376200,8,,single
1789276824,1377360,5,,single
1789276826,1377450,5,,single
1789276827,1379870,9,,single
1789276829,1382200,0,,single
1789276830,1384770,4,,single
1789276832,1386780,31,,single
1789276833,1388870,10,,single
1789276834,1389630,1,,single
1789276836,1390190,29,,single
1789276837,1392820,8,,single
1789276839,1393750,7,,single
1789276840,1396240,25,,single
1789276841,1397920,451,,single
1789276843,1401590,1911,,single
1789276844,1404210,457,,single
1789276846,1406850,9,,single
1789276847,1408230,14,,single
1789276848,1408720,14,,single
1789276850,1410710,27,,single
1789276851,1413480,142,,single
1789276853,1414180,1,,single
1789276854,1416130,0,,single
1789276855,1416260,47,,single
1789276857,1417930,9,,single
1789276858,1419170,1103,,single
1789276859,1420350,14,,single
1789276861,1421250,52,,single
1789276862,1422130,58,,single
1789276864,1423330,1,,single
1789276865,1426210,5148,,single
1789276866,1428100,10,,single
1789276868,1430680,18,,single
1789276869,1432100,3,,single
1789276871,1433340,28,,single
1789276872,1435670,2,,single
1789276873,1436590,29,,single
1789276875,1437760,26,,single
1789276876,1437830,502,,single
1789276877,1440670,27,,single
1789276879,1444110,1,,single
1789276880,1445790,52,,single
1789276881,1447430,3068,,single
1789276883,1448530,7,,single
1789276884,1449280,11,,single
1789276886,1450150,13,,single
1789276887,1450900,118,,single
1789276888,1451480,9,,single
1789276890,1451810,17,,single
1789276891,1455630,166,,single
1789276893,1455840,277,,single
1789276894,1456760,13,,single
1789276895,1458140,294,,single
1789276897,1461600,0,,single
1789276898,1462470,2,,single
1789276899,1462810,180,,single
1789276901,1465360,3608,,single
1789276902,1466640,50,,single
1789276903,1467920,3,,single
1789276905,1468720,77,,single
1789276906,1471410,53,,single
1789276908,1475380,1,,single
1789276909,1476970,12449,,single
1789276911,1477590,84,,single
1789276912,1478160,7,,single
1789276913,1481170,43,,single
1789276915,1482860,73,,single
1789276916,1484280,16,,single
1789276918,1485590,6,,single
1789276919,1486920,127,,single
1789276921,1489970,7,,single
1789276922,1491340,15,,single
1789276923,1493640,134,,single
1789276925,1494810,16,,single
1789276926,1499120,1,,single
1789276928,1502190,2,,single
1789276929,1507190,18,,single
1789276930,1509820,0,,single
1789276932,1510460,40,,single
1789276933,1511630,72,,single
1789276935,1511780,19,,single
1789276936,1515210,88,,single
1789276938,1519350,15,,single
1789276939,1522160,17,,single
1789276940,1522870,45,,single
1789276942,1526490,113,,single
1789276943,1527950,2379,,single
1789276945,1533390,580,,single
1789276946,1536070,58,,single
1789276947,1538460,21,,single
1789276949,1539140,78,,single
1789276950,1540960,139,,single
1789276951,1544360,3,,single
1789276953,1545560,148,,single
1789276954,1546320,2693,,single
1789276955,1546860,7,,single
1789276957,1549690,37,,single
1789276958,1552550,48,,single
1789276960,1554840,0,,single
1789276961,1556200,25,,single
1789276962,1556980,1,,single
1789276964,1557990,1,,single
1789276965,1559600,57,,single
1789276967,1562430,474,,single
1789276968,1564090,1,,single
1789276969,1567020,28,,single
1789276971,1569040,861,,single
1789276972,1569520,14,,single
1789276973,1570010,12,,single
1789276975,1570330,9,,single
1789276976,1573280,2,,single
1789276977,1574310,2,,single
1789276979,1574820,141,,single
1789276980,1575870,22,,single
1789276981,1576060,1,,single
1789276983,1578650,55,,single
1789276984,1579380,29,,single
1789276986,1580520,22,,single
1789276987,1582650,35,,single
1789276988,1583320,189,,single
1789276990,1587130,37,,single
1789276991,1589120,15,,single
1789276993,1590760,23,,single
1789276994,1592190,303,,single
1789276995,1592290,14,,single
1789276997,1592670,5,,single
1789276998,1594940,368,,single
1789277000,1598160,1,,single
1789277001,1599560,1,,single
1789277002,1599880,4,,single
1789277004,1601580,473,,single
1789277005,1602080,10,,single
1789277007,1603640,42,,single
1789277008,1604030,2721,,single
1789277010,1606180,138,,single
1789277011,1607680,78,,single
1789277012,1608230,67,,single
1789277014,1608640,18,,single
1789277015,1610440,50,,single
1789277017,1611410,104,,single
1789277018,1611600,660,,single
1789277019,1612620,0,,single
1789277021,1615290,19,,single
1789277023,1620340,35,,single
1789277024,1621310,47,,single
1789277025,1622770,12,,single
1789277027,1624540,37,,single
1789277028,1626890,0,,single
1789277030,1628130,1,,single
1789277031,1630920,0,,single
1789277032,1634150,16,,single
1789277034,1637320,866,,single
1789277035,1638220,83,,single
1789277037,1644320,234,,single
1789277038,1645820,709,,single
1789277039,1648390,45,,single
1789277041,1649730,112,,single
1789277042,1650010,108,,single
1789277043,1651960,3,,single
1789277045,1656780,44,,single
1789277046,1658040,71,,single
1789277047,1659040,3234,,single
1789277049,1660080,228,,single
1789277050,1663040,18,,single
1789277051,1664220,9,,single
1789277053,1668510,43,,single
1789277054,1669000,1386,,single
1789277056,1669420,23,,single
1789277057,1674170,367,,single
1789277058,1676130,7,,single
1789277060,1677280,3404,,single
1789277061,1677740,1545,,single
1789277062,1681430,235,,single
1789277064,1682060,17,,single
1789277065,1684350,94,,single
1789277066,1689620,225,,single
1789277068,1693980,745,,single
1789277069,1696440,41,,single
1789277071,1697700,4,,single
1789277072,1700270,55,,single
1789277073,1701380,19,,single
1789277075,1703340,76,,single
1789277076,1707650,3,,single
1789277078,1709900,9,,single
1789277079,1711610,6,,single
1789277080,1712840,15,,single
1789277082,1715730,4,,single
1789277083,1718870,112,,single
1789277084,1723780,14,,single
1789277086,1730250,11,,single
1789277087,1730700,37,,single
1789277088,1732430,5,,single
1789277090,1735950,18,,single
1789277091,1739010,28,,single
1789277093,1743850,9,,single
1789277094,1746930,7,,single
1789277095,1750570,2,,single
1789277097,1754840,6,,single
1789277098,1761380,65,,single
1789277100,1761620,0,,single
1789277101,1764530,61,,single
1789277102,1768280,12,,single
1789277104,1769420,18,,single
1789277105,1771980,16,,single
1789277106,1779200,14,,single
1789277108,1782330,3,,single
1789277109,1785150,355,,single
1789277111,1789480,4,,single
1789277112,1792250,44,,single
1789277113,1796470,185,,single
1789277115,1798010,115,,single
1789277116,1801520,4,,single
1789277117,1804010,7,,single
1789277119,1811040,3,,single
1789277120,1811950,48,,single
1789277122,1812090,42,,single
1789277123,1812620,4481,,single
1789277125,1816300,37,,single
1789277126,1817190,901,,single
1789277127,1818750,33,,single
1789277129,1822910,1,,single
1789277130,1824220,2169,,single
1789277132,1831250,20,,single
1789277133,1835240,21,,single
1789277134,1837220,0,,single
1789277136,1839810,13,,single
1789277137,1839940,8,,single
1789277138,1843090,6,,single
1789277140,1844380,9,,single
1789277141,1846380,619,,single
1789277143,1848450,7,,single
1789277144,1849900,3,,single
1789277146,1850480,0,,single
1789277147,1850570,2961,,single
1789277149,1859280,35,,single
1789277150,1860510,89,,single
1789277152,1863750,14,,single
1789277153,1866880,9,,single
1789277155,1871990,0,,single
1789277156,1874490,111,,single
1789277157,1875060,10,,single
1789277159,1879380,5,,single
1789277160,1881420,16,,single
1789277162,1882500,14,,single
1789277163,1885110,12,,single
1789277164,1887400,11,,single
1789277166,1888160,1277,,single
1789277167,1889640,0,,single
1789277168,1892420,4,,single
1789277170,1894430,39,,single
1789277171,1895300,58,,single
1789277173,1898290,35,,single
1789277175,1900340,7,,single
1789277176,1902960,12,,single
1789277177,1904540,1698,,single
1789277180,1909420,1,,single
1789277181,1911390,4,,single
1789277182,1913210,9,,single
1789277184,1915510,29,,single
1789277185,1920480,12,,single
1789277187,1922560,981,,single
1789277188,1927740,20,,single
1789277189,1931730,6,,single
1789277191,1932570,1,,single
1789277192,1933700,3,,single
1789277193,1934680,1856,,single
1789277195,1938010,47,,single
1789277196,1939970,19,,single
1789277198,1943950,5447,,single
1789277199,1944790,31,,single
1789277200,1946700,29,,single
1789277203,1949960,1,,single
1789277205,1952370,15,,single
1789277207,1954200,45,,single
1789277209,1955330,4,,single
1789277211,1956800,121,,single
1789277213,1958220,64,,single
1789277214,1963570,41,,single
1789277215,1967260,9,,single
1789277217,1967630,133,,single
1789277218,1970580,149,,single
1789277219,1971650,1287,,single
1789277221,1975440,8,,single
1789277222,1978590,18,,single
1789277223,1980530,10,,single
1789277225,1983260,21,,single
1789277226,1988550,20,,single
1789277228,1990110,44,,single
1789277229,2000950,1604,,single
1789277230,2008920,48,,single
1789277232,2011470,0,,single
1789277233,2013730,17,,single
1789277235,2015240,23,,single
1789277236,2019810,19,,single
1789277237,2024070,7,,single
1789277239,2026820,75,,single
1789277240,2051620,2046,,single
1789277242,2056210,22,,single
1789277243,2058190,419,,single
1789277245,2059660,1,,single
1789277246,2060160,2005,,single
1789277247,2064650,161,,single
1789277249,2066020,404,,single
1789277250,2067790,1,,single
1789277252,2068280,71,,single
1789277253,2069310,463,,single
1789277255,2073250,95,,single
1789277256,2075070,18,,single
1789277258,2076140,8,,single
1789277259,2080690,757,,single
1789277261,2085360,3,,single
1789277262,2088160,7,,single
1789277264,2093910,10,,single
1789277265,2096600,78,,single
1789277266,2097230,2,,single
1789277268,2103130,130,,single
1789277269,2104890,835,,single
1789277270,2108330,75,,single
1789277272,2111170,53,,single
1789277273,2114740,613,,single
1789277275,2118810,34,,single
1789277276,2120900,11,,single
1789277278,2124420,0,,single
1789277279,2128480,124,,single
1789277281,2131640,267,,single
1789277282,2134770,52,,single
1789277283,2138710,451,,single
1789277285,2140510,201,,single
1789277286,2144740,133,,single
1789277288,2155180,121,,single
1789277289,2161700,6095,,single
1789277290,2166060,17,,single
1789277292,2169200,1049,,single
1789277293,2172010,63,,single
1789277294,2180340,3,,single
1789277296,2181720,9,,single
1789277297,2182400,2,,single
1789277299,2183900,15891,,single
1789277300,2186320,434,,single
1789277301,2187290,54,,single
1789277303,2194530,158,,single
1789277304,2195250,971,,single
1789277306,2196790,1,,single
1789277307,2205850,84,,single
1789277308,2206270,30,,single
1789277310,2208570,226,,single
1789277311,2211170,200,,single
1789277313,2215430,2505,,single
1789277314,2217000,449,,single
1789277315,2221490,3941,,single
1789277317,2230280,8,,single
1789277318,2230980,115,,single
1789277320,2233120,14,,single
1789277321,2237970,43,,single
1789277323,2239150,320,,single
1789277324,2244130,264,,single
1789277325,2248760,246,,single
1789277327,2252680,15,,single
1789277328,2271930,267,,single
1789277330,2272400,3,,single
1789277331,2273430,1193,,single
1789277332,2273980,102,,single
1789277334,2277320,8,,single
1789277335,2287520,13,,single
1789277337,2289650,54,,single
1789277338,2290180,265,,single
1789277340,2292260,5,,single
1789277341,2296990,57,,single
1789277342,2300320,14726,,single
1789277344,2302660,45,,single
1789277345,2304990,5,,single
1789277347,2314160,30,,single
1789277348,2318480,43,,single
1789277349,2322010,1891,,single
1789277351,2328480,18,,single
1789277352,2330500,6,,single
1789277354,2334730,121,,single
1789277355,2338770,564,,single
1789277357,2348100,3,,single
1789277358,2353250,30,,single
1789277359,2356780,248,,single
1789277361,2357910,6,,single
1789277362,2366970,6,,single
1789277364,2370570,800,,single
1789277365,2379390,11,,single
1789277366,2380050,98,,single
1789277368,2383990,4,,single
1789277369,2389240,0,,single
1789277371,2399160,46,,single
1789277372,2400160,42,,single
1789277374,2400510,81,,single
1789277375,2401970,328,,single
1789277376,2410170,22,,single
1789277378,2419090,14,,single
1789277379,2420660,16,,single
1789277380,2427700,1584,,single
1789277382,2435900,3,,single
1789277383,2441270,10,,single
1789277385,2446600,50,,single
1789277386,2461850,27,,single
1789277387,2475490,55,,single
1789277389,2477340,64,,single
1789277390,2479830,45,,single
1789277392,2488370,538,,single
1789277393,2497920,16,,single
1789277395,2502760,26,,single
1789277396,2506160,26,,single
1789277398,2511500,240,,single
1789277399,2514960,12,,single
1789277401,2521180,0,,single
1789277402,2523120,4,,single
1789277404,2527390,72,,single
1789277405,2533960,9,,single
1789277407,2536840,7,,single
1789277408,2551020,696,,single
1789277410,2552450,818,,single
1789277411,2555430,97,,single
1789277413,2561580,367,,single
1789277414,2575900,2,,single
1789277415,2582560,192,,single
1789277417,2593370,102,,single
1789277418,2595860,2,,single
1789277420,2597970,4,,single
1789277421,2612700,5,,single
1789277423,2629330,2,,single
1789277424,2634950,280,,single
1789277426,2644610,41,,single
1789277427,2649080,15,,single
1789277429,2651330,3,,single
1789277430,2653940,5,,single
1789277431,2658450,26,,single
1789277433,2667120,72,,single
1789277434,2669410,10,,single
1789277436,2674590,63,,single
1789277437,2676840,41,,single
1789277438,2679460,1972,,single
1789277440,2687970,15,,single
1789277441,2688950,1048,,single
1789277443,2693930,30,,single
1789277444,2695490,26,,single
1789277446,2698780,536,,single
1789277447,2707900,57,,single
1789277448,2708450,17,,single
1789277450,2716400,53,,single
1789277451,2719160,85,,single
1789277453,2726450,8,,single
1789277454,2742830,823,,single
1789277455,2761670,52,,single
1789277457,2776450,385,,single
1789277458,2784470,610,,single
1789277460,2797340,32,,single
1789277461,2816950,47,,single
1789277463,2824660,8,,single
1789277464,2826180,215,,single
1789277465,2828860,204,,single
1789277467,2849080,456,,single
1789277468,2853730,294,,single
1789277470,2873080,86,,single
1789277471,2878980,2862,,single
1789277473,2888980,0,,single
1789277474,2903560,13,,single
1789277476,2916430,208,,single
1789277477,2928280,6,,single
1789277478,2933080,594,,single
1789277481,2956820,4,,single
1789277483,2961880,51,,single
1789277484,2967990,60,,single
1789277485,2976720,4,,single
1789277487,3014080,254,,single
1789277488,3019370,3,,single
1789277490,3024540,0,,single
1789277492,3035500,186,,single
1789277493,3058630,428,,single
1789277494,3061810,198,,single
1789277496,3107230,37,,single
1789277497,3112260,135,,single
1789277499,3121110,42,,single
1789277500,3126470,3,,single
1789277501,3149840,6,,single
1789277503,3156770,343,,single
1789277504,3168600,94,,single
1789277505,3176060,59,,single
1789277507,3188550,15,,single
1789277508,3218600,3,,single
1789277509,3228180,5,,single
1789277511,3244220,55,,single
1789277512,3272300,0,,single
1789277514,3371240,29,,single
1789277515,3402530,55,,single
1789277516,3454590,88,,single
1789277518,990080,6249,,single
1789277519,1546970,127,,single
1789277521,1547000,710,,single
1789277522,40,3,,single
1789277523,1900,5,,single
1789277525,2210,18,,single
1789277526,2420,0,,single
1789277528,2500,2,,single
1789277529,2640,19,,single
1789277531,3300,29,,single
1789277532,3710,1,,single
1789277533,3980,7,,single
1789277535,4770,18,,single
1789277536,6040,2,,single
1789277538,6120,2,,single
1789277539,6310,2,,single
1789277540,6510,8,,single
1789277542,6870,8,,single
1789277543,6900,15,,single
1789277545,7510,0,,single
1789277546,7600,64,,single
1789277548,7660,5,,single
1789277549,9160,1,,single
1789277550,9480,144,,single
1789277552,10220,2,,single
1789277553,11610,6,,single
1789277555,12150,58,,single
1789277556,12830,6,,single
1789277558,13520,32,,single
1789277559,13560,15,,single
1789277560,15120,15,,single
1789277562,15190,4,,single
1789277563,15370,133,,single
1789277565,15700,4,,single
1789277566,16450,18,,single
1789277568,17080,0,,single
1789277569,17430,12,,single
1789277570,18040,1,,single
1789277572,19000,8,,single
1789277573,19830,10,,single
1789277574,19980,6,,single
1789277576,20550,0,,single
1789277577,20920,388,,single
1789277578,21120,8,,single
1789277580,21680,3,,single
1789277581,21800,13,,single
1789277582,22120,4,,single
1789277584,22300,28,,single
1789277585,22350,2,,single
1789277586,22450,5,,single
1789277588,22650,1,,single
1789277589,23530,4,,single
1789277591,24800,313,,single
1789277592,24870,4,,single
1789277593,42890,23,,single
1789277595,26500,0,,single
1789277596,28000,12,,single
1789277598,31170,4,,single
1789277599,32390,1,,single
1789277600,33460,8,,single
1789277602,34270,34,,single
1789277603,37400,1,,single
1789277605,38420,16,,single
1789277606,39120,166,,single
1789277608,39190,34,,single
1789277609,39690,3,,single
1789277610,40990,34,,single
1789277612,41900,4,,single
1789277613,42910,12,,single
1789277614,43000,1,,single
1789277616,45400,0,,single
1789277617,45770,37,,single
1789277619,47400,10,,single
1789277620,47700,11,,single
1789277621,47890,892,,single
1789277623,48220,86,,single
1789277624,48800,2,,single
1789277625,49540,28,,single
1789277627,55040,4,,single
1789277628,57300,54,,single
1789277629,57680,1,,single
1789277631,57900,15,,single
1789277636,62100,3,,single
1789277638,63660,9,,single
1789277640,63940,3,,single
1789277642,65780,5,,single
1789277643,65980,286,,single
1789277645,70420,1,,single
1789277646,71260,4,,single
1789277648,80340,0,,single
1789277649,92000,1,,single
1789277650,92300,1,,single
1789277652,95400,12,,single
1789277653,97100,1,,single
1789277654,102500,23,,single
1789277656,104600,0,,single
1789277657,108500,0,,single
1789277659,111800,0,,single
1789277660,113400,107,,single
1789277661,115120,7,,single
1789277663,201210,38,,single
1789277664,201420,0,,single
1789277665,201570,0,,single
1789277667,202750,19,,single
1789277668,203210,0,,single
1789277670,203650,2,,single
1789277671,204060,1,,single
1789277672,204180,0,,single
1789277674,205230,2,,single
1789277675,205730,2,,single
1789277676,205990,14,,single
1789277678,208520,16,,single
1789277679,208730,1,,single
1789277680,209060,1,,single
1789277682,209120,6,,single
1789277683,209670,4,,single
1789277685,209950,7,,single
1789277686,210970,119,,single
1789277687,211400,3,,single
1789277689,211780,5,,single
1789277690,212160,103,,single
1789277692,212390,0,,single
1789277693,213670,215,,single
1789277694,214360,0,,single
1789277696,214870,2,,single
1789277697,215100,62,,single
1789277698,215510,1,,single
1789277700,215690,2,,single
1789277702,215830,1,,single
1789277703,216150,9857,,single
1789277704,216910,2,,single
1789277706,217140,3,,single
1789277707,217750,30,,single
1789277709,217920,1,,single
1789277710,218230,298,,single
1789277712,218640,4,,single
1789277713,218820,0,,single
1789277714,219950,0,,single
1789277716,220660,2,,single
1789277717,220820,4,,single
1789277719,221100,26021,,single
1789277720,221810,6,,single
1789277722,222640,0,,single
1789277723,222980,1,,single
1789277724,223410,8,,single
1789277726,224500,7,,single
1789277727,224860,1,,single
1789277729,225020,0,,single
1789277730,225300,4,,single
1789277731,225420,11,,single
1789277733,225640,18,,single
1789277734,226560,2,,single
1789277735,226700,7,,single
1789277737,227180,1,,single
1789277738,227860,22,,single
1789277740,228300,18,,single
1789277741,230700,16,,single
1789277742,231060,3,,single
1789277744,231330,0,,single
1789277745,232050,23,,single
1789277746,232430,2,,single
1789277748,233230,2,,single
1789277749,233350,5,,single
1789277750,233720,12,,single
1789277752,234080,36,,single
1789277753,234390,1,,single
1789277755,235250,0,,single
1789277756,235380,10,,single
1789277757,236110,355,,single
1789277759,236510,1,,single
1789277760,236870,33,,single
1789277762,237310,247,,single
1789277763,237890,6,,single
1789277764,238260,15,,single
1789277766,238370,23,,single
1789277767,238910,1,,single
1789277768,239070,3,,single
1789277770,239200,3,,single
1789277771,240320,2,,single
1789277773,240720,189,,single
1789277774,241320,0,,single
1789277775,241720,0,,single
1789277777,242720,0,,single
1789277778,242980,1,,single
1789277781,243120,0,,single
1789277782,243200,14,,single
1789277784,243930,5,,single
1789277785,244590,0,,single
1789277787,244910,1,,single
1789277789,245280,8,,single
1789277790,245370,0,,single
1789277792,246070,1,,single
1789277793,246110,4,,single
1789277794,247660,6,,single
1789277796,248650,0,,single
1789277797,249230,24,,single
1789277799,249630,1,,single
1789277800,249990,0,,single
1789277802,250400,23,,single
1789277803,250460,8,,single
1789277805,250620,4,,single
1789277807,250700,0,,single
1789277808,251370,0,,single
1789277809,251630,0,,single
1789277811,251870,2,,single
1789277812,252330,8,,single
1789277814,252370,1,,single
1789277815,252490,65678,,single
1789277817,253150,1,,single
1789277818,253250,74,,single
1789277819,253650,0,,single
1789277821,253940,2,,single
1789277822,254440,3,,single
1789277824,255220,6,,single
1789277825,255300,18,,single
1789277826,255420,8,,single
1789277828,256190,7,,single
1789277829,257050,2,,single
1789277830,257420,99,,single
1789277832,257710,0,,single
1789277833,258010,0,,single
1789277834,258970,43,,single
1789277836,259600,0,,single
1789277837,260190,6,,single
1789277839,261110,1,,single
1789277840,261700,0,,single
1789277841,262000,1,,single
1789277843,262260,0,,single
1789277844,262470,1,,single
1789277846,262960,0,,single
1789277847,263200,1,,single
1789277848,263560,0,,single
1789277850,263980,1,,single
1789277851,264730,1,,single
1789277852,265330,12,,single
1789277854,265590,6,,single
1789277855,265990,7,,single
1789277857,266130,1,,single
1789277858,267600,0,,single
1789277859,268750,3,,single
1789277861,269110,5,,single
1789277862,269210,5368,,single
1789277864,269310,3,,single
1789277865,269650,5,,single
1789277867,269730,0,,single
1789277868,270170,2,,single
1789277869,270630,2,,single
1789277871,270910,10,,single
1789277872,271260,29,,single
1789277874,271670,0,,single
1789277875,271820,1,,single
1789277876,272230,0,,single
1789277878,273350,4,,single
1789277879,274250,0,,single
1789277881,274310,0,,single
1789277882,274560,0,,single
1789277884,275180,0,,single
1789277885,275670,5,,single
1789277887,277450,15,,single
1789277888,278100,2,,single
1789277889,278970,0,,single
1789277891,280680,1042,,single
1789277892,280790,17,,single
1789277893,281610,27,,single
1789277895,282050,0,,single
1789277897,282210,14,,single
1789277898,282590,2,,single
1789277899,282900,32,,single
1789277901,283640,89,,single
1789277903,283940,15,,single
1789277904,284750,3,,single
1789277905,284950,1,,single
1789277907,285820,0,,single
1789277908,286240,0,,single
1789277910,286940,0,,single
1789277911,287260,0,,single
1789277913,287580,3,,single
1789277914,288060,4,,single
1789277916,288470,214,,single
1789277917,289690,4,,single
1789277919,290470,48,,single
1789277920,290790,4,,single
1789277922,291480,10,,single
1789277923,292000,5011,,single
1789277924,292140,64,,single
1789277926,292910,10,,single
1789277927,293520,1,,single
1789277929,293680,0,,single
1789277930,294440,0,,single
1789277932,295790,2,,single
1789277933,296470,10,,single
1789277934,296830,1,,single
1789277936,297020,0,,single
1789277937,297130,9,,single
1789277938,298050,222,,single
1789277940,298260,0,,single
1789277941,298630,25,,single
1789277942,299720,0,,single
1789277944,299950,2,,single
1789277945,300820,9,,single
1789277947,301120,81,,single
1789277948,301520,3,,single
1789277949,302080,3,,single
1789277951,302590,0,,single
1789277952,302830,0,,single
1789277954,303430,0,,single
1789277955,303800,1,,single
1789277957,304530,1,,single
1789277958,305050,2,,single
1789277960,305380,2,,single
1789277961,306410,0,,single
1789277962,307290,0,,single
1789277964,308040,2,,single
1789277965,310470,9,,single
1789277967,310950,141,,single
1789277968,311190,0,,single
1789277969,311290,6,,single
1789277971,311770,39,,single
1789277972,312200,5,,single
1789277973,312540,7,,single
1789277975,312610,26,,single
1789277976,312780,45,,single
1789277978,313010,10,,single
1789277979,313630,3,,single
1789277980,313740,0,,single
1789277982,314000,42,,single
1789277983,314070,10,,single
1789277985,314450,0,,single
1789277986,314710,1,,single
1789277987,314970,2,,single
1789277989,315430,0,,single
1789277990,317040,0,,single
1789277991,317410,1,,single
1789277993,317620,2,,single
1789277994,318230,3,,single
1789277996,318970,0,,single
1789277997,663090,1833,,single
1789277998,320340,1,,single
1789278000,321290,3,,single
1789278001,321960,101,,single
1789278003,322520,21,,single
1789278004,324260,3,,single
1789278005,324570,1,,single
1789278007,324810,27,,single
1789278008,325420,0,,single
1789278010,326480,5,,single
1789278011,327070,372,,single
1789278012,327510,2,,single
1789278014,327740,4,,single
1789278015,329130,16,,single
1789278016,329440,15,,single
1789278018,329830,0,,single
1789278019,330070,11,,single
1789278021,330820,1,,single
1789278022,331440,1,,single
1789278024,331690,0,,single
1789278025,1116960,15,,single
1789278026,333980,12,,single
1789278028,334120,1,,single
1789278029,334420,2,,single
1789278031,335190,0,,single
1789278032,336150,29,,single
1789278034,338180,0,,single
1789278035,338540,0,,single
1789278036,339230,4,,single
1789278038,339580,3,,single
1789278039,339800,151,,single
1789278041,340050,3,,single
1789278042,340170,22,,single
1789278043,340730,0,,single
1789278045,341720,0,,single
1789278046,342200,351,,single
1789278048,342940,323,,single
1789278049,343360,2,,single
1789278050,344240,0,,single
1789278052,344760,8,,single
1789278053,345090,4,,single
1789278055,345260,113,,single
1789278056,345350,66,,single
1789278057,345460,7,,single
1789278059,345650,0,,single
1789278060,345890,12,,single
1789278062,346330,1,,single
1789278063,347160,1,,single
1789278065,347560,0,,single
1789278066,347720,1,,single
1789278067,347830,1,,single
1789278069,348470,3,,single
1789278070,349220,0,,single
1789278072,349730,2,,single
1789278073,350640,22,,single
1789278075,350910,1,,single
1789278076,351090,5,,single
1789278077,351290,0,,single
1789278080,351710,15,,single
1789278082,351920,8,,single
1789278083,352700,8,,single
1789278084,353360,0,,single
1789278086,353560,1,,single
1789278087,354290,185,,single
1789278088,354640,0,,single
1789278090,355250,4,,single
1789278091,355840,0,,single
1789278092,356050,0,,single
1789278094,356310,6,,single
1789278095,356670,13,,single
1789278096,357310,34,,single
1789278098,357900,2,,single
1789278099,359050,6,,single
1789278101,359230,3,,single
1789278102,359800,6,,single
1789278103,359870,679,,single
1789278105,360430,753,,single
1789278106,360870,0,,single
1789278107,361300,19,,single
1789278109,362870,47,,single
1789278110,363360,2,,single
1789278112,363600,5,,single
1789278113,363930,6,,single
1789278114,364470,1,,single
1789278116,365670,9409,,single
1789278117,366220,53,,single
1789278118,366250,18,,single
1789278120,366910,2,,single
1789278121,367270,12,,single
1789278122,368340,114,,single
1789278124,368430,0,,single
1789278125,368860,0,,single
1789278127,369070,0,,single
1789278128,369530,1,,single
1789278130,371140,3,,single
1789278131,371200,1,,single
1789278132,371660,363,,single
1789278134,373330,0,,single
1789278135,375200,1,,single
1789278136,375600,0,,single
1789278138,376520,0,,single
1789278139,377160,10483,,single
1789278141,377530,171,,single
1789278143,378360,12,,single
1789278144,378720,19,,single
1789278145,378860,83,,single
1789278147,379980,0,,single
1789278148,381120,0,,single
1789278150,381940,0,,single
1789278151,382140,158,,single
1789278152,382900,11,,single
1789278154,383150,328,,single
1789278155,383270,9,,single
1789278156,384110,16,,single
1789278158,384490,3,,single
1789278159,385330,0,,single
1789278160,385560,4,,single
1789278162,385760,43,,single
1789278163,386590,0,,single
1789278165,387860,0,,single
1789278166,387990,3440,,single
1789278167,388800,5,,single
1789278169,389510,1,,single
1789278170,390340,7,,single
1789278172,390720,0,,single
1789278173,391270,0,,single
1789278174,391720,44,,single
1789278176,393080,148,,single
1789278177,393420,30,,single
1789278178,393530,26,,single
1789278180,394310,43,,single
1789278181,395200,7,,single
1789278182,396350,1,,single
1789278184,397100,5,,single
1789278185,397540,2346,,single
1789278186,399790,6,,single
1789278188,400040,2207,,single
1789278189,400110,1,,single
1789278190,400450,1,,single
1789278192,400750,3363,,single
1789278193,401190,0,,single
1789278195,402130,3,,single
1789278196,402310,1,,single
1789278198,402430,3,,single
1789278199,402710,1,,single
1789278201,403180,3,,single
1789278202,404590,4,,single
1789278203,404680,8,,single
1789278205,407330,4,,single
1789278206,408930,0,,single
1789278208,409100,1,,single
1789278209,409720,185,,single
1789278211,410670,0,,single
1789278212,410850,2,,single
1789278213,411300,49,,single
1789278215,411830,12,,single
1789278216,412020,822,,single
1789278217,414530,0,,single
1789278219,414870,1,,single
1789278220,416210,1,,single
1789278222,416600,13,,single
1789278223,416770,1,,single
1789278224,417880,3,,single
1789278226,418620,0,,single
1789278227,420560,12,,single
1789278228,420930,4,,single
1789278230,421670,0,,single
1789278231,422810,1,,single
1789278232,423230,19,,single
1789278234,423880,1,,single
1789278235,424370,39,,single
1789278236,426790,3,,single
1789278238,427190,59,,single
1789278239,427490,4,,single
1789278241,427730,72,,single
1789278242,427940,5,,single
1789278243,429180,1,,single
1789278245,429540,21,,single
1789278246,431590,7,,single
1789278247,431960,81628,,single
1789278249,432350,59,,single
1789278250,433170,2,,single
1789278252,433350,2,,single
1789278253,433850,28,,single
1789278254,434260,1,,single
1789278256,434460,10,,single
1789278257,434650,177,,single
1789278258,435030,30,,single
1789278260,436110,1,,single
1789278261,436500,1,,single
1789278263,436670,38,,single
1789278264,437570,1,,single
1789278266,438490,47,,single
1789278267,438740,13,,single
1789278268,439940,1,,single
1789278270,440650,26,,single
1789278271,441380,4,,single
1789278272,441830,9,,single
1789278274,442070,27,,single
1789278275,442500,2,,single
1789278276,443110,72,,single
1789278278,443810,27,,single
1789278279,444930,11,,single
1789278281,445130,0,,single
1789278282,446020,15,,single
1789278283,447820,9,,single
1789278285,449140,2,,single
1789278286,449800,2,,single
1789278287,450220,0,,single
1789278289,451840,0,,single
1789278290,452490,0,,single
1789278291,453480,11,,single
1789278293,454060,0,,single
1789278294,455910,3,,single
1789278295,457330,0,,single
1789278297,459220,192,,single
1789278298,460120,4,,single
1789278300,460700,2,,single
1789278301,460930,4442,,single
1789278302,461430,4,,single
1789278304,461840,0,,single
1789278305,461950,6,,single
1789278307,462930,23,,single
1789278308,463150,0,,single
1789278309,464340,6,,single
1789278311,464880,12,,single
1789278312,465240,11,,single
1789278314,465650,7,,single
1789278315,465780,0,,single
1789278317,466500,1,,single
1789278318,467360,0,,single
1789278319,468700,0,,single
1789278321,469790,1,,single
1789278323,469920,17,,single
1789278324,471010,2,,single
1789278325,471660,1,,single
1789278327,473690,10,,single
1789278328,476530,14,,single
1789278330,477730,7,,single
1789278331,484900,4,,single
1789278333,485380,5,,single
1789278334,485510,409,,single
1789278336,486780,6,,single
1789278337,487120,1,,single
1789278338,487700,2,,single
1789278340,488440,0,,single
1789278341,489360,0,,single
1789278343,490220,6,,single
1789278344,493200,3,,single
1789278345,493490,238,,single
1789278347,493540,4,,single
1789278348,495050,87,,single
1789278350,495910,115,,single
1789278351,496300,80,,single
1789278352,496620,1,,single
1789278354,498330,0,,single
1789278355,500260,7,,single
1789278356,502280,12,,single
1789278358,502800,33,,single
1789278359,503300,1,,single
1789278361,503580,4,,single
1789278362,504050,5,,single
1789278363,504770,0,,single
1789278365,505630,0,,single
1789278366,505730,2,,single
1789278367,506140,69,,single
1789278369,509220,0,,single
1789278370,510420,7,,single
1789278372,510510,1,,single
1789278373,511740,2,,single
1789278375,512490,3,,single
1789278376,513290,0,,single
1789278378,513710,7554,,single
1789278380,514900,4,,single
1789278381,515040,0,,single
1789278382,515960,7,,single
1789278384,518920,1,,single
1789278385,519190,3,,single
1789278387,520440,45,,single
1789278388,520950,2,,single
1789278389,521890,192,,single
1789278391,523000,15,,single
1789278392,524220,649,,single
1789278394,524970,0,,single
1789278395,525680,4,,single
1789278397,526160,7,,single
1789278398,527100,7,,single
1789278399,527450,0,,single
1789278401,528550,1,,single
1789278402,529180,26,,single
1789278403,529590,1,,single
1789278405,529780,0,,single
1789278406,530390,0,,single
1789278407,530890,8,,single
1789278409,532210,135,,single
1789278410,533540,8,,single
1789278412,534380,2628,,single
1789278413,535480,2,,single
1789278414,536270,79,,single
1789278416,536930,0,,single
1789278417,537340,6,,single
1789278418,538030,152,,single
1789278420,540610,2,,single
1789278421,541670,8,,single
1789278422,543460,89,,single
1789278424,544730,703,,single
1789278425,545540,0,,single
1789278427,546050,34,,single
1789278428,546390,0,,single
1789278430,547680,0,,single
1789278431,549260,1,,single
1789278432,550650,168,,single
1789278434,551170,893,,single
1789278435,552590,2,,single
1789278437,552700,20,,single
1789278438,554310,1,,single
1789278439,555150,0,,single
1789278441,555220,8,,single
1789278442,555950,146,,single
1789278444,557180,15,,single
1789278445,558420,2,,single
1789278446,559610,1,,single
1789278448,560130,225,,single
1789278449,560430,1,,single
1789278451,562500,9,,single
1789278452,566090,0,,single
1789278453,566440,11,,single
1789278455,567280,1,,single
1789278456,567640,573,,single
1789278458,569610,8,,single
1789278459,571880,2,,single
1789278460,574090,1,,single
1789278462,574760,10,,single
1789278463,575640,2,,single
1789278464,577480,25,,single
1789278466,578620,1,,single
1789278467,578900,0,,single
1789278469,579840,1,,single
1789278470,581270,0,,single
1789278472,582160,1311,,single
1789278473,582890,0,,single
1789278474,585550,1,,single
1789278475,585840,0,,single
1789278477,586200,47,,single
1789278478,586980,0,,single
1789278480,587110,16,,single
1789278481,587520,143,,single
1789278483,588190,4,,single
1789278484,588430,1400,,single
1789278485,589360,38,,single
1789278487,589530,45,,single
1789278489,591370,9,,single
1789278490,591960,40,,single
1789278492,594130,0,,single
1789278493,595690,11,,single
1789278494,598060,3,,single
1789278496,598700,8,,single
1789278497,600750,175,,single
1789278499,601150,1461,,single
1789278500,601810,2,,single
1789278501,602770,0,,single
1789278503,604490,0,,single
1789278504,604540,41,,single
1789278506,606230,26,,single
1789278507,606710,2,,single
1789278508,606880,99,,single
1789278510,607260,49,,single
1789278511,608800,0,,single
1789278513,609490,1,,single
1789278514,610080,269,,single
1789278515,611670,205,,single
1789278517,612020,62,,single
1789278518,612470,47,,single
1789278519,612720,20,,single
1789278521,613190,1,,single
1789278522,616560,19,,single
1789278524,617290,260,,single
1789278525,618720,1,,single
1789278526,619290,4,,single
1789278528,619780,5,,single
1789278529,620190,6,,single
1789278530,621220,0,,single
1789278532,622440,3,,single
1789278533,622720,8,,single
1789278535,624970,15,,single
1789278536,626680,1,,single
1789278537,628670,9,,single
1789278539,629090,1,,single
1789278540,629690,1,,single
1789278542,629910,11,,single
1789278543,630310,3,,single
1789278544,632350,3,,single
1789278546,633360,13,,single
1789278547,635730,0,,single
1789278549,636970,4,,single
1789278550,637100,12,,single
1789278552,637670,8,,single
1789278553,638490,5,,single
1789278554,638850,1,,single
1789278556,639780,0,,single
1789278557,640150,0,,single
1789278559,640820,491,,single
1789278560,644560,50,,single
1789278562,644830,81,,single
1789278563,645730,18,,single
1789278564,648100,528,,single
1789278566,649950,2,,single
1789278567,650220,8,,single
1789278569,650670,1,,single
1789278570,651670,11,,single
1789278572,654890,121,,single
1789278573,656240,1,,single
1789278574,658260,2,,single
1789278576,658850,75,,single
1789278577,663670,11,,single
1789278578,664830,3,,single
1789278580,665360,18,,single
1789278581,667890,37,,single
1789278583,668630,26,,single
1789278584,670260,5,,single
1789278586,671510,5,,single
1789278587,672630,51,,single
1789278588,673000,1,,single
1789278590,673560,24,,single
1789278591,674400,0,,single
1789278593,677120,66,,single
1789278594,677480,0,,single
1789278596,680420,117,,single
1789278597,683900,175,,single
1789278598,684580,4,,single
1789278600,685240,3,,single
1789278601,686680,4,,single
1789278603,687260,1,,single
1789278604,688060,9,,single
1789278605,689580,36,,single
1789278607,690810,2,,single
1789278608,691020,0,,single
1789278609,692840,1,,single
1789278611,694500,15,,single
1789278612,695290,6,,single
1789278614,696170,20,,single
1789278615,696480,0,,single
1789278616,698670,45,,single
1789278618,699330,2,,single
1789278619,700030,8,,single
1789278621,702050,29,,single
1789278622,702890,26,,single
1789278623,704270,303,,single
1789278625,706560,2,,single
1789278626,707010,464,,single
1789278628,709440,0,,single
1789278629,711750,4,,single
1789278630,712190,6,,single
1789278632,715560,8,,single
1789278633,716500,1,,single
1789278635,718590,7,,single
1789278636,718670,287,,single
1789278637,720250,8,,single
1789278639,722180,1,,single
1789278640,722560,1,,single
1789278641,723390,2,,single
1789278643,726390,13,,single
1789278644,727130,8,,single
1789278646,728530,172,,single
1789278647,730310,23,,single
1789278649,732240,1,,single
1789278650,735850,1,,single
1789278652,736820,209,,single
1789278653,738520,614,,single
1789278654,738540,113,,single
1789278656,740130,217,,single
1789278657,742300,73,,single
1789278659,743450,57,,single
1789278660,743900,90,,single
1789278662,744900,838,,single
1789278663,747200,18,,single
1789278664,747350,1,,single
1789278666,750130,100,,single
1789278667,752480,3,,single
1789278669,753590,0,,single
1789278670,753930,0,,single
1789278671,754890,1,,single
1789278673,755800,112,,single
1789278674,757300,7,,single
1789278676,757910,0,,single
1789278677,760060,17,,single
1789278679,762220,0,,single
1789278680,765410,10,,single
1789278682,765870,6,,single
1789278683,767560,1445,,single
1789278685,768450,1,,single
1789278686,770100,5,,single
1789278688,773670,2,,single
1789278689,774171,861,,single
1789278690,774351,6,,single
1789278692,774541,3,,single
1789278695,775940,2,,single
1789278697,777130,255,,single
1789278699,779290,1,,single
1789278701,779590,0,,single
1789278703,781440,0,,single
1789278705,785260,8,,single
1789278706,787070,2,,single
1789278707,787980,5,,single
1789278709,788260,0,,single
1789278710,788770,1,,single
1789278712,790710,126,,single
1789278713,793370,0,,single
1789278714,794540,3,,single
1789278716,794860,8,,single
1789278717,798510,14,,single
1789278719,801800,116,,single
1789278720,803600,79,,single
1789278722,804270,3,,single
1789278723,806140,12,,single
1789278724,808910,6,,single
1789278726,809880,5,,single
1789278727,811870,0,,single
1789278729,813540,17,,single
1789278730,814540,35,,single
1789278732,816020,12,,single
1789278733,817840,10,,single
1789278734,820630,0,,single
1789278736,821890,0,,single
1789278737,823550,29,,single
1789278739,824270,2686,,single
1789278740,825630,117,,single
1789278742,828900,1,,single
1789278743,830820,0,,single
1789278745,833040,5,,single
1789278746,835430,20,,single
1789278748,837380,59,,single
1789278749,838380,17,,single
1789278750,840720,11,,single
1789278752,842100,2,,single
1789278753,843200,6,,single
1789278755,844870,6,,single
1789278756,846800,5,,single
1789278758,849100,1,,single
1789278759,851670,11,,single
1789278761,852090,0,,single
1789278762,855740,18,,single
1789278763,858810,267,,single
1789278765,861650,105,,single
1789278766,863500,8,,single
1789278768,863570,5,,single
1789278769,867290,6,,single
1789278770,868520,10,,single
1789278772,871530,4,,single
1789278773,871980,34,,single
1789278774,873840,1,,single
1789278776,877200,7,,single
1789278777,878320,0,,single
1789278779,879160,3,,single
1789278780,880850,16,,single
1789278781,882140,14,,single
1789278783,885150,7,,single
1789278784,886900,6,,single
1789278786,888790,19,,single
1789278787,889510,35,,single
1789278788,891220,2,,single
1789278790,893180,40,,single
1789278791,895620,21,,single
1789278792,897030,2,,single
1789278794,898650,3,,single
1789278795,899970,13,,single
1789278797,900040,28,,single
1789278798,905640,10,,single
1789278799,907650,27,,single
1789278801,910490,0,,single
1789278802,911400,205,,single
1789278803,914260,0,,single
1789278805,914690,36,,single
1789278806,915460,0,,single
1789278808,916840,26,,single
1789278809,918820,0,,single
1789278811,919640,209,,single
1789278812,921570,813,,single
1789278814,921800,26,,single
1789278815,923260,3,,single
1789278816,924750,6,,single
1789278818,924980,54,,single
1789278819,927270,1,,single
1789278821,927890,1,,single
1789278822,928960,6,,single
1789278824,931280,8,,single
1789278825,932850,18,,single
1789278826,933820,94,,single
1789278828,934780,3,,single
1789278829,936780,12,,single
1789278831,939330,15,,single
1789278833,939850,23,,single
1789278834,940910,2,,single
1789278836,943260,1,,single
1789278837,944250,2,,single
1789278838,946030,7,,single
1789278840,948740,70,,single
1789278841,952060,1105,,single
1789278843,952250,0,,single
1789278844,954650,0,,single
1789278845,954850,49,,single
1789278847,955900,533,,single
1789278848,957790,0,,single
1789278850,959080,1,,single
1789278851,960910,182,,single
1789278853,963690,4,,single
1789278854,967050,133,,single
1789278855,968790,45,,single
1789278857,968970,13,,single
1789278858,970830,55,,single
1789278859,971030,0,,single
1789278861,976590,53,,single
1789278862,977880,36,,single
1789278864,979060,54,,single
1789278865,979690,68,,single
1789278866,983380,8,,single
1789278868,984110,4,,single
1789278869,984680,17,,single
1789278871,985830,9,,single
1789278872,990050,1,,single
1789278873,991270,74,,single
1789278875,992070,590,,single
1789278876,992640,0,,single
1789278878,994220,1,,single
1789278879,994730,64,,single
1789278880,996770,49,,single
1789278882,999020,80,,single
1789278883,1000010,11,,single
1789278884,1000760,1,,single
1789278886,1004240,4,,single
1789278887,1004770,4,,single
1789278888,1009290,16,,single
1789278890,1011510,108,,single
1789278891,1012610,0,,single
1789278893,1015140,0,,single
1789278894,1015930,2,,single
1789278896,1016800,40,,single
1789278897,1017100,123,,single
1789278899,1018020,11,,single
1789278900,1022450,432,,single
1789278901,1025600,336,,single
1789278903,1026680,157,,single
1789278904,1029210,21,,single
1789278906,1029890,6,,single
1789278907,1030830,443,,single
1789278908,1031120,17,,single
1789278910,1032430,39,,single
1789278911,1034900,6,,single
1789278913,1035990,11,,single
1789278914,1038740,4,,single
1789278915,1040550,0,,single
1789278917,1041720,124,,single
1789278918,1042380,3,,single
1789278919,1042780,3,,single
1789278921,1043180,0,,single
1789278922,1045720,5,,single
1789278923,1046820,5,,single
1789278925,1048100,43,,single
1789278926,1049400,0,,single
1789278928,1049890,17,,single
1789278929,1056600,0,,single
1789278931,1056840,0,,single
1789278932,1057640,14,,single
1789278934,1062000,0,,single
1789278935,1062960,6,,single
1789278937,1063730,428,,single
1789278938,1065100,0,,single
1789278939,1069030,0,,single
1789278941,1070820,62,,single
1789278942,1071870,130,,single
1789278944,1072500,31,,single
1789278945,1079210,1,,single
1789278947,1080020,47,,single
1789278948,1086640,0,,single
1789278949,1086940,41470,,single
1789278951,1088090,149,,single
1789278952,1088710,52,,single
1789278953,1090250,0,,single
1789278955,1091500,33430,,single
1789278956,1092730,10,,single
1789278958,1094390,3,,single
1789278959,1096410,8,,single
1789278960,1096710,26,,single
1789278962,1097430,845,,single
1789278963,1097620,0,,single
1789278965,1099410,208,,single
1789278966,1101190,16,,single
1789278967,1101790,25,,single
1789278969,1104280,44,,single
1789278970,1104660,6,,single
1789278972,1105500,101,,single
1789278973,1106340,12,,single
1789278975,1106850,0,,single
1789278976,1107790,2,,single
1789278978,1108590,13,,single
1789278980,1110390,15,,single
1789278982,1111210,2,,single
1789278983,1112400,13,,single
1789278985,1113120,436,,single
1789278986,1113570,3,,single
1789278987,1117090,9,,single
1789278989,1118310,558,,single
1789278990,1120320,24,,single
1789278992,1121560,42,,single
1789278993,1123050,56,,single
1789278994,1124300,553,,single
1789278996,1127840,6,,single
1789278997,1128000,6,,single
1789278998,1128860,74,,single
1789279000,1130620,5,,single
1789279001,1131720,0,,single
1789279003,1133760,27,,single
1789279004,1134700,482,,single
1789279005,1135300,20,,single
1789279007,1136370,29,,single
1789279008,1137300,37,,single
1789279010,1139940,19,,single
1789279011,1141020,86,,single
1789279012,1142080,3,,single
1789279014,1143810,9,,single
1789279015,1144400,402,,single
1789279017,1146370,39,,single
1789279019,1146630,3,,single
1789279020,1148510,3,,single
1789279022,1150440,296,,single
1789279023,1150640,322,,single
1789279025,1154810,17,,single
1789279026,1157340,1,,single
1789279027,1158890,10,,single
1789279029,1160750,145,,single
1789279030,1161830,52,,single
1789279032,1162960,1,,single
1789279033,1164690,4,,single
1789279035,1167140,5,,single
1789279036,1170760,1,,single
1789279038,1170970,143,,single
1789279039,1172050,0,,single
1789279041,1173220,10,,single
1789279042,1174940,2,,single
1789279043,1175830,11,,single
1789279045,1176710,10,,single
1789279047,1178830,31,,single
1789279048,1179680,62,,single
1789279049,1180380,1002,,single
1789279051,1182020,128,,single
1789279052,1183800,1,,single
1789279054,1184140,0,,single
1789279055,1184480,3,,single
1789279057,1186040,2,,single
1789279058,1189290,28,,single
1789279059,1190110,0,,single
1789279061,1190400,2,,single
1789279062,1192640,1,,single
1789279064,1194930,1,,single
1789279065,1196310,132,,single
1789279067,1197370,1,,single
1789279068,1203180,0,,single
1789279069,1203620,6454,,single
1789279071,1205960,1,,single
1789279072,1206480,1,,single
1789279074,1208600,0,,single
1789279075,1209490,5,,single
1789279076,1213740,18,,single
1789279078,1214650,7,,single
1789279079,1218250,1,,single
1789279081,1218500,3,,single
1789279082,1220140,33,,single
1789279083,1222370,21,,single
1789279085,1222690,395,,single
1789279086,1224020,4,,single
1789279087,1225560,13,,single
1789279089,1225590,0,,single
1789279090,1227780,3,,single
1789279092,1228520,13,,single
1789279093,1229580,1,,single
1789279094,1231990,23,,single
1789279096,1234430,14,,single
1789279097,1235110,10,,single
1789279099,1236300,0,,single
1789279100,1237980,20,,single
1789279101,1238020,23,,single
1789279103,1238060,120,,single
1789279104,1238820,74,,single
1789279105,1238880,17,,single
1789279107,1240440,1833,,single
1789279108,1244950,5,,single
1789279109,1249130,0,,single
1789279111,1249880,0,,single
1789279112,1250790,49,,single
1789279114,1252600,95,,single
1789279115,1253870,0,,single
1789279116,1254120,213,,single
1789279118,1255560,13,,single
1789279119,1256230,1,,single
1789279121,1258040,0,,single
1789279122,1259790,216,,single
1789279123,1261040,45,,single
1789279125,1263550,36,,single
1789279126,1265920,98,,single
1789279128,1266690,2,,single
1789279129,1266840,223,,single
1789279130,1268750,314,,single
1789279132,1269690,15,,single
1789279133,1271050,0,,single
1789279135,1272080,798,,single
1789279136,1274570,629,,single
1789279138,1276660,5,,single
1789279139,1276790,19,,single
1789279141,1277930,76,,single
1789279142,1279630,2,,single
1789279144,1282150,30,,single
1789279145,1282590,29,,single
1789279146,1283220,0,,single
1789279148,1283970,10760,,single
1789279149,1284820,6,,single
1789279151,1287530,6,,single
1789279152,1288170,1,,single
1789279154,1290270,7,,single
1789279155,1292020,4,,single
1789279157,1293230,2,,single
1789279158,1295660,9182,,single
1789279159,1296360,2,,single
1789279161,1296610,314,,single
1789279162,1298140,5,,single
1789279164,1302800,0,,single
1789279165,1306580,2,,single
1789279167,1307660,3,,single
1789279168,1310510,0,,single
1789279169,1314000,22,,single
1789279171,1317020,1,,single
1789279172,1320100,1,,single
1789279174,1321680,12,,single
1789279175,1324350,1,,single
1789279177,1325260,3,,single
1789279178,1325900,5,,single
1789279180,1328990,3,,single
1789279181,1331510,10,,single
1789279183,1333350,324,,single
1789279184,1334010,1,,single
1789279185,1335200,780,,single
1789279187,1340480,23,,single
1789279188,1341820,11,,single
1789279190,1345860,3,,single
1789279191,1346360,3,,single
1789279192,1351240,76,,single
1789279194,1353300,895,,single
1789279196,1356280,5,,single
1789279197,1358140,6,,single
1789279198,1359090,52,,single
1789279200,1363740,16,,single
1789279201,1367590,14,,single
1789279202,1368820,138,,single
1789279204,1369370,8,,single
1789279205,1369520,1,,single
1789279207,1371630,47,,single
1789279208,1371980,1193,,single
1789279209,1372150,2,,single
1789279211,1373510,8,,single
1789279212,1374840,28,,single
1789279214,1374970,3,,single
1789279215,1376070,0,,single
1789279217,1378990,218,,single
1789279218,1380390,1,,single
1789279219,1382330,194,,single
1789279221,1385730,0,,single
1789279222,1388880,122,,single
1789279223,1390010,3,,single
1789279225,1393370,4,,single
1789279226,1395030,6,,single
1789279228,1398210,6,,single
1789279229,1402020,9,,single
1789279231,1402320,3,,single
1789279232,1406780,2,,single
1789279233,1409160,21,,single
1789279235,1412310,5,,single
1789279236,1414250,1,,single
1789279238,1416050,4,,single
1789279239,1418100,0,,single
1789279240,1420290,39,,single
1789279242,1421290,12,,single
1789279243,1421760,0,,single
1789279245,1425350,1,,single
1789279246,1427340,6,,single
1789279248,1428520,9,,single
1789279250,1429850,29,,single
1789279251,1432050,56,,single
1789279253,1433140,432,,single
1789279254,1436700,96,,single
1789279256,1439300,0,,single
1789279257,1443200,53,,single
1789279258,1444300,1,,single
1789279260,1446650,35,,single
1789279261,1451090,299,,single
1789279263,1454890,0,,single
1789279264,1456820,11,,single
1789279266,1457080,3,,single
1789279267,1458100,64,,single
1789279269,1465460,631,,single
1789279271,1465550,1,,single
1789279272,1466390,16,,single
1789279273,1471270,5,,single
1789279275,1473480,278,,single
1789279276,1475810,251,,single
1789279277,1478070,0,,single
1789279279,1479730,129,,single
1789279281,1481080,57,,single
1789279283,1484720,16,,single
1789279285,1486350,507,,single
1789279286,1487390,1,,single
1789279288,1489630,41,,single
1789279289,1491000,210,,single
1789279290,1492070,37,,single
1789279292,1493750,7,,single
1789279293,1494420,69,,single
1789279295,1494840,16,,single
1789279296,1498570,465,,single
1789279297,1501750,882,,single
1789279299,1504020,2,,single
1789279300,1506830,619,,single
1789279302,1507780,3,,single
1789279303,1512590,2,,single
1789279304,1517340,2,,single
1789279306,1519310,21,,single
1789279307,1522960,1,,single
1789279309,1530140,0,,single
1789279310,1531540,81,,single
1789279312,1534840,0,,single
1789279313,1536980,8,,single
1789279314,1541250,1,,single
1789279316,1543150,3,,single
1789279317,1547670,7,,single
1789279318,1549180,0,,single
1789279320,1549970,301,,single
1789279321,1550710,1,,single
1789279322,1552810,2,,single
1789279324,1555110,9,,single
1789279326,1556870,0,,single
1789279327,1562420,14,,single
1789279328,1564600,58,,single
1789279330,1571440,28,,single
1789279332,1573720,13,,single
1789279333,1574250,0,,single
1789279334,1575470,2,,single
1789279336,1577250,2,,single
1789279337,1580180,1,,single
1789279338,1580790,17,,single
1789279340,1584940,35,,single
1789279341,1588010,79,,single
1789279343,1590910,31,,single
1789279344,1591520,0,,single
1789279345,1592110,9,,single
1789279347,1593350,283,,single
1789279348,1597310,15,,single
1789279350,1599660,75,,single
1789279351,1602010,58,,single
1789279353,1608400,2,,single
1789279354,1609080,2,,single
1789279356,1610900,17,,single
1789279357,1612420,12,,single
1789279360,1615100,15,,single
1789279361,1619520,26,,single
1789279362,1621140,0,,single
1789279364,1622350,7,,single
1789279365,1622910,35,,single
1789279367,1627350,2,,single
1789279368,1630110,2,,single
1789279370,1634080,51,,single
1789279371,1636710,2,,single
1789279373,1640300,6,,single
1789279374,1643310,104,,single
1789279375,1644490,2,,single
1789279377,1647550,21,,single
1789279378,1649240,75,,single
1789279380,1659600,4,,single
1789279381,1660910,2,,single
1789279383,1664200,4,,single
1789279384,1668290,0,,single
1789279386,1668540,57,,single
1789279387,1671410,2,,single
1789279389,1672500,178,,single
1789279390,1676840,744,,single
1789279392,1678430,2,,single
1789279393,1680880,10,,single
1789279394,1683340,1,,single
1789279396,1685750,39,,single
1789279397,1690730,42,,single
1789279399,1691420,0,,single
1789279400,1692250,36,,single
1789279402,1694960,3,,single
1789279403,1695840,7,,single
1789279404,1701520,181,,single
1789279406,1702330,111,,single
1789279407,1705140,6,,single
1789279409,1707990,8,,single
1789279411,1708460,0,,single
1789279412,1710170,5,,single
1789279414,1713350,100,,single
1789279415,1714320,1,,single
1789279416,1714590,0,,single
1789279418,1715590,7,,single
1789279419,1716740,3303,,single
1789279420,1721470,689,,single
1789279422,1722860,33,,single
1789279423,1726400,2,,single
1789279425,1730360,3,,single
1789279426,1733240,0,,single
1789279427,1739300,10,,single
1789279429,1741640,11,,single
1789279430,1745510,35,,single
1789279431,1749860,26,,single
1789279433,1759380,4,,single
1789279434,1762010,0,,single
1789279435,1762930,32,,single
1789279437,1766060,1389,,single
1789279438,1774580,901,,single
1789279440,1777620,30,,single
1789279441,1778840,17,,single
1789279442,1782210,1130,,single
1789279444,1785650,144,,single
1789279445,1794960,54,,single
1789279446,1801110,166,,single
1789279448,1805480,153,,single
1789279449,1809700,155,,single
1789279450,1812450,1536,,single
1789279452,1814170,20,,single
1789279453,1823950,20,,single
1789279454,1834920,3,,single
1789279456,1837480,15,,single
1789279457,1840080,27,,single
1789279458,1843310,8,,single
1789279460,1845910,368,,single
1789279461,1849790,10,,single
1789279463,1850550,7,,single
1789279464,1850960,53,,single
1789279465,1856030,31,,single
1789279467,1857090,269,,single
1789279468,1861610,20,,single
1789279470,1867530,2,,single
1789279471,1872680,7,,single
1789279472,1874000,64,,single
1789279474,1878740,6,,single
1789279475,1881700,157,,single
1789279476,1888930,1217,,single
1789279478,1893620,2,,single
1789279479,1895880,135,,single
1789279481,1901200,0,,single
1789279483,1902690,81,,single
1789279484,1911360,2,,single
1789279485,1915380,6,,single
1789279487,1918040,51,,single
1789279488,1922010,7,,single
1789279489,1924430,3,,single
1789279491,1926520,4,,single
1789279492,1928870,12,,single
1789279494,1931010,12,,single
1789279495,1933660,28,,single
1789279496,1937780,31,,single
1789279498,1940340,797,,single
1789279499,1944240,2,,single
1789279500,1947070,0,,single
1789279502,1948800,628,,single
1789279503,1949030,27,,single
1789279505,1954160,4,,single
1789279506,1954750,0,,single
1789279508,1959350,0,,single
1789279510,1960270,45,,single
1789279511,1963210,4,,single
1789279512,1968340,1,,single
1789279514,1975360,4,,single
1789279515,1975580,26,,single
1789279517,1981820,43,,single
1789279518,1983990,3,,single
1789279519,1985810,1388,,single
1789279521,1987080,262,,single
1789279522,1990050,4,,single
1789279524,1995520,541,,single
1789279525,1997660,19,,single
1789279527,2000890,83,,single
1789279528,2004080,19,,single
1789279529,2005160,11,,single
1789279531,2008980,10,,single
1789279532,2012190,14,,single
1789279533,2013360,92,,single
1789279535,2020710,31,,single
1789279536,2022180,20,,single
1789279538,2023360,0,,single
1789279539,2026870,0,,single
1789279540,2052410,164,,single
1789279542,2055290,13,,single
1789279543,2059530,20,,single
1789279545,2071500,45,,single
1789279546,2075720,54,,single
1789279548,2078230,10,,single
1789279549,2085370,24,,single
1789279550,2089350,5,,single
1789279552,2095340,2,,single
1789279553,2102520,2,,single
1789279555,2106670,81,,single
1789279556,2109460,39,,single
1789279558,2113570,4,,single
1789279559,2121980,30,,single
1789279560,2124490,1182,,single
1789279562,2131680,42,,single
1789279563,2138610,66,,single
1789279565,2140020,151,,single
1789279566,2142680,6,,single
1789279567,2157560,292,,single
1789279569,2160480,4,,single
1789279570,2176130,42,,single
1789279572,2179380,20,,single
1789279573,2187220,433,,single
1789279575,2193540,49,,single
1789279576,2198070,27,,single
1789279578,2201940,200,,single
1789279581,2204130,33,,single
1789279582,2213120,3,,single
1789279584,2215260,7,,single
1789279585,2217580,5,,single
1789279586,2223840,12,,single
1789279588,2230110,70,,single
1789279589,2235020,15,,single
1789279591,2240790,5,,single
1789279592,2249160,2,,single
1789279594,2254890,266,,single
1789279595,2259260,2,,single
1789279596,2262770,9,,single
1789279598,2275020,10,,single
1789279599,2280350,15,,single
1789279601,2286390,16,,single
1789279602,2287330,19,,single
1789279603,2289450,632,,single
1789279605,2292650,9,,single
1789279606,2302990,81,,single
1789279608,2311190,13,,single
1789279609,2315400,23,,single
1789279610,2315690,61,,single
1789279612,2319640,8,,single
1789279613,2334170,20,,single
1789279615,2336720,0,,single
1789279616,2340520,109,,single
1789279617,2344520,8987,,single
1789279619,2348120,7,,single
1789279620,2355150,6,,single
1789279622,2367820,3,,single
1789279623,2371630,91,,single
1789279625,2382520,41,,single
1789279626,2384620,88,,single
1789279627,2389570,3,,single
1789279629,2393160,21,,single
1789279630,2396980,165,,single
1789279631,2400430,35,,single
1789279633,2401410,60,,single
1789279634,2405060,9,,single
1789279636,2407270,792,,single
1789279637,2414270,42,,single
1789279638,2427410,142,,single
1789279640,2427430,81,,single
1789279641,2429860,85,,single
1789279642,2435960,5,,single
1789279644,2438680,9,,single
1789279645,2440510,369,,single
1789279647,2445690,2818,,single
1789279648,2446550,13,,single
1789279649,2449040,1,,single
1789279651,2454890,5,,single
1789279652,2457220,170,,single
1789279653,2458560,4,,single
1789279655,2464530,23,,single
1789279656,2473480,21,,single
1789279658,2478970,137,,single
1789279659,2488510,10,,single
1789279660,2490990,43,,single
1789279662,2495450,180,,single
1789279663,2498570,27,,single
1789279665,2510960,40,,single
1789279666,2518630,17,,single
1789279668,2521600,9,,single
1789279669,2529170,6,,single
1789279671,2530490,18,,single
1789279672,2537590,4221,,single
1789279673,2545360,14,,single
1789279675,2561270,0,,single
1789279676,2731870,4,,single
1789279678,2599270,2,,single
1789279679,2607060,66,,single
1789279681,2616460,22,,single
1789279682,2619650,231,,single
1789279683,2622380,20896,,single
1789279685,2625420,479,,single
1789279686,2631250,10,,single
1789279687,2647680,78,,single
1789279689,2663530,27,,single
1789279690,2668430,60,,single
1789279691,2669380,30,,single
1789279693,2680010,883,,single
1789279694,2682580,10,,single
1789279696,2689120,146,,single
1789279697,2693060,2,,single
1789279698,2695940,106,,single
1789279700,2700780,0,,single
1789279701,2707490,21,,single
1789279703,2719940,49,,single
1789279704,2726490,70,,single
1789279705,2735870,2,,single
1789279707,2745870,6,,single
1789279708,2747770,51,,single
1789279710,2750000,28,,single
1789279711,2757330,13,,single
1789279713,2767520,265,,single
1789279714,2772990,38,,single
1789279715,2786680,33,,single
1789279717,2790330,9,,single
1789279718,2796180,6,,single
1789279719,2820820,101,,single
1789279721,2823080,17,,single
1789279722,2828500,256,,single
1789279724,2840770,694,,single
1789279725,2849680,46,,single
1789279726,2854740,25,,single
1789279728,2870710,7,,single
1789279729,2880730,67,,single
1789279731,2897700,20,,single
1789279732,2904000,2178,,single
1789279734,2918150,1371,,single
1789279735,2920570,57,,single
1789279736,2922410,62,,single
1789279738,2934190,6,,single
1789279739,2943280,61,,single
1789279741,2952470,4,,single
1789279742,2958970,3,,single
1789279743,2967320,6,,single
1789279745,2996040,163,,single
1789279746,3009850,3,,single
1789279748,3011440,1,,single
1789279749,3021100,36,,single
1789279751,3036080,137,,single
1789279752,3059070,239,,single
1789279753,3062930,7,,single
1789279755,3083300,128,,single
1789279756,3111080,2,,single
1789279758,3123410,98,,single
1789279759,3147430,13,,single
1789279760,3151380,74,,single
1789279762,3179730,26,,single
1789279763,3184110,18,,single
1789279765,3205080,2,,single
1789279766,3213850,2277,,single
1789279768,3226750,1,,single
1789279769,3240220,61070,,single
1789279771,3258290,36,,single
1789279772,3311740,10,,single
1789279773,3314070,556,,single
1789279775,3339780,3,,single
1789279776,3400000,59,,single
1789279778,3404470,116,,single
1789279779,3435260,17,,single
1789279781,3453600,28,,single
1789279782,3511030,2868,,single
1789279783,3580580,12,,single
1789279785,1859910,837,,single
1789279786,1241100,90,,single
1789279788,583950,11213,,single
1789279789,1504570,4,,single
1789279790,9200,34,,single
1789279792,2901520,24,,single
1789279793,1162520,359,,single
1789279794,882790,27,,single
1789279796,1249800,6,,single
1789279797,2361680,126,,single
1789279799,2458530,250,,single
1789279800,298240,2,,single
1789279802,1239020,32,,single
1789279803,2190290,51,,single
1789279804,615530,8,,single
1789279806,1506980,8,,single
1789279807,2201710,45,,single
1789279808,2128940,60,,single
1789279810,1008710,2,,single
1789279811,1829980,147,,single
1789279813,287630,9,,single
1789279814,1393350,2,,single
1789279815,1737340,23,,single
1789279817,724970,4,,single
1789279818,703700,0,,single
1789279820,378370,2,,single
1789279821,104200,2,,single
1789279823,2696050,142,,single
1789279824,1051310,16,,single
1789279826,862690,4,,single
1789279827,2106520,24,,single
1789279828,1002560,8,,single
1789279830,3358510,130,,single
1789279831,1146970,5,,single
1789279833,1213300,18,,single
1789279834,308420,3,,single
1789279836,1230410,1,,single
1789279837,577230,60,,single
1789279839,3094010,101,,single
1789279840,244710,1,,single
1789279841,880950,13,,single
1789279843,3433810,5,,single
1789279844,1069230,7,,single
1789279846,616720,275,,single
1789279847,3167180,7,,single
1789279848,1672670,2,,single
1789279850,976800,0,,single
1789279851,722960,4,,single
1789279853,3109580,87,,single
1789279854,743640,2,,single
1789279855,919370,9,,single
1789279857,851800,0,,single
1789279858,2190220,89,,single
1789279859,1566390,11,,single
1789279861,1191210,2,,single
1789279862,1310990,6,,single
1789279864,1993150,70,,single
1789279865,570770,19,,single
1789279867,907470,0,,single
1789279868,1016600,3,,single
1789279869,1939560,15,,single
1789279871,1786790,45,,single
1789279872,1540150,7,,single
1789279875,600090,9,,single
1789279876,650760,100,,single
1789279878,3099660,9,,single
1789279879,1256610,3,,single
1789279880,1429500,34,,single
1789279882,1078350,22,,single
1789279883,278890,3,,single
1789279884,2074800,326,,single
1789279886,1817940,7,,single
1789279887,552280,5,,single
1789279889,779640,10,,single
1789279890,241910,16,,single
1789279892,1325400,23,,single
1789279893,939600,1,,single
1789279894,588690,2,,single
1789279896,1662840,0,,single
1789279897,1918680,17,,single
1789279898,400240,0,,single
1789279900,2930120,5,,single
1789279901,2399220,75,,single
1789279902,280180,0,,single
1789279904,740260,1,,single
1789279905,1517960,0,,single
1789279907,1510030,6,,single
1789279908,1801650,3,,single
1789279909,1782570,3,,single
1789279911,1562260,6,,single
1789279912,1025250,26,,single
1789279914,2285550,1607,,single
1789279915,1193340,2,,single
1789279916,791330,5,,single
1789279918,2663950,10,,single
1789279919,1277940,32,,single
1789279920,1012030,4,,single
1789279922,2695270,10,,single
1789279923,665090,1,,single
1789279925,1604380,35,,single
1789279926,1109460,1,,single
1789279927,2986260,9,,single
1789279929,2141690,0,,single
1789279930,485310,1,,single
1789279931,500710,12,,single
1789279933,2873760,0,,single
1789279934,638990,7,,single
1789279936,2226700,48,,single
1789279937,715510,1,,single
1789279938,593200,1,,single
1789279940,599460,15,,single
1789279941,10270,20,,single
1789279942,2581050,10,,single
1789279944,551770,0,,single
1789279945,3066570,9,,single
1789279947,588970,0,,single
1789279948,1449070,5,,single
1789279949,3376250,214,,single
1789279951,581130,37,,single
1789279952,857450,5,,single
1789279953,1519090,270,,single
1789279955,2445340,8,,single
1789279956,2144590,0,,single
1789279958,1083210,0,,single
1789279959,2455060,9,,single
1789279960,1553000,6,,single
1789279962,948830,1,,single
1789279963,465100,1,,single
1789279964,1033420,31,,single
1789279966,600370,1,,single
1789279967,2094910,22,,single
1789279969,2522520,1,,single
1789279970,1028470,0,,single
1789279971,457680,0,,single
1789279973,2242710,13,,single
1789279974,1904860,28,,single
1789279976,1000080,1,,single
1789279977,2983140,31,,single
1789279978,1471180,34,,single
1789279980,427030,6,,single
1789279981,2423620,55,,single
1789279983,1340130,2,,single
1789279984,364390,1,,single
1789279985,2834600,9,,single
1789279987,2111870,8,,single
1789279988,662830,7,,single
1789279989,1951220,0,,single
1789279991,2165610,3,,single
1789279992,970560,39,,single
1789279994,702120,55,,single
1789279995,3132860,236,,single
1789279996,1159420,10,,single
1789279998,1476520,0,,single
1789279999,2340500,10,,single
1789280001,2628570,3,,single
1789280002,3418690,1,,single
1789280003,2118420,1,,single
1789280005,1783780,2,,single
1789280006,1151440,23,,single
1789280007,1048350,4,,single
1789280009,835650,4,,single
1789280010,1527890,1,,single
1789280012,1100930,1,,single
1789280013,1594880,2,,single
1789280014,2224850,0,,single
1789280016,2750080,48,,single
1789280017,2137760,13,,single
1789280018,275530,8,,single
1789280020,1179580,2,,single
1789280021,2882870,2,,single
1789280023,2788310,17,,single
1789280024,2113040,4,,single
1789280025,1301390,10,,single
1789280027,2788040,5,,single
1789280028,2738380,11,,single
1789280029,3168260,33,,single
1789280031,223870,8,,single
1789280032,1057180,1,,single
1789280033,2532430,1,,single
1789280035,550840,1,,single
1789280036,1092040,0,,single
1789280037,1157740,3,,single
1789280039,1724770,5,,single
1789280040,1405470,7,,single
1789280042,892420,30,,single
1789280043,1300,1,,single
1789280044,3395140,11,,single
1789280046,467520,1,,single
1789280047,1464930,0,,single
1789280048,671800,3,,single
1789280050,717640,2,,single
1789280051,233190,0,,single
1789280053,418670,16,,single
1789280054,360150,0,,single
1789280056,355150,0,,single
1789280057,1638300,11,,single
1789280058,370770,0,,single
1789280060,950620,1,,single
1789280061,1375870,0,,single
1789280063,65600,3,,single
1789280064,550080,9,,single
1789280066,39550,12,,single
1789280067,1029630,4,,single
1789280068,1205240,0,,single
1789280070,2774830,1,,single
1789280071,2389040,54,,single
1789280072,783170,1,,single
1789280074,921780,2,,single
1789280075,1037130,1,,single
1789280077,1589570,2,,single
1789280078,33130,2,,single
1789280079,858940,2,,single
1789280081,629220,0,,single
1789280082,3192360,3,,single
1789280084,3364770,1,,single
1789280085,1490610,0,,single
1789280086,2300230,0,,single
1789280088,907270,7,,single
1789280089,3138780,3,,single
1789280091,769970,0,,single
1789280092,319830,7,,single
1789280093,938220,0,,single
1789280095,1529710,0,,single
1789280096,1433420,5,,single
1789280098,1424660,14,,single
1789280099,2360210,20,,single
1789280100,275470,0,,single
1789280102,207930,0,,single
1789280103,934580,1,,single
1789280105,2997980,8,,single
1789280106,1689080,1,,single
1789280107,359600,2,,single
1789280109,2186700,0,,single
1789280110,986680,1,,single
1789280111,1058380,1,,single
1789280113,440760,0,,single
1789280114,2972990,15,,single
1789280116,776960,3,,single
1789280117,645260,147,,single
1789280119,607880,1,,single
1789280120,364690,1,,single
1789280121,1115780,2,,single
1789280123,301750,0,,single
1789280124,453270,0,,single
1789280126,2485180,1,,single
1789280127,1056570,7,,single
1789280128,1989070,11,,single
1789280130,3215170,4,,single
1789280131,2587450,2,,single
1789280132,2976870,6,,single
1789280134,1253710,5,,single
1789280135,3270,1,,single
1789280137,1004490,13,,single
1789280138,418950,2,,single
1789280139,1269020,2,,single
1789280141,673800,0,,single
1789280142,4890,29,,single
1789280144,370510,0,,single
1789280145,752580,37,,single
1789280146,2905970,5,,single
1789280148,562410,0,,single
1789280149,2904890,1,,single
1789280151,764570,16,,single
1789280152,342300,2,,single
1789280153,1222800,127,,single
1789280155,2907190,0,,single
1789280156,267920,1,,single
1789280157,2782610,52,,single
1789280159,357780,1,,single
1789280160,3334660,2,,single
1789280162,2603020,26,,single
1789280163,588160,5,,single
1789280164,1239300,0,,single
1789280166,2754690,0,,single
1789280167,2714970,0,,single
1789280168,510660,17,,single
1789280170,975680,6,,single
1789280171,384570,5,,single
1789280173,410210,0,,single
1789280175,809060,2,,single
1789280176,1084570,0,,single
1789280177,2169950,0,,single
1789280179,2318070,0,,single
1789280180,1557480,4,,single
1789280181,1822450,23,,single
1789280183,340070,0,,single
1789280184,2701510,9,,single
1789280186,885640,2,,single
1789280187,738510,6,,single
1789280189,1528130,0,,single
1789280190,412470,2,,single
1789280192,375450,400,,single
1789280193,2423300,33,,single
1789280194,613730,0,,single
1789280196,1433570,5,,single
1789280197,887720,1,,single
1789280199,1910790,4,,single
1789280200,329380,0,,single
1789280201,2258770,30,,single
1789280203,587420,0,,single
1789280204,714080,1,,single
1789280205,2620240,1,,single
1789280207,895110,0,,single
1789280208,1098940,3,,single
1789280210,482300,0,,single
1789280211,1149440,24,,single
1789280213,897820,1,,single
1789280214,713650,0,,single
1789280215,352890,1,,single
1789280217,1524630,0,,single
1789280218,970510,8,,single
1789280219,2398170,5,,single
1789280221,1441840,6,,single
1789280222,673260,16,,single
1789280223,1416240,0,,single
1789280225,466110,0,,single
1789280226,522570,0,,single
1789280228,960420,4,,single
1789280229,2450450,3,,single
1789280230,1731520,1,,single
1789280232,1851280,8,,single
1789280233,1800790,2,,single
1789280234,482450,21,,single
1789280236,881690,1,,single
1789280237,1562940,43,,single
1789280239,248530,0,,single
1789280240,1612780,2,,single
1789280241,492630,0,,single
1789280243,1100420,12,,single
1789280244,299480,0,,single
1789280246,1425000,75,,single
1789280248,2517200,8,,single
1789280249,2317640,12,,single
1789280251,2530950,0,,single
1789280252,1729410,5,,single
1789280254,1755910,32,,single
1789280255,407310,0,,single
1789280257,264300,0,,single
1789280258,691280,0,,single
1789280260,597230,4,,single
1789280261,360380,0,,single
1789280262,2178990,5,,single
1789280264,571530,0,,single
1789280265,346730,0,,single
1789280267,936500,2,,single
1789280268,964570,3,,single
1789280269,464450,5,,single
1789280271,2111630,132,,single
1789280272,1498140,7,,single
1789280274,608990,8,,single
1789280275,893720,2,,single
1789280277,2185780,1,,single
1789280278,628890,179,,single
1789280279,2865580,38,,single
1789280281,355130,5,,single
1789280282,1807750,0,,single
1789280284,367570,0,,single
1789280285,2862610,1,,single
1789280287,446390,1,,single
1789280288,1264970,13,,single
1789280290,745330,6,,single
1789280291,3543420,0,,single
1789280292,701930,0,,single
1789280294,1660280,1,,single
1789280295,1573100,4,,single
1789280297,488730,3,,single
1789280298,2397250,29,,single
1789280299,269330,0,,single
1789280301,415480,3,,single
1789280302,415350,2,,single
1789280304,774511,4,,single
1789280305,2430730,5,,single
1789280306,510840,0,,single
1789280308,1394960,4,,single
1789280309,2075100,2,,single
1789280311,271360,22,,single
1789280312,1135830,3,,single
1789280313,282010,0,,single
1789280315,1314460,0,,single
1789280316,2717010,27,,single
1789280318,2403290,2,,single
1789280319,582330,1,,single
1789280320,281750,26,,single
1789280322,515260,4,,single
1789280323,780350,5,,single
1789280324,525040,1,,single
1789280326,2840210,3,,single
1789280327,745960,2,,single
1789280328,259340,1,,single
1789280330,654900,2,,single
1789280331,2381740,7,,single
1789280333,285010,0,,single
1789280334,664180,0,,single
1789280335,2025610,0,,single
1789280337,2248180,23,,single
1789280338,345220,7,,single
1789280340,1273100,3,,single
1789280341,2732100,7,,single
1789280343,1266600,0,,single
1789280344,2229560,7,,single
1789280346,2094270,4,,single
1789280347,1768650,6,,single
1789280349,1485690,7,,single
1789280350,1671350,2,,single
1789280351,257830,0,,single
1789280353,524660,162,,single
1789280354,332480,3,,single
1789280356,2014550,10,,single
1789280357,402530,1,,single
1789280358,2856450,1,,single
1789280360,2637070,10,,single
1789280361,732730,0,,single
1789280362,3177970,15,,single
1789280364,719640,130,,single
1789280365,1269260,10,,single
1789280367,1493520,3,,single
1789280368,965320,29,,single
1789280369,396160,6,,single
1789280371,206370,2,,single
1789280372,1664350,2,,single
1789280374,347940,2,,single
1789280375,3089130,12,,single
1789280377,1158220,1,,single
1789280378,286120,0,,single
1789280379,699670,0,,single
1789280381,1150090,7,,single
1789280382,2404370,3,,single
1789280383,886960,2,,single
1789280385,252230,1,,single
1789280386,1132980,0,,single
1789280387,402040,3,,single
1789280389,916930,1,,single
1789280390,376730,0,,single
1789280391,454100,0,,single
1789280393,1119600,6,,single
1789280394,1035760,1,,single
1789280396,2749000,6,,single
1789280397,11480,6,,single
1789280398,1321070,0,,single
1789280400,1864880,7,,single
1789280401,296050,1,,single
1789280403,2487060,48,,single
1789280404,2100160,16,,single
1789280405,943370,7,,single
1789280407,680980,0,,single
1789280408,541230,4,,single
1789280410,377900,3,,single
1789280411,2830150,10,,single
1789280413,2082410,1,,single
1789280414,384680,1,,single
1789280416,1259800,10,,single
1789280417,651500,0,,single
1789280418,1296540,0,,single
1789280420,2696320,0,,single
1789280421,462680,0,,single
1789280422,1297330,0,,single
1789280424,1601330,8,,single
1789280425,1418160,0,,single
1789280427,851530,0,,single
1789280428,2162780,0,,single
1789280429,528060,0,,single
1789280431,1133590,2,,single
1789280432,1135910,144,,single
1789280434,494230,2,,single
1789280435,575950,0,,single
1789280437,682530,0,,single
1789280438,2468100,2,,single
1789280439,423590,0,,single
1789280441,864700,8,,single
1789280442,2924170,5,,single
1789280443,2151580,9,,single
1789280445,771350,0,,single
1789280446,2388460,1,,single
1789280447,418190,2,,single
1789280449,2367230,4,,single
1789280450,1791590,3,,single
1789280452,415610,0,,single
1789280453,1266630,199,,single
1789280455,1640630,3,,single
1789280456,862570,5,,single
1789280458,1502970,32,,single
1789280459,1518770,4,,single
1789280460,2305500,34,,single
1789280462,398000,5,,single
1789280463,1213230,1,,single
1789280465,494730,5,,single
1789280466,1049660,1,,single
1789280467,1054550,1,,single
1789280469,746710,1,,single
1789280470,865040,1,,single
1789280472,1311250,1,,single
1789280473,2741560,41,,single
1789280474,1225580,2,,single
1789280476,1335230,0,,single
1789280477,1555400,10,,single
1789280478,1351210,8,,single
1789280481,111600,2,,single
1789280483,2307120,0,,single
1789280484,612930,0,,single
1789280486,1373880,3,,single
1789280487,1620540,2,,single
1789280488,2090760,1,,single
1789280490,2774190,2,,single
1789280491,2130540,0,,single
1789280493,1933840,1,,single
1789280494,1260130,1,,single
1789280496,1546790,2,,single
1789280497,588440,1,,single
1789280498,3385670,7,,single
1789280500,1558510,0,,single
1789280501,398680,0,,single
1789280503,3393750,20,,single
1789280504,463060,4,,single
1789280505,294230,0,,single
1789280507,1020820,1,,single
1789280508,402880,0,,single
1789280510,33180,4,,single
1789280511,739080,1,,single
1789280512,1382910,0,,single
1789280514,430070,0,,single
1789280515,545110,0,,single
1789280517,422250,2,,single
1789280518,317100,2,,single
1789280519,1455910,47,,single
1789280521,1773180,0,,single
1789280522,336240,2,,single
1789280524,2221500,0,,single
1789280525,2552310,8,,single
1789280526,3130,8,,single
1789280528,824190,0,,single
1789280529,986040,1,,single
1789280530,2479290,9,,single
1789280532,1688100,1,,single
1789280533,1490840,1,,single
1789280534,502770,3,,single
1789280536,485040,0,,single
1789280537,1395760,5,,single
1789280539,2613060,7,,single
1789280540,3046600,65,,single
1789280541,1403650,7,,single
1789280543,2707070,24,,single
1789280544,3255380,24,,single
1789280546,1449320,0,,single
1789280547,406870,3,,single
1789280548,2803060,4,,single
1789280550,741820,0,,single
1789280551,1494560,21,,single
1789280553,2368300,13,,single
1789280554,950530,2,,single
1789280555,546080,2,,single
1789280557,247140,0,,single
1789280558,2361460,4,,single
1789280559,839450,0,,single
1789280561,389270,1,,single
1789280562,1786670,3,,single
1789280563,919280,6,,single
1789280565,2002220,6,,single
1789280566,975270,13,,single
1789280568,1261520,3,,single
1789280569,810660,0,,single
1789280571,2851150,1,,single
1789280572,108700,1,,single
1789280573,625430,0,,single
1789280575,1292910,0,,single
1789280576,1159830,15,,single
1789280578,967390,1,,single
1789280579,2917350,7,,single
1789280580,2543760,2,,single
1789280582,279440,0,,single
1789280583,1252560,2,,single
1789280585,498660,1,,single
1789280586,2514640,4,,single
1789280587,341550,0,,single
1789280589,435100,1,,single
1789280590,11140,0,,single
1789280591,574080,0,,single
1789280593,1372300,6,,single
1789280594,3308560,1,,single
1789280596,1200230,2,,single
1789280597,865820,3,,single
1789280598,2234150,65,,single
1789280600,1331210,2,,single
1789280601,508840,0,,single
1789280602,368610,3,,single
1789280604,755980,0,,single
1789280605,268240,0,,single
1789280607,2536960,4,,single
1789280608,1418020,0,,single
1789280609,574180,3,,single
1789280611,639650,0,,single
1789280612,574050,3,,single
1789280614,1013870,0,,single
1789280615,1096550,8,,single
1789280617,1662480,1,,single
1789280618,530950,0,,single
1789280619,3257490,10,,single
1789280621,2673490,3,,single
1789280623,1144440,1,,single
1789280624,1354230,3,,single
1789280625,444220,1,,single
1789280627,1793090,4,,single
1789280628,251530,0,,single
1789280630,1602560,1,,single
1789280631,842150,23,,single
1789280632,517810,30,,single
1789280634,2744010,11,,single
1789280635,2579280,1,,single
1789280636,1036740,0,,single
1789280638,414160,0,,single
1789280639,1389560,0,,single
1789280641,877360,0,,single
1789280642,458470,1,,single
1789280644,232970,0,,single
1789280645,3080380,0,,single
1789280646,350010,1,,single
1789280648,3598130,3,,single
1789280649,1517150,1,,single
1789280651,555510,1,,single
1789280652,339000,0,,single
1789280654,944920,0,,single
1789280655,326150,2,,single
1789280656,377870,4,,single
1789280658,509250,1,,single
1789280659,232950,0,,single
1789280661,545040,0,,single
1789280662,2061430,15,,single
1789280663,1140630,0,,single
1789280665,2494810,37,,single
1789280666,366690,13,,single
1789280668,2699820,34,,single
1789280669,599610,0,,single
1789280670,2715370,2,,single
1789280672,3029990,0,,single
1789280673,214550,0,,single
1789280675,787850,1,,single
1789280676,1168870,2,,single
1789280677,506730,0,,single
1789280679,469730,0,,single
1789280680,1390700,2,,single
1789280682,1047010,1,,single
1789280683,1750030,2,,single
1789280685,898720,3,,single
1789280686,259780,0,,single
1789280687,1127110,1,,single
1789280689,865090,0,,single
1789280690,262490,4,,single
1789280691,449210,0,,single
1789280693,384030,32,,single
1789280694,423890,0,,single
1789280696,451650,5,,single
1789280697,381560,0,,single
1789280699,1383960,1,,single
1789280700,406090,0,,single
1789280701,691770,1,,single
1789280703,284890,0,,single
1789280704,2458310,0,,single
1789280706,1461910,51,,single
1789280707,887530,3,,single
1789280708,1133060,3,,single
1789280710,2295920,1,,single
1789280711,579020,5,,single
1789280713,449710,4,,single
1789280714,567030,3,,single
1789280715,1259640,3,,single
1789280717,346180,0,,single
1789280718,321150,0,,single
1789280720,1085180,2,,single
1789280721,2633640,5,,single
1789280722,2099220,2,,single
1789280724,43190,1,,single
1789280725,965300,14,,single
1789280727,340460,0,,single
1789280728,2835110,4,,single
1789280730,1941410,2,,single
1789280731,351160,5,,single
1789280732,2667410,5,,single
1789280734,1883370,1,,single
1789280735,1399080,3,,single
1789280737,1209410,1,,single
1789280738,421740,0,,single
1789280739,299250,0,,single
1789280741,421660,0,,single
1789280742,2476100,0,,single
1789280744,911220,0,,single
1789280745,1514840,7,,single
1789280746,1146600,1,,single
1789280748,3042680,2,,single
1789280749,925440,1,,single
1789280751,561770,55,,single
1789280752,1658920,12,,single
1789280754,887450,1,,single
1789280755,284730,0,,single
1789280756,497400,0,,single
1789280758,12640,4,,single
1789280759,3447690,1,,single
1789280761,2328650,1,,single
1789280762,2138580,0,,single
1789280764,959000,9,,single
1789280765,286360,0,,single
1789280766,466270,0,,single
1789280768,758980,20,,single
1789280769,4800,3,,single
1789280771,2662780,14,,single
1789280772,70620,0,,single
1789280775,2538910,2,,single
1789280776,945770,21,,single
1789280777,2864890,44,,single
1789280779,424250,14,,single
1789280782,1262040,1,,single
1789280783,1033950,1,,single
1789280784,2981590,5,,single
1789280786,1037590,0,,single
1789280787,1273560,3,,single
1789280789,2976900,2,,single
1789280790,3469850,10,,single
1789280792,1177400,0,,single
1789280793,775900,4,,single
1789280794,393980,0,,single
1789280796,2336980,14,,single
1789280797,2637940,21,,single
1789280799,908360,15,,single
1789280800,1045180,3,,single
1789280802,270050,1,,single
1789280803,787790,13,,single
1789280804,2055220,2,,single
1789280806,893010,4,,single
1789280807,783840,1,,single
1789280809,1859360,16,,single
1789280810,1437840,103,,single
1789280812,1312960,1,,single
1789280813,346470,12,,single
1789280814,1056610,2,,single
1789280816,583090,14,,single
1789280817,2803810,3,,single
1789280819,1523400,0,,single
1789280820,1915550,0,,single
1789280821,1238730,3,,single
1789280823,855630,0,,single
1789280824,2288210,4,,single
1789280826,553960,0,,single
1789280827,339120,0,,single
1789280828,930780,1,,single
1789280830,2300160,0,,single
1789280831,338140,0,,single
1789280833,1491200,11,,single
1789280834,46410,1,,single
1789280836,252550,0,,single
1789280837,618080,0,,single
1789280839,1413660,3,,single
1789280840,1759350,1,,single
1789280842,347670,2,,single
1789280843,542260,1,,single
1789280844,1093290,5,,single
1789280846,429780,1,,single
1789280847,1871310,1,,single
1789280849,58550,0,,single
1789280850,935580,6,,single
1789280852,1306720,1,,single
1789280853,1996630,17,,single
1789280854,57620,19,,single
1789280856,1508270,0,,single
1789280857,2061150,3,,single
1789280859,2436570,52,,single
1789280860,1550180,1,,single
1789280861,516600,0,,single
1789280863,1492360,0,,single
1789280864,774091,2,,single
1789280866,595740,9,,single
1789280867,230210,2,,single
1789280869,1876880,15,,single
1789280870,1381440,7,,single
1789280871,586960,0,,single
1789280873,1423370,1,,single
1789280874,311400,0,,single
1789280876,1085160,0,,single
1789280877,2712550,7,,single
1789280879,395160,0,,single
1789280880,1767560,28,,single
1789280881,907760,0,,single
1789280883,1330250,31,,single
1789280884,1361010,1,,single
1789280886,1928090,0,,single
1789280887,2644360,2,,single
1789280889,467370,12,,single
1789280890,1044490,1,,single
1789280892,1171270,1,,single
1789280893,2494350,64,,single
1789280894,508170,0,,single
1789280896,895670,0,,single
1789280897,2432110,4,,single
1789280899,704040,12,,single
1789280900,328270,1,,single
1789280901,392580,1,,single
1789280903,1339460,0,,single
1789280904,2810,10,,single
1789280905,321870,1,,single
1789280907,1619230,2,,single
1789280908,2803280,6,,single
1789280910,2274200,3,,single
1789280911,363490,0,,single
1789280913,926580,0,,single
1789280914,289420,8,,single
1789280915,3021630,0,,single
1789280917,959890,1,,single
1789280918,7010,0,,single
1789280920,1583850,1,,single
1789280921,58570,1,,single
1789280922,1956740,33,,single
1789280924,2729480,7,,single
1789280925,1075200,0,,single
1789280926,2803360,0,,single
1789280928,2625510,0,,single
1789280929,802730,0,,single
1789280931,2817690,1,,single
1789280932,724300,1,,single
1789280933,241620,2,,single
1789280935,1490130,0,,single
1789280936,344910,0,,single
1789280938,200230,0,,single
1789280939,1188540,0,,single
1789280941,7530,1,,single
1789280942,3288600,1,,single
1789280943,277460,4,,single
1789280945,204860,5,,single
1789280946,319970,0,,single
1789280948,350110,12,,single
1789280949,1370170,3,,single
1789280950,983350,0,,single
1789280952,1114130,6,,single
1789280953,1031920,0,,single
1789280955,642560,0,,single
1789280956,1504150,2,,single
1789280957,2947240,0,,single
1789280959,2378910,2,,single
1789280960,965310,14,,single
1789280962,1494190,0,,single
1789280963,871200,0,,single
1789280964,1798780,0,,single
1789280966,320760,0,,single
1789280967,2332260,0,,single
1789280969,589760,4,,single
1789280970,2243710,177,,single
1789280971,2022930,0,,single
1789280973,1895890,0,,single
1789280974,1363900,0,,single
1789280976,212410,0,,single
1789280977,840210,0,,single
1789280979,630720,0,,single
1789280980,2147380,17,,single
1789280981,1607200,11,,single
1789280983,569800,1,,single
1789280984,466810,1,,single
1789280985,640120,0,,single
1789280987,236790,1,,single
1789280988,1783280,7,,single
1789280990,2823890,20,,single
1789280991,227380,1,,single
1789280993,527280,1,,single
1789280994,1183260,1,,single
1789280996,1304340,1,,single
1789280997,2165620,3,,single
1789280999,303290,3,,single
1789281000,471810,0,,single
1789281002,1094530,0,,single
1789281003,623840,0,,single
1789281004,543140,0,,single
1789281006,1449750,2,,single
1789281007,3088410,0,,single
1789281009,332790,1,,single
1789281010,730830,3,,single
1789281012,489220,0,,single
1789281013,951820,0,,single
1789281015,286460,0,,single
1789281016,1736400,0,,single
1789281017,912570,1,,single
1789281019,2868430,2,,single
1789281020,2650730,13,,single
1789281022,3428620,2,,single
1789281023,892860,1,,single
1789281024,235820,0,,single
1789281026,1230800,12,,single
1789281027,557810,0,,single
1789281029,1751350,3,,single
1789281030,1259430,0,,single
1789281032,290260,1,,single
1789281033,819020,8,,single
1789281034,70640,4,,single
1789281036,2552440,195,,single
1789281037,253960,0,,single
1789281039,2591410,18,,single
1789281040,301150,6,,single
1789281042,1787480,1,,single
1789281043,909820,0,,single
1789281045,2581410,1,,single
1789281046,1450120,35,,single
1789281048,1611300,0,,single
1789281049,283980,6,,single
1789281050,2870420,4,,single
1789281052,2915490,1,,single
1789281054,3168310,2,,single
1789281055,251690,1,,single
1789281056,3140620,2,,single
1789281058,1109130,0,,single
1789281059,1116170,2,,single
1789281061,2753620,7,,single
1789281062,288880,1,,single
1789281063,707300,0,,single
1789281065,758090,1,,single
1789281066,749250,1,,single
1789281068,417750,0,,single
1789281069,2264140,7,,single
1789281070,409450,3,,single
1789281072,3489670,3,,single
1789281074,1248060,0,,single
1789281076,457710,0,,single
1789281077,32620,2,,single
1789281079,590590,0,,single
1789281082,395850,1,,single
1789281083,382260,3,,single
1789281084,2095450,0,,single
1789281086,614630,12,,single
1789281087,2928330,1,,single
1789281089,1412170,0,,single
1789281090,3032020,0,,single
1789281091,3107900,0,,single
1789281093,218760,17,,single
1789281094,2824310,2,,single
1789281096,581300,2,,single
1789281097,547340,0,,single
1789281098,12470,14,,single
1789281100,1924170,12,,single
1789281101,2428810,7,,single
1789281103,115210,9,,single
1789281104,606730,1,,single
1789281105,1155590,1,,single
1789281107,689900,3,,single
1789281108,377140,0,,single
1789281110,643870,0,,single
1789281111,948630,0,,single
1789281112,1232570,2,,single
1789281114,1591450,1,,single
1789281115,1409530,1,,single
1789281117,2753720,0,,single
1789281118,46250,1,,single
1789281119,2078040,1,,single
1789281121,2384920,0,,single
1789281122,1568970,0,,single
1789281124,1189100,17,,single
1789281125,1071140,2,,single
1789281126,2817620,4,,single
1789281128,1648190,0,,single
1789281129,936160,33,,single
1789281131,1148490,4,,single
1789281132,748040,29,,single
1789281133,1018130,0,,single
1789281135,3169580,16,,single
1789281136,1141100,3,,single
1789281138,3027620,5,,single
1789281139,1453850,14,,single
1789281140,2343930,1,,single
1789281142,409850,2,,single
1789281143,453690,1,,single
1789281145,517160,4,,single
1789281146,975510,0,,single
1789281147,1815440,2,,single
1789281149,762840,0,,single
1789281150,1585020,1,,single
1789281151,369000,0,,single
1789281153,289200,2,,single
1789281154,1480120,0,,single
1789281156,865830,3,,single
1789281157,260250,0,,single
1789281158,470740,0,,single
1789281160,1037190,1,,single
1789281161,643810,0,,single
1789281162,1732920,0,,single
1789281164,331920,8,,single
1789281165,575490,1,,single
1789281167,442810,0,,single
1789281168,2008510,0,,single
1789281169,3260,0,,single
1789281171,2113540,1,,single
1789281172,243000,0,,single
1789281174,368640,2,,single
1789281175,1305720,2,,single
1789281176,917840,1,,single
1789281178,315840,0,,single
1789281179,247370,0,,single
1789281180,80350,0,,single
1789281182,1271190,0,,single
1789281183,2092850,1,,single
1789281185,426310,0,,single
1789281186,307940,2,,single
1789281187,1490860,5,,single
1789281189,546930,1,,single
1789281190,2103470,7,,single
1789281192,1098080,2,,single
1789281193,346830,6,,single
1789281194,723790,4,,single
1789281196,991810,5,,single
1789281197,115200,5,,single
1789281199,2599370,0,,single
1789281200,2669150,0,,single
1789281201,24400,2,,single
1789281203,1367530,3,,single
1789281204,1522280,3,,single
1789281205,392470,14,,single
1789281207,1141530,156,,single
1789281208,1271300,5,,single
1789281210,112100,0,,single
1789281211,2871930,0,,single
1789281212,1329600,0,,single
1789281214,449530,0,,single
1789281215,2216770,20,,single
1789281217,298930,0,,single
1789281218,585890,0,,single
1789281219,365660,0,,single
1789281221,351860,57,,single
1789281222,255870,0,,single
1789281224,2129810,8,,single
1789281225,61520,8,,single
1789281226,2550040,3,,single
1789281228,1188720,0,,single
1789281229,319250,1,,single
1789281230,268890,0,,single
1789281232,1005460,7,,single
1789281233,1642790,1,,single
1789281235,1866630,0,,single
1789281236,659960,0,,single
1789281238,2523310,6,,single
1789281239,407980,0,,single
1789281240,1875280,1,,single
1789281242,2168260,4,,single
1789281243,4880,21,,single
1789281245,2730530,2,,single
1789281246,1309620,0,,single
1789281247,1755180,1,,single
1789281249,782340,2,,single
1789281250,1448260,2,,single
1789281252,561610,5,,single
1789281253,3487060,4,,single
1789281254,1346830,0,,single
1789281256,490370,12,,single
1789281257,416000,0,,single
1789281259,3357250,10,,single
1789281260,206690,3,,single
1789281261,2600570,6,,single
1789281263,880400,0,,single
1789281264,1644150,0,,single
1789281266,1509090,0,,single
1789281267,3373670,7,,single
1789281268,1691970,33,,single
1789281270,1295270,25,,single
1789281271,336610,0,,single
1789281273,1710540,1,,single
1789281274,575510,0,,single
1789281275,211010,2,,single
1789281277,239700,0,,single
1789281278,2198800,41,,single
1789281280,1530,0,,single
1789281281,1063310,0,,single
1789281282,2518900,1,,single
1789281284,518730,0,,single
1789281285,995050,1,,single
1789281287,311720,0,,single
1789281288,286320,0,,single
1789281289,2697560,2,,single
1789281291,1553910,1,,single
1789281292,618950,2,,single
1789281294,1361400,2,,single
1789281295,242940,2,,single
1789281296,904360,0,,single
1789281298,3010070,0,,single
1789281299,767490,2,,single
1789281300,1692080,163,,single
1789281302,650440,5,,single
1789281303,812550,0,,single
1789281305,773840,0,,single
1789281306,497780,2,,single
1789281307,1663640,0,,single
1789281309,2785280,7,,single
1789281310,1428710,2,,single
1789281311,1226530,1,,single
1789281313,2793290,1,,single
1789281314,889600,0,,single
1789281316,619390,5,,single
1789281317,22670,1,,single
1789281319,444140,0,,single
1789281320,1794780,5,,single
1789281321,2005210,1,,single
1789281323,301610,6,,single
1789281324,311120,1,,single
1789281326,1810820,86,,single
1789281327,467930,0,,single
1789281328,281410,0,,single
1789281330,1549030,0,,single
1789281331,2328310,0,,single
1789281332,1577620,16,,single
1789281334,2458430,1,,single
1789281335,2141770,7,,single
1789281337,346750,9,,single
1789281338,460960,58,,single
1789281339,1588560,1,,single
1789281341,403400,3,,single
1789281342,1125390,0,,single
1789281344,115220,9,,single
1789281345,1120560,1,,single
1789281346,370540,8,,single
1789281348,576130,0,,single
1789281350,1700300,1,,single
1789281351,1279920,2,,single
1789281353,1403440,2,,single
1789281354,404530,1,,single
1789281356,25990,0,,single
1789281357,403940,1,,single
1789281358,2710,9,,single
1789281360,1062040,0,,single
1789281361,1205900,2,,single
1789281363,596590,29,,single
1789281364,1269150,1,,single
1789281366,1364800,0,,single
1789281367,298480,2,,single
1789281369,2026990,0,,single
1789281370,2279600,0,,single
1789281372,3131680,1,,single
1789281373,705280,2,,single
1789281375,265810,0,,single
1789281376,724250,10,,single
1789281378,3029820,1,,single
1789281380,253860,0,,single
1789281382,1787500,1,,single
1789281383,1673190,3,,single
1789281385,1905020,1,,single
1789281386,2736020,0,,single
1789281388,1258310,0,,single
1789281389,46370,1,,single
1789281390,3147510,0,,single
1789281392,403950,0,,single
1789281393,1731460,4,,single
1789281395,336060,2,,single
1789281396,357280,6,,single
1789281397,3114010,3,,single
1789281399,420520,6,,single
1789281400,963330,1,,single
1789281401,606860,1,,single
1789281403,1335240,3,,single
1789281405,301300,4,,single
1789281406,1147450,0,,single
1789281407,837610,3,,single
1789281409,364230,0,,single
1789281411,961620,1,,single
1789281412,431250,0,,single
1789281414,3193670,0,,single
1789281415,1306750,1,,single
1789281416,3044030,0,,single
1789281418,1717640,2,,single
1789281419,2843640,18,,single
1789281421,445110,5,,single
1789281422,256390,2,,single
1789281424,1322300,5,,single
1789281425,848030,3,,single
1789281426,1146230,1,,single
1789281428,1011590,7,,single
1789281429,789100,94,,single
1789281431,9060,2,,single
1789281432,292330,0,,single
1789281433,307340,1,,single
1789281435,2473980,3,,single
1789281436,2309400,2,,single
1789281437,2840250,0,,single
1789281439,1295790,0,,single
1789281440,335820,9,,single
1789281442,3560,11,,single
1789281443,323490,1,,single
1789281445,1903910,2,,single
1789281446,1287920,4,,single
1789281447,240970,0,,single
1789281449,2759810,0,,single
1789281450,402750,1,,single
1789281451,1013750,2,,single
1789281453,842420,0,,single
1789281454,418120,0,,single
1789281456,1867510,2,,single
1789281457,304350,0,,single
1789281458,1733890,1,,single
1789281460,1572810,1,,single
1789281461,2638050,0,,single
1789281463,598730,0,,single
1789281464,1502560,3,,single
1789281466,436160,22,,single
1789281467,1291790,7,,single
1789281469,2812850,0,,single
1789281470,985900,3,,single
1789281471,1132760,0,,single
1789281473,492150,0,,single
1789281474,508790,1,,single
1789281476,1252710,0,,single
1789281477,222160,0,,single
1789281479,655160,0,,single
1789281480,1546710,3,,single
1789281481,214910,0,,single
1789281483,2562730,72,,single
1789281484,62000,2,,single
1789281486,2336200,1,,single
1789281488,385250,6,,single
1789281489,1551530,14,,single
1789281490,2096030,4,,single
1789281492,1561040,0,,single
1789281493,542480,14,,single
1789281495,541640,2,,single
1789281496,1015890,1,,single
1789281498,1247170,0,,single
1789281499,2513240,42,,single
1789281501,463980,4,,single
1789281502,726910,1,,single
1789281503,263320,0,,single
1789281505,1185160,0,,single
1789281506,2296380,1,,single
1789281507,257790,2,,single
1789281509,1575450,1,,single
1789281510,457010,1,,single
1789281511,1102980,0,,single
1789281513,2636420,1,,single
1789281514,330990,3,,single
1789281516,987230,1,,single
1789281517,3070880,22,,single
1789281518,2332410,1,,single
1789281520,676500,6,,single
1789281521,1966220,2,,single
1789281523,400360,0,,single
1789281524,661430,0,,single
1789281525,1996770,4,,single
1789281527,449300,49,,single
1789281528,356450,1,,single
1789281530,1422610,1,,single
1789281531,2991400,6,,single
1789281532,1014040,2,,single
1789281534,986020,0,,single
1789281535,1414430,0,,single
1789281536,3229170,0,,single
1789281538,1623210,1,,single
1789281539,469720,3,,single
1789281541,398840,0,,single
1789281542,2304620,15,,single
1789281544,779090,0,,single
1789281545,554600,1,,single
1789281546,46490,0,,single
1789281548,586210,3,,single
1789281549,802450,4,,single
1789281551,2994010,9,,single
1789281552,594680,0,,single
1789281554,936490,1,,single
1789281555,281200,1,,single
1789281557,698700,2,,single
1789281558,1163740,0,,single
1789281559,1706360,7,,single
1789281561,373970,3,,single
1789281562,2399730,40,,single
1789281564,1034940,13,,single
1789281565,2951840,1,,single
1789281566,638200,13,,single
1789281568,1673630,0,,single
1789281569,497850,1,,single
1789281570,808080,17,,single
1789281572,403900,0,,single
1789281573,1450080,33,,single
1789281575,463220,0,,single
1789281576,2350020,4,,single
1789281577,304460,0,,single
1789281579,1240060,0,,single
1789281580,2050590,1,,single
1789281581,656700,0,,single
1789281583,245730,0,,single
1789281584,1676380,1,,single
1789281586,779650,0,,single
1789281587,338810,2,,single
1789281589,1617430,3,,single
1789281590,398810,37,,single
1789281592,8880,1,,single
1789281593,1111930,4,,single
1789281595,655740,1,,single
1789281596,419520,0,,single
1789281598,277490,0,,single
1789281599,579820,0,,single
1789281601,428180,16,,single
1789281602,2392520,33,,single
1789281604,1610460,11,,single
1789281605,1540350,1,,single
1789281606,750290,3,,single
1789281608,635250,0,,single
1789281610,2966850,1,,single
1789281611,1167790,1,,single
1789281613,352220,4,,single
1789281614,1665130,3,,single
1789281615,2452080,17,,single
1789281617,435440,20,,single
1789281618,2409360,4,,single
1789281620,34410,1,,single
1789281621,1011610,0,,single
1789281622,1348390,12,,single
1789281624,2060790,1,,single
1789281625,1144970,0,,single
1789281627,342620,0,,single
1789281628,1097110,0,,single
1789281630,792050,0,,single
1789281631,1803390,7,,single
1789281632,1020730,1,,single
1789281634,618850,1,,single
1789281635,588110,0,,single
1789281637,1344740,0,,single
1789281638,1416520,0,,single
1789281639,2313720,5,,single
1789281641,1188920,4,,single
1789281642,392080,1,,single
1789281644,2553710,2,,single
1789281645,1531490,1,,single
1789281647,275570,5,,single
1789281648,292390,0,,single
1789281649,2540860,1,,single
1789281651,703510,0,,single
1789281652,33670,6,,single
1789281654,652190,4,,single
1789281655,200390,2,,single
1789281656,252190,1,,single
1789281658,1911860,0,,single
1789281659,209330,0,,single
1789281661,354680,0,,single
1789281662,18000,0,,single
1789281663,1222040,1,,single
1789281665,316600,0,,single
1789281666,570050,0,,single
1789281668,2376540,3,,single
1789281669,1363350,1,,single
1789281671,981770,2,,single
1789281672,33530,3,,single
1789281674,664750,0,,single
1789281676,2840480,0,,single
1789281677,1671720,1,,single
1789281678,428950,0,,single
1789281680,1078330,1,,single
1789281681,1154850,2,,single
1789281683,1103860,0,,single
1789281684,1586700,2,,single
1789281685,1368340,0,,single
1789281687,2475040,0,,single
1789281688,428880,1,,single
1789281689,1218170,1,,single
1789281691,3024830,0,,single
1789281692,2904290,3,,single
1789281693,293660,0,,single
1789281695,1019450,0,,single
1789281696,1076550,0,,single
1789281698,235980,0,,single
1789281699,754120,1,,single
1789281700,329460,0,,single
1789281702,404040,13,,single
1789281703,1798020,64,,single
1789281705,24480,1,,single
1789281706,1285360,0,,single
1789281707,289800,0,,single
1789281709,1381530,2,,single
1789281710,1762570,6,,single
1789281712,787040,0,,single
1789281713,1098610,1,,single
1789281714,2722270,2,,single
1789281716,286480,2,,single
1789281717,400510,0,,single
1789281718,782690,0,,single
1789281720,215710,4,,single
1789281721,3327170,4,,single
1789281723,2140850,0,,single
1789281724,1058320,0,,single
1789281725,241000,0,,single
1789281727,3107880,0,,single
1789281728,548840,1,,single
1789281729,32630,3,,single
1789281731,2642570,2,,single
1789281732,1220170,0,,single
1789281733,1810980,1,,single
1789281735,429610,0,,single
1789281736,1302110,2,,single
1789281738,2337820,2,,single
1789281739,1646580,2,,single
1789281740,306700,1,,single
1789281742,668430,0,,single
1789281743,1058200,18,,single
1789281745,892760,0,,single
1789281746,1308700,74,,single
1789281747,1285080,1,,single
1789281749,12520,0,,single
1789281750,2741360,0,,single
1789281751,3111800,1,,single
1789281753,682570,2,,single
1789281754,361850,3,,single
1789281756,2097720,1,,single
1789281757,412670,2,,single
1789281758,496550,0,,single
1789281760,1157700,108,,single
1789281761,1592360,0,,single
1789281763,556050,0,,single
1789281764,406720,1,,single
1789281765,1407180,13,,single
1789281767,983150,0,,single
1789281768,839870,1,,single
1789281770,359580,0,,single
1789281771,1266820,0,,single
1789281772,2602030,12,,single
1789281774,2477950,10,,single
1789281775,1837330,3,,single
1789281777,99100,0,,single
1789281778,779430,6,,single
1789281779,289180,0,,single
1789281781,57200,0,,single
1789281782,1552080,2,,single
1789281784,397040,13,,single
1789281785,750520,0,,single
1789281786,2250080,0,,single
1789281788,3074020,0,,single
1789281789,1114650,2,,single
1789281791,399890,0,,single
1789281792,448440,0,,single
1789281793,1299620,3,,single
1789281795,1112830,0,,single
1789281796,389900,1,,single
1789281798,3990,123,,single
1789281799,490230,0,,single
1789281801,695100,0,,single
1789281802,1162560,3,,single
1789281803,463170,1,,single
1789281805,1921980,1,,single
1789281806,769920,6,,single
1789281808,229810,0,,single
1789281809,1338420,1,,single
1789281810,433000,0,,single
1789281812,3226850,1,,single
1789281813,1043500,4,,single
1789281815,1493300,0,,single
1789281816,403290,0,,single
1789281818,1378060,2,,single
1789281819,444480,1,,single
1789281820,2330360,4,,single
1789281822,925930,7,,single
1789281823,446380,0,,single
1789281825,742520,1,,single
1789281826,2398030,18,,single
1789281827,2978540,10,,single
1789281829,1335940,4,,single
1789281830,2601940,2,,single
1789281832,1274300,0,,single
1789281833,9500,0,,single
1789281834,2456960,0,,single
1789281836,1512480,0,,single
1789281837,1122120,0,,single
1789281838,316160,1,,single
1789281840,2936180,2,,single
1789281841,568040,0,,single
1789281842,1065520,1,,single
1789281844,777590,1,,single
1789281845,2094070,4,,single
1789281847,378270,0,,single
1789281848,650330,0,,single
1789281849,550340,1,,single
1789281851,1144020,1,,single
1789281852,961490,0,,single
1789281853,1112930,3,,single
1789281855,370870,0,,single
1789281856,7020,0,,single
1789281858,2494450,0,,single
1789281859,1301950,1,,single
1789281861,750470,9,,single
1789281862,1098270,0,,single
1789281868,1331910,3,,single
1789281870,2960770,7,,single
1789281871,1709170,0,,single
1789281873,387930,0,,single
1789281874,335790,0,,single
1789281875,1219950,0,,single
1789281877,1912750,3,,single
1789281878,2017370,0,,single
1789281879,975120,0,,single
1789281881,2543050,0,,single
1789281882,976700,0,,single
1789281883,1475430,1,,single
1789281885,671390,0,,single
1789281886,2311260,7,,single
1789281888,1649740,4,,single
1789281889,2154650,3,,single
1789281890,678560,2,,single
1789281892,1152300,9,,single
1789281893,1998340,62,,single
1789281895,860860,4,,single
1789281896,451780,0,,single
1789281897,529490,1,,single
1789281899,625470,0,,single
1789281900,1483780,1,,single
1789281901,1742360,1,,single
1789281903,1674820,2,,single
1789281905,351870,7,,single
1789281906,293240,1,,single
1789281907,460340,0,,single
1789281909,1141760,1,,single
1789281910,1925320,2,,single
1789281912,3304770,6,,single
1789281913,2374000,4,,single
1789281914,3001730,0,,single
1789281916,769950,0,,single
1789281917,900400,0,,single
1789281918,2876250,1,,single
1789281920,405950,0,,single
1789281921,1475850,5,,single
1789281922,541370,0,,single
1789281924,2573260,2,,single
1789281925,923570,0,,single
1789281927,1067860,1,,single
1789281928,200020,30,,single
1789281929,307350,1,,single
1789281931,881560,0,,single
1789281932,1258220,0,,single
1789281934,270790,8,,single
1789281935,1109840,2,,single
1789281936,271370,11,,single
1789281938,414190,1,,single
1789281939,247350,0,,single
1789281940,1605320,0,,single
1789281942,350310,6,,single
1789281943,1517180,5,,single
1789281944,1194680,4,,single
1789281946,630900,2,,single
1789281947,3521320,1,,single
1789281949,562270,0,,single
1789281950,1386040,11,,single
1789281952,372390,3,,single
1789281953,3263210,0,,single
1789281955,1671280,0,,single
1789281956,46450,0,,single
1789281957,496680,8,,single
1789281959,848050,12,,single
1789281960,546400,0,,single
1789281962,1925090,3,,single
1789281963,280560,0,,single
1789281965,2956280,2,,single
1789281966,1248080,3,,single
1789281968,388420,0,,single
1789281969,971690,3,,single
1789281971,756880,0,,single
1789281972,2356460,0,,single
1789281973,454890,0,,single
1789281975,1050280,9,,single
1789281977,273570,0,,single
1789281978,2430900,0,,single
1789281979,40330,1,,single
1789281981,2910,4,,single
1789281982,2078350,19,,single
1789281985,1730260,14,,single
1789281986,1035930,0,,single
1789281988,23400,7,,single
1789281989,703940,2,,single
1789281990,2461780,1,,single
1789281992,565720,0,,single
1789281993,452230,4,,single
1789281995,584990,0,,single
1789281996,95900,0,,single
1789281998,418250,7,,single
1789281999,289890,0,,single
1789282000,1596730,0,,single
1789282002,666870,3,,single
1789282003,938860,0,,single
1789282005,1257280,0,,single
1789282006,2781750,2,,single
1789282008,861350,0,,single
1789282009,2086680,8,,single
1789282010,1304610,0,,single
1789282012,725330,0,,single
1789282013,415170,0,,single
1789282015,2373290,1,,single
1789282016,3048140,0,,single
1789282018,1340640,0,,single
1789282019,1690,7,,single
1789282020,556740,0,,single
1789282022,2088340,2,,single
1789282023,263700,3,,single
1789282025,1315200,8,,single
1789282026,2330750,36,,single
1789282027,464620,2,,single
1789282029,414720,1,,single
1789282030,1766790,3,,single
1789282032,676630,0,,single
1789282033,1339410,1,,single
1789282034,1738610,0,,single
1789282036,1293730,0,,single
1789282037,1664670,1,,single
1789282039,2959670,1,,single
1789282040,367000,2,,single
1789282041,485870,1,,single
1789282043,1972710,0,,single
1789282044,279140,2,,single
1789282046,1570760,0,,single
1789282047,2587770,0,,single
1789282048,3296760,0,,single
1789282050,968370,1,,single
1789282051,827290,0,,single
1789282053,364300,0,,single
1789282054,221830,2,,single
1789282055,434020,1,,single
1789282057,881420,1,,single
1789282058,438430,2,,single
1789282059,1627870,0,,single
1789282061,1398390,2,,single
1789282062,411310,8,,single
1789282064,687750,1,,single
1789282065,356260,1,,single
1789282066,1336600,0,,single
1789282068,1949770,24,,single
1789282069,2711030,1,,single
1789282071,3139620,0,,single
1789282072,3340810,2,,single
1789282073,1581480,0,,single
1789282075,685310,18,,single
1789282076,1896880,4,,single
1789282077,2116850,0,,single
1789282079,38430,0,,single
1789282080,1960900,3,,single
1789282082,256030,1,,single
1789282083,1443430,3,,single
1789282085,202130,0,,single
1789282086,1484960,0,,single
1789282087,3227760,14,,single
1789282089,919410,0,,single
1789282090,3275010,0,,single
1789282092,2242100,4,,single
1789282093,1172980,2,,single
1789282095,582810,0,,single
1789282096,80200,0,,single
1789282098,237550,2,,single
1789282099,385080,0,,single
1789282100,1284130,2,,single
1789282102,1454520,0,,single
1789282103,2598020,2,,single
1789282105,531680,0,,single
1789282106,796790,0,,single
1789282107,3324320,0,,single
1789282109,315860,0,,single
1789282110,2229940,0,,single
1789282112,1083870,0,,single
1789282113,871100,2,,single
1789282115,524010,0,,single
1789282116,244090,0,,single
1789282117,7770,0,,single
1789282119,1802330,5,,single
1789282120,344480,0,,single
1789282122,2958700,0,,single
1789282123,1279240,1,,single
1789282124,1198400,1,,single
1789282126,542350,0,,single
1789282127,1709080,3,,single
1789282129,283430,0,,single
1789282130,714020,4,,single
1789282131,3109800,0,,single
1789282133,941570,0,,single
1789282134,1448600,5,,single
1789282136,41740,0,,single
1789282137,354430,1,,single
1789282138,2182630,1,,single
1789282140,1393820,4,,single
1789282141,549100,7,,single
1789282143,1724440,1,,single
1789282144,8100,1,,single
1789282146,788470,6,,single
1789282147,1209000,1,,single
1789282149,697610,14,,single
1789282150,2505570,66,,single
1789282151,547050,4,,single
1789282153,1299510,2,,single
1789282154,1573750,0,,single
1789282155,804850,0,,single
1789282157,2474030,1,,single
1789282158,3223390,1,,single
1789282160,2974060,0,,single
1789282161,874040,1,,single
1789282162,365900,1,,single
1789282164,1940200,0,,single
1789282165,2462520,5,,single
1789282166,1550730,0,,single
1789282168,1148480,1,,single
1789282169,623090,2,,single
1789282170,1551670,2,,single
1789282172,2946030,5,,single
1789282173,453100,0,,single
1789282175,812160,0,,single
1789282176,967130,4,,single
1789282178,768100,7,,single
1789282179,295750,1,,single
1789282180,934860,0,,single
1789282182,453750,0,,single
1789282183,888040,2,,single
1789282184,910880,4,,single
1789282186,489370,0,,single
1789282187,530120,0,,single
1789282188,1303660,0,,single
1789282190,1392170,1,,single
1789282191,1393830,0,,single
1789282193,2969380,4,,single
1789282194,58560,4,,single
1789282195,1125910,0,,single
1789282197,1000440,0,,single
1789282198,437250,0,,single
1789282199,458430,1,,single
1789282201,1096180,0,,single
1789282202,1519710,1,,single
1789282204,2530430,0,,single
1789282205,1955030,1,,single
1789282206,242530,1,,single
1789282208,685690,0,,single
1789282209,1011300,0,,single
1789282211,306200,1,,single
1789282212,391490,0,,single
1789282214,363980,1,,single
1789282215,504300,0,,single
1789282216,1337920,4,,single
1789282218,977390,0,,single
1789282219,2230070,11,,single
1789282221,70110,0,,single
1789282222,2460980,0,,single
1789282223,202730,0,,single
1789282225,921710,0,,single
1789282226,683830,1,,single
1789282227,2597880,0,,single
1789282229,46270,1,,single
1789282230,1096930,18,,single
1789282232,505210,0,,single
1789282233,1813860,6,,single
1789282234,1739880,1,,single
1789282236,398170,1,,single
1789282238,1665260,3,,single
1789282239,1503670,0,,single
1789282240,562470,4,,single
1789282242,2479840,0,,single
1789282243,3449850,41,,single
1789282245,1722520,0,,single
1789282246,2077380,0,,single
1789282247,1077430,0,,single
1789282249,758730,12,,single
1789282250,645690,0,,single
1789282252,425410,0,,single
1789282253,835520,2,,single
1789282255,675170,1,,single
1789282256,873270,0,,single
1789282257,2543030,0,,single
1789282259,1522560,0,,single
1789282260,1229030,1,,single
1789282262,1497450,0,,single
1789282263,1174640,4,,single
1789282264,651090,0,,single
1789282266,63800,0,,single
1789282267,704230,9,,single
1789282269,512270,0,,single
1789282270,1866980,2,,single
1789282271,343930,2,,single
1789282273,297760,1,,single
1789282274,1058060,1,,single
1789282276,1736290,1,,single
1789282277,2079950,1,,single
1789282278,579110,0,,single
1789282281,935930,0,,single
1789282283,1524750,1,,single
1789282284,992730,0,,single
1789282286,973000,0,,single
1789282287,448240,0,,single
1789282289,392000,0,,single
1789282290,1865670,2,,single
1789282292,2948640,8,,single
1789282293,1919470,0,,single
1789282295,1457510,39,,single
1789282296,606980,0,,single
1789282298,1037910,1,,single
1789282299,2253470,3,,single
1789282301,3002930,1,,single
1789282302,351790,0,,single
1789282304,730050,0,,single
1789282305,404080,0,,single
1789282307,1285060,0,,single
1789282308,3058140,0,,single
1789282309,3220010,0,,single
1789282311,304670,0,,single
1789282312,754810,0,,single
1789282314,2740280,10,,single
1789282315,1347420,1,,single
1789282316,1698520,1,,single
1789282318,577080,1,,single
1789282319,2238630,1,,single
1789282321,710230,27,,single
1789282322,672730,1,,single
1789282324,529760,0,,single
1789282325,1433860,0,,single
1789282326,2312520,4,,single
1789282328,665330,0,,single
1789282329,621930,1,,single
1789282330,2252960,0,,single
1789282332,1451120,0,,single
1789282333,748970,1,,single
1789282335,2001570,0,,single
1789282336,1065020,2,,single
1789282338,842810,0,,single
1789282339,1585910,3,,single
1789282340,1525660,3,,single
1789282342,448470,5,,single
1789282343,347610,4,,single
1789282345,1109690,4,,single
1789282346,697650,5,,single
1789282348,977460,4,,single
1789282349,391740,0,,single
1789282350,353190,0,,single
1789282352,539670,0,,single
1789282353,252830,0,,single
1789282355,2118370,1,,single
1789282356,2060870,0,,single
1789282358,1333920,0,,single
1789282359,634340,1,,single
1789282360,1933740,3,,single
1789282362,2322180,3,,single
1789282363,589320,2,,single
1789282365,409000,3,,single
1789282366,2211390,0,,single
1789282367,1216880,0,,single
1789282369,1749750,7,,single
1789282370,1192010,0,,single
1789282372,1078970,0,,single
1789282373,1506440,0,,single
1789282375,2601030,0,,single
1789282376,2985930,3,,single
1789282377,411760,0,,single
1789282379,1434540,2,,single
1789282380,1828630,1,,single
1789282382,1358800,44,,single
1789282383,2794610,0,,single
1789282384,2216660,5,,single
1789282386,595770,1,,single
1789282387,2106810,3,,single
1789282389,3198540,4,,single
1789282390,2178480,705,,single
1789282392,757330,1,,single
1789282393,1734390,0,,single
1789282395,1801850,0,,single
1789282396,890400,16,,single
1789282398,882410,0,,single
1789282399,2052990,2,,single
1789282401,1021070,0,,single
1789282402,1986880,0,,single
1789282403,1693250,15,,single
1789282405,2281820,1,,single
1789282406,3418930,0,,single
1789282408,575480,6,,single
1789282409,356420,0,,single
1789282411,1509590,0,,single
1789282412,1032700,3,,single
1789282414,410970,43,,single
1789282415,955870,2,,single
1789282416,1536470,5,,single
1789282418,2313130,5,,single
1789282419,1285230,4,,single
1789282421,2246110,4,,single
1789282422,1205260,0,,single
1789282424,831050,0,,single
1789282425,2491640,1,,single
1789282426,1465510,1,,single
1789282428,785480,0,,single
1789282429,1554700,0,,single
1789282430,612370,0,,single
1789282432,31830,3,,single
1789282433,292800,3,,single
1789282435,1502080,2,,single
1789282436,3018910,0,,single
1789282438,1637230,7,,single
1789282439,908740,1,,single
1789282440,1419370,0,,single
1789282442,398450,0,,single
1789282443,874650,0,,single
1789282445,1518430,4,,single
1789282446,2332240,0,,single
1789282448,1780270,0,,single
1789282449,3155430,2,,single
1789282450,247870,0,,single
1789282452,497700,1,,single
1789282453,981020,0,,single
1789282455,222660,0,,single
1789282456,453850,0,,single
1789282457,559910,0,,single
1789282459,1259510,0,,single
1789282460,1696220,1,,single
1789282462,547590,0,,single
1789282463,963280,2,,single
1789282465,1040430,2,,single
1789282466,992490,3,,single
1789282467,375840,2,,single
1789282469,2627780,8,,single
1789282470,300260,0,,single
1789282472,1754960,1,,single
1789282473,1413960,4,,single
1789282475,710030,1,,single
1789282476,1300360,0,,single
1789282477,680480,1,,single
1789282479,1934800,0,,single
1789282480,200960,2,,single
1789282482,580710,1,,single
1789282483,1882040,5,,single
1789282485,2279330,0,,single
1789282486,625860,2,,single
1789282487,332360,1,,single
1789282489,1321270,0,,single
1789282490,325730,1,,single
1789282491,461010,0,,single
1789282493,921700,82,,single
1789282494,1568620,0,,single
1789282496,1581040,3,,single
1789282497,2072840,16,,single
1789282498,2347940,0,,single
1789282500,3311560,1,,single
1789282501,2276830,4,,single
1789282503,2998970,0,,single
1789282504,1579020,0,,single
1789282505,893020,0,,single
1789282507,1641700,96,,single
1789282508,683940,0,,single
1789282510,867180,2,,single
1789282511,2510890,0,,single
1789282512,1303740,0,,single
1789282514,926540,0,,single
1789282515,1288900,0,,single
1789282517,546980,0,,single
1789282518,1516080,0,,single
1789282519,1213670,46,,single
1789282521,370090,0,,single
1789282522,463110,1,,single
1789282524,1198850,3,,single
1789282525,1953860,0,,single
1789282527,661990,68,,single
1789282528,281450,3,,single
1789282530,650940,1,,single
1789282531,2632930,0,,single
1789282532,1043240,6,,single
1789282534,1931940,2,,single
1789282535,752470,32,,single
1789282537,1722020,2,,single
1789282538,2775370,2,,single
1789282539,431500,0,,single
1789282541,10110,4,,single
1789282542,1580800,6,,single
1789282544,1620720,0,,single
1789282545,940580,1,,single
1789282547,1708110,3,,single
1789282548,1151120,1,,single
1789282550,200080,3,,single
1789282551,1055090,0,,single
1789282553,1610520,0,,single
1789282554,528510,2,,single
1789282556,1946140,28,,single
1789282557,760510,0,,single
1789282559,664000,1,,single
1789282560,894630,3,,single
1789282561,313400,0,,single
1789282563,1249060,0,,single
1789282564,1771360,1,,single
1789282566,3410,1,,single
1789282567,1420540,0,,single
1789282569,2355140,1,,single
1789282570,1063040,8,,single
1789282572,563360,1,,single
1789282573,650780,0,,single
1789282575,477200,2,,single
1789282576,290970,2,,single
1789282578,1057800,2,,single
1789282580,1343810,2,,single
1789282582,1195560,2,,single
1789282584,1062340,20,,single
1789282585,1155870,0,,single
1789282587,1045580,0,,single
1789282588,1895810,0,,single
1789282589,940310,0,,single
1789282591,3265880,4,,single
1789282592,696360,2,,single
1789282594,1854980,2,,single
1789282595,2123140,1,,single
1789282597,402390,1,,single
1789282598,2289560,0,,single
1789282600,2850310,10,,single
1789282601,476540,0,,single
1789282602,351140,0,,single
1789282604,338800,8,,single
1789282605,1913420,2,,single
1789282607,428630,0,,single
1789282608,1775550,51,,single
1789282609,2002570,10,,single
1789282611,1285920,0,,single
1789282612,1514360,1,,single
1789282614,513330,0,,single
1789282615,1592540,2,,single
1789282617,852910,1,,single
1789282618,377520,4,,single
1789282619,252270,0,,single
1789282621,432980,0,,single
1789282622,256070,0,,single
1789282624,420100,1,,single
1789282625,294590,2,,single
1789282626,453720,0,,single
1789282628,999830,2,,single
1789282629,65530,4,,single
1789282631,429600,1,,single
1789282632,2473640,2,,single
1789282633,1174720,1,,single
1789282635,567060,0,,single
1789282636,341950,15,,single
1789282638,501760,0,,single
1789282639,1068640,1,,single
1789282640,965590,7,,single
1789282642,775580,0,,single
1789282643,928990,0,,single
1789282645,2789130,0,,single
1789282646,1523650,2,,single
1789282647,2658720,1,,single
1789282649,761350,0,,single
1789282650,1575710,5,,single
1789282652,436230,0,,single
1789282653,371550,0,,single
1789282655,915230,1,,single
1789282656,809730,0,,single
1789282657,1769980,3,,single
1789282659,340320,0,,single
1789282660,2788360,0,,single
1789282662,290060,0,,single
1789282663,1018000,4,,single
1789282664,1377540,0,,single
1789282666,351480,0,,single
1789282667,1212410,0,,single
1789282669,1790370,0,,single
1789282670,1512940,78,,single
1789282672,1842730,2,,single
1789282673,1714250,2,,single
1789282674,946040,6,,single
1789282676,1815230,2,,single
1789282677,332490,0,,single
1789282678,386970,1,,single
1789282680,1078320,0,,single
1789282681,2375780,252,,single
1789282683,1515890,3,,single
1789282684,1191660,2,,single
1789282686,61510,7,,single
1789282687,1324070,0,,single
1789282689,237570,0,,single
1789282690,1507720,1,,single
1789282692,889770,1,,single
1789282693,1203360,1,,single
1789282695,611120,1,,single
1789282696,1348690,3,,single
1789282697,1547380,1,,single
1789282699,1028860,25,,single
1789282700,693580,0,,single
1789282702,340350,0,,single
1789282703,341120,0,,single
1789282705,1503850,1,,single
1789282706,278930,0,,single
1789282707,1932680,0,,single
1789282709,736810,2,,single
1789282710,1647920,2,,single
1789282712,1405440,0,,single
1789282713,804730,1,,single
1789282715,1597720,0,,single
1789282716,2360020,1,,single
1789282717,493650,0,,single
1789282719,1837650,1,,single
1789282720,1737690,33,,single
1789282722,1088770,1,,single
1789282723,2082350,1,,single
1789282725,380140,5,,single
1789282726,343070,0,,single
1789282727,1435010,2,,single
1789282729,235520,0,,single
1789282730,310740,0,,single
1789282732,230150,0,,single
1789282733,3044100,8,,single
1789282735,605990,1,,single
1789282736,1557420,1,,single
1789282737,1406810,4,,single
1789282739,800600,2,,single
1789282740,391580,0,,single
1789282741,1256530,1,,single
1789282743,560370,0,,single
1789282744,7220,3,,single
1789282746,600460,0,,single
1789282747,1168690,1,,single
1789282749,2410890,0,,single
1789282750,679750,1,,single
1789282751,1763740,3,,single
1789282753,1495860,5,,single
1789282754,1100160,12,,single
1789282756,1978150,3,,single
1789282757,3245050,0,,single
1789282758,383740,6,,single
1789282760,1058130,2,,single
1789282761,1682410,0,,single
1789282763,760810,0,,single
1789282764,893390,2,,single
1789282766,1304350,6,,single
1789282767,251810,3,,single
1789282769,312630,0,,single
1789282770,2254710,1,,single
1789282772,2779570,4,,single
1789282773,1459960,0,,single
1789282774,3380,30,,single
1789282776,665270,0,,single
1789282777,574640,1,,single
1789282779,1201550,0,,single
1789282780,342550,1,,single
1789282782,828150,0,,single
1789282783,2140650,15,,single
1789282784,1909810,1,,single
1789282786,617440,0,,single
1789282787,1510580,58,,single
1789282789,2428840,0,,single
1789282790,283060,4,,single
1789282792,1292180,43,,single
1789282793,702110,5,,single
1789282794,2497610,0,,single
1789282796,1478410,1,,single
1789282798,558450,0,,single
1789282799,205830,2,,single
1789282801,705290,1,,single
1789282802,841350,0,,single
1789282804,1682340,0,,single
1789282805,832500,1,,single
1789282807,473520,1,,single
1789282808,771920,0,,single
1789282810,1512710,7,,single
1789282811,527760,0,,single
1789282813,293740,0,,single
1789282814,356880,2,,single
1789282815,1055010,9,,single
1789282817,785850,0,,single
1789282818,287070,9,,single
1789282820,1362560,3,,single
1789282821,2507620,8,,single
1789282823,22500,2,,single
1789282824,1372830,1,,single
1789282826,1964200,1,,single
1789282827,15380,24,,single
1789282829,1459910,0,,single
1789282830,670500,3,,single
1789282831,1492730,54,,single
1789282833,70650,0,,single
1789282834,252710,0,,single
1789282836,294670,16,,single
1789282837,466980,0,,single
1789282839,1651490,2,,single
1789282840,562730,23,,single
1789282842,824830,1,,single
1789282843,782660,28,,single
1789282844,230650,0,,single
1789282846,1015790,1,,single
1789282847,375320,0,,single
1789282849,2508890,2,,single
1789282850,1403310,3,,single
1789282851,1058140,1,,single
1789282853,545410,1,,single
1789282854,1385780,2,,single
1789282856,556860,0,,single
1789282857,750200,0,,single
1789282859,2512090,1,,single
1789282861,2400280,46,,single
1789282862,504400,0,,single
1789282864,344230,0,,single
1789282865,515470,1,,single
1789282867,1348920,0,,single
1789282868,1961300,0,,single
1789282870,786450,2,,single
1789282871,345010,0,,single
1789282873,1247290,3,,single
1789282875,1833040,0,,single
1789282877,2138090,6,,single
1789282878,1309990,1,,single
1789282879,1450250,0,,single
1789282882,914170,1,,single
1789282884,538590,0,,single
1789282885,243020,1,,single
1789282886,1095040,0,,single
1789282888,1418390,0,,single
1789282889,1515200,0,,single
1789282891,388450,1,,single
1789282892,1190130,0,,single
1789282893,1630590,9,,single
1789282895,1516400,6,,single
1789282896,2770160,13,,single
1789282897,1070790,0,,single
1789282899,440520,2,,single
1789282900,432470,1,,single
1789282902,844960,17,,single
1789282903,1115450,1,,single
1789282904,1618290,67,,single
1789282906,742490,2,,single
1789282907,485950,1,,single
1789282909,1594400,0,,single
1789282910,1532710,1,,single
1789282911,1349600,0,,single
1789282913,431750,1,,single
1789282914,427780,0,,single
1789282916,286280,0,,single
1789282917,2715590,0,,single
1789282919,341150,0,,single
1789282920,205690,0,,single
1789282922,2064490,0,,single
1789282923,4870,14,,single
1789282924,936180,17,,single
1789282926,423710,0,,single
1789282927,1449430,0,,single
1789282929,1466230,0,,single
1789282931,1898610,1,,single
1789282932,512890,0,,single
1789282933,292780,4,,single
1789282935,1378040,0,,single
1789282936,2707040,0,,single
1789282938,1870320,0,,single
1789282939,949050,9,,single
1789282940,421060,0,,single
1789282942,489560,5,,single
1789282944,989790,0,,single
1789282946,1627890,3,,single
1789282947,1106940,0,,single
1789282949,2709940,0,,single
1789282950,2432100,2,,single
1789282952,2412490,0,,single
1789282953,1073220,1,,single
1789282955,1717510,0,,single
1789282956,441280,0,,single
1789282957,730840,5,,single
1789282959,2218970,115,,single
1789282960,2010370,0,,single
1789282962,622060,2,,single
1789282963,23500,0,,single
1789282964,1861440,0,,single
1789282966,1054950,1,,single
1789282967,2171560,0,,single
1789282968,412460,2,,single
1789282970,1668080,1,,single
1789282971,1087270,1,,single
1789282972,453820,0,,single
1789282974,742480,0,,single
1789282975,1469170,7,,single
1789282977,267130,0,,single
1789282978,1564540,0,,single
1789282980,2488340,21,,single
1789282981,809310,0,,single
1789282982,603020,0,,single
1789282984,771810,0,,single
1789282985,46400,0,,single
1789282986,411120,0,,single
1789282988,1564110,0,,single
1789282989,1422430,0,,single
1789282991,1026400,0,,single
1789282992,1742610,3,,single
1789282994,2784620,1,,single
1789282995,1248800,0,,single
1789282996,428340,1,,single
1789282998,909190,0,,single
1789282999,935070,1,,single
1789283001,346420,0,,single
1789283002,1585700,0,,single
1789283003,430020,0,,single
1789283005,710710,0,,single
1789283006,579490,1,,single
1789283008,1410830,0,,single
1789283009,1469620,3,,single
1789283010,750170,3,,single
1789283012,1520760,2,,single
1789283013,2260530,2,,single
1789283014,2744880,348,,single
1789283016,488910,2,,single
1789283017,1111080,8,,single
1789283018,1122100,0,,single
1789283020,1120370,0,,single
1789283021,2968430,1,,single
1789283023,535760,0,,single
1789283024,1240290,0,,single
1789283025,363090,249,,single
1789283027,1152310,14,,single
1789283028,283920,9,,single
1789283029,452860,1,,single
1789283031,1223910,5,,single
1789283032,544310,0,,single
1789283034,1259380,0,,single
1789283035,1876730,1,,single
1789283037,1835840,0,,single
1789283038,492840,0,,single
1789283040,304170,0,,single
1789283041,238890,1,,single
1789283043,264520,1,,single
1789283044,434510,0,,single
1789283045,350700,1,,single
1789283047,2259210,2,,single
1789283048,796860,0,,single
1789283050,2754170,1,,single
1789283051,467390,12,,single
1789283053,1179560,0,,single
1789283054,1477770,1,,single
1789283055,415830,0,,single
1789283057,608120,0,,single
1789283058,326120,0,,single
1789283060,1793030,82,,single
1789283061,504000,0,,single
1789283063,2111090,0,,single
1789283064,573770,0,,single
1789283066,1322290,0,,single
1789283067,1789650,0,,single
1789283069,2276420,0,,single
1789283070,233210,0,,single
1789283071,575700,0,,single
1789283073,1314820,56,,single
1789283074,1066180,0,,single
1789283076,1787790,0,,single
1789283077,577460,2,,single
1789283078,1580150,2,,single
1789283080,2701350,0,,single
1789283081,2449430,2,,single
1789283083,915490,0,,single
1789283084,622890,0,,single
1789283085,461880,2,,single
1789283087,1334840,2,,single
1789283088,584100,0,,single
1789283089,1696720,0,,single
1789283091,377260,0,,single
1789283092,701870,2,,single
1789283094,3064670,1,,single
1789283095,2435180,0,,single
1789283096,742460,0,,single
1789283098,3134550,2,,single
1789283099,1404660,1,,single
1789283101,612520,17,,single
1789283102,1262060,1,,single
1789283103,541930,0,,single
1789283105,599560,2,,single
1789283106,1338250,0,,single
1789283107,2149420,0,,single
1789283109,369030,1,,single
1789283110,449250,1,,single
1789283112,408640,0,,single
1789283113,1400870,1,,single
1789283115,375010,1,,single
1789283116,481180,0,,single
1789283117,496190,0,,single
1789283119,907210,0,,single
1789283120,1535100,0,,single
1789283121,912450,11,,single
1789283123,1856480,4,,single
1789283124,2928700,0,,single
1789283126,3122990,0,,single
1789283127,910450,0,,single
1789283128,1188080,3,,single
1789283130,382420,0,,single
1789283131,741990,0,,single
1789283133,322970,0,,single
1789283134,568720,2,,single
1789283135,458830,1,,single
1789283137,274480,0,,single
1789283138,2146570,1,,single
1789283140,1694750,3,,single
1789283141,2453610,0,,single
1789283142,959860,0,,single
1789283144,42210,1,,single
1789283145,989550,0,,single
1789283147,373750,1,,single
1789283148,2125420,3,,single
1789283149,1188970,0,,single
1789283151,2189640,0,,single
1789283152,2191480,33,,single
1789283154,277500,1,,single
1789283155,347000,0,,single
1789283156,584370,0,,single
1789283158,974950,0,,single
1789283159,1150730,0,,single
1789283160,1491640,0,,single
1789283162,1361860,0,,single
1789283163,1431240,1,,single
1789283165,338530,0,,single
1789283166,716260,0,,single
1789283167,383330,1,,single
1789283169,6400,2,,single
1789283171,1325040,8,,single
1789283172,3081830,0,,single
1789283173,1991300,0,,single
1789283175,403410,8,,single
1789283176,508180,0,,single
1789283178,946010,5,,single
1789283179,384080,1,,single
1789283180,557410,0,,single
1789283183,344300,0,,single
1789283184,724490,0,,single
1789283185,568750,0,,single
1789283187,1458560,0,,single
1789283189,2183910,1,,single
1789283190,303720,0,,single
1789283191,458590,0,,single
1789283193,622680,0,,single
1789283194,1399750,0,,single
1789283195,1925970,0,,single
1789283197,515570,10,,single
1789283198,2310160,1,,single
1789283200,2626970,0,,single
1789283201,3162110,0,,single
1789283202,337850,5,,single
1789283204,691830,2,,single
1789283205,1770050,6,,single
1789283207,2285820,11,,single
1789283208,1883580,3,,single
1789283210,404820,2,,single
1789283211,1363360,0,,single
1789283213,966530,0,,single
1789283214,15240,5,,single
1789283216,214570,0,,single
1789283217,1813130,1,,single
1789283219,1502230,0,,single
1789283220,286540,1,,single
1789283222,939790,2,,single
1789283223,1546090,1,,single
1789283224,273620,0,,single
1789283226,1586290,0,,single
1789283227,1350350,0,,single
1789283229,1426110,1,,single
1789283230,2564860,0,,single
1789283231,399230,23,,single
1789283233,1431780,0,,single
1789283234,346500,0,,single
1789283236,287900,2,,single
1789283237,645320,0,,single
1789283238,739980,0,,single
1789283240,1079510,1,,single
1789283241,661000,0,,single
1789283242,1847510,2,,single
1789283244,1121780,5,,single
1789283245,1793170,0,,single
1789283247,822990,0,,single
1789283248,302130,1,,single
1789283250,598490,1,,single
1789283251,1934040,1,,single
1789283252,619400,0,,single
1789283254,1074190,2,,single
1789283255,2220870,4,,single
1789283256,1372000,0,,single
1789283258,612620,0,,single
1789283259,764230,2,,single
1789283261,1717270,2,,single
1789283262,2304640,7,,single
1789283263,299070,4,,single
1789283265,283600,1,,single
1789283266,1481440,2,,single
1789283267,294830,1,,single
1789283269,2655580,0,,single
1789283270,1729940,1,,single
1789283271,18120,0,,single
1789283273,1508750,6,,single
1789283274,1180130,6,,single
1789283276,1600500,1,,single
1789283277,1336120,0,,single
1789283278,1487680,1,,single
1789283280,821670,11,,single
1789283281,276870,0,,single
1789283282,555400,0,,single
1789283284,259890,0,,single
1789283285,657000,0,,single
1789283287,2084930,1,,single
1789283288,2490790,0,,single
1789283289,1040460,0,,single
1789283291,3600,5,,single
1789283292,496260,0,,single
1789283294,655480,0,,single
1789283295,376920,1,,single
1789283297,681330,4,,single
1789283298,1608470,0,,single
1789283300,1322170,0,,single
1789283301,1253880,2,,single
1789283302,335700,0,,single
1789283304,703880,1,,single
1789283305,1122690,0,,single
1789283307,32770,2,,single
1789283308,968550,1,,single
1789283309,2387110,4,,single
1789283311,761700,5,,single
1789283312,687590,0,,single
1789283313,606960,0,,single
1789283315,1829470,0,,single
1789283316,251210,0,,single
1789283318,1862840,1,,single
1789283319,606480,1,,single
1789283321,270490,0,,single
1789283322,485900,0,,single
1789283323,699740,0,,single
1789283325,1050370,1,,single
1789283326,373240,0,,single
1789283328,811270,0,,single
1789283329,287220,0,,single
1789283330,244410,4,,single
1789283332,741590,2,,single
1789283333,98500,14,,single
1789283334,1725340,1,,single
1789283336,1369770,1,,single
1789283337,1297790,1,,single
1789283339,2068980,0,,single
1789283340,1721530,3,,single
1789283341,447170,0,,single
1789283343,2109640,3,,single
1789283344,1492310,0,,single
1789283346,1449500,2,,single
1789283347,443970,0,,single
1789283348,1084480,0,,single
1789283350,1318790,0,,single
1789283351,415960,159,,single
1789283353,358460,3,,single
1789283354,1109360,1,,single
1789283355,350770,0,,single
1789283357,317320,1,,single
1789283358,1279260,1,,single
1789283360,1583500,0,,single
1789283361,254840,3,,single
1789283362,1972410,1,,single
1789283364,1301220,0,,single
1789283365,285090,1,,single
1789283367,331980,0,,single
1789283368,38230,2,,single
1789283370,490910,3,,single
1789283371,577410,1,,single
1789283372,262190,0,,single
1789283374,966670,1,,single
1789283375,362400,0,,single
1789283377,1368850,6,,single
1789283378,741430,0,,single
1789283379,828580,0,,single
1789283380,2054740,4,,single
1789283382,733740,0,,single
1789283384,590910,0,,single
1789283385,831570,0,,single
1789283386,8890,2,,single
1789283388,2503220,2,,single
1789283389,2168450,0,,single
1789283390,562430,7,,single
1789283392,951530,2,,single
1789283393,1537910,22,,single
1789283395,474030,0,,single
1789283396,704510,1,,single
1789283398,1376910,0,,single
1789283399,214150,7,,single
1789283400,2156620,3,,single
1789283402,2560460,1,,single
1789283403,386080,0,,single
1789283405,278640,0,,single
1789283406,1031900,0,,single
1789283407,490930,1,,single
1789283409,1706210,0,,single
1789283410,1237730,1,,single
1789283412,444280,1,,single
1789283413,1489680,0,,single
1789283414,533480,0,,single
1789283416,423550,3,,single
1789283417,229600,0,,single
1789283418,1090800,0,,single
1789283420,2249830,1,,single
1789283421,635310,1,,single
1789283422,867960,0,,single
1789283424,1091010,17,,single
1789283425,1114420,60,,single
1789283426,341540,1,,single
1789283428,1098100,0,,single
1789283429,1413990,3,,single
1789283431,447190,1,,single
1789283432,897930,0,,single
1789283434,1161880,1,,single
1789283435,339210,0,,single
1789283436,1027250,1,,single
1789283438,286770,0,,single
1789283439,772290,0,,single
1789283440,349760,0,,single
1789283442,420210,0,,single
1789283443,448400,7,,single
1789283445,677020,0,,single
1789283446,408110,0,,single
1789283447,377360,0,,single
1789283449,551370,2,,single
1789283450,263460,1,,single
1789283452,1183500,1,,single
1789283453,1830910,1,,single
1789283455,304690,11,,single
1789283456,2307220,3,,single
1789283457,2553960,0,,single
1789283459,586310,2,,single
1789283460,1253610,59,,single
1789283462,2021210,12,,single
1789283463,547900,20,,single
1789283465,1523720,0,,single
1789283466,1899810,0,,single
1789283468,1803600,5,,single
1789283469,277520,0,,single
1789283470,1561890,0,,single
1789283472,291190,1,,single
1789283473,397390,1,,single
1789283476,1420810,3,,single
1789283477,458660,0,,single
1789283478,803080,0,,single
1789283481,340280,0,,single
1789283482,287840,0,,single
1789283483,1693260,5,,single
1789283485,837460,0,,single
1789283486,356890,0,,single
1789283487,539450,1,,single
1789283489,424200,1,,single
1789283490,869840,3,,single
1789283492,950050,0,,single
1789283493,1124080,0,,single
1789283494,528730,0,,single
1789283496,1265230,0,,single
1789283497,2055410,2,,single
1789283499,564010,1,,single
1789283500,1885690,8,,single
1789283502,386690,0,,single
1789283503,495350,0,,single
1789283505,288220,2,,single
1789283506,857060,1,,single
1789283508,359190,0,,single
1789283509,2254910,0,,single
1789283511,873890,0,,single
1789283512,1876460,6,,single
1789283514,323780,0,,single
1789283515,691390,1,,single
1789283516,684270,0,,single
1789283518,652810,12,,single
1789283519,1491490,3,,single
1789283521,796290,2,,single
1789283523,1015940,0,,single
1789283524,1714580,6,,single
1789283525,289820,0,,single
1789283527,561740,0,,single
1789283528,355020,0,,single
1789283530,1750710,1,,single
1789283531,2300300,0,,single
1789283533,1458900,2,,single
1789283534,1293650,0,,single
1789283536,1033410,3,,single
1789283537,1610,17,,single
1789283539,816430,1,,single
1789283540,684720,0,,single
1789283541,396360,0,,single
1789283543,322750,0,,single
1789283544,1328900,0,,single
1789283545,1524550,3,,single
1789283547,1933990,14,,single
1789283548,675940,0,,single
1789283549,2334780,0,,single
1789283551,886820,7,,single
1789283552,396280,1,,single
1789283554,1770400,1,,single
1789283555,1871510,0,,single
1789283556,1152810,0,,single
1789283558,536780,1,,single
1789283559,415920,0,,single
1789283560,311860,0,,single
1789283562,1674640,0,,single
1789283563,1236780,13,,single
1789283564,1859370,16,,single
1789283566,299110,0,,single
1789283567,415840,0,,single
1789283568,1114870,0,,single
1789283570,626660,0,,single
1789283571,400580,0,,single
1789283573,1986230,0,,single
1789283574,345540,0,,single
1789283575,1522930,0,,single
1789283577,916160,1,,single
1789283578,2103640,0,,single
1789283580,1426280,0,,single
1789283581,461170,0,,single
1789283583,512020,0,,single
1789283584,9850,3,,single
1789283585,1469690,1,,single
1789283587,1960110,11,,single
1789283588,1013220,1,,single
1789283590,833140,6,,single
1789283591,710780,1,,single
1789283592,491650,0,,single
1789283594,11550,0,,single
1789283595,787110,0,,single
1789283596,1333410,0,,single
1789283598,1055850,0,,single
1789283599,1519790,0,,single
1789283601,2304030,32,,single
1789283602,628800,1,,single
1789283603,300630,1,,single
1789283605,872680,0,,single
1789283606,1373930,0,,single
1789283608,1508740,2,,single
1789283609,1023690,3,,single
1789283610,628900,4,,single
1789283612,678970,0,,single
1789283613,783590,0,,single
1789283615,411320,4,,single
1789283616,1147130,0,,single
1789283617,749840,2,,single
1789283619,953840,0,,single
1789283620,569290,4,,single
1789283622,2581570,0,,single
1789283623,1165860,2,,single
1789283625,497580,0,,single
1789283626,751060,1,,single
1789283627,364210,2,,single
1789283629,1065940,1,,single
1789283630,333430,0,,single
1789283631,369830,2,,single
1789283633,1469160,11,,single
1789283634,938810,0,,single
1789283636,2320910,0,,single
1789283637,496450,12,,single
1789283638,1931240,1,,single
1789283640,589670,0,,single
1789283641,1781350,2,,single
1789283643,358830,0,,single
1789283644,245410,3,,single
1789283645,277700,0,,single
1789283647,1666250,1,,single
1789283648,672860,4,,single
1789283650,1343520,1,,single
1789283651,1546100,0,,single
1789283652,1432500,0,,single
1789283654,378770,0,,single
1789283655,1249110,0,,single
1789283656,1837580,0,,single
1789283658,2022290,4,,single
1789283659,809250,0,,single
1789283661,346140,4,,single
1789283662,97130,13,,single
1789283663,46750,1,,single
1789283665,266030,0,,single
1789283666,46570,0,,single
1789283667,953900,0,,single
1789283669,1669360,0,,single
1789283670,31850,1,,single
1789283671,867140,0,,single
1789283673,872240,0,,single
1789283674,1225070,0,,single
1789283676,298950,0,,single
1789283677,500190,7,,single
1789283678,1427210,0,,single
1789283680,346460,0,,single
1789283681,2251620,1,,single
1789283682,615400,0,,single
1789283684,517360,0,,single
1789283685,349140,0,,single
1789283687,361380,0,,single
1789283688,925940,4,,single
1789283690,429530,1,,single
1789283691,1387500,1,,single
1789283692,1471530,0,,single
1789283694,202670,3,,single
1789283695,1316800,0,,single
1789283696,514090,1,,single
1789283698,1005910,0,,single
1789283699,2109430,0,,single
1789283701,788420,2,,single
1789283702,1378070,0,,single
1789283703,544180,2,,single
1789283705,791150,0,,single
1789283706,1378890,2,,single
1789283707,1304090,0,,single
1789283709,1141120,0,,single
1789283710,2099790,1,,single
1789283711,428190,0,,single
1789283713,1206290,0,,single
1789283714,613450,0,,single
1789283716,539330,0,,single
1789283717,1156590,2,,single
1789283718,1719660,0,,single
1789283720,1988940,1,,single
1789283721,337940,0,,single
1789283723,39660,1,,single
1789283724,1009450,0,,single
1789283725,1849890,0,,single
1789283727,1728660,3,,single
1789283728,494600,1,,single
1789283729,25910,14,,single
1789283731,1311540,0,,single
1789283732,1970020,0,,single
1789283734,1259000,2,,single
1789283735,1057780,0,,single
1789283737,2444470,0,,single
1789283738,2184230,0,,single
1789283739,2150660,5,,single
1789283741,1280370,0,,single
1789283742,294650,8,,single
1789283744,567800,3,,single
1789283745,392260,1,,single
1789283746,1872790,0,,single
1789283748,356530,0,,single
1789283749,17140,2,,single
1789283751,1603940,1,,single
1789283752,1119570,0,,single
1789283754,1469910,2,,single
1789283755,351250,0,,single
1789283756,1748750,2,,single
1789283758,1840610,1,,single
1789283759,840930,0,,single
1789283761,2063420,3,,single
1789283762,395900,6,,single
1789283764,406080,0,,single
1789283765,889700,1,,single
1789283767,296730,0,,single
1789283768,600420,4,,single
1789283769,43100,1,,single
1789283771,1005240,6,,single
1789283772,1184570,0,,single
1789283773,104000,0,,single
1789283775,271970,3,,single
1789283777,1647420,1,,single
1789283778,760460,1,,single
1789283779,276340,0,,single
1789283783,1890520,1,,single
1789283784,958530,6,,single
1789283785,507520,0,,single
1789283787,1597400,4,,single
1789283788,1090670,0,,single
1789283789,1687960,0,,single
1789283791,1845670,0,,single
1789283792,903040,12,,single
1789283794,705810,3,,single
1789283795,788630,0,,single
1789283797,350530,0,,single
1789283798,1272070,0,,single
1789283799,933540,17,,single
1789283801,1218890,0,,single
1789283802,976500,0,,single
1789283803,699780,1,,single
1789283805,587810,2,,single
1789283806,640340,3,,single
1789283808,449940,0,,single
1789283809,1441790,2,,single
1789283810,2130060,0,,single
1789283812,1060300,0,,single
1789283813,1767310,0,,single
1789283815,1872550,0,,single
1789283816,511140,1,,single
1789283817,365890,1,,single
1789283819,471920,0,,single
1789283820,1424600,0,,single
1789283821,2153780,2,,single
1789283823,2125160,0,,single
1789283824,1399090,1,,single
1789283826,514620,0,,single
1789283827,946650,0,,single
1789283828,1355780,0,,single
1789283830,377880,2,,single
1789283831,798280,0,,single
1789283833,217290,2,,single
1789283834,738920,0,,single
1789283835,391280,0,,single
1789283837,1020640,1,,single
1789283838,1431850,3,,single
1789283840,445020,0,,single
1789283841,574070,0,,single
1789283843,937940,3,,single
1789283844,809210,0,,single
1789283845,1044340,0,,single
1789283847,292420,0,,single
1789283848,2107860,2,,single
1789283850,1571160,1,,single
1789283851,278530,0,,single
1789283852,476020,0,,single
1789283854,427550,0,,single
1789283855,264060,0,,single
1789283856,783940,2,,single
1789283858,603810,0,,single
1789283859,326990,10,,single
1789283861,40420,0,,single
1789283862,577990,1,,single
1789283863,965600,1,,single
1789283865,1748660,0,,single
1789283866,377450,1,,single
1789283868,920520,0,,single
1789283869,1431350,2,,single
1789283870,2124470,5,,single
1789283872,794270,0,,single
1789283873,595460,0,,single
1789283875,1431040,0,,single
1789283876,1228500,1,,single
1789283877,1033170,0,,single
1789283879,552460,0,,single
1789283880,251450,0,,single
1789283882,491260,0,,single
1789283883,1811600,3,,single
1789283884,1807930,0,,single
1789283886,12480,1,,single
1789283887,1066110,50,,single
1789283889,444970,5,,single
1789283890,1731870,0,,single
1789283891,1621680,8,,single
1789283893,1400290,1,,single
1789283894,690120,0,,single
1789283896,1179060,0,,single
1789283897,264560,0,,single
1789283898,1835870,0,,single
1789283900,1227400,0,,single
1789283901,349520,0,,single
1789283903,1010670,0,,single
1789283904,1269820,5,,single
1789283905,2093000,3,,single
1789283907,648780,1,,single
1789283908,1551030,0,,single
1789283910,1640320,1,,single
1789283911,1066860,4,,single
1789283912,1352740,0,,single
1789283914,1273220,2,,single
1789283915,613670,2,,single
1789283916,12390,1,,single
1789283918,1882240,10,,single
1789283919,1786010,5,,single
1789283920,2250550,6,,single
1789283922,1063790,1,,single
1789283923,396850,0,,single
1789283925,1638950,0,,single
1789283926,1281860,0,,single
1789283927,597970,0,,single
1789283929,1155980,9,,single
1789283930,327930,4,,single
1789283931,1399670,0,,single
1789283933,1137970,1,,single
1789283934,273730,0,,single
1789283935,461850,0,,single
1789283937,277630,3,,single
1789283938,1178230,0,,single
1789283939,306640,4,,single
1789283941,514460,2,,single
1789283942,600630,0,,single
1789283944,626600,0,,single
1789283945,545580,0,,single
1789283946,320610,1,,single
1789283948,934850,0,,single
1789283949,11260,1,,single
1789283950,659500,0,,single
1789283952,423900,0,,single
1789283953,395560,0,,single
1789283955,555290,0,,single
1789283956,448630,0,,single
1789283957,1358530,0,,single
1789283959,1732650,0,,single
1789283960,1480810,3,,single
1789283962,1319550,0,,single
1789283963,344500,0,,single
1789283965,422630,0,,single
1789283966,389650,0,,single
1789283969,1968650,14,,single
1789283970,1531250,0,,single
1789283971,1014140,0,,single
1789283973,1152320,16,,single
1789283974,740810,0,,single
1789283976,472420,0,,single
1789283977,1755300,71,,single
1789283979,420970,0,,single
1789283980,1437860,69,,single
1789283981,542780,0,,single
1789283983,332400,0,,single
1789283984,1228570,0,,single
1789283986,2007930,1,,single
1789283987,2297010,8,,single
1789283988,1174860,9,,single
1789283990,827050,4,,single
1789283991,433670,1,,single
1789283993,1785300,0,,single
1789283994,410390,0,,single
1789283995,357670,0,,single
1789283997,1715980,3,,single
1789283998,787510,10,,single
1789283999,2000090,1,,single
1789284001,1307870,0,,single
1789284002,313870,1,,single
1789284004,204440,0,,single
1789284005,576480,1,,single
1789284007,454530,7,,single
1789284008,35300,2,,single
1789284009,1836030,3,,single
1789284011,1709350,0,,single
1789284013,366290,1,,single
1789284014,1160360,0,,single
1789284015,414120,0,,single
1789284017,2620500,0,,single
1789284018,1046660,0,,single
1789284020,681110,0,,single
1789284021,657040,0,,single
1789284022,2562240,0,,single
1789284024,574260,3,,single
1789284025,1379600,0,,single
1789284026,2398940,0,,single
1789284028,454690,0,,single
1789284029,756500,3,,single
1789284031,777470,5,,single
1789284032,1801640,0,,single
1789284033,635880,1,,single
1789284035,857080,0,,single
1789284036,1878070,0,,single
1789284037,1388580,0,,single
1789284039,1451870,0,,single
1789284040,356910,0,,single
1789284042,1597290,0,,single
1789284043,870690,2,,single
1789284045,533970,0,,single
1789284046,720660,0,,single
1789284047,252730,0,,single
1789284049,992330,0,,single
1789284050,348440,0,,single
1789284052,2644010,4,,single
1789284053,1298080,0,,single
1789284055,2227450,0,,single
1789284056,513620,1,,single
1789284058,539460,4,,single
1789284059,347590,0,,single
1789284060,1114950,0,,single
1789284062,1302780,1,,single
1789284063,3430,2,,single
1789284065,437390,0,,single
1789284066,255960,2,,single
1789284067,337290,0,,single
1789284069,1378800,0,,single
1789284070,450140,14,,single
1789284072,447200,0,,single
1789284073,834880,0,,single
1789284075,2293420,0,,single
1789284076,451130,6,,single
1789284077,816270,0,,single
1789284079,1436920,0,,single
1789284081,384690,0,,single
1789284083,1346720,0,,single
1789284085,950300,0,,single
1789284086,262240,1,,single
1789284088,1803410,0,,single
1789284089,260330,0,,single
1789284091,817020,0,,single
1789284092,1015710,0,,single
1789284093,1185600,1,,single
1789284095,1038810,3,,single
1789284096,2265310,0,,single
1789284097,1086860,0,,single
1789284099,541310,1,,single
1789284100,1012460,31,,single
1789284102,358360,1,,single
1789284103,2093900,1,,single
1789284104,1532460,0,,single
1789284106,2268560,0,,single
1789284107,509600,3,,single
1789284109,462620,0,,single
1789284110,781820,0,,single
1789284112,273750,0,,single
1789284113,938270,0,,single
1789284114,1539620,2,,single
1789284116,23300,0,,single
1789284117,330100,0,,single
1789284118,2527660,0,,single
1789284120,587180,0,,single
1789284121,364510,2,,single
1789284123,291690,0,,single
1789284124,528720,0,,single
1789284125,313390,0,,single
1789284127,527160,0,,single
1789284128,275810,8,,single
1789284130,2310300,0,,single
1789284131,1509230,0,,single
1789284132,610860,0,,single
1789284134,1034850,0,,single
1789284135,1325800,0,,single
1789284136,751590,0,,single
1789284138,748610,9,,single
1789284139,489930,1,,single
1789284141,65500,0,,single
1789284142,302470,0,,single
1789284143,281060,0,,single
1789284145,40340,2,,single
1789284146,846730,0,,single
1789284148,1793260,4,,single
1789284149,2135500,0,,single
1789284150,543980,3,,single
1789284152,781180,1,,single
1789284153,455690,0,,single
1789284155,1139870,0,,single
1789284156,202690,3,,single
1789284158,504310,1,,single
1789284159,412290,0,,single
1789284160,1005950,2,,single
1789284162,2360030,2,,single
1789284163,811070,1,,single
1789284165,486480,4,,single
1789284166,334850,0,,single
1789284167,567680,1,,single
1789284169,570490,3,,single
1789284170,2229350,0,,single
1789284172,760630,1,,single
1789284173,465840,1,,single
1789284174,1630650,1,,single
1789284176,1309200,1,,single
1789284177,930640,0,,single
1789284178,591790,4,,single
1789284180,1345760,0,,single
1789284181,598530,4,,single
1789284183,750990,0,,single
1789284184,1623700,0,,single
1789284185,1519060,6,,single
1789284187,1192940,2,,single
1789284188,390220,0,,single
1789284190,338840,0,,single
1789284191,277390,0,,single
1789284192,2009380,0,,single
1789284194,1662080,0,,single
1789284195,1941110,2,,single
1789284197,1180540,0,,single
1789284198,338980,1,,single
1789284199,1418360,1,,single
1789284201,2176850,0,,single
1789284202,693700,0,,single
1789284204,794960,1,,single
1789284205,1173830,1,,single
1789284206,364820,0,,single
1789284208,1535780,0,,single
1789284210,1041710,51,,single
1789284211,1351450,0,,single
1789284212,590720,0,,single
1789284214,320630,0,,single
1789284215,585190,0,,single
1789284217,867050,2,,single
1789284218,2900,0,,single
1789284219,1680340,1,,single
1789284221,2120310,3,,single
1789284222,443880,0,,single
1789284223,1701560,0,,single
1789284225,820910,0,,single
1789284226,1110890,0,,single
1789284228,1094730,2,,single
1789284229,449170,0,,single
1789284231,1302860,2,,single
1789284232,1612480,0,,single
1789284234,302490,1,,single
1789284235,1405810,1,,single
1789284236,1287800,0,,single
1789284238,1779460,0,,single
1789284239,381260,0,,single
1789284240,761170,3,,single
1789284242,2490910,35,,single
1789284243,572700,6,,single
1789284245,283820,1,,single
1789284246,1442170,0,,single
1789284248,525240,0,,single
1789284249,548330,2,,single
1789284251,277270,3,,single
1789284252,1084790,4,,single
1789284253,1745980,0,,single
1789284255,1048920,1,,single
1789284256,1966130,14,,single
1789284257,1157640,0,,single
1789284259,555630,0,,single
1789284260,1637140,0,,single
1789284262,704020,1,,single
1789284263,292240,2,,single
1789284265,1365010,0,,single
1789284266,1694430,32,,single
1789284267,2349830,0,,single
1789284269,4800590,1265,,single
1789284270,4877110,14,,single
1789284272,4887360,6,,single
1789284273,4834070,41,,single
1789284275,4855760,1,,single
1789284276,4779560,79,,single
1789284277,4775410,0,,single
1789284279,4824420,106,,single
1789284280,4719730,1,,single
1789284281,4746070,302,,single
1789284283,18020,0,,single
1789284284,25930,0,,single
1789284286,31890,1,,single
1789284287,31920,2,,single
1789284289,35800,2,,single
1789284290,38130,13,,single
1789284292,63960,0,,single
1789284293,200490,0,,single
1789284294,229890,1,,single
1789284296,241300,0,,single
1789284297,245010,0,,single
1789284298,274880,0,,single
1789284300,291960,2,,single
1789284301,300320,1,,single
1789284303,319230,0,,single
1789284304,341170,0,,single
1789284306,343390,0,,single
1789284307,352620,1,,single
1789284308,370300,0,,single
1789284310,388980,2,,single
1789284311,406160,2,,single
1789284313,412480,1,,single
1789284314,430080,5,,single
1789284315,437720,0,,single
1789284317,448560,1,,single
1789284318,465000,3,,single
1789284320,467090,3,,single
1789284321,494360,0,,single
1789284323,513930,11,,single
1789284324,529890,1,,single
1789284325,546900,2,,single
1789284327,552780,2,,single
1789284328,554290,0,,single
1789284330,558780,0,,single
1789284331,560000,0,,single
1789284332,563190,1,,single
1789284334,567160,1,,single
1789284335,572740,6,,single
1789284337,575680,2,,single
1789284338,576960,0,,single
1789284340,581200,1,,single
1789284341,593900,0,,single
1789284342,601590,2,,single
1789284344,608760,0,,single
1789284345,617610,7,,single
1789284346,631770,0,,single
1789284348,635850,14,,single
1789284349,651340,1,,single
1789284351,655080,0,,single
1789284352,664320,0,,single
1789284354,679520,0,,single
1789284355,701470,30,,single
1789284356,717950,1,,single
1789284358,724470,1,,single
1789284359,729720,8,,single
1789284361,740090,0,,single
1789284362,749890,1,,single
1789284364,765940,1,,single
1789284365,778400,3,,single
1789284367,813530,2,,single
1789284368,834390,0,,single
1789284369,844500,1,,single
1789284371,891170,0,,single
1789284372,897630,57,,single
1789284374,928840,31,,single
1789284376,946780,0,,single
1789284377,951930,1,,single
1789284378,961010,4,,single
1789284381,976900,0,,single
1789284383,990090,1,,single
1789284384,1016250,0,,single
1789284386,1023740,1,,single
1789284387,1031270,1,,single
1789284388,1040630,2,,single
1789284390,1066760,2,,single
1789284391,1075080,0,,single
1789284393,1094660,0,,single
1789284394,1101270,0,,single
1789284396,1107620,0,,single
1789284397,1121530,3,,single
1789284399,1124160,1,,single
1789284400,1133500,1,,single
1789284401,1144300,1,,single
1789284403,1151130,1,,single
1789284404,1163040,1,,single
1789284406,1173350,0,,single
1789284407,1175190,2,,single
1789284409,1191070,1,,single
1789284410,1203670,0,,single
1789284411,1212100,0,,single
1789284413,1216870,1,,single
1789284414,1228360,0,,single
1789284416,1229390,0,,single
1789284417,1234730,26,,single
1789284418,1247190,1,,single
1789284420,1261760,0,,single
1789284421,1263620,1,,single
1789284423,1269500,12,,single
1789284424,1274200,0,,single
1789284426,1291660,0,,single
1789284427,1299290,3,,single
1789284428,1306180,7,,single
1789284430,1311570,6,,single
1789284431,1316760,0,,single
1789284433,1324030,0,,single
1789284434,1332990,0,,single
1789284436,1347630,0,,single
1789284437,1365760,4,,single
1789284439,1367690,1,,single
1789284440,1378360,0,,single
1789284441,1379550,0,,single
1789284443,1383570,2,,single
1789284444,1387350,5,,single
1789284446,1397110,0,,single
1789284447,1403740,6,,single
1789284448,1414650,0,,single
1789284450,1424050,0,,single
1789284451,1425250,0,,single
1789284453,1437850,18,,single
1789284454,1443620,0,,single
1789284456,1449780,0,,single
1789284457,1453900,0,,single
1789284458,1460490,6,,single
1789284460,1464380,0,,single
1789284461,1469220,1,,single
1789284463,1478850,2,,single
1789284464,1486440,0,,single
1789284466,1515490,0,,single
1789284467,1530450,2,,single
1789284468,1542790,0,,single
1789284470,1558000,2,,single
1789284471,1561960,1,,single
1789284473,1570510,20,,single
1789284474,1578160,0,,single
1789284476,1588090,1,,single
1789284477,1595000,0,,single
1789284478,1599780,0,,single
1789284480,1620040,2,,single
1789284481,1625230,0,,single
1789284483,1631850,163,,single
1789284484,1642580,18,,single
1789284486,1646790,0,,single
1789284487,1660290,0,,single
1789284489,1667360,0,,single
1789284490,1676870,0,,single
1789284491,1681880,1,,single
1789284493,1685460,69,,single
1789284494,1689190,3,,single
1789284495,1702830,5,,single
1789284497,1725950,13,,single
1789284498,1729140,0,,single
1789284500,1739000,3,,single
1789284501,1743080,0,,single
1789284503,1747890,0,,single
1789284504,1764700,0,,single
1789284505,1780070,8,,single
1789284507,1795180,0,,single
1789284508,1802850,0,,single
1789284510,1812410,4,,single
1789284511,1818940,6,,single
1789284512,1827650,9,,single
1789284514,1842690,15,,single
1789284515,1851610,3,,single
1789284517,1856900,1,,single
1789284518,1865010,2,,single
1789284519,1870150,11,,single
1789284521,1880610,7,,single
1789284522,1882580,0,,single
1789284524,1892790,1,,single
1789284525,1905530,3,,single
1789284527,1913740,10,,single
1789284528,1918530,9,,single
1789284529,1919600,3,,single
1789284531,1921760,3,,single
1789284532,1933980,10,,single
1789284534,1935470,0,,single
1789284535,1945590,0,,single
1789284537,1955340,0,,single
1789284538,1960830,5,,single
1789284539,1967220,15,,single
1789284541,1972550,0,,single
1789284542,1983690,14,,single
1789284544,1987480,78,,single
1789284545,1991980,0,,single
1789284546,2006730,0,,single
1789284548,2012140,0,,single
1789284549,2024390,0,,single
1789284550,2058340,1,,single
1789284552,2063480,0,,single
1789284553,2067350,0,,single
1789284555,2076260,4,,single
1789284556,2088360,2,,single
1789284559,2089450,35,,single
1789284560,2093610,4,,single
1789284561,2101350,5,,single
1789284563,2107030,6,,single
1789284564,2113770,0,,single
1789284566,2120070,2,,single
1789284567,2129160,0,,single
1789284568,2143980,1,,single
1789284570,2154240,1,,single
1789284571,2157710,2,,single
1789284573,2168150,1,,single
1789284574,2169140,1,,single
1789284576,2172900,9,,single
1789284577,2183070,3,,single
1789284578,2185870,37,,single
1789284580,2192900,40,,single
1789284581,2202220,2,,single
1789284583,2213500,0,,single
1789284584,2215410,2,,single
1789284585,2216960,0,,single
1789284587,2223740,3,,single
1789284588,2225480,1,,single
1789284589,2228030,3,,single
1789284591,2235500,0,,single
1789284592,2239130,1,,single
1789284594,2248890,0,,single
1789284595,2251580,0,,single
1789284596,2275940,5,,single
1789284598,2278790,2,,single
1789284599,2298690,3,,single
1789284601,2300340,1,,single
1789284602,2305900,2,,single
1789284604,2326020,1,,single
1789284605,2333240,22,,single
1789284606,2341070,0,,single
1789284608,2348730,1,,single
1789284609,2352640,0,,single
1789284611,2359170,0,,single
1789284612,2370170,24,,single
1789284614,2386870,1,,single
1789284615,2392500,15,,single
1789284616,2402280,8,,single
1789284618,2408920,2,,single
1789284619,2413190,7,,single
1789284621,2414550,2,,single
1789284622,2420240,2,,single
1789284623,2425150,7,,single
1789284625,2427100,52,,single
1789284626,2434730,268,,single
1789284628,2443770,17,,single
1789284629,2450820,0,,single
1789284630,2457030,2,,single
1789284632,2460920,1,,single
1789284633,2464460,0,,single
1789284635,2479740,1,,single
1789284636,2485190,71,,single
1789284638,2495050,151,,single
1789284640,2506110,0,,single
1789284641,2508210,0,,single
1789284643,2516990,1,,single
1789284644,2520870,3,,single
1789284645,2527450,0,,single
1789284647,2539910,3,,single
1789284648,2545220,0,,single
1789284650,2562460,2,,single
1789284651,2581370,11,,single
1789284652,2583300,0,,single
1789284654,2598800,0,,single
1789284655,2599950,0,,single
1789284656,2602020,5,,single
1789284658,2633500,18,,single
1789284659,2666550,4,,single
1789284661,2668910,0,,single
1789284662,2685380,0,,single
1789284664,2700540,1,,single
1789284665,2708790,6,,single
1789284666,2718240,5,,single
1789284668,2735220,0,,single
1789284669,2739700,3,,single
1789284671,2742150,0,,single
1789284672,2769210,0,,single
1789284673,2789770,3,,single
1789284675,2800840,2,,single
1789284677,2804680,0,,single
1789284678,2811200,0,,single
1789284680,2818150,13,,single
1789284682,2820130,27,,single
1789284684,2825210,0,,single
1789284685,2837600,5,,single
1789284686,2851700,1,,single
1789284688,2853130,1,,single
1789284689,2857000,0,,single
1789284691,2858370,3,,single
1789284692,2875280,0,,single
1789284693,2881800,9,,single
1789284695,2893260,0,,single
1789284696,2905090,0,,single
1789284697,2915950,42,,single
1789284699,2925970,0,,single
1789284700,2938850,0,,single
1789284702,2951340,0,,single
1789284703,2954920,0,,single
1789284705,2963230,1,,single
1789284706,2977570,0,,single
1789284708,2986370,0,,single
1789284709,2992500,2,,single
1789284710,2994240,2,,single
1789284712,2999030,9,,single
1789284713,3000120,0,,single
1789284714,3010460,11,,single
1789284716,3023190,16,,single
1789284717,3028730,0,,single
1789284719,3035990,1,,single
1789284720,3037180,3,,single
1789284722,3039500,56,,single
1789284723,3051470,3,,single
1789284724,3073580,2,,single
1789284726,3077670,1,,single
1789284727,3085890,2,,single
1789284729,3100210,2,,single
1789284730,3107590,3,,single
1789284731,3118160,0,,single
1789284733,3125890,2,,single
1789284734,3128950,0,,single
1789284736,3145320,0,,single
1789284737,3151830,0,,single
1789284738,3158260,0,,single
1789284740,3170410,3,,single
1789284741,3198680,0,,single
1789284743,3207880,1,,single
1789284744,3257360,0,,single
1789284746,3265280,0,,single
1789284747,3282700,4,,single
1789284748,3289090,4,,single
1789284750,3314340,325,,single
1789284751,3320800,0,,single
1789284753,3329420,1,,single
1789284755,3333890,0,,single
1789284756,3339330,18,,single
1789284757,3358360,0,,single
1789284759,3360110,6,,single
1789284760,3380740,0,,single
1789284762,3392420,2,,single
1789284763,3400650,1,,single
1789284765,3408020,3,,single
1789284766,3422450,3,,single
1789284768,3444050,1,,single
1789284769,3449590,11,,single
1789284771,3478200,0,,single
1789284772,3570430,4,,single
1789284774,3584190,0,,single
