ts,appid,concurrent,peak_in_game,src
1790833370,2179170,2,,single
1790833371,1586800,11,,single
1790833373,1969080,5,,single
1790833374,2073910,16,,single
1790833376,2840190,4,,single
1790833377,1405500,8,,single
1790833378,620,875,,single
1790833380,413150,41472,,single
1790833381,3164500,6645,,single
1790833383,546560,290,,single
1790833384,2246340,20973,,single
1790833385,420,23,,single
1790833387,31270,1,,single
1790833388,200710,258,,single
1790833390,208200,27,,single
1790833391,214490,157,,single
1790833392,226740,0,,single
1790833394,237740,1,,single
1790833395,250600,1,,single
1790833397,264380,12,,single
1790833398,274270,0,,single
1790833400,301860,0,,single
1790833401,315810,3,,single
1790833403,323470,82,,single
1790833404,333600,31,,single
1790833406,339190,40,,single
1790833407,353330,0,,single
1790833409,367500,284,,single
1790833410,384190,2,,single
1790833411,399810,9,,single
1790833413,418370,1223,,single
1790833414,467380,0,,single
1790833416,483980,19,,single
1790833417,506870,2,,single
1790833418,526870,8752,,single
1790833420,550010,6,,single
1790833421,568770,3,,single
1790833423,582010,14307,,single
1790833424,602700,2,,single
1790833426,654880,4,,single
1790833427,691450,3,,single
1790833428,736570,4,,single
1790833430,764790,23,,single
1790833431,814370,57,,single
1790833433,862440,0,,single
1790833434,894940,12,,single
1790833435,910630,2,,single
1790833437,924070,0,,single
1790833438,963000,1,,single
1790833440,976730,2745,,single
1790833441,1012570,0,,single
1790833443,1047220,1,,single
1790833444,1067850,8,,single
1790833446,1083790,1,,single
1790833447,1092720,12,,single
1790833449,1140270,13,,single
1790833450,1159690,135,,single
1790833452,1172450,14,,single
1790833453,1218210,34,,single
1790833455,1240210,38,,single
1790833456,1272840,1,,single
1790833457,1307550,68,,single
1790833459,1364960,10,,single
1790833460,1380420,5,,single
1790833462,1441550,7,,single
1790833463,1488200,137,,single
1790833465,1549550,1,,single
1790833466,1597730,3,,single
1790833468,1629520,224,,single
1790833469,1665190,2,,single
1790833471,1733060,0,,single
1790833472,1808680,13,,single
1790833474,1895350,12,,single
1790833475,1928980,22,,single
1790833476,1948280,274,,single
1790833478,2142790,4112,,single
1790833479,2246880,14,,single
1790833481,2262610,2,,single
1790833482,2313240,0,,single
1790833484,2356560,118,,single
1790833486,2479320,6,,single
1790833487,2567870,1062,,single
1790833488,2788520,24,,single
1790833490,3069120,35,,single
1790833491,3263320,35,,single
1790833493,70,396,,single
1790833494,550,23310,,single
1790833496,2600,39,,single
1790833497,4000,13447,,single
1790833498,9420,361,,single
1790833500,22320,206,,single
1790833502,22490,94,,single
1790833503,33100,27,,single
1790833506,48700,2923,,single
1790833507,105600,26180,,single
1790833509,206190,1,,single
1790833510,219150,145,,single
1790833512,227300,12524,,single
1790833513,236090,11,,single
1790833515,239140,2932,,single
1790833516,246420,10402,,single
1790833518,250900,39896,,single
1790833519,261030,32,,single
1790833520,268910,1307,,single
1790833522,280220,90,,single
1790833523,294100,21174,,single
1790833525,312530,62,,single
1790833526,337320,196,,single
1790833527,360740,9,,single
1790833529,397740,2,,single
1790833530,412830,179,,single
1790833532,420530,52,,single
1790833533,427410,1518,,single
1790833535,433950,0,,single
1790833536,447530,48,,single
1790833537,460950,84,,single
1790833539,488860,178,,single
1790833540,512900,221,,single
1790833542,531510,32,,single
1790833543,553310,13,,single
1790833544,593280,23,,single
1790833546,603960,10,,single
1790833547,615120,5,,single
1790833549,636480,489,,single
1790833550,667970,106,,single
1790833551,732690,11,,single
1790833553,760890,2,,single
1790833554,787480,856,,single
1790833556,805590,0,,single
1790833557,851100,23,,single
1790833559,897330,295,,single
1790833560,914710,23,,single
1790833561,990630,82,,single
1790833563,1040200,601,,single
1790833564,1057090,12149,,single
1790833566,1070710,6,,single
1790833567,1092790,757,,single
1790833568,1104380,4,,single
1790833570,1115050,1,,single
1790833571,1127500,347,,single
1790833573,1170880,4,,single
1790833574,1178030,3,,single
1790833575,1202540,12,,single
1790833577,1229490,1426,,single
1790833578,1260520,34,,single
1790833580,1275890,43,,single
1790833581,1283130,0,,single
1790833583,1286710,6,,single
1790833584,1292940,88,,single
1790833586,1304680,10,,single
1790833587,1333910,10,,single
1790833589,1361320,21,,single
1790833590,1388770,32,,single
1790833591,1411910,24,,single
1790833593,1424330,49,,single
1790833594,1469280,4,,single
1790833596,1507580,16,,single
1790833597,1520370,100,,single
1790833599,1536610,212,,single
1790833600,1546570,64,,single
1790833602,1566410,8,,single
1790833603,1593500,950,,single
1790833605,1634860,13,,single
1790833606,1668190,0,,single
1790833607,1677770,39,,single
1790833609,1686940,96,,single
1790833610,1715460,3,,single
1790833612,1725640,7,,single
1790833613,1765350,4,,single
1790833615,1808800,0,,single
1790833616,1836730,41,,single
1790833618,1876890,3131,,single
1790833619,1903340,2859,,single
1790833621,1931770,205,,single
1790833623,1955830,158,,single
1790833624,1970460,13,,single
1790833626,1999360,67,,single
1790833627,2050650,8600,,single
1790833628,2060590,12,,single
1790833630,2088840,22,,single
1790833631,2112520,0,,single
1790833633,2132850,217,,single
1790833634,2162800,610,,single
1790833636,2198150,254,,single
1790833637,2291760,82,,single
1790833638,2318310,24,,single
1790833640,2369900,233,,single
1790833641,2391870,0,,single
1790833643,2420510,256,,single
1790833644,2459550,788,,single
1790833645,2532550,2,,single
1790833647,2608350,10,,single
1790833648,2660460,78,,single
1790833650,2678990,25,,single
1790833651,2719060,2,,single
1790833653,2795000,6,,single
1790833654,2878710,0,,single
1790833656,2915460,13,,single
1790833657,3068300,66,,single
1790833659,3107330,15,,single
1790833660,3191030,132,,single
1790833662,3241660,8531,,single
1790833663,3361470,6,,single
1790833665,30,49,,single
1790833666,80,186,,single
1790833667,280,13,,single
1790833669,340,1,,single
1790833670,630,19,,single
1790833672,1250,104,,single
1790833673,1520,44,,single
1790833675,1700,3,,single
1790833676,2130,0,,single
1790833678,2300,6,,single
1790833679,2400,0,,single
1790833681,2630,68,,single
1790833682,2990,43,,single
1790833684,3320,39,,single
1790833685,3540,72,,single
1790833686,3720,5,,single
1790833688,3920,75,,single
1790833689,4570,20,,single
1790833691,4850,74,,single
1790833692,6020,36,,single
1790833694,6200,4,,single
1790833695,6550,1,,single
1790833697,6850,6,,single
1790833698,6980,4,,single
1790833699,7610,31,,single
1790833701,7760,25,,single
1790833702,7860,3,,single
1790833704,8080,3,,single
1790833705,8190,49,,single
1790833707,8800,1013,,single
1790833708,8930,8808,,single
1790833710,9050,8,,single
1790833711,9340,19,,single
1790833713,9880,80,,single
1790833714,10130,1,,single
1790833716,10190,121,,single
1790833717,11020,85,,single
1790833719,12100,24,,single
1790833720,12140,27,,single
1790833722,12320,30,,single
1790833723,12710,12,,single
1790833725,13210,5,,single
1790833726,13530,19,,single
1790833728,15080,1,,single
1790833729,15200,10,,single
1790833730,15320,8,,single
1790833732,15750,2,,single
1790833733,16900,121,,single
1790833735,17440,16,,single
1790833736,17470,41,,single
1790833738,17570,9,,single
1790833739,18500,30,,single
1790833741,20530,5,,single
1790833742,20820,0,,single
1790833743,21100,8,,single
1790833745,21970,74,,single
1790833746,22180,5,,single
1790833748,22340,1,,single
1790833749,24010,320,,single
1790833751,24420,0,,single
1790833752,24780,239,,single
1790833754,24960,15,,single
1790833755,25800,33,,single
1790833757,25900,70,,single
1790833758,29180,0,,single
1790833759,32330,16,,single
1790833761,32380,1,,single
1790833762,32450,9,,single
1790833764,32800,5,,single
1790833765,33320,15,,single
1790833767,33930,76,,single
1790833768,34330,1940,,single
1790833769,34830,11,,single
1790833771,35130,1,,single
1790833772,35480,1,,single
1790833774,38400,61,,single
1790833775,38720,0,,single
1790833777,39140,117,,single
1790833778,39210,12943,,single
1790833779,39540,51,,single
1790833781,39800,1,,single
1790833783,40380,2,,single
1790833784,40720,4,,single
1790833786,40980,34,,single
1790833787,41060,3,,single
1790833789,41300,1,,single
1790833790,42670,6,,single
1790833792,42710,76,,single
1790833793,45700,1,,single
1790833795,46500,4,,single
1790833796,47810,269,,single
1790833798,48000,47,,single
1790833799,48720,61,,single
1790833801,50300,19,,single
1790833802,55140,11,,single
1790833803,57640,1,,single
1790833805,58610,7,,single
1790833806,63200,0,,single
1790833808,63710,0,,single
1790833809,65300,9,,single
1790833811,65790,12,,single
1790833813,70100,0,,single
1790833814,71240,0,,single
1790833815,73010,3,,single
1790833817,80310,1,,single
1790833818,91200,0,,single
1790833820,92800,4,,single
1790833821,94400,12,,single
1790833822,96000,5,,single
1790833824,98200,1,,single
1790833825,98800,17,,single
1790833827,102600,20,,single
1790833828,105450,183,,single
1790833829,107310,0,,single
1790833831,108200,53,,single
1790833832,108800,12,,single
1790833834,113200,142,,single
1790833835,115320,52,,single
1790833836,200260,506,,single
1790833838,200940,2,,single
1790833839,201790,21,,single
1790833841,201870,142,,single
1790833843,202530,4,,single
1790833844,203160,728,,single
1790833846,203630,19,,single
1790833847,203830,2,,single
1790833849,204300,28,,single
1790833850,204450,32,,single
1790833851,204880,151,,single
1790833853,205650,4,,single
1790833854,206420,86,,single
1790833856,206500,37,,single
1790833857,207170,11,,single
1790833858,207350,10,,single
1790833860,208090,0,,single
1790833861,208480,6,,single
1790833863,208650,1088,,single
1790833864,209160,42,,single
1790833865,209540,0,,single
1790833867,210770,10,,single
1790833868,211440,0,,single
1790833870,211820,513,,single
1790833871,212500,505,,single
1790833873,212800,3,,single
1790833874,213650,1,,single
1790833876,214340,47,,single
1790833877,214590,0,,single
1790833879,214830,1,,single
1790833880,215280,32,,single
1790833882,216890,6,,single
1790833883,218410,1,,single
1790833884,219640,6,,single
1790833886,219910,3,,single
1790833887,220200,2042,,single
1790833889,220740,8,,single
1790833890,221040,1026,,single
1790833891,221540,23,,single
1790833893,221910,13,,single
1790833894,222520,19,,single
1790833895,222880,77,,single
1790833897,223510,0,,single
1790833898,223830,13,,single
1790833900,224300,0,,single
1790833901,224600,2,,single
1790833903,224900,2,,single
1790833904,224960,5,,single
1790833905,225280,0,,single
1790833907,226620,7,,single
1790833908,227080,0,,single
1790833910,227220,1,,single
1790833912,227780,5,,single
1790833913,228260,9,,single
1790833915,228400,3,,single
1790833916,230050,0,,single
1790833917,230230,8,,single
1790833919,230820,3,,single
1790833921,231430,1736,,single
1790833923,232770,42,,single
1790833924,232910,12,,single
1790833925,233270,35,,single
1790833927,233610,2,,single
1790833928,233980,8,,single
1790833930,234330,266,,single
1790833931,234670,20,,single
1790833933,235320,5,,single
1790833934,235620,7,,single
1790833935,236150,3,,single
1790833937,236690,39,,single
1790833938,237430,1,,single
1790833940,237930,8,,single
1790833941,238090,98,,single
1790833943,239120,34,,single
1790833944,239800,0,,single
1790833946,240760,9,,single
1790833947,241410,1,,single
1790833948,241930,270,,single
1790833950,242640,14,,single
1790833951,242860,17,,single
1790833953,242960,2,,single
1790833954,243800,0,,single
1790833955,244030,1,,single
1790833957,244210,4344,,single
1790833958,244730,0,,single
1790833960,244930,0,,single
1790833961,245450,20,,single
1790833963,246580,7,,single
1790833964,247000,44,,single
1790833965,247240,1,,single
1790833967,248170,87,,single
1790833969,248390,301,,single
1790833970,248820,9,,single
1790833971,249130,167,,single
1790833973,249870,4,,single
1790833974,250180,29,,single
1790833976,250500,0,,single
1790833977,250760,23,,single
1790833979,251150,31,,single
1790833980,251570,15152,,single
1790833981,252030,3,,single
1790833983,252150,51,,single
1790833984,252530,279,,single
1790833986,252690,2,,single
1790833987,253030,1,,single
1790833989,253430,10,,single
1790833990,253770,0,,single
1790833992,254200,4,,single
1790833993,254700,578,,single
1790833994,255710,6265,,single
1790833996,256370,1,,single
1790833997,257350,226,,single
1790833999,257850,36,,single
1790834000,258890,0,,single
1790834001,259530,0,,single
1790834003,259740,1,,single
1790834004,260430,31,,single
1790834006,261470,5,,single
1790834007,261570,249,,single
1790834009,262120,4,,single
1790834010,262690,0,,single
1790834011,263060,0,,single
1790834013,263760,4,,single
1790834014,265630,34,,single
1790834016,266010,4,,single
1790834017,266410,495,,single
1790834019,266840,368,,single
1790834020,268400,151,,single
1790834021,268540,3,,single
1790834023,268990,3,,single
1790834024,269710,5,,single
1790834026,270110,30,,single
1790834027,270450,0,,single
1790834029,271900,4,,single
1790834030,272510,9,,single
1790834031,274170,171,,single
1790834033,274900,0,,single
1790834034,274980,1,,single
1790834036,275850,14728,,single
1790834037,278080,234,,single
1790834039,279800,0,,single
1790834040,281920,0,,single
1790834041,282400,22,,single
1790834043,282660,0,,single
1790834044,283290,2,,single
1790834046,284050,1,,single
1790834047,284770,4,,single
1790834048,285110,14,,single
1790834050,285310,114,,single
1790834051,285500,7,,single
1790834053,285900,149,,single
1790834054,286100,3,,single
1790834056,286340,1,,single
1790834057,287310,6,,single
1790834058,287700,1352,,single
1790834060,289070,24534,,single
1790834061,289650,666,,single
1790834063,290100,8,,single
1790834064,290730,66,,single
1790834066,291650,188,,single
1790834067,292500,2,,single
1790834069,292990,90,,single
1790834070,293760,253,,single
1790834072,294810,7,,single
1790834073,296570,1,,single
1790834075,298030,66,,single
1790834076,298600,2,,single
1790834077,299030,0,,single
1790834079,300380,22,,single
1790834080,301190,0,,single
1790834082,301650,6,,single
1790834083,302610,1,,single
1790834084,303210,1,,single
1790834086,304240,346,,single
1790834087,304650,29,,single
1790834089,306020,127,,single
1790834090,306760,5,,single
1790834092,307230,0,,single
1790834093,307670,0,,single
1790834095,307960,92,,single
1790834096,310060,3,,single
1790834097,310560,35,,single
1790834099,311240,9,,single
1790834100,311560,229,,single
1790834102,312450,86,,single
1790834103,312670,18,,single
1790834104,313160,50,,single
1790834106,313500,5,,single
1790834107,314230,0,,single
1790834109,314430,8,,single
1790834110,314830,3,,single
1790834112,316010,31,,single
1790834113,316790,6,,single
1790834114,318100,0,,single
1790834116,319050,0,,single
1790834117,319910,5,,single
1790834118,320300,10,,single
1790834120,321400,3,,single
1790834121,322190,14,,single
1790834123,322330,26232,,single
1790834124,322680,2,,single
1790834126,322920,2,,single
1790834127,323380,0,,single
1790834129,323850,12,,single
1790834130,324680,18,,single
1790834132,325260,0,,single
1790834133,326410,0,,single
1790834134,327090,0,,single
1790834136,327410,2,,single
1790834137,328080,9,,single
1790834139,329070,4,,single
1790834140,329970,7,,single
1790834142,331160,5,,single
1790834143,331670,6,,single
1790834144,332570,24,,single
1790834146,333420,218,,single
1790834147,334230,130,,single
1790834149,334940,3,,single
1790834150,335620,23,,single
1790834151,337000,132,,single
1790834153,338930,2,,single
1790834154,339610,45,,single
1790834156,341940,45,,single
1790834157,342580,0,,single
1790834159,343860,0,,single
1790834160,345660,1,,single
1790834162,346120,2,,single
1790834163,346940,10,,single
1790834164,348550,52,,single
1790834166,350080,45,,single
1790834167,351700,21,,single
1790834169,351990,2,,single
1790834170,352720,38,,single
1790834172,353640,6,,single
1790834173,354160,5,,single
1790834175,355060,1,,single
1790834176,355980,7,,single
1790834178,356520,0,,single
1790834179,357190,101,,single
1790834181,358090,0,,single
1790834182,359320,2352,,single
1790834183,360620,1,,single
1790834185,360830,6,,single
1790834186,361630,1,,single
1790834188,362930,20,,single
1790834189,363680,6,,single
1790834191,364360,128,,single
1790834192,365360,995,,single
1790834193,366090,61,,single
1790834195,367450,53,,single
1790834196,368180,1,,single
1790834198,368370,6,,single
1790834199,368620,3,,single
1790834201,370360,16,,single
1790834202,371570,5,,single
1790834204,372800,43,,single
1790834205,373420,491,,single
1790834206,374190,5,,single
1790834208,375480,212,,single
1790834210,375900,7,,single
1790834211,376300,2,,single
1790834213,377860,2,,single
1790834214,379210,5,,single
1790834216,380600,1726,,single
1790834217,381780,4,,single
1790834220,382490,3,,single
1790834221,383840,8,,single
1790834223,384180,108,,single
1790834224,385380,4,,single
1790834226,386070,156,,single
1790834227,386620,11,,single
1790834229,387290,632,,single
1790834230,388210,4,,single
1790834232,389140,3,,single
1790834233,389730,315,,single
1790834234,390710,1,,single
1790834236,391540,985,,single
1790834237,392160,1626,,single
1790834239,393430,1,,single
1790834240,394510,99,,single
1790834242,395170,2,,single
1790834243,396710,2,,single
1790834244,397060,14,,single
1790834246,397430,13,,single
1790834247,398710,2,,single
1790834249,399670,1,,single
1790834250,400630,21,,single
1790834252,402020,3,,single
1790834253,403640,269,,single
1790834255,404540,2,,single
1790834256,405310,65,,single
1790834258,405820,11,,single
1790834259,406150,6,,single
1790834260,406550,37,,single
1790834262,407530,15,,single
1790834263,409160,2,,single
1790834265,410110,12,,single
1790834266,410380,0,,single
1790834268,410980,125,,single
1790834269,413420,457,,single
1790834270,414740,1,,single
1790834272,416680,16,,single
1790834273,418070,3,,single
1790834275,418460,120,,single
1790834276,418650,2,,single
1790834277,420290,11,,single
1790834279,421020,16,,single
1790834280,421120,6,,single
1790834282,424030,69,,single
1790834283,425220,9,,single
1790834284,428430,0,,single
1790834286,428750,1,,single
1790834287,429570,1,,single
1790834289,429790,101,,single
1790834290,431240,676,,single
1790834292,431730,4843,,single
1790834293,433910,0,,single
1790834295,435120,72,,single
1790834296,435530,6,,single
1790834297,436320,0,,single
1790834299,438040,490,,single
1790834300,438270,3,,single
1790834302,439190,2,,single
1790834303,440540,3,,single
1790834305,442120,50,,single
1790834306,444640,142,,single
1790834308,445220,290,,single
1790834309,446800,55,,single
1790834310,447120,3,,single
1790834312,448280,12,,single
1790834313,448850,5,,single
1790834315,450390,55,,single
1790834316,451520,0,,single
1790834318,453340,0,,single
1790834319,455400,3,,single
1790834321,456750,32,,single
1790834322,457760,0,,single
1790834324,459080,2,,single
1790834325,461620,2,,single
1790834327,464060,6,,single
1790834328,464920,164,,single
1790834330,466240,3,,single
1790834331,467960,43,,single
1790834332,470220,192,,single
1790834334,471710,80,,single
1790834335,474210,1,,single
1790834337,475190,2,,single
1790834338,476600,160,,single
1790834340,477740,71,,single
1790834341,479130,0,,single
1790834343,481110,0,,single
1790834344,482730,234,,single
1790834346,485460,3,,single
1790834347,486310,2,,single
1790834349,488550,4,,single
1790834350,489630,443,,single
1790834352,490920,9,,single
1790834353,491530,4,,single
1790834354,492230,1,,single
1790834356,493840,4,,single
1790834357,494840,350,,single
1790834359,495560,7,,single
1790834360,497180,8,,single
1790834362,499440,0,,single
1790834363,500810,18,,single
1790834365,501320,0,,single
1790834366,502520,260,,single
1790834367,503560,69,,single
1790834369,504370,53,,single
1790834371,506500,2,,single
1790834372,508900,2,,single
1790834373,510050,0,,single
1790834375,512470,23,,single
1790834376,513510,1,,single
1790834378,516110,0,,single
1790834379,517710,1,,single
1790834380,518150,13,,single
1790834382,520940,5,,single
1790834383,523780,6,,single
1790834385,525510,30,,single
1790834386,527230,584,,single
1790834387,529340,4377,,single
1790834389,530700,0,,single
1790834390,532190,1,,single
1790834392,535520,1,,single
1790834393,537800,41,,single
1790834395,539470,13,,single
1790834396,541200,6,,single
1790834398,543870,21,,single
1790834399,544610,33,,single
1790834401,545270,2,,single
1790834402,551730,21,,single
1790834403,552100,409,,single
1790834405,552920,0,,single
1790834407,553260,1,,single
1790834408,553540,92,,single
1790834409,554620,21,,single
1790834411,555880,1,,single
1790834412,558100,13,,single
1790834414,559210,1,,single
1790834415,561600,4,,single
1790834417,562260,9,,single
1790834418,563560,109,,single
1790834420,564530,53,,single
1790834421,566160,1,,single
1790834423,568090,4,,single
1790834424,569480,133,,single
1790834425,571310,39,,single
1790834428,572430,11,,single
1790834429,573100,92,,single
1790834430,574310,1,,single
1790834432,574980,3,,single
1790834433,577690,12,,single
1790834435,578310,0,,single
1790834436,578850,0,,single
1790834438,580720,9,,single
1790834439,582270,2,,single
1790834441,583010,28,,single
1790834442,584640,0,,single
1790834443,585710,4,,single
1790834445,587430,8,,single
1790834446,588030,174,,single
1790834448,589290,194,,single
1790834449,590380,226,,single
1790834451,592260,13,,single
1790834452,593600,389,,single
1790834453,594650,11400,,single
1790834455,595500,2,,single
1790834456,597180,238,,single
1790834458,598810,55,,single
1790834459,599140,3165,,single
1790834461,600130,8,,single
1790834462,601220,2,,single
1790834463,601840,118,,single
1790834465,603850,293,,single
1790834466,605230,32,,single
1790834468,606500,0,,single
1790834469,609320,19,,single
1790834471,610360,1,,single
1790834472,613100,1245,,single
1790834473,616110,7,,single
1790834475,617830,24,,single
1790834476,619150,13,,single
1790834478,619820,101,,single
1790834479,620980,310,,single
1790834480,621830,579,,single
1790834482,624270,12,,single
1790834483,627270,162,,single
1790834485,628770,5,,single
1790834486,629820,124,,single
1790834487,632300,146,,single
1790834489,633080,1,,single
1790834490,634160,5,,single
1790834492,636100,0,,single
1790834493,637850,1,,single
1790834494,638510,20,,single
1790834496,640590,17,,single
1790834497,641320,48,,single
1790834499,643270,0,,single
1790834500,645090,0,,single
1790834502,646270,16,,single
1790834503,647830,94,,single
1790834504,648390,0,,single
1790834506,648800,3846,,single
1790834507,653930,3,,single
1790834510,657240,10,,single
1790834511,659540,3,,single
1790834513,661790,1,,single
1790834514,665300,854,,single
1790834515,666150,96,,single
1790834517,666860,186,,single
1790834518,667720,22,,single
1790834519,669330,1913,,single
1790834521,671610,6,,single
1790834523,672870,24,,single
1790834524,673750,202,,single
1790834525,674500,24,,single
1790834527,674940,150,,single
1790834528,677160,12,,single
1790834529,678950,428,,single
1790834531,679900,25,,single
1790834532,681730,2,,single
1790834534,686200,37,,single
1790834535,690040,18,,single
1790834537,692890,143,,single
1790834538,696220,1,,single
1790834539,699130,1179,,single
1790834541,701160,907,,single
1790834542,703080,1617,,single
1790834543,704920,5,,single
1790834545,709920,29,,single
1790834546,712100,102,,single
1790834548,716640,1,,single
1790834549,718850,54,,single
1790834550,720350,0,,single
1790834552,722060,8,,single
1790834553,725340,2,,single
1790834555,726590,2,,single
1790834556,727850,1,,single
1790834557,729000,7,,single
1790834559,731040,41,,single
1790834560,732370,11,,single
1790834562,733790,18,,single
1790834563,735280,13,,single
1790834565,735580,0,,single
1790834566,736850,1,,single
1790834567,741140,10,,single
1790834569,742420,75,,single
1790834570,744190,104,,single
1790834571,747610,30,,single
1790834573,748360,0,,single
1790834574,751630,11,,single
1790834576,753640,564,,single
1790834577,754500,19,,single
1790834578,756800,245,,single
1790834580,757320,66,,single
1790834581,758330,19,,single
1790834583,758870,53,,single
1790834584,760160,2,,single
1790834585,761620,24,,single
1790834587,762650,0,,single
1790834588,764050,0,,single
1790834590,766370,0,,single
1790834591,770240,30,,single
1790834593,773370,4,,single
1790834594,774461,16,,single
1790834595,775500,41,,single
1790834597,780290,188,,single
1790834598,782670,37,,single
1790834599,784150,1036,,single
1790834601,785790,12,,single
1790834602,787860,474,,single
1790834604,790740,61,,single
1790834605,792040,0,,single
1790834606,792300,14,,single
1790834608,793460,44,,single
1790834609,795420,6,,single
1790834611,797410,1,,single
1790834612,798460,38,,single
1790834614,799070,3,,single
1790834615,800270,205,,single
1790834616,801630,6,,single
1790834618,804010,10,,single
1790834619,805940,2,,single
1790834621,809020,10,,single
1790834622,811320,10,,single
1790834623,813230,97,,single
1790834625,813820,0,,single
1790834626,815370,2336,,single
1790834628,816340,830,,single
1790834629,817540,1,,single
1790834630,820520,10,,single
1790834632,823130,80,,single
1790834633,824000,5,,single
1790834635,826630,64,,single
1790834636,829590,59,,single
1790834638,833360,82,,single
1790834639,834910,122,,single
1790834641,837470,188,,single
1790834642,839770,111,,single
1790834644,840260,0,,single
1790834645,841370,90,,single
1790834647,843260,24,,single
1790834648,843810,3,,single
1790834650,845070,11,,single
1790834651,846030,23,,single
1790834652,846770,91,,single
1790834654,848450,304,,single
1790834655,852110,0,,single
1790834656,853550,4,,single
1790834658,855640,0,,single
1790834659,858710,64,,single
1790834661,859580,194,,single
1790834662,860950,9,,single
1790834664,863590,9,,single
1790834665,865540,1,,single
1790834666,866440,0,,single
1790834668,868270,1,,single
1790834669,870780,1549,,single
1790834671,872790,315,,single
1790834672,874390,160,,single
1790834673,878670,0,,single
1790834675,881100,1245,,single
1790834676,883360,1,,single
1790834677,885810,14,,single
1790834679,890550,2,,single
1790834680,893030,1,,single
1790834682,895400,293,,single
1790834683,896520,3,,single
1790834685,898750,112,,single
1790834686,900270,4,,single
1790834687,908100,2,,single
1790834689,913550,36,,single
1790834690,914800,19,,single
1790834692,915600,3,,single
1790834693,917150,7,,single
1790834694,920490,445,,single
1790834696,925570,1,,single
1790834697,928600,16,,single
1790834699,936720,8,,single
1790834700,937310,186,,single
1790834701,939100,1,,single
1790834703,940680,1,,single
1790834704,942970,186,,single
1790834706,946050,184,,single
1790834707,949290,2,,single
1790834709,950180,0,,single
1790834710,952290,2,,single
1790834711,953880,19,,single
1790834713,956030,12,,single
1790834714,960170,449,,single
1790834716,961200,998,,single
1790834717,962730,37,,single
1790834719,964350,0,,single
1790834720,965200,39,,single
1790834721,965680,52,,single
1790834723,966330,5,,single
1790834724,968250,8,,single
1790834726,972660,395,,single
1790834727,973810,1,,single
1790834729,976890,5,,single
1790834730,978300,77,,single
1790834731,978780,92,,single
1790834733,979120,57,,single
1790834734,980300,4,,single
1790834736,981890,1,,single
1790834737,982720,1,,single
1790834739,986130,104,,single
1790834740,987840,74,,single
1790834742,991170,3,,single
1790834743,994910,123,,single
1790834744,996580,142,,single
1790834746,998400,5,,single
1790834747,1000360,39,,single
1790834749,1003890,7,,single
1790834750,1005930,1,,single
1790834752,1009850,3653,,single
1790834753,1010890,1,,single
1790834754,1012560,3,,single
1790834756,1012880,127,,single
1790834757,1016790,0,,single
1790834759,1018010,59,,single
1790834760,1018830,26,,single
1790834762,1020790,156,,single
1790834763,1021950,0,,single
1790834765,1024380,0,,single
1790834766,1025960,10,,single
1790834767,1028310,150,,single
1790834769,1029780,687,,single
1790834770,1032790,1,,single
1790834772,1036950,91,,single
1790834773,1038450,5,,single
1790834774,1040230,33,,single
1790834776,1043390,1,,single
1790834777,1046400,7,,single
1790834779,1049280,1,,single
1790834780,1051690,12,,single
1790834781,1054490,355,,single
1790834783,1055430,28,,single
1790834784,1058430,5,,single
1790834786,1058650,1,,single
1790834787,1059120,0,,single
1790834788,1061090,36,,single
1790834790,1062090,2647,,single
1790834791,1062160,20,,single
1790834793,1063660,35,,single
1790834794,1065310,36,,single
1790834795,1066890,317,,single
1790834797,1068820,2213,,single
1790834798,1069650,19,,single
1790834799,1069740,1,,single
1790834801,1071120,1,,single
1790834802,1072150,3,,single
1790834804,1073390,26,,single
1790834805,1075740,10,,single
1790834807,1077520,0,,single
1790834808,1078760,8,,single
1790834809,1079800,10,,single
1790834811,1081510,1,,single
1790834812,1084600,661,,single
1790834813,1085510,9,,single
1790834815,1087280,20,,single
1790834816,1088850,88,,single
1790834818,1089830,4,,single
1790834819,1092660,10,,single
1790834820,1094780,350,,single
1790834822,1097130,6,,single
1790834823,1097840,362,,single
1790834825,1100140,22,,single
1790834826,1100620,33,,single
1790834828,1101140,1,,single
1790834829,1105670,167,,single
1790834831,1108370,30,,single
1790834832,1110100,1,,single
1790834834,1114070,0,,single
1790834835,1114940,40,,single
1790834837,1116880,6,,single
1790834838,1119980,11,,single
1790834839,1121640,63,,single
1790834841,1122680,0,,single
1790834842,1123830,19,,single
1790834844,1126310,7,,single
1790834845,1128920,125,,single
1790834846,1129580,1136,,single
1790834848,1131620,91,,single
1790834849,1134710,130,,single
1790834851,1135810,12,,single
1790834852,1138190,159,,single
1790834853,1139800,0,,single
1790834855,1139980,354,,single
1790834856,1140620,22,,single
1790834858,1142500,6,,single
1790834859,1144170,93,,single
1790834861,1146310,1,,single
1790834862,1147690,2626,,single
1790834864,1148650,7,,single
1790834865,1149620,206,,single
1790834866,1150950,1,,single
1790834868,1151640,258,,single
1790834869,1153640,24,,single
1790834871,1154840,42,,single
1790834872,1156990,14,,single
1790834873,1158310,15349,,single
1790834875,1158940,18,,single
1790834876,1160220,1,,single
1790834878,1161490,15,,single
1790834879,1162130,0,,single
1790834881,1164050,1,,single
1790834882,1166290,13,,single
1790834883,1167630,1336,,single
1790834885,1170060,0,,single
1790834886,1172470,95735,,single
1790834888,1173010,4,,single
1790834889,1173790,42,,single
1790834891,1173820,122,,single
1790834892,1176470,513,,single
1790834894,1178220,1,,single
1790834895,1180660,38,,single
1790834896,1182110,24,,single
1790834898,1182900,167,,single
1790834899,1186640,10,,single
1790834901,1188930,145,,single
1790834902,1190170,1,,single
1790834904,1191580,1,,single
1790834905,1194630,21,,single
1790834906,1195460,13,,single
1790834908,1197260,616,,single
1790834909,1199030,18,,single
1790834911,1201270,5,,single
1790834912,1202200,15,,single
1790834914,1203220,36841,,single
1790834915,1204050,81,,single
1790834916,1205520,54,,single
1790834918,1206560,1293,,single
1790834919,1210030,1,,single
1790834921,1211600,74,,single
1790834922,1214360,0,,single
1790834924,1216320,42,,single
1790834925,1218900,0,,single
1790834926,1221250,6,,single
1790834928,1222680,1300,,single
1790834929,1224290,7,,single
1790834931,1227530,15,,single
1790834932,1229240,126,,single
1790834934,1230170,1,,single
1790834935,1232580,12,,single
1790834937,1233570,22,,single
1790834938,1236720,53,,single
1790834940,1238080,26,,single
1790834941,1239080,298,,single
1790834943,1239690,5,,single
1790834944,1241950,12,,single
1790834945,1244090,168,,single
1790834947,1244800,34,,single
1790834948,1248130,1870,,single
1790834950,1250410,1469,,single
1790834951,1252830,0,,single
1790834953,1257360,2,,single
1790834954,1259420,803,,single
1790834955,1260320,6109,,single
1790834957,1262240,107,,single
1790834958,1262540,130,,single
1790834960,1262600,40,,single
1790834961,1264250,22,,single
1790834963,1265860,24,,single
1790834964,1267470,2,,single
1790834966,1268960,2,,single
1790834967,1271280,2,,single
1790834969,1272160,115,,single
1790834970,1273400,237,,single
1790834972,1274600,13,,single
1790834973,1278480,67,,single
1790834974,1281590,16,,single
1790834976,1282410,7,,single
1790834977,1283400,40,,single
1790834979,1284240,0,,single
1790834980,1286320,4,,single
1790834982,1286680,125,,single
1790834983,1288320,167,,single
1790834984,1289810,54,,single
1790834986,1291340,15,,single
1790834987,1293170,2,,single
1790834989,1294660,1,,single
1790834990,1295500,86,,single
1790834991,1296840,2,,single
1790834993,1299460,5,,single
1790834994,1302240,48,,single
1790834996,1305420,0,,single
1790834997,1309610,5,,single
1790834999,1310520,0,,single
1790835000,1313860,45,,single
1790835002,1316910,5,,single
1790835003,1320140,5,,single
1790835005,1324530,2,,single
1790835006,1328660,145,,single
1790835008,1329880,0,,single
1790835009,1330660,5,,single
1790835010,1332470,0,,single
1790835012,1335530,1,,single
1790835013,1335830,39,,single
1790835015,1336980,981,,single
1790835016,1337890,0,,single
1790835018,1338770,208,,single
1790835019,1340530,1,,single
1790835020,1342330,57,,single
1790835022,1343240,48,,single
1790835023,1343670,31,,single
1790835025,1346010,3,,single
1790835026,1347780,8,,single
1790835027,1350200,3,,single
1790835029,1351630,9,,single
1790835030,1352930,23,,single
1790835032,1356810,31,,single
1790835033,1358700,127,,single
1790835035,1360390,1,,single
1790835036,1361210,7868,,single
1790835038,1363430,6,,single
1790835039,1364210,83,,single
1790835041,1364780,14784,,single
1790835042,1366950,2,,single
1790835043,1369630,284,,single
1790835045,1370050,2,,single
1790835046,1372320,2,,single
1790835048,1373780,0,,single
1790835049,1375740,1,,single
1790835051,1377360,9,,single
1790835052,1378290,4,,single
1790835053,1382200,0,,single
1790835055,1385380,246,,single
1790835056,1388870,6,,single
1790835058,1389990,25,,single
1790835059,1392820,8,,single
1790835061,1395560,2,,single
1790835062,1397920,459,,single
1790835064,1402110,1,,single
1790835065,1406850,2,,single
1790835066,1408610,51,,single
1790835068,1410710,17,,single
1790835069,1413870,4,,single
1790835071,1416130,0,,single
1790835072,1416920,143,,single
1790835073,1419170,906,,single
1790835075,1420770,5,,single
1790835076,1422130,100,,single
1790835078,1426010,2,,single
1790835079,1428100,5,,single
1790835080,1431610,1,,single
1790835082,1433340,179,,single
1790835083,1435790,194,,single
1790835085,1437760,8,,single
1790835086,1440440,1,,single
1790835087,1444110,0,,single
1790835089,1447000,3,,single
1790835090,1448530,9,,single
1790835092,1449690,475,,single
1790835093,1450900,49,,single
1790835094,1451740,1,,single
1790835096,1455630,29,,single
1790835097,1456200,33,,single
1790835099,1458140,140,,single
1790835100,1462040,3208,,single
1790835101,1462810,79,,single
1790835103,1466060,330,,single
1790835104,1467920,8,,single
1790835106,1469610,71,,single
1790835107,1475380,0,,single
1790835108,1477070,142,,single
1790835110,1478160,5,,single
1790835111,1482380,2,,single
1790835113,1484280,9,,single
1790835114,1486630,7,,single
1790835116,1489970,3,,single
1790835117,1491670,2,,single
1790835119,1494810,9,,single
1790835120,1501610,16,,single
1790835122,1506510,1,,single
1790835123,1509820,0,,single
1790835124,1511460,14,,single
1790835126,1511780,17,,single
1790835128,1517290,755,,single
1790835129,1522160,27,,single
1790835131,1525700,125,,single
1790835132,1527950,1238,,single
1790835134,1534980,61,,single
1790835135,1538460,23,,single
1790835137,1540210,21,,single
1790835138,1544360,2,,single
1790835139,1546310,3,,single
1790835142,1546860,3,,single
1790835144,1552350,14,,single
1790835145,1554840,0,,single
1790835146,1556790,48,,single
1790835148,1557990,2,,single
1790835149,1560250,38,,single
1790835151,1564090,0,,single
1790835152,1567440,7,,single
1790835153,1569520,3,,single
1790835155,1570070,3,,single
1790835156,1573280,9,,single
1790835157,1574580,33,,single
1790835159,1575870,8,,single
1790835160,1578390,90,,single
1790835162,1579380,11,,single
1790835163,1581770,58,,single
1790835164,1583320,43,,single
1790835166,1588530,79,,single
1790835167,1590760,11,,single
1790835169,1592280,19,,single
1790835170,1592670,0,,single
1790835171,1596310,1,,single
1790835173,1599560,0,,single
1790835174,1600530,13,,single
1790835176,1602080,4,,single
1790835177,1604000,15,,single
1790835179,1606180,175,,single
1790835180,1608070,163,,single
1790835181,1608640,12,,single
1790835183,1610470,19,,single
1790835184,1611600,453,,single
1790835186,1614440,17,,single
1790835187,1620340,28,,single
1790835189,1621690,3866,,single
1790835190,1624540,27,,single
1790835192,1627720,1119,,single
1790835193,1630920,0,,single
1790835195,1635590,5,,single
1790835196,1638220,73,,single
1790835198,1644960,230,,single
1790835199,1648390,27,,single
1790835200,1649950,75,,single
1790835202,1651960,0,,single
1790835203,1657630,752,,single
1790835205,1659040,1775,,single
1790835206,1661630,2,,single
1790835207,1664220,3,,single
1790835209,1668690,9,,single
1790835210,1669420,11,,single
1790835212,1675830,9,,single
1790835213,1677280,2707,,single
1790835215,1679290,3,,single
1790835216,1682060,11,,single
1790835217,1689500,259,,single
1790835219,1693980,545,,single
1790835220,1696810,48,,single
1790835222,1700270,31,,single
1790835223,1701800,0,,single
1790835225,1707650,0,,single
1790835226,1710580,12,,single
1790835227,1712840,5,,single
1790835229,1718130,1,,single
1790835230,1723780,13,,single
1790835232,1730680,7,,single
1790835233,1732430,1226,,single
1790835235,1737870,12,,single
1790835236,1743850,3,,single
1790835237,1747760,6,,single
1790835239,1754840,4,,single
1790835240,1761390,258,,single
1790835242,1764530,69,,single
1790835243,1769170,71,,single
1790835244,1771980,16,,single
1790835246,1782120,255,,single
1790835247,1785150,55,,single
1790835249,1790600,710,,single
1790835250,1796470,99,,single
1790835251,1799930,5,,single
1790835253,1804010,2,,single
1790835254,1811260,292,,single
1790835256,1812090,18,,single
1790835257,1815570,15,,single
1790835259,1817190,391,,single
1790835260,1822550,8,,single
1790835262,1824220,1178,,single
1790835263,1832640,2,,single
1790835265,1837220,3,,single
1790835266,1839880,7,,single
1790835267,1843090,4,,single
1790835269,1846170,9,,single
1790835270,1848450,2,,single
1790835271,1850160,36,,single
1790835273,1850570,1528,,single
1790835274,1859470,5,,single
1790835276,1863750,14,,single
1790835277,1869270,39,,single
1790835279,1874490,37,,single
1790835280,1875830,798,,single
1790835281,1881420,10,,single
1790835283,1883260,6,,single
1790835284,1887400,10,,single
1790835286,1889040,0,,single
1790835287,1892420,3,,single
1790835288,1895130,35,,single
1790835290,1898290,15,,single
1790835291,1902710,4,,single
1790835293,1904540,1334,,single
1790835294,1910680,202,,single
1790835296,1913210,12,,single
1790835297,1919590,426,,single
1790835298,1922560,793,,single
1790835300,1929870,2,,single
1790835301,1932570,1,,single
1790835303,1934570,8,,single
1790835304,1938010,17,,single
1790835306,1942660,29,,single
1790835307,1944790,21,,single
1790835309,1949190,9,,single
1790835310,1952370,12,,single
1790835312,1955230,2,,single
1790835313,1956800,151,,single
1790835314,1963040,46,,single
1790835316,1967260,15,,single
1790835317,1968730,13,,single
1790835319,1971650,1146,,single
1790835320,1977170,4,,single
1790835322,1980530,11,,single
1790835323,1985170,1,,single
1790835325,1990110,12,,single
1790835326,2005010,61,,single
1790835327,2011470,1,,single
1790835329,2014780,605,,single
1790835330,2019810,15,,single
1790835331,2026000,170,,single
1790835333,2051620,1600,,single
1790835334,2058180,180,,single
1790835336,2059660,1,,single
1790835337,2061440,3,,single
1790835338,2066020,247,,single
1790835340,2067920,75,,single
1790835341,2069310,536,,single
1790835343,2073470,0,,single
1790835345,2076140,5,,single
1790835346,2084000,130,,single
1790835348,2088160,10,,single
1790835349,2095300,41,,single
1790835350,2097230,0,,single
1790835352,2103140,1124,,single
1790835354,2108330,61,,single
1790835355,2113900,7,,single
1790835356,2118810,23,,single
1790835358,2124120,358,,single
1790835359,2128480,22,,single
1790835361,2131650,53,,single
1790835362,2138710,312,,single
1790835364,2143680,7,,single
1790835365,2155180,91,,single
1790835367,2163330,759,,single
1790835368,2169200,408,,single
1790835370,2172260,5,,single
1790835371,2181720,4,,single
1790835373,2183650,33,,single
1790835374,2186320,329,,single
1790835376,2193490,7,,single
1790835377,2195250,637,,single
1790835379,2200780,30,,single
1790835380,2206270,113,,single
1790835381,2208920,1664,,single
1790835383,2215430,1422,,single
1790835384,2218400,69,,single
1790835386,2230280,2,,single
1790835387,2231380,1702,,single
1790835389,2237970,5,,single
1790835390,2239550,218,,single
1790835391,2248760,90,,single
1790835393,2254740,29,,single
1790835394,2272400,1,,single
1790835396,2273550,6,,single
1790835397,2277320,16,,single
1790835399,2288150,400,,single
1790835400,2290180,1415,,single
1790835402,2294660,351,,single
1790835403,2300320,10311,,single
1790835404,2303350,28,,single
1790835406,2314160,7,,single
1790835408,2321470,648,,single
1790835410,2328480,33,,single
1790835412,2331330,68,,single
1790835413,2338770,517,,single
1790835414,2351560,33,,single
1790835416,2356780,83,,single
1790835417,2362300,12,,single
1790835420,2370570,522,,single
1790835422,2379910,8,,single
1790835423,2383990,5,,single
1790835425,2390260,4,,single
1790835426,2400160,25,,single
1790835428,2400770,23,,single
1790835429,2410170,8,,single
1790835430,2420110,618,,single
1790835432,2427700,1170,,single
1790835433,2436940,2854,,single
1790835435,2446600,20,,single
1790835437,2470300,1,,single
1790835438,2477340,21,,single
1790835440,2486740,50,,single
1790835441,2497920,9,,single
1790835442,2503770,303,,single
1790835444,2511500,189,,single
1790835445,2515020,696,,single
1790835447,2523120,1,,single
1790835448,2531310,2487,,single
1790835450,2536840,4,,single
1790835451,2552430,3069,,single
1790835453,2555430,30,,single
1790835454,2570210,53,,single
1790835455,2582560,152,,single
1790835457,2594540,15,,single
1790835459,2597970,3,,single
1790835460,2617400,44,,single
1790835461,2634950,147,,single
1790835463,2646460,1025,,single
1790835464,2651330,1,,single
1790835466,2656540,38,,single
1790835467,2667120,72,,single
1790835469,2670630,2147,,single
1790835470,2676840,14,,single
1790835472,2683150,75,,single
1790835473,2688570,1,,single
1790835474,2693930,12,,single
1790835476,2697930,12,,single
1790835477,2707900,53,,single
1790835479,2709570,3464,,single
1790835480,2719160,83,,single
1790835482,2737300,1,,single
1790835483,2761670,37,,single
1790835484,2780980,181,,single
1790835486,2797340,18,,single
1790835488,2818260,40,,single
1790835489,2826180,173,,single
1790835491,2842040,462,,single
1790835492,2853730,121,,single
1790835494,2878420,369,,single
1790835496,2888980,0,,single
1790835497,2909400,2328,,single
1790835498,2928280,4,,single
1790835500,2933130,161,,single
1790835501,2961880,51,,single
1790835503,2971610,7,,single
1790835504,3014080,146,,single
1790835506,3020510,5055,,single
1790835507,3035500,200,,single
1790835509,3059010,30,,single
1790835510,3107230,11,,single
1790835512,3117820,1182,,single
1790835513,3126470,3,,single
1790835514,3150440,62,,single
1790835516,3168600,30,,single
1790835517,3178350,66,,single
1790835519,3218600,4,,single
1790835520,3228590,210,,single
1790835522,3272300,1,,single
1790835523,3399950,21,,single
1790835525,3454590,69,,single
1790835526,1326470,3858,,single
1790835527,1547000,838,,single
1790835529,360,13,,single
1790835530,2210,7,,single
1790835532,2450,1,,single
1790835533,2640,13,,single
1790835535,3483,7,,single
1790835536,3980,3,,single
1790835538,4920,31,,single
1790835539,6120,5,,single
1790835540,6420,2,,single
1790835542,6870,2,,single
1790835544,7110,0,,single
1790835545,7600,44,,single
1790835546,8600,4,,single
1790835548,9480,73,,single
1790835549,11190,2,,single
1790835551,12150,40,,single
1790835552,13140,1,,single
1790835554,13560,24,,single
1790835555,15170,109,,single
1790835557,15370,111,,single
1790835558,15740,3,,single
1790835559,17300,6,,single
1790835561,18040,1,,single
1790835562,19800,3,,single
1790835564,19980,8,,single
1790835565,20900,453,,single
1790835566,21120,5,,single
1790835568,21780,7,,single
1790835569,22120,1,,single
1790835571,22310,1,,single
1790835572,22450,1,,single
1790835574,23310,11,,single
1790835575,24800,279,,single
1790835577,24880,28,,single
1790835578,26500,0,,single
1790835580,29800,0,,single
1790835581,32340,0,,single
1790835582,32500,9,,single
1790835584,34270,19,,single
1790835585,37600,0,,single
1790835587,39120,93,,single
1790835588,39500,62,,single
1790835590,40990,26,,single
1790835591,42170,0,,single
1790835593,43000,1,,single
1790835594,45750,3,,single
1790835596,47400,3,,single
1790835597,47800,3,,single
1790835599,48220,65,,single
1790835600,49470,3,,single
1790835602,55040,0,,single
1790835603,57650,2,,single
1790835604,57900,25,,single
1790835606,63500,1,,single
1790835607,63940,3,,single
1790835608,65930,9,,single
1790835610,70420,0,,single
1790835612,73020,11,,single
1790835613,92000,1,,single
1790835614,93200,0,,single
1790835616,97100,1,,single
1790835617,102500,15,,single
1790835619,105800,1,,single
1790835620,111800,0,,single
1790835621,113420,1,,single
1790835623,200910,0,,single
1790835624,201420,1,,single
1790835626,202310,3,,single
1790835627,203210,1,,single
1790835629,203810,0,,single
1790835630,204180,1,,single
1790835631,205710,135,,single
1790835633,205990,12,,single
1790835634,208670,1,,single
1790835636,209060,0,,single
1790835637,209630,0,,single
1790835639,209950,4,,single
1790835640,211340,0,,single
1790835642,211780,4,,single
1790835643,212200,353,,single
1790835644,213670,574,,single
1790835646,214790,2,,single
1790835647,215100,27,,single
1790835648,215630,0,,single
1790835650,215830,2,,single
1790835651,216260,6,,single
1790835653,217140,2,,single
1790835654,217790,0,,single
1790835655,218230,224,,single
1790835657,218740,0,,single
1790835658,219950,0,,single
1790835660,220700,146,,single
1790835661,221100,17187,,single
1790835663,222480,121,,single
1790835664,222980,2,,single
1790835665,223490,0,,single
1790835667,403120,4,,single
1790835668,225020,0,,single
1790835670,225320,0,,single
1790835672,225600,0,,single
1790835673,226560,2,,single
1790835675,226720,4,,single
1790835676,227860,14,,single
1790835678,228380,181,,single
1790835679,231040,0,,single
1790835681,231330,0,,single
1790835682,232090,4679,,single
1790835683,233230,0,,single
1790835685,233550,0,,single
1790835686,234080,56,,single
1790835688,234900,0,,single
1790835689,235380,4,,single
1790835691,236370,0,,single
1790835692,236870,24,,single
1790835693,237870,4,,single
1790835695,238260,10,,single
1790835696,238370,4,,single
1790835698,238930,0,,single
1790835699,239200,5,,single
1790835700,240440,0,,single
1790835702,241320,0,,single
1790835703,242550,34,,single
1790835705,242980,0,,single
1790835706,243160,0,,single
1790835707,243930,3,,single
1790835709,244770,4,,single
1790835711,245280,5,,single
1790835712,245490,10,,single
1790835713,246110,3,,single
1790835715,247950,0,,single
1790835716,249230,13,,single
1790835718,249650,2,,single
1790835719,250400,8,,single
1790835722,250580,2,,single
1790835723,250700,0,,single
1790835725,251430,0,,single
1790835726,251870,1,,single
1790835727,252350,0,,single
1790835729,252490,34619,,single
1790835730,253190,1,,single
1790835732,253650,0,,single
1790835733,254060,2,,single
1790835735,255220,1,,single
1790835736,255390,3,,single
1790835738,256190,1,,single
1790835739,257400,4,,single
1790835740,257710,0,,single
1790835742,258520,1,,single
1790835743,260160,10,,single
1790835745,260790,0,,single
1790835746,261700,0,,single
1790835748,262150,0,,single
1790835749,262470,0,,single
1790835750,263020,1,,single
1790835752,263560,0,,single
1790835753,264160,7,,single
1790835755,265330,5,,single
1790835756,265690,3,,single
1790835757,266130,3,,single
1790835759,268050,135,,single
1790835760,269110,3,,single
1790835762,269250,0,,single
1790835763,269650,2,,single
1790835765,269790,3,,single
1790835766,270630,5,,single
1790835768,271240,19,,single
1790835769,271670,1,,single
1790835771,272060,1,,single
1790835772,273350,3,,single
1790835773,274290,0,,single
1790835775,274560,0,,single
1790835776,275490,0,,single
1790835778,277450,10,,single
1790835779,278910,0,,single
1790835781,280680,975,,single
1790835782,281370,0,,single
1790835784,282050,2,,single
1790835785,282560,6,,single
1790835786,282900,14,,single
1790835788,283880,2,,single
1790835789,284750,3,,single
1790835791,285440,0,,single
1790835792,286240,1,,single
1790835793,287260,0,,single
1790835795,287920,2,,single
1790835796,288470,93,,single
1790835798,290080,81,,single
1790835799,290790,1,,single
1790835800,292000,1583,,single
1790835802,292410,6,,single
1790835803,293520,0,,single
1790835805,294160,1,,single
1790835806,295690,1,,single
1790835808,296470,3,,single
1790835809,296910,0,,single
1790835811,297120,0,,single
1790835812,298050,146,,single
1790835814,298520,0,,single
1790835815,299720,0,,single
1790835817,300060,0,,single
1790835818,301120,80,,single
1790835820,301910,6,,single
1790835821,302590,2,,single
1790835822,303390,2,,single
1790835824,303800,1,,single
1790835825,304730,5,,single
1790835827,305380,1,,single
1790835828,307050,0,,single
1790835830,308040,2,,single
1790835831,310890,0,,single
1790835833,311190,1,,single
1790835834,311730,54,,single
1790835836,312200,2,,single
1790835837,312560,9,,single
1790835839,312780,13,,single
1790835840,313020,0,,single
1790835841,313740,2,,single
1790835843,314020,0,,single
1790835844,314450,0,,single
1790835846,314790,2,,single
1790835847,315430,0,,single
1790835848,317250,0,,single
1790835850,317620,2,,single
1790835851,318230,2,,single
1790835853,319140,0,,single
1790835854,320240,14,,single
1790835856,321290,2,,single
1790835857,322110,11,,single
1790835858,324260,0,,single
1790835860,324740,1,,single
1790835861,325420,0,,single
1790835863,327030,149,,single
1790835864,327510,0,,single
1790835865,328070,0,,single
1790835867,329440,11,,single
1790835868,330020,123,,single
1790835869,330820,1,,single
1790835871,331440,0,,single
1790835872,332200,5,,single
1790835874,333950,10,,single
1790835875,334120,1,,single
1790835877,335070,31,,single
1790835878,336130,1,,single
1790835879,338180,0,,single
1790835881,339200,1,,single
1790835882,339580,1,,single
1790835884,340000,1,,single
1790835885,340170,13,,single
1790835886,341500,0,,single
1790835888,342200,216,,single
1790835889,342980,0,,single
1790835891,344240,0,,single
1790835892,344850,6,,single
1790835893,345260,86,,single
1790835895,345370,32,,single
1790835896,345650,1,,single
1790835898,346250,0,,single
1790835899,347160,1,,single
1790835901,347600,4,,single
1790835902,347830,0,,single
1790835903,348510,0,,single
1790835905,350070,2,,single
1790835906,350910,1,,single
1790835908,351100,1,,single
1790835909,351800,0,,single
1790835910,352700,10,,single
1790835912,353540,1,,single
1790835914,354290,36,,single
1790835915,355170,1,,single
1790835917,355840,0,,single
1790835918,356190,1022,,single
1790835919,356670,4,,single
1790835921,357340,1,,single
1790835922,359050,7,,single
1790835924,359390,41,,single
1790835925,359870,446,,single
1790835926,360730,0,,single
1790835928,361300,3,,single
1790835929,363150,433,,single
1790835931,363600,4,,single
1790835932,364420,2,,single
1790835934,365670,9222,,single
1790835935,366240,2,,single
1790835936,366910,1,,single
1790835938,368070,96,,single
1790835939,368430,0,,single
1790835941,368950,0,,single
1790835942,369530,3,,single
1790835943,371180,0,,single
1790835945,371660,463,,single
1790835946,374030,0,,single
1790835948,375600,1,,single
1790835949,376680,45,,single
1790835951,377530,145,,single
1790835952,378540,30,,single
1790835953,378860,62,,single
1790835955,380360,7,,single
1790835956,381990,10,,single
1790835958,382900,7,,single
1790835959,383180,45,,single
1790835961,384110,14,,single
1790835962,384740,1,,single
1790835964,385560,1,,single
1790835965,386180,631,,single
1790835966,387860,1,,single
1790835968,388750,3,,single
1790835970,389510,3,,single
1790835971,390340,1,,single
1790835972,391040,3,,single
1790835974,391720,33,,single
1790835975,393200,0,,single
1790835977,393530,49,,single
1790835978,394760,1,,single
1790835980,396350,1,,single
1790835981,397270,1,,single
1790835983,399790,5,,single
1790835984,400080,18,,single
1790835986,400250,0,,single
1790835987,400750,4015,,single
1790835989,401710,0,,single
1790835990,402310,0,,single
1790835991,402620,7,,single
1790835993,403180,6,,single
1790835994,404620,0,,single
1790835996,407330,6,,single
1790835997,408520,0,,single
1790835999,409100,1,,single
1790836000,409720,90,,single
1790836001,410710,3,,single
1790836003,411300,51,,single
1790836004,411970,4,,single
1790836006,412880,1,,single
1790836007,414870,0,,single
1790836009,416210,0,,single
1790836011,416690,0,,single
1790836012,417880,0,,single
1790836014,420110,13,,single
1790836015,420930,1,,single
1790836017,422510,5,,single
1790836018,423230,6,,single
1790836020,423950,2,,single
1790836021,426790,3,,single
1790836023,427290,68,,single
1790836024,427730,42,,single
1790836026,428690,12,,single
1790836027,429540,18,,single
1790836029,431940,3,,single
1790836030,432350,50,,single
1790836032,433280,13,,single
1790836033,433850,141,,single
1790836035,434420,0,,single
1790836036,434650,105,,single
1790836037,435300,0,,single
1790836039,436500,0,,single
1790836041,437220,1,,single
1790836042,438490,36,,single
1790836043,439340,1,,single
1790836045,440650,23,,single
1790836046,441790,0,,single
1790836048,442070,9,,single
1790836049,442780,1,,single
1790836051,443810,46,,single
1790836052,444940,282,,single
1790836053,446020,15,,single
1790836055,448370,0,,single
1790836056,449800,9,,single
1790836058,451760,3,,single
1790836059,452490,1,,single
1790836061,453890,0,,single
1790836062,455910,2,,single
1790836063,458750,385,,single
1790836065,460120,4,,single
1790836066,460790,102,,single
1790836068,461430,2,,single
1790836069,461870,0,,single
1790836070,462930,23,,single
1790836072,463270,0,,single
1790836073,464780,0,,single
1790836075,465240,21,,single
1790836076,465760,0,,single
1790836078,466500,0,,single
1790836079,468530,0,,single
1790836081,469790,0,,single
1790836082,469990,8,,single
1790836084,471660,2,,single
1790836085,474750,3,,single
1790836086,477730,6,,single
1790836088,485030,1,,single
1790836089,485510,358,,single
1790836091,487000,2,,single
1790836092,487700,1,,single
1790836094,488790,469,,single
1790836095,490220,11,,single
1790836096,493370,10,,single
1790836098,493540,3,,single
1790836099,495420,1044,,single
1790836101,496300,50,,single
1790836102,496810,0,,single
1790836103,500260,0,,single
1790836105,502550,0,,single
1790836106,503300,2,,single
1790836108,503620,0,,single
1790836109,504770,2,,single
1790836111,505640,1,,single
1790836112,506140,62,,single
1790836114,509980,43,,single
1790836115,510510,2,,single
1790836117,512250,2,,single
1790836118,513290,0,,single
1790836119,514310,0,,single
1790836121,515040,0,,single
1790836122,518060,12,,single
1790836124,519190,2,,single
1790836125,520720,2,,single
1790836127,521890,148,,single
1790836128,523210,1,,single
1790836129,524580,3,,single
1790836131,525700,1,,single
1790836132,527100,1,,single
1790836134,1049590,6162,,single
1790836135,529180,8,,single
1790836136,529660,5,,single
1790836138,530390,0,,single
1790836139,531960,0,,single
1790836141,533540,7,,single
1790836142,534550,4,,single
1790836144,536270,117,,single
1790836145,537180,80,,single
1790836146,538030,77,,single
1790836148,541300,25,,single
1790836149,543460,39,,single
1790836151,544750,80,,single
1790836152,546050,16,,single
1790836154,546430,4,,single
1790836155,549260,0,,single
1790836157,550900,0,,single
1790836158,552590,2,,single
1790836160,554310,2,,single
1790836161,555210,0,,single
1790836163,555950,69,,single
1790836164,557400,19,,single
1790836166,559610,1,,single
1790836167,560170,1,,single
1790836169,562500,5,,single
1790836170,566190,0,,single
1790836172,567280,0,,single
1790836173,568570,3,,single
1790836174,570840,5,,single
1790836176,574090,0,,single
1790836177,575550,1,,single
1790836179,577480,9,,single
1790836180,578650,42,,single
1790836181,579840,0,,single
1790836183,581320,654,,single
1790836185,582890,0,,single
1790836186,585690,6,,single
1790836188,586200,23,,single
1790836189,587100,7,,single
1790836190,587520,16,,single
1790836192,588210,1,,single
1790836193,589360,53,,single
1790836195,589780,9,,single
1790836196,591960,39,,single
1790836198,594330,20,,single
1790836199,598060,3,,single
1790836200,599080,0,,single
1790836202,601150,897,,single
1790836203,602520,16,,single
1790836205,604490,0,,single
1790836206,605450,0,,single
1790836207,606710,3,,single
1790836209,607050,7,,single
1790836210,608800,0,,single
1790836212,609920,1,,single
1790836213,611670,122,,single
1790836215,612390,1,,single
1790836216,612720,20,,single
1790836218,613880,10,,single
1790836219,617290,429,,single
1790836221,618970,1,,single
1790836222,619780,0,,single
1790836224,621070,1,,single
1790836225,622440,2,,single
1790836226,623340,0,,single
1790836228,626680,1,,single
1790836229,628730,0,,single
1790836231,629690,1,,single
1790836232,630100,0,,single
1790836234,632350,2,,single
1790836235,635200,0,,single
1790836237,636970,4,,single
1790836238,637650,594,,single
1790836239,638490,3,,single
1790836241,638970,199,,single
1790836242,640380,10,,single
1790836244,644560,54,,single
1790836245,644930,2107,,single
1790836246,648100,312,,single
1790836248,650000,1,,single
1790836249,650670,1,,single
1790836251,652410,0,,single
1790836252,656240,1,,single
1790836254,658620,28,,single
1790836255,663670,9,,single
1790836256,665180,1,,single
1790836258,667890,32,,single
1790836259,669950,1,,single
1790836261,671510,3,,single
1790836262,672680,147,,single
1790836264,673560,9,,single
1790836266,674750,11,,single
1790836267,677480,0,,single
1790836269,681660,0,,single
1790836270,684450,36,,single
1790836271,685240,1,,single
1790836273,686810,1544,,single
1790836274,688060,3,,single
1790836276,690510,0,,single
1790836277,690830,405,,single
1790836279,692840,0,,single
1790836280,695290,4,,single
1790836281,696370,6,,single
1790836283,698670,115,,single
1790836284,699920,6,,single
1790836286,702050,21,,single
1790836287,703860,4,,single
1790836288,706560,1,,single
1790836290,707030,21,,single
1790836291,711750,1,,single
1790836293,714120,8,,single
1790836294,716500,0,,single
1790836295,718650,1,,single
1790836297,720250,10,,single
1790836298,722230,1,,single
1790836300,723390,3,,single
1790836301,726840,15,,single
1790836302,728530,90,,single
1790836304,730390,4,,single
1790836305,733210,0,,single
1790836306,736820,185,,single
1790836308,738530,1,,single
1790836309,740130,116,,single
1790836311,743450,23,,single
1790836312,744060,0,,single
1790836314,747200,11,,single
1790836315,747360,0,,single
1790836316,751440,0,,single
1790836318,753590,0,,single
1790836319,754530,8,,single
1790836321,755800,96,,single
1790836322,757300,0,,single
1790836323,758480,1,,single
1790836325,762220,1,,single
1790836326,765710,0,,single
1790836328,767560,1042,,single
1790836329,768520,9,,single
1790836330,772430,3,,single
1790836332,774171,1326,,single
1790836333,774361,328,,single
1790836334,775940,0,,single
1790836336,778700,24,,single
1790836337,779590,0,,single
1790836339,782250,5,,single
1790836340,787070,0,,single
1790836342,788100,110,,single
1790836343,788690,0,,single
1790836345,790710,50,,single
1790836346,794260,112,,single
1790836347,794860,9,,single
1790836349,798810,0,,single
1790836350,803600,41,,single
1790836352,804490,0,,single
1790836353,808910,2,,single
1790836354,809890,1,,single
1790836356,813540,6,,single
1790836357,814680,0,,single
1790836359,817840,5,,single
1790836360,821890,0,,single
1790836362,824070,1,,single
1790836363,825630,53,,single
1790836364,830370,2,,single
1790836366,833040,3,,single
1790836367,836450,3,,single
1790836369,838380,16,,single
1790836370,841770,1,,single
1790836371,843200,4,,single
1790836373,844930,6,,single
1790836374,849100,3,,single
1790836376,851890,3,,single
1790836377,855740,9,,single
1790836378,859570,3,,single
1790836380,863500,6,,single
1790836381,865680,4,,single
1790836383,868520,1,,single
1790836384,871930,5,,single
1790836386,873840,11,,single
1790836387,877810,1,,single
1790836388,879160,1,,single
1790836390,882100,28,,single
1790836391,885150,4,,single
1790836393,887490,2,,single
1790836394,889510,11,,single
1790836395,893050,6,,single
1790836397,895620,165,,single
1790836398,897220,12,,single
1790836400,899970,10,,single
1790836401,903950,22,,single
1790836402,907650,25,,single
1790836404,910830,3,,single
1790836405,914260,0,,single
1790836407,914750,1,,single
1790836408,916840,13,,single
1790836409,919360,2,,single
1790836411,921570,792,,single
1790836412,922500,9,,single
1790836414,924750,2,,single
1790836415,927250,0,,single
1790836417,927890,0,,single
1790836418,929010,3,,single
1790836419,932850,8,,single
1790836421,934700,548,,single
1790836422,936780,9,,single
1790836424,939520,11,,single
1790836425,940910,3,,single
1790836426,944220,0,,single
1790836428,946030,2,,single
1790836429,952040,72,,single
1790836431,952250,0,,single
1790836432,954740,34,,single
1790836433,955900,449,,single
1790836435,957960,4,,single
1790836436,960910,179,,single
1790836438,964650,1,,single
1790836439,968790,22,,single
1790836440,970570,43,,single
1790836442,971030,1,,single
1790836443,977720,1,,single
1790836445,979060,51,,single
1790836446,980940,2,,single
1790836448,984110,2,,single
1790836449,984800,2,,single
1790836450,990050,2,,single
1790836452,991560,3,,single
1790836453,992640,0,,single
1790836455,994220,2,,single
1790836457,996380,1,,single
1790836458,999020,32,,single
1790836459,1000410,2,,single
1790836461,1004240,1,,single
1790836462,1005870,1,,single
1790836464,1011510,98,,single
1790836465,2696480,36,,single
1790836466,1015930,1,,single
1790836468,1016950,42,,single
1790836469,1018020,3,,single
1790836471,1025580,0,,single
1790836472,1026680,120,,single
1790836474,1029690,986,,single
1790836475,1030830,245,,single
1790836477,1031460,0,,single
1790836478,1034900,3,,single
1790836479,1037020,5,,single
1790836481,1040550,0,,single
1790836482,1041920,1,,single
1790836484,1042780,3,,single
1790836485,1044620,34,,single
1790836487,1046820,5,,single
1790836488,1049320,7,,single
1790836490,1049890,1,,single
1790836491,1056640,624,,single
1790836493,1057640,16,,single
1790836494,1062810,19,,single
1790836495,1063730,258,,single
1790836497,1065100,3,,single
1790836498,1069530,0,,single
1790836500,1071870,142,,single
1790836501,1077290,0,,single
1790836502,1080020,29,,single
1790836504,1086640,1,,single
1790836506,1087460,5,,single
1790836507,1088710,40,,single
1790836508,1091500,20311,,single
1790836510,1094030,1,,single
1790836511,1096410,5,,single
1790836513,1097200,4,,single
1790836514,1097620,2,,single
1790836516,1100410,30,,single
1790836517,1101790,8,,single
1790836519,1104330,6,,single
1790836520,1105500,76,,single
1790836521,1106530,74,,single
1790836523,1107790,2,,single
1790836525,1110050,0,,single
1790836526,1111210,0,,single
1790836528,1112790,12,,single
1790836529,1113570,3,,single
1790836531,1118240,11,,single
1790836532,1120320,11,,single
1790836534,1121910,4,,single
1790836535,1124300,212,,single
1790836537,1127980,5,,single
1790836538,1128860,54,,single
1790836539,1131240,0,,single
1790836541,1133760,26,,single
1790836542,1135240,1,,single
1790836544,1136370,21,,single
1790836545,1138640,6,,single
1790836547,1141020,77,,single
1790836548,1142100,2,,single
1790836550,1144400,377,,single
1790836551,1146510,2,,single
1790836553,1148510,0,,single
1790836554,1150530,20,,single
1790836555,1154810,10,,single
1790836557,1158420,3,,single
1790836558,1160750,120,,single
1790836560,1162680,0,,single
1790836561,1164690,0,,single
1790836563,1168880,0,,single
1790836564,1170970,143,,single
1790836565,1173200,4,,single
1790836567,1174940,1,,single
1790836568,1175880,0,,single
1790836570,1178830,19,,single
1790836571,1180030,0,,single
1790836572,1182020,120,,single
1790836574,1184050,32,,single
1790836575,1184480,5,,single
1790836577,1188680,0,,single
1790836578,1190110,0,,single
1790836580,1191630,11,,single
1790836581,1194930,1,,single
1790836582,1196590,1449,,single
1790836584,1203180,0,,single
1790836585,1203930,6,,single
1790836586,1206480,0,,single
1790836588,1209040,0,,single
1790836589,1213740,10,,single
1790836591,1216060,0,,single
1790836592,1218500,2,,single
1790836593,1220150,1,,single
1790836595,1222690,268,,single
1790836596,1224600,4,,single
1790836598,1225590,0,,single
1790836599,1227890,314,,single
1790836601,1229580,1,,single
1790836602,1233260,5,,single
1790836604,1235110,8,,single
1790836605,1236990,0,,single
1790836606,1238020,25,,single
1790836608,1238810,4235,,single
1790836609,1238880,22,,single
1790836611,1243830,480,,single
1790836612,1248990,0,,single
1790836614,1249880,1,,single
1790836615,1252330,42,,single
1790836616,1253870,0,,single
1790836618,1254320,4,,single
1790836621,1256230,0,,single
1790836622,1259560,1,,single
1790836624,1261040,13,,single
1790836625,1264740,0,,single
1790836627,1265930,19,,single
1790836628,1266840,72,,single
1790836629,1269300,1,,single
1790836631,1271050,0,,single
1790836632,1274290,1,,single
1790836634,1276660,0,,single
1790836635,1277920,9,,single
1790836637,1279630,0,,single
1790836638,1282210,1,,single
1790836640,1283220,0,,single
1790836641,1284410,534,,single
1790836643,1287530,5,,single
1790836644,1289310,48,,single
1790836646,1292020,4,,single
1790836647,1293820,42,,single
1790836648,1296360,4,,single
1790836650,1296830,515,,single
1790836652,1302800,0,,single
1790836653,1306630,5,,single
1790836654,1310510,0,,single
1790836656,1316230,8,,single
1790836657,1320100,0,,single
1790836659,1324340,15,,single
1790836660,1325260,1,,single
1790836661,1328670,1258,,single
1790836663,1331510,7,,single
1790836664,1334000,1,,single
1790836666,1335200,601,,single
1790836667,1341200,19,,single
1790836668,1345860,4,,single
1790836670,1349230,10,,single
1790836671,1353300,860,,single
1790836673,1357210,159,,single
1790836674,1359090,20,,single
1790836675,1367300,1,,single
1790836677,1368820,91,,single
1790836678,1369470,25,,single
1790836680,1371630,41,,single
1790836681,1372110,351,,single
1790836683,1373510,2,,single
1790836684,1374930,7,,single
1790836685,1376070,0,,single
1790836687,1380220,2,,single
1790836688,1382330,143,,single
1790836690,1388590,56,,single
1790836691,1390010,0,,single
1790836693,1394270,0,,single
1790836694,1398210,2,,single
1790836695,1402120,4,,single
1790836697,1406780,1,,single
1790836698,1412190,0,,single
1790836699,1414250,0,,single
1790836701,1417010,0,,single
1790836702,1420290,13,,single
1790836704,1421490,1,,single
1790836705,1425350,2,,single
1790836707,1428420,14,,single
1790836708,1429850,15,,single
1790836710,1432320,51,,single
1790836711,1436700,97,,single
1790836713,1439750,6,,single
1790836714,1444300,0,,single
1790836716,1448440,339,,single
1790836717,1454890,0,,single
1790836718,1456880,2,,single
1790836720,1458100,51,,single
1790836721,1465470,701,,single
1790836723,1466390,0,,single
1790836724,1472560,33,,single
1790836725,1475810,162,,single
1790836727,1479140,4,,single
1790836728,1481080,67,,single
1790836730,1484900,2,,single
1790836731,1487390,0,,single
1790836733,1490060,1,,single
1790836734,1492070,10,,single
1790836735,1493760,6,,single
1790836737,1494840,5,,single
1790836738,1498740,5,,single
1790836740,1504020,1,,single
1790836741,1506850,2,,single
1790836743,1512590,1,,single
1790836744,1517970,16,,single
1790836746,1522960,0,,single
1790836747,1530160,37,,single
1790836748,1534840,1,,single
1790836750,1538570,9,,single
1790836751,1543150,1,,single
1790836753,1548850,16,,single
1790836754,1549970,58,,single
1790836756,1551360,4263,,single
1790836757,1555110,6,,single
1790836758,1559680,3,,single
1790836760,1564600,28,,single
1790836761,1571940,0,,single
1790836763,1574250,0,,single
1790836764,1577120,184,,single
1790836766,1580180,0,,single
1790836767,1583230,60,,single
1790836769,1588010,43,,single
1790836770,1591290,10,,single
1790836771,1592110,1,,single
1790836773,1594060,1,,single
1790836774,1599660,52,,single
1790836776,1602010,86,,single
1790836777,1608450,27,,single
1790836779,1610900,6,,single
1790836780,1612770,8,,single
1790836781,1619520,21,,single
1790836783,1621560,4,,single
1790836784,1622910,21,,single
1790836786,1627570,13,,single
1790836787,1634080,20,,single
1790836789,1639610,0,,single
1790836790,1643310,51,,single
1790836792,1647160,1,,single
1790836793,1649240,45,,single
1790836795,1660840,3,,single
1790836796,1664200,0,,single
1790836798,1668520,20,,single
1790836799,1671410,0,,single
1790836800,1674780,1,,single
1790836802,1678430,4,,single
1790836803,1682050,9,,single
1790836805,1685750,13,,single
1790836806,1691190,35,,single
1790836808,1692250,36,,single
1790836809,1695830,3,,single
1790836811,1701520,68,,single
1790836812,1703140,2,,single
1790836813,1707990,1,,single
1790836815,1708850,62,,single
1790836816,1713350,12,,single
1790836818,1714420,0,,single
1790836819,1715590,5,,single
1790836820,1721060,39,,single
1790836822,1722860,7,,single
1790836823,1729790,0,,single
1790836825,1733240,2,,single
1790836826,1740930,6,,single
1790836828,1745510,40,,single
1790836829,1755100,4,,single
1790836830,1762010,0,,single
1790836832,1765780,0,,single
1790836833,1766100,4,,single
1790836835,1777620,27,,single
1790836836,1781160,1,,single
1790836838,1785650,97,,single
1790836839,1800940,0,,single
1790836841,1805480,68,,single
1790836842,1812300,1,,single
1790836843,1814170,19,,single
1790836845,1832040,3,,single
1790836846,1837480,21,,single
1790836848,1840490,0,,single
1790836849,1845910,253,,single
1790836851,1850050,2,,single
1790836852,1850960,11,,single
1790836854,1857080,30,,single
1790836855,1861610,9,,single
1790836857,1868180,116,,single
1790836858,1874000,42,,single
1790836859,1879330,106,,single
1790836861,1888930,2486,,single
1790836862,1893820,0,,single
1790836864,1901200,0,,single
1790836866,1910860,1,,single
1790836867,1915380,14,,single
1790836869,1920490,129,,single
1790836870,1924430,0,,single
1790836872,1926620,0,,single
1790836873,1931010,8,,single
1790836875,1937480,21,,single
1790836877,1940340,574,,single
1790836878,1946970,16,,single
1790836879,1948800,830,,single
1790836881,1950440,1,,single
1790836882,1954750,0,,single
1790836884,1959390,0,,single
1790836885,1963210,6,,single
1790836887,1971870,576,,single
1790836888,1975580,10,,single
1790836889,1982340,2,,single
1790836891,1985810,438,,single
1790836892,1988540,65,,single
1790836894,1995520,337,,single
1790836895,1999770,11,,single
1790836897,2004080,3,,single
1790836898,2008100,46,,single
1790836899,2012190,9,,single
1790836901,2015270,34,,single
1790836902,2022180,9,,single
1790836904,2024230,1,,single
1790836905,2052410,219,,single
1790836907,2058570,7,,single
1790836908,2071500,20,,single
1790836910,2076580,0,,single
1790836911,2085370,14,,single
1790836912,2094320,3,,single
1790836914,2102520,3,,single
1790836915,2107090,1,,single
1790836917,2113570,2,,single
1790836918,2123640,2,,single
1790836919,2131680,19,,single
1790836923,2139020,4,,single
1790836924,2142680,3,,single
1790836925,2160360,0,,single
1790836927,2176130,25,,single
1790836928,2186400,0,,single
1790836930,2193540,24,,single
1790836931,2198510,26,,single
1790836932,2204130,38,,single
1790836934,2213190,3,,single
1790836935,2217580,2,,single
1790836937,2224640,14,,single
1790836938,2235020,13,,single
1790836940,2242760,0,,single
1790836941,2254890,202,,single
1790836942,2259310,5,,single
1790836944,2275020,4,,single
1790836945,2285150,47,,single
1790836947,2287330,6,,single
1790836948,2291060,456,,single
1790836950,2302990,71,,single
1790836951,2313330,17,,single
1790836952,2315690,36,,single
1790836954,2322560,22,,single
1790836955,2336720,1,,single
1790836957,2342950,42,,single
1790836958,2348120,18,,single
1790836960,2358260,66,,single
1790836961,2371630,66,,single
1790836962,2383120,2,,single
1790836964,2389570,0,,single
1790836965,2395210,18,,single
1790836967,2400430,17,,single
1790836968,2404880,431,,single
1790836970,2407270,375,,single
1790836971,2420880,2,,single
1790836972,2427430,48,,single
1790836974,2430990,2,,single
1790836975,2438680,3,,single
1790836976,2442020,3,,single
1790836978,2446550,23,,single
1790836979,2453060,10,,single
1790836981,2457220,160,,single
1790836982,2458830,2,,single
1790836983,2473480,15,,single
1790836985,2481020,1,,single
1790836986,2490990,20,,single
1790836988,2497900,10,,single
1790836989,2510960,30,,single
1790836991,2518960,26,,single
1790836992,2529170,3,,single
1790836994,2536530,0,,single
1790836995,2545360,3,,single
1790836997,2565550,0,,single
1790836998,2599270,2,,single
1790837000,2609610,56,,single
1790837001,2619650,63,,single
1790837003,2623190,554,,single
1790837004,2631250,3,,single
1790837005,2659900,7,,single
1790837007,2668430,34,,single
1790837008,2671970,13,,single
1790837010,2682580,1,,single
1790837011,2691350,4,,single
1790837013,2695940,39,,single
1790837014,2701660,169,,single
1790837015,2719940,17,,single
1790837017,2727650,3,,single
1790837018,2745870,6,,single
1790837020,2749770,23,,single
1790837021,2757330,11,,single
1790837023,2768430,235,,single
1790837024,2786680,24,,single
1790837026,2796010,24,,single
1790837027,2820820,123,,single
1790837029,2826800,3,,single
1790837030,2840770,647,,single
1790837031,2853590,140,,single
1790837033,2870710,2,,single
1790837034,2891310,2,,single
1790837036,2904000,1219,,single
1790837037,2919660,5,,single
1790837039,2922410,31,,single
1790837040,2943150,2,,single
1790837041,2952470,3,,single
1790837043,2965660,99,,single
1790837044,2996040,53,,single
1790837046,3011030,14,,single
1790837047,3021100,26,,single
1790837049,3037410,675,,single
1790837050,3062930,2,,single
1790837051,3099730,1,,single
1790837053,3123410,62,,single
1790837054,3149370,1,,single
1790837056,3179730,45,,single
1790837057,3187030,537,,single
1790837058,3213850,2392,,single
1790837060,3238670,110,,single
1790837061,3258290,48,,single
1790837063,3314060,70,,single
1790837064,3339780,3,,single
1790837066,3400930,20,,single
1790837067,3435260,5,,single
1790837069,3461920,5,,single
1790837070,3580580,11,,single
1790837071,202970,66,,single
1790837073,583950,11391,,single
1790837074,1178490,153,,single
1790837075,2901520,11,,single
1790837077,1559390,37,,single
1790837078,1249800,4,,single
1790837080,584980,2,,single
1790837081,298240,1,,single
1790837082,1126290,6,,single
1790837084,615530,7,,single
1790837085,253980,4,,single
1790837086,2128940,34,,single
1790837088,1816570,1,,single
1790837089,287630,5,,single
1790837091,1064730,0,,single
1790837092,724970,7,,single
1790837094,1263370,3,,single
1790837095,104200,1,,single
1790837097,2059790,52,,single
1790837098,862690,0,,single
1790837100,604450,0,,single
1790837101,3358510,156,,single
1790837103,1269370,6,,single
1790837104,308420,2,,single
1790837106,17330,6,,single
1790837107,3094010,76,,single
1790837109,2755330,8,,single
1790837110,3433810,2,,single
1790837112,1122750,3,,single
1790837113,3167180,11,,single
1790837115,662960,1,,single
1790837116,722960,0,,single
1790837117,944020,3,,single
1790837119,919370,1,,single
1790837120,1345740,1,,single
1790837122,1566390,20,,single
1790837123,715400,0,,single
1790837125,1993150,57,,single
1790837126,326360,153,,single
1790837128,1016600,3,,single
1790837130,334310,26,,single
1790837131,1540150,9,,single
1790837132,1974520,13,,single
1790837134,3099660,5,,single
1790837135,1639430,5,,single
1790837137,1078350,48,,single
1790837138,3003300,479,,single
1790837140,1817940,1,,single
1790837141,695630,27,,single
1790837143,241910,3,,single
1790837144,2346410,35,,single
1790837146,588690,3,,single
1790837147,1161870,0,,single
1790837149,400240,0,,single
1790837150,2510770,11,,single
1790837152,280180,1,,single
1790837153,1868000,1,,single
1790837155,1510030,5,,single
1790837156,370280,0,,single
1790837157,1562260,0,,single
1790837159,1212830,1,,single
1790837160,1193340,1,,single
1790837162,258760,6,,single
1790837163,1277940,12,,single
1790837165,1601740,0,,single
1790837166,665090,0,,single
1790837167,3028500,4,,single
1790837169,2986260,8,,single
1790837171,1041840,4,,single
1790837172,500710,10,,single
1790837174,2868860,121,,single
1790837175,2226700,34,,single
1790837177,704030,1,,single
1790837178,599460,17,,single
1790837179,1060670,0,,single
1790837181,551770,1,,single
1790837182,758530,0,,single
1790837184,1449070,3,,single
1790837185,3376250,118,,single
1790837186,381640,18,,single
1790837188,1519090,31,,single
1790837189,2780710,41,,single
1790837191,1083210,0,,single
1790837192,810670,0,,single
1790837194,948830,0,,single
1790837195,2093010,1,,single
1790837196,600370,1,,single
1790837198,742250,1,,single
1790837199,1028470,0,,single
1790837201,656200,0,,single
1790837202,1904860,55,,single
1790837203,1985930,0,,single
1790837205,1471180,38,,single
1790837206,2957700,13,,single
1790837207,1340130,2,,single
1790837209,2642890,1,,single
1790837211,2111870,2,,single
1790837212,662830,7,,single
1790837213,668550,6,,single
1790837215,970560,19,,single
1790837216,1101360,10,,single
1790837218,1159420,10,,single
1790837221,1246020,5,,single
1790837222,2628570,0,,single
1790837224,1089630,2,,single
1790837225,1783780,1,,single
1790837227,2963550,3,,single
1790837229,835650,2,,single
1790837230,585020,0,,single
1790837232,1594880,1,,single
1790837233,1274490,9,,single
1790837234,2137760,11,,single
1790837236,710470,1,,single
1790837237,2882870,0,,single
1790837239,2621150,0,,single
1790837240,1162070,7,,single
1790837242,2788040,2,,single
1790837243,2232600,12,,single
1790837244,2849960,0,,single
1790837246,1057180,0,,single
1790837247,760640,84,,single
1790837249,1092040,0,,single
1790837250,1674890,7,,single
1790837251,1405470,7,,single
1790837253,1546010,0,,single
1790837254,3395140,9,,single
1790837256,2400640,5,,single
1790837257,671800,7,,single
1790837259,826600,1,,single
1790837260,418670,5,,single
1790837262,1232460,4,,single
1790837263,1638300,13,,single
1790837265,364050,0,,single
1790837266,1151450,8,,single
1790837268,630060,6,,single
1790837269,39550,12,,single
1790837271,3170,45,,single
1790837272,2774830,0,,single
1790837274,449220,2,,single
1790837275,921780,2,,single
1790837277,591630,2,,single
1790837278,33130,3,,single
1790837280,2337860,2,,single
1790837281,3192360,4,,single
1790837283,1419730,0,,single
1790837284,2300230,1,,single
1790837286,2157680,35,,single
1790837287,1074070,6,,single
1790837289,2081400,8,,single
1790837290,938220,1,,single
1790837291,981750,6,,single
1790837293,1424660,11,,single
1790837294,2567190,17,,single
1790837296,207930,0,,single
1790837297,1679220,2,,single
1790837299,1689080,7,,single
1790837300,2738080,5,,single
1790837302,986680,6,,single
1790837303,366260,4,,single
1790837305,2972990,7,,single
1790837306,2647230,1,,single
1790837307,607880,3,,single
1790837309,337410,468,,single
1790837310,301750,1,,single
1790837312,1521970,1,,single
1790837313,1056570,5,,single
1790837315,1473060,9,,single
1790837316,2587450,1,,single
1790837317,2582650,23,,single
1790837319,3270,2,,single
1790837321,1836860,4,,single
1790837322,578540,0,,single
1790837324,673800,1,,single
1790837325,2976400,4,,single
1790837326,752580,34,,single
1790837328,2178590,24,,single
1790837329,2964410,0,,single
1790837331,764570,6,,single
1790837332,1007400,12,,single
1790837334,2907190,0,,single
1790837335,2727210,9,,single
1790837337,357780,1,,single
1790837338,934930,0,,single
1790837340,588160,3,,single
1790837341,473460,2,,single
1790837343,2714970,2,,single
1790837344,2417850,3,,single
1790837346,384570,1,,single
1790837347,1812060,6,,single
1790837349,1084570,4,,single
1790837350,1717250,0,,single
1790837352,1755350,0,,single
1790837353,1822450,14,,single
1790837355,1162650,10,,single
1790837356,885640,0,,single
1790837357,2730540,9,,single
1790837359,412470,1,,single
1790837360,603320,1,,single
1790837362,613730,0,,single
1790837363,885140,0,,single
1790837365,2697490,20,,single
1790837367,329380,1,,single
1790837368,2109270,5,,single
1790837370,714080,1,,single
1790837371,359610,4,,single
1790837373,1124660,0,,single
1790837374,1149440,11,,single
1790837376,257990,0,,single
1790837377,352890,2,,single
1790837379,2990510,0,,single
1790837380,2398170,0,,single
1790837382,3054610,3,,single
1790837383,1416240,1,,single
1790837385,1276800,0,,single
1790837386,960420,5,,single
1790837388,350810,0,,single
1790837389,1851280,1,,single
1790837390,2116060,28,,single
1790837392,2739830,3,,single
1790837393,1562940,27,,single
1790837395,1096720,1,,single
1790837396,492630,0,,single
1790837397,1937750,4,,single
1790837399,1425000,9,,single
1790837400,2539350,3,,single
1790837402,2530950,1,,single
1790837403,3171460,11,,single
1790837404,407310,0,,single
1790837406,1307090,1,,single
1790837407,597230,0,,single
1790837409,694770,4,,single
1790837410,571530,0,,single
1790837411,2331070,1,,single
1790837413,964570,23,,single
1790837414,1452250,2,,single
1790837416,1498140,2,,single
1790837417,2296550,13,,single
1790837418,2185780,3,,single
1790837420,457730,4,,single
1790837421,355130,0,,single
1790837423,787450,0,,single
1790837424,2862610,1,,single
1790837426,1648590,1,,single
1790837427,745330,0,,single
1790837429,620210,3,,single
1790837430,1660280,2,,single
1790837432,418270,0,,single
1790837433,2397250,16,,single
1790837434,759940,0,,single
1790837436,415350,0,,single
1790837437,508290,0,,single
1790837439,510840,0,,single
1790837440,394870,0,,single
1790837442,271360,24,,single
1790837443,1305300,3,,single
1790837445,1314460,0,,single
1790837446,2852980,7,,single
1790837448,582330,2,,single
1790837449,9800,2,,single
1790837450,780350,1,,single
1790837452,1916310,0,,single
1790837453,745960,4,,single
1790837455,1258780,12,,single
1790837456,2381740,6,,single
1790837458,3408110,9,,single
1790837459,2025610,0,,single
1790837461,33570,24,,single
1790837462,1273100,3,,single
1790837463,724740,0,,single
1790837465,2229560,1,,single
1790837467,1301620,0,,single
1790837468,1485690,3,,single
1790837469,1290170,0,,single
1790837471,524660,172,,single
1790837472,2233790,9,,single
1790837474,402530,0,,single
1790837475,289620,0,,single
1790837477,732730,0,,single
1790837478,1094820,2,,single
1790837479,1269260,2,,single
1790837481,33520,13,,single
1790837482,396160,5,,single
1790837484,398030,0,,single
1790837485,347940,1,,single
1790837487,1494470,9,,single
1790837488,286120,0,,single
1790837490,526790,0,,single
1790837491,2404370,0,,single
1790837492,887060,3,,single
1790837494,1132980,1,,single
1790837495,1637370,2,,single
1790837497,376730,0,,single
1790837533,904380,0,,single
1790837534,1789030,1,,single
1790837535,2749000,2,,single
1790837537,832360,1,,single
1790837538,491280,0,,single
1790837540,296050,0,,single
1790837541,1098280,1,,single
1790837543,943370,16,,single
1790837545,330350,0,,single
1790837547,377900,2,,single
1790837548,3072450,35,,single
1790837550,384680,0,,single
1790837551,445720,2,,single
1790837552,18820,0,,single
1790837554,2696320,2,,single
1790837555,809720,7,,single
1790837557,1601330,2,,single
1790837558,2088030,0,,single
1790837560,1811500,4,,single
1790837561,528060,1,,single
1790837562,2015620,1,,single
1790837564,494230,1,,single
1790837565,1802980,3,,single
1790837567,2468100,2,,single
1790837568,646240,0,,single
1790837570,2924170,21,,single
1790837571,225000,2,,single
1790837572,2388460,0,,single
1790837574,434210,0,,single
1790837575,794580,2,,single
1790837577,415610,1,,single
1790837578,338000,1,,single
1790837579,862570,3,,single
1790837581,1145660,0,,single
1790837582,2305500,7,,single
1790837584,326340,1,,single
1790837585,494730,3,,single
1790837587,1573630,1,,single
1790837588,746710,3,,single
1790837590,3211680,6,,single
1790837591,2741560,26,,single
1790837592,2206350,8,,single
1790837594,1555400,3,,single
1790837595,971620,51,,single
1790837597,2307120,2,,single
1790837598,1073320,0,,single
1790837599,1620540,0,,single
1790837601,1585440,1,,single
1790837603,2130540,0,,single
1790837604,251230,0,,single
1790837606,1546790,1,,single
1790837607,820730,0,,single
1790837608,2591210,12,,single
1790837610,398680,0,,single
1790837612,345430,0,,single
1790837613,294230,0,,single
1790837615,65610,0,,single
1790837616,33180,3,,single
1790837618,2270210,0,,single
1790837619,430070,0,,single
1790837621,2532050,6,,single
1790837622,317100,1,,single
1790837623,2457540,58,,single
1790837625,681390,0,,single
1790837626,2221500,0,,single
1790837628,521350,0,,single
1790837629,1914970,1,,single
1790837631,986040,5,,single
1790837632,547910,0,,single
1790837633,1490840,0,,single
1790837635,407230,5,,single
1790837636,1395760,2,,single
1790837637,606680,1,,single
1790837639,1403650,2,,single
1790837640,1683320,5,,single
1790837642,294020,1,,single
1790837643,406870,1,,single
1790837645,39650,5,,single
1790837646,292600,1,,single
1790837648,2368300,9,,single
1790837649,1639080,6,,single
1790837650,247140,0,,single
1790837652,2060750,0,,single
1790837653,389270,1,,single
1790837655,339790,9,,single
1790837656,33610,5,,single
1790837657,975270,14,,single
1790837659,1647190,1,,single
1790837660,2851150,1,,single
1790837662,1620290,5,,single
1790837663,1292910,2,,single
1790837665,2353340,3,,single
1790837666,2917350,14,,single
1790837667,1300920,3,,single
1790837669,1252560,0,,single
1790837670,1189440,5,,single
1790837672,341550,0,,single
1790837673,2439760,2,,single
1790837675,1090440,2,,single
1790837676,687850,1,,single
1790837677,1009990,0,,single
1790837679,1833490,1,,single
1790837680,2234150,34,,single
1790837682,1621760,8,,single
1790837683,368610,4,,single
1790837684,602890,0,,single
1790837686,2732820,0,,single
1790837687,574180,1,,single
1790837689,33110,5,,single
1790837691,715380,0,,single
1790837692,1096550,8,,single
1790837693,1163590,5,,single
1790837695,3257490,6,,single
1790837696,1323900,3,,single
1790837697,1354230,0,,single
1790837699,444220,2,,single
1790837700,418040,0,,single
1790837702,1602560,0,,single
1790837703,1442820,0,,single
1790837705,2744010,11,,single
1790837706,46540,0,,single
1790837707,414160,0,,single
1790837709,396790,0,,single
1790837710,458470,0,,single
1790837712,303790,3,,single
1790837713,350010,0,,single
1790837715,2377970,2,,single
1790837716,555510,1,,single
1790837718,1497950,5,,single
1790837719,326150,0,,single
1790837721,1656930,5,,single
1790837722,232950,1,,single
1790837724,628750,0,,single
1790837725,1140630,0,,single
1790837726,595440,0,,single
1790837728,2699820,18,,single
1790837729,1731200,9,,single
1790837731,3029990,0,,single
1790837732,361190,0,,single
1790837733,1168870,0,,single
1790837735,296240,1,,single
1790837737,1390700,1,,single
1790837738,1415220,1,,single
1790837740,898720,3,,single
1790837741,1201400,0,,single
1790837742,865090,0,,single
1790837744,887800,22,,single
1790837745,384030,19,,single
1790837747,2192620,2,,single
1790837748,381560,2,,single
1790837749,2990640,2,,single
1790837751,691770,1,,single
1790837752,1277510,12,,single
1790837754,1461910,23,,single
1790837755,3064290,0,,single
1790837756,2295920,2,,single
1790837758,579020,2,,single
1790837759,1600780,1,,single
1790837761,1259640,1,,single
1790837762,1349540,34,,single
1790837763,1883090,2,,single
1790837765,2633640,0,,single
1790837766,512180,18,,single
1790837768,965300,22,,single
1790837769,11340,0,,single
1790837771,1941410,0,,single
1790837772,1074080,4,,single
1790837773,1883370,2,,single
1790837775,1889740,3,,single
1790837776,421740,0,,single
1790837778,409690,0,,single
1790837779,963450,0,,single
1790837781,911220,0,,single
1790837782,1614270,0,,single
1790837784,3042680,3,,single
1790837785,1299400,5,,single
1790837786,1658920,39,,single
1790837788,1440500,0,,single
1790837789,497400,1,,single
1790837791,463930,0,,single
1790837792,2328650,10,,single
1790837794,2153330,1,,single
1790837795,286360,1,,single
1790837796,687920,0,,single
1790837798,4800,3,,single
1790837799,573130,0,,single
1790837801,2538910,3,,single
1790837802,3281300,2,,single
1790837804,424250,2,,single
1790837805,1129570,3,,single
1790837806,2981590,0,,single
1790837808,346810,0,,single
1790837810,2976900,0,,single
1790837812,437900,3,,single
1790837813,775900,1,,single
1790837815,289600,2,,single
1790837816,2637940,11,,single
1790837817,1525410,0,,single
1790837819,1993180,7,,single
1790837820,787790,7,,single
1790837822,1784780,1,,single
1790837823,783840,3,,single
1790837825,1859360,15,,single
1790837826,547360,2,,single
1790837827,346470,8,,single
1790837829,1056610,0,,single
1790837830,1969440,0,,single
1790837831,1523400,2,,single
1790837833,1915550,2,,single
1790837834,1238730,1,,single
1790837836,3077390,49,,single
1790837837,2288210,4,,single
1790837839,1337970,40,,single
1790837840,1153130,0,,single
1790837841,2300160,0,,single
1790837843,781030,105,,single
1790837844,46410,1,,single
1790837846,1059900,0,,single
1790837847,1413660,0,,single
1790837848,1759350,1,,single
1790837850,1114290,0,,single
1790837851,1093290,3,,single
1790837853,1952250,1,,single
1790837854,58550,0,,single
1790837856,1078280,1,,single
1790837857,1996630,11,,single
1790837859,300610,3,,single
1790837860,2061150,0,,single
1790837862,882020,0,,single
1790837863,516600,0,,single
1790837865,1251930,0,,single
1790837866,595740,8,,single
1790837867,1792820,7,,single
1790837869,1381440,1,,single
1790837871,754040,1,,single
1790837873,2712540,2,,single
1790837874,305940,0,,single
1790837876,395160,0,,single
1790837877,1167680,1,,single
1790837878,907760,0,,single
1790837880,446810,3,,single
1790837881,1928090,0,,single
1790837883,434000,0,,single
1790837884,1044490,0,,single
1790837886,414730,1,,single
1790837887,508170,0,,single
1790837889,465280,1,,single
1790837890,403740,1,,single
1790837892,328270,0,,single
1790837893,524640,0,,single
1790837895,1339460,1,,single
1790837896,547960,0,,single
1790837898,1619230,0,,single
1790837899,1808780,0,,single
1790837901,740290,0,,single
1790837902,3050220,46,,single
1790837904,289420,4,,single
1790837905,1962430,4,,single
1790837907,7010,0,,single
1790837908,411330,2,,single
1790837910,1956740,29,,single
1790837911,814200,0,,single
1790837913,2803360,0,,single
1790837914,3553210,4,,single
1790837915,2817690,0,,single
1790837917,397500,2,,single
1790837918,1490130,1,,single
1790837920,1231590,0,,single
1790837921,1140610,1,,single
1790837923,7530,0,,single
1790837924,691320,2,,single
1790837925,204860,3,,single
1790837927,1510470,1,,single
1790837928,1506620,0,,single
1790837930,983350,0,,single
1790837931,1114130,2,,single
1790837933,899390,1,,single
1790837934,1504150,0,,single
1790837935,2947240,1,,single
1790837937,521570,1,,single
1790837938,1494190,0,,single
1790837940,880580,1,,single
1790837941,1781890,0,,single
1790837942,2332260,1,,single
1790837944,2285630,0,,single
1790837946,2022930,2,,single
1790837947,525780,0,,single
1790837948,212410,1,,single
1790837950,3337210,0,,single
1790837951,2147380,6,,single
1790837953,2844700,0,,single
1790837954,466810,0,,single
1790837956,2747780,0,,single
1790837957,739540,0,,single
1790837959,2823890,6,,single
1790837960,363620,0,,single
1790837962,1183260,2,,single
1790837963,263820,1,,single
1790837965,2252820,0,,single
1790837966,471810,1,,single
1790837968,896590,1,,single
1790837969,818520,1,,single
1790837971,1449750,5,,single
1790837972,1416960,19,,single
1790837974,730830,4,,single
1790837975,2020860,6,,single
1790837977,286460,3,,single
1790837978,38440,3,,single
1790837980,2868430,1,,single
1790837981,244810,0,,single
1790837983,254370,1,,single
1790837984,412770,0,,single
1790837986,557810,0,,single
1790837987,1056490,0,,single
1790837988,290260,5,,single
1790837990,285480,2,,single
1790837991,2552440,132,,single
1790837992,1721170,1,,single
1790837994,301150,3,,single
1790837995,1588870,0,,single
1790837997,2581410,2,,single
1790837998,1243960,8,,single
1790838000,283980,5,,single
1790838001,1960590,0,,single
1790838002,3168310,7,,single
1790838004,262450,1,,single
1790838005,1109130,1,,single
1790838007,2081080,2,,single
1790838010,288880,0,,single
1790838011,1766390,2,,single
1790838013,749250,0,,single
1790838014,206610,0,,single
1790838016,409450,1,,single
1790838017,738550,7,,single
1790838019,457710,0,,single
1790838020,451880,0,,single
1790838022,395850,0,,single
1790838023,814740,0,,single
1790838025,614630,8,,single
1790838026,294750,0,,single
1790838028,1432850,1,,single
1790838029,218760,9,,single
1790838030,1420740,0,,single
1790838032,547340,0,,single
1790838033,1924170,76,,single
1790838035,2844850,17,,single
1790838036,606730,0,,single
1790838037,2708210,2,,single
1790838039,377140,0,,single
1790838040,977230,0,,single
1790838042,1674920,2,,single
1790838043,656600,1,,single
1790838045,1409530,3,,single
1790838046,2753720,0,,single
1790838048,488280,0,,single
1790838049,2384920,0,,single
1790838050,1472250,2,,single
1790838052,1071140,1,,single
1790838053,1687550,1,,single
1790838055,936160,15,,single
1790838056,1815530,0,,single
1790838058,1018130,0,,single
1790838059,474020,0,,single
1790838060,3027620,4,,single
1790838062,434520,16,,single
1790838063,1065260,0,,single
1790838065,453690,0,,single
1790838066,2351860,1,,single
1790838068,2964280,0,,single
1790838069,552970,0,,single
1790838071,1585020,0,,single
1790838072,35320,0,,single
1790838074,1480120,0,,single
1790838075,586110,0,,single
1790838077,470740,2,,single
1790838078,512300,0,,single
1790838080,1732920,0,,single
1790838081,2463800,1,,single
1790838083,1348700,1,,single
1790838084,2008510,0,,single
1790838086,943140,0,,single
1790838087,243000,0,,single
1790838089,644540,11,,single
1790838090,917840,0,,single
1790838091,850980,0,,single
1790838093,80350,0,,single
1790838094,781480,2,,single
1790838096,302190,0,,single
1790838097,307940,1,,single
1790838099,546930,0,,single
1790838100,638160,0,,single
1790838102,346830,9,,single
1790838103,3159570,1,,single
1790838105,115200,8,,single
1790838106,2669150,0,,single
1790838108,450500,0,,single
1790838109,2243110,4,,single
1790838111,392470,7,,single
1790838113,423490,0,,single
1790838114,112100,0,,single
1790838116,2693940,1,,single
1790838117,449530,0,,single
1790838119,787740,4,,single
1790838121,585890,0,,single
1790838122,2719200,31,,single
1790838124,255870,0,,single
1790838125,2810780,1,,single
1790838127,2550040,0,,single
1790838128,1226990,1,,single
1790838129,268890,1,,single
1790838131,619280,0,,single
1790838133,1866630,0,,single
1790838134,1694510,3,,single
1790838135,407980,0,,single
1790838137,1598730,1,,single
1790838138,4880,12,,single
1790838140,866510,1,,single
1790838141,1755180,3,,single
1790838142,1770390,1,,single
1790838144,561610,4,,single
1790838145,463350,0,,single
1790838146,490370,12,,single
1790838148,1025410,0,,single
1790838149,206690,0,,single
1790838151,857690,2,,single
1790838152,1644150,1,,single
1790838154,3373670,2,,single
1790838155,291910,0,,single
1790838156,336610,1,,single
1790838158,2951520,0,,single
1790838159,211010,3,,single
1790838161,2959610,4,,single
1790838162,1530,0,,single
1790838163,1960480,1,,single
1790838165,518730,0,,single
1790838166,1158690,8,,single
1790838168,286320,0,,single
1790838169,1020340,0,,single
1790838171,618950,1,,single
1790838172,1985420,0,,single
1790838174,904360,3,,single
1790838175,231310,0,,single
1790838176,1692080,131,,single
1790838178,1422420,1,,single
1790838179,773840,1,,single
1790838181,497780,0,,single
1790838182,1462650,0,,single
1790838183,2785280,2,,single
1790838185,227560,0,,single
1790838186,2793290,2,,single
1790838188,12330,3,,single
1790838189,22670,0,,single
1790838190,2240920,1,,single
1790838192,867490,1,,single
1790838193,301610,4,,single
1790838195,1722840,34,,single
1790838196,529240,1,,single
1790838197,1549030,0,,single
1790838199,2914480,7,,single
1790838200,2458430,0,,single
1790838202,350970,0,,single
1790838203,460960,39,,single
1790838204,338320,0,,single
1790838206,1125390,0,,single
1790838207,2202120,3,,single
1790838208,370540,10,,single
1790838210,576130,0,,single
1790838211,1279920,1,,single
1790838213,3601790,3,,single
1790838214,25990,0,,single
1790838216,405780,1,,single
1790838217,2655590,4,,single
1790838218,1205900,1,,single
1790838220,341870,0,,single
1790838221,1364800,0,,single
1790838223,319850,0,,single
1790838224,464150,0,,single
1790838225,3131680,0,,single
1790838227,517130,0,,single
1790838228,724250,4,,single
1790838230,1722870,23,,single
1790838231,1787500,0,,single
1790838233,1001800,0,,single
1790838234,2736020,1,,single
1790838236,1111380,9,,single
1790838237,537430,0,,single
1790838238,1731460,3,,single
1790838240,2072660,1,,single
1790838241,3114010,3,,single
1790838243,1024480,1,,single
1790838244,606860,0,,single
1790838246,1533050,0,,single
1790838248,1147450,0,,single
1790838249,2382250,0,,single
1790838251,961620,0,,single
1790838252,1678140,1,,single
1790838253,814530,1,,single
1790838255,292620,0,,single
1790838256,1717640,1,,single
1790838258,302060,0,,single
1790838259,1184890,1,,single
1790838261,1322300,5,,single
1790838262,1070860,1,,single
1790838263,1011590,1,,single
1790838265,1620520,0,,single
1790838266,292330,1,,single
1790838268,1582510,6,,single
1790838269,2309400,0,,single
1790838271,271920,0,,single
1790838272,335820,10,,single
1790838274,620220,0,,single
1790838275,1903910,0,,single
1790838277,461730,1,,single
1790838278,2759810,1,,single
1790838279,508600,0,,single
1790838281,1013750,1,,single
1790838282,2529520,22,,single
1790838284,1867510,0,,single
1790838285,304350,3,,single
1790838287,2877720,0,,single
1790838288,320690,7,,single
1790838290,48950,0,,single
1790838291,1908250,1,,single
1790838293,436160,12,,single
1790838294,2330870,0,,single
1790838296,985900,1,,single
1790838297,200370,0,,single
1790838298,508790,1,,single
1790838300,1252710,0,,single
1790838301,32680,5,,single
1790838303,1546710,2,,single
1790838304,721030,14,,single
1790838306,62000,1,,single
1790838307,281280,0,,single
1790838309,1551530,21,,single
1790838310,2564880,0,,single
1790838312,1073820,0,,single
1790838313,541640,4,,single
1790838315,224000,0,,single
1790838316,282880,1,,single
1790838318,463980,1,,single
1790838319,726910,0,,single
1790838321,263320,0,,single
1790838322,2287970,9,,single
1790838323,390100,1,,single
1790838325,457010,0,,single
1790838326,1957990,2,,single
1790838328,330990,1,,single
1790838329,987230,0,,single
1790838331,2351330,0,,single
1790838332,676500,6,,single
1790838334,2719190,12,,single
1790838335,661430,0,,single
1790838337,914320,13,,single
1790838338,356450,2,,single
1790838340,787400,0,,single
1790838341,2991400,1,,single
1790838343,985950,1,,single
1790838344,1414430,0,,single
1790838346,3432160,0,,single
1790838347,469720,2,,single
1790838349,398840,0,,single
1790838350,2304620,2,,single
1790838352,458000,1,,single
1790838353,554600,0,,single
1790838354,265120,0,,single
1790838356,802450,0,,single
1790838358,2903160,0,,single
1790838359,428080,0,,single
1790838360,281200,0,,single
1790838362,375750,0,,single
1790838363,1706360,5,,single
1790838365,1735420,0,,single
1790838366,1034940,11,,single
1790838368,2529080,1,,single
1790838369,1673630,0,,single
1790838370,658890,0,,single
1790838372,808080,2,,single
1790838373,746400,0,,single
1790838375,1773890,0,,single
1790838376,2350020,1,,single
1790838378,470780,1,,single
1790838379,628050,161,,single
1790838381,656700,0,,single
1790838382,2616430,4,,single
1790838383,453290,0,,single
1790838385,1617430,3,,single
1790838386,581030,1,,single
1790838388,1111930,2,,single
1790838389,523600,17,,single
1790838391,438020,0,,single
1790838392,552110,0,,single
1790838394,2392520,20,,single
1790838395,295250,0,,single
1790838397,1146720,2,,single
1790838398,635250,0,,single
1790838399,1167790,2,,single
1790838401,1302050,0,,single
1790838402,2452080,13,,single
1790838404,266230,1,,single
1790838405,34410,1,,single
1790838406,1060310,0,,single
1790838408,2060790,1,,single
1790838410,233680,2,,single
1790838412,1097110,0,,single
1790838413,1803390,7,,single
1790838414,693800,0,,single
1790838416,1141650,0,,single
1790838417,1344740,1,,single
1790838419,742500,13,,single
1790838420,2313720,3,,single
1790838422,1805930,0,,single
1790838424,2553710,0,,single
1790838425,2050510,4,,single
1790838427,292390,0,,single
1790838428,2647820,4,,single
1790838430,33670,3,,single
1790838431,1374290,0,,single
1790838432,252190,0,,single
1790838434,2839450,1,,single
1790838435,354680,0,,single
1790838437,948880,0,,single
1790838438,316600,0,,single
1790838439,211580,0,,single
1790838441,2376540,2,,single
1790838442,826230,0,,single
1790838444,33530,2,,single
1790838445,664750,0,,single
1790838446,1939100,0,,single
1790838448,428950,0,,single
1790838449,1184760,0,,single
1790838451,1103860,0,,single
1790838452,1413370,2,,single
1790838453,2475040,1,,single
1790838455,428880,3,,single
1790838456,689980,0,,single
1790838458,2904290,0,,single
1790838459,1019450,0,,single
1790838460,227020,6,,single
1790838462,754120,0,,single
1790838463,399430,0,,single
1790838464,1798020,16,,single
1790838466,1671480,0,,single
1790838467,289800,0,,single
1790838469,2449160,1,,single
1790838470,787040,0,,single
1790838472,1164100,1,,single
1790838473,286480,1,,single
1790838475,222140,1,,single
1790838476,1145340,1,,single
1790838477,3327170,5,,single
1790838479,1304430,8,,single
1790838480,241000,0,,single
1790838482,2686580,0,,single
1790838483,32630,2,,single
1790838485,1245250,6,,single
1790838486,1810980,0,,single
1790838487,364640,7,,single
1790838489,2337820,0,,single
1790838490,1983220,3,,single
1790838492,668430,0,,single
1790838493,1457520,28,,single
1790838495,1308700,36,,single
1790838496,366640,1,,single
1790838497,1118380,0,,single
1790838499,3111800,0,,single
1790838500,510540,0,,single
1790838502,2097720,0,,single
1790838503,825730,7,,single
1790838504,1157700,86,,single
1790838506,1596540,0,,single
1790838507,406720,1,,single
1790838509,2615670,3,,single
1790838510,839870,0,,single
1790838512,1028590,3,,single
1790838513,2602030,3,,single
1790838514,1837330,3,,single
1790838516,618510,0,,single
1790838517,289180,1,,single
1790838519,1341490,3,,single
1790838520,397040,8,,single
1790838522,1114430,3,,single
1790838523,3074020,0,,single
1790838525,11130,0,,single
1790838526,448440,0,,single
1790838527,1299620,0,,single
1790838529,808100,1,,single
1790838530,3990,95,,single
1790838532,238870,0,,single
1790838533,1174460,6,,single
1790838534,463170,0,,single
1790838536,2134560,0,,single
1790838537,229810,0,,single
1790838539,1500820,12,,single
1790838540,3226850,1,,single
1790838541,1493300,2,,single
1790838543,971160,0,,single
1790838544,444480,1,,single
1790838546,586750,2,,single
1790838547,446380,0,,single
1790838548,742520,0,,single
1790838550,70660,0,,single
1790838551,1335940,0,,single
1790838553,381100,0,,single
1790838554,9500,0,,single
1790838555,2456960,2,,single
1790838557,3574510,0,,single
1790838558,316160,0,,single
1790838560,388620,1,,single
1790838561,1065520,1,,single
1790838563,1319420,0,,single
1790838564,919220,0,,single
1790838565,650330,0,,single
1790838567,1631640,0,,single
1790838568,961490,1,,single
1790838570,1507120,0,,single
1790838571,7020,1,,single
1790838573,1504250,1,,single
1790838574,750470,3,,single
1790838575,297750,2,,single
1790838577,2960770,3,,single
1790838578,236130,0,,single
1790838580,335790,0,,single
1790838581,1921480,1,,single
1790838583,2017370,0,,single
1790838584,975120,0,,single
1790838586,976700,0,,single
1790838587,473560,0,,single
1790838589,2311260,0,,single
1790838590,368570,1,,single
1790838591,628740,0,,single
1790838593,1152300,9,,single
1790838594,3446120,0,,single
1790838596,451780,0,,single
1790838597,283270,1,,single
1790838599,1483780,1,,single
1790838600,3288180,2,,single
1790838601,351870,5,,single
1790838603,1258710,0,,single
1790838604,1961520,4,,single
1790838606,1925320,0,,single
1790838607,2657310,0,,single
1790838608,3001730,0,,single
1790838610,1769320,0,,single
1790838611,2876250,0,,single
1790838613,2392280,0,,single
1790838614,541370,0,,single
1790838616,2198680,0,,single
1790838617,1067860,0,,single
1790838618,336440,2,,single
1790838620,881560,1,,single
1790838621,1412850,0,,single
1790838623,1109840,3,,single
1790838624,2492390,6,,single
1790838625,247350,0,,single
1790838627,1605320,0,,single
1790838628,771950,0,,single
1790838630,1194680,4,,single
1790838631,1399840,0,,single
1790838633,211180,0,,single
1790838634,1386040,2,,single
1790838636,2701700,6,,single
1790838637,1671280,0,,single
1790838639,2119940,0,,single
1790838640,848050,13,,single
1790838641,2737980,8,,single
1790838643,280560,0,,single
1790838644,422920,13,,single
1790838646,388420,0,,single
1790838647,331650,0,,single
1790838649,2356460,0,,single
1790838650,1967820,2,,single
1790838652,273570,0,,single
1790838653,2776570,1,,single
1790838655,2910,5,,single
1790838656,656610,0,,single
1790838658,931650,11,,single
1790838659,1206410,2,,single
1790838660,2461780,0,,single
1790838662,442210,0,,single
1790838663,584990,0,,single
1790838665,267980,0,,single
1790838666,289890,1,,single
1790838668,390730,1,,single
1790838669,40930,0,,single
1790838670,1257280,1,,single
1790838672,1157750,0,,single
1790838674,2086680,4,,single
1790838675,1304610,1,,single
1790838677,1137450,0,,single
1790838678,2373290,1,,single
1790838680,3018830,0,,single
1790838681,1690,7,,single
1790838682,1823390,3,,single
1790838684,263700,0,,single
1790838685,269370,0,,single
1790838687,703180,3,,single
1790838688,414720,1,,single
1790838689,502090,0,,single
1790838691,1339410,0,,single
1790838692,3077020,10,,single
1790838694,975950,0,,single
1790838695,2959670,0,,single
1790838697,1995870,0,,single
1790838698,1972710,0,,single
1790838700,372210,1,,single
1790838701,2587770,0,,single
1790838703,2115850,0,,single
1790838704,827290,0,,single
1790838705,337070,2,,single
1790838707,434020,0,,single
1790838708,257670,0,,single
1790838710,1627870,0,,single
1790838711,496640,1,,single
1790838713,687750,0,,single
1790838714,1918970,0,,single
1790838715,1949770,26,,single
1790838717,2197680,0,,single
1790838718,3340810,2,,single
1790838721,1214670,2,,single
1790838723,1896880,0,,single
1790838724,2281360,2,,single
1790838726,1960900,0,,single
1790838727,2108180,11,,single
1790838729,234920,0,,single
1790838730,1484960,0,,single
1790838731,3215660,0,,single
1790838733,1215270,0,,single
1790838734,2242100,0,,single
1790838736,17100,3,,single
1790838737,80200,1,,single
1790838739,265950,0,,single
1790838740,525920,13,,single
1790838742,255340,0,,single
1790838743,2598020,0,,single
1790838744,1278360,0,,single
1790838746,3324320,1,,single
1790838747,1566450,0,,single
1790838749,1083870,0,,single
1790838750,319320,0,,single
1790838751,524010,0,,single
1790838753,437000,0,,single
1790838754,1802330,9,,single
1790838756,344480,0,,single
1790838757,270010,0,,single
1790838759,1198400,0,,single
1790838760,488210,1,,single
1790838761,1942010,1,,single
1790838763,32160,1,,single
1790838764,941570,2,,single
1790838766,2162020,0,,single
1790838767,354430,1,,single
1790838769,2401680,1,,single
1790838770,549100,0,,single
1790838772,1541020,28,,single
1790838773,788470,6,,single
1790838774,1721870,0,,single
1790838776,2505570,50,,single
1790838777,1321230,0,,single
1790838779,1573750,0,,single
1790838780,71000,0,,single
1790838782,1588380,1,,single
1790838783,337490,0,,single
1790838784,365900,2,,single
1790838786,2462520,2,,single
1790838787,513340,1,,single
1790838789,623090,3,,single
1790838790,2103680,0,,single
1790838792,453100,0,,single
1790838793,1028730,1,,single
1790838794,768100,5,,single
1790838796,2852770,3,,single
1790838797,1985050,13,,single
1790838799,850450,0,,single
1790838800,489370,0,,single
1790838802,207570,1,,single
1790838803,1392170,0,,single
1790838804,1586750,1,,single
1790838806,58560,0,,single
1790838807,470270,2,,single
1790838809,437250,0,,single
1790838810,394680,0,,single
1790838811,304580,0,,single
1790838813,2530430,1,,single
1790838814,1463890,0,,single
1790838816,685690,0,,single
1790838817,1494260,0,,single
1790838819,439250,29,,single
1790838820,246960,0,,single
1790838822,504300,0,,single
1790838823,908070,6,,single
1790838824,2230070,261,,single
1790838826,1555140,0,,single
1790838827,202730,0,,single
1790838829,1980240,0,,single
1790838830,2597880,0,,single
1790838832,1608040,2,,single
1790838833,2737970,6,,single
1790838835,1739880,1,,single
1790838836,350990,0,,single
1790838837,2596420,0,,single
1790838839,1503670,0,,single
1790838840,1341160,6,,single
1790838842,3449850,34,,single
1790838843,1170230,1,,single
1790838845,1077430,0,,single
1790838846,1163690,0,,single
1790838848,425410,0,,single
1790838849,1247360,2,,single
1790838851,873270,0,,single
1790838852,406850,0,,single
1790838854,1229030,0,,single
1790838855,25860,0,,single
1790838857,2404170,0,,single
1790838858,63800,0,,single
1790838860,1056180,1,,single
1790838861,1866980,0,,single
1790838863,242110,3,,single
1790838864,1058060,0,,single
1790838865,1409740,0,,single
1790838867,579110,1,,single
1790838868,377060,0,,single
1790838870,992730,0,,single
1790838871,2179440,0,,single
1790838872,1271100,0,,single
1790838874,2948640,1,,single
1790838875,464700,0,,single
1790838877,606980,0,,single
1790838878,1178210,0,,single
1790838880,3002930,0,,single
1790838881,351790,0,,single
1790838882,396310,0,,single
1790838884,2701910,0,,single
1790838885,2194790,5,,single
1790838887,3220010,0,,single
1790838888,346820,1,,single
1790838890,2740280,5,,single
1790838891,1347420,2,,single
1790838892,577080,0,,single
1790838894,344440,1,,single
1790838895,672730,0,,single
1790838897,286200,2,,single
1790838898,2312520,3,,single
1790838900,2630080,8,,single
1790838901,2252960,0,,single
1790838903,843660,136,,single
1790838904,2001570,2,,single
1790838906,824280,4,,single
1790838907,33650,1,,single
1790838909,448470,33,,single
1790838910,308000,0,,single
1790838912,306350,0,,single
1790838913,977460,4,,single
1790838915,2832320,1,,single
1790838916,252830,2,,single
1790838918,3450,8,,single
1790838919,1333920,0,,single
1790838921,2295610,0,,single
1790838922,2322180,0,,single
1790838924,3296200,0,,single
1790838925,2211390,0,,single
1790838926,1216880,0,,single
1790838928,299540,0,,single
1790838929,1078970,0,,single
1790838931,2362090,0,,single
1790838932,2985930,3,,single
1790838934,1078200,1,,single
1790838935,1105040,0,,single
1790838937,1358800,27,,single
1790838938,575330,0,,single
1790838939,595770,2,,single
1790838941,330180,0,,single
1790838942,3198540,1,,single
1790838944,3081810,0,,single
1790838945,1734390,1,,single
1790838947,890400,16,,single
1790838948,1807810,0,,single
1790838949,1021070,0,,single
1790838951,548090,1,,single
1790838952,2281820,2,,single
1790838954,346630,0,,single
1790838955,336940,2,,single
1790838956,1509590,1,,single
1790838958,1055610,0,,single
1790838960,955870,0,,single
1790838961,1536470,0,,single
1790838962,772070,0,,single
1790838964,1059880,0,,single
1790838965,573490,2,,single
1790838967,581360,1,,single
1790838968,1465510,0,,single
1790838970,1206600,0,,single
1790838971,506480,0,,single
1790838972,507390,0,,single
1790838974,292800,5,,single
1790838975,416790,1,,single
1790838977,549080,2,,single
1790838978,314320,0,,single
1790838980,1419370,0,,single
1790838981,398450,0,,single
1790838982,1103100,0,,single
1790838984,2332240,0,,single
1790838985,2795270,1,,single
1790838987,247870,0,,single
1790838988,497700,1,,single
1790838990,464100,0,,single
1790838991,453850,0,,single
1790838992,1516820,2,,single
1790838994,1696220,1,,single
1790838995,1906020,0,,single
1790838997,573170,0,,single
1790838998,992490,0,,single
1790839000,405610,0,,single
1790839001,2000800,2,,single
1790839003,1754960,1,,single
1790839004,1147500,0,,single
1790839006,642610,0,,single
1790839007,680480,1,,single
1790839008,941480,0,,single
1790839010,200960,0,,single
1790839011,1751630,0,,single
1790839013,2279330,0,,single
1790839014,765880,1,,single
1790839016,332360,2,,single
1790839017,1321270,3,,single
1790839018,1055760,7,,single
1790839020,921700,15,,single
1790839022,412520,0,,single
1790839024,461700,0,,single
1790839025,2347940,1,,single
1790839026,3311560,0,,single
1790839028,1926590,2,,single
1790839029,305980,0,,single
1790839030,893020,0,,single
1790839032,1437500,0,,single
1790839033,867180,3,,single
1790839035,339160,0,,single
1790839036,651490,0,,single
1790839038,1556490,2,,single
1790839039,546980,0,,single
1790839040,437420,1,,single
1790839042,801290,1,,single
1790839043,1198850,1,,single
1790839045,1542810,0,,single
1790839046,1575980,1,,single
1790839047,2632930,0,,single
1790839049,569810,2,,single
1790839050,752470,9,,single
1790839052,1016860,0,,single
1790839053,2775370,0,,single
1790839055,395860,0,,single
1790839056,574140,0,,single
1790839057,914430,1,,single
1790839059,1708110,1,,single
1790839060,1151120,0,,single
1790839062,492290,0,,single
1790839063,700160,1,,single
1790839064,528510,0,,single
1790839066,760510,0,,single
1790839068,412600,0,,single
1790839069,313400,0,,single
1790839071,355920,0,,single
1790839072,3410,1,,single
1790839073,2355140,0,,single
1790839075,1229020,10,,single
1790839076,650780,0,,single
1790839078,959880,0,,single
1790839079,99400,0,,single
1790839081,1057800,1,,single
1790839082,377460,0,,single
1790839084,1062340,9,,single
1790839085,227760,0,,single
1790839087,1895810,0,,single
1790839088,2083800,0,,single
1790839090,696360,1,,single
1790839091,2329130,0,,single
1790839092,402390,0,,single
1790839094,1733170,0,,single
1790839095,476540,0,,single
1790839097,786580,1,,single
1790839098,1913420,1,,single
1790839100,758410,0,,single
1790839101,357120,0,,single
1790839103,1285920,0,,single
1790839104,2101130,1,,single
1790839106,1592540,1,,single
1790839107,217270,0,,single
1790839108,837590,1,,single
1790839110,256070,0,,single
1790839111,420100,2,,single
1790839113,2095290,0,,single
1790839114,999830,0,,single
1790839116,289400,1,,single
1790839117,2473640,0,,single
1790839119,1196080,6,,single
1790839120,341950,7,,single
1790839122,488920,0,,single
1790839123,764030,18,,single
1790839125,775580,0,,single
1790839126,315550,0,,single
1790839127,1523650,1,,single
1790839129,458480,0,,single
1790839131,1575710,2,,single
1790839132,1113030,0,,single
1790839133,915230,1,,single
1790839135,908050,0,,single
1790839136,340320,1,,single
1790839138,1542280,19,,single
1790839139,1018000,0,,single
1790839141,480450,0,,single
1790839142,1212410,0,,single
1790839144,1694560,0,,single
1790839145,1842730,0,,single
1790839146,454140,0,,single
1790839148,956240,5,,single
1790839149,272330,1,,single
1790839151,386970,0,,single
1790839152,200150,1,,single
1790839154,1515890,2,,single
1790839155,10100,7,,single
1790839156,1324070,0,,single
1790839158,237570,0,,single
1790839159,1365750,2,,single
1790839161,1203360,1,,single
1790839162,877080,0,,single
1790839164,1547380,0,,single
1790839165,32900,3,,single
1790839167,340350,1,,single
1790839168,313830,0,,single
1790839170,1386650,0,,single
1790839171,1177130,0,,single
1790839172,493080,0,,single
1790839174,1405440,0,,single
1790839175,1243890,0,,single
1790839177,2360020,2,,single
1790839178,542590,15,,single
1790839180,1737690,7,,single
1790839181,1088770,6,,single
1790839182,513890,0,,single
1790839184,686900,0,,single
1790839185,1435010,0,,single
1790839187,260930,0,,single
1790839188,3044100,3,,single
1790839189,434610,0,,single
1790839191,1406810,2,,single
1790839192,603100,1,,single
1790839194,1256530,0,,single
1790839195,2359470,10,,single
1790839197,600460,0,,single
1790839198,622460,0,,single
1790839200,679750,0,,single
1790839201,844920,0,,single
1790839202,1100160,7,,single
1790839204,2544990,0,,single
1790839205,383740,4,,single
1790839207,1736550,0,,single
1790839208,760810,0,,single
1790839210,1304350,2,,single
1790839211,1089840,0,,single
1790839213,2254710,0,,single
1790839214,600610,0,,single
1790839215,3380,37,,single
1790839217,574640,1,,single
1790839218,1399240,1,,single
1790839220,828150,1,,single
1790839222,532320,2,,single
1790839223,1005120,3,,single
1790839225,2428840,1,,single
1790839226,611750,0,,single
1790839228,702110,0,,single
1790839229,868150,0,,single
1790839231,558450,0,,single
1790839232,368080,1,,single
1790839233,841350,0,,single
1790839235,2722360,0,,single
1790839236,473520,203,,single
1790839238,1155880,2,,single
1790839239,527760,6,,single
1790839240,361320,2,,single
1790839242,1055010,9,,single
1790839243,1740850,1,,single
1790839245,3110010,3,,single
1790839246,22500,4,,single
1790839248,230330,15,,single
1790839249,1501410,0,,single
1790839251,916900,0,,single
1790839252,1251300,1,,single
1790839254,1492730,17,,single
1790839255,2935840,0,,single
1790839256,280600,0,,single
1790839258,466980,0,,single
1790839259,1651490,0,,single
1790839261,500500,2,,single
1790839262,782660,23,,single
1790839263,1016770,0,,single
1790839265,375320,4,,single
1790839266,2508890,0,,single
1790839268,363950,0,,single
1790839269,545410,1,,single
1790839270,1385780,0,,single
1790839272,792660,27,,single
1790839274,2512090,2,,single
1790839275,310490,0,,single
1790839277,344230,0,,single
1790839278,1015920,0,,single
1790839280,337350,0,,single
1790839281,786450,0,,single
1790839282,42140,0,,single
1790839284,1833040,0,,single
1790839285,2406180,0,,single
1790839287,1450250,0,,single
1790839288,912370,0,,single
1790839290,243020,2,,single
1790839291,1185780,0,,single
1790839292,1515200,1,,single
1790839294,499620,3,,single
1790839295,1190130,0,,single
1790839297,517720,1,,single
1790839298,2770160,10,,single
1790839300,388490,1,,single
1790839301,432470,1,,single
1790839302,1034040,0,,single
1790839304,1115450,0,,single
1790839305,1237610,3,,single
1790839307,485950,1,,single
1790839308,1532710,0,,single
1790839309,868770,0,,single
1790839311,431750,2,,single
1790839312,655550,0,,single
1790839314,1996420,0,,single
1790839315,1281490,0,,single
1790839317,2064490,1,,single
1790839318,4870,7,,single
1790839321,412170,0,,single
1790839323,70900,2,,single
1790839324,1466230,1,,single
1790839326,491220,0,,single
1790839327,292780,4,,single
1790839329,2707040,0,,single
1790839330,1516750,1,,single
1790839332,489560,4,,single
1790839333,2506580,1,,single
1790839335,1106940,0,,single
1790839336,864300,1,,single
1790839337,2412490,0,,single
1790839339,12690,0,,single
1790839340,441280,0,,single
1790839342,2153770,10,,single
1790839343,2010370,0,,single
1790839345,622060,2,,single
1790839346,1184420,0,,single
1790839348,1861440,0,,single
1790839349,1054950,0,,single
1790839350,926310,0,,single
1790839352,1668080,2,,single
1790839353,11050,0,,single
1790839355,742480,0,,single
1790839356,857350,3,,single
1790839358,1791910,0,,single
1790839359,2488340,11,,single
1790839361,1010850,2,,single
1790839362,451600,0,,single
1790839363,401690,0,,single
1790839365,411120,0,,single
1790839366,1161160,0,,single
1790839368,1026400,0,,single
1790839369,2761610,3,,single
1790839370,1248800,0,,single
1790839372,252890,1,,single
1790839373,935070,0,,single
1790839375,1585700,0,,single
1790839376,1395850,2,,single
1790839378,420660,1,,single
1790839379,1410830,1,,single
1790839380,1469620,3,,single
1790839382,2321880,0,,single
1790839383,23380,0,,single
1790839385,2744880,304,,single
1790839386,488910,4,,single
1790839387,1194700,0,,single
1790839389,589420,0,,single
1790839390,2968430,0,,single
1790839392,944770,65,,single
1790839393,363090,130,,single
1790839394,1300600,1,,single
1790839396,844670,1,,single
1790839397,544310,0,,single
1790839399,392410,0,,single
1790839400,1835840,0,,single
1790839402,304170,0,,single
1790839403,319470,0,,single
1790839404,264520,0,,single
1790839406,905490,0,,single
1790839407,531660,0,,single
1790839409,2261350,1,,single
1790839410,467390,7,,single
1790839411,1477770,0,,single
1790839413,415830,0,,single
1790839414,730620,0,,single
1790839416,326120,0,,single
1790839417,414510,0,,single
1790839419,2111090,0,,single
1790839420,336760,0,,single
1790839421,1789650,2,,single
1790839423,497860,1,,single
1790839424,1126750,3,,single
1790839426,267340,1,,single
1790839427,1066180,1,,single
1790839429,1079310,2,,single
1790839430,709410,0,,single
1790839431,2701350,0,,single
1790839433,384750,0,,single
1790839434,622890,0,,single
1790839436,299420,0,,single
1790839437,584100,4,,single
1790839438,555640,1,,single
1790839440,701870,1,,single
1790839441,536750,205,,single
1790839443,1131900,1,,single
1790839444,3134550,0,,single
1790839446,606370,10,,single
1790839447,1262060,1,,single
1790839448,525300,1,,single
1790839450,1338250,0,,single
1790839451,633950,0,,single
1790839453,449250,0,,single
1790839454,408640,0,,single
1790839455,473530,0,,single
1790839457,481180,1,,single
1790839458,403690,0,,single
1790839460,1535100,0,,single
1790839461,23700,1,,single
1790839463,1856480,3,,single
1790839464,1454500,1,,single
1790839466,3050530,0,,single
1790839467,1188080,0,,single
1790839468,741990,0,,single
1790839470,339290,0,,single
1790839471,458830,0,,single
1790839473,1584690,0,,single
1790839474,1694750,0,,single
1790839475,570950,0,,single
1790839477,42210,0,,single
1790839478,450850,4,,single
1790839480,2125420,2,,single
1790839481,785780,3,,single
1790839483,2191480,22,,single
1790839484,1142810,1,,single
1790839486,584370,0,,single
1790839487,1150730,0,,single
1790839489,1361860,0,,single
1790839490,241660,27,,single
1790839491,444800,0,,single
1790839493,46440,0,,single
1790839494,467760,0,,single
1790839496,1325040,15,,single
1790839497,2393770,5,,single
1790839498,403410,5,,single
1790839500,528160,0,,single
1790839501,384080,0,,single
1790839503,1134480,1,,single
1790839504,1946430,2,,single
1790839505,1458560,3,,single
1790839507,1530340,41,,single
1790839508,237470,3,,single
1790839510,605830,0,,single
1790839511,1718160,0,,single
1790839513,1925970,1,,single
1790839514,1494140,0,,single
1790839515,2626970,1,,single
1790839517,437530,0,,single
1790839518,1593780,2,,single
1790839520,523160,0,,single
1790839521,397160,1,,single
1790839523,922050,0,,single
1790839524,966530,1,,single
1790839525,466840,1,,single
1790839527,1813130,0,,single
1790839528,292160,2,,single
1790839530,939790,0,,single
1790839531,364910,0,,single
1790839533,540900,0,,single
1790839534,536560,2,,single
1790839536,1426110,0,,single
1790839537,454200,1,,single
1790839538,1431780,0,,single
1790839540,223000,3,,single
1790839541,645320,0,,single
1790839543,1453790,0,,single
1790839544,566530,0,,single
1790839546,468070,6,,single
1790839547,1121780,1,,single
1790839548,1587710,0,,single
1790839550,302130,0,,single
1790839551,1739070,1,,single
1790839553,619400,0,,single
1790839554,1074190,0,,single
1790839556,2773520,1,,single
1790839557,612620,0,,single
1790839559,634120,0,,single
1790839560,1895860,21,,single
1790839562,299070,3,,single
1790839563,1780370,0,,single
1790839564,1373320,0,,single
1790839566,1729940,0,,single
1790839567,2941580,10,,single
1790839569,1659210,0,,single
1790839570,1600500,7,,single
1790839572,686440,2,,single
1790839573,821670,8,,single
1790839575,4520,0,,single
1790839576,386870,0,,single
1790839578,2084930,0,,single
1790839579,285130,0,,single
1790839581,3600,1,,single
1790839582,451920,4,,single
1790839584,376920,1,,single
1790839585,760330,0,,single
1790839586,877850,1,,single
1790839588,335700,0,,single
1790839589,1608550,0,,single
1790839591,32770,3,,single
1790839592,1426120,0,,single
1790839594,761700,2,,single
1790839595,606960,1,,single
1790839597,2171280,24,,single
1790839598,1862840,0,,single
1790839599,977810,0,,single
1790839601,1546440,0,,single
1790839602,1050370,0,,single
1790839604,2693460,0,,single
1790839605,287220,0,,single
1790839607,741590,1,,single
1790839608,389250,2,,single
1790839610,1369770,0,,single
1790839611,290000,0,,single
1790839613,1330890,2,,single
1790839614,447170,0,,single
1790839615,2109640,0,,single
1790839617,1448000,2,,single
1790839618,443970,1,,single
1790839620,1587090,0,,single
1790839621,1318790,0,,single
1790839623,334190,0,,single
1790839625,1109360,1,,single
1790839627,413680,0,,single
1790839628,317320,0,,single
1790839630,658160,2,,single
1790839631,254840,1,,single
1790839633,1576280,0,,single
1790839634,285090,0,,single
1790839636,936190,10,,single
1790839637,490910,2,,single
1790839639,1257170,1,,single
1790839640,555050,0,,single
1790839641,362400,0,,single
1790839643,1184840,4,,single
1790839644,465720,0,,single
1790839646,2054740,4,,single
1790839647,1748230,0,,single
1790839649,831570,1,,single
1790839650,2342980,0,,single
1790839652,404690,0,,single
1790839653,562430,1,,single
1790839654,1200110,0,,single
1790839656,33950,0,,single
1790839657,18050,1,,single
1790839659,1376910,0,,single
1790839660,673190,0,,single
1790839662,2560460,2,,single
1790839663,570420,0,,single
1790839665,1031900,1,,single
1790839666,361690,0,,single
1790839667,1237730,0,,single
1790839669,599000,2,,single
1790839670,533480,0,,single
1790839672,1010270,1,,single
1790839673,1090800,0,,single
1790839675,2055500,0,,single
1790839676,968760,0,,single
1790839677,881040,0,,single
1790839679,341540,1,,single
1790839680,1192810,1,,single
1790839682,447190,3,,single
1790839683,710600,0,,single
1790839685,1093320,0,,single
1790839686,339210,0,,single
1790839688,926860,1,,single
1790839689,772290,0,,single
1790839691,2524480,0,,single
1790839692,448400,6,,single
1790839693,777240,0,,single
1790839695,1228560,0,,single
1790839696,551370,2,,single
1790839698,260690,0,,single
1790839699,1830910,0,,single
1790839701,1222210,22,,single
1790839702,2553960,0,,single
1790839703,1394930,7,,single
1790839705,416190,2,,single
1790839706,547900,19,,single
1790839708,1523720,3,,single
1790839709,1156730,1,,single
1790839711,1803600,0,,single
1790839712,388970,0,,single
1790839714,291190,0,,single
1790839715,751500,3,,single
1790839716,458660,0,,single
1790839718,594050,0,,single
1790839719,287840,0,,single
1790839721,875800,2,,single
1790839722,751640,0,,single
1790839724,539450,0,,single
1790839725,1550760,0,,single
1790839727,950050,0,,single
1790839728,1124080,0,,single
1790839729,606330,1,,single
1790839731,2055410,0,,single
1790839732,527990,1,,single
1790839734,386690,0,,single
1790839735,63110,0,,single
1790839737,857060,0,,single
1790839738,438000,0,,single
1790839739,873890,2,,single
1790839741,2202470,0,,single
1790839743,690980,0,,single
1790839744,684270,1,,single
1790839745,652810,0,,single
1790839747,1393270,0,,single
1790839748,1015940,0,,single
1790839750,2105660,0,,single
1790839751,392970,0,,single
1790839752,1750710,0,,single
1790839754,381870,0,,single
1790839755,1582290,0,,single
1790839757,1033410,0,,single
1790839758,1610,9,,single
1790839759,289840,0,,single
1790839761,451980,1,,single
1790839762,1328900,0,,single
1790839764,1524550,1,,single
1790839765,1146100,1,,single
1790839767,675940,0,,single
1790839768,2444350,0,,single
1790839770,265470,0,,single
1790839771,644480,1,,single
1790839772,704360,0,,single
1790839774,1705930,0,,single
1790839775,536780,0,,single
1790839777,1167170,0,,single
1790839778,1674640,0,,single
1790839780,1859290,6,,single
1790839781,299110,0,,single
1790839783,1449510,0,,single
1790839784,1222050,0,,single
1790839786,400580,0,,single
1790839787,345540,1,,single
1790839789,338130,2,,single
1790839790,2103640,1,,single
1790839792,342190,0,,single
1790839793,39640,0,,single
1790839795,9850,2,,single
1790839796,283410,1,,single
1790839798,1783800,0,,single
1790839799,744520,0,,single
1790839801,710780,0,,single
1790839802,719730,35,,single
1790839803,452710,0,,single
1790839805,1055850,0,,single
1790839806,1519790,1,,single
1790839808,1480480,2,,single
1790839809,342350,0,,single
1790839811,872680,1,,single
1790839812,1805130,3,,single
1790839813,1023690,0,,single
1790839815,628900,3,,single
1790839816,1542110,2,,single
1790839818,1243130,0,,single
1790839819,1147130,1,,single
1790839821,749840,0,,single
1790839822,1054710,0,,single
1790839824,2581570,0,,single
1790839825,2086140,0,,single
1790839826,751060,0,,single
1790839828,1437050,1,,single
1790839830,333430,0,,single
1790839831,603150,0,,single
1790839832,938810,1,,single
1790839834,420880,0,,single
1790839835,1931240,3,,single
1790839837,61100,0,,single
1790839838,244890,1,,single
1790839840,245410,4,,single
1790839841,291630,0,,single
1790839843,1458920,0,,single
1790839844,31840,2,,single
1790839846,94620,1,,single
1790839847,1432500,1,,single
1790839849,1494110,0,,single
1790839850,2445390,0,,single
1790839851,1837580,0,,single
1790839853,2020030,1,,single
1790839855,97130,3,,single
1790839856,1490340,0,,single
1790839857,1508400,0,,single
1790839859,953900,0,,single
1790839860,1924400,1,,single
1790839862,738610,0,,single
1790839863,1225070,0,,single
1790839865,450700,2,,single
1790839866,1427210,0,,single
1790839868,2251620,0,,single
1790839869,18070,0,,single
1790839871,283180,0,,single
1790839872,361380,0,,single
1790839874,925940,3,,single
1790839875,429530,0,,single
1790839877,1387500,3,,single
1790839878,32610,1,,single
1790839879,1316800,2,,single
1790839881,1529470,0,,single
1790839882,2109430,0,,single
1790839884,306490,1,,single
1790839885,544180,9,,single
1790839887,2004440,1,,single
1790839888,1304090,0,,single
1790839890,1141120,0,,single
1790839891,2099790,6,,single
1790839892,428190,0,,single
1790839894,613450,0,,single
1790839895,517780,1,,single
1790839897,1719660,0,,single
1790839898,1826570,0,,single
1790839900,39660,4,,single
1790839901,1502790,0,,single
1790839903,307130,0,,single
1790839904,494600,0,,single
1790839906,1311540,0,,single
1790839907,506510,1,,single
1790839908,1240230,0,,single
1790839911,1054580,7,,single
1790839912,2184230,0,,single
1790839913,1005400,1,,single
1790839915,294650,7,,single
1790839916,2362420,4,,single
1790839918,780100,13,,single
1790839920,1872790,0,,single
1790839923,17140,2,,single
1790839924,1812180,0,,single
1790839925,1469910,0,,single
1790839927,208110,1,,single
1790839928,1840610,1,,single
1790839930,289440,0,,single
1790839931,395900,5,,single
1790839932,689070,0,,single
1790839934,1125110,0,,single
1790839936,600420,2,,single
1790839937,1005240,10,,single
1790839939,2348650,0,,single
1790839940,271970,1,,single
1790839941,770460,0,,single
1790839943,651470,1,,single
1790839944,1890520,0,,single
1790839946,368160,0,,single
1790839947,1597400,1,,single
1790839949,1306570,0,,single
1790839950,838410,1,,single
1790839952,903040,14,,single
1790839953,2516360,3,,single
1790839954,293880,0,,single
1790839956,1272070,0,,single
1790839957,1442160,1,,single
1790839959,976500,0,,single
1790839960,587810,1,,single
1790839961,449940,0,,single
1790839963,1079000,1,,single
1790839964,1060300,0,,single
1790839966,507380,0,,single
1790839967,904400,1,,single
1790839968,365890,1,,single
1790839970,557680,0,,single
1790839971,2153780,0,,single
1790839972,615770,2,,single
1790839974,1046230,0,,single
1790839975,377880,0,,single
1790839977,363410,0,,single
1790839978,874460,0,,single
1790839979,1020640,0,,single
1790839981,291930,0,,single
1790839982,574070,0,,single
1790839984,1745690,1,,single
1790839985,1454160,2,,single
1790839986,2107860,4,,single
1790839988,2336590,0,,single
1790839989,204940,0,,single
1790839991,264060,0,,single
1790839992,744050,0,,single
1790839994,326990,17,,single
1790839995,1240480,1,,single
1790839997,1918300,0,,single
1790839998,1748660,2,,single
1790840000,1975670,0,,single
1790840001,1431350,1,,single
1790840002,1966420,0,,single
1790840004,595460,2,,single
1790840005,621810,1,,single
1790840006,1033170,1,,single
1790840008,695600,0,,single
1790840009,491260,1,,single
1790840011,777200,0,,single
1790840012,1127970,0,,single
1790840013,1066110,54,,single
1790840015,441350,0,,single
1790840016,1492160,0,,single
1790840018,1400290,0,,single
1790840019,289500,2,,single
1790840020,264560,0,,single
1790840022,834450,0,,single
1790840023,349520,0,,single
1790840025,785880,0,,single
1790840026,2093000,1,,single
1790840028,32760,0,,single
1790840029,395760,0,,single
1790840031,794240,0,,single
1790840032,1273220,0,,single
1790840034,532030,0,,single
1790840035,709240,0,,single
1790840037,361600,8,,single
1790840038,2250550,1,,single
1790840040,1849570,2,,single
1790840042,1638950,0,,single
1790840044,773430,0,,single
1790840045,1838970,0,,single
1790840047,327930,2,,single
1790840048,1137970,0,,single
1790840050,666940,0,,single
1790840051,1461030,1,,single
1790840052,306640,4,,single
1790840054,1077340,0,,single
1790840055,626600,0,,single
1790840057,450440,0,,single
1790840058,2180550,3,,single
1790840060,659500,1,,single
1790840061,395560,0,,single
1790840063,1916850,0,,single
1790840064,1076600,0,,single
1790840066,1732650,1,,single
1790840067,1480810,4,,single
1790840068,1319550,0,,single
1790840070,502720,0,,single
1790840071,411980,0,,single
1790840073,1968650,13,,single
1790840074,1531250,0,,single
1790840075,1649630,0,,single
1790840077,740810,0,,single
1790840078,1755300,26,,single
1790840080,1249010,1,,single
1790840081,542780,0,,single
1790840083,31880,3,,single
1790840084,325790,0,,single
1790840085,355270,0,,single
1790840087,433670,0,,single
1790840088,1129250,2,,single
1790840090,2017890,0,,single
1790840091,555710,0,,single
1790840092,953870,1,,single
1790840094,1307870,0,,single
1790840095,941650,0,,single
1790840097,576480,0,,single
1790840098,281860,0,,single
1790840100,1142220,0,,single
1790840101,1709350,0,,single
1790840103,366290,1,,single
1790840104,2091960,0,,single
1790840106,378300,1,,single
1790840107,327440,0,,single
1790840108,657040,0,,single
1790840110,2562240,1,,single
1790840111,770500,0,,single
1790840113,2398940,1,,single
1790840114,1268870,0,,single
1790840115,1233540,1,,single
1790840117,1801640,0,,single
1790840118,1882280,22,,single
1790840120,2420620,0,,single
1790840121,1388580,0,,single
1790840123,559260,0,,single
1790840124,1597290,0,,single
1790840126,557880,2,,single
1790840127,31930,3,,single
1790840129,252730,0,,single
1790840130,348440,0,,single
1790840132,1398910,0,,single
1790840133,331880,0,,single
1790840135,539460,5,,single
1790840136,347590,4,,single
1790840138,1041210,1,,single
1790840139,3430,0,,single
1790840141,435480,0,,single
1790840142,1707870,1,,single
1790840143,1378800,0,,single
1790840145,624890,0,,single
1790840146,746840,3,,single
1790840148,2293420,0,,single
1790840149,1280080,1,,single
1790840151,1238520,0,,single
1790840152,384690,0,,single
1790840154,950300,0,,single
1790840155,1803410,0,,single
1790840157,1617220,0,,single
1790840158,2281480,0,,single
1790840159,1185600,1,,single
1790840161,1347600,0,,single
1790840162,699700,0,,single
1790840164,541310,0,,single
1790840165,1271090,2,,single
1790840167,2093900,0,,single
1790840168,861270,8,,single
1790840170,509600,2,,single
1790840171,575860,0,,single
1790840173,273750,0,,single
1790840174,771240,0,,single
1790840176,935570,0,,single
1790840177,1466690,0,,single
1790840178,1209140,0,,single
1790840180,296930,0,,single
1790840181,291690,0,,single
1790840183,1662570,0,,single
1790840184,252970,0,,single
1790840186,275810,4,,single
1790840187,332330,0,,single
1790840188,615970,0,,single
1790840190,623580,1,,single
1790840191,950990,0,,single
1790840193,65500,1,,single
1790840194,302470,2,,single
1790840195,1258460,0,,single
1790840197,501970,0,,single
1790840198,1523390,0,,single
1790840200,2135500,0,,single
1790840201,311910,0,,single
1790840203,455690,0,,single
1790840204,1154120,1,,single
1790840206,504310,0,,single
1790840207,15160,2,,single
1790840208,2360030,0,,single
1790840210,7730,0,,single
1790840212,334850,0,,single
1790840213,1153210,1,,single
1790840214,2018130,0,,single
1790840216,284100,0,,single
1790840217,465840,0,,single
1790840219,458030,10,,single
1790840222,2131200,0,,single
1790840223,591790,1,,single
1790840225,33990,0,,single
1790840226,750990,0,,single
1790840228,1623700,0,,single
1790840229,696560,1,,single
1790840231,1192940,0,,single
1790840232,415400,1,,single
1790840234,338840,0,,single
1790840235,439800,1,,single
1790840237,298360,0,,single
1790840238,396860,0,,single
1790840239,1180540,0,,single
1790840241,1210230,0,,single
1790840242,2176850,0,,single
1790840244,579230,0,,single
1790840245,794960,0,,single
1790840246,1508920,0,,single
1790840248,1535780,0,,single
1790840249,1992640,1,,single
1790840251,590720,0,,single
1790840252,412620,0,,single
1790840253,867050,0,,single
1790840255,2900,1,,single
1790840256,1289990,0,,single
1790840258,443880,1,,single
1790840259,820910,0,,single
1790840261,2574840,0,,single
1790840262,15900,10,,single
1790840264,1302860,3,,single
1790840265,1612480,1,,single
1790840267,2051420,0,,single
1790840268,1287800,0,,single
1790840270,2422110,1,,single
1790840271,761170,4,,single
1790840272,1532250,0,,single
1790840274,283820,0,,single
1790840275,1852830,0,,single
1790840277,548330,1,,single
1790840278,393610,0,,single
1790840280,1745980,1,,single
1790840281,612540,9,,single
1790840283,1157640,0,,single
1790840284,628440,1,,single
1790840286,704020,0,,single
1790840287,543180,0,,single
1790840288,1694430,12,,single
1790840290,4731620,539,,single
1790840292,4877110,5,,single
1790840293,4740420,0,,single
1790840294,4855760,1,,single
1790840296,4830880,22,,single
1790840297,4824420,35,,single
1790840299,4754090,0,,single
1790840300,18020,0,,single
1790840302,31860,0,,single
1790840303,31920,1,,single
1790840305,38120,5,,single
1790840306,63960,0,,single
1790840308,216210,3,,single
1790840309,241300,0,,single
1790840311,254820,0,,single
1790840312,291960,1,,single
1790840314,303260,1,,single
1790840315,337880,0,,single
1790840316,343390,0,,single
1790840318,368220,6,,single
1790840319,388980,2,,single
1790840321,406160,0,,single
1790840322,416290,0,,single
1790840324,432940,0,,single
1790840325,448560,1,,single
1790840327,466490,0,,single
1790840328,494360,0,,single
1790840329,513930,29,,single
1790840331,532270,2,,single
1790840332,551080,0,,single
1790840334,554290,1,,single
1790840335,559310,4,,single
1790840337,563190,1,,single
1790840338,570970,1,,single
1790840339,573110,0,,single
1790840341,576960,0,,single
1790840342,581650,0,,single
1790840344,599880,1,,single
1790840345,608760,0,,single
1790840346,617710,215,,single
1790840348,635850,6,,single
1790840349,651340,0,,single
1790840351,664320,0,,single
1790840352,684000,6,,single
1790840354,717950,0,,single
1790840355,729460,0,,single
1790840357,740090,0,,single
1790840358,762520,0,,single
1790840359,778400,0,,single
1790840361,826010,0,,single
1790840362,844500,1,,single
1790840364,896960,2,,single
1790840365,928840,21,,single
1790840367,946880,1,,single
1790840368,961010,1,,single
1790840369,977510,0,,single
1790840371,1001040,0,,single
1790840372,1020910,0,,single
1790840374,1031270,0,,single
1790840375,1064010,0,,single
1790840376,1071240,1,,single
1790840378,1094660,1,,single
1790840379,1107230,0,,single
1790840381,1121530,6,,single
1790840382,1132070,1,,single
1790840384,1144300,1,,single
1790840385,1163040,0,,single
1790840387,1181000,8,,single
1790840388,1203670,3,,single
1790840389,1216870,0,,single
1790840391,1229060,1,,single
1790840392,1234730,24,,single
1790840394,1257850,1,,single
1790840395,1263620,0,,single
1790840397,1270620,0,,single
1790840398,1291660,0,,single
1790840399,1299810,0,,single
1790840401,1311570,1,,single
1790840402,1321120,0,,single
1790840404,1332990,1,,single
1790840405,1364690,2,,single
1790840407,1367690,2,,single
1790840408,1379110,0,,single
1790840410,1383570,2,,single
1790840411,1396540,1,,single
1790840412,1403740,10,,single
1790840414,1422630,1,,single
1790840415,1425250,0,,single
1790840417,1441180,0,,single
1790840418,1449780,0,,single
1790840419,1454640,2,,single
1790840421,1464380,0,,single
1790840422,1474930,6,,single
1790840424,1486440,0,,single
1790840425,1521810,1,,single
1790840427,1540060,0,,single
1790840428,1558000,0,,single
1790840430,1562920,2,,single
1790840431,1578160,0,,single
1790840432,1594130,1,,single
1790840434,1620030,0,,single
1790840435,1625230,1,,single
1790840437,1641240,2,,single
1790840438,1646790,4,,single
1790840439,1665280,0,,single
1790840441,1679010,0,,single
1790840442,1685460,34,,single
1790840444,1701950,0,,single
1790840445,1707400,0,,single
1790840446,1729140,2,,single
1790840448,1739650,1,,single
1790840449,1747830,1,,single
1790840451,1764700,0,,single
1790840452,1785940,0,,single
1790840454,1802850,3,,single
1790840455,1812420,0,,single
1790840457,1827650,22,,single
1790840458,1843470,17,,single
1790840459,1856900,0,,single
1790840461,1866430,0,,single
1790840462,1879950,0,,single
1790840464,1882580,1,,single
1790840465,1898830,925,,single
1790840466,1910600,1,,single
1790840468,1918530,12,,single
1790840469,1920540,2,,single
1790840471,1933980,6,,single
1790840472,1945590,0,,single
1790840474,1955340,0,,single
1790840475,1961760,0,,single
1790840477,1972550,1,,single
1790840478,1985740,3,,single
1790840479,1991980,0,,single
1790840481,2008410,1,,single
1790840482,2024390,2,,single
1790840484,2058340,0,,single
1790840485,2063530,2,,single
1790840486,2076260,5,,single
1790840488,2088770,0,,single
1790840489,2093610,1,,single
1790840491,2101350,3,,single
1790840492,2109060,1,,single
1790840494,2120070,0,,single
1790840495,2140570,4,,single
1790840496,2149630,2,,single
1790840498,2157710,1,,single
1790840499,2168150,1,,single
1790840501,2170370,0,,single
1790840502,2183070,0,,single
1790840504,2191490,10,,single
1790840505,2202220,0,,single
1790840506,2214000,0,,single
1790840508,2216960,1,,single
1790840509,2223740,0,,single
1790840511,2227130,1,,single
1790840513,2235500,0,,single
1790840514,2241380,24,,single
1790840516,2251580,1,,single
1790840517,2277090,0,,single
1790840518,2298690,2,,single
1790840520,2303320,0,,single
1790840523,2326020,0,,single
1790840524,2337460,6,,single
1790840525,2348730,1,,single
1790840527,2358040,1,,single
1790840528,2370170,21,,single
1790840530,2390480,1,,single
1790840531,2402280,3,,single
1790840533,2409110,3,,single
1790840534,2414550,1,,single
1790840536,2424110,0,,single
1790840537,2427100,37,,single
1790840539,2434730,202,,single
1790840540,2443770,10,,single
1790840541,2456120,1,,single
1790840543,2460920,2,,single
1790840544,2467300,0,,single
1790840546,2485190,85,,single
1790840547,2495050,34,,single
1790840548,2507610,0,,single
1790840550,2516990,1,,single
1790840551,2523890,0,,single
1790840553,2539910,1,,single
1790840554,2560500,0,,single
1790840556,2581370,8,,single
1790840557,2591010,1,,single
1790840558,2599950,0,,single
1790840560,2626860,0,,single
1790840561,2666550,1,,single
1790840563,2674190,2,,single
1790840564,2700540,0,,single
1790840566,2717750,0,,single
1790840567,2735220,0,,single
1790840568,2741390,13,,single
1790840570,2769210,3,,single
1790840571,2800450,0,,single
1790840573,2804680,0,,single
1790840574,2812480,0,,single
1790840575,2820130,27,,single
1790840577,2835530,3,,single
1790840578,2851700,0,,single
1790840579,2856370,0,,single
1790840581,2858370,3,,single
1790840582,2875280,0,,single
1790840584,2884190,1,,single
1790840585,2905090,0,,single
1790840586,2921650,1,,single
1790840588,2929170,20,,single
1790840589,2951340,1,,single
1790840591,2955590,0,,single
1790840592,2973120,1,,single
1790840594,2981650,0,,single
1790840595,2987750,1,,single
1790840597,2994240,0,,single
1790840598,3000030,54,,single
1790840599,3010460,6,,single
1790840601,3023490,1,,single
1790840602,3035990,1,,single
1790840604,3038340,0,,single
1790840605,3051470,4,,single
1790840607,3075800,0,,single
1790840608,3085890,0,,single
1790840609,3106510,3,,single
1790840611,3118160,0,,single
1790840612,3125890,2,,single
1790840613,3140990,8,,single
1790840615,3151830,0,,single
1790840616,3159900,0,,single
1790840618,3198680,0,,single
1790840619,3215190,2,,single
1790840621,3265280,0,,single
1790840622,3288460,0,,single
1790840623,3314340,233,,single
1790840625,3328900,5,,single
1790840626,3333890,0,,single
1790840628,3352300,1,,single
1790840629,3360110,1,,single
1790840630,3392420,2,,single
1790840632,3404380,3,,single
1790840633,3422450,6,,single
1790840635,3446200,1,,single
1790840636,3478200,0,,single
1790840637,3583060,2,,single
1790840639,590830,314,,single
1790840640,281520,0,,single
1790840642,606160,20,,single
1790840643,299970,40,,single
1790840644,2767030,33735,,single
1790840646,1808500,14718,,single
1790840647,2139460,13895,,single
1790840649,1962700,1068,,single
1790840650,2074920,3417,,single
1790840651,3405690,16406,,single
1790840653,3354750,1317,,single
1790840654,3167020,2983,,single
1790840655,1867240,102550,,single
1790840657,1172710,7329,,single
1790840658,3224770,4304,,single
1790840660,3513350,16862,,single
1790840661,3041230,977,,single
1790840662,3350200,130,,single
1790840664,2707930,3449,,single
1790840665,3159330,2528,,single
1790840666,3768760,1079,,single
1790840668,1282270,1120,,single
1790840669,2397300,747,,single
1790840671,3180070,106,,single
1790840672,1604270,2101,,single
1790840673,2062430,1328,,single
1790840675,1568400,128,,single
1790840676,2504480,10,,single
1790840678,2918300,20,,single
1790840679,1941540,144,,single
1790840680,2119830,340,,single
1790840682,2584270,945,,single
1790840683,3681810,154,,single
1790840685,1588550,223,,single
1790840686,1154030,533,,single
1790840687,3862670,123,,single
1790840689,3282300,1150,,single
1790840690,4025700,6596,,single
1790840691,3948120,3850,,single
1790840693,1617400,3480,,single
1790840694,4384550,941,,single
1790840696,1034140,43,,single
1790840697,2638890,8851,,single
1790840699,2784840,94,,single
1790840700,4124950,2,,single
1790840701,2806050,162,,single
1790840703,2763740,7394,,single
1790840704,2432860,303,,single
1790840706,3419520,250,,single
1790840707,2239140,101,,single
1790840709,2958130,1067,,single
1790840710,1757300,471,,single
1790840712,2215390,22,,single
1790840713,3024040,895,,single
1790840714,3164330,934,,single
1790840716,3722330,2864,,single
1790840717,3528450,368,,single
1790840718,2747330,187,,single
1790840720,2570630,28,,single
1790840721,3339420,455,,single
1790840723,3097300,19,,single
1790840724,2340650,24,,single
1790840726,2220360,24,,single
1790840727,3372980,69,,single
1790840729,3370870,51,,single
1790840730,1449110,321,,single
1790840731,3834090,117,,single
1790840733,3220060,97,,single
1790840734,2085540,518,,single
1790840736,2771670,2,,single
1790840737,2811830,18,,single
1790840738,3631290,28,,single
1790840740,2582320,10,,single
1790840741,3902430,162,,single
1790840743,3202030,1533,,single
1790840744,3654560,550,,single
1790840745,2410490,1,,single
1790840747,2201320,117,,single
1790840748,2721890,2,,single
1790840750,2930160,2,,single
1790840751,3981100,153,,single
1790840752,2737070,380,,single
1790840754,4275420,34,,single
1790840755,2732960,763,,single
1790840757,2536520,2603,,single
1790840758,3103840,151,,single
1790840760,2289750,85,,single
1790840761,2897760,111,,single
1790840762,1482620,2,,single
1790840764,3230400,557,,single
1790840765,2951690,65,,single
1790840767,2362060,437,,single
1790840768,1548520,223,,single
1790840770,4270390,28,,single
1790840771,3787240,241,,single
1790840772,3767850,1502,,single
1790840774,3553500,69,,single
1790840775,2772560,79,,single
1790840777,3495730,31,,single
1790840778,1805320,246,,single
1790840779,2624870,30,,single
1790840781,2102040,12,,single
1790840782,2512840,4,,single
1790840784,3110070,8,,single
1790840785,2758540,9,,single
1790840786,2739990,456,,single
1790840788,2750780,58,,single
1790840789,3326230,148,,single
1790840791,3602290,69,,single
1790840792,3065940,183,,single
1790840794,3587610,4,,single
1790840795,3946950,110,,single
1790840796,2756770,69,,single
1790840798,2093940,82,,single
1790840799,3527760,13,,single
1790840801,3711590,401,,single
1790840802,3444020,212,,single
1790840803,2824490,54,,single
1790840805,2385530,550,,single
1790840806,3865150,24,,single
1790840808,3282390,20,,single
1790840809,4111170,23,,single
1790840811,3609080,2091,,single
1790840812,4064510,5,,single
1790840813,3270680,6,,single
1790840815,1782460,59,,single
1790840816,3672720,80,,single
1790840818,2253100,168,,single
1790840819,3174070,748,,single
1790840822,4015530,18,,single
1790840824,3454650,255,,single
1790840825,2885870,27,,single
1790840826,4368350,1340,,single
1790840828,2350790,235,,single
1790840829,2016460,37,,single
1790840831,4113940,316,,single
1790840832,2569760,46,,single
1790840834,3706810,38,,single
1790840835,3053950,32,,single
1790840836,2920270,125,,single
1790840838,3407390,918,,single
1790840839,3142050,64,,single
1790840841,2353060,8,,single
1790840842,3645890,72,,single
1790840843,1148350,87,,single
1790840845,3618390,103,,single
1790840846,3712080,81,,single
1790840848,3533100,54,,single
1790840849,2863680,106,,single
1790840851,2524850,45,,single
1790840852,2461280,16,,single
1790840853,2928600,82,,single
1790840855,2313700,13,,single
1790840856,2787320,34,,single
1790840858,3628960,286,,single
1790840859,4317690,39,,single
1790840861,1999520,19,,single
1790840862,2333480,988,,single
1790840864,2101390,72,,single
1790840865,1263240,11,,single
1790840866,3279120,13,,single
1790840868,4656000,1731,,single
1790840869,3478650,65,,single
1790840871,3107350,3,,single
1790840872,2739630,13,,single
1790840874,2288470,61,,single
1790840875,3470560,23,,single
1790840876,3749720,325,,single
1790840878,2231300,10,,single
1790840879,4126220,320,,single
1790840881,3412900,20,,single
1790840882,4160210,300,,single
1790840884,1699230,3,,single
1790840885,3199650,14,,single
1790840886,3656800,189,,single
1790840888,866020,148,,single
1790840889,4651220,71,,single
1790840891,2492670,357,,single
1790840892,2918500,103,,single
1790840893,2949320,19,,single
1790840895,3224420,751,,single
1790840896,3929760,17,,single
1790840898,1913120,71,,single
1790840899,1820000,15,,single
1790840901,3533730,1,,single
1790840902,1864000,25,,single
1790840903,2753970,19,,single
1790840905,1598780,3,,single
1790840906,3009300,361,,single
1790840908,3215050,350,,single
1790840909,4643090,1984,,single
1790840910,3950020,764,,single
1790840912,3788420,235,,single
1790840913,1909950,294,,single
1790840915,3132930,34,,single
1790840916,2610090,2,,single
1790840918,3731020,30,,single
1790840919,2845270,0,,single
1790840920,2842800,139,,single
1790840922,1181550,127,,single
1790840923,4315040,191,,single
1790840925,2383200,24,,single
1790840926,3337380,35,,single
1790840928,2229870,136,,single
1790840929,2871440,54,,single
1790840930,1669480,112,,single
1790840932,2686630,30,,single
1790840933,2530470,22,,single
1790840935,2870350,7,,single
1790840936,3819640,385,,single
1790840937,2710480,240,,single
1790840939,1343070,39,,single
1790840940,2582140,106,,single
1790840942,2178380,48,,single
1790840943,2697000,71,,single
1790840944,2981220,28,,single
1790840946,2523770,82,,single
1790840947,3673060,667,,single
1790840949,2529790,22,,single
1790840950,2788630,29,,single
1790840951,3100310,46,,single
1790840953,1575990,18,,single
1790840954,2553870,45,,single
1790840956,3488970,1,,single
1790840957,3734680,0,,single
1790840958,3767740,13,,single
1790840960,2209900,267,,single
1790840961,1260820,34,,single
1790840963,3451980,421,,single
1790840964,3286930,18,,single
1790840965,2377930,310,,single
1790840967,2901140,1,,single
1790840968,2569510,535,,single
1790840970,2590150,71,,single
1790840971,4297840,20,,single
1790840973,2880460,0,,single
1790840974,3446680,5,,single
1790840975,3099640,9,,single
1790840977,2989820,176,,single
1790840978,2881230,0,,single
1790840980,3115010,11,,single
1790840981,4323990,0,,single
1790840983,3483510,110,,single
1790840984,3576070,107,,single
1790840985,3098140,37,,single
1790840987,2464280,16,,single
1790840988,2831340,4,,single
1790840990,4018950,2,,single
1790840991,2698420,30,,single
1790840993,2191500,16,,single
1790840994,2698470,19,,single
1790840996,2748340,18,,single
1790840997,3509230,20,,single
1790840999,4249100,25,,single
1790841000,4125930,646,,single
1790841002,3173560,11,,single
1790841003,3570070,17,,single
1790841005,4262610,22,,single
1790841006,2225960,19,,single
1790841007,2509200,29,,single
1790841009,3363270,427,,single
1790841010,1206070,10,,single
1790841011,2545710,12,,single
1790841013,1996390,9,,single
1790841014,4627110,252,,single
1790841016,3205380,18,,single
1790841017,2245620,6,,single
1790841019,4080030,129,,single
1790841020,4005300,3,,single
1790841021,2646320,62,,single
1790841023,3690010,6,,single
1790841024,1574000,29,,single
1790841026,4855450,31,,single
1790841027,3337140,96,,single
1790841028,3817250,15,,single
1790841030,3975510,40,,single
1790841031,3494520,3,,single
1790841033,1718460,4,,single
1790841034,1858650,36,,single
1790841035,4423580,237,,single
1790841037,3410180,35,,single
1790841038,2421750,44,,single
1790841040,2767530,14,,single
1790841041,2848420,0,,single
1790841042,4891320,26800,,single
1790841044,3347670,4,,single
1790841045,3555430,36,,single
1790841047,1880620,6,,single
1790841048,4369130,116,,single
1790841050,1769830,64,,single
1790841051,2255370,14,,single
1790841052,3832630,6,,single
1790841054,1554260,7,,single
1790841055,3271280,430,,single
1790841057,3707400,392,,single
1790841058,3709430,522,,single
1790841060,2772820,2,,single
1790841061,3378960,3,,single
1790841063,2904320,1,,single
1790841064,2987800,1162,,single
1790841065,2229880,93,,single
1790841067,2398450,3,,single
1790841068,2294730,53,,single
1790841070,3590290,32,,single
1790841071,2706020,146,,single
1790841073,2199420,31,,single
1790841074,3850560,7,,single
1790841075,2907010,2,,single
1790841077,1804470,5,,single
1790841078,2798330,242,,single
1790841079,4479970,0,,single
1790841081,3693650,34,,single
1790841083,3017120,2,,single
1790841085,2866360,0,,single
1790841086,3010230,52,,single
1790841087,2654470,2,,single
1790841089,1729740,0,,single
1790841090,951830,47,,single
1790841092,1621540,18,,single
1790841093,3165830,14,,single
1790841094,2658510,18,,single
1790841096,2649480,16,,single
1790841097,3683770,609,,single
1790841099,2820700,20,,single
1790841100,3649580,18,,single
1790841102,3515380,9,,single
1790841103,2776090,6,,single
1790841105,4510830,806,,single
1790841106,1315180,26,,single
1790841107,1605850,74,,single
1790841109,2827560,0,,single
1790841110,3618520,20,,single
1790841112,3343160,2,,single
1790841113,2248950,8,,single
1790841115,3738950,585,,single
1790841116,2479650,38,,single
1790841117,2810730,7,,single
1790841119,1733690,367,,single
1790841120,3338950,36,,single
1790841122,4078200,293,,single
1790841124,3093400,7,,single
1790841125,2090390,1,,single
1790841127,2181940,291,,single
1790841128,1151380,40,,single
1790841130,3371770,22,,single
1790841131,3861280,113,,single
1790841133,2364580,16,,single
1790841134,2580020,3,,single
1790841135,2413950,3,,single
1790841137,3340750,0,,single
1790841138,2806640,28,,single
1790841140,2678830,114,,single
1790841141,3199360,21,,single
1790841142,2226730,16,,single
1790841144,3430340,57,,single
1790841145,3646460,17,,single
1790841147,2359120,2,,single
1790841148,3669060,56,,single
1790841150,3417410,6,,single
1790841151,2814990,27,,single
1790841153,3069470,378,,single
1790841154,2918310,13,,single
1790841155,2448020,7,,single
1790841157,2428980,4,,single
1790841158,1571200,53,,single
1790841160,3762550,4,,single
1790841161,3253830,6,,single
1790841163,3833760,5,,single
1790841164,4119420,1329,,single
1790841165,1943610,20,,single
1790841167,3051280,91,,single
1790841168,3576870,14,,single
1790841170,3904850,94,,single
1790841171,2770460,11,,single
1790841172,2159270,18,,single
1790841174,2629230,12,,single
1790841175,3947480,2,,single
1790841177,4087980,440,,single
1790841178,4173110,2,,single
1790841179,3195580,34,,single
1790841181,1900250,4,,single
1790841182,2712380,107,,single
1790841184,3011360,29,,single
1790841185,2859800,1,,single
1790841186,1674200,78,,single
1790841188,1442530,7,,single
1790841189,2458980,9,,single
1790841191,2735620,2,,single
1790841192,2980270,49,,single
1790841194,1843840,9,,single
1790841195,3837350,33,,single
1790841197,3589510,286,,single
1790841198,3916620,24,,single
1790841199,4225980,5816,,single
1790841201,1970030,21,,single
1790841203,3253530,4,,single
1790841204,3418990,3,,single
1790841205,3121490,7,,single
1790841207,2535680,1,,single
1790841208,3471350,4,,single
1790841210,3445340,10,,single
1790841211,3628950,52,,single
1790841213,3655390,6,,single
1790841214,4249770,11,,single
1790841215,2095420,8,,single
1790841217,3547270,18,,single
1790841218,2010030,1,,single
1790841220,2819750,0,,single
1790841221,1200770,2,,single
1790841222,2419710,1,,single
1790841224,3940610,1187,,single
1790841225,3744430,10,,single
1790841227,3531260,0,,single
1790841228,2988300,21,,single
1790841229,3389200,13,,single
1790841231,1876930,13,,single
1790841232,3799100,7,,single
1790841234,2986450,0,,single
1790841235,4833450,18,,single
1790841237,2971900,2,,single
1790841238,2786550,69,,single
1790841240,2738230,6,,single
1790841241,2752180,5,,single
1790841242,2585890,0,,single
1790841244,1869780,31,,single
1790841245,4195600,519,,single
1790841247,3523750,72,,single
1790841248,3436030,21,,single
1790841249,3872710,17,,single
1790841251,3959890,887,,single
1790841252,3237920,8,,single
1790841254,2542020,9,,single
1790841255,2833580,98,,single
1790841257,3430450,17,,single
1790841258,3642370,0,,single
1790841259,4656700,45,,single
1790841261,3211690,2,,single
1790841262,2516470,4,,single
1790841264,2343900,17,,single
1790841265,3375110,222,,single
1790841267,1726530,0,,single
1790841268,3074110,1,,single
1790841269,4242290,67,,single
1790841271,4273120,31,,single
1790841272,3060250,7,,single
1790841274,3394250,2,,single
1790841275,3047030,73,,single
1790841277,2429270,63,,single
1790841278,3707780,9,,single
1790841279,3454830,48,,single
1790841281,3502270,28,,single
1790841282,3718190,37,,single
1790841284,3353830,1,,single
1790841285,3393280,210,,single
1790841286,3003460,34,,single
1790841288,1712100,4,,single
1790841289,1346840,0,,single
1790841291,2196640,2,,single
1790841292,2897610,14,,single
1790841294,1817500,0,,single
1790841295,3069050,54,,single
1790841296,3196440,113,,single
1790841298,3336520,2,,single
1790841299,3665520,58,,single
1790841301,4175080,0,,single
1790841302,3811390,4,,single
1790841304,3840230,19,,single
1790841305,2608630,6,,single
1790841306,2964090,202,,single
1790841308,4293850,157,,single
1790841309,2178930,31,,single
1790841311,2132890,2,,single
1790841312,2756820,4,,single
1790841313,4314560,2,,single
1790841315,2492120,2,,single
1790841316,4104530,0,,single
1790841318,2947280,17,,single
1790841319,2358050,137,,single
1790841321,2461440,2,,single
1790841322,3910610,14,,single
1790841324,3401490,6,,single
1790841325,3839300,17,,single
1790841326,1869500,1,,single
1790841328,2456080,1,,single
1790841329,2012320,12,,single
1790841331,3772240,2,,single
1790841332,2240150,7,,single
1790841334,2387380,6,,single
1790841335,1978720,3,,single
1790841337,3117660,26,,single
1790841338,4134650,71,,single
1790841339,2908500,13,,single
1790841341,2651410,9,,single
1790841342,3558400,17,,single
1790841344,3829620,4,,single
1790841345,1697870,8,,single
1790841347,3122460,395,,single
1790841348,3419220,8,,single
1790841350,2194730,2,,single
1790841351,2555950,3,,single
1790841352,2915380,5,,single
1790841354,3218530,7,,single
1790841355,4082750,12,,single
1790841357,3181220,58,,single
1790841358,3330500,51,,single
1790841360,2485270,39,,single
1790841361,3391450,5,,single
1790841362,4478640,59,,single
1790841364,4009730,6,,single
1790841365,3614130,162,,single
1790841367,3324610,18,,single
1790841368,3269180,0,,single
1790841370,3604800,0,,single
1790841371,2579730,16,,single
1790841373,2808550,124,,single
1790841374,2938460,329,,single
1790841376,2912430,2,,single
1790841377,4157430,13,,single
1790841378,2482190,9,,single
1790841380,974480,55,,single
1790841381,2350270,2,,single
1790841383,2878140,2,,single
1790841384,2236060,25,,single
1790841386,3486280,22,,single
1790841387,3732960,34,,single
1790841388,2420460,4,,single
1790841390,1253220,2,,single
1790841391,3111930,28,,single
1790841393,3296790,3,,single
1790841394,4088670,32,,single
1790841396,4249850,42,,single
1790841397,2583940,152,,single
1790841398,3929740,5,,single
1790841400,3067930,9,,single
1790841401,1950450,8,,single
1790841403,4641700,839,,single
1790841404,4221310,10,,single
1790841405,4249150,18,,single
1790841407,2731330,1,,single
1790841408,3395300,0,,single
1790841411,1482770,4,,single
1790841412,2417470,7,,single
1790841413,3124230,3,,single
1790841415,3432480,12,,single
1790841416,2735580,6,,single
1790841418,3239270,4,,single
1790841419,4450350,2,,single
1790841422,3616260,4,,single
1790841423,2468550,5,,single
1790841425,3836960,1,,single
1790841426,3129930,1,,single
1790841428,2989770,24,,single
1790841429,903930,5,,single
1790841430,2996990,56,,single
1790841432,3956320,21,,single
1790841433,4216400,0,,single
1790841435,3315060,28,,single
1790841436,3457380,179,,single
1790841437,4369490,15,,single
1790841439,1686290,5,,single
1790841440,3934250,973,,single
1790841441,1460550,0,,single
1790841443,5053820,471,,single
1790841444,3056840,1,,single
1790841446,1833200,3,,single
1790841447,2496180,0,,single
1790841448,3091340,9,,single
1790841450,2507820,10,,single
1790841451,3839850,105,,single
1790841453,3253630,3,,single
1790841454,3673150,62,,single
1790841456,3838290,6,,single
1790841457,1859620,1,,single
1790841458,4104440,120,,single
1790841460,3669720,11,,single
1790841461,1771700,0,,single
1790841463,3556740,2,,single
1790841464,4165310,75,,single
1790841465,3905450,35,,single
1790841467,4533490,232,,single
1790841468,4078110,9,,single
1790841470,4285320,9,,single
1790841471,1148130,4,,single
1790841473,3181650,5,,single
1790841474,1721960,1,,single
1790841476,3036350,29,,single
1790841477,2631580,0,,single
1790841479,3739190,1,,single
1790841480,3817240,2,,single
1790841482,3048500,18,,single
1790841483,2480200,4,,single
1790841485,2226430,1,,single
1790841486,4224800,14,,single
1790841487,3625210,102,,single
1790841489,2497930,3,,single
1790841490,3046430,79,,single
1790841492,4108460,37,,single
1790841493,3144860,1,,single
1790841494,2867460,2,,single
1790841496,2426120,13,,single
1790841497,4298500,27,,single
1790841499,4128590,3,,single
1790841500,2535440,4,,single
1790841502,3122900,6,,single
1790841503,4047270,455,,single
1790841504,3412290,43,,single
1790841506,4327380,3,,single
1790841507,3551190,0,,single
1790841509,2469970,19,,single
1790841510,2560050,1,,single
1790841511,3363560,8,,single
1790841513,4599710,69,,single
1790841514,3365170,11,,single
1790841516,3907940,3,,single
1790841517,2445840,26,,single
1790841518,2994430,38,,single
1790841520,2447060,4,,single
1790841521,4193390,84,,single
1790841523,2635750,0,,single
1790841524,4928820,69,,single
1790841526,1471650,0,,single
1790841527,3039040,59,,single
1790841528,2517220,3,,single
1790841530,4045540,4,,single
1790841531,2918090,0,,single
1790841533,4739040,6,,single
1790841534,842980,1215,,single
1790841535,2219450,0,,single
1790841537,3256150,13,,single
1790841538,4049910,36,,single
1790841540,4045190,5,,single
1790841541,2140100,0,,single
1790841543,3294890,0,,single
1790841544,3441280,1,,single
1790841545,4045750,636,,single
1790841547,3581600,234,,single
1790841548,4209010,3,,single
1790841550,3066060,24,,single
1790841551,2925320,2,,single
1790841553,1848270,5,,single
1790841554,3211850,11,,single
1790841555,4842670,2831,,single
1790841557,1660960,2,,single
1790841558,4468030,12,,single
1790841560,3699590,797,,single
1790841561,3203440,7,,single
1790841563,3070500,75,,single
1790841564,4310610,7,,single
1790841566,2739620,5,,single
1790841567,4266120,32,,single
1790841568,3686930,20,,single
1790841570,3155570,1,,single
1790841571,2287550,94,,single
1790841573,2822030,2,,single
1790841574,3815750,0,,single
1790841575,4538960,37,,single
1790841577,2786450,0,,single
1790841578,4191830,0,,single
1790841580,3874950,398,,single
1790841581,2827750,38,,single
1790841583,1330560,1,,single
1790841584,1238920,4,,single
1790841585,2342920,1,,single
1790841587,4333200,1,,single
1790841588,1583520,2,,single
1790841590,2655080,41,,single
1790841591,3196540,11,,single
1790841593,2622820,3,,single
1790841594,2302320,1,,single
1790841595,3924170,1,,single
1790841597,3532360,1,,single
1790841598,3929630,29,,single
1790841600,2244030,1,,single
1790841601,2716120,13,,single
1790841603,3748640,0,,single
1790841604,3913480,7,,single
1790841605,3977290,0,,single
1790841607,3798230,115,,single
1790841608,4240090,5,,single
1790841610,3408850,3,,single
1790841611,4689440,51,,single
1790841613,4435720,0,,single
1790841614,2760790,7,,single
1790841615,2689930,1,,single
1790841617,3096270,0,,single
1790841618,2463690,2,,single
1790841620,2419800,8,,single
1790841621,4132330,72,,single
1790841623,4668890,77,,single
1790841624,3255500,148,,single
1790841625,4191350,19,,single
1790841627,2408310,68,,single
1790841628,2512190,0,,single
1790841630,3361770,3,,single
1790841631,2983410,1,,single
1790841632,3591360,2,,single
1790841634,2312280,1,,single
1790841635,2434600,78,,single
1790841637,2371890,1,,single
1790841638,3381120,35,,single
1790841640,2398490,3,,single
1790841641,3926160,3,,single
1790841643,3122920,11,,single
1790841644,3484750,13,,single
1790841645,4216670,693,,single
1790841647,2658040,2,,single
1790841648,1330360,3,,single
1790841650,2803490,22,,single
1790841651,4187140,48,,single
1790841653,3997630,1,,single
1790841654,2540630,57,,single
1790841655,4449410,33,,single
1790841657,4090260,322,,single
1790841658,5027520,879,,single
1790841660,4039140,62,,single
1790841661,3055250,69,,single
1790841662,2525510,2,,single
1790841664,2413050,1,,single
1790841665,3505770,9,,single
1790841666,2960320,0,,single
1790841668,4164900,93,,single
1790841669,3064030,4,,single
1790841671,4261320,43,,single
1790841672,1375750,4,,single
1790841673,2774040,23,,single
1790841675,2799690,4,,single
1790841676,3852460,6,,single
1790841678,2642840,1,,single
1790841679,3543350,14,,single
1790841681,2375530,2,,single
1790841682,3877070,17,,single
1790841683,3377770,0,,single
1790841685,3519530,4,,single
1790841686,4007340,3,,single
1790841688,4532550,1,,single
1790841689,3167260,1,,single
1790841691,2423760,4,,single
1790841692,3914860,11,,single
1790841693,3948580,2,,single
1790841695,3848750,1,,single
1790841696,2084970,156,,single
1790841698,3590560,11,,single
1790841699,4098230,17,,single
1790841701,4300090,39,,single
1790841702,3044550,0,,single
1790841703,4125770,27,,single
1790841705,3030190,11,,single
1790841706,2481640,3,,single
1790841707,3126500,42,,single
1790841709,3702930,0,,single
1790841711,4685070,2,,single
1790841713,3711050,17,,single
1790841714,3543890,2,,single
1790841716,2776270,11,,single
1790841717,3820130,51,,single
1790841719,4415740,3,,single
1790841720,2076290,24,,single
1790841721,2647060,2,,single
1790841723,5097840,16,,single
1790841725,2981070,11,,single
1790841726,3019850,1,,single
1790841728,3371260,33,,single
1790841729,2376170,67,,single
1790841730,3843520,11,,single
1790841732,3997360,13,,single
1790841734,3204020,9,,single
1790841735,3886870,11,,single
1790841736,3561400,9,,single
1790841738,2782830,0,,single
1790841739,3885590,4,,single
1790841741,3702540,127,,single
1790841742,3997240,7,,single
1790841743,3777060,126,,single
1790841745,4622110,33,,single
1790841746,3088070,12,,single
1790841748,3882350,32,,single
1790841749,2963540,29,,single
1790841750,2870530,2,,single
1790841752,2172910,49,,single
1790841753,3917010,4,,single
1790841755,3963070,0,,single
1790841756,3164960,13,,single
1790841757,4321720,20,,single
1790841759,4732810,1,,single
1790841760,3580340,4,,single
1790841762,2176570,1,,single
1790841763,4507620,41,,single
1790841765,2712460,217,,single
1790841766,1997440,5,,single
1790841768,2987860,66,,single
1790841769,1553260,2,,single
1790841770,3827830,1,,single
1790841772,3324580,12,,single
1790841773,3766170,0,,single
1790841775,3211490,1,,single
1790841776,4464990,26,,single
1790841777,3411730,18,,single
1790841779,4177730,3,,single
1790841780,1307960,5,,single
1790841781,3126340,2,,single
1790841783,3612130,14,,single
1790841784,1461130,0,,single
1790841786,2962420,5,,single
1790841787,3054490,75,,single
1790841788,3609320,0,,single
1790841790,1275550,0,,single
1790841791,4252960,9,,single
1790841793,3458180,0,,single
1790841794,4461640,3,,single
1790841796,3222960,45,,single
1790841797,2859100,40,,single
1790841798,4870430,53,,single
1790841800,3938640,46,,single
1790841801,4201710,1150,,single
1790841803,3639380,6,,single
1790841804,3504560,2,,single
1790841805,2942950,11,,single
1790841807,4042160,3,,single
1790841808,3399900,9,,single
1790841810,4007300,8,,single
1790841811,3112290,3,,single
1790841812,3962020,3,,single
1790841814,2939600,9,,single
1790841815,3693030,2,,single
1790841817,2174380,2,,single
1790841818,4864560,4,,single
1790841819,3405160,3,,single
1790841821,4217690,1,,single
1790841822,2485860,4,,single
1790841824,2537920,2,,single
1790841825,3384890,0,,single
1790841826,3756260,1,,single
1790841828,2054520,2,,single
1790841829,3380520,1,,single
1790841831,2512920,7,,single
1790841832,2521400,6,,single
1790841833,3214480,7,,single
1790841835,3021540,37,,single
1790841836,3692070,1,,single
1790841838,1966410,0,,single
1790841839,3160090,3,,single
1790841841,1714510,1,,single
1790841842,3510960,13,,single
1790841843,3928990,30,,single
1790841845,2698870,0,,single
1790841846,3123060,46,,single
1790841848,3885930,84,,single
1790841849,2351660,1,,single
1790841850,860020,0,,single
1790841852,5028390,40,,single
1790841853,2814610,0,,single
1790841855,4377370,20,,single
1790841856,2870600,1,,single
1790841858,3253710,0,,single
1790841859,2580000,4,,single
1790841861,3159120,4,,single
1790841862,3756010,7,,single
1790841864,3435600,1,,single
1790841865,884180,12,,single
1790841866,2427450,3,,single
1790841868,3765010,5,,single
1790841869,3642660,2,,single
1790841871,2531370,1,,single
1790841872,4929970,14,,single
1790841873,3273530,2,,single
1790841875,2197740,3,,single
1790841876,3048760,0,,single
1790841878,4573090,80,,single
1790841879,2891040,6,,single
1790841880,1828650,0,,single
1790841882,3761880,0,,single
1790841883,4260530,9,,single
1790841885,4268470,14,,single
1790841886,1383150,1,,single
1790841887,3528280,0,,single
1790841889,4204530,0,,single
1790841890,3308200,2,,single
1790841892,3988570,10,,single
1790841893,3186680,0,,single
1790841894,3446190,14,,single
1790841896,3316350,2,,single
1790841897,4086760,1,,single
1790841899,3027600,1,,single
1790841900,3570060,5,,single
1790841901,2593340,57,,single
1790841903,1555910,1,,single
1790841904,3675470,1,,single
1790841906,3240540,0,,single
1790841907,3882310,23,,single
1790841908,1442520,2,,single
1790841910,4204590,5,,single
1790841911,2665250,14,,single
1790841913,3332060,1,,single
1790841914,3906610,3,,single
1790841915,3148160,1,,single
1790841917,3451380,1,,single
1790841918,1965270,0,,single
1790841920,3939700,10,,single
1790841921,2212910,10,,single
1790841922,3580160,0,,single
1790841924,1108270,101,,single
1790841925,3093020,22,,single
1790841927,4250510,104,,single
1790841928,3816000,87,,single
1790841930,2702260,2,,single
1790841931,3054410,0,,single
1790841933,3499220,18,,single
1790841934,2597810,7,,single
1790841935,3208930,98,,single
1790841937,4465600,31,,single
1790841938,3620940,1,,single
1790841940,4337440,270,,single
1790841941,3629080,4,,single
1790841942,1226160,3,,single
1790841944,2322380,1,,single
1790841945,3565020,6,,single
1790841947,3912310,0,,single
1790841948,3064990,0,,single
1790841949,3362960,58,,single
1790841951,2481980,5,,single
1790841952,3349800,0,,single
1790841954,1369690,1,,single
1790841955,3232610,0,,single
1790841957,4139720,16,,single
1790841958,2652500,2,,single
1790841960,3922100,17,,single
1790841961,3017730,12,,single
1790841963,3922920,1,,single
1790841964,2265990,0,,single
1790841965,3211430,17,,single
1790841967,3959050,119,,single
1790841968,3560370,2,,single
1790841970,4021780,50,,single
1790841971,4774170,12,,single
1790841973,2827680,2,,single
1790841974,2980900,2,,single
1790841975,3920180,2,,single
1790841977,3112170,1,,single
1790841978,4412320,177,,single
1790841980,4787190,0,,single
1790841981,965190,4,,single
1790841983,2782400,1,,single
1790841984,4189910,1,,single
1790841986,3699970,0,,single
1790841987,3295810,9,,single
1790841988,4341260,46,,single
1790841990,2757630,2,,single
1790841991,3951430,2,,single
1790841993,1243200,0,,single
1790841994,3273480,0,,single
1790841996,1866300,0,,single
1790841997,3196500,0,,single
1790841998,4020850,2,,single
1790842000,4530240,1,,single
1790842001,3005620,1,,single
1790842003,3640430,7,,single
1790842004,3894850,9,,single
1790842006,3814340,11,,single
1790842007,2897590,4,,single
1790842009,1446900,98,,single
1790842010,3612060,1,,single
1790842011,5064340,368,,single
1790842013,3565480,67,,single
1790842014,4513060,4,,single
1790842015,3328490,130,,single
1790842017,3861710,17,,single
1790842018,3613050,4,,single
1790842020,4493090,200,,single
1790842021,2403830,38,,single
1790842023,2902170,41,,single
1790842025,4301110,10,,single
1790842026,2841650,51,,single
1790842028,5007280,3,,single
1790842029,5159810,5,,single
1790842030,4404610,57,,single
1790842032,3572800,18,,single
1790842033,3120460,6,,single
1790842035,2231460,5,,single
1790842036,1897860,5,,single
1790842037,4353350,34,,single
1790842039,4628250,81,,single
1790842040,4668870,7,,single
1790842042,2680440,1,,single
1790842043,3010380,0,,single
1790842044,4815930,0,,single
1790842046,1864690,18,,single
1790842047,3653250,3,,single
1790842049,2876200,113,,single
1790842050,3951340,4,,single
1790842051,4152550,80,,single
1790842053,3967820,16,,single
1790842054,4368560,3,,single
1790842056,4132960,5,,single
1790842057,2929040,4,,single
1790842058,3002850,2,,single
1790842060,2814790,2,,single
1790842061,1358490,0,,single
1790842063,3215290,0,,single
1790842064,3936530,228,,single
1790842066,3119780,0,,single
1790842067,4843210,33,,single
1790842068,4739190,125,,single
1790842070,2412200,2,,single
1790842071,4937570,7,,single
1790842073,4835250,0,,single
1790842074,4834490,44,,single
1790842075,4760110,0,,single
1790842077,4782480,0,,single
1790842078,4764810,0,,single
1790842080,4872540,0,,single
1790842081,4885620,0,,single
1790842082,4790970,29,,single
1790842084,4751340,2,,single
1790842085,4869070,5,,single
1790842087,4727230,100,,single
1790842088,4914590,1,,single
1790842089,3449840,1,,single
1790842091,4910780,1,,single
1790842093,4752780,0,,single
1790842094,2994990,1,,single
1790842095,3161270,2,,single
1790842097,1280060,0,,single
1790842098,1296880,4,,single
1790842100,1657320,2,,single
1790842101,1403940,1,,single
1790842102,2112750,0,,single
1790842104,2238440,1,,single
1790842105,3112500,0,,single
1790842107,2830480,1,,single
1790842108,1685870,1,,single
1790842110,2282350,1,,single
1790842111,2572300,3,,single
1790842112,3675060,2,,single
1790842114,3697240,65,,single
1790842115,3272360,1,,single
1790842117,3408410,0,,single
1790842118,3549220,5,,single
1790842119,3534240,3,,single
1790842121,3054440,2,,single
1790842122,2848360,5,,single
1790842124,3555700,2,,single
1790842125,1562690,6,,single
1790842127,3596510,1,,single
1790842128,3132250,17,,single
1790842129,2625550,0,,single
1790842131,3561770,2,,single
1790842132,3427090,6,,single
1790842134,3328910,3,,single
1790842135,3440000,0,,single
1790842136,3491230,6,,single
1790842138,2455350,0,,single
1790842139,3528590,1,,single
1790842141,3236000,0,,single
1790842142,2437330,1,,single
1790842144,2824580,0,,single
1790842145,2964540,2,,single
1790842147,3015510,1,,single
1790842148,2287150,2,,single
1790842149,3137110,1,,single
1790842151,2348400,0,,single
1790842152,2417000,0,,single
1790842154,3034340,5,,single
1790842155,3126980,1,,single
1790842157,2833640,0,,single
1790842158,3254940,0,,single
1790842160,3356790,0,,single
1790842161,1270980,6,,single
1790842162,2507400,0,,single
1790842164,1619580,0,,single
1790842165,2393370,0,,single
1790842167,2838940,10,,single
1790842168,2708270,0,,single
1790842169,2935400,3,,single
1790842171,1982940,0,,single
1790842172,3191720,1,,single
1790842174,3290350,1,,single
1790842175,1991820,0,,single
1790842177,3220730,7,,single
1790842178,2834330,2,,single
1790842179,1640890,0,,single
1790842181,1844130,0,,single
1790842182,3234760,0,,single
1790842184,2855770,0,,single
1790842185,1290980,0,,single
1790842187,2225010,0,,single
1790842188,2844910,1,,single
1790842189,2205330,1,,single
1790842191,3194140,1,,single
1790842192,3080880,6,,single
1790842194,2094370,0,,single
1790842195,2841060,0,,single
1790842197,2940990,1,,single
1790842198,3173930,1,,single
1790842199,3176810,0,,single
1790842201,2434120,1,,single
1790842202,2503690,1,,single
1790842204,1831480,4,,single
1790842205,2868110,0,,single
1790842206,3052520,8,,single
1790842208,3027820,0,,single
1790842209,2749100,0,,single
1790842211,2888830,0,,single
1790842212,2722210,0,,single
1790842214,3065720,0,,single
1790842215,2299930,4,,single
1790842216,2613950,2,,single
1790842218,2921600,0,,single
1790842219,1760330,1,,single
1790842221,2923560,0,,single
1790842222,2204900,1,,single
1790842223,2736950,0,,single
1790842225,2377410,0,,single
1790842226,2392310,9,,single
1790842228,2322900,0,,single
1790842229,1776840,0,,single
1790842230,2832220,0,,single
1790842232,2945100,3,,single
1790842233,1839930,2,,single
1790842235,2314850,0,,single
1790842236,2527580,0,,single
1790842237,2195780,1,,single
1790842239,2195790,1,,single
1790842240,2480560,3,,single
1790842242,2614670,1,,single
1790842243,2732020,5,,single
1790842244,2657710,0,,single
1790842246,2203860,3,,single
1790842247,2729000,0,,single
1790842249,2758280,1,,single
1790842250,2701410,0,,single
1790842251,2591070,1,,single
1790842253,2567620,0,,single
1790842254,2725650,2,,single
1790842256,2696520,2,,single
1790842257,2210000,0,,single
1790842258,2757520,1,,single
1790842260,2234200,0,,single
1790842261,2199060,0,,single
1790842263,2228210,1,,single
1790842264,2277720,2,,single
1790842265,2357570,29792,,single
1790842267,714010,4439,,single
1790842268,1449850,11296,,single
1790842270,1961460,49,,single
1790842271,1920960,6848,,single
1790842273,1714040,249,,single
1790842274,2141910,6595,,single
1790842275,1797880,173,,single
1790842277,985810,2774,,single
1790842278,2324650,13,,single
1790842279,1280770,53,,single
1790842281,2225070,732,,single
1790842282,1969870,346,,single
1790842284,1549250,881,,single
1790842285,1949740,106,,single
1790842286,1350650,44,,single
1790842288,1985690,21,,single
1790842289,270550,5,,single
1790842290,2167580,160,,single
1790842292,1941780,78,,single
1790842293,2157110,8,,single
1790842295,1671200,48,,single
1790842296,1463120,39,,single
1790842297,2240530,9,,single
1790842299,1290490,3,,single
1790842300,1740100,37,,single
1790842302,1129540,15,,single
1790842303,2551500,7,,single
1790842304,2422870,14,,single
1790842306,2084050,38,,single
1790842307,2273420,132,,single
1790842309,1973710,825,,single
1790842311,2289970,14,,single
1790842312,1854430,1,,single
1790842313,1593310,12,,single
1790842315,1073440,119,,single
1790842316,1045520,5,,single
1790842318,327890,1,,single
1790842319,2471100,3301,,single
1790842322,1453490,1,,single
1790842324,1630080,8,,single
1790842325,1793250,60,,single
1790842326,2143030,18,,single
1790842328,2353760,7,,single
1790842329,1754720,35,,single
1790842331,1819570,10,,single
1790842332,2291680,28,,single
1790842333,1849000,6,,single
1790842335,1999740,3,,single
1790842336,1083880,25,,single
1790842338,1948430,4,,single
1790842339,1968840,11,,single
1790842341,1870300,70,,single
1790842342,1757490,16,,single
1790842343,1426440,14,,single
1790842345,2056560,5,,single
1790842346,1360980,8,,single
1790842348,1597480,46,,single
1790842349,1568540,1,,single
1790842350,1873030,8,,single
1790842352,2507640,2,,single
1790842353,1814630,24,,single
1790842355,2176560,13,,single
1790842356,2173600,4,,single
1790842358,2158500,3,,single
1790842359,1173400,2,,single
1790842360,407810,0,,single
1790842362,1958390,16,,single
1790842363,1924140,3,,single
1790842365,1574360,491,,single
1790842366,1846920,10,,single
1790842368,1785820,5,,single
1790842369,2363730,8,,single
1790842370,1772820,2,,single
1790842372,2626940,72,,single
1790842373,2519830,116,,single
1790842375,1358250,4,,single
1790842376,1743260,5,,single
1790842378,1409770,0,,single
1790842379,2448340,1,,single
1790842380,1877960,491,,single
1790842382,3837340,236,,single
1790842383,2153310,5,,single
1790842385,2316660,4,,single
1790842386,1653970,101,,single
1790842387,1839660,1,,single
1790842389,885000,4,,single
1790842390,2403320,7,,single
1790842392,930910,16,,single
1790842393,333300,20,,single
1790842395,955560,17,,single
1790842396,2527690,10,,single
1790842397,2658820,3,,single
1790842399,2308870,27,,single
1790842400,2716140,2,,single
1790842402,1890650,9,,single
1790842403,1761220,25,,single
1790842404,295950,1,,single
1790842406,2274120,80,,single
1790842407,2433470,77,,single
1790842409,2440200,0,,single
1790842410,1941000,67,,single
1790842411,2071530,2,,single
1790842413,1530300,281,,single
1790842414,1545820,6,,single
1790842416,1622780,19,,single
1790842417,2343600,1,,single
1790842419,2439510,676,,single
1790842420,2386580,1,,single
1790842421,1660520,1,,single
1790842423,1745310,11,,single
1790842424,319170,1,,single
1790842426,1224160,4,,single
1790842427,46480,2,,single
1790842428,1910780,1,,single
1790842430,1354910,2,,single
1790842431,2110110,21,,single
1790842433,1862690,0,,single
1790842434,1455070,3,,single
1790842435,1745200,99,,single
1790842437,1259740,1,,single
1790842438,1177420,4,,single
1790842440,1571170,3,,single
1790842441,1379560,3,,single
1790842443,1590730,87,,single
1790842444,1174400,12,,single
1790842446,1741040,6,,single
1790842447,2293410,3,,single
1790842448,1774100,0,,single
1790842450,1688320,7,,single
1790842451,1724050,2,,single
1790842453,1167750,5,,single
1790842454,2640560,3,,single
1790842455,2059310,5,,single
1790842457,2458210,7,,single
1790842458,2544090,12,,single
1790842460,1777390,2,,single
1790842461,1184820,11,,single
1790842462,1276610,5,,single
1790842464,2258940,2,,single
1790842465,1333360,4,,single
1790842467,299500,3,,single
1790842468,1754860,3,,single
1790842469,321410,3,,single
1790842471,359220,3,,single
1790842472,733460,2,,single
1790842474,806950,3,,single
1790842475,535850,0,,single
1790842477,1854250,4,,single
1790842478,991710,27,,single
1790842480,1702140,42,,single
1790842481,1573300,0,,single
1790842482,649600,0,,single
1790842484,1590600,0,,single
1790842485,1091460,0,,single
1790842487,1819980,0,,single
1790842488,1859020,1,,single
1790842490,1072120,2,,single
1790842491,2291020,4,,single
1790842493,657690,2,,single
1790842494,2060480,13,,single
1790842495,1738990,2,,single
1790842497,1097370,11,,single
1790842498,2485460,94,,single
1790842500,937380,81,,single
1790842501,1684720,0,,single
1790842503,1766720,15,,single
1790842504,620620,11,,single
1790842505,2348680,3,,single
1790842507,2348170,5,,single
1790842508,1864080,3,,single
1790842510,33210,1,,single
1790842511,2198940,0,,single
1790842513,357500,0,,single
1790842514,2675630,3,,single
1790842516,1772910,205,,single
1790842517,2241570,3,,single
1790842518,1755580,8,,single
1790842520,1863290,4,,single
1790842521,670900,1,,single
1790842523,1074620,1,,single
1790842524,1367760,7,,single
1790842525,1569700,10,,single
1790842527,2014910,1,,single
1790842528,2262930,8,,single
1790842530,2175390,1,,single
1790842531,576430,11,,single
1790842533,2336180,0,,single
1790842534,982220,7,,single
1790842535,2222540,0,,single
1790842537,2434160,1,,single
1790842538,600430,1,,single
1790842540,414920,0,,single
1790842541,1518440,0,,single
1790842543,1541220,0,,single
1790842544,1669870,2,,single
1790842545,1736630,8,,single
1790842547,2523910,5,,single
1790842548,1594090,0,,single
1790842550,2014620,9,,single
1790842551,830640,127,,single
1790842552,1880710,3,,single
1790842554,859150,3,,single
1790842555,297470,1,,single
1790842557,2373440,6,,single
1790842558,1781030,1,,single
1790842560,1346770,6,,single
1790842561,2193070,7,,single
1790842563,927310,5,,single
1790842564,1105110,0,,single
1790842566,2589200,1,,single
1790842567,1837230,1,,single
1790842568,546230,1,,single
1790842570,898590,0,,single
1790842571,1290220,6,,single
1790842573,2262220,5,,single
1790842574,1921770,9,,single
1790842575,1141290,12,,single
1790842577,556480,1,,single
1790842578,1215320,0,,single
1790842580,2085970,11,,single
1790842581,37030,2,,single
1790842582,2190210,11,,single
1790842584,1816640,6,,single
1790842585,3276280,15,,single
1790842587,1597220,19,,single
1790842588,2377240,1,,single
1790842590,3407070,0,,single
1790842591,3967470,0,,single
1790842592,2081630,4,,single
1790842594,3594590,5,,single
1790842595,3249380,2,,single
1790842597,322930,1,,single
1790842598,1444080,0,,single
1790842600,3742830,2,,single
1790842601,1909800,3,,single
1790842602,3823290,4,,single
1790842604,2489560,2,,single
1790842605,3596670,0,,single
1790842607,318090,0,,single
1790842608,3524160,10,,single
1790842610,4040210,0,,single
1790842612,2194610,2,,single
1790842613,3199390,0,,single
1790842614,4010900,14,,single
1790842616,2474770,6,,single
1790842617,3875050,65,,single
1790842619,1770550,1,,single
1790842620,3516580,0,,single
1790842623,3869630,2,,single
1790842624,2550140,3,,single
1790842626,3814570,23,,single
1790842627,1338490,1,,single
1790842628,3059750,68,,single
1790842630,3636620,1,,single
1790842631,1481340,70,,single
1790842633,3601420,11,,single
1790842634,3963030,41,,single
1790842636,1937470,4,,single
1790842637,2411360,4,,single
1790842639,3232660,0,,single
1790842640,4208140,3,,single
1790842641,1498120,2,,single
1790842643,3621330,0,,single
1790842644,2853840,4,,single
1790842646,1902940,7,,single
1790842647,3108980,2,,single
1790842649,3381130,47,,single
1790842650,678310,5,,single
1790842651,1844240,6,,single
1790842653,2740170,20,,single
1790842654,669500,1,,single
1790842656,3040390,4,,single
1790842657,3385960,4,,single
1790842658,4189740,2,,single
1790842660,2194800,0,,single
1790842661,3721890,1,,single
1790842663,4467560,6,,single
1790842664,2438970,0,,single
1790842666,2682380,1,,single
1790842667,1083190,0,,single
1790842669,3066310,4,,single
1790842670,971470,3,,single
1790842671,4112070,4,,single
1790842673,2706370,5,,single
1790842674,3212180,0,,single
1790842676,3470550,54,,single
1790842677,4323290,0,,single
1790842678,2960490,5,,single
1790842680,4173970,5,,single
1790842681,1457430,1,,single
1790842683,3201360,2,,single
1790842684,3906260,3,,single
1790842686,3907880,15,,single
1790842687,3409760,10,,single
1790842689,1972470,2,,single
1790842690,2854170,3,,single
1790842692,3603580,5,,single
1790842693,3242090,36,,single
1790842695,1701130,2,,single
1790842696,2319160,0,,single
1790842698,3347620,1,,single
1790842699,4090330,9,,single
1790842701,3083910,10,,single
1790842702,1946560,63,,single
1790842704,2586440,12,,single
1790842705,3222890,13,,single
1790842706,4403510,5,,single
1790842708,3258560,16,,single
1790842709,3565980,0,,single
1790842711,4294860,3,,single
1790842712,3501540,3,,single
1790842713,4796160,3,,single
1790842715,3908940,15,,single
1790842716,3987230,4,,single
1790842718,3069340,0,,single
1790842719,2372240,11,,single
1790842720,4011300,8,,single
1790842722,3855650,13,,single
1790842723,4736830,11,,single
1790842725,4830660,2,,single
1790842726,2836460,4,,single
1790842728,1091870,1,,single
1790842729,3435610,2,,single
1790842731,2824880,0,,single
1790842732,4145350,9,,single
1790842734,3396920,0,,single
1790842735,3726730,1,,single
1790842736,5005590,46,,single
1790842738,3084370,2,,single
1790842739,2656050,2,,single
1790842741,4054100,6,,single
1790842742,4860340,0,,single
1790842743,663950,2,,single
1790842745,3570110,3,,single
1790842746,3967760,3,,single
1790842748,2864290,0,,single
1790842749,2682270,1,,single
1790842750,3613960,3,,single
1790842752,3158070,123,,single
1790842753,4315910,0,,single
1790842755,4348580,7,,single
1790842756,3968160,3,,single
1790842757,1662160,5,,single
1790842759,2827820,5,,single
1790842760,2521170,3,,single
1790842762,3312130,23,,single
1790842763,4113050,7,,single
1790842764,3088400,18,,single
1790842766,4438540,169,,single
1790842767,2984850,1,,single
1790842769,3364150,8,,single
1790842770,3213120,1,,single
1790842772,2802740,11,,single
1790842773,2481810,5,,single
1790842774,4336770,37,,single
1790842776,4272270,16,,single
1790842777,3957240,11,,single
1790842779,3565290,1,,single
1790842780,4358380,0,,single
1790842782,2099090,2,,single
1790842783,3708250,2,,single
1790842784,3843410,2,,single
1790842786,3810540,17,,single
1790842787,4047160,0,,single
1790842789,917820,0,,single
1790842790,3930510,7,,single
1790842791,3924280,30,,single
1790842793,1944040,0,,single
1790842794,3690760,3,,single
1790842796,3396290,7,,single
1790842797,3624790,3,,single
1790842798,3972980,11,,single
1790842800,3760100,36,,single
1790842801,3916860,4,,single
1790842803,3265290,4,,single
1790842804,3975500,2,,single
1790842806,3951810,4,,single
1790842807,3936520,31,,single
1790842808,1525290,1,,single
1790842810,4170220,0,,single
1790842811,3484850,24,,single
1790842813,2932150,5,,single
1790842814,4417950,5,,single
1790842816,4209240,2,,single
1790842817,2397510,3,,single
1790842818,3892910,0,,single
1790842820,4282710,4,,single
1790842821,1409840,1,,single
1790842823,2980170,0,,single
1790842824,2680670,0,,single
1790842825,2345430,0,,single
1790842827,4355340,11,,single
1790842828,4014040,0,,single
1790842830,3092360,3,,single
1790842831,4503640,5,,single
1790842833,4082900,3,,single
1790842834,4511370,40,,single
1790842835,4200440,63,,single
1790842837,3371630,5,,single
1790842838,3530820,6,,single
1790842840,3835650,1,,single
1790842841,3079160,0,,single
1790842842,4532140,8,,single
1790842844,3299080,6,,single
1790842845,3691420,10,,single
1790842847,3713650,2,,single
1790842848,3823370,3,,single
1790842849,2965220,8,,single
1790842851,2837790,3,,single
1790842852,3882650,0,,single
1790842854,4058290,3,,single
1790842855,3874000,0,,single
1790842856,3448430,0,,single
1790842858,2511210,0,,single
1790842859,2317290,3,,single
1790842861,3966350,1,,single
1790842862,4287570,4,,single
1790842864,3956070,8,,single
1790842865,4144990,2,,single
1790842866,4327940,4,,single
1790842868,2330930,30,,single
1790842869,3734400,0,,single
1790842871,3969080,270,,single
1790842872,3399860,9,,single
1790842873,4118140,6,,single
1790842875,4233940,7,,single
1790842876,2867470,2,,single
1790842878,4192650,81,,single
1790842879,1778050,4,,single
1790842881,2967670,2,,single
1790842882,4504460,1,,single
1790842884,3787340,1,,single
1790842885,3831080,2,,single
1790842887,3843360,2,,single
1790842888,3896970,3,,single
1790842889,4278170,1,,single
1790842891,3492830,1,,single
1790842892,4435150,0,,single
1790842894,3766810,6,,single
1790842895,3507460,2,,single
1790842897,3009310,8,,single
1790842898,2376610,2,,single
1790842899,4106980,6,,single
1790842901,4343400,63,,single
1790842902,3146140,5,,single
1790842904,4226350,1,,single
1790842906,1580820,15,,single
1790842907,3684810,5,,single
1790842909,1396870,0,,single
1790842910,4348570,23,,single
1790842912,4355950,20,,single
1790842913,3991700,3,,single
1790842915,4357350,3,,single
1790842917,2968860,0,,single
1790842918,1807360,0,,single
1790842919,2496090,7,,single
1790842921,3367030,2,,single
1790842922,2263250,0,,single
1790842924,1776790,0,,single
1790842925,3731580,21,,single
1790842927,1727590,0,,single
1790842928,3990310,0,,single
1790842929,3947490,10,,single
1790842931,3504580,0,,single
1790842933,3310000,2,,single
1790842934,4260720,2,,single
1790842935,4213380,3,,single
1790842937,4128970,5,,single
1790842938,4193270,4,,single
1790842940,3655610,4,,single
1790842941,3395760,57,,single
1790842943,3723680,27,,single
1790842944,3929970,0,,single
1790842945,3104020,2,,single
1790842947,3669740,1,,single
1790842948,3479050,0,,single
1790842950,3462600,3,,single
1790842951,4211840,0,,single
1790842953,3956480,6,,single
1790842954,4212070,0,,single
1790842955,3910720,6,,single
1790842957,3690390,1,,single
1790842958,2576200,1,,single
1790842960,2269540,5,,single
1790842961,3354220,15,,single
1790842963,2672470,3,,single
1790842964,4145450,10,,single
1790842965,2661160,3,,single
1790842967,3669360,0,,single
1790842968,4150570,0,,single
1790842970,3004140,5,,single
1790842971,3367500,0,,single
1790842972,4061130,16,,single
1790842974,1976860,2,,single
1790842975,3778040,2,,single
1790842976,3092260,1,,single
1790842978,3365050,37,,single
1790842979,4088900,3,,single
1790842981,3072620,0,,single
1790842982,3364970,1,,single
1790842983,3865340,0,,single
1790842985,3521270,5,,single
1790842986,3704300,3,,single
1790842988,3550490,12,,single
1790842989,1497430,0,,single
1790842991,2472940,1,,single
1790842992,3817850,6,,single
1790842993,3942610,23,,single
1790842995,3023620,0,,single
1790842996,3932990,0,,single
1790842998,4075080,0,,single
1790842999,2279440,4,,single
1790843000,3648370,6,,single
1790843002,1560160,0,,single
1790843003,3595460,2,,single
1790843005,3760090,3,,single
1790843006,3678950,68,,single
1790843008,2624080,0,,single
1790843009,3813590,73,,single
1790843010,3811420,87,,single
1790843012,3670140,15,,single
1790843013,3219190,3,,single
1790843015,3597180,3,,single
1790843016,3921850,1,,single
1790843017,2103090,0,,single
1790843019,3454570,2,,single
1790843020,3933360,7,,single
1790843021,3150970,2,,single
1790843023,3167280,2,,single
1790843024,3054950,0,,single
1790843026,3898040,1,,single
1790843027,3656400,8,,single
1790843028,3153020,1,,single
1790843030,3577630,0,,single
1790843031,3721490,1,,single
1790843033,3823490,5,,single
1790843034,3843830,0,,single
1790843035,3759780,3,,single
1790843037,3086120,4,,single
1790843038,1548180,0,,single
1790843040,3780060,2,,single
1790843041,3326660,3,,single
1790843043,3629400,1,,single
1790843044,1936810,1,,single
1790843045,2797650,3,,single
1790843047,2902440,0,,single
1790843048,3858370,0,,single
1790843049,3618760,105,,single
1790843051,3863620,1,,single
1790843052,3601130,1,,single
1790843054,3424920,2,,single
1790843055,3354260,1,,single
1790843056,3530680,2,,single
1790843058,3612640,0,,single
1790843059,2870330,1,,single
1790843061,3779340,1,,single
1790843062,2324150,2,,single
1790843064,3592710,2,,single
1790843065,3601450,11,,single
1790843066,3711950,0,,single
1790843068,2850000,16,,single
1790843069,3382170,22,,single
1790843071,3410640,1,,single
1790843072,2087000,7,,single
1790843073,3536760,2,,single
1790843075,2829820,6,,single
1790843076,2202010,1,,single
1790843078,2899410,1,,single
1790843079,3402270,3,,single
1790843081,3451060,2,,single
1790843082,3275870,1,,single
1790843083,3349850,0,,single
1790843085,3358270,0,,single
1790843086,3060200,0,,single
1790843088,1745680,3,,single
1790843089,3071670,4,,single
1790843091,3068100,0,,single
1790843092,3184160,1,,single
1790843093,3131610,2,,single
1790843095,3153610,11,,single
1790843096,2863820,1,,single
1790843098,3095380,32,,single
1790843099,3111510,16,,single
1790843100,3105760,0,,single
1790843102,3071010,85,,single
1790843103,2960870,8,,single
1790843105,3104570,82,,single
1790843106,3066230,72,,single
1790843107,3083200,89,,single
1790843109,3097670,71,,single
1790843110,2836290,2,,single
1790843112,3057940,61,,single
1790843113,3056550,64,,single
1790843114,3062580,69,,single
1790843116,3064160,59,,single
1790843117,3062410,72,,single
1790843119,3077280,57,,single
1790843120,3069620,70,,single
1790843122,3073460,74,,single
1790843123,3099520,57,,single
1790843124,3057850,66,,single
1790843126,2936220,14,,single
1790843127,3061500,60,,single
1790843129,3076520,58,,single
1790843130,3074090,54,,single
1790843132,2373450,70,,single
1790843133,3022740,65,,single
1790843134,2899890,33,,single
1790843136,2949020,0,,single
1790843137,2672290,2,,single
1790843139,2950100,0,,single
1790843140,2857560,19,,single
1790843141,2854690,0,,single
1790843143,2776290,2,,single
1790843144,2622750,6,,single
1790843146,1397130,0,,single
1790843147,2520950,0,,single
1790843148,1770210,1,,single
1790843150,851810,2,,single
1790843151,2320130,37,,single
1790843153,1451720,1,,single
1790843154,3495810,3,,single
1790843156,3586530,5,,single
1790843157,427570,0,,single
1790843159,4011180,19,,single
1790843160,605190,0,,single
1790843161,2134030,13,,single
1790843163,13630,0,,single
1790843165,2226160,0,,single
1790843166,700480,1,,single
1790843168,2294540,1,,single
1790843169,1437870,23,,single
1790843171,4142300,4,,single
1790843172,1607670,2,,single
1790843174,1156250,0,,single
1790843175,3593520,4,,single
1790843177,3770250,3,,single
1790843178,1862660,0,,single
1790843179,2337450,2,,single
1790843181,3544130,0,,single
1790843182,621080,0,,single
1790843183,1918540,5,,single
1790843185,2299130,0,,single
1790843186,931950,0,,single
1790843188,1590850,0,,single
1790843189,1290350,0,,single
1790843191,2088670,2,,single
1790843192,1510440,36,,single
1790843193,50990,1,,single
1790843195,2478730,7,,single
1790843196,4033150,4,,single
1790843198,809850,1,,single
1790843199,1952170,16,,single
1790843200,2289960,4,,single
1790843202,3426260,2,,single
1790843203,432310,6,,single
1790843205,3511020,2,,single
1790843206,1730910,56,,single
1790843208,951260,0,,single
1790843209,2233750,4,,single
1790843211,1535610,1,,single
1790843213,2421350,0,,single
1790843214,572730,1,,single
1790843215,514700,1,,single
1790843217,990260,0,,single
1790843218,1859990,0,,single
1790843220,3436330,2,,single
1790843223,2174320,5,,single
1790843224,304290,0,,single
1790843225,846200,1,,single
1790843227,2241020,0,,single
1790843228,2710970,3,,single
1790843230,4414250,2,,single
1790843231,890520,0,,single
1790843233,2470860,7,,single
1790843234,348290,0,,single
1790843235,1342630,9,,single
1790843237,1668530,0,,single
1790843238,3333670,7,,single
1790843240,1070840,0,,single
1790843241,718200,1,,single
1790843242,2542860,33,,single
1790843244,1132970,0,,single
1790843245,2394350,5,,single
1790843247,1640160,1,,single
1790843248,620650,0,,single
1790843250,1933450,7,,single
1790843251,993340,0,,single
1790843253,2280390,4,,single
1790843254,17120,2,,single
1790843255,1316390,0,,single
1790843257,4071460,6,,single
1790843258,1222750,2,,single
1790843259,2084720,6,,single
1790843261,3510160,3,,single
1790843262,2229680,0,,single
1790843264,511660,3,,single
1790843265,3455450,5,,single
1790843267,454320,0,,single
1790843268,968950,0,,single
1790843269,1590160,0,,single
1790843271,4728830,7,,single
1790843272,1454490,0,,single
1790843274,2383860,0,,single
1790843275,742700,36,,single
1790843277,1685730,0,,single
1790843278,4040840,7,,single
1790843280,292260,1,,single
1790843281,1169490,1,,single
1790843282,4147190,7,,single
1790843284,806740,0,,single
1790843285,2118850,3,,single
1790843286,691790,0,,single
1790843288,1451230,16,,single
1790843289,2529610,5,,single
1790843291,572050,6,,single
1790843293,1732060,2,,single
1790843294,5148990,1,,single
1790843295,4436200,68,,single
1790843297,3664090,13,,single
1790843298,3327470,1,,single
1790843300,528120,0,,single
1790843301,763710,0,,single
1790843302,1732340,14,,single
1790843304,2899030,0,,single
1790843305,3982450,0,,single
1790843307,495700,1,,single
1790843308,1209360,3,,single
1790843310,1657880,9,,single
1790843311,305780,0,,single
1790843312,1127390,0,,single
1790843314,2119660,7,,single
1790843315,3930840,7,,single
1790843317,630550,0,,single
1790843318,1551510,1,,single
1790843320,4945040,6,,single
1790843321,631660,1,,single
1790843323,1534200,4,,single
1790843324,2352790,7,,single
1790843325,2986400,4,,single
1790843327,3251270,2,,single
1790843328,446330,2,,single
1790843330,1975340,0,,single
1790843331,2800520,0,,single
1790843332,644710,3,,single
1790843334,3439830,2,,single
1790843335,447700,59,,single
1790843337,1413580,5,,single
1790843338,1904160,13,,single
1790843339,279900,1,,single
1790843341,1211120,1,,single
1790843342,51010,2,,single
1790843344,374380,0,,single
1790843345,2423470,1,,single
1790843346,3690850,1,,single
1790843348,577710,14,,single
1790843349,2082540,20,,single
1790843351,2286450,0,,single
1790843353,15970,2,,single
1790843354,1375930,1,,single
1790843355,4144580,5,,single
1790843357,2223810,2,,single
1790843358,486810,1,,single
1790843360,792650,1,,single
1790843361,2631210,7,,single
1790843362,210230,1,,single
1790843364,1471910,5,,single
1790843365,1257430,0,,single
1790843367,1888300,4,,single
1790843368,564210,33,,single
1790843369,960040,0,,single
1790843371,2128140,2,,single
1790843372,514180,0,,single
1790843374,1254620,3,,single
1790843375,16130,5,,single
1790843377,1262640,0,,single
1790843378,2178100,1,,single
1790843379,4450550,2,,single
1790843381,758320,2,,single
1790843382,1284080,5,,single
1790843383,2009650,1,,single
1790843385,573710,13,,single
1790843386,1429350,0,,single
1790843388,501050,0,,single
1790843389,900050,0,,single
1790843391,1584660,0,,single
1790843392,2175650,1,,single
1790843393,2720700,4,,single
1790843395,3530,2,,single
1790843396,832320,0,,single
1790843398,1458690,0,,single
1790843399,2385140,0,,single
1790843401,49330,1,,single
1790843402,263940,1,,single
1790843403,1494500,3,,single
1790843405,3042250,0,,single
1790843406,1210550,2,,single
1790843408,1741120,4,,single
1790843409,3639590,9,,single
1790843410,1511650,4,,single
1790843412,312720,0,,single
1790843413,618750,7,,single
1790843415,1246870,2,,single
1790843416,2658660,0,,single
1790843417,532290,0,,single
1790843419,1200570,2,,single
1790843420,1809530,3,,single
1790843422,3508760,0,,single
1790843423,492090,29,,single
1790843425,2067590,1,,single
1790843426,561000,3,,single
1790843427,889240,0,,single
1790843429,1604300,0,,single
1790843430,2355250,4,,single
1790843432,544710,0,,single
1790843433,1558970,0,,single
1790843434,2244880,0,,single
1790843436,3962840,25,,single
1790843437,1172530,0,,single
1790843439,2618920,0,,single
1790843440,595930,1,,single
1790843441,2027920,7,,single
1790843443,322950,1,,single
1790843444,622830,2,,single
1790843446,1197820,0,,single
1790843447,3920160,2,,single
1790843448,450120,2,,single
1790843450,2248250,1,,single
1790843451,941920,8,,single
1790843453,2471650,1,,single
1790843454,891020,1,,single
1790843456,1535060,2,,single
1790843457,3286700,5,,single
1790843458,337760,5,,single
1790843460,768800,0,,single
1790843461,962700,1,,single
1790843463,3291310,3,,single
1790843464,326630,0,,single
1790843465,2022880,0,,single
1790843467,3794210,3,,single
1790843468,2119110,0,,single
1790843470,3854420,6,,single
1790843471,509610,2,,single
1790843472,975640,1,,single
1790843474,2516570,8,,single
1790843475,25620,0,,single
1790843477,722920,3,,single
1790843478,1942120,0,,single
1790843479,2298500,0,,single
1790843481,3416960,3,,single
1790843482,2565960,0,,single
1790843484,4470,0,,single
1790843485,607040,6,,single
1790843486,1604020,0,,single
1790843488,2537730,3,,single
1790843489,4383570,2,,single
1790843491,531540,1,,single
1790843492,1884300,0,,single
1790843494,4761320,1,,single
1790843495,886070,3,,single
1790843496,4651910,12,,single
1790843498,625740,0,,single
1790843499,1596750,0,,single
1790843500,2293700,1,,single
1790843502,433920,2,,single
1790843503,50980,2,,single
1790843505,2004490,0,,single
1790843506,316320,0,,single
1790843508,1673090,0,,single
1790843509,4819360,9,,single
1790843510,1195070,0,,single
1790843512,2101110,3,,single
1790843514,402980,2,,single
1790843515,963230,0,,single
1790843516,1063890,0,,single
1790843518,2405280,1,,single
1790843519,3886200,1,,single
1790843522,459840,0,,single
1790843524,1342740,0,,single
1790843525,2092130,0,,single
1790843526,220420,2,,single
1790843528,1757680,0,,single
1790843529,2483850,0,,single
1790843531,402220,1,,single
1790843532,1283280,1,,single
1790843534,2613830,0,,single
1790843535,428510,0,,single
1790843536,909430,7,,single
1790843538,462110,2,,single
1790843539,1582410,1,,single
1790843541,4935210,2,,single
1790843542,628150,4,,single
1790843543,2097880,0,,single
1790843545,2430370,6,,single
1790843546,2680420,2,,single
1790843548,3670880,4,,single
1790843549,764590,0,,single
1790843550,3017700,1,,single
1790843552,599600,0,,single
1790843553,1401170,0,,single
1790843555,2331950,4,,single
1790843556,2709090,1,,single
1790843558,459680,0,,single
1790843559,1561060,0,,single
1790843560,2086060,0,,single
1790843562,16110,5,,single
1790843563,1304320,1,,single
1790843565,2295070,0,,single
1790843566,397090,4,,single
1790843568,1380430,0,,single
1790843569,3461630,4,,single
1790843570,546350,0,,single
1790843572,1440010,0,,single
1790843573,1947950,3,,single
1790843575,4265410,4,,single
1790843576,370700,2,,single
1790843578,1381770,2,,single
1790843579,279560,1,,single
1790843581,503900,201,,single
1790843582,994670,2,,single
1790843583,1302930,3,,single
1790843585,1709180,3,,single
1790843586,335420,6,,single
1790843588,627670,0,,single
1790843589,1829370,0,,single
1790843590,351410,0,,single
1790843592,529700,3,,single
1790843593,1356530,0,,single
1790843594,2347380,3,,single
1790843596,2566270,9,,single
1790843597,4866960,5,,single
1790843599,601180,0,,single
1790843600,1203890,2,,single
1790843601,2989760,3,,single
1790843603,481600,11,,single
1790843605,1083070,0,,single
1790843606,2185850,14,,single
1790843607,4184720,7,,single
1790843609,652570,1,,single
1790843610,2269460,3,,single
1790843612,448050,4,,single
1790843613,1403990,0,,single
1790843614,1882420,3,,single
1790843616,2685770,0,,single
1790843617,521090,0,,single
1790843619,1613680,2,,single
1790843620,2475980,1,,single
1790843621,332380,5,,single
1790843623,1389200,0,,single
1790843624,4623570,35015,,single
1790843626,4870460,1,,single
1790843627,2218460,10,,single
1790843629,2402630,0,,single
1790843630,2839200,0,,single
1790843631,294720,1,,single
1790843633,491670,2,,single
1790843634,922530,0,,single
1790843636,966090,3,,single
1790843637,1182470,0,,single
1790843639,1356160,0,,single
1790843640,1693760,0,,single
1790843641,2010900,2,,single
1790843643,2105840,1,,single
1790843644,2488090,1,,single
1790843646,2924300,0,,single
1790843647,425460,1,,single
1790843648,692830,0,,single
1790843650,990640,0,,single
1790843651,1025460,0,,single
1790843653,1177100,0,,single
1790843654,1444550,0,,single
1790843656,1715840,0,,single
1790843657,1883200,0,,single
1790843659,2150510,0,,single
1790843660,3859750,1,,single
1790843661,407190,6,,single
1790843663,568860,1,,single
1790843664,719180,0,,single
1790843666,1010070,0,,single
1790843667,1170340,0,,single
1790843668,1506450,0,,single
1790843670,2001670,0,,single
1790843671,2731640,0,,single
1790843673,344900,0,,single
1790843674,524030,1,,single
1790843676,770090,0,,single
1790843677,857540,0,,single
1790843679,1115380,0,,single
1790843680,1528120,0,,single
1790843682,2113660,0,,single
1790843683,3085950,67,,single
1790843684,3610,2,,single
1790843686,464940,0,,single
1790843687,539340,1,,single
1790843688,824460,0,,single
1790843690,1269890,0,,single
1790843691,1820570,0,,single
1790843693,2255970,0,,single
1790843694,234350,6,,single
1790843696,548500,0,,single
1790843697,931220,0,,single
1790843698,1824840,1,,single
1790843700,2196120,1,,single
1790843701,209610,1,,single
1790843703,380560,1,,single
1790843704,509130,1,,single
1790843705,637310,0,,single
1790843707,769840,1,,single
1790843708,945520,0,,single
1790843710,1200580,23,,single
1790843711,1497330,0,,single
1790843713,1676200,0,,single
1790843714,1871620,0,,single
1790843715,1977450,1,,single
1790843717,2050740,1,,single
1790843718,2196240,2,,single
1790843720,3079150,68,,single
1790843721,313470,0,,single
1790843723,363430,0,,single
1790843724,439770,0,,single
1790843726,837440,0,,single
1790843727,913910,0,,single
1790843729,1129660,3,,single
1790843730,1375760,0,,single
1790843732,1583240,0,,single
1790843733,1660480,0,,single
1790843735,1765520,0,,single
1790843736,1954100,0,,single
1790843737,2180150,0,,single
1790843739,2766940,0,,single
1790843740,3913950,32,,single
1790843742,383720,0,,single
1790843743,601640,0,,single
1790843744,831120,12,,single
1790843746,1097520,0,,single
1790843747,1141930,0,,single
1790843749,1350240,0,,single
1790843750,1457810,0,,single
1790843752,1552680,0,,single
1790843753,1788710,0,,single
1790843754,2551110,2,,single
1790843756,60340,4,,single
1790843757,316840,0,,single
1790843759,514080,0,,single
1790843760,624870,0,,single
1790843762,722810,5,,single
1790843763,1152210,0,,single
1790843765,1232640,0,,single
1790843766,1533940,3,,single
1790843768,1877000,0,,single
1790843769,2122210,0,,single
1790843770,37390,2,,single
1790843772,448690,0,,single
1790843773,766680,0,,single
1790843775,1034540,0,,single
1790843776,1132100,0,,single
1790843778,1434310,0,,single
1790843779,1603170,0,,single
1790843781,1822560,0,,single
1790843782,2150200,0,,single
1790843784,3263540,6,,single
1790843785,411060,2,,single
1790843786,510570,0,,single
1790843788,783200,0,,single
1790843789,851980,0,,single
1790843791,1148920,0,,single
1790843792,1538750,2,,single
1790843794,2010150,0,,single
1790843795,2062940,1,,single
1790843797,2352890,0,,single
1790843798,2570640,2,,single
1790843799,4843710,33,,single
1790843801,19500,0,,single
1790843802,365400,3,,single
1790843804,487030,0,,single
1790843805,582990,0,,single
1790843807,683260,0,,single
1790843808,889720,0,,single
1790843810,1070800,0,,single
1790843811,1237490,0,,single
1790843812,1370610,0,,single
1790843814,1865170,0,,single
1790843815,2082270,3,,single
1790843817,2195340,0,,single
1790843818,2583760,0,,single
1790843820,3570,0,,single
1790843823,403090,0,,single
1790843824,585090,13,,single
1790843825,845050,0,,single
1790843827,928610,0,,single
1790843828,1064310,0,,single
1790843830,1250610,3,,single
1790843831,1549200,0,,single
1790843833,1655890,0,,single
1790843834,1734250,0,,single
1790843836,2338860,0,,single
1790843837,3535970,0,,single
1790843839,209850,0,,single
1790843840,431850,1,,single
1790843841,597810,13,,single
1790843843,1092780,0,,single
1790843844,1412660,0,,single
1790843846,1963900,0,,single
1790843847,1977910,1,,single
1790843848,2194670,1,,single
1790843850,2591520,0,,single
1790843851,545800,0,,single
1790843853,592060,9,,single
1790843854,727720,0,,single
1790843855,917000,0,,single
1790843857,975390,0,,single
1790843858,1217380,9,,single
1790843860,1244960,0,,single
1790843861,1365930,0,,single
1790843863,1928710,1,,single
1790843864,13000,0,,single
1790843865,298840,1,,single
1790843867,520820,0,,single
1790843868,605140,0,,single
1790843869,686520,0,,single
1790843871,859200,0,,single
1790843872,1187840,0,,single
1790843874,1409020,0,,single
1790843875,1956430,0,,single
1790843877,2360690,0,,single
1790843878,2958140,0,,single
1790843879,3635490,15,,single
1790843881,4758360,0,,single
1790843882,319300,0,,single
1790843884,571060,0,,single
1790843885,701610,0,,single
1790843886,857950,1,,single
1790843888,1037840,0,,single
1790843889,1112570,0,,single
1790843891,1520680,0,,single
1790843892,1952160,2,,single
1790843894,2280510,0,,single
1790843895,2591970,0,,single
1790843897,3123880,0,,single
1790843898,4185160,3,,single
1790843900,392940,0,,single
1790843901,526290,0,,single
1790843902,632510,0,,single
1790843904,725410,0,,single
1790843905,933230,0,,single
1790843907,1066240,0,,single
1790843908,1271380,0,,single
1790843910,1424850,0,,single
1790843911,1592320,0,,single
1790843913,1787030,4,,single
1790843914,2103020,0,,single
1790843915,2674370,1,,single
1790843917,3674680,1,,single
1790843918,4838460,16,,single
1790843920,2900640,225,,single
1790843921,3541630,7,,single
