ts,appid,concurrent,peak_in_game,src
1790936827,3376990,9,,single
1790936828,1055540,31,,single
1790936830,1129190,67,,single
1790936831,1567800,25,,single
1790936833,1717770,2,,single
1790936834,2124380,2,,single
1790936836,2714620,4,,single
1790936837,1089980,95,,single
1790936839,400,600,,single
1790936840,2231450,198,,single
1790936841,374320,5387,,single
1790936843,1623730,39779,,single
1790936844,3830,29,,single
1790936846,40800,57,,single
1790936847,204030,40,,single
1790936848,209370,1,,single
1790936850,219680,0,,single
1790936851,227000,2,,single
1790936853,238960,4448,,single
1790936854,251270,1,,single
1790936855,265210,1,,single
1790936857,274520,163,,single
1790936858,303610,13,,single
1790936860,316720,0,,single
1790936861,324160,96,,single
1790936863,335300,2787,,single
1790936864,345180,21,,single
1790936866,359510,25,,single
1790936867,373770,1,,single
1790936868,385240,0,,single
1790936870,409660,0,,single
1790936871,430960,3,,single
1790936873,477870,13,,single
1790936874,487430,2,,single
1790936875,508550,2,,single
1790936877,527430,102,,single
1790936878,562360,19,,single
1790936879,570940,3361,,single
1790936881,583470,10,,single
1790936882,635940,29,,single
1790936884,665370,5,,single
1790936885,711660,14,,single
1790936887,745920,40,,single
1790936888,768200,94,,single
1790936890,829280,3,,single
1790936891,869760,1,,single
1790936892,899440,56,,single
1790936894,913740,10,,single
1790936895,951000,0,,single
1790936897,969760,1,,single
1790936898,983870,151,,single
1790936899,1018850,1,,single
1790936901,1062520,638,,single
1790936902,1079260,48,,single
1790936903,1092700,10,,single
1790936905,1116580,17,,single
1790936906,1145350,3668,,single
1790936907,1169040,674,,single
1790936909,1177980,114,,single
1790936910,1230140,94,,single
1790936912,1245560,57,,single
1790936913,1277400,168,,single
1790936915,1321440,109,,single
1790936916,1369340,9,,single
1790936918,1382070,61,,single
1790936919,1446780,8874,,single
1790936920,1516240,5,,single
1790936922,1566200,15,,single
1790936923,1599020,17,,single
1790936925,1654660,7,,single
1790936926,1709880,9,,single
1790936927,1763250,92,,single
1790936929,1819460,3,,single
1790936930,1919460,4,,single
1790936932,1944570,7,,single
1790936933,2001120,6100,,single
1790936935,2238040,1,,single
1790936936,2250060,1,,single
1790936938,2276930,161,,single
1790936939,2354600,3,,single
1790936940,2415010,120,,single
1790936942,2484130,13,,single
1790936943,2637990,5,,single
1790936944,2877540,8,,single
1790936946,3069810,24,,single
1790936947,3290710,1,,single
1790936949,240,1959,,single
1790936950,2280,137,,single
1790936951,3480,152,,single
1790936953,4580,127,,single
1790936954,13230,17,,single
1790936956,22330,231,,single
1790936957,32440,89,,single
1790936958,35140,459,,single
1790936960,70400,18,,single
1790936961,107100,18,,single
1790936963,207610,119,,single
1790936964,219740,1963,,single
1790936965,230290,248,,single
1790936967,238460,88,,single
1790936968,242680,77,,single
1790936969,246840,28,,single
1790936971,253230,90,,single
1790936972,264200,8,,single
1790936974,270880,8005,,single
1790936975,284160,14572,,single
1790936976,303590,0,,single
1790936978,312990,8,,single
1790936979,341800,70,,single
1790936980,362680,102,,single
1790936982,407900,1,,single
1790936983,413410,738,,single
1790936985,424280,6,,single
1790936986,427520,12341,,single
1790936988,434170,61,,single
1790936989,450540,116,,single
1790936990,466300,49,,single
1790936992,504230,1634,,single
1790936993,519860,25,,single
1790936995,541570,201,,single
1790936996,557630,5,,single
1790936998,597170,381,,single
1790936999,610370,178,,single
1790937000,615610,3,,single
1790937002,646570,7201,,single
1790937003,668350,9,,single
1790937005,736260,161,,single
1790937006,774181,118,,single
1790937008,791470,20,,single
1790937009,824600,9,,single
1790937011,858210,93,,single
1790937012,900883,0,,single
1790937014,909080,186,,single
1790937015,960090,5422,,single
1790937017,992740,0,,single
1790937018,1043810,28,,single
1790937019,1070550,2,,single
1790937021,1092590,5,,single
1790937022,1102190,128,,single
1790937024,1113000,1170,,single
1790937025,1127400,904,,single
1790937026,1162750,472,,single
1790937028,1175140,0,,single
1790937029,1201280,0,,single
1790937030,1216200,7,,single
1790937032,1255650,3,,single
1790937033,1275670,17,,single
1790937035,1282200,0,,single
1790937036,1285670,4,,single
1790937037,1290000,658,,single
1790937039,1293860,1,,single
1790937040,1332010,387,,single
1790937042,1353230,34,,single
1790937043,1369320,102,,single
1790937045,1407420,2,,single
1790937046,1422650,2,,single
1790937048,1444350,9,,single
1790937049,1500740,11,,single
1790937050,1511860,0,,single
1790937052,1533420,81,,single
1790937053,1545990,2,,single
1790937055,1562700,100,,single
1790937056,1584090,741,,single
1790937058,1609230,33,,single
1790937059,1639790,0,,single
1790937061,1669980,606,,single
1790937062,1683150,224,,single
1790937063,1708150,10,,single
1790937065,1718570,731,,single
1790937066,1734320,8,,single
1790937068,1775490,32,,single
1790937069,1817000,1,,single
1790937071,1868140,6336,,single
1790937072,1898500,5,,single
1790937073,1927720,64,,single
1790937075,1935660,2,,single
1790937076,1966720,1091,,single
1790937078,1986840,11,,single
1790937079,2006140,14,,single
1790937081,2056220,11,,single
1790937082,2067780,78,,single
1790937084,2097570,67,,single
1790937085,2113850,1265,,single
1790937086,2135690,3,,single
1790937088,2167960,175,,single
1790937089,2218750,189,,single
1790937091,2291850,54,,single
1790937092,2358720,14117,,single
1790937094,2378620,5,,single
1790937095,2394650,30,,single
1790937097,2441700,12,,single
1790937098,2501600,46,,single
1790937100,2539960,4,,single
1790937101,2612680,1,,single
1790937103,2666510,285,,single
1790937104,2703850,34,,single
1790937105,2725260,222,,single
1790937107,2835570,1030,,single
1790937108,2882440,1,,single
1790937110,2929730,1,,single
1790937111,3070070,3597,,single
1790937113,3108510,42,,single
1790937114,3191030,101,,single
1790937116,3241660,8059,,single
1790937117,3361470,23,,single
1790937118,30,63,,single
1790937120,80,319,,single
1790937121,280,24,,single
1790937122,340,1,,single
1790937124,630,22,,single
1790937125,1250,151,,single
1790937126,1520,26,,single
1790937128,1700,10,,single
1790937130,2130,0,,single
1790937131,2300,8,,single
1790937133,2400,1,,single
1790937134,2630,149,,single
1790937135,2990,97,,single
1790937137,3320,47,,single
1790937138,3540,50,,single
1790937140,3720,9,,single
1790937141,3920,78,,single
1790937142,4570,33,,single
1790937144,4850,174,,single
1790937145,6020,23,,single
1790937146,6200,3,,single
1790937148,6550,1,,single
1790937149,6850,20,,single
1790937151,6980,2,,single
1790937152,7610,42,,single
1790937153,7760,25,,single
1790937155,7860,2,,single
1790937156,8080,2,,single
1790937157,8190,68,,single
1790937159,8800,1181,,single
1790937160,8930,10813,,single
1790937161,9050,11,,single
1790937163,9340,31,,single
1790937164,9880,51,,single
1790937166,10130,0,,single
1790937167,10190,163,,single
1790937168,11020,224,,single
1790937170,12100,34,,single
1790937171,12140,29,,single
1790937172,12320,58,,single
1790937174,12710,22,,single
1790937175,13210,6,,single
1790937176,13530,32,,single
1790937178,15080,5,,single
1790937179,15200,14,,single
1790937181,15300,7,,single
1790937182,15620,129,,single
1790937183,16810,212,,single
1790937185,17390,468,,single
1790937186,17450,4,,single
1790937187,17480,438,,single
1790937189,17580,1,,single
1790937190,19680,205,,single
1790937192,20540,36,,single
1790937193,21000,85,,single
1790937194,21130,58,,single
1790937196,21980,14,,single
1790937197,22200,1,,single
1790937199,22600,13,,single
1790937200,24200,305,,single
1790937201,24720,93,,single
1790937203,24790,297,,single
1790937204,24980,1,,single
1790937205,25830,16,,single
1790937207,26800,1,,single
1790937208,31280,3,,single
1790937210,32360,21,,single
1790937211,32400,0,,single
1790937213,32460,11,,single
1790937214,33120,30,,single
1790937215,33600,5,,single
1790937217,34010,6,,single
1790937218,34440,1,,single
1790937220,34870,45,,single
1790937221,35130,7,,single
1790937223,35480,2,,single
1790937224,38400,67,,single
1790937225,38720,0,,single
1790937227,39140,106,,single
1790937228,39210,10389,,single
1790937230,39540,104,,single
1790937231,39800,2,,single
1790937233,40380,2,,single
1790937234,40720,3,,single
1790937236,40980,63,,single
1790937237,41060,14,,single
1790937239,41300,1,,single
1790937240,42670,12,,single
1790937242,42710,104,,single
1790937243,45700,0,,single
1790937245,46500,14,,single
1790937246,47810,268,,single
1790937247,48000,81,,single
1790937249,48720,118,,single
1790937250,50300,22,,single
1790937252,55140,19,,single
1790937253,57640,1,,single
1790937254,58610,6,,single
1790937256,63200,3,,single
1790937257,63710,0,,single
1790937258,65300,4,,single
1790937260,65790,33,,single
1790937261,70100,0,,single
1790937263,71240,1,,single
1790937264,73010,5,,single
1790937265,80310,2,,single
1790937267,91200,2,,single
1790937268,92800,15,,single
1790937270,94400,17,,single
1790937271,96000,8,,single
1790937273,98200,3,,single
1790937274,98800,9,,single
1790937276,99910,148,,single
1790937277,105000,4,,single
1790937278,107300,1,,single
1790937280,107600,0,,single
1790937281,108710,234,,single
1790937282,113020,1,,single
1790937284,115110,0,,single
1790937285,200210,869,,single
1790937287,200900,14,,single
1790937288,201270,1,,single
1790937290,201830,0,,single
1790937291,202200,16,,single
1790937292,203140,488,,single
1790937294,203350,66,,single
1790937295,203770,882,,single
1790937296,204240,1,,single
1790937298,204360,492,,single
1790937300,204630,1,,single
1790937302,205610,44,,single
1790937303,206210,2,,single
1790937304,206480,145,,single
1790937306,207140,52,,single
1790937307,207320,5,,single
1790937309,207750,0,,single
1790937310,208400,11,,single
1790937312,208580,154,,single
1790937313,209080,0,,single
1790937315,209190,0,,single
1790937316,209660,13,,single
1790937318,211260,0,,single
1790937319,211740,8,,single
1790937320,212480,20,,single
1790937322,212740,0,,single
1790937323,213610,98,,single
1790937325,214170,18,,single
1790937326,214510,81,,single
1790937327,214730,148,,single
1790937329,214950,3354,,single
1790937330,215470,0,,single
1790937332,217200,109,,single
1790937333,218620,25489,,single
1790937334,219780,24,,single
1790937336,220090,0,,single
1790937337,220260,19,,single
1790937338,220780,1,,single
1790937340,221260,23,,single
1790937341,221640,10,,single
1790937342,222420,52,,single
1790937344,222730,8,,single
1790937345,223220,0,,single
1790937347,223710,349,,single
1790937348,223850,455,,single
1790937349,224460,5,,single
1790937351,224760,35,,single
1790937352,224920,0,,single
1790937354,225080,5,,single
1790937355,225360,0,,single
1790937357,226840,126,,single
1790937358,227100,3,,single
1790937359,227260,0,,single
1790937361,228180,259,,single
1790937362,228280,353,,single
1790937364,228760,13,,single
1790937365,230070,7,,single
1790937366,230270,11,,single
1790937368,231160,4,,single
1790937369,232010,24,,single
1790937371,232790,5,,single
1790937372,233130,19,,single
1790937373,233450,644,,single
1790937375,233700,3,,single
1790937376,234140,500,,single
1790937377,234630,31,,single
1790937379,234710,14,,single
1790937380,235460,224,,single
1790937382,235800,10,,single
1790937383,236390,54730,,single
1790937384,236850,8055,,single
1790937386,237630,9,,single
1790937387,237990,18,,single
1790937389,238210,3,,single
1790937390,239250,28,,single
1790937391,239820,111,,single
1790937393,241240,10,,single
1790937394,241560,1,,single
1790937395,242050,237,,single
1790937397,242700,42,,single
1790937398,242880,1,,single
1790937400,243450,3,,single
1790937401,243950,5,,single
1790937402,244050,4,,single
1790937404,244430,5,,single
1790937405,244850,1912,,single
1790937406,245170,45,,single
1790937408,245470,9,,single
1790937409,246620,543,,single
1790937411,247020,8,,single
1790937412,247430,16,,single
1790937414,248310,3,,single
1790937415,248570,35,,single
1790937417,248860,12,,single
1790937418,249330,4,,single
1790937420,250050,0,,single
1790937421,250260,8,,single
1790937422,250520,94,,single
1790937424,251060,253,,single
1790937425,251290,14,,single
1790937427,251730,30,,single
1790937428,252110,9,,single
1790937430,252250,1,,single
1790937432,252530,588,,single
1790937433,252690,1,,single
1790937435,253030,10,,single
1790937436,253430,2,,single
1790937437,253770,0,,single
1790937439,254200,8,,single
1790937440,254700,547,,single
1790937442,255710,7895,,single
1790937443,256370,3,,single
1790937444,257350,290,,single
1790937446,257850,52,,single
1790937447,258890,1,,single
1790937448,259530,0,,single
1790937450,259740,2,,single
1790937451,260430,37,,single
1790937453,261470,6,,single
1790937454,261570,300,,single
1790937456,262120,4,,single
1790937457,262690,1,,single
1790937459,263060,0,,single
1790937460,263760,4,,single
1790937461,265630,46,,single
1790937463,266010,6,,single
1790937464,266410,521,,single
1790937466,266840,435,,single
1790937467,268400,210,,single
1790937468,268540,0,,single
1790937470,268990,6,,single
1790937471,269270,1,,single
1790937473,269950,367,,single
1790937474,270150,210,,single
1790937475,271500,0,,single
1790937477,272040,2,,single
1790937478,272600,5,,single
1790937479,274230,1,,single
1790937481,274920,81,,single
1790937482,275200,2,,single
1790937483,276810,96,,single
1790937485,278360,11,,single
1790937486,280160,9,,single
1790937488,281990,11336,,single
1790937489,282440,172,,single
1790937490,282800,148,,single
1790937492,283680,1,,single
1790937493,284390,1,,single
1790937494,284830,2,,single
1790937496,285160,56,,single
1790937497,285330,79,,single
1790937499,285740,8,,single
1790937500,285920,249,,single
1790937501,286160,3148,,single
1790937503,286690,887,,single
1790937504,287340,2,,single
1790937506,287980,129,,single
1790937507,289130,91,,single
1790937508,289930,24,,single
1790937510,290300,13,,single
1790937511,290770,1,,single
1790937513,291860,10,,single
1790937514,292730,182,,single
1790937515,293180,3,,single
1790937517,293780,12,,single
1790937518,294810,3,,single
1790937519,296570,3,,single
1790937521,298030,90,,single
1790937522,298600,0,,single
1790937524,299030,0,,single
1790937525,300380,29,,single
1790937526,301190,0,,single
1790937528,301650,9,,single
1790937529,302610,1,,single
1790937531,303210,4,,single
1790937532,304240,334,,single
1790937533,304650,36,,single
1790937535,306020,121,,single
1790937536,306760,7,,single
1790937537,307230,2,,single
1790937539,307670,8,,single
1790937540,307960,145,,single
1790937542,310060,4,,single
1790937543,310560,60,,single
1790937544,311240,8,,single
1790937546,311560,331,,single
1790937547,312450,122,,single
1790937548,312670,16,,single
1790937550,313160,82,,single
1790937551,313500,21,,single
1790937552,314230,0,,single
1790937554,314430,11,,single
1790937555,314830,3,,single
1790937557,316010,41,,single
1790937558,316790,16,,single
1790937559,318100,0,,single
1790937561,319050,0,,single
1790937562,319910,6,,single
1790937564,320300,13,,single
1790937565,321400,3,,single
1790937566,322190,17,,single
1790937568,322330,35653,,single
1790937569,322680,1,,single
1790937571,322920,2,,single
1790937572,323380,0,,single
1790937574,323850,9,,single
1790937575,324680,15,,single
1790937577,325260,1,,single
1790937578,326410,2,,single
1790937579,327090,3,,single
1790937581,327410,6,,single
1790937582,327860,0,,single
1790937583,329050,136,,single
1790937585,329860,0,,single
1790937586,330830,15,,single
1790937588,331500,0,,single
1790937589,331750,5,,single
1790937590,332800,25,,single
1790937592,333640,194,,single
1790937593,334540,2,,single
1790937595,335000,0,,single
1790937596,335670,25,,single
1790937597,337150,5,,single
1790937599,339280,1,,single
1790937600,341000,1,,single
1790937602,342310,6,,single
1790937603,343440,2,,single
1790937604,344770,0,,single
1790937606,346010,293,,single
1790937607,346560,11,,single
1790937608,348250,22,,single
1790937610,348620,0,,single
1790937611,349890,0,,single
1790937613,351510,11,,single
1790937614,351940,13,,single
1790937615,352520,0,,single
1790937617,353380,0,,single
1790937618,354140,5,,single
1790937620,355050,3,,single
1790937621,355790,71,,single
1790937622,356500,76,,single
1790937624,357070,63,,single
1790937625,357480,3,,single
1790937627,359310,4,,single
1790937628,359900,1,,single
1790937630,360650,1,,single
1790937631,361420,1029,,single
1790937632,362620,103,,single
1790937634,363130,20,,single
1790937635,363970,1549,,single
1790937637,365300,0,,single
1790937638,365590,791,,single
1790937640,366870,0,,single
1790937641,367670,96,,single
1790937642,368260,325,,single
1790937644,368500,652,,single
1790937645,370240,24,,single
1790937647,371520,8,,single
1790937648,372360,18,,single
1790937650,373390,1,,single
1790937651,374040,88,,single
1790937652,374900,3,,single
1790937654,375820,14,,single
1790937655,376210,13579,,single
1790937656,377840,237,,single
1790937658,378660,0,,single
1790937659,380150,2,,single
1790937661,381020,3,,single
1790937662,382310,378,,single
1790937663,383120,497,,single
1790937665,383980,85,,single
1790937666,384630,0,,single
1790937668,385770,119,,single
1790937669,386360,469,,single
1790937670,386940,517,,single
1790937672,388090,15,,single
1790937673,388880,4,,single
1790937675,389570,11,,single
1790937676,390670,0,,single
1790937678,391260,1,,single
1790937679,392110,275,,single
1790937680,393380,9591,,single
1790937682,394360,36591,,single
1790937683,394970,9,,single
1790937684,396650,1,,single
1790937686,396900,10,,single
1790937687,397350,88,,single
1790937688,397950,38,,single
1790937690,399120,0,,single
1790937691,400170,13,,single
1790937693,401680,21,,single
1790937694,403190,115,,single
1790937695,404410,82,,single
1790937697,405290,14,,single
1790937698,405710,8,,single
1790937700,405900,32,,single
1790937701,406350,23,,single
1790937703,407130,156,,single
1790937704,408900,2,,single
1790937705,409710,184,,single
1790937707,410340,671,,single
1790937708,410900,434,,single
1790937709,412740,0,,single
1790937711,414340,50,,single
1790937712,415420,3,,single
1790937714,417860,6,,single
1790937715,418340,5,,single
1790937716,418530,231,,single
1790937718,420000,40,,single
1790937719,420740,23,,single
1790937721,421050,14,,single
1790937722,422970,22,,single
1790937723,425210,0,,single
1790937725,427270,1,,single
1790937726,428550,8,,single
1790937727,429050,109,,single
1790937729,429680,3,,single
1790937730,430210,6,,single
1790937732,431600,26,,single
1790937733,431930,0,,single
1790937734,434030,1,,single
1790937736,435150,3946,,single
1790937737,435790,3,,single
1790937739,437160,0,,single
1790937740,438100,30715,,single
1790937741,438480,18,,single
1790937743,440310,11,,single
1790937745,440880,4,,single
1790937746,444090,445,,single
1790937747,444770,20,,single
1790937749,445310,82,,single
1790937750,447020,294,,single
1790937752,447150,2,,single
1790937753,448320,7,,single
1790937755,449610,11,,single
1790937756,451020,17,,single
1790937757,452570,3,,single
1790937759,454120,6,,single
1790937760,455820,0,,single
1790937762,457210,5,,single
1790937763,458710,2255,,single
1790937764,460810,14,,single
1790937766,462770,6,,single
1790937767,464350,37,,single
1790937769,465520,0,,single
1790937770,466560,963,,single
1790937771,468920,103,,single
1790937773,470260,1,,single
1790937774,473770,5,,single
1790937776,474960,118,,single
1790937777,475550,117,,single
1790937778,476620,110,,single
1790937780,477770,5,,single
1790937781,480430,4,,single
1790937782,481510,55,,single
1790937784,482920,122,,single
1790937785,485610,12,,single
1790937787,486860,20,,single
1790937788,489140,2,,single
1790937789,489830,17583,,single
1790937791,491040,0,,single
1790937792,491540,180,,single
1790937793,492720,622,,single
1790937795,493900,52,,single
1790937796,495140,36,,single
1790937797,495890,3,,single
1790937799,498240,40,,single
1790937800,499520,1,,single
1790937802,501080,15,,single
1790937803,502370,12,,single
1790937804,502940,1,,single
1790937806,503940,110,,single
1790937807,505170,12,,single
1790937809,506540,1,,single
1790937810,508900,49,,single
1790937811,510050,2,,single
1790937813,512470,25,,single
1790937814,513510,1,,single
1790937816,516110,0,,single
1790937817,517710,2,,single
1790937818,518150,3,,single
1790937820,520940,8,,single
1790937821,523780,3,,single
1790937823,525510,49,,single
1790937824,527230,570,,single
1790937825,529340,5281,,single
1790937827,530700,0,,single
1790937828,532190,0,,single
1790937829,535520,3,,single
1790937831,537800,68,,single
1790937832,539470,15,,single
1790937833,541200,2,,single
1790937835,543870,22,,single
1790937836,544610,39,,single
1790937838,545270,0,,single
1790937839,551730,20,,single
1790937840,552100,873,,single
1790937842,552920,0,,single
1790937843,553260,7,,single
1790937845,553540,102,,single
1790937846,554620,24,,single
1790937847,555880,0,,single
1790937849,558100,17,,single
1790937850,559210,2,,single
1790937851,561600,5,,single
1790937853,562260,17,,single
1790937854,563560,139,,single
1790937856,564530,65,,single
1790937857,566160,0,,single
1790937858,568090,4,,single
1790937860,569480,160,,single
1790937861,571310,27,,single
1790937863,572430,16,,single
1790937864,573100,128,,single
1790937865,574310,0,,single
1790937867,574980,2,,single
1790937868,577690,7,,single
1790937869,578310,3,,single
1790937871,578850,2,,single
1790937872,580720,10,,single
1790937874,582270,0,,single
1790937875,583010,31,,single
1790937876,584640,0,,single
1790937878,585710,6,,single
1790937879,587430,6,,single
1790937881,588030,259,,single
1790937882,589290,322,,single
1790937883,590380,220,,single
1790937885,592260,19,,single
1790937886,593600,559,,single
1790937888,594650,13152,,single
1790937889,595500,5,,single
1790937890,597180,318,,single
1790937892,598810,81,,single
1790937893,599140,4349,,single
1790937894,600130,3,,single
1790937896,601220,0,,single
1790937897,601840,111,,single
1790937898,603850,592,,single
1790937900,605230,35,,single
1790937901,606500,1,,single
1790937903,609320,28,,single
1790937904,610360,2,,single
1790937905,613100,1807,,single
1790937907,616110,6,,single
1790937908,617830,26,,single
1790937910,619150,8,,single
1790937911,619820,189,,single
1790937912,620980,335,,single
1790937914,621830,1028,,single
1790937915,624270,21,,single
1790937917,627270,163,,single
1790937918,628770,2,,single
1790937919,629820,202,,single
1790937921,632300,254,,single
1790937922,633080,2,,single
1790937924,634160,6,,single
1790937925,636100,3,,single
1790937926,637850,1,,single
1790937928,638510,20,,single
1790937929,640590,35,,single
1790937931,641320,92,,single
1790937932,643270,1,,single
1790937933,645090,5,,single
1790937935,646270,28,,single
1790937936,647830,153,,single
1790937938,648390,4,,single
1790937939,648800,7239,,single
1790937940,653930,2,,single
1790937942,657240,10,,single
1790937943,659540,9,,single
1790937945,661790,3,,single
1790937946,665300,701,,single
1790937948,666150,143,,single
1790937949,666860,172,,single
1790937950,667720,24,,single
1790937952,669330,2314,,single
1790937953,671610,6,,single
1790937954,672870,39,,single
1790937956,673750,421,,single
1790937957,674500,38,,single
1790937958,674940,213,,single
1790937960,676820,1,,single
1790937961,678800,77,,single
1790937963,679110,24,,single
1790937964,681280,304,,single
1790937965,684410,37,,single
1790937967,688470,72,,single
1790937968,691260,6,,single
1790937969,695330,3,,single
1790937971,698540,14,,single
1790937972,700600,83,,single
1790937974,702810,1,,single
1790937975,704850,848,,single
1790937976,706020,1,,single
1790937978,711980,15,,single
1790937979,716490,10,,single
1790937981,718560,26,,single
1790937982,719890,595,,single
1790937984,720620,101,,single
1790937985,725270,0,,single
1790937987,726110,8,,single
1790937988,727020,0,,single
1790937990,728880,4957,,single
1790937991,730820,16,,single
1790937993,732050,16,,single
1790937994,733070,42,,single
1790937995,734750,79,,single
1790937997,735570,0,,single
1790937998,736590,139,,single
1790938000,739630,4388,,single
1790938001,742120,14,,single
1790938002,743390,1,,single
1790938004,746850,76,,single
1790938005,748300,1,,single
1790938007,750920,771,,single
1790938008,753420,85,,single
1790938009,754150,25,,single
1790938011,755790,3,,single
1790938012,757240,1,,single
1790938014,758190,253,,single
1790938015,758690,76,,single
1790938017,759740,12,,single
1790938018,761600,21,,single
1790938020,761890,4578,,single
1790938021,763890,96,,single
1790938022,766280,0,,single
1790938024,769560,438,,single
1790938025,772540,0,,single
1790938026,774201,9,,single
1790938028,774861,10,,single
1790938029,777390,66,,single
1790938030,782330,600,,single
1790938032,784080,717,,single
1790938033,785740,32,,single
1790938035,786520,1233,,single
1790938036,790600,11,,single
1790938037,790850,3,,single
1790938039,792120,5,,single
1790938040,793350,0,,single
1790938041,795100,2,,single
1790938043,797400,21,,single
1790938045,798290,11,,single
1790938047,798840,55,,single
1790938048,799960,277,,single
1790938049,801550,14,,single
1790938051,803330,78,,single
1790938052,805550,1682,,single
1790938053,808290,99,,single
1790938055,810040,2,,single
1790938056,812140,5250,,single
1790938058,813780,15703,,single
1790938059,814380,5500,,single
1790938060,816090,28,,single
1790938062,817510,3,,single
1790938063,819030,6,,single
1790938065,822240,35,,single
1790938066,823950,0,,single
1790938068,824720,3,,single
1790938069,829110,69,,single
1790938070,831980,14,,single
1790938072,834740,32,,single
1790938073,835960,257,,single
1790938074,838630,6,,single
1790938076,840010,4,,single
1790938077,841190,7,,single
1790938079,842780,191,,single
1790938080,843390,2,,single
1790938081,844590,16,,single
1790938083,845890,0,,single
1790938084,846470,9,,single
1790938086,848350,7,,single
1790938087,850320,21,,single
1790938088,853450,4,,single
1790938090,855010,6,,single
1790938091,858260,4,,single
1790938093,858820,53,,single
1790938094,860890,70,,single
1790938095,861540,46,,single
1790938097,865360,61,,single
1790938098,866140,6,,single
1790938099,867210,100,,single
1790938101,870200,58,,single
1790938102,872670,60,,single
1790938104,874260,22,,single
1790938105,878380,2,,single
1790938106,881020,1759,,single
1790938108,882710,5,,single
1790938109,884660,59,,single
1790938111,887570,51,,single
1790938112,891040,155,,single
1790938113,893850,34,,single
1790938115,895870,198,,single
1790938116,897450,44,,single
1790938117,898890,5,,single
1790938119,905340,7,,single
1790938120,909660,36,,single
1790938122,914010,2,,single
1790938123,915310,3,,single
1790938124,916440,2547,,single
1790938126,917680,0,,single
1790938127,922320,14,,single
1790938128,925950,4,,single
1790938130,934840,0,,single
1790938131,936790,16,,single
1790938133,937580,26,,single
1790938134,939400,214,,single
1790938135,940710,4,,single
1790938137,944010,5,,single
1790938138,946720,2,,single
1790938140,949480,3,,single
1790938141,950740,7,,single
1790938142,952860,231,,single
1790938144,954870,24,,single
1790938145,956680,5,,single
1790938147,960690,12,,single
1790938148,962130,1563,,single
1790938150,963710,3,,single
1790938151,964440,3,,single
1790938153,965230,13,,single
1790938154,965820,2,,single
1790938155,966610,111,,single
1790938157,969990,70,,single
1790938158,972660,699,,single
1790938159,973810,5,,single
1790938161,976890,7,,single
1790938162,978300,102,,single
1790938164,978780,119,,single
1790938165,979120,55,,single
1790938166,980300,5,,single
1790938168,981890,3,,single
1790938169,982720,0,,single
1790938171,986130,129,,single
1790938172,987840,104,,single
1790938173,991170,11,,single
1790938175,994910,132,,single
1790938176,996580,146,,single
1790938177,998400,17,,single
1790938179,1000360,48,,single
1790938180,1003890,15,,single
1790938182,1005930,12,,single
1790938183,1009850,2663,,single
1790938184,1010890,0,,single
1790938186,1012560,4,,single
1790938187,1012880,211,,single
1790938188,1016790,0,,single
1790938190,1018010,58,,single
1790938191,1018830,35,,single
1790938193,1020790,207,,single
1790938194,1021950,0,,single
1790938195,1024380,0,,single
1790938197,1025960,15,,single
1790938198,1028310,202,,single
1790938200,1029780,1140,,single
1790938201,1032790,7,,single
1790938202,1036950,89,,single
1790938204,1038450,3,,single
1790938205,1040230,59,,single
1790938207,1043390,1,,single
1790938208,1046400,12,,single
1790938209,1049280,6,,single
1790938211,1051690,9,,single
1790938212,1054490,490,,single
1790938213,1055430,45,,single
1790938215,1058430,9,,single
1790938216,1058650,0,,single
1790938218,1059120,0,,single
1790938219,1061090,71,,single
1790938220,1062090,3514,,single
1790938222,1062160,53,,single
1790938223,1063660,39,,single
1790938224,1065310,48,,single
1790938226,1066890,534,,single
1790938227,1068820,1282,,single
1790938229,1069650,28,,single
1790938230,1069740,2,,single
1790938231,1071120,1,,single
1790938233,1072150,1,,single
1790938234,1073390,27,,single
1790938236,1075740,20,,single
1790938237,1077520,2,,single
1790938239,1078760,22,,single
1790938240,1079800,8,,single
1790938241,1081510,2,,single
1790938243,1084600,739,,single
1790938244,1085510,11,,single
1790938246,1087280,16,,single
1790938247,1088850,130,,single
1790938248,1089830,10,,single
1790938250,1092660,10,,single
1790938251,1094780,519,,single
1790938252,1097130,9,,single
1790938254,1097840,137,,single
1790938255,1100140,36,,single
1790938257,1100620,60,,single
1790938258,1101140,0,,single
1790938259,1105670,201,,single
1790938261,1108370,35,,single
1790938262,1110100,0,,single
1790938263,1114070,0,,single
1790938265,1114940,45,,single
1790938266,1116880,4,,single
1790938268,1119980,7,,single
1790938269,1121640,81,,single
1790938270,1122680,2,,single
1790938272,1123830,41,,single
1790938273,1126310,13,,single
1790938274,1128920,154,,single
1790938276,1129580,1929,,single
1790938277,1131620,91,,single
1790938278,1134710,184,,single
1790938280,1135810,17,,single
1790938281,1138100,1,,single
1790938283,1138850,21,,single
1790938284,1139900,266,,single
1790938285,1140290,2,,single
1790938287,1141580,6,,single
1790938288,1144030,4,,single
1790938290,1144770,3,,single
1790938291,1147560,597,,single
1790938293,1148590,21,,single
1790938294,1149460,3299,,single
1790938295,1150760,26,,single
1790938297,1151080,0,,single
1790938298,1153410,72,,single
1790938300,1154790,1,,single
1790938301,1155970,43,,single
1790938303,1157390,110,,single
1790938304,1158850,186,,single
1790938305,1159560,8,,single
1790938307,1161170,14,,single
1790938308,1161590,58,,single
1790938310,1163870,2,,single
1790938311,1164940,128,,single
1790938312,1167450,9,,single
1790938314,1168660,4,,single
1790938315,1172380,444,,single
1790938316,1172650,2,,single
1790938318,1173770,75,,single
1790938319,1173810,100,,single
1790938320,1175460,13,,single
1790938322,1178160,27,,single
1790938323,1179210,15,,single
1790938325,1181840,3,,single
1790938326,1182620,14,,single
1790938327,1184160,0,,single
1790938329,1187510,12,,single
1790938330,1190000,1277,,single
1790938332,1191120,12,,single
1790938333,1191900,2,,single
1790938335,1195290,16,,single
1790938336,1196630,32,,single
1790938337,1198090,45,,single
1790938339,1201240,1054,,single
1790938340,1202130,162,,single
1790938341,1203190,131,,single
1790938344,1203710,15,,single
1790938345,1205450,3,,single
1790938346,1206430,3,,single
1790938348,1207650,164,,single
1790938349,1210320,544,,single
1790938351,1213210,600,,single
1790938352,1215390,96,,single
1790938354,1217060,759,,single
1790938355,1220840,1,,single
1790938356,1222300,11,,single
1790938358,1223500,2,,single
1790938359,1227280,12,,single
1790938361,1227690,39,,single
1790938362,1229900,0,,single
1790938364,1232180,3,,single
1790938365,1233410,4,,single
1790938367,1234940,6,,single
1790938368,1237970,1962,,single
1790938369,1239050,0,,single
1790938371,1239320,17,,single
1790938373,1241510,0,,single
1790938374,1243850,16,,single
1790938375,1244630,22,,single
1790938377,1245540,0,,single
1790938378,1249970,105,,single
1790938380,1252780,172,,single
1790938381,1256670,2040,,single
1790938382,1258080,2989,,single
1790938384,1259980,91,,single
1790938385,1260810,8,,single
1790938387,1262460,63,,single
1790938388,1262580,241,,single
1790938389,1263850,732,,single
1790938391,1265820,49,,single
1790938392,1266540,51,,single
1790938393,1267910,3825,,single
1790938395,1270580,129,,single
1790938396,1272010,5,,single
1790938398,1273260,12,,single
1790938399,1273710,10,,single
1790938401,1275640,4,,single
1790938402,1280780,69,,single
1790938404,1282100,2767,,single
1790938405,1283190,52,,single
1790938406,1284210,2773,,single
1790938408,1286280,6,,single
1790938409,1286580,140,,single
1790938411,1286990,20,,single
1790938412,1289380,24,,single
1790938413,1290260,0,,single
1790938415,1291500,0,,single
1790938416,1293170,1,,single
1790938418,1294660,0,,single
1790938419,1295500,98,,single
1790938421,1296840,3,,single
1790938422,1299460,13,,single
1790938423,1302240,32,,single
1790938425,1305420,1,,single
1790938426,1309610,6,,single
1790938428,1310520,1,,single
1790938429,1313860,81,,single
1790938430,1316910,7,,single
1790938432,1320140,2,,single
1790938433,1324530,11,,single
1790938435,1328660,204,,single
1790938436,1329880,6,,single
1790938437,1330660,10,,single
1790938439,1332470,1,,single
1790938440,1335530,5,,single
1790938442,1335830,60,,single
1790938443,1336980,1300,,single
1790938444,1337890,1,,single
1790938446,1338770,306,,single
1790938447,1340530,3,,single
1790938449,1342330,94,,single
1790938450,1343240,40,,single
1790938452,1343670,49,,single
1790938453,1346010,9,,single
1790938454,1347780,13,,single
1790938456,1350200,2,,single
1790938457,1351630,8,,single
1790938459,1352930,50,,single
1790938460,1356810,38,,single
1790938462,1358700,115,,single
1790938463,1360390,0,,single
1790938465,1361210,6111,,single
1790938466,1363430,19,,single
1790938467,1364210,164,,single
1790938469,1364780,21176,,single
1790938470,1366950,3,,single
1790938472,1369630,347,,single
1790938473,1370050,3,,single
1790938474,1372320,1,,single
1790938476,1373780,0,,single
1790938477,1375740,1,,single
1790938479,1377360,12,,single
1790938480,1378290,7,,single
1790938481,1382200,0,,single
1790938483,1385380,188,,single
1790938484,1388870,8,,single
1790938486,1389990,40,,single
1790938487,1392820,11,,single
1790938488,1395560,2,,single
1790938490,1397920,555,,single
1790938491,1402110,1,,single
1790938492,1406850,8,,single
1790938494,1408610,61,,single
1790938495,1410710,32,,single
1790938497,1413870,4,,single
1790938498,1416130,0,,single
1790938499,1416920,186,,single
1790938501,1419170,1064,,single
1790938502,1420770,30,,single
1790938504,1422130,286,,single
1790938505,1426010,3,,single
1790938507,1428100,4,,single
1790938508,1431610,4,,single
1790938509,1433340,12,,single
1790938511,1435790,253,,single
1790938512,1437760,16,,single
1790938514,1440440,6,,single
1790938515,1444110,1,,single
1790938517,1447000,13,,single
1790938518,1448530,10,,single
1790938519,1449690,563,,single
1790938521,1450900,79,,single
1790938522,1451740,0,,single
1790938524,1455630,39,,single
1790938525,1456200,42,,single
1790938526,1458140,176,,single
1790938528,1462040,3322,,single
1790938529,1462810,133,,single
1790938530,1466060,775,,single
1790938532,1467920,5,,single
1790938533,1469610,143,,single
1790938535,1475380,0,,single
1790938536,1477070,204,,single
1790938537,1478160,5,,single
1790938539,1482380,7,,single
1790938540,1484280,11,,single
1790938542,1486630,19,,single
1790938543,1489970,9,,single
1790938545,1491670,8,,single
1790938546,1494810,9,,single
1790938547,1499120,3,,single
1790938549,1504500,15,,single
1790938550,1509510,159,,single
1790938551,1510460,50,,single
1790938553,1511670,1,,single
1790938554,1515210,93,,single
1790938556,1521580,17,,single
1790938557,1522870,30,,single
1790938559,1527910,2,,single
1790938560,1533390,282,,single
1790938562,1536090,26,,single
1790938563,1539140,98,,single
1790938564,1543280,16,,single
1790938566,1545560,108,,single
1790938567,1546400,39,,single
1790938569,1549690,11,,single
1790938570,1554790,7,,single
1790938572,1556200,28,,single
1790938573,1557740,200,,single
1790938574,1559600,39,,single
1790938576,1563130,0,,single
1790938577,1567020,21,,single
1790938578,1569090,3,,single
1790938580,1570010,27,,single
1790938581,1571100,12,,single
1790938583,1574310,1,,single
1790938584,1574900,27,,single
1790938585,1576060,0,,single
1790938587,1578860,3,,single
1790938588,1580520,16,,single
1790938589,1582680,0,,single
1790938591,1587130,66,,single
1790938592,1590230,14,,single
1790938594,1592190,193,,single
1790938595,1592520,11,,single
1790938596,1594940,228,,single
1790938598,1599330,28,,single
1790938599,1599880,1,,single
1790938601,1601970,13,,single
1790938602,1603640,10,,single
1790938603,1605220,159,,single
1790938605,1607680,17,,single
1790938606,1608290,36,,single
1790938608,1610440,46,,single
1790938609,1611430,69,,single
1790938610,1612620,0,,single
1790938612,1618540,5,,single
1790938613,1621310,48,,single
1790938614,1623940,23,,single
1790938616,1626890,1,,single
1790938617,1629530,1,,single
1790938619,1634150,6,,single
1790938620,1637730,24,,single
1790938621,1644320,209,,single
1790938623,1646850,12,,single
1790938624,1649730,149,,single
1790938625,1651560,120,,single
1790938627,1656780,34,,single
1790938628,1658280,61,,single
1790938631,1660080,83,,single
1790938632,1663220,20,,single
1790938633,1668510,25,,single
1790938635,1669170,14,,single
1790938636,1674170,312,,single
1790938638,1677110,281,,single
1790938639,1677740,1488,,single
1790938640,1681970,0,,single
1790938642,1684350,51,,single
1790938643,1689910,4,,single
1790938645,1696440,51,,single
1790938647,1699480,133,,single
1790938649,1701380,32,,single
1790938651,1705180,70,,single
1790938652,1709900,5,,single
1790938654,1712350,9,,single
1790938656,1715730,3,,single
1790938657,1723260,52,,single
1790938659,1730250,6,,single
1790938660,1731070,12,,single
1790938661,1735950,38,,single
1790938663,1740720,65,,single
1790938664,1746930,1,,single
1790938665,1750770,30,,single
1790938667,1761380,50,,single
1790938668,1763050,10,,single
1790938670,1768280,26,,single
1790938671,1771300,12895,,single
1790938672,1779200,22,,single
1790938674,1783360,0,,single
1790938675,1789480,5,,single
1790938677,1796220,23,,single
1790938679,1798010,42,,single
1790938680,1802720,5,,single
1790938682,1811040,3,,single
1790938683,1811990,68,,single
1790938685,1812620,3997,,single
1790938686,1817070,2859,,single
1790938687,1818750,14,,single
1790938689,1823930,2,,single
1790938690,1831250,47,,single
1790938692,1836160,8,,single
1790938693,1839810,11,,single
1790938695,1839950,369,,single
1790938696,1844380,12,,single
1790938697,1847240,25,,single
1790938699,1849900,11,,single
1790938700,1850510,122,,single
1790938702,1859280,17,,single
1790938703,1862520,87,,single
1790938705,1866880,11,,single
1790938706,1874170,32,,single
1790938707,1875060,51,,single
1790938709,1881200,37,,single
1790938710,1882500,24,,single
1790938712,1886070,1,,single
1790938713,1888160,697,,single
1790938714,1892030,58,,single
1790938716,1894430,224,,single
1790938717,1896390,5,,single
1790938719,1900340,4,,single
1790938720,1903620,17,,single
1790938721,1909420,2,,single
1790938723,1911610,67,,single
1790938724,1915510,22,,single
1790938726,1920780,11,,single
1790938727,1927740,41,,single
1790938728,1931950,0,,single
1790938730,1933700,2,,single
1790938731,1937500,206,,single
1790938732,1939970,21,,single
1790938734,1944430,38,,single
1790938735,1946700,12,,single
1790938737,1951230,61,,single
1790938738,1954200,50,,single
1790938740,1956040,27,,single
1790938741,1958220,58,,single
1790938742,1966900,67,,single
1790938744,1967630,72,,single
1790938745,1970980,14,,single
1790938746,1975440,31,,single
1790938748,1979440,18,,single
1790938749,1983260,21,,single
1790938751,1989270,134,,single
1790938752,2000950,949,,single
1790938753,2009350,307,,single
1790938755,2013730,3,,single
1790938756,2017080,4,,single
1790938758,2024070,6,,single
1790938759,2027330,1040,,single
1790938760,2056210,43,,single
1790938762,2059170,790,,single
1790938763,2060160,625,,single
1790938764,2064870,43,,single
1790938766,2067790,2,,single
1790938767,2069040,17,,single
1790938769,2073250,124,,single
1790938770,2076010,97,,single
1790938771,2080690,536,,single
1790938773,2086430,30,,single
1790938774,2093910,7,,single
1790938776,2096610,78,,single
1790938777,2103130,405,,single
1790938778,2106840,72,,single
1790938780,2111170,18,,single
1790938781,2116120,146,,single
1790938782,2120900,6,,single
1790938784,2124780,13,,single
1790938785,2131640,88,,single
1790938787,2135150,1168,,single
1790938788,2140510,25,,single
1790938789,2151290,102,,single
1790938791,2161700,6377,,single
1790938792,2168680,427,,single
1790938793,2172010,50,,single
1790938795,2181610,17,,single
1790938796,2182400,7,,single
1790938798,2185060,1679,,single
1790938799,2187290,127,,single
1790938801,2195120,110,,single
1790938802,2196790,3,,single
1790938803,2206210,1,,single
1790938805,2208570,90,,single
1790938806,2212330,418,,single
1790938807,2217000,116,,single
1790938809,2228280,4,,single
1790938810,2230980,113,,single
1790938812,2235240,13,,single
1790938813,2239150,601,,single
1790938814,2248430,4,,single
1790938816,2252680,9,,single
1790938817,2272250,12,,single
1790938818,2273430,2519,,single
1790938820,2275150,1,,single
1790938821,2287520,11,,single
1790938823,2290000,22,,single
1790938824,2292260,5,,single
1790938825,2299900,9,,single
1790938827,2302660,50,,single
1790938828,2307350,64,,single
1790938829,2318480,6,,single
1790938831,2322440,20,,single
1790938832,2330500,7,,single
1790938833,2336220,1511,,single
1790938835,2348100,2,,single
1790938836,2354000,16,,single
1790938838,2357910,7,,single
1790938839,2366980,28,,single
1790938840,2379390,34,,single
1790938842,2381590,13,,single
1790938843,2389240,1,,single
1790938844,2399830,15862,,single
1790938846,2400510,55,,single
1790938847,2408820,557,,single
1790938849,2419090,5,,single
1790938850,2421410,71,,single
1790938851,2435900,2,,single
1790938853,2442460,20,,single
1790938854,2461850,48,,single
1790938856,2477090,5,,single
1790938857,2479830,0,,single
1790938858,2495100,482,,single
1790938860,2502760,37,,single
1790938861,2510710,8,,single
1790938863,2514960,5,,single
1790938864,2521380,16,,single
1790938866,2527390,28,,single
1790938867,2535830,1,,single
1790938869,2551020,599,,single
1790938870,2555320,3,,single
1790938872,2561580,330,,single
1790938873,2581700,86,,single
1790938874,2593370,157,,single
1790938876,2597080,572,,single
1790938877,2612700,7,,single
1790938879,2634890,21,,single
1790938880,2644610,58,,single
1790938882,2651280,2422,,single
1790938883,2653940,9,,single
1790938884,2658470,2,,single
1790938886,2669410,18,,single
1790938887,2675290,1,,single
1790938889,2679460,1594,,single
1790938890,2687970,2,,single
1790938892,2689470,5,,single
1790938893,2695490,19,,single
1790938895,2706170,51,,single
1790938896,2708450,6,,single
1790938897,2719030,65,,single
1790938899,2726450,5,,single
1790938900,2758000,16,,single
1790938902,2776450,318,,single
1790938903,2793710,5,,single
1790938905,2816950,52,,single
1790938906,2825530,68,,single
1790938908,2828860,114,,single
1790938909,2850190,29,,single
1790938910,2873080,84,,single
1790938912,2881650,411,,single
1790938913,2903560,12,,single
1790938915,2923390,14,,single
1790938916,2933080,184,,single
1790938918,2961530,8,,single
1790938919,2967990,62,,single
1790938920,2993780,214,,single
1790938922,3019370,4,,single
1790938923,3028310,80,,single
1790938924,3058630,495,,single
1790938926,3097560,324,,single
1790938927,3112260,115,,single
1790938929,3126330,17,,single
1790938931,3149840,8,,single
1790938932,3167550,704,,single
1790938934,3176060,18,,single
1790938935,3204250,21,,single
1790938936,3228180,6,,single
1790938938,3261010,30,,single
1790938939,3371240,23,,single
1790938943,3416070,323,,single
1790938944,990080,5686,,single
1790938945,1546990,440,,single
1790938947,40,2,,single
1790938948,1930,29,,single
1790938949,2420,0,,single
1790938951,2590,0,,single
1790938952,3300,31,,single
1790938953,3730,2,,single
1790938955,4770,4,,single
1790938956,6080,2,,single
1790938957,6310,9,,single
1790938959,6830,36,,single
1790938960,6900,13,,single
1790938961,7520,18,,single
1790938963,7660,11,,single
1790938964,9460,3,,single
1790938965,10220,7,,single
1790938967,12130,31,,single
1790938968,12830,3,,single
1790938969,13540,7,,single
1790938971,15120,21,,single
1790938972,15270,0,,single
1790938974,15700,5,,single
1790938975,16720,2,,single
1790938976,17710,0,,single
1790938978,19000,6,,single
1790938979,19900,83,,single
1790938980,20550,6,,single
1790938982,21010,1,,single
1790938983,21680,0,,single
1790938984,22100,81,,single
1790938986,22300,18,,single
1790938987,22370,138,,single
1790938989,22650,1,,single
1790938990,24670,15,,single
1790938991,24870,3,,single
1790938993,25980,17,,single
1790938994,28000,6,,single
1790938995,31170,3,,single
1790938997,32420,0,,single
1790938998,34190,13,,single
1790939000,37400,0,,single
1790939001,38700,1,,single
1790939002,39190,36,,single
1790939004,40400,42,,single
1790939005,41900,2,,single
1790939006,42910,17,,single
1790939008,44340,2,,single
1790939009,45770,16,,single
1790939010,47410,327,,single
1790939012,47890,832,,single
1790939013,48240,62,,single
1790939014,49540,16,,single
1790939016,55100,27,,single
1790939017,57680,0,,single
1790939018,61500,4,,single
1790939020,63660,4,,single
1790939021,63950,2,,single
1790939022,65980,210,,single
1790939024,71250,39,,single
1790939025,80340,1,,single
1790939026,92100,0,,single
1790939028,95300,0,,single
1790939029,97100,1,,single
1790939031,102500,13,,single
1790939032,105800,1,,single
1790939033,111800,0,,single
1790939035,113420,1,,single
1790939036,200910,0,,single
1790939038,201420,1,,single
1790939039,202310,1,,single
1790939041,203210,1,,single
1790939042,203810,0,,single
1790939043,204180,0,,single
1790939045,205710,126,,single
1790939046,205990,23,,single
1790939047,207650,3,,single
1790939049,208730,1,,single
1790939050,209100,2,,single
1790939052,209670,2,,single
1790939053,209950,3,,single
1790939054,211340,0,,single
1790939056,211780,6,,single
1790939057,212200,253,,single
1790939059,213670,602,,single
1790939060,214790,6,,single
1790939061,215100,40,,single
1790939063,215630,1,,single
1790939064,215830,2,,single
1790939065,216260,6,,single
1790939067,217140,2,,single
1790939068,217790,2,,single
1790939069,218230,269,,single
1790939071,218740,0,,single
1790939072,219950,0,,single
1790939074,220660,6,,single
1790939075,221020,0,,single
1790939077,221810,7,,single
1790939078,222940,17,,single
1790939080,223410,3,,single
1790939081,224540,0,,single
1790939082,224980,6,,single
1790939084,225300,6,,single
1790939085,225540,573,,single
1790939087,226100,6,,single
1790939088,226700,5,,single
1790939089,227600,8,,single
1790939091,228300,14,,single
1790939092,230860,0,,single
1790939093,231140,6,,single
1790939095,232050,18,,single
1790939096,232890,216,,single
1790939098,233350,6,,single
1790939099,233840,2,,single
1790939100,234390,3,,single
1790939102,235360,5,,single
1790939103,236110,201,,single
1790939105,236730,1,,single
1790939106,237310,93,,single
1790939111,238240,0,,single
1790939112,238320,395,,single
1790939114,238910,0,,single
1790939115,239160,69,,single
1790939116,240320,8,,single
1790939118,404730,43,,single
1790939119,241720,0,,single
1790939121,242780,1,,single
1790939122,243120,0,,single
1790939123,243220,0,,single
1790939125,244070,1,,single
1790939126,244910,0,,single
1790939128,245300,5,,single
1790939129,246070,0,,single
1790939131,246760,3,,single
1790939132,248650,1,,single
1790939133,249230,34,,single
1790939135,249650,3,,single
1790939136,250400,7,,single
1790939137,250580,0,,single
1790939139,250700,0,,single
1790939140,251430,1,,single
1790939141,251870,2,,single
1790939143,252350,1,,single
1790939144,252490,108132,,single
1790939145,253190,0,,single
1790939147,253650,0,,single
1790939148,254060,6,,single
1790939150,255220,9,,single
1790939151,255390,3,,single
1790939152,256190,10,,single
1790939154,257400,5,,single
1790939155,257710,1,,single
1790939157,258520,2,,single
1790939158,259570,0,,single
1790939160,260190,11,,single
1790939161,261110,4,,single
1790939162,261760,4,,single
1790939164,262260,1,,single
1790939165,262790,0,,single
1790939167,263200,1,,single
1790939168,263620,1,,single
1790939170,264730,0,,single
1790939171,265550,104,,single
1790939173,265990,4,,single
1790939174,267490,6,,single
1790939175,268750,8,,single
1790939177,269190,5,,single
1790939178,269310,2,,single
1790939179,269670,8,,single
1790939181,270170,1,,single
1790939182,270850,1,,single
1790939184,271260,9,,single
1790939185,271760,3,,single
1790939187,272230,0,,single
1790939188,273350,10,,single
1790939189,274290,2,,single
1790939191,274560,0,,single
1790939192,275490,0,,single
1790939194,277450,23,,single
1790939195,278910,2,,single
1790939197,280520,0,,single
1790939198,280790,15,,single
1790939200,281940,0,,single
1790939201,282210,8,,single
1790939203,282760,0,,single
1790939204,283640,71,,single
1790939205,284240,0,,single
1790939207,284950,1,,single
1790939208,286000,3,,single
1790939209,287020,4,,single
1790939211,287580,3,,single
1790939212,288140,18,,single
1790939214,289090,0,,single
1790939215,290470,31,,single
1790939216,291480,2,,single
1790939218,292120,208,,single
1790939219,292910,16,,single
1790939221,293540,0,,single
1790939222,294440,0,,single
1790939223,295790,8,,single
1790939225,296470,1,,single
1790939226,296910,0,,single
1790939228,297110,0,,single
1790939229,297860,9,,single
1790939230,298260,2,,single
1790939232,299460,0,,single
1790939233,299950,0,,single
1790939235,300970,19,,single
1790939236,301520,3,,single
1790939238,302270,0,,single
1790939239,302790,1,,single
1790939240,303430,0,,single
1790939242,304030,0,,single
1790939243,305050,2,,single
1790939244,306040,1,,single
1790939246,307290,0,,single
1790939247,310370,0,,single
1790939249,310950,104,,single
1790939250,311260,129,,single
1790939252,311770,48,,single
1790939253,312280,13,,single
1790939254,312610,13,,single
1790939256,312840,15,,single
1790939257,313630,2,,single
1790939259,313780,0,,single
1790939260,314070,2,,single
1790939261,314660,8,,single
1790939263,314970,14,,single
1790939264,315660,30,,single
1790939265,317410,0,,single
1790939267,318020,20,,single
1790939268,318430,0,,single
1790939270,319140,0,,single
1790939271,320240,38,,single
1790939272,321270,9,,single
1790939274,321960,167,,single
1790939275,323220,27,,single
1790939276,324570,2,,single
1790939278,325090,1,,single
1790939279,326480,8,,single
1790939281,327220,10,,single
1790939282,327740,1,,single
1790939283,329430,61,,single
1790939285,329830,24,,single
1790939286,330390,7,,single
1790939288,331120,1,,single
1790939289,331470,253,,single
1790939290,332200,5,,single
1790939292,333250,0,,single
1790939293,334040,1,,single
1790939294,334420,2,,single
1790939296,335430,0,,single
1790939297,337930,1,,single
1790939299,338390,4,,single
1790939300,339230,6,,single
1790939302,339600,0,,single
1790939303,340050,1,,single
1790939305,340270,0,,single
1790939306,341500,0,,single
1790939308,342200,172,,single
1790939309,342940,166,,single
1790939310,343710,2,,single
1790939312,344760,7,,single
1790939313,345240,61,,single
1790939315,345350,48,,single
1790939316,345610,5,,single
1790939317,345890,5,,single
1790939319,346850,8,,single
1790939320,347560,0,,single
1790939321,347800,2,,single
1790939323,348470,3,,single
1790939324,349720,0,,single
1790939325,350640,21,,single
1790939327,351030,115,,single
1790939328,351290,0,,single
1790939329,351800,0,,single
1790939331,352700,7,,single
1790939332,353540,5,,single
1790939334,354290,139,,single
1790939335,355170,5,,single
1790939337,355840,1,,single
1790939338,356190,1418,,single
1790939339,356670,7,,single
1790939341,357340,0,,single
1790939342,359050,6,,single
1790939343,359390,286,,single
1790939345,359870,508,,single
1790939346,360730,0,,single
1790939348,361300,5,,single
1790939349,363150,515,,single
1790939350,363600,5,,single
1790939352,364420,2,,single
1790939353,365670,11932,,single
1790939354,366240,2,,single
1790939356,366910,1,,single
1790939357,367600,0,,single
1790939358,368360,25,,single
1790939360,368860,1,,single
1790939361,369110,1,,single
1790939363,371140,1,,single
1790939364,371420,0,,single
1790939365,373330,1,,single
1790939367,375460,7,,single
1790939368,375910,77,,single
1790939369,377160,7553,,single
1790939371,377680,2,,single
1790939372,378720,19,,single
1790939374,379430,3792,,single
1790939375,380360,9,,single
1790939376,381990,15,,single
1790939378,382900,7,,single
1790939379,383180,55,,single
1790939381,384110,23,,single
1790939382,384740,0,,single
1790939383,385560,0,,single
1790939385,386180,1032,,single
1790939386,387860,0,,single
1790939387,388750,3,,single
1790939389,389510,4,,single
1790939390,390340,2,,single
1790939392,391040,6,,single
1790939393,391720,35,,single
1790939394,393200,0,,single
1790939396,393530,44,,single
1790939397,394760,6,,single
1790939398,396350,1,,single
1790939400,397270,5,,single
1790939401,399790,8,,single
1790939402,400080,13,,single
1790939404,400250,0,,single
1790939405,400750,5173,,single
1790939406,401710,1,,single
1790939408,402180,4,,single
1790939409,402430,1,,single
1790939411,402840,153,,single
1790939412,404590,1,,single
1790939413,405500,0,,single
1790939415,408120,0,,single
1790939416,408990,1,,single
1790939417,409670,2,,single
1790939419,410670,0,,single
1790939420,411000,2,,single
1790939421,411830,5,,single
1790939423,412450,0,,single
1790939424,414700,194,,single
1790939426,415600,58,,single
1790939427,416600,4,,single
1790939428,417290,3,,single
1790939430,419460,0,,single
1790939431,420790,30,,single
1790939433,421670,0,,single
1790939434,422910,17,,single
1790939436,423880,1,,single
1790939437,426000,32,,single
1790939439,427190,20,,single
1790939440,427510,7,,single
1790939441,427880,1,,single
1790939443,428690,21,,single
1790939444,429540,11,,single
1790939446,431590,10,,single
1790939447,432010,0,,single
1790939448,433170,2,,single
1790939450,433530,6,,single
1790939451,434260,1,,single
1790939452,434570,22,,single
1790939454,435030,38,,single
1790939455,436180,4,,single
1790939456,436670,51,,single
1790939458,437630,2,,single
1790939459,438740,8,,single
1790939461,440630,1,,single
1790939462,441380,1,,single
1790939463,441870,1,,single
1790939465,442500,0,,single
1790939466,443580,1,,single
1790939467,444930,21,,single
1790939469,445980,39,,single
1790939470,447820,7,,single
1790939472,449540,1,,single
1790939473,450220,0,,single
1790939474,452060,34,,single
1790939476,453480,6,,single
1790939477,454250,2,,single
1790939478,455980,12,,single
1790939480,458750,361,,single
1790939481,460120,2,,single
1790939483,460790,137,,single
1790939484,461430,3,,single
1790939485,461870,1,,single
1790939487,462930,24,,single
1790939488,463270,0,,single
1790939490,464780,1,,single
1790939491,465240,16,,single
1790939493,465760,1,,single
1790939494,466500,2,,single
1790939495,468530,0,,single
1790939497,469790,0,,single
1790939498,469990,7,,single
1790939500,471660,0,,single
1790939501,474750,15,,single
1790939503,477730,8,,single
1790939504,485030,0,,single
1790939505,485510,390,,single
1790939507,486780,6,,single
1790939508,487220,0,,single
1790939509,488440,0,,single
1790939511,489940,0,,single
1790939512,493200,4,,single
1790939513,493520,348,,single
1790939515,495050,17,,single
1790939516,496240,6,,single
1790939517,496620,5,,single
1790939519,499890,1,,single
1790939520,502280,10,,single
1790939521,502820,3,,single
1790939523,503580,1,,single
1790939524,504130,7,,single
1790939525,505630,1,,single
1790939527,505740,0,,single
1790939528,509220,0,,single
1790939529,510490,0,,single
1790939531,511740,2,,single
1790939532,513000,27,,single
1790939534,513560,1,,single
1790939535,514900,1,,single
1790939536,515220,24,,single
1790939538,518920,9,,single
1790939539,520010,0,,single
1790939541,520950,1,,single
1790939542,522210,4,,single
1790939543,523650,2,,single
1790939545,525480,25,,single
1790939546,526160,8,,single
1790939547,527270,0,,single
1790939549,528550,0,,single
1790939550,529520,0,,single
1790939551,529780,0,,single
1790939553,530630,3,,single
1790939554,532210,112,,single
1790939555,533780,8,,single
1790939557,535480,9,,single
1790939558,536890,2,,single
1790939559,537340,6,,single
1790939561,538070,1,,single
1790939562,541670,8,,single
1790939563,543900,19,,single
1790939565,545540,2,,single
1790939566,546090,30,,single
1790939568,547680,3,,single
1790939569,550470,206,,single
1790939570,551170,571,,single
1790939572,552620,60,,single
1790939573,554510,0,,single
1790939575,555220,9,,single
1790939576,556180,1,,single
1790939578,558420,2,,single
1790939579,559680,3,,single
1790939581,560430,3,,single
1790939582,564230,73,,single
1790939583,566440,11,,single
1790939585,567280,0,,single
1790939587,568570,9,,single
1790939588,570840,11,,single
1790939589,574090,6,,single
1790939591,575550,2,,single
1790939592,577480,14,,single
1790939594,578620,7,,single
1790939595,579180,25,,single
1790939597,581270,3,,single
1790939598,582660,17656,,single
1790939599,585550,0,,single
1790939601,586140,201,,single
1790939602,586980,3,,single
1790939603,587260,9,,single
1790939605,588190,6,,single
1790939606,588950,2,,single
1790939607,589530,97,,single
1790939609,591420,0,,single
1790939610,594130,4,,single
1790939611,597820,44,,single
1790939613,598700,12,,single
1790939614,601050,76,,single
1790939615,601810,0,,single
1790939617,603530,3,,single
1790939618,604540,33,,single
1790939619,606280,103,,single
1790939621,606880,56,,single
1790939622,607890,10,,single
1790939624,609490,1,,single
1790939625,611160,0,,single
1790939626,611790,77,,single
1790939628,612470,25,,single
1790939629,612880,242,,single
1790939630,616560,17,,single
1790939632,617700,0,,single
1790939633,619290,6,,single
1790939634,619880,22,,single
1790939636,621220,3,,single
1790939637,622650,91,,single
1790939638,624970,8,,single
1790939640,626690,37,,single
1790939641,629090,1,,single
1790939642,629760,274,,single
1790939644,630100,0,,single
1790939645,632350,4,,single
1790939646,635200,1,,single
1790939648,636970,1,,single
1790939649,637650,679,,single
1790939651,638490,6,,single
1790939652,638970,194,,single
1790939653,640380,40,,single
1790939655,644560,63,,single
1790939656,644930,2482,,single
1790939657,648100,427,,single
1790939659,650000,3,,single
1790939660,650670,2,,single
1790939661,652410,0,,single
1790939663,656240,2,,single
1790939664,658570,0,,single
1790939665,661130,21,,single
1790939667,664830,8,,single
1790939668,667610,7,,single
1790939669,668630,23,,single
1790939671,670290,411,,single
1790939672,672630,13,,single
1790939674,673210,1,,single
1790939675,674400,1,,single
1790939676,677340,26,,single
1790939678,680420,62,,single
1790939679,683900,171,,single
1790939680,684680,22,,single
1790939682,686680,3,,single
1790939683,687800,57,,single
1790939685,689580,21,,single
1790939686,690810,0,,single
1790939687,691690,6,,single
1790939689,694500,18,,single
1790939690,696170,7,,single
1790939691,698640,5,,single
1790939693,699330,7,,single
1790939694,700330,5004,,single
1790939696,702890,13,,single
1790939697,705210,538,,single
1790939698,707010,554,,single
1790939700,710920,98,,single
1790939701,712190,5,,single
1790939703,716350,8,,single
1790939704,718590,3,,single
1790939706,719040,147,,single
1790939707,722180,2,,single
1790939708,723090,23,,single
1790939710,726390,11,,single
1790939711,728240,4,,single
1790939712,730310,31,,single
1790939714,732810,2,,single
1790939715,736220,97,,single
1790939717,738520,286,,single
1790939718,739650,4,,single
1790939719,742300,29,,single
1790939721,743900,31,,single
1790939722,746510,0,,single
1790939724,747350,2,,single
1790939725,750130,38,,single
1790939726,752900,8,,single
1790939728,753930,0,,single
1790939729,755540,16,,single
1790939731,757130,0,,single
1790939732,757910,0,,single
1790939733,761460,4,,single
1790939735,765410,2,,single
1790939736,766570,17065,,single
1790939738,768450,1,,single
1790939739,770390,4,,single
1790939740,773951,15,,single
1790939742,774351,1,,single
1790939743,774811,1,,single
1790939745,777130,388,,single
1790939746,779340,4466,,single
1790939748,781440,2,,single
1790939749,785770,38,,single
1790939751,787980,5,,single
1790939752,788270,11,,single
1790939754,790060,7,,single
1790939755,793370,1,,single
1790939756,794600,170,,single
1790939758,798510,2,,single
1790939759,802890,21,,single
1790939761,804270,2,,single
1790939762,806510,0,,single
1790939764,809880,12,,single
1790939765,812810,1,,single
1790939767,814540,36,,single
1790939768,817130,10,,single
1790939770,821880,32,,single
1790939771,823550,39,,single
1790939772,825310,0,,single
1790939774,828900,0,,single
1790939775,831560,109,,single
1790939776,835430,8,,single
1790939778,838350,1835,,single
1790939779,840720,6,,single
1790939780,842910,1,,single
1790939782,844870,4,,single
1790939783,846870,3,,single
1790939784,851670,6,,single
1790939786,854940,0,,single
1790939787,858810,271,,single
1790939789,861650,97,,single
1790939790,863500,10,,single
1790939792,865680,11,,single
1790939793,868520,4,,single
1790939794,871930,4,,single
1790939796,873840,8,,single
1790939797,877810,0,,single
1790939798,879160,0,,single
1790939800,882100,34,,single
1790939801,885150,4,,single
1790939803,887490,0,,single
1790939804,889510,13,,single
1790939806,893050,12,,single
1790939807,895620,193,,single
1790939808,897220,24,,single
1790939810,899970,10,,single
1790939811,903950,25,,single
1790939813,907650,32,,single
1790939814,910830,5,,single
1790939815,914260,1,,single
1790939817,914750,4,,single
1790939818,916840,8,,single
1790939820,919360,3,,single
1790939821,921570,871,,single
1790939822,922500,5,,single
1790939824,924750,0,,single
1790939825,927250,1,,single
1790939827,927890,2,,single
1790939828,928960,18,,single
1790939829,931690,0,,single
1790939832,933820,58,,single
1790939833,935400,1,,single
1790939835,939330,7,,single
1790939836,939850,30,,single
1790939837,942140,1,,single
1790939839,944250,3,,single
1790939840,947300,7,,single
1790939842,952060,1053,,single
1790939843,953580,18,,single
1790939844,954850,30,,single
1790939846,956450,4,,single
1790939847,959080,1,,single
1790939848,962580,2,,single
1790939850,967050,120,,single
1790939851,968870,1,,single
1790939853,970830,55,,single
1790939854,976310,1393,,single
1790939855,977880,26,,single
1790939857,979070,39,,single
1790939858,983380,20,,single
1790939859,984560,0,,single
1790939861,985830,5,,single
1790939862,991260,2,,single
1790939863,992070,1017,,single
1790939865,992910,2,,single
1790939866,994280,137,,single
1790939867,996770,102,,single
1790939869,999220,12,,single
1790939870,1000760,0,,single
1790939871,1004270,2,,single
1790939873,1009290,15,,single
1790939874,1011670,11,,single
1790939875,1015140,0,,single
1790939877,1016120,7,,single
1790939878,1017100,103,,single
1790939880,1020470,16,,single
1790939881,1025600,332,,single
1790939882,1028570,0,,single
1790939884,1029890,4,,single
1790939885,1030840,630,,single
1790939886,1032430,10,,single
1790939888,1035510,39,,single
1790939889,1038740,7,,single
1790939890,1041320,881,,single
1790939892,1042380,6,,single
1790939893,1042800,25,,single
1790939894,1045720,6,,single
1790939896,1047440,15,,single
1790939897,1049400,0,,single
1790939898,1053680,4,,single
1790939900,1056840,4,,single
1790939901,1057750,3,,single
1790939903,1062810,29,,single
1790939904,1063730,292,,single
1790939905,1065100,6,,single
1790939907,1069530,1,,single
1790939908,1071870,322,,single
1790939909,1077290,0,,single
1790939911,1080020,70,,single
1790939912,1086640,0,,single
1790939913,1087460,0,,single
1790939915,1088710,42,,single
1790939916,1091500,28995,,single
1790939918,1094030,2,,single
1790939919,1096410,4,,single
1790939920,1097200,14,,single
1790939921,1097620,0,,single
1790939923,1098770,4,,single
1790939924,1101190,14,,single
1790939925,1103210,3,,single
1790939927,1104660,2,,single
1790939928,1105510,130,,single
1790939929,1106850,0,,single
1790939931,1108000,3,,single
1790939932,1110390,15,,single
1790939934,1111370,4,,single
1790939935,1113120,193,,single
1790939936,1115690,39,,single
1790939938,1118310,331,,single
1790939939,1121420,5,,single
1790939940,1123050,40,,single
1790939942,1125510,1,,single
1790939943,1128000,7,,single
1790939944,1129920,0,,single
1790939946,1131720,0,,single
1790939947,1133870,401,,single
1790939949,1135300,42,,single
1790939950,1136380,25,,single
1790939951,1139940,39,,single
1790939953,1141220,12,,single
1790939954,1143810,30,,single
1790939955,1145960,35,,single
1790939957,1146630,4,,single
1790939958,1150080,6,,single
1790939959,1150640,195,,single
1790939961,1155650,2,,single
1790939962,1158890,4,,single
1790939963,1160920,4,,single
1790939965,1162960,3,,single
1790939966,1164850,5,,single
1790939968,1170760,8,,single
1790939969,1171690,177,,single
1790939970,1173220,5,,single
1790939972,1175360,2,,single
1790939973,1176710,10,,single
1790939974,1178880,0,,single
1790939976,1180380,1293,,single
1790939977,1182370,3,,single
1790939978,1184140,0,,single
1790939980,1184790,1,,single
1790939981,1189290,16,,single
1790939983,1190150,6,,single
1790939984,1192640,1,,single
1790939985,1196090,10,,single
1790939987,1197370,0,,single
1790939988,1203420,3,,single
1790939989,1205960,1,,single
1790939991,1208260,6,,single
1790939992,1209490,4,,single
1790939993,1213750,2,,single
1790939995,1218250,1,,single
1790939996,1218740,37,,single
1790939998,1222370,4,,single
1790939999,1222700,562,,single
1790940000,1225560,19,,single
1790940002,1226510,2,,single
1790940003,1228520,7,,single
1790940004,1230530,24,,single
1790940006,1233260,3,,single
1790940007,1235110,11,,single
1790940008,1236990,0,,single
1790940010,1238020,31,,single
1790940011,1238810,5448,,single
1790940012,1238880,24,,single
1790940014,1241520,0,,single
1790940015,1245430,5,,single
1790940016,1249480,0,,single
1790940018,1250790,67,,single
1790940019,1252680,6,,single
1790940021,1254120,232,,single
1790940022,1255630,7,,single
1790940023,1258040,0,,single
1790940025,1259970,501,,single
1790940026,1263550,59,,single
1790940028,1265920,125,,single
1790940030,1266700,35,,single
1790940031,1268750,186,,single
1790940032,1269710,3,,single
1790940034,1272080,797,,single
1790940035,1275630,0,,single
1790940037,1276790,29,,single
1790940038,1278060,130,,single
1790940039,1282150,51,,single
1790940041,1282690,5,,single
1790940042,1283970,10971,,single
1790940043,1286880,92,,single
1790940045,1288170,1,,single
1790940046,1290330,2,,single
1790940047,1293230,1,,single
1790940049,1295900,19,,single
1790940050,1296610,251,,single
1790940051,1299120,3,,single
1790940053,1306580,2,,single
1790940054,1310410,12,,single
1790940056,1314000,18,,single
1790940057,1318090,0,,single
1790940058,1321680,55,,single
1790940060,1325200,1066,,single
1790940061,1325900,1,,single
1790940063,1330460,32,,single
1790940064,1333350,375,,single
1790940065,1334590,3,,single
1790940067,1340480,25,,single
1790940068,1344350,1,,single
1790940069,1346360,1,,single
1790940071,1353270,2,,single
1790940072,1356280,21,,single
1790940073,1358710,1,,single
1790940075,1361680,39,,single
1790940076,1367300,1,,single
1790940078,1368820,102,,single
1790940079,1369470,28,,single
1790940080,1371630,46,,single
1790940082,1372110,428,,single
1790940083,1373510,4,,single
1790940084,1374930,6,,single
1790940086,1376070,0,,single
1790940087,1380220,7,,single
1790940088,1382330,170,,single
1790940090,1388590,75,,single
1790940091,1390010,1,,single
1790940092,1394270,0,,single
1790940094,1398210,6,,single
1790940095,1402120,5,,single
1790940097,1406780,0,,single
1790940098,1412190,10,,single
1790940100,1414250,0,,single
1790940101,1417010,0,,single
1790940102,1420290,16,,single
1790940104,1421490,5,,single
1790940105,1425350,0,,single
1790940107,1428420,21,,single
1790940108,1429850,23,,single
1790940109,1432320,80,,single
1790940111,1436700,101,,single
1790940112,1439750,8,,single
1790940114,1444300,0,,single
1790940115,1448440,363,,single
1790940116,1454890,0,,single
1790940118,1456880,4,,single
1790940119,1458100,64,,single
1790940120,1465470,1057,,single
1790940122,1466390,10,,single
1790940123,1472560,61,,single
1790940125,1475810,241,,single
1790940126,1479140,7,,single
1790940127,1481080,103,,single
1790940129,1484900,2,,single
1790940130,1487390,0,,single
1790940132,1490060,0,,single
1790940133,1492070,18,,single
1790940135,1493760,16,,single
1790940136,1494840,17,,single
1790940138,1498740,3,,single
1790940139,1504020,1,,single
1790940140,1506850,2,,single
1790940143,1508460,1,,single
1790940145,1517340,0,,single
1790940146,1519490,12,,single
1790940148,1530140,0,,single
1790940149,1532690,10,,single
1790940150,1536980,15,,single
1790940152,1543030,76,,single
1790940153,1547670,1,,single
1790940154,1549750,0,,single
1790940156,1550710,1,,single
1790940157,1553120,3,,single
1790940159,1556870,0,,single
1790940160,1563180,48,,single
1790940161,1571440,31,,single
1790940163,1574240,31,,single
1790940164,1575470,0,,single
1790940166,1579880,9,,single
1790940167,1580790,17,,single
1790940168,1587540,5,,single
1790940170,1590910,13,,single
1790940171,1591530,24,,single
1790940172,1593350,316,,single
1790940174,1599340,4479,,single
1790940175,1602000,349,,single
1790940177,1608400,3,,single
1790940178,1609730,2,,single
1790940179,1612420,16,,single
1790940181,1618380,13,,single
1790940182,1621140,0,,single
1790940184,1622900,18,,single
1790940185,1627350,1,,single
1790940187,1632490,1,,single
1790940188,1636710,1,,single
1790940189,1641960,102,,single
1790940191,1644490,0,,single
1790940192,1649080,536,,single
1790940193,1659600,2,,single
1790940195,1662210,9,,single
1790940196,1668290,1,,single
1790940198,1670870,11,,single
1790940199,1672310,0,,single
1790940200,1676840,802,,single
1790940202,1679210,1,,single
1790940203,1683340,4,,single
1790940204,1687950,9015,,single
1790940206,1691420,1,,single
1790940207,1694600,4,,single
1790940209,1695840,0,,single
1790940210,1702010,262,,single
1790940211,1705140,1,,single
1790940213,1708010,8,,single
1790940214,1710170,12,,single
1790940216,1713810,7,,single
1790940217,1714590,0,,single
1790940219,1716120,33,,single
1790940220,1721470,673,,single
1790940221,1726120,0,,single
1790940223,1730360,0,,single
1790940224,1734680,0,,single
1790940225,1741640,7,,single
1790940227,1748390,4,,single
1790940228,1759380,3,,single
1790940230,1762270,0,,single
1790940231,1766010,0,,single
1790940233,1774580,840,,single
1790940234,1778820,4805,,single
1790940235,1782210,731,,single
1790940237,1789490,2,,single
1790940238,1801110,52,,single
1790940239,1807080,23,,single
1790940241,1812450,1129,,single
1790940242,1822060,10,,single
1790940243,1834920,4,,single
1790940245,1837750,4,,single
1790940246,1843310,5,,single
1790940248,1846460,5,,single
1790940249,1850550,3,,single
1790940251,1853760,0,,single
1790940252,1857090,204,,single
1790940253,1863430,69,,single
1790940255,1872680,1,,single
1790940256,1877020,9,,single
1790940257,1881700,213,,single
1790940259,1889930,3,,single
1790940260,1895880,116,,single
1790940262,1901910,18,,single
1790940263,1911360,1,,single
1790940264,1916970,2,,single
1790940266,1921900,0,,single
1790940267,1924430,1,,single
1790940269,1926620,1,,single
1790940270,1931010,16,,single
1790940271,1937480,25,,single
1790940273,1940340,770,,single
1790940274,1946970,25,,single
1790940276,1948800,825,,single
1790940277,1950440,1,,single
1790940278,1954750,0,,single
1790940280,1959390,3,,single
1790940281,1963210,3,,single
1790940282,1971870,819,,single
1790940284,1975580,14,,single
1790940285,1982340,7,,single
1790940287,1985810,406,,single
1790940288,1988540,63,,single
1790940289,1995520,452,,single
1790940291,1999770,9,,single
1790940292,2004080,16,,single
1790940294,2008100,69,,single
1790940295,2012190,11,,single
1790940296,2015270,370,,single
1790940298,2022180,17,,single
1790940299,2024230,1,,single
1790940301,2052410,260,,single
1790940302,2058570,7,,single
1790940303,2071500,23,,single
1790940305,2076580,6,,single
1790940306,2085370,12,,single
1790940307,2094320,2,,single
1790940309,2102520,0,,single
1790940310,2107090,0,,single
1790940312,2113570,0,,single
1790940313,2123640,2,,single
1790940314,2131680,22,,single
1790940316,2139020,1,,single
1790940317,2142680,2,,single
1790940319,2160360,2,,single
1790940320,2176130,58,,single
1790940321,2184150,1,,single
1790940323,2192790,5,,single
1790940324,2198070,15,,single
1790940326,2202770,2,,single
1790940327,2213120,2,,single
1790940328,2216830,7,,single
1790940330,2223840,7,,single
1790940331,2232840,27,,single
1790940332,2240790,4,,single
1790940334,2250600,14,,single
1790940335,2259260,3,,single
1790940337,2274110,9,,single
1790940338,2280350,12,,single
1790940339,2287220,22,,single
1790940341,2289450,664,,single
1790940342,2292800,80,,single
1790940343,2311190,6,,single
1790940345,2315430,17,,single
1790940346,2319640,8,,single
1790940348,2334220,0,,single
1790940349,2340520,45,,single
1790940350,2345020,21,,single
1790940352,2355150,7,,single
1790940353,2369390,9547,,single
1790940354,2382520,29,,single
1790940356,2386310,9,,single
1790940357,2393160,22,,single
1790940358,2399420,2514,,single
1790940360,2401410,23,,single
1790940361,2406770,3568,,single
1790940362,2414270,23,,single
1790940364,2427420,79,,single
1790940365,2429860,95,,single
1790940366,2435960,0,,single
1790940368,2440380,17,,single
1790940369,2445690,3957,,single
1790940371,2448930,0,,single
1790940372,2454890,4,,single
1790940373,2457890,2,,single
1790940375,2464530,24,,single
1790940376,2477010,89,,single
1790940378,2488510,3,,single
1790940379,2492040,115,,single
1790940380,2498570,19,,single
1790940382,2515240,3,,single
1790940383,2521600,6,,single
1790940385,2529820,15,,single
1790940386,2537590,4605,,single
1790940387,2556990,11,,single
1790940388,2731870,2,,single
1790940390,2599300,0,,single
1790940391,2616460,43,,single
1790940393,2622000,3854,,single
1790940394,2625420,350,,single
1790940395,2644470,136,,single
1790940397,2663530,18,,single
1790940398,2668510,544,,single
1790940399,2680010,607,,single
1790940401,2685900,0,,single
1790940402,2693060,2,,single
1790940403,2698940,1253,,single
1790940405,2707490,31,,single
1790940406,2720950,4,,single
1790940408,2735870,0,,single
1790940409,2747550,14,,single
1790940410,2750000,43,,single
1790940412,2764750,23,,single
1790940413,2772990,29,,single
1790940414,2789460,32,,single
1790940416,2796180,6,,single
1790940417,2821800,61,,single
1790940419,2828500,98,,single
1790940420,2845630,3,,single
1790940422,2854740,17,,single
1790940423,2878960,217,,single
1790940425,2897700,57,,single
1790940426,2909110,69,,single
1790940427,2920570,0,,single
1790940429,2925510,0,,single
1790940431,2943280,21,,single
1790940432,2957800,0,,single
1790940434,2967320,5,,single
1790940435,3004100,14,,single
1790940437,3011440,0,,single
1790940438,3030720,11,,single
1790940439,3059070,41,,single
1790940441,3070520,19,,single
1790940442,3111080,2,,single
1790940444,3145620,1,,single
1790940445,3151380,68,,single
1790940447,3183280,155,,single
1790940450,3205080,1,,single
1790940451,3222970,8,,single
1790940453,3240220,49426,,single
1790940454,3287520,52,,single
1790940455,3314070,628,,single
1790940457,3359320,38,,single
1790940458,3404470,263,,single
1790940460,3438800,56,,single
1790940461,3461920,3,,single
1790940462,3580580,19,,single
1790940464,202970,76,,single
1790940465,583950,11048,,single
1790940466,1178490,191,,single
1790940468,2901520,33,,single
1790940469,1559390,45,,single
1790940471,1249800,5,,single
1790940472,584980,9,,single
1790940474,298240,7,,single
1790940475,1126290,4,,single
1790940476,615530,14,,single
1790940478,253980,3,,single
1790940480,2128940,32,,single
1790940481,1816570,3,,single
1790940482,287630,5,,single
1790940484,1064730,1,,single
1790940485,724970,10,,single
1790940487,1263370,1,,single
1790940488,104200,1,,single
1790940490,2059790,63,,single
1790940491,862690,1,,single
1790940492,604450,0,,single
1790940494,3358510,166,,single
1790940495,1269370,9,,single
1790940497,308420,3,,single
1790940498,17330,2,,single
1790940500,3094010,94,,single
1790940501,2755330,20,,single
1790940503,3433810,0,,single
1790940504,1122750,2,,single
1790940506,3167180,19,,single
1790940507,662960,2,,single
1790940508,722960,6,,single
1790940510,944020,1,,single
1790940511,919370,8,,single
1790940513,1345740,0,,single
1790940514,1566390,14,,single
1790940516,715400,0,,single
1790940517,1993150,79,,single
1790940519,326360,186,,single
1790940520,1016600,3,,single
1790940521,334310,20,,single
1790940523,1540150,7,,single
1790940524,1974520,17,,single
1790940526,3099660,7,,single
1790940527,1639430,7,,single
1790940529,1078350,72,,single
1790940530,3003300,548,,single
1790940531,339400,2,,single
1790940533,552280,3,,single
1790940534,1786200,1,,single
1790940536,828070,5,,single
1790940537,939600,1,,single
1790940539,995460,1,,single
1790940540,1918680,18,,single
1790940542,1777430,3,,single
1790940543,2399220,76,,single
1790940544,1634680,492,,single
1790940546,1517960,2,,single
1790940548,2078780,1,,single
1790940549,1782570,3,,single
1790940550,1314140,6,,single
1790940552,2285550,1384,,single
1790940553,1394800,8,,single
1790940555,2663950,35,,single
1790940556,466860,6,,single
1790940557,2695270,12,,single
1790940559,2734310,0,,single
1790940560,1109460,1,,single
1790940562,844850,5,,single
1790940563,485310,1,,single
1790940564,931500,64,,single
1790940566,638990,9,,single
1790940567,448780,0,,single
1790940569,593200,1,,single
1790940570,2774380,2,,single
1790940571,2581050,20,,single
1790940573,1171310,2,,single
1790940574,588970,1,,single
1790940576,242840,0,,single
1790940577,1011940,2,,single
1790940578,857450,3,,single
1790940580,577670,1,,single
1790940581,2144590,1,,single
1790940582,2781370,2,,single
1790940584,1553000,23,,single
1790940585,976390,17,,single
1790940587,1033420,24,,single
1790940588,1726130,58,,single
1790940589,2522520,6,,single
1790940591,2654540,52,,single
1790940592,2242710,13,,single
1790940594,2084940,44,,single
1790940595,1985930,0,,single
1790940596,1471180,62,,single
1790940598,2957700,28,,single
1790940599,1340130,1,,single
1790940601,2642890,2,,single
1790940602,2111870,6,,single
1790940603,662830,13,,single
1790940605,668550,5,,single
1790940606,970560,24,,single
1790940608,1101360,16,,single
1790940609,1159420,23,,single
1790940610,1246020,7,,single
1790940612,2628570,1,,single
1790940613,1089630,2,,single
1790940614,1783780,3,,single
1790940616,2963550,6,,single
1790940617,835650,6,,single
1790940619,585020,2,,single
1790940620,1594880,0,,single
1790940621,1274490,13,,single
1790940623,2137760,7,,single
1790940624,710470,2,,single
1790940626,2882870,1,,single
1790940627,2621150,0,,single
1790940629,1162070,9,,single
1790940630,2788040,12,,single
1790940631,2232600,5,,single
1790940633,2849960,4,,single
1790940634,1057180,0,,single
1790940636,760640,118,,single
1790940637,1092040,0,,single
1790940638,1674890,9,,single
1790940640,1405470,12,,single
1790940641,1546010,0,,single
1790940643,3395140,15,,single
1790940644,2400640,9,,single
1790940645,671800,5,,single
1790940647,826600,0,,single
1790940648,418670,7,,single
1790940649,1232460,6,,single
1790940651,1638300,20,,single
1790940652,364050,0,,single
1790940654,1151450,10,,single
1790940655,65600,8,,single
1790940656,2115390,5,,single
1790940658,1029630,6,,single
1790940659,326190,0,,single
1790940660,2389040,38,,single
1790940662,553790,5,,single
1790940663,1037130,6,,single
1790940665,975470,4,,single
1790940666,858940,2,,single
1790940667,1409830,1,,single
1790940669,3364770,1,,single
1790940670,1930600,3,,single
1790940672,907270,4,,single
1790940673,2757350,0,,single
1790940675,769970,0,,single
1790940676,319830,9,,single
1790940678,1328890,6,,single
1790940679,1433420,0,,single
1790940680,2310700,29,,single
1790940682,275470,0,,single
1790940683,2720280,1,,single
1790940684,2997980,21,,single
1790940686,929200,37,,single
1790940687,2186700,2,,single
1790940689,2456350,12,,single
1790940690,440760,0,,single
1790940691,2972990,10,,single
1790940693,2647230,1,,single
1790940694,607880,3,,single
1790940696,337410,542,,single
1790940697,301750,1,,single
1790940698,1521970,2,,single
1790940700,1056570,13,,single
1790940701,1473060,9,,single
1790940702,2587450,1,,single
1790940704,2582650,26,,single
1790940705,3270,3,,single
1790940706,1836860,3,,single
1790940708,578540,1,,single
1790940709,673800,0,,single
1790940710,2976400,9,,single
1790940712,752580,95,,single
1790940713,2178590,76,,single
1790940715,2964410,0,,single
1790940716,764570,7,,single
1790940717,1007400,14,,single
1790940719,2907190,0,,single
1790940720,2727210,12,,single
1790940722,357780,1,,single
1790940723,934930,0,,single
1790940724,588160,4,,single
1790940726,473460,2,,single
1790940727,2714970,0,,single
1790940729,2417850,5,,single
1790940731,384570,4,,single
1790940732,1812060,14,,single
1790940734,1983970,3,,single
1790940735,2169950,1,,single
1790940737,2318070,2,,single
1790940738,2658920,3,,single
1790940739,340070,0,,single
1790940743,923470,0,,single
1790940744,738510,1,,single
1790940746,3334550,1,,single
1790940747,375450,269,,single
1790940749,880510,1,,single
1790940750,1433570,9,,single
1790940751,887720,0,,single
1790940753,1910790,10,,single
1790940754,2846290,0,,single
1790940756,587420,0,,single
1790940757,2600600,11,,single
1790940759,895110,0,,single
1790940760,1124660,0,,single
1790940762,1149440,3,,single
1790940763,257990,2,,single
1790940764,352890,0,,single
1790940766,2990510,2,,single
1790940767,2398170,3,,single
1790940769,3054610,4,,single
1790940770,1416240,1,,single
1790940771,1276800,3,,single
1790940773,960420,13,,single
1790940774,350810,0,,single
1790940776,1851280,3,,single
1790940777,2116060,35,,single
1790940778,2739830,10,,single
1790940780,1562940,36,,single
1790940781,1096720,1,,single
1790940783,492630,0,,single
1790940784,1937750,5,,single
1790940785,1425000,18,,single
1790940787,2539350,0,,single
1790940788,2530950,3,,single
1790940790,3171460,10,,single
1790940791,407310,3,,single
1790940793,1307090,2,,single
1790940794,597230,0,,single
1790940795,694770,2,,single
1790940797,571530,1,,single
1790940798,2331070,6,,single
1790940800,964570,31,,single
1790940801,1452250,1,,single
1790940802,1498140,9,,single
1790940804,2296550,29,,single
1790940805,2185780,5,,single
1790940807,457730,2,,single
1790940808,355130,1,,single
1790940810,787450,0,,single
1790940811,2862610,0,,single
1790940812,1648590,0,,single
1790940814,2214880,4,,single
1790940815,3543420,0,,single
1790940816,1142390,0,,single
1790940818,1573100,3,,single
1790940819,1278390,5,,single
1790940820,269330,2,,single
1790940822,629650,8,,single
1790940823,774511,2,,single
1790940825,1167950,5,,single
1790940826,1394960,4,,single
1790940827,1132190,2,,single
1790940829,1135830,8,,single
1790940830,1823600,8,,single
1790940832,2717010,36,,single
1790940833,2262080,7,,single
1790940835,281750,13,,single
1790940836,448070,1,,single
1790940838,525040,3,,single
1790940839,1986010,17,,single
1790940840,259340,0,,single
1790940842,2766860,0,,single
1790940843,285010,0,,single
1790940845,2159730,1,,single
1790940846,2248180,20,,single
1790940847,839200,37,,single
1790940849,2732100,5,,single
1790940850,2717260,0,,single
1790940851,2094270,10,,single
1790940853,365810,1,,single
1790940854,1671350,2,,single
1790940855,2608040,6,,single
1790940857,332480,0,,single
1790940858,1781260,2,,single
1790940860,2856450,1,,single
1790940861,3384350,11,,single
1790940862,3177970,3,,single
1790940864,979710,94,,single
1790940865,1493520,3,,single
1790940867,3376760,0,,single
1790940868,206370,8,,single
1790940869,2091500,7,,single
1790940871,3089130,10,,single
1790940872,2494780,2,,single
1790940874,289780,5,,single
1790940875,1150090,2,,single
1790940877,2616140,6,,single
1790940878,1396150,1,,single
1790940879,1132980,2,,single
1790940881,1637370,1,,single
1790940882,376730,1,,single
1790940884,904380,1,,single
1790940885,1789030,5,,single
1790940886,2749000,4,,single
1790940888,832360,1,,single
1790940889,491280,4,,single
1790940891,296050,0,,single
1790940892,1098280,0,,single
1790940893,943370,17,,single
1790940895,330350,0,,single
1790940896,377900,2,,single
1790940898,3072450,55,,single
1790940899,384680,1,,single
1790940900,445720,4,,single
1790940902,18820,0,,single
1790940903,2696320,0,,single
1790940904,809720,9,,single
1790940906,1601330,9,,single
1790940907,2088030,1,,single
1790940909,1811500,4,,single
1790940910,1349120,0,,single
1790940911,1133590,3,,single
1790940913,1939790,5,,single
1790940914,575950,0,,single
1790940916,1483370,5,,single
1790940917,423590,0,,single
1790940919,1429880,7,,single
1790940920,2151580,12,,single
1790940921,2064810,0,,single
1790940923,418190,2,,single
1790940924,2367230,2,,single
1790940925,1791590,3,,single
1790940927,714370,0,,single
1790940928,338000,0,,single
1790940929,862570,4,,single
1790940931,1145660,0,,single
1790940932,2305500,9,,single
1790940934,326340,0,,single
1790940935,494730,3,,single
1790940936,1573630,4,,single
1790940938,746710,6,,single
1790940939,3211680,18,,single
1790940940,2741560,37,,single
1790940942,2206350,22,,single
1790940943,1555400,5,,single
1790940945,971620,101,,single
1790940946,2307120,0,,single
1790940947,1073320,3,,single
1790940949,1620540,4,,single
1790940950,1585440,0,,single
1790940951,2130540,3,,single
1790940953,251230,0,,single
1790940954,1546790,4,,single
1790940956,820730,0,,single
1790940957,277680,1,,single
1790940958,340520,0,,single
1790940960,3393750,14,,single
1790940961,2113920,25,,single
1790940962,1020820,0,,single
1790940964,2308630,4,,single
1790940965,739080,2,,single
1790940966,1178790,206,,single
1790940968,2951580,0,,single
1790940969,422250,3,,single
1790940971,405010,0,,single
1790940972,2457540,87,,single
1790940973,2280520,0,,single
1790940975,760410,1,,single
1790940976,1113010,2,,single
1790940977,3130,11,,single
1790940979,824190,0,,single
1790940980,1904790,14,,single
1790940982,547910,0,,single
1790940983,1490840,0,,single
1790940984,407230,2,,single
1790940986,1395760,4,,single
1790940987,606680,2,,single
1790940989,1403650,2,,single
1790940990,1683320,6,,single
1790940991,294020,1,,single
1790940993,406870,6,,single
1790940994,39650,9,,single
1790940996,292600,0,,single
1790940997,2368300,17,,single
1790940998,1639080,6,,single
1790941000,247140,0,,single
1790941001,2361460,13,,single
1790941002,1579340,4,,single
1790941004,1786670,3,,single
1790941005,919280,4,,single
1790941007,2157340,3,,single
1790941008,271860,0,,single
1790941009,810660,3,,single
1790941011,384980,1,,single
1790941012,625430,1,,single
1790941014,1142830,6,,single
1790941015,967390,5,,single
1790941016,1934080,0,,single
1790941018,279440,2,,single
1790941019,459160,13,,single
1790941020,2514640,1,,single
1790941022,201480,0,,single
1790941023,11140,2,,single
1790941025,1090440,0,,single
1790941026,687850,1,,single
1790941028,1009990,0,,single
1790941029,1833490,0,,single
1790941031,2234150,46,,single
1790941033,1621760,6,,single
1790941034,368610,8,,single
1790941035,602890,0,,single
1790941037,2536960,3,,single
1790941038,2264340,65,,single
1790941040,639650,0,,single
1790941041,574050,0,,single
1790941043,1016930,0,,single
1790941045,1662480,0,,single
1790941046,254080,1,,single
1790941048,2673490,5,,single
1790941049,476240,3,,single
1790941050,745740,11,,single
1790941052,1793090,1,,single
1790941053,1515900,0,,single
1790941055,842150,31,,single
1790941056,3292340,0,,single
1790941057,2579280,1,,single
1790941059,1379830,2,,single
1790941060,1389560,0,,single
1790941061,2692570,4,,single
1790941063,232970,0,,single
1790941064,11200,1,,single
1790941066,3598130,2,,single
1790941067,1517150,0,,single
1790941068,2616420,1,,single
1790941070,944920,1,,single
1790941071,1724140,19,,single
1790941072,509250,3,,single
1790941074,1932160,3,,single
1790941075,2061430,10,,single
1790941076,2414630,10,,single
1790941078,255370,0,,single
1790941079,2699820,62,,single
1790941080,1731200,7,,single
1790941082,3029990,0,,single
1790941083,361190,0,,single
1790941084,1168870,0,,single
1790941086,296240,4,,single
1790941087,1897650,3,,single
1790941088,1047010,1,,single
1790941090,3014520,0,,single
1790941091,259780,1,,single
1790941092,1303950,2,,single
1790941094,262490,7,,single
1790941095,1299170,11,,single
1790941097,259810,72,,single
1790941098,451650,11,,single
1790941099,721090,26,,single
1790941101,406090,0,,single
1790941102,1638390,2,,single
1790941104,2458310,0,,single
1790941105,603750,34,,single
1790941106,3064290,2,,single
1790941108,320540,0,,single
1790941109,248710,0,,single
1790941110,3037930,1,,single
1790941112,567030,1,,single
1790941113,1473050,0,,single
1790941114,794490,0,,single
1790941116,1085180,0,,single
1790941117,380750,1,,single
1790941118,43190,1,,single
1790941120,423620,0,,single
1790941121,2835110,5,,single
1790941123,1941410,1,,single
1790941124,1074080,2,,single
1790941125,1883370,1,,single
1790941127,1889740,4,,single
1790941128,421740,2,,single
1790941130,409690,0,,single
1790941131,963450,0,,single
1790941132,911220,0,,single
1790941134,1614270,0,,single
1790941135,3042680,0,,single
1790941137,1299400,5,,single
1790941138,1658920,55,,single
1790941139,1440500,1,,single
1790941141,497400,0,,single
1790941142,463930,1,,single
1790941144,2328650,10,,single
1790941145,2138580,0,,single
1790941146,1025140,1,,single
1790941148,2818450,1,,single
1790941150,758980,14,,single
1790941151,1071100,51,,single
1790941153,70620,3,,single
1790941154,537990,0,,single
1790941156,2864890,48,,single
1790941157,402160,0,,single
1790941159,1033950,1,,single
1790941160,454410,0,,single
1790941161,2867510,0,,single
1790941163,2976900,0,,single
1790941164,437900,4,,single
1790941165,775900,3,,single
1790941167,289600,2,,single
1790941168,2637940,33,,single
1790941169,1525410,1,,single
1790941171,349500,0,,single
1790941172,386280,3,,single
1790941173,936140,35,,single
1790941175,893010,1,,single
1790941176,783840,7,,single
1790941178,1859360,12,,single
1790941179,1437840,106,,single
1790941180,604780,0,,single
1790941182,1147960,2,,single
1790941183,583090,15,,single
1790941184,837880,3,,single
1790941186,2084450,0,,single
1790941187,316930,0,,single
1790941188,1734070,1,,single
1790941190,65560,0,,single
1790941191,553960,0,,single
1790941193,897410,1,,single
1790941194,1450180,1,,single
1790941195,2300160,4,,single
1790941197,781030,123,,single
1790941198,46410,0,,single
1790941199,1059900,1,,single
1790941201,1413660,1,,single
1790941202,432100,0,,single
1790941203,347670,0,,single
1790941205,45300,3,,single
1790941207,429780,2,,single
1790941209,692030,1,,single
1790941210,935580,6,,single
1790941212,1046300,8,,single
1790941213,57620,28,,single
1790941215,3098470,6,,single
1790941216,2436570,84,,single
1790941217,2421310,5,,single
1790941219,1492360,1,,single
1790941220,1985260,10,,single
1790941222,230210,1,,single
1790941223,2464880,2,,single
1790941225,586960,1,,single
1790941226,1423370,2,,single
1790941227,1085160,0,,single
1790941229,1998450,0,,single
1790941230,424590,0,,single
1790941232,2776500,1,,single
1790941233,1330250,29,,single
1790941234,1361010,4,,single
1790941236,2514460,0,,single
1790941237,467370,4,,single
1790941238,339470,0,,single
1790941240,2494350,159,,single
1790941241,1917920,2,,single
1790941243,2432110,7,,single
1790941244,704040,13,,single
1790941245,328270,0,,single
1790941247,524640,0,,single
1790941248,1339460,1,,single
1790941250,547960,0,,single
1790941251,321870,1,,single
1790941252,46260,5,,single
1790941254,2274200,1,,single
1790941255,502740,1,,single
1790941256,926580,0,,single
1790941258,847360,5,,single
1790941259,959890,2,,single
1790941261,780670,1,,single
1790941262,58570,0,,single
1790941263,355970,1,,single
1790941265,676430,0,,single
1790941266,1325890,6,,single
1790941268,2625510,3,,single
1790941269,680380,1,,single
1790941270,724300,2,,single
1790941272,32350,2,,single
1790941273,344910,0,,single
1790941274,200230,0,,single
1790941276,1188540,1,,single
1790941277,737520,1,,single
1790941279,277460,6,,single
1790941280,1932260,1,,single
1790941281,350110,10,,single
1790941283,1370170,3,,single
1790941284,983350,0,,single
1790941285,1114130,0,,single
1790941287,899390,1,,single
1790941288,1504150,7,,single
1790941289,2947240,1,,single
1790941291,521570,1,,single
1790941292,1494190,1,,single
1790941294,871200,2,,single
1790941295,1798780,1,,single
1790941297,2937710,3,,single
1790941298,589760,4,,single
1790941299,273770,0,,single
1790941301,2152740,0,,single
1790941302,525780,0,,single
1790941304,212410,0,,single
1790941305,3337210,5,,single
1790941307,2147380,13,,single
1790941308,2844700,2,,single
1790941310,628060,95,,single
1790941311,640120,0,,single
1790941312,673450,2,,single
1790941314,739540,0,,single
1790941315,2823890,13,,single
1790941317,363620,0,,single
1790941318,337360,0,,single
1790941319,1304340,0,,single
1790941321,2165620,2,,single
1790941322,426690,0,,single
1790941323,1094530,4,,single
1790941325,623840,0,,single
1790941326,336420,0,,single
1790941328,3088410,0,,single
1790941329,396800,3,,single
1790941330,489220,0,,single
1790941332,3345960,2,,single
1790941333,11040,2,,single
1790941335,912570,2,,single
1790941336,2894960,3,,single
1790941337,3428620,4,,single
1790941339,254370,3,,single
1790941340,235820,0,,single
1790941341,2268470,1,,single
1790941343,1751350,0,,single
1790941344,854570,0,,single
1790941345,819020,5,,single
1790941347,1156060,1,,single
1790941348,2216360,0,,single
1790941349,2591410,22,,single
1790941351,1743830,3,,single
1790941352,909820,1,,single
1790941354,1498130,16,,single
1790941355,1611300,0,,single
1790941356,2804510,0,,single
1790941358,2915490,0,,single
1790941359,1200720,2,,single
1790941360,3140620,1,,single
1790941362,3232040,0,,single
1790941363,2753620,7,,single
1790941364,438180,0,,single
1790941366,758090,1,,single
1790941367,503770,20,,single
1790941368,2264140,8,,single
1790941370,11240,0,,single
1790941371,1248060,3,,single
1790941373,305640,0,,single
1790941374,590590,1,,single
1790941375,585830,2,,single
1790941377,2095450,0,,single
1790941378,614630,10,,single
1790941380,294750,1,,single
1790941381,3032020,0,,single
1790941382,2193720,5,,single
1790941384,2824310,5,,single
1790941385,628200,2,,single
1790941386,12470,16,,single
1790941388,2428810,5,,single
1790941389,1976950,1,,single
1790941390,1155590,1,,single
1790941392,2450100,0,,single
1790941393,643870,0,,single
1790941394,948630,0,,single
1790941396,534290,0,,single
1790941397,4780,0,,single
1790941399,462990,1,,single
1790941400,1689640,1,,single
1790941401,2078040,3,,single
1790941403,302010,0,,single
1790941404,1472250,0,,single
1790941406,248470,0,,single
1790941407,2817620,7,,single
1790941408,1648190,2,,single
1790941410,343560,0,,single
1790941411,748040,17,,single
1790941412,1328530,1,,single
1790941414,1141100,1,,single
1790941415,3027620,4,,single
1790941417,434520,33,,single
1790941418,1065260,2,,single
1790941419,2063610,51,,single
1790941421,1093330,0,,single
1790941422,2351860,8,,single
1790941423,2964280,2,,single
1790941425,552970,0,,single
1790941426,1585020,0,,single
1790941427,369000,0,,single
1790941429,289200,4,,single
1790941430,226960,0,,single
1790941432,586110,1,,single
1790941433,470740,0,,single
1790941434,512300,0,,single
1790941436,1732920,1,,single
1790941437,2463800,2,,single
1790941438,1348700,2,,single
1790941440,2008510,1,,single
1790941441,943140,0,,single
1790941443,2916770,81,,single
1790941444,368640,0,,single
1790941445,2314820,7,,single
1790941447,315840,1,,single
1790941448,1810960,0,,single
1790941449,1271190,0,,single
1790941451,321950,0,,single
1790941452,27020,1,,single
1790941453,457860,0,,single
1790941455,546930,2,,single
1790941456,638160,1,,single
1790941457,346830,7,,single
1790941459,723790,2,,single
1790941460,226120,0,,single
1790941461,2599370,1,,single
1790941463,1590660,0,,single
1790941464,1367530,0,,single
1790941465,1522280,4,,single
1790941467,257970,0,,single
1790941468,1271300,6,,single
1790941470,1349960,1,,single
1790941471,1353920,1,,single
1790941472,449530,0,,single
1790941474,787740,2,,single
1790941475,585890,1,,single
1790941476,2719200,65,,single
1790941478,1478650,15,,single
1790941479,2129810,2,,single
1790941480,2285570,1,,single
1790941482,1188720,0,,single
1790941483,1998530,4,,single
1790941484,1005460,5,,single
1790941486,273840,1,,single
1790941487,659960,0,,single
1790941488,611040,2,,single
1790941490,1875280,0,,single
1790941491,1425760,0,,single
1790941493,2730530,2,,single
1790941494,2635350,6,,single
1790941495,1243670,10,,single
1790941497,1448260,0,,single
1790941498,1581800,4,,single
1790941499,463350,0,,single
1790941501,490370,21,,single
1790941502,1113680,0,,single
1790941503,1158470,10,,single
1790941505,3288270,7,,single
1790941506,880400,0,,single
1790941507,1212400,1,,single
1790941509,3373670,3,,single
1790941510,291910,0,,single
1790941511,336610,0,,single
1790941513,2951520,0,,single
1790941514,211010,3,,single
1790941515,209790,0,,single
1790941517,1477330,1,,single
1790941518,500670,0,,single
1790941519,319180,0,,single
1790941521,995050,1,,single
1790941522,1681840,6,,single
1790941524,2697560,4,,single
1790941525,583930,7,,single
1790941526,528660,1,,single
1790941528,1985420,0,,single
1790941529,904360,1,,single
1790941531,231310,0,,single
1790941532,1692080,142,,single
1790941533,1422420,1,,single
1790941535,773840,2,,single
1790941536,497780,1,,single
1790941537,1462650,0,,single
1790941539,2785280,6,,single
1790941540,227560,0,,single
1790941541,2793290,2,,single
1790941543,283370,0,,single
1790941544,829420,78,,single
1790941546,61600,0,,single
1790941547,1794780,21,,single
1790941548,2005210,3,,single
1790941550,2469200,0,,single
1790941551,1722840,35,,single
1790941552,529240,5,,single
1790941554,1549030,0,,single
1790941555,2914480,17,,single
1790941556,1648610,0,,single
1790941558,2141770,5,,single
1790941559,717790,1,,single
1790941561,1588560,1,,single
1790941562,1592170,0,,single
1790941563,115220,8,,single
1790941565,1120560,0,,single
1790941566,943980,2,,single
1790941567,2281650,0,,single
1790941569,1279920,0,,single
1790941570,3601790,0,,single
1790941571,968350,0,,single
1790941573,403940,0,,single
1790941574,669290,0,,single
1790941576,201490,1,,single
1790941577,1428470,0,,single
1790941578,1269150,0,,single
1790941580,257120,0,,single
1790941581,2026990,0,,single
1790941582,2279600,1,,single
1790941584,3010,0,,single
1790941585,265810,0,,single
1790941586,655730,1,,single
1790941588,253860,2,,single
1790941589,643200,0,,single
1790941591,1905020,3,,single
1790941592,446620,0,,single
1790941593,1258310,0,,single
1790941595,3147510,0,,single
1790941596,494720,1,,single
1790941598,336060,1,,single
1790941599,2058730,6,,single
1790941600,420520,5,,single
1790941602,1221540,5,,single
1790941603,1335240,4,,single
1790941604,836490,1,,single
1790941606,1727210,2,,single
1790941607,364230,0,,single
1790941608,339130,0,,single
1790941610,449050,0,,single
1790941611,3193670,1,,single
1790941612,299260,0,,single
1790941614,1117160,0,,single
1790941615,377080,1,,single
1790941617,1017410,0,,single
1790941618,1184890,4,,single
1790941619,1322300,7,,single
1790941621,1070860,1,,single
1790941622,1011590,1,,single
1790941624,1620520,0,,single
1790941625,292330,0,,single
1790941627,1582510,4,,single
1790941628,2309400,0,,single
1790941629,271920,0,,single
1790941632,335820,14,,single
1790941633,620220,1,,single
1790941634,1903910,1,,single
1790941636,461730,0,,single
1790941637,2759810,1,,single
1790941638,508600,0,,single
1790941640,415740,0,,single
1790941641,842420,0,,single
1790941642,418120,0,,single
1790941645,2716110,0,,single
1790941646,1573090,0,,single
1790941647,2877720,0,,single
1790941649,1572810,0,,single
1790941650,583270,0,,single
1790941651,457420,0,,single
1790941653,1681600,4,,single
1790941654,1291790,2,,single
1790941655,2330870,2,,single
1790941657,985900,1,,single
1790941658,200370,2,,single
1790941659,508790,0,,single
1790941661,1252710,0,,single
1790941662,32680,8,,single
1790941664,1546710,2,,single
1790941665,721030,18,,single
1790941666,62000,0,,single
1790941668,281280,1,,single
1790941669,1551530,24,,single
1790941671,2564880,0,,single
1790941672,1073820,1,,single
1790941674,541640,9,,single
1790941675,1455120,0,,single
1790941676,1247170,30,,single
1790941678,308173,8,,single
1790941679,1403020,1,,single
1790941680,1306620,0,,single
1790941682,1185160,0,,single
1790941683,253690,0,,single
1790941684,390100,1,,single
1790941686,457010,0,,single
1790941687,1957990,5,,single
1790941689,330990,0,,single
1790941690,987230,0,,single
1790941691,2351330,0,,single
1790941693,676500,9,,single
1790941694,2719190,15,,single
1790941695,661430,0,,single
1790941697,914320,14,,single
1790941698,810500,0,,single
1790941700,1422610,1,,single
1790941701,2744150,0,,single
1790941702,1014040,1,,single
1790941704,1251460,0,,single
1790941705,3229170,0,,single
1790941707,1040730,26,,single
1790941708,527700,0,,single
1790941709,398840,0,,single
1790941711,2304620,0,,single
1790941712,458000,0,,single
1790941713,554600,2,,single
1790941715,265120,0,,single
1790941716,1226670,4,,single
1790941718,2994010,7,,single
1790941719,327060,0,,single
1790941720,2191190,1,,single
1790941722,698700,4,,single
1790941723,1502380,5,,single
1790941724,373970,3,,single
1790941726,1942440,1,,single
1790941727,2951840,0,,single
1790941729,416450,35,,single
1790941730,403560,0,,single
1790941731,658890,0,,single
1790941733,808080,2,,single
1790941734,746400,0,,single
1790941735,1773890,0,,single
1790941737,544970,0,,single
1790941738,427240,0,,single
1790941739,313080,0,,single
1790941741,2050590,0,,single
1790941742,713530,0,,single
1790941744,1676380,0,,single
1790941745,338810,3,,single
1790941746,436290,0,,single
1790941748,8880,1,,single
1790941749,939990,0,,single
1790941750,1257200,3,,single
1790941752,438020,1,,single
1790941753,552110,0,,single
1790941754,2392520,40,,single
1790941756,952420,0,,single
1790941757,1540350,3,,single
1790941759,586380,0,,single
1790941760,2966850,4,,single
1790941761,782570,0,,single
1790941763,1665130,5,,single
1790941764,237950,5,,single
1790941765,2409360,10,,single
1790941767,340580,0,,single
1790941768,1348390,19,,single
1790941770,643960,9,,single
1790941771,342620,1,,single
1790941772,1055210,1,,single
1790941774,1210800,0,,single
1790941775,287200,3,,single
1790941776,588110,0,,single
1790941778,1344740,1,,single
1790941779,742500,14,,single
1790941781,2313720,2,,single
1790941782,1188920,2,,single
1790941783,1363850,2,,single
1790941785,725780,1,,single
1790941786,275570,3,,single
1790941787,1680000,21,,single
1790941789,703510,1,,single
1790941790,444490,1,,single
1790941791,200390,0,,single
1790941793,3597690,0,,single
1790941794,2839450,0,,single
1790941796,354680,1,,single
1790941797,18000,0,,single
1790941799,663110,0,,single
1790941800,1184250,2,,single
1790941802,1397650,0,,single
1790941803,1363350,0,,single
1790941804,512460,0,,single
1790941806,272620,1,,single
1790941807,2840480,0,,single
1790941808,957660,0,,single
1790941810,40350,2,,single
1790941811,1184760,1,,single
1790941813,1103860,3,,single
1790941814,1413370,1,,single
1790941815,2475040,0,,single
1790941817,428880,1,,single
1790941819,1218170,0,,single
1790941820,1731260,1,,single
1790941821,293660,0,,single
1790941823,373720,2,,single
1790941824,235980,2,,single
1790941825,754120,2,,single
1790941827,399430,0,,single
1790941828,1798020,23,,single
1790941830,105100,0,,single
1790941831,1374580,5,,single
1790941833,1381530,1,,single
1790941834,539270,36,,single
1790941835,1098610,1,,single
1790941837,2722270,1,,single
1790941838,658600,1,,single
1790941840,691730,2,,single
1790941841,215710,6,,single
1790941843,594220,0,,single
1790941844,1304430,16,,single
1790941845,2800,6,,single
1790941847,3107880,0,,single
1790941848,509570,2,,single
1790941850,2642570,11,,single
1790941851,1220170,0,,single
1790941852,2074480,14,,single
1790941854,1302110,0,,single
1790941855,1079830,0,,single
1790941857,306700,0,,single
1790941858,668430,0,,single
1790941859,1457520,30,,single
1790941861,67000,0,,single
1790941862,1285080,2,,single
1790941864,825380,0,,single
1790941865,2248330,1,,single
1790941866,682570,1,,single
1790941868,291710,0,,single
1790941869,412670,1,,single
1790941871,2437040,1,,single
1790941872,1592360,0,,single
1790941873,3091390,1,,single
1790941875,1407180,17,,single
1790941876,2836860,2,,single
1790941878,2258590,32,,single
1790941879,1266820,1,,single
1790941881,2477950,3,,single
1790941882,968440,16,,single
1790941883,779430,9,,single
1790941885,3244210,15,,single
1790941886,1552080,1,,single
1790941888,1984720,69,,single
1790941889,2250080,1,,single
1790941890,2116260,0,,single
1790941892,399890,0,,single
1790941893,476480,1,,single
1790941895,613470,1,,single
1790941896,808100,2,,single
1790941897,3990,116,,single
1790941899,238870,0,,single
1790941900,695100,0,,single
1790941902,259620,0,,single
1790941903,2131350,0,,single
1790941905,1921980,0,,single
1790941906,769920,44,,single
1790941907,246680,0,,single
1790941909,1500820,12,,single
1790941910,3226850,3,,single
1790941912,361230,0,,single
1790941913,1099220,2,,single
1790941914,971160,1,,single
1790941916,444480,0,,single
1790941918,586750,0,,single
1790941919,446380,1,,single
1790941920,742520,1,,single
1790941922,70660,0,,single
1790941923,1335940,2,,single
1790941925,381100,0,,single
1790941926,9500,1,,single
1790941928,647570,0,,single
1790941929,1622800,0,,single
1790941931,1122120,3,,single
1790941932,2119590,1,,single
1790941933,568040,0,,single
1790941935,308270,0,,single
1790941936,1319420,0,,single
1790941938,919220,0,,single
1790941939,650330,0,,single
1790941940,1631640,0,,single
1790941944,739190,0,,single
1790941945,252910,0,,single
1790941947,1507120,0,,single
1790941948,283080,0,,single
1790941950,2494450,1,,single
1790941951,1412470,0,,single
1790941952,1098270,0,,single
1790941954,2582660,4,,single
1790941955,1709170,0,,single
1790941956,289340,2,,single
1790941958,1219950,0,,single
1790941959,2085000,53,,single
1790941960,860620,0,,single
1790941962,989770,2,,single
1790941963,1475430,0,,single
1790941965,955170,1,,single
1790941966,1649740,0,,single
1790941968,2154650,2,,single
1790941969,678560,0,,single
1790941970,1220930,1,,single
1790941972,860860,2,,single
1790941973,1266220,3,,single
1790941975,283270,1,,single
1790941976,1483780,0,,single
1790941978,3288180,2,,single
1790941979,351870,9,,single
1790941980,1258710,0,,single
1790941982,460340,1,,single
1790941983,1726730,1,,single
1790941985,3304770,22,,single
1790941986,295710,1,,single
1790941988,769950,1,,single
1790941989,1160330,0,,single
1790941991,405950,0,,single
1790941992,1475850,10,,single
1790941993,1296280,0,,single
1790941995,2198680,1,,single
1790941996,1067860,1,,single
1790941998,336440,1,,single
1790941999,881560,0,,single
1790942000,1412850,3,,single
1790942002,1109840,9,,single
1790942003,271370,17,,single
1790942005,1257810,0,,single
1790942006,951940,1,,single
1790942007,350310,3,,single
1790942009,1517180,2,,single
1790942011,931270,1,,single
1790942012,1082970,10,,single
1790942013,34470,0,,single
1790942015,357720,0,,single
1790942016,248190,0,,single
1790942018,312230,0,,single
1790942019,2701700,8,,single
1790942020,1671280,0,,single
1790942022,2119940,0,,single
1790942023,848050,16,,single
1790942025,2737980,8,,single
1790942026,280560,0,,single
1790942028,422920,20,,single
1790942029,388420,0,,single
1790942030,331650,2,,single
1790942032,2356460,0,,single
1790942033,454890,0,,single
1790942035,1247100,0,,single
1790942036,2430900,1,,single
1790942037,1481780,0,,single
1790942039,2078350,20,,single
1790942040,1730260,5,,single
1790942042,16710,0,,single
1790942043,703940,0,,single
1790942044,1194590,2,,single
1790942046,452230,2,,single
1790942047,3194550,10,,single
1790942049,418250,4,,single
1790942050,289890,1,,single
1790942051,390730,1,,single
1790942053,40930,1,,single
1790942054,1257280,0,,single
1790942056,1157750,0,,single
1790942057,2403340,3,,single
1790942059,1659800,0,,single
1790942060,725330,0,,single
1790942061,342610,0,,single
1790942063,990920,0,,single
1790942064,3018830,0,,single
1790942066,1690,6,,single
1790942067,1823390,7,,single
1790942068,263700,0,,single
1790942070,269370,2,,single
1790942071,703180,2,,single
1790942073,414720,1,,single
1790942074,502090,0,,single
1790942076,1480830,1,,single
1790942077,1243220,0,,single
1790942079,3077020,26,,single
1790942080,975950,0,,single
1790942082,2959670,0,,single
1790942083,367000,5,,single
1790942085,585910,3,,single
1790942086,279140,6,,single
1790942087,2263920,1,,single
1790942089,3296760,0,,single
1790942090,666610,15,,single
1790942092,1744910,0,,single
1790942093,221830,1,,single
1790942094,2096510,0,,single
1790942096,438430,0,,single
1790942097,2023050,1,,single
1790942098,411310,17,,single
1790942100,2065810,2,,single
1790942101,1336600,0,,single
1790942103,1949770,27,,single
1790942104,2197680,1,,single
1790942106,3340810,2,,single
1790942107,1214670,3,,single
1790942109,1889620,47,,single
1790942110,2116850,1,,single
1790942112,1698220,1,,single
1790942113,2062550,0,,single
1790942115,1443430,3,,single
1790942116,202130,1,,single
1790942118,669320,0,,single
1790942119,3227760,13,,single
1790942120,1647310,32,,single
1790942122,290280,25,,single
1790942123,1172980,0,,single
1790942125,276890,1,,single
1790942126,237550,2,,single
1790942128,385080,0,,single
1790942129,985080,0,,single
1790942131,319450,3,,single
1790942132,531680,1,,single
1790942133,796790,0,,single
1790942135,296220,12,,single
1790942136,2229940,0,,single
1790942138,2099080,1,,single
1790942139,267060,0,,single
1790942141,387840,0,,single
1790942142,7770,0,,single
1790942144,1378020,0,,single
1790942145,1979410,0,,single
1790942147,2958700,0,,single
1790942148,1195020,1,,single
1790942150,799510,0,,single
1790942151,488210,0,,single
1790942152,446120,0,,single
1790942154,714020,2,,single
1790942155,3109800,1,,single
1790942157,312650,1,,single
1790942158,41740,0,,single
1790942160,354430,1,,single
1790942161,2401680,2,,single
1790942162,549100,2,,single
1790942164,448000,1,,single
1790942165,201070,0,,single
1790942167,1290710,5,,single
1790942168,1004330,0,,single
1790942170,541660,3,,single
1790942171,547050,7,,single
1790942173,1299510,12,,single
1790942174,343740,0,,single
1790942175,2474030,0,,single
1790942177,3223390,2,,single
1790942178,2974060,0,,single
1790942180,32150,4,,single
1790942181,1940200,2,,single
1790942183,1550730,1,,single
1790942184,1861290,0,,single
1790942185,1551670,3,,single
1790942187,293840,0,,single
1790942188,3432500,1,,single
1790942190,812160,0,,single
1790942191,2825300,7,,single
1790942192,295750,0,,single
1790942194,934860,0,,single
1790942195,888040,6,,single
1790942197,910880,3,,single
1790942198,2214220,0,,single
1790942199,1303660,0,,single
1790942201,1392170,0,,single
1790942202,359140,0,,single
1790942204,235660,12,,single
1790942205,1125910,1,,single
1790942207,655770,0,,single
1790942208,469800,5,,single
1790942210,258950,0,,single
1790942211,1519710,1,,single
1790942212,2530430,2,,single
1790942214,1463890,0,,single
1790942215,685690,2,,single
1790942217,1494260,0,,single
1790942218,439250,35,,single
1790942220,267960,0,,single
1790942221,363980,0,,single
1790942223,373600,2,,single
1790942224,908070,3,,single
1790942225,1293460,2,,single
1790942227,70110,0,,single
1790942228,1381980,0,,single
1790942230,921710,1,,single
1790942232,622040,0,,single
1790942233,1461680,0,,single
1790942234,1608040,1,,single
1790942236,505210,0,,single
1790942237,1756160,0,,single
1790942239,1739880,6,,single
1790942240,398170,1,,single
1790942242,1442450,0,,single
1790942243,987720,0,,single
1790942246,883080,0,,single
1790942248,1341160,6,,single
1790942249,3449850,36,,single
1790942250,1170230,2,,single
1790942252,1077430,0,,single
1790942253,1163690,0,,single
1790942255,425410,0,,single
1790942256,1247360,2,,single
1790942257,501120,0,,single
1790942259,2543030,1,,single
1790942260,1522560,0,,single
1790942262,1920100,0,,single
1790942263,279260,0,,single
1790942264,1162700,2,,single
1790942266,651090,2,,single
1790942267,1135570,0,,single
1790942269,1056180,0,,single
1790942270,1150460,0,,single
1790942272,363610,0,,single
1790942273,297760,0,,single
1790942275,415150,1,,single
1790942276,2079950,1,,single
1790942278,546220,1,,single
1790942279,1524750,0,,single
1790942281,229950,2,,single
1790942283,2179440,2,,single
1790942284,391140,0,,single
1790942285,1865670,2,,single
1790942287,474220,0,,single
1790942288,464700,0,,single
1790942290,606980,1,,single
1790942291,1178210,0,,single
1790942292,3002930,1,,single
1790942294,351790,0,,single
1790942295,396310,0,,single
1790942297,2800900,2,,single
1790942298,2657900,0,,single
1790942300,2194790,4,,single
1790942301,1072640,2,,single
1790942303,304670,0,,single
1790942304,3175860,3,,single
1790942305,595430,0,,single
1790942307,355630,4,,single
1790942308,577080,0,,single
1790942310,2238630,2,,single
1790942311,583040,3,,single
1790942313,529760,0,,single
1790942314,1433860,0,,single
1790942316,2785200,1,,single
1790942317,621930,0,,single
1790942319,1424710,6,,single
1790942320,748970,0,,single
1790942322,2001570,0,,single
1790942323,824280,3,,single
1790942324,33650,2,,single
1790942326,448470,1,,single
1790942327,347610,6,,single
1790942329,1109690,1,,single
1790942330,524390,9,,single
1790942332,929060,0,,single
1790942333,866190,0,,single
1790942334,2118370,0,,single
1790942336,1101930,0,,single
1790942337,663240,0,,single
1790942339,441010,0,,single
1790942340,676420,0,,single
1790942342,589320,2,,single
1790942343,874400,0,,single
1790942345,439910,0,,single
1790942346,1747050,4,,single
1790942347,1192010,0,,single
1790942349,551450,0,,single
1790942350,2601030,0,,single
1790942352,2947230,1,,single
1790942353,411760,0,,single
1790942355,589940,0,,single
1790942356,1105040,1,,single
1790942358,307590,0,,single
1790942359,2794610,3,,single
1790942361,1629830,0,,single
1790942362,355530,0,,single
1790942364,2013900,0,,single
1790942365,2178480,1111,,single
1790942366,643820,0,,single
1790942368,1801850,0,,single
1790942369,496730,1,,single
1790942371,2052990,0,,single
1790942372,391170,0,,single
1790942373,1693250,24,,single
1790942375,2281820,2,,single
1790942376,346630,0,,single
1790942378,336940,0,,single
1790942380,1509590,0,,single
1790942381,1055610,0,,single
1790942382,403830,0,,single
1790942384,492500,0,,single
1790942385,1536470,0,,single
1790942387,523070,0,,single
1790942388,772070,0,,single
1790942389,688740,0,,single
1790942392,338060,0,,single
1790942393,1205260,0,,single
1790942395,831050,0,,single
1790942396,2491640,0,,single
1790942398,421810,0,,single
1790942399,1193760,1,,single
1790942401,612370,1,,single
1790942402,31830,2,,single
1790942404,292800,3,,single
1790942405,1133320,0,,single
1790942406,2538390,0,,single
1790942408,1637230,7,,single
1790942409,908740,0,,single
1790942411,3050,0,,single
1790942412,593030,57,,single
1790942414,1103100,0,,single
1790942417,237760,0,,single
1790942419,1780270,0,,single
1790942420,375710,0,,single
1790942421,644640,0,,single
1790942423,1450090,19,,single
1790942424,464100,0,,single
1790942426,453850,1,,single
1790942427,1516820,3,,single
1790942429,658690,1,,single
1790942430,547590,1,,single
1790942432,1126190,5,,single
1790942433,72400,0,,single
1790942435,601010,0,,single
1790942436,2009860,2,,single
1790942438,2000800,1,,single
1790942439,1754960,3,,single
1790942440,1413960,2,,single
1790942442,710030,0,,single
1790942444,443360,2,,single
1790942445,1235360,0,,single
1790942447,2201810,2,,single
1790942448,611180,1,,single
1790942449,1751630,1,,single
1790942451,2279330,0,,single
1790942452,625860,1,,single
1790942453,780500,0,,single
1790942455,2311680,13,,single
1790942456,325730,1,,single
1790942458,1216490,0,,single
1790942459,921700,12,,single
1790942461,412520,0,,single
1790942462,461700,0,,single
1790942464,2488350,8,,single
1790942465,402060,0,,single
1790942466,2276830,1,,single
1790942468,499460,0,,single
1790942469,396640,0,,single
1790942471,1668310,1,,single
1790942472,683940,1,,single
1790942473,1116210,0,,single
1790942475,2158270,0,,single
1790942476,651490,0,,single
1790942477,1556490,1,,single
1790942479,546980,0,,single
1790942480,437420,0,,single
1790942482,809870,0,,single
1790942483,349250,1,,single
1790942484,1953860,1,,single
1790942486,661990,15,,single
1790942487,1280300,0,,single
1790942488,1277130,0,,single
1790942490,557260,0,,single
1790942491,1931940,2,,single
1790942493,871950,0,,single
1790942494,1016860,0,,single
1790942496,2775370,4,,single
1790942497,395860,0,,single
1790942498,1004610,0,,single
1790942500,2716930,19,,single
1790942501,1990260,0,,single
1790942503,1148560,1,,single
1790942504,631980,0,,single
1790942505,200080,5,,single
1790942507,1788850,0,,single
1790942508,1610520,0,,single
1790942510,223430,0,,single
1790942511,760510,0,,single
1790942512,664000,1,,single
1790942514,894630,0,,single
1790942515,306680,0,,single
1790942517,1249060,1,,single
1790942518,1771360,2,,single
1790942519,2088650,0,,single
1790942521,545820,6,,single
1790942522,2455040,0,,single
1790942523,1229020,2,,single
1790942525,650780,0,,single
1790942526,959880,2,,single
1790942528,1917450,0,,single
1790942529,447270,0,,single
1790942530,1343810,2,,single
1790942532,1078490,0,,single
1790942534,1155870,2,,single
1790942535,1045580,0,,single
1790942536,1600,0,,single
1790942538,3265880,3,,single
1790942539,301690,0,,single
1790942541,2329130,1,,single
1790942543,2865440,12,,single
1790942545,2289560,0,,single
1790942546,39630,0,,single
1790942548,351140,0,,single
1790942549,1045080,0,,single
1790942550,279640,0,,single
1790942552,1775550,55,,single
1790942553,2002570,6,,single
1790942554,1233800,0,,single
1790942556,513330,0,,single
1790942557,445770,9,,single
1790942559,377520,6,,single
1790942560,837590,2,,single
1790942561,256070,0,,single
1790942563,420100,1,,single
1790942564,2095290,0,,single
1790942565,219200,0,,single
1790942567,1919720,0,,single
1790942568,289400,0,,single
1790942570,1797610,12,,single
1790942571,850050,1,,single
1790942572,567060,0,,single
1790942574,1124830,0,,single
1790942575,427950,0,,single
1790942576,447570,0,,single
1790942578,341730,0,,single
1790942579,775580,0,,single
1790942580,315550,0,,single
1790942582,1523650,0,,single
1790942583,458480,0,,single
1790942585,1575710,8,,single
1790942586,436230,0,,single
1790942587,449200,0,,single
1790942589,809730,1,,single
1790942590,2840,2,,single
1790942591,2788360,0,,single
1790942593,1043230,12,,single
1790942594,1377540,0,,single
1790942596,1720090,2,,single
1790942597,1790370,3,,single
1790942599,1694560,0,,single
1790942600,360890,0,,single
1790942601,1714250,5,,single
1790942603,887400,0,,single
1790942604,1815230,0,,single
1790942605,332490,1,,single
1790942607,1822240,0,,single
1790942608,2375780,289,,single
1790942609,431810,0,,single
1790942611,61510,16,,single
1790942612,1250440,0,,single
1790942614,2280540,1,,single
1790942615,1365750,3,,single
1790942616,2948790,0,,single
1790942618,611120,1,,single
1790942619,504390,48,,single
1790942620,1028860,14,,single
1790942622,693580,0,,single
1790942623,340350,0,,single
1790942624,313830,0,,single
1790942626,1503850,1,,single
1790942627,466730,0,,single
1790942629,955320,0,,single
1790942630,1647920,1,,single
1790942631,614950,1,,single
1790942633,804730,1,,single
1790942634,343090,2,,single
1790942635,493650,1,,single
1790942637,1444020,0,,single
1790942638,793490,0,,single
1790942639,1088770,2,,single
1790942641,2082350,0,,single
1790942642,380140,0,,single
1790942643,343070,1,,single
1790942645,31810,3,,single
1790942646,310740,0,,single
1790942648,374060,0,,single
1790942649,3044100,7,,single
1790942650,670750,0,,single
1790942652,666820,5,,single
1790942653,800600,3,,single
1790942654,391580,0,,single
1790942656,1256530,0,,single
1790942657,2359470,17,,single
1790942659,377310,0,,single
1790942660,1168690,0,,single
1790942661,730430,0,,single
1790942663,2497560,0,,single
1790942664,1495860,1,,single
1790942666,2572560,5,,single
1790942667,3245050,1,,single
1790942668,46290,2,,single
1790942670,1682410,1,,single
1790942671,2196980,2,,single
1790942672,2246120,0,,single
1790942674,251810,3,,single
1790942675,2070850,1,,single
1790942677,2779570,12,,single
1790942678,2155770,2,,single
1790942680,844380,0,,single
1790942681,61730,1,,single
1790942682,251310,0,,single
1790942684,1600900,0,,single
1790942685,261680,0,,single
1790942686,1909810,1,,single
1790942688,1510580,37,,single
1790942689,2929540,1,,single
1790942691,1292180,52,,single
1790942692,822760,2,,single
1790942693,1478410,6,,single
1790942695,467950,0,,single
1790942696,259660,0,,single
1790942698,1502990,16,,single
1790942699,1682340,0,,single
1790942700,2544570,3,,single
1790942702,771920,0,,single
1790942703,32310,2,,single
1790942705,293740,0,,single
1790942706,1386890,9,,single
1790942707,785850,1,,single
1790942709,486360,0,,single
1790942710,2507620,5,,single
1790942711,31100,1,,single
1790942713,1964200,0,,single
1790942714,15380,37,,single
1790942716,1459910,0,,single
1790942717,670500,9,,single
1790942718,573080,0,,single
1790942720,2935840,0,,single
1790942721,280600,1,,single
1790942722,466980,0,,single
1790942724,1651490,0,,single
1790942725,500500,2,,single
1790942726,1348180,0,,single
1790942728,230650,0,,single
1790942729,409320,0,,single
1790942731,2710950,0,,single
1790942732,3048280,6,,single
1790942733,1058140,0,,single
1790942735,1469370,0,,single
1790942736,1385780,1,,single
1790942738,556860,0,,single
1790942739,2494720,0,,single
1790942740,2400280,54,,single
1790942742,904990,0,,single
1790942743,344230,1,,single
1790942744,1015920,1,,single
1790942746,1348920,0,,single
1790942747,488660,0,,single
1790942748,1702180,0,,single
1790942750,1247290,5,,single
1790942751,344410,0,,single
1790942752,1203370,0,,single
1790942754,392820,0,,single
1790942755,914170,0,,single
1790942756,538590,1,,single
1790942758,245050,6,,single
1790942759,1418390,0,,single
1790942761,1420830,0,,single
1790942762,499620,3,,single
1790942763,1190130,0,,single
1790942765,517720,0,,single
1790942766,2349140,3,,single
1790942767,1070790,0,,single
1790942769,440520,2,,single
1790942770,660920,0,,single
1790942772,852340,0,,single
1790942773,307010,0,,single
1790942774,1618290,118,,single
1790942776,910320,0,,single
1790942777,1594400,0,,single
1790942778,1332760,2,,single
1790942780,38210,0,,single
1790942781,431750,1,,single
1790942783,655550,0,,single
1790942784,1996420,0,,single
1790942785,341150,1,,single
1790942787,958480,0,,single
1790942788,1974220,0,,single
1790942790,631830,0,,single
1790942791,412170,0,,single
1790942792,70900,2,,single
1790942794,2204170,1,,single
1790942795,1898610,3,,single
1790942797,512890,0,,single
1790942798,306630,9,,single
1790942800,2707040,1,,single
1790942801,1516750,2,,single
1790942802,576810,0,,single
1790942804,989790,0,,single
1790942805,1627890,1,,single
1790942807,1106940,0,,single
1790942808,2709940,0,,single
1790942810,675240,2,,single
1790942811,1073220,0,,single
1790942813,400790,0,,single
1790942814,730840,4,,single
1790942816,1790340,1,,single
1790942817,1740680,1,,single
1790942818,1031440,0,,single
1790942820,1184420,0,,single
1790942821,2289390,9,,single
1790942822,2776600,0,,single
1790942824,2171560,3,,single
1790942825,412460,1,,single
1790942827,294540,10,,single
1790942828,453820,0,,single
1790942829,211970,1,,single
1790942832,267130,0,,single
1790942833,1564540,0,,single
1790942834,1554600,0,,single
1790942836,893790,0,,single
1790942837,451600,1,,single
1790942838,401690,0,,single
1790942840,411120,0,,single
1790942841,1689350,2,,single
1790942842,338120,2,,single
1790942845,1742610,1,,single
1790942846,209690,5,,single
1790942848,428340,4,,single
1790942849,548370,0,,single
1790942851,2205750,0,,single
1790942852,828960,2,,single
1790942854,430020,1,,single
1790942855,629960,1,,single
1790942856,536040,0,,single
1790942858,858060,0,,single
1790942859,2506480,17,,single
1790942860,1520760,1,,single
1790942862,2260530,1,,single
1790942863,397720,20,,single
1790942865,834150,1,,single
1790942866,1122100,1,,single
1790942867,1120370,0,,single
1790942869,1917550,1,,single
1790942870,2176900,0,,single
1790942872,1151250,1,,single
1790942873,363090,195,,single
1790942874,1300600,0,,single
1790942876,452860,2,,single
1790942877,1223910,4,,single
1790942879,2231190,4,,single
1790942880,1876730,1,,single
1790942882,550670,0,,single
1790942884,407600,2,,single
1790942885,332580,1,,single
1790942886,995230,0,,single
1790942888,905490,0,,single
1790942890,531660,0,,single
1790942891,796860,0,,single
1790942893,3034130,0,,single
1790942895,1179560,0,,single
1790942896,478960,6,,single
1790942898,372930,3,,single
1790942899,401760,0,,single
1790942901,1035660,0,,single
1790942902,504000,3,,single
1790942903,2001340,1,,single
1790942905,1322290,1,,single
1790942906,1404090,1,,single
1790942907,497860,3,,single
1790942909,233210,0,,single
1790942910,1708190,1,,single
1790942912,999660,2,,single
1790942913,1787790,2,,single
1790942914,577460,1,,single
1790942916,559960,0,,single
1790942917,2817530,0,,single
1790942918,915490,0,,single
1790942920,474910,0,,single
1790942921,299420,0,,single
1790942923,305920,0,,single
1790942924,1696720,3,,single
1790942925,48900,0,,single
1790942927,3064670,4,,single
1790942928,2435180,0,,single
1790942930,856880,1,,single
1790942931,805820,0,,single
1790942933,203990,0,,single
1790942934,1262060,2,,single
1790942935,105420,2,,single
1790942937,599560,2,,single
1790942938,780280,0,,single
1790942939,440550,0,,single
1790942941,449250,0,,single
1790942943,408640,0,,single
1790942944,46520,0,,single
1790942945,375010,0,,single
1790942947,307570,1,,single
1790942948,907210,0,,single
1790942950,994020,1,,single
1790942951,912450,5,,single
1790942953,741250,0,,single
1790942954,3122990,1,,single
1790942955,910450,3,,single
1790942957,1234400,5,,single
1790942958,2431070,0,,single
1790942960,322970,0,,single
1790942961,871170,34,,single
1790942962,274480,1,,single
1790942964,1574870,2,,single
1790942965,2453610,4,,single
1790942967,2596100,1,,single
1790942968,781810,0,,single
1790942969,450850,2,,single
1790942971,2125420,3,,single
1790942972,785780,5,,single
1790942973,473140,0,,single
1790942975,277500,0,,single
1790942976,280640,0,,single
1790942978,497800,0,,single
1790942979,1491640,0,,single
1790942980,252750,0,,single
1790942982,338530,0,,single
1790942983,1306970,0,,single
1790942985,1907900,0,,single
1790942986,383330,0,,single
1790942987,467760,0,,single
1790942989,1325040,7,,single
1790942990,2393770,13,,single
1790942992,403410,2,,single
1790942993,528160,0,,single
1790942994,384080,1,,single
1790942996,1134480,3,,single
1790942997,724490,0,,single
1790942999,568750,0,,single
1790943000,1015730,1,,single
1790943001,303720,0,,single
1790943003,1347450,0,,single
1790943004,1054340,3,,single
1790943005,1399750,0,,single
1790943007,1383770,2,,single
1790943008,211280,0,,single
1790943009,2626970,3,,single
1790943011,437530,0,,single
1790943012,488770,0,,single
1790943014,1770050,4,,single
1790943015,2285820,8,,single
1790943016,1309820,1,,single
1790943018,586970,0,,single
1790943020,1444920,1,,single
1790943021,15240,9,,single
1790943022,214570,0,,single
1790943024,2765460,0,,single
1790943025,286540,0,,single
1790943027,1197220,0,,single
1790943028,1057540,0,,single
1790943029,1585540,1,,single
1790943031,1350350,0,,single
1790943032,340800,0,,single
1790943034,558110,0,,single
1790943035,399230,7,,single
1790943037,1627840,0,,single
1790943038,297490,0,,single
1790943039,269690,1,,single
1790943041,623700,1,,single
1790943042,739980,1,,single
1790943044,1079510,0,,single
1790943045,2930320,2,,single
1790943046,1847510,3,,single
1790943048,3057760,0,,single
1790943049,822990,0,,single
1790943051,302310,0,,single
1790943052,1739070,2,,single
1790943054,619400,0,,single
1790943055,1074190,1,,single
1790943056,2773520,0,,single
1790943058,2673660,0,,single
1790943059,275080,1,,single
1790943061,1717270,1,,single
1790943062,571890,7,,single
1790943063,283600,1,,single
1790943065,1481440,2,,single
1790943066,1373320,0,,single
1790943067,1729940,0,,single
1790943069,18120,0,,single
1790943070,909380,0,,single
1790943071,500580,1,,single
1790943073,297450,0,,single
1790943074,1487680,3,,single
1790943075,821670,8,,single
1790943077,701380,0,,single
1790943078,555400,0,,single
1790943079,402890,0,,single
1790943081,949600,1,,single
1790943082,2490790,1,,single
1790943083,1650550,1,,single
1790943085,362410,0,,single
1790943086,655480,0,,single
1790943088,1337530,1,,single
1790943089,760330,0,,single
1790943090,1322170,0,,single
1790943092,527420,1,,single
1790943093,851280,0,,single
1790943094,654550,0,,single
1790943096,649580,1,,single
1790943097,375130,0,,single
1790943098,2387110,0,,single
1790943100,634410,0,,single
1790943101,976420,0,,single
1790943103,251210,0,,single
1790943104,205870,0,,single
1790943105,411080,0,,single
1790943107,485900,0,,single
1790943108,754350,2,,single
1790943110,373240,0,,single
1790943111,1048740,0,,single
1790943112,352780,0,,single
1790943114,741590,3,,single
1790943115,389250,6,,single
1790943117,1209770,0,,single
1790943118,676760,0,,single
1790943119,581520,0,,single
1790943121,1721530,2,,single
1790943122,1887020,0,,single
1790943124,1452500,1,,single
1790943125,1449500,7,,single
1790943127,443970,0,,single
1790943128,1587090,0,,single
1790943130,1379970,0,,single
1790943131,1318790,0,,single
1790943132,334190,0,,single
1790943134,1109360,0,,single
1790943135,350770,1,,single
1790943137,1733500,1,,single
1790943138,1279260,1,,single
1790943139,1583500,1,,single
1790943141,1272580,0,,single
1790943142,1576280,0,,single
1790943144,285090,0,,single
1790943145,936190,19,,single
1790943146,490910,2,,single
1790943148,1257170,0,,single
1790943149,555050,0,,single
1790943150,362400,0,,single
1790943152,1184840,1,,single
1790943153,1252300,0,,single
1790943155,63900,2,,single
1790943156,733740,0,,single
1790943158,1276470,1,,single
1790943159,691150,1,,single
1790943160,226820,2,,single
1790943162,2168450,0,,single
1790943163,981590,6,,single
1790943165,1537910,10,,single
1790943166,297310,0,,single
1790943167,444880,0,,single
1790943169,704640,1,,single
1790943170,214150,2,,single
1790943172,1460750,2,,single
1790943173,2560460,0,,single
1790943174,570420,1,,single
1790943176,1031900,0,,single
1790943177,361690,1,,single
1790943178,1237730,1,,single
1790943180,599000,4,,single
1790943181,533480,0,,single
1790943183,423550,1,,single
1790943184,9710,1,,single
1790943185,1155830,0,,single
1790943187,2055500,1,,single
1790943188,1425730,1,,single
1790943190,584890,0,,single
1790943191,324710,0,,single
1790943192,292200,0,,single
1790943194,312350,6,,single
1790943195,1413990,1,,single
1790943196,447190,4,,single
1790943198,1241040,28,,single
1790943199,897930,0,,single
1790943200,1161880,1,,single
1790943202,1726760,3,,single
1790943203,286770,0,,single
1790943205,1785910,3,,single
1790943206,2524480,0,,single
1790943207,448400,7,,single
1790943209,382090,0,,single
1790943210,313590,0,,single
1790943212,1228560,0,,single
1790943213,551370,1,,single
1790943215,260690,1,,single
1790943216,1183500,0,,single
1790943217,904570,0,,single
1790943219,1222210,16,,single
1790943220,324090,1,,single
1790943222,1401220,2,,single
1790943223,1210610,0,,single
1790943225,2021210,8,,single
1790943226,1572420,0,,single
1790943228,1217830,1,,single
1790943229,821560,0,,single
1790943230,259410,0,,single
1790943232,1561890,0,,single
1790943233,291190,0,,single
1790943234,1761900,0,,single
1790943236,1420810,4,,single
1790943237,1301010,3,,single
1790943239,594050,0,,single
1790943240,462940,13,,single
1790943241,1693260,1,,single
1790943243,837460,0,,single
1790943244,751640,0,,single
1790943246,356890,0,,single
1790943247,1557580,0,,single
1790943248,263380,0,,single
1790943250,869840,3,,single
1790943251,685790,0,,single
1790943252,1168610,0,,single
1790943254,528730,2,,single
1790943255,1020540,0,,single
1790943256,564010,1,,single
1790943258,1572340,1,,single
1790943259,495350,0,,single
1790943261,1518220,2,,single
1790943262,359190,0,,single
1790943263,390610,0,,single
1790943265,873890,4,,single
1790943266,610750,0,,single
1790943268,939000,0,,single
1790943269,9730,1,,single
1790943270,362610,0,,single
1790943272,1491490,0,,single
1790943273,415950,0,,single
1790943274,1772060,0,,single
1790943276,2105660,0,,single
1790943277,332250,0,,single
1790943279,355020,3,,single
1790943280,1750710,0,,single
1790943281,381870,0,,single
1790943283,330420,0,,single
1790943284,473470,0,,single
1790943286,608110,0,,single
1790943287,816430,0,,single
1790943288,396360,0,,single
1790943290,1558990,1,,single
1790943291,552880,1,,single
1790943292,1163340,5,,single
1790943294,1393320,0,,single
1790943295,656880,0,,single
1790943297,838270,0,,single
1790943298,265470,0,,single
1790943299,644480,1,,single
1790943301,704360,0,,single
1790943302,1705930,0,,single
1790943303,1152810,0,,single
1790943305,1859860,1,,single
1790943306,311860,0,,single
1790943308,462100,0,,single
1790943309,1236780,5,,single
1790943310,649790,1,,single
1790943312,415840,0,,single
1790943313,1299480,0,,single
1790943315,1305310,1,,single
1790943316,1385950,0,,single
1790943318,2443780,1,,single
1790943319,1522930,0,,single
1790943320,1018680,29,,single
1790943322,977570,0,,single
1790943323,2142450,0,,single
1790943325,512020,0,,single
1790943326,9850,2,,single
1790943328,1091320,1,,single
1790943329,1960110,1,,single
1790943330,341090,0,,single
1790943332,744420,0,,single
1790943333,2026880,0,,single
1790943335,491650,0,,single
1790943336,1721350,0,,single
1790943338,452710,0,,single
1790943339,1055850,1,,single
1790943340,1519790,2,,single
1790943342,1480480,0,,single
1790943343,342350,0,,single
1790943345,872680,6,,single
1790943346,386990,1,,single
1790943347,1508740,8,,single
1790943349,1273480,3,,single
1790943350,1458390,0,,single
1790943352,678970,0,,single
1790943353,783590,1,,single
1790943354,1058270,0,,single
1790943356,385150,11,,single
1790943357,733800,0,,single
1790943359,569290,3,,single
1790943360,299340,0,,single
1790943361,1165860,8,,single
1790943363,528250,1,,single
1790943364,364210,0,,single
1790943366,453910,0,,single
1790943367,369830,0,,single
1790943369,375180,0,,single
1790943370,2320910,0,,single
1790943372,1414020,1,,single
1790943373,589670,0,,single
1790943374,1781350,2,,single
1790943376,358830,0,,single
1790943377,502140,0,,single
1790943379,2013300,1,,single
1790943380,283330,0,,single
1790943381,987480,0,,single
1790943383,1343520,2,,single
1790943384,1155120,0,,single
1790943385,378770,0,,single
1790943387,1249110,0,,single
1790943388,465020,0,,single
1790943390,946090,0,,single
1790943391,2022290,10,,single
1790943393,346140,8,,single
1790943394,640310,0,,single
1790943396,46750,1,,single
1790943398,266030,0,,single
1790943399,431840,1,,single
1790943401,1345870,2,,single
1790943402,31850,3,,single
1790943404,738610,0,,single
1790943405,1225070,0,,single
1790943406,450700,1,,single
1790943408,1427210,0,,single
1790943409,502230,5,,single
1790943410,358080,0,,single
1790943412,377690,0,,single
1790943413,349140,0,,single
1790943415,331340,0,,single
1790943416,456540,1,,single
1790943418,560720,2,,single
1790943419,1387500,2,,single
1790943420,653220,3,,single
1790943422,202670,1,,single
1790943423,1923680,5,,single
1790943425,1704080,0,,single
1790943426,1828690,0,,single
1790943427,1378070,0,,single
1790943429,1895630,69,,single
1790943431,461520,0,,single
1790943433,398980,0,,single
1790943434,50000,0,,single
1790943435,1247110,0,,single
1790943437,857010,0,,single
1790943438,1061610,0,,single
1790943440,428190,0,,single
1790943443,613450,0,,single
1790943445,517780,2,,single
1790943447,1719660,0,,single
1790943448,1826570,0,,single
1790943450,39660,3,,single
1790943451,1502790,0,,single
1790943453,307130,0,,single
1790943454,494600,0,,single
1790943455,1033080,0,,single
1790943457,558790,0,,single
1790943458,346040,0,,single
1790943460,1240230,0,,single
1790943461,882940,0,,single
1790943462,1422410,0,,single
1790943464,1293040,0,,single
1790943465,2150660,3,,single
1790943467,1184560,2,,single
1790943468,567800,3,,single
1790943470,595320,0,,single
1790943471,780100,19,,single
1790943473,1315210,1,,single
1790943474,701720,0,,single
1790943475,17140,3,,single
1790943477,1812180,2,,single
1790943479,593620,0,,single
1790943480,351250,0,,single
1790943482,1748750,1,,single
1790943483,1840610,2,,single
1790943484,805870,0,,single
1790943486,2063420,0,,single
1790943487,839420,1,,single
1790943489,581230,0,,single
1790943490,1615060,0,,single
1790943491,296730,0,,single
1790943493,1825930,0,,single
1790943494,43100,1,,single
1790943496,1277500,1,,single
1790943497,104000,1,,single
1790943499,1073810,0,,single
1790943500,1406020,3,,single
1790943501,276340,5,,single
1790943503,1890520,0,,single
1790943504,368160,0,,single
1790943506,1067720,0,,single
1790943507,1090670,0,,single
1790943508,934540,0,,single
1790943510,1845670,0,,single
1790943511,866420,0,,single
1790943513,734120,0,,single
1790943514,977500,1,,single
1790943516,347950,16,,single
1790943517,933540,13,,single
1790943518,709840,0,,single
1790943520,699780,1,,single
1790943521,347710,0,,single
1790943523,449940,0,,single
1790943524,1079000,0,,single
1790943526,737870,4,,single
1790943527,368740,0,,single
1790943528,1767310,2,,single
1790943530,1763830,1,,single
1790943531,369890,0,,single
1790943532,2142330,2,,single
1790943534,976780,0,,single
1790943535,2114370,3,,single
1790943537,2125160,0,,single
1790943538,1170370,2,,single
1790943540,946650,1,,single
1790943541,1056690,0,,single
1790943542,798280,0,,single
1790943544,217290,0,,single
1790943545,874460,3,,single
1790943547,1020640,1,,single
1790943548,291930,0,,single
1790943550,295730,0,,single
1790943551,1488810,0,,single
1790943552,1745690,1,,single
1790943554,1383630,0,,single
1790943555,1454160,2,,single
1790943557,2107860,8,,single
1790943558,2336590,2,,single
1790943560,476020,1,,single
1790943561,821610,3,,single
1790943563,575820,0,,single
1790943564,744050,0,,single
1790943566,521230,0,,single
1790943567,40420,0,,single
1790943569,577990,0,,single
1790943570,1338460,0,,single
1790943571,1540220,1,,single
1790943573,377450,1,,single
1790943574,584800,0,,single
1790943576,946920,0,,single
1790943577,1966420,0,,single
1790943579,595460,0,,single
1790943580,1431040,0,,single
1790943582,270810,1,,single
1790943583,1270010,4,,single
1790943584,1851020,0,,single
1790943586,251450,0,,single
1790943587,491260,0,,single
1790943589,777200,0,,single
1790943590,1127970,0,,single
1790943592,573060,4,,single
1790943593,444970,7,,single
1790943594,1000770,0,,single
1790943596,2305180,0,,single
1790943598,690120,0,,single
1790943599,289500,2,,single
1790943601,264560,1,,single
1790943602,834450,0,,single
1790943603,349520,0,,single
1790943605,785880,0,,single
1790943606,2093000,0,,single
1790943608,648780,0,,single
1790943609,1551030,0,,single
1790943611,1640320,0,,single
1790943612,317300,1,,single
1790943613,1819180,0,,single
1790943615,1417420,0,,single
1790943616,613670,1,,single
1790943618,921070,1,,single
1790943619,1882240,12,,single
1790943620,1786010,0,,single
1790943622,23420,2,,single
1790943623,396850,0,,single
1790943625,1700630,0,,single
1790943626,1185490,0,,single
1790943627,1838970,3,,single
1790943629,327930,0,,single
1790943630,1399670,0,,single
1790943632,200130,0,,single
1790943633,461850,0,,single
1790943635,1461030,1,,single
1790943636,970840,2,,single
1790943637,514460,0,,single
1790943639,600630,0,,single
1790943640,523640,0,,single
1790943642,485400,0,,single
1790943643,450440,0,,single
1790943645,1684670,0,,single
1790943646,990360,0,,single
1790943648,659500,1,,single
1790943649,423900,0,,single
1790943651,1575830,0,,single
1790943652,448630,0,,single
1790943654,450170,0,,single
1790943655,1145630,0,,single
1790943657,1732650,0,,single
1790943658,856890,1,,single
1790943660,1727520,1,,single
1790943661,1029650,0,,single
1790943662,523770,0,,single
1790943664,428200,0,,single
1790943665,389650,0,,single
1790943667,4460,1,,single
1790943668,1531250,1,,single
1790943670,1649630,0,,single
1790943671,1300700,1,,single
1790943673,472420,0,,single
1790943675,315850,0,,single
1790943676,420970,0,,single
1790943678,858040,8,,single
1790943679,332400,4,,single
1790943680,1969060,0,,single
1790943682,2297010,11,,single
1790943684,355270,0,,single
1790943685,433670,0,,single
1790943686,1785300,0,,single
1790943688,555660,0,,single
1790943690,2017890,0,,single
1790943691,555710,0,,single
1790943692,953870,1,,single
1790943694,1307870,3,,single
1790943695,941650,0,,single
1790943697,416870,1,,single
1790943698,454530,15,,single
1790943699,303840,0,,single
1790943701,1836030,6,,single
1790943702,1709350,0,,single
1790943704,2013120,1,,single
1790943705,1160360,0,,single
1790943706,808010,0,,single
1790943708,298340,0,,single
1790943709,327440,1,,single
1790943710,1947940,2,,single
1790943712,615780,1,,single
1790943713,574260,2,,single
1790943715,1379600,0,,single
1790943716,722670,0,,single
1790943718,756500,0,,single
1790943719,1947530,0,,single
1790943720,635880,0,,single
1790943722,2402310,10,,single
1790943723,1878070,2,,single
1790943725,485330,0,,single
1790943726,356910,0,,single
1790943727,385590,0,,single
1790943729,870690,1,,single
1790943730,533970,0,,single
1790943732,592730,1,,single
1790943733,1433950,0,,single
1790943735,992330,0,,single
1790943736,772480,0,,single
1790943738,348440,0,,single
1790943739,1398910,0,,single
1790943740,2227450,0,,single
1790943744,513620,0,,single
1790943745,2108600,0,,single
1790943747,517330,1,,single
1790943748,347590,8,,single
1790943750,1041210,0,,single
1790943751,3430,4,,single
1790943752,1127850,0,,single
1790943754,437390,0,,single
1790943755,255960,0,,single
1790943756,714250,0,,single
1790943758,607210,0,,single
1790943759,1901810,0,,single
1790943760,834880,0,,single
1790943762,2293420,0,,single
1790943763,961660,0,,single
1790943765,286660,0,,single
1790943766,530920,0,,single
1790943767,384690,1,,single
1790943769,950300,0,,single
1790943770,1803410,1,,single
1790943772,1617220,0,,single
1790943773,2281480,0,,single
1790943774,1261220,0,,single
1790943776,1038810,3,,single
1790943778,38460,0,,single
1790943779,2265310,0,,single
1790943780,1086860,1,,single
1790943782,1945230,6,,single
1790943783,358360,2,,single
1790943785,724000,1,,single
1790943786,1003120,1,,single
1790943788,1608560,1,,single
1790943789,462620,0,,single
1790943791,781820,1,,single
1790943792,1341170,3,,single
1790943794,771240,0,,single
1790943795,625680,0,,single
1790943797,1821680,0,,single
1790943798,2527660,0,,single
1790943800,257220,1,,single
1790943801,364510,1,,single
1790943803,291690,0,,single
1790943804,781130,0,,single
1790943806,2560530,1,,single
1790943807,378110,0,,single
1790943809,2310300,0,,single
1790943811,978470,0,,single
1790943812,1441230,0,,single
1790943813,1233950,1,,single
1790943815,489930,0,,single
1790943816,1161640,0,,single
1790943818,500150,8,,single
1790943819,323950,0,,single
1790943821,1341450,2,,single
1790943822,907670,0,,single
1790943823,1687940,0,,single
1790943825,2135500,0,,single
1790943826,311910,0,,single
1790943828,744270,0,,single
1790943829,1139870,1,,single
1790943831,431640,0,,single
1790943832,504310,1,,single
1790943833,412290,0,,single
1790943835,1475460,0,,single
1790943836,887820,0,,single
1790943838,811070,1,,single
1790943839,2342030,34,,single
1790943841,567680,0,,single
1790943842,570490,3,,single
1790943844,2229350,1,,single
1790943845,1900930,0,,single
1790943847,465840,0,,single
1790943848,262590,0,,single
1790943850,458030,8,,single
1790943851,1309200,0,,single
1790943853,429280,0,,single
1790943854,1345760,2,,single
1790943856,1413970,2,,single
1790943857,1829650,0,,single
1790943859,1897050,0,,single
1790943860,853050,0,,single
1790943862,343340,0,,single
1790943863,441680,0,,single
1790943865,745010,0,,single
1790943866,358070,0,,single
1790943867,1771070,0,,single
1790943869,2009380,0,,single
1790943871,371100,0,,single
1790943872,2444000,0,,single
1790943874,727570,0,,single
1790943875,1022480,0,,single
1790943876,2176850,0,,single
1790943878,416380,0,,single
1790943879,1316160,0,,single
1790943881,1173830,0,,single
1790943882,2024300,1,,single
1790943884,1041710,47,,single
1790943885,671900,0,,single
1790943887,610660,2,,single
1790943888,412620,0,,single
1790943890,867050,1,,single
1790943891,1128900,0,,single
1790943893,1680340,0,,single
1790943894,1324270,0,,single
1790943896,420550,2,,single
1790943897,820910,0,,single
1790943899,12460,0,,single
1790943900,1094730,0,,single
1790943902,449170,1,,single
1790943903,2464090,0,,single
1790943904,772500,0,,single
1790943906,302490,0,,single
1790943907,1273540,0,,single
1790943909,1779460,0,,single
1790943910,662190,1,,single
1790943912,761170,5,,single
1790943913,1532250,1,,single
1790943915,283820,0,,single
1790943916,1852830,0,,single
1790943918,548330,2,,single
1790943919,277270,3,,single
1790943920,1084790,6,,single
1790943922,1111620,0,,single
1790943923,1048920,7,,single
1790943925,1966130,22,,single
1790943926,1157640,0,,single
1790943927,628440,1,,single
1790943929,704020,0,,single
1790943930,292240,2,,single
1790943931,1804170,3,,single
1790943933,659480,1,,single
1790943934,4800590,1135,,single
1790943935,4836540,60,,single
1790943937,4834070,26,,single
1790943938,4804480,85,,single
1790943940,4775410,2,,single
1790943941,4808310,388,,single
1790943942,4746070,136,,single
1790943944,18020,0,,single
1790943945,27920,0,,single
1790943947,31910,3,,single
1790943948,35800,0,,single
1790943949,51060,1,,single
1790943951,73220,0,,single
1790943952,216210,2,,single
1790943953,241300,0,,single
1790943955,254820,1,,single
1790943956,291960,1,,single
1790943958,302390,0,,single
1790943959,335120,0,,single
1790943961,342860,0,,single
1790943962,352620,0,,single
1790943963,370300,0,,single
1790943965,388980,6,,single
1790943966,406160,0,,single
1790943967,416290,0,,single
1790943969,432940,1,,single
1790943970,448560,0,,single
1790943972,466490,0,,single
1790943973,482890,6,,single
1790943974,499420,0,,single
1790943976,513930,0,,single
1790943977,532270,0,,single
1790943979,551080,0,,single
1790943980,554290,1,,single
1790943982,559310,8,,single
1790943983,563190,0,,single
1790943984,570970,0,,single
1790943986,573110,0,,single
1790943987,576960,0,,single
1790943989,581200,3,,single
1790943990,594350,0,,single
1790943991,603010,0,,single
1790943993,617610,1,,single
1790943994,632050,1,,single
1790943995,647040,1,,single
1790943997,653060,7,,single
1790943998,673660,0,,single
1790944000,684000,6,,single
1790944001,701470,42,,single
1790944002,717950,0,,single
1790944004,729460,3,,single
1790944005,740090,1,,single
1790944007,762520,0,,single
1790944008,778400,1,,single
1790944009,820240,0,,single
1790944011,842130,1,,single
1790944012,856210,1,,single
1790944014,896960,4,,single
1790944015,913850,0,,single
1790944016,942200,2,,single
1790944018,950400,0,,single
1790944019,961010,1,,single
1790944021,976900,4,,single
1790944022,990090,0,,single
1790944023,1001040,1,,single
1790944025,1020910,0,,single
1790944026,1029980,7,,single
1790944028,1040630,0,,single
1790944029,1066760,2,,single
1790944032,1086620,2,,single
1790944033,1101270,1,,single
1790944035,1113780,0,,single
1790944036,1124160,2,,single
1790944037,1133930,1,,single
1790944039,1151130,0,,single
1790944041,1167700,0,,single
1790944044,1175190,0,,single
1790944045,1191070,0,,single
1790944047,1211930,0,,single
1790944048,1216870,0,,single
1790944050,1229060,1,,single
1790944051,1232010,0,,single
1790944053,1247190,0,,single
1790944054,1261960,3,,single
1790944056,1269500,2,,single
1790944057,1284950,0,,single
1790944058,1297210,3,,single
1790944060,1306180,7,,single
1790944061,1313580,3,,single
1790944063,1321120,3,,single
1790944064,1332990,1,,single
1790944066,1364690,4,,single
1790944067,1367690,1,,single
1790944069,1379110,0,,single
1790944070,1383570,6,,single
1790944071,1396540,0,,single
1790944073,1403740,26,,single
1790944074,1422630,0,,single
1790944076,1425250,2,,single
1790944078,1437850,15,,single
1790944079,1448610,1,,single
1790944081,1453900,0,,single
1790944082,1461980,9,,single
1790944084,1465710,2,,single
1790944085,1478850,2,,single
1790944087,1500180,0,,single
1790944088,1515490,0,,single
1790944090,1530450,5,,single
1790944091,1544540,0,,single
1790944093,1558000,0,,single
1790944094,1561960,1,,single
1790944095,1571990,1,,single
1790944097,1588090,0,,single
1790944098,1597910,1,,single
1790944100,1620030,2,,single
1790944101,1625230,0,,single
1790944103,1641240,1,,single
1790944104,1646790,5,,single
1790944106,1660290,3,,single
1790944108,1676870,1,,single
1790944109,1684080,1,,single
1790944111,1689190,3,,single
1790944112,1702830,1,,single
1790944114,1726750,1,,single
1790944115,1739000,1,,single
1790944117,1743080,1,,single
1790944118,1762550,11,,single
1790944120,1778210,6,,single
1790944121,1795180,3,,single
1790944123,1804270,0,,single
1790944124,1818940,14,,single
1790944126,1840710,2,,single
1790944127,1843470,14,,single
1790944128,1856190,0,,single
1790944130,1865010,1,,single
1790944131,1870700,0,,single
1790944133,1882190,1,,single
1790944134,1892790,1,,single
1790944136,1906830,0,,single
1790944138,1916280,0,,single
1790944139,1919040,0,,single
1790944141,1921760,7,,single
1790944142,1934300,4,,single
1790944143,1946300,0,,single
1790944145,1957760,3,,single
1790944147,1966070,0,,single
1790944148,1972550,0,,single
1790944150,1985740,2,,single
1790944151,1991980,1,,single
1790944153,2004360,0,,single
1790944154,2012140,1,,single
1790944156,2025840,1,,single
1790944157,2060000,3,,single
1790944158,2067350,6,,single
1790944160,2075580,6,,single
1790944161,2088360,13,,single
1790944163,2092730,0,,single
1790944164,2097890,0,,single
1790944166,2107030,3,,single
1790944167,2118540,0,,single
1790944168,2129160,0,,single
1790944170,2146170,11,,single
1790944171,2157210,1,,single
1790944173,2164310,0,,single
1790944174,2169140,2,,single
1790944176,2173760,1,,single
1790944178,2185870,34,,single
1790944179,2200580,2,,single
1790944181,2213500,3,,single
1790944182,2216120,0,,single
1790944184,2219890,0,,single
1790944185,2225480,2,,single
1790944187,2235150,0,,single
1790944188,2239130,0,,single
1790944190,2248890,1,,single
1790944191,2274480,4,,single
1790944193,2278790,0,,single
1790944194,2299510,20,,single
1790944196,2305900,1,,single
1790944197,2326020,0,,single
1790944199,2337460,9,,single
1790944200,2348730,0,,single
1790944202,2358040,0,,single
1790944203,2370170,30,,single
1790944205,2390480,2,,single
1790944206,2402280,5,,single
1790944208,2409110,1,,single
1790944209,2414550,1,,single
1790944211,2424110,0,,single
1790944212,2427100,54,,single
1790944214,2434730,333,,single
1790944215,2443770,24,,single
1790944217,2456120,2,,single
1790944218,2460920,3,,single
1790944220,2467300,0,,single
1790944221,2479740,0,,single
1790944223,2485350,0,,single
1790944224,2496920,8,,single
1790944226,2508210,0,,single
1790944228,2520410,6,,single
1790944229,2527450,0,,single
1790944231,2542140,1,,single
1790944232,2562460,2,,single
1790944234,2581750,1,,single
1790944235,2591010,0,,single
1790944237,2599950,2,,single
1790944238,2626860,1,,single
1790944240,2666550,2,,single
1790944241,2674190,0,,single
1790944243,2696780,0,,single
1790944244,2708790,5,,single
1790944246,2721530,3,,single
1790944247,2739700,2,,single
1790944249,2751230,2,,single
1790944250,2769210,2,,single
1790944252,2785110,0,,single
1790944253,2800840,1,,single
1790944255,2811100,9,,single
1790944256,2818150,7,,single
1790944258,2820140,57,,single
1790944259,2837600,2,,single
1790944261,2851770,2,,single
1790944262,2855480,0,,single
1790944264,2858150,5,,single
1790944265,2865220,1,,single
1790944266,2881800,10,,single
1790944268,2899980,2,,single
1790944269,2915950,22,,single
1790944271,2925970,1,,single
1790944272,2941660,7,,single
1790944274,2954920,0,,single
1790944275,2963890,1,,single
1790944276,2976490,0,,single
1790944278,2981650,0,,single
1790944279,2987750,1,,single
1790944281,2994240,4,,single
1790944282,3000030,60,,single
1790944284,3010460,22,,single
1790944285,3023190,34,,single
1790944287,3030250,0,,single
1790944288,3037180,2,,single
1790944290,3040220,1,,single
1790944291,3060630,8,,single
1790944293,3077670,0,,single
1790944294,3099840,17,,single
1790944296,3107590,3,,single
1790944297,3118160,0,,single
1790944299,3125120,0,,single
1790944300,3128950,0,,single
1790944302,3147190,0,,single
1790944303,3158260,0,,single
1790944304,3173130,2,,single
1790944307,3200460,1,,single
1790944309,3215190,0,,single
1790944310,3265280,8,,single
1790944312,3288460,0,,single
1790944314,3306400,0,,single
1790944315,3320800,0,,single
1790944317,3331000,4,,single
1790944318,3339330,22,,single
1790944320,3359200,14,,single
1790944321,3380740,0,,single
1790944323,3392510,3,,single
1790944324,3408020,3,,single
1790944325,3429910,2,,single
1790944327,3449590,9,,single
1790944328,3481320,0,,single
1790944330,3583060,3,,single
1790944332,590830,367,,single
1790944333,636270,2,,single
1790944335,686060,3143,,single
1790944336,436780,272,,single
1790944338,551620,8,,single
1790944339,2767030,36747,,single
1790944340,1808500,20160,,single
1790944342,2139460,18066,,single
1790944343,1962700,1636,,single
1790944345,2074920,4999,,single
1790944347,3405690,26184,,single
1790944348,3354750,1736,,single
1790944349,3167020,3988,,single
1790944351,1867240,139564,,single
1790944352,1172710,10200,,single
1790944353,3224770,4589,,single
1790944355,3513350,21710,,single
1790944356,3041230,1684,,single
1790944358,3350200,159,,single
1790944359,2707930,4710,,single
1790944360,3159330,3693,,single
1790944362,3768760,2316,,single
1790944363,1282270,1688,,single
1790944365,2397300,933,,single
1790944366,3180070,224,,single
1790944367,1604270,3502,,single
1790944369,2062430,1606,,single
1790944370,1568400,154,,single
1790944372,2504480,14,,single
1790944373,2918300,17,,single
1790944374,1941540,298,,single
1790944376,2119830,466,,single
1790944377,2584270,1407,,single
1790944379,3681810,129,,single
1790944380,1588550,368,,single
1790944381,1154030,752,,single
1790944383,3862670,285,,single
1790944384,3282300,1420,,single
1790944386,4025700,9067,,single
1790944387,3948120,4338,,single
1790944388,1617400,4174,,single
1790944390,4384550,1001,,single
1790944391,1034140,55,,single
1790944392,2638890,10731,,single
1790944394,2784840,108,,single
1790944395,4124950,9,,single
1790944397,2806050,165,,single
1790944398,2763740,8854,,single
1790944399,2432860,932,,single
1790944401,3419520,450,,single
1790944402,2239140,180,,single
1790944403,2958130,1526,,single
1790944405,1757300,553,,single
1790944406,2215390,49,,single
1790944407,3024040,1774,,single
1790944409,3164330,1288,,single
1790944410,3722330,4141,,single
1790944412,3528450,542,,single
1790944413,2747330,255,,single
1790944414,2570630,25,,single
1790944416,3339420,610,,single
1790944417,3097300,47,,single
1790944419,2340650,31,,single
1790944420,2220360,38,,single
1790944422,3372980,139,,single
1790944423,3370870,107,,single
1790944424,1449110,427,,single
1790944426,3834090,355,,single
1790944427,3220060,127,,single
1790944429,2085540,687,,single
1790944430,2771670,4,,single
1790944431,2811830,36,,single
1790944433,3631290,81,,single
1790944434,2582320,27,,single
1790944436,3902430,299,,single
1790944437,3202030,1804,,single
1790944438,3654560,786,,single
1790944440,2410490,10,,single
1790944441,2201320,123,,single
1790944443,2721890,54,,single
1790944444,2930160,3,,single
1790944445,3981100,320,,single
1790944447,2737070,928,,single
1790944448,4275420,75,,single
1790944450,2732960,1293,,single
1790944451,2536520,3359,,single
1790944453,3103840,134,,single
1790944454,2289750,190,,single
1790944456,2897760,160,,single
1790944457,1482620,2,,single
1790944459,3230400,452,,single
1790944460,2951690,75,,single
1790944461,2362060,661,,single
1790944463,1548520,264,,single
1790944464,4270390,28,,single
1790944465,2977660,94,,single
1790944467,2526380,634,,single
1790944468,2832330,379,,single
1790944470,3375780,730,,single
1790944471,1170570,14,,single
1790944472,4035270,57,,single
1790944474,2739590,341,,single
1790944475,4488860,241,,single
1790944476,1672810,188,,single
1790944478,871540,203,,single
1790944479,2879840,1208,,single
1790944480,4594150,561,,single
1790944482,3808690,762,,single
1790944483,2001760,115,,single
1790944484,3641000,269,,single
1790944486,1790930,21,,single
1790944487,3177920,27,,single
1790944489,3257000,193,,single
1790944490,3478700,1,,single
1790944491,2914150,81,,single
1790944493,2956680,103,,single
1790944494,2749950,936,,single
1790944495,2379740,2350,,single
1790944497,2743080,0,,single
1790944498,2713000,266,,single
1790944499,3218710,799,,single
1790944501,2762230,18,,single
1790944502,2692440,797,,single
1790944504,3867950,83,,single
1790944505,4466620,339,,single
1790944506,3448650,243,,single
1790944508,2361770,51,,single
1790944509,1805110,410,,single
1790944511,3889960,426,,single
1790944512,2985610,4,,single
1790944513,2581950,100,,single
1790944515,2424420,207,,single
1790944516,2419670,10,,single
1790944517,3347400,449,,single
1790944519,4131730,179,,single
1790944520,2608620,10,,single
1790944522,3503440,33,,single
1790944523,2508780,578,,single
1790944524,2941710,49,,single
1790944526,3545990,27,,single
1790944527,2289720,53,,single
1790944528,3339880,19,,single
1790944530,3114410,509,,single
1790944531,3983810,754,,single
1790944533,2892880,225,,single
1790944534,2899050,119,,single
1790944535,3985950,877,,single
1790944537,2719750,54,,single
1790944538,3634520,81,,single
1790944540,3697340,36,,single
1790944541,3525970,133,,single
1790944542,3438850,48,,single
1790944544,3585800,67,,single
1790944545,3014320,419,,single
1790944547,3265250,8,,single
1790944548,1696770,50,,single
1790944549,1920430,19,,single
1790944551,2424010,185,,single
1790944552,2878600,20,,single
1790944553,3011560,71,,single
1790944555,2954780,13,,single
1790944556,3308870,9,,single
1790944557,3711170,0,,single
1790944559,2776810,3,,single
1790944560,3478650,81,,single
1790944562,3107350,3,,single
1790944563,2739630,11,,single
1790944564,2288470,83,,single
1790944566,3470560,50,,single
1790944567,3749720,452,,single
1790944569,2231300,9,,single
1790944570,4126220,375,,single
1790944571,3412900,23,,single
1790944573,4160210,475,,single
1790944574,1699230,13,,single
1790944575,3199650,24,,single
1790944577,3656800,368,,single
1790944578,866020,215,,single
1790944580,4651220,160,,single
1790944581,2492670,404,,single
1790944582,2918500,168,,single
1790944584,2949320,34,,single
1790944585,3224420,774,,single
1790944587,3929760,35,,single
1790944588,1913120,199,,single
1790944589,1820000,43,,single
1790944591,3533730,8,,single
1790944592,1864000,21,,single
1790944594,2753970,24,,single
1790944595,1598780,5,,single
1790944597,3009300,416,,single
1790944598,3215050,530,,single
1790944599,4643090,2604,,single
1790944601,3950020,1014,,single
1790944602,3788420,386,,single
1790944603,1909950,417,,single
1790944605,3132930,49,,single
1790944606,2610090,3,,single
1790944607,3731020,441,,single
1790944609,2845270,0,,single
1790944610,2842800,209,,single
1790944611,1181550,167,,single
1790944613,4315040,342,,single
1790944614,2383200,46,,single
1790944616,3337380,64,,single
1790944617,2229870,196,,single
1790944619,2871440,67,,single
1790944620,1669480,234,,single
1790944622,2686630,40,,single
1790944623,2530470,51,,single
1790944624,2870350,24,,single
1790944626,3819640,586,,single
1790944627,2710480,263,,single
1790944628,1343070,99,,single
1790944630,2582140,159,,single
1790944631,2178380,79,,single
1790944633,2697000,127,,single
1790944634,2981220,44,,single
1790944635,2523770,94,,single
1790944637,3673060,777,,single
1790944638,2529790,32,,single
1790944639,2788630,22,,single
1790944641,3100310,79,,single
1790944642,1575990,20,,single
1790944643,2553870,80,,single
1790944645,3488970,2,,single
1790944646,4126480,86,,single
1790944648,2070270,54,,single
1790944649,1985960,8,,single
1790944651,866570,28,,single
1790944652,3976500,86,,single
1790944653,2681030,86,,single
1790944655,4271160,562,,single
1790944656,2695570,9,,single
1790944657,3873970,57,,single
1790944659,3100370,110,,single
1790944660,3772810,70,,single
1790944662,3174480,34,,single
1790944663,3467710,87,,single
1790944665,3127280,441,,single
1790944666,3464570,9,,single
1790944667,3419290,39,,single
1790944669,2690970,5,,single
1790944670,3587140,610,,single
1790944671,1690710,1193,,single
1790944673,3942480,18,,single
1790944674,2195910,7,,single
1790944676,3601800,46,,single
1790944677,4073860,197,,single
1790944678,3730100,3,,single
1790944680,2870920,40,,single
1790944681,2988580,331,,single
1790944683,2302540,22,,single
1790944684,3554940,207,,single
1790944685,3669870,13156,,single
1790944687,4630570,76,,single
1790944688,3125250,14,,single
1790944689,3868310,21,,single
1790944691,1866130,33,,single
1790944692,2706300,38,,single
1790944693,3221770,103,,single
1790944695,3979330,27,,single
1790944696,2917040,11,,single
1790944698,3868320,56,,single
1790944699,4992070,530,,single
1790944700,2701720,74,,single
1790944702,3186040,38,,single
1790944703,2051500,2,,single
1790944704,3205380,25,,single
1790944706,2245620,6,,single
1790944707,4080030,213,,single
1790944709,4005300,8,,single
1790944710,2646320,73,,single
1790944711,3690010,19,,single
1790944713,1574000,38,,single
1790944714,4855450,54,,single
1790944716,3337140,102,,single
1790944717,3817250,31,,single
1790944718,3975510,43,,single
1790944720,3494520,8,,single
1790944721,1718460,13,,single
1790944722,1858650,50,,single
1790944724,4423580,263,,single
1790944725,3410180,68,,single
1790944727,2421750,90,,single
1790944728,2767530,44,,single
1790944729,2848420,1,,single
1790944731,3352240,133,,single
1790944732,2936290,63,,single
1790944734,2671230,5,,single
1790944735,3393620,7,,single
1790944736,3717330,194,,single
1790944738,4005560,24,,single
1790944739,3906660,44,,single
1790944741,4081840,3,,single
1790944742,2854290,0,,single
1790944744,3793580,5,,single
1790944745,2504090,12,,single
1790944746,2897580,1838,,single
1790944748,4957110,805,,single
1790944749,3242750,36,,single
1790944751,2299740,11,,single
1790944752,3690030,104,,single
1790944753,2823860,1,,single
1790944755,2451100,28,,single
1790944756,3135530,59,,single
1790944757,2019620,15,,single
1790944759,3858650,18,,single
1790944760,1636440,1844,,single
1790944761,3618850,64,,single
1790944763,3339200,103,,single
1790944764,3124340,115,,single
1790944765,4564320,3596,,single
1790944767,2460070,15,,single
1790944768,3080240,3,,single
1790944770,3935020,58,,single
1790944771,2742840,5,,single
1790944773,4309030,10,,single
1790944774,3144230,466,,single
1790944775,1059220,0,,single
1790944777,3629780,45,,single
1790944778,2569670,119,,single
1790944780,3946110,582,,single
1790944781,2327720,68,,single
1790944783,2962810,704,,single
1790944784,2908050,0,,single
1790944786,3683770,702,,single
1790944787,2820700,25,,single
1790944789,3649580,31,,single
1790944790,3515380,4,,single
1790944792,2776090,14,,single
1790944793,4510830,925,,single
1790944794,1315180,17,,single
1790944796,1605850,130,,single
1790944797,2827560,0,,single
1790944799,3618520,20,,single
1790944800,3343160,12,,single
1790944802,2248950,7,,single
1790944803,3738950,650,,single
1790944805,2479650,53,,single
1790944806,2810730,4,,single
1790944808,1733690,489,,single
1790944809,3338950,68,,single
1790944811,4078200,403,,single
1790944812,3093400,18,,single
1790944814,2090390,18,,single
1790944815,2181940,351,,single
1790944816,1151380,45,,single
1790944818,3371770,37,,single
1790944819,3861280,126,,single
1790944821,3185890,4,,single
1790944822,3659410,354,,single
1790944824,2570390,1,,single
1790944825,3760180,5,,single
1790944826,2300120,5,,single
1790944828,1812860,16,,single
1790944829,3464370,28,,single
1790944831,3612850,2,,single
1790944832,2936310,140,,single
1790944833,4198660,106,,single
1790944835,3863760,60,,single
1790944836,2428440,5,,single
1790944838,2713460,0,,single
1790944839,2730810,48,,single
1790944841,2212670,21,,single
1790944842,2288350,66,,single
1790944844,4364910,1703,,single
1790944845,2269950,7,,single
1790944846,2654490,123,,single
1790944848,3043580,3,,single
1790944849,2742710,38,,single
1790944851,3772960,19,,single
1790944852,3255860,1,,single
1790944854,4161480,4,,single
1790944856,2258890,5,,single
1790944858,2533600,10,,single
1790944859,3809870,2,,single
1790944860,3067890,34,,single
1790944862,3575300,2,,single
1790944863,3586660,15,,single
1790944864,2863160,23,,single
1790944866,2725090,20,,single
1790944867,2708950,26,,single
1790944868,4141950,30,,single
1790944870,4026250,224,,single
1790944871,2064610,13,,single
1790944872,3971950,491,,single
1790944874,3652650,7,,single
1790944875,3907790,836,,single
1790944877,2687160,5,,single
1790944878,2881370,47,,single
1790944879,2213700,51,,single
1790944881,2396990,51,,single
1790944882,4249130,17,,single
1790944884,3136330,69,,single
1790944885,2711350,1,,single
1790944887,1315320,13,,single
1790944888,4935510,419,,single
1790944889,2455780,2,,single
1790944891,4170200,39,,single
1790944892,1670780,4,,single
1790944894,3418990,8,,single
1790944895,3121490,5,,single
1790944896,2535680,4,,single
1790944898,3471350,7,,single
1790944899,3445340,27,,single
1790944901,3628950,55,,single
1790944902,3655390,9,,single
1790944903,4249770,13,,single
1790944905,2095420,21,,single
1790944906,2448980,6,,single
1790944908,3919530,1,,single
1790944909,3879660,167,,single
1790944910,3441460,9,,single
1790944912,3047750,4,,single
1790944913,3438810,955,,single
1790944915,3415230,7,,single
1790944916,3412160,37,,single
1790944917,4020490,33,,single
1790944919,3343770,2,,single
1790944920,3012420,7,,single
1790944922,2743460,33,,single
1790944923,4258390,0,,single
1790944924,2229890,19,,single
1790944926,3684710,15,,single
1790944927,4481850,84,,single
1790944929,2473350,48,,single
1790944930,1803580,93,,single
1790944932,3183350,163,,single
1790944933,3671710,29,,single
1790944934,2438990,201,,single
1790944936,4412000,246,,single
1790944937,2560240,60,,single
1790944938,2980260,1,,single
1790944940,2779120,39,,single
1790944944,2687400,10,,single
1790944945,4502710,300,,single
1790944946,1581950,8,,single
1790944948,4529120,90,,single
1790944949,3071240,25,,single
1790944951,1678150,9,,single
1790944952,1454370,6,,single
1790944953,3660700,52,,single
1790944955,2524930,8,,single
1790944956,4194800,28,,single
1790944958,3442220,4,,single
1790944959,2329630,11,,single
1790944961,3651950,1,,single
1790944962,2847110,4,,single
1790944964,3369070,14,,single
1790944965,2473890,0,,single
1790944967,2564520,19,,single
1790944968,1889810,7,,single
1790944969,1843540,10,,single
1790944971,2953480,15,,single
1790944972,2861150,6,,single
1790944974,3319980,55,,single
1790944975,1975280,15,,single
1790944977,2657030,1,,single
1790944978,4169820,32,,single
1790944979,1928690,6,,single
1790944981,3929470,179,,single
1790944982,4508020,54,,single
1790944984,3333250,6,,single
1790944985,3424610,528,,single
1790944987,3062740,84,,single
1790944988,2572040,167,,single
1790944990,3394840,17,,single
1790944991,2331280,13,,single
1790944992,3372710,38,,single
1790944994,3687810,652,,single
1790944995,2680680,3,,single
1790944996,1497460,2,,single
1790944998,3406910,6,,single
1790944999,2933200,19,,single
1790945001,3236900,103,,single
1790945002,1340140,73,,single
1790945004,3132870,12,,single
1790945005,2624670,34,,single
1790945006,3884520,12,,single
1790945008,3604510,12,,single
1790945009,3149980,19,,single
1790945011,1033030,91,,single
1790945012,3231520,2,,single
1790945014,2797960,7,,single
1790945015,3419910,1,,single
1790945017,3910610,21,,single
1790945018,3216500,46,,single
1790945019,1609370,1,,single
1790945021,4157130,10,,single
1790945022,1895900,0,,single
1790945024,2639810,1,,single
1790945025,4633140,18,,single
1790945027,2901550,23,,single
1790945028,2963600,56,,single
1790945029,3737620,11,,single
1790945031,3022810,6,,single
1790945032,2324290,8,,single
1790945034,2275490,6,,single
1790945035,2393760,1,,single
1790945036,3469750,30,,single
1790945038,2459750,6,,single
1790945039,2067210,26,,single
1790945040,2534120,21,,single
1790945042,3122460,376,,single
1790945043,3419220,18,,single
1790945045,2194730,23,,single
1790945046,2555950,11,,single
1790945048,2915380,10,,single
1790945049,3218530,10,,single
1790945050,4082750,47,,single
1790945052,3181220,69,,single
1790945053,3330500,79,,single
1790945055,2485270,54,,single
1790945056,3391450,8,,single
1790945058,4478640,82,,single
1790945059,4009730,9,,single
1790945061,3614130,255,,single
1790945062,3324610,29,,single
1790945064,3269180,6,,single
1790945065,3604800,2,,single
1790945066,2579730,14,,single
1790945068,2808550,226,,single
1790945069,2938460,418,,single
1790945071,2912430,3,,single
1790945072,4157430,35,,single
1790945074,2482190,11,,single
1790945075,974480,95,,single
1790945076,2350270,7,,single
1790945078,4103710,84,,single
1790945079,3633250,2,,single
1790945081,3241760,19,,single
1790945082,3468650,208,,single
1790945083,2081880,2920,,single
1790945085,1135700,1,,single
1790945086,3072120,4,,single
1790945088,4243690,16,,single
1790945089,3141310,0,,single
1790945090,1165870,0,,single
1790945092,2756380,12,,single
1790945093,2875610,17,,single
1790945095,2090810,12,,single
1790945096,4012810,93,,single
1790945097,3930300,2,,single
1790945099,2275440,34,,single
1790945100,3599070,3,,single
1790945102,4496710,473,,single
1790945103,3165650,36,,single
1790945105,3376690,1,,single
1790945106,4240150,7,,single
1790945107,2977260,287,,single
1790945109,2570810,2,,single
1790945110,3145350,3,,single
1790945112,4753760,258,,single
1790945113,2183670,14,,single
1790945114,4312850,8,,single
1790945116,2737580,0,,single
1790945117,4042800,212,,single
1790945119,3343590,3,,single
1790945120,951770,8,,single
1790945121,3219180,32,,single
1790945123,3498390,13,,single
1790945124,2578880,5,,single
1790945126,3355100,7,,single
1790945127,1191830,13,,single
1790945128,3850870,12,,single
1790945130,4053520,9,,single
1790945131,3667390,36,,single
1790945133,4135750,33,,single
1790945134,3219410,2,,single
1790945135,4610100,39,,single
1790945137,3330210,68,,single
1790945138,3408170,31,,single
1790945139,3390880,5,,single
1790945141,3471800,200,,single
1790945142,2516940,7,,single
1790945143,2059210,7,,single
1790945145,4486870,40,,single
1790945146,2860450,12,,single
1790945147,3253630,7,,single
1790945149,3673150,88,,single
1790945150,2212790,7,,single
1790945152,2340870,13,,single
1790945153,2917030,69,,single
1790945154,3816700,2,,single
1790945156,3966480,30,,single
1790945157,2466900,4,,single
1790945159,1501310,27,,single
1790945160,1076750,4,,single
1790945161,1883800,11,,single
1790945163,2939790,29,,single
1790945164,2659050,6,,single
1790945165,3224840,19,,single
1790945167,3265070,11,,single
1790945168,3181650,15,,single
1790945170,1721960,0,,single
1790945171,3036350,20,,single
1790945172,2631580,0,,single
1790945174,2723520,5,,single
1790945175,3516590,23,,single
1790945177,4258770,1,,single
1790945178,2404000,0,,single
1790945180,4148530,84,,single
1790945181,4028640,6,,single
1790945183,3584920,47,,single
1790945184,2302530,431,,single
1790945185,2824380,29,,single
1790945187,4067070,6,,single
1790945188,3107930,0,,single
1790945190,4150860,246,,single
1790945191,3016840,29,,single
1790945193,2851820,0,,single
1790945194,2516920,23,,single
1790945196,3236710,15,,single
1790945197,3948550,15,,single
1790945198,4224240,106,,single
1790945200,1400660,11,,single
1790945201,2502650,14,,single
1790945203,2610650,1,,single
1790945204,3551190,4,,single
1790945205,2469970,20,,single
1790945207,2560050,3,,single
1790945209,3363560,10,,single
1790945210,4599710,77,,single
1790945212,3365170,23,,single
1790945213,3907940,6,,single
1790945215,2445840,36,,single
1790945216,2994430,55,,single
1790945218,2447060,11,,single
1790945219,4193390,202,,single
1790945221,2635750,0,,single
1790945222,4928820,101,,single
1790945224,1471650,5,,single
1790945225,3453910,53,,single
1790945227,4579940,48,,single
1790945228,3372530,2,,single
1790945230,2769780,8,,single
1790945231,4474950,42,,single
1790945232,4738000,15,,single
1790945234,1961600,1,,single
1790945236,3086720,0,,single
1790945237,4021870,11,,single
1790945238,3032830,9,,single
1790945240,1219240,1,,single
1790945241,2983660,2,,single
1790945243,3087930,139,,single
1790945244,3432270,8,,single
1790945246,4006400,22,,single
1790945248,2832280,24,,single
1790945249,3524750,22,,single
1790945250,2795090,11,,single
1790945252,3066060,23,,single
1790945253,2925320,2,,single
1790945255,1848270,4,,single
1790945256,3211850,10,,single
1790945257,4842670,3410,,single
1790945259,1660960,3,,single
1790945260,4252290,22,,single
1790945262,3066470,80,,single
1790945263,2404390,5,,single
1790945265,2934180,14,,single
1790945266,4141770,152,,single
1790945268,3586060,36,,single
1790945269,3491570,2,,single
1790945271,3471590,2,,single
1790945272,2696400,0,,single
1790945274,3570340,0,,single
1790945275,2287550,107,,single
1790945277,2822030,4,,single
1790945278,3815750,2,,single
1790945280,4538960,47,,single
1790945281,2786450,0,,single
1790945282,4191830,2,,single
1790945284,3874950,459,,single
1790945285,2827750,68,,single
1790945287,1330560,2,,single
1790945288,1238920,8,,single
1790945290,2342920,4,,single
1790945291,3851570,0,,single
1790945293,2653470,4,,single
1790945294,2510810,11,,single
1790945296,3119520,11,,single
1790945297,1981560,75,,single
1790945298,2100150,2,,single
1790945300,3324650,13,,single
1790945301,2229830,17,,single
1790945303,3622640,23,,single
1790945304,4158400,1,,single
1790945306,2244030,4,,single
1790945307,2716120,27,,single
1790945309,3748640,2,,single
1790945310,3913480,14,,single
1790945312,3977290,5,,single
1790945313,3798230,151,,single
1790945314,4240090,7,,single
1790945316,3408850,5,,single
1790945317,4689440,62,,single
1790945319,4435720,3,,single
1790945320,2760790,8,,single
1790945322,2689930,0,,single
1790945323,3064420,4,,single
1790945325,2447980,14,,single
1790945326,4354460,47,,single
1790945328,4046590,0,,single
1790945329,3561740,4,,single
1790945331,2761100,0,,single
1790945332,2580130,7,,single
1790945334,4156580,13,,single
1790945335,1509970,8,,single
1790945336,3614460,66,,single
1790945338,4233530,1,,single
1790945339,3345950,8,,single
1790945341,2275560,1,,single
1790945342,3639010,7,,single
1790945344,2312280,0,,single
1790945345,2434600,66,,single
1790945347,2371890,2,,single
1790945348,3381120,69,,single
1790945349,2398490,5,,single
1790945351,3926160,11,,single
1790945352,3122920,12,,single
1790945354,3382300,2,,single
1790945355,4130120,9,,single
1790945357,1812910,4,,single
1790945358,3706160,5,,single
1790945360,2771910,10,,single
1790945361,4173620,256,,single
1790945362,3048420,0,,single
1790945364,4560490,10,,single
1790945365,3110130,0,,single
1790945367,2229840,92,,single
1790945369,3487340,0,,single
1790945370,1344990,2,,single
1790945372,4190170,13,,single
1790945373,3140120,11,,single
1790945375,3323850,3,,single
1790945376,2413050,1,,single
1790945377,3505770,6,,single
1790945379,2960320,2,,single
1790945380,4164900,116,,single
1790945382,3064030,4,,single
1790945383,3484640,18,,single
1790945385,4620930,3,,single
1790945386,4403260,45,,single
1790945387,2246670,22,,single
1790945389,2776860,6,,single
1790945390,3694590,3,,single
1790945392,4007700,1,,single
1790945393,2642840,0,,single
1790945394,3543350,12,,single
1790945396,2375530,4,,single
1790945398,3426920,2,,single
1790945399,1546080,3,,single
1790945401,3478020,7,,single
1790945402,3519530,5,,single
1790945404,3437170,8,,single
1790945405,3224960,1,,single
1790945406,3008340,0,,single
1790945408,3444080,10,,single
1790945409,3684820,18,,single
1790945411,3497380,5,,single
1790945412,4527930,71,,single
1790945414,4011110,45,,single
1790945415,2947250,6,,single
1790945416,3590560,14,,single
1790945418,3825780,258,,single
1790945419,3900380,0,,single
1790945421,1803140,2,,single
1790945422,2734270,1,,single
1790945424,4645360,4,,single
1790945425,3311670,40,,single
1790945426,2481640,9,,single
1790945428,1671570,7,,single
1790945429,3608510,0,,single
1790945431,4033080,95,,single
1790945432,3597200,163,,single
1790945434,3279440,20,,single
1790945435,3762790,26,,single
1790945437,3104270,2,,single
1790945438,3997970,0,,single
1790945439,2886620,16,,single
1790945441,3355800,6,,single
1790945442,2540230,13,,single
1790945444,2249600,29,,single
1790945446,3158500,1,,single
1790945447,4678800,939,,single
1790945448,3019850,9,,single
1790945450,3371260,54,,single
1790945451,2376170,73,,single
1790945452,3555980,2,,single
1790945454,3306200,8,,single
1790945455,3135930,8,,single
1790945457,4661910,164,,single
1790945458,4575860,2,,single
1790945459,3561400,13,,single
1790945461,3869680,0,,single
1790945462,2981450,3,,single
1790945464,2847740,1,,single
1790945465,2874130,0,,single
1790945467,3763820,1,,single
1790945468,3001560,0,,single
1790945469,3382240,1,,single
1790945471,3623530,308,,single
1790945472,2479090,19,,single
1790945474,2218930,9,,single
1790945475,3088070,9,,single
1790945477,3882350,27,,single
1790945478,2963540,31,,single
1790945480,2870530,4,,single
1790945481,2172910,63,,single
1790945482,3917010,1,,single
1790945484,3963070,0,,single
1790945485,3164960,13,,single
1790945487,4321720,49,,single
1790945488,4676750,74,,single
1790945490,3347520,71,,single
1790945491,4321500,11,,single
1790945493,4467540,0,,single
1790945494,2215910,3,,single
1790945495,3030580,3,,single
1790945497,2769080,3,,single
1790945498,3298170,1,,single
1790945500,2522430,15,,single
1790945501,4179020,9,,single
1790945503,3399980,1,,single
1790945504,3821790,17,,single
1790945505,3896460,15,,single
1790945507,2789410,26,,single
1790945508,4026480,118,,single
1790945510,2517810,0,,single
1790945511,3016920,3,,single
1790945512,1307960,3,,single
1790945514,3126340,3,,single
1790945515,3217600,46,,single
1790945517,4216180,19,,single
1790945518,2895680,0,,single
1790945520,3954990,2,,single
1790945521,3474700,19,,single
1790945522,3756940,7,,single
1790945524,1719310,3,,single
1790945525,3686940,2,,single
1790945527,4251580,0,,single
1790945528,3754990,175,,single
1790945530,2319730,6,,single
1790945531,2066520,2,,single
1790945532,2913040,2,,single
1790945534,4870430,55,,single
1790945535,3938640,59,,single
1790945537,4201710,1174,,single
1790945538,3172310,6,,single
1790945540,4018740,17,,single
1790945541,3504560,2,,single
1790945543,2942950,12,,single
1790945544,4042160,6,,single
1790945546,3399900,11,,single
1790945547,4007300,14,,single
1790945549,2491720,1,,single
1790945550,3613270,2,,single
1790945551,2492780,6,,single
1790945553,2619510,0,,single
1790945554,3505270,20,,single
1790945556,1386750,3,,single
1790945557,3385370,3,,single
1790945558,2832400,0,,single
1790945560,3760230,107,,single
1790945562,4246640,828,,single
1790945563,2354570,2,,single
1790945565,2806120,9,,single
1790945566,3470170,7,,single
1790945568,3756260,1,,single
1790945569,2054520,6,,single
1790945570,3249100,2,,single
1790945572,4083770,3,,single
1790945574,2736840,1,,single
1790945575,3845600,6,,single
1790945577,3571750,3,,single
1790945578,3021540,34,,single
1790945580,3602030,2,,single
1790945581,4321510,58,,single
1790945583,3110490,22,,single
1790945584,3647400,3,,single
1790945585,2757820,6,,single
1790945587,3709790,9,,single
1790945588,4173750,3,,single
1790945590,2790700,59,,single
1790945591,3438040,4,,single
1790945592,3885930,83,,single
1790945594,2351660,3,,single
1790945595,860020,0,,single
1790945597,5028390,56,,single
1790945598,2685500,1,,single
1790945600,3201070,20,,single
1790945601,3962460,3,,single
1790945602,1528260,0,,single
1790945604,2890150,11,,single
1790945605,3651310,4,,single
1790945607,2580000,3,,single
1790945608,3159120,3,,single
1790945609,3160400,3,,single
1790945611,2430390,45,,single
1790945612,3940340,0,,single
1790945614,2211090,6,,single
1790945615,2835030,0,,single
1790945616,3765010,19,,single
1790945618,1699710,12,,single
1790945619,3642660,0,,single
1790945621,2531370,20,,single
1790945622,4929970,12,,single
1790945624,2778850,0,,single
1790945625,1493440,3,,single
1790945627,2943670,7,,single
1790945628,3902800,10,,single
1790945629,1733110,4,,single
1790945631,3464970,11,,single
1790945632,3089450,0,,single
1790945634,3761880,10,,single
1790945635,2704930,1,,single
1790945637,1997480,0,,single
1790945638,4268470,29,,single
1790945640,1383150,5,,single
1790945641,2965230,2,,single
1790945643,3995190,24,,single
1790945644,2191280,4,,single
1790945645,3344320,6,,single
1790945647,3988570,2,,single
1790945648,2262820,1,,single
1790945650,3902830,0,,single
1790945651,3446190,31,,single
1790945652,3034600,0,,single
1790945654,3597020,3,,single
1790945655,2694020,25,,single
1790945657,3209750,14,,single
1790945658,2564070,3,,single
1790945660,2871140,1,,single
1790945661,3809910,4,,single
1790945662,3113990,7,,single
1790945664,2819470,10,,single
1790945665,3640200,126,,single
1790945667,3909960,0,,single
1790945668,1442520,6,,single
1790945669,3641940,1,,single
1790945671,4538140,22,,single
1790945672,2727660,2,,single
1790945674,3411830,13,,single
1790945675,2937910,2,,single
1790945677,3184990,0,,single
1790945678,3451380,3,,single
1790945680,1965270,7,,single
1790945681,3461680,1,,single
1790945683,2782530,88,,single
1790945684,2212910,13,,single
1790945686,3491690,48,,single
1790945687,4883590,165,,single
1790945689,2286600,0,,single
1790945690,3093020,31,,single
1790945692,3552820,3,,single
1790945693,2632240,7,,single
1790945695,2383130,23,,single
1790945696,2757250,1,,single
1790945698,3054410,1,,single
1790945699,3447510,7,,single
1790945701,2370310,2,,single
1790945702,3057390,5,,single
1790945704,3785720,0,,single
1790945705,3705300,0,,single
1790945706,2806410,178,,single
1790945708,4095020,0,,single
1790945709,4542660,0,,single
1790945711,3984570,3,,single
1790945712,1921490,2,,single
1790945714,2445980,1,,single
1790945715,3565020,11,,single
1790945716,3912310,0,,single
1790945718,2760560,9,,single
1790945719,2203210,1,,single
1790945721,3362960,71,,single
1790945722,2481980,7,,single
1790945724,2820800,0,,single
1790945725,3349800,0,,single
1790945726,1369690,3,,single
1790945728,2770330,17,,single
1790945729,4032770,6,,single
1790945731,2328450,1,,single
1790945732,2943420,8,,single
1790945734,3922100,26,,single
1790945735,3017730,13,,single
1790945736,3922920,1,,single
1790945738,2265990,0,,single
1790945739,3211430,34,,single
1790945741,3959050,122,,single
1790945742,3560370,2,,single
1790945744,4021780,79,,single
1790945745,4774170,13,,single
1790945747,2651420,2,,single
1790945748,3184250,0,,single
1790945750,2980900,0,,single
1790945751,3772080,2,,single
1790945753,2654990,2,,single
1790945754,3803930,1,,single
1790945756,4412320,278,,single
1790945757,4787190,4,,single
1790945759,3683850,1,,single
1790945760,1939890,5,,single
1790945762,2782400,0,,single
1790945764,4189910,3,,single
1790945765,3699970,1,,single
1790945767,2184770,0,,single
1790945768,3668080,0,,single
1790945770,4435340,99,,single
1790945771,2757630,4,,single
1790945772,3951430,2,,single
1790945774,1243200,0,,single
1790945776,3273480,0,,single
1790945777,1866300,1,,single
1790945779,3196500,3,,single
1790945780,4020850,6,,single
1790945782,3583540,2,,single
1790945783,4279630,23,,single
1790945784,2633080,0,,single
1790945786,3187550,0,,single
1790945788,3233390,0,,single
1790945789,3640430,12,,single
1790945791,3894850,23,,single
1790945792,3294660,60,,single
1790945794,2591380,5,,single
1790945795,3207400,1,,single
1790945797,2377250,1,,single
1790945798,3826060,1,,single
1790945800,3639780,5,,single
1790945801,5064340,555,,single
1790945803,4260270,302,,single
1790945804,1374860,61,,single
1790945806,3936270,778,,single
1790945807,2999500,51,,single
1790945808,3880400,30,,single
1790945810,3836120,215,,single
1790945811,4289410,142,,single
1790945813,3445190,83,,single
1790945814,4981570,534,,single
1790945816,4270850,589,,single
1790945817,2140700,0,,single
1790945818,4366980,31,,single
1790945820,4169160,32,,single
1790945822,2403830,41,,single
1790945823,632950,16,,single
1790945824,4240610,0,,single
1790945826,3891400,22,,single
1790945827,3201730,20,,single
1790945829,4328570,349,,single
1790945830,4986890,183,,single
1790945832,3983860,92,,single
1790945834,4897880,27,,single
1790945835,5164660,392,,single
1790945837,3275400,0,,single
1790945838,3829310,91,,single
1790945840,4437370,12,,single
1790945841,3520820,13,,single
1790945844,4628250,86,,single
1790945846,4668870,13,,single
1790945847,3570470,1,,single
1790945849,2680440,3,,single
1790945850,3010380,1,,single
1790945852,4384820,1,,single
1790945853,438310,0,,single
1790945854,3391510,6,,single
1790945856,4014100,16,,single
1790945857,3116730,13,,single
1790945859,1810050,3,,single
1790945860,2443170,0,,single
1790945862,5001630,66,,single
1790945863,4436560,11,,single
1790945864,3336620,1,,single
1790945866,5018390,29,,single
1790945867,4319660,1,,single
1790945869,5166890,57,,single
1790945870,2929040,6,,single
1790945872,2594920,0,,single
1790945873,3002850,4,,single
1790945875,2891940,1,,single
1790945876,2331020,42,,single
1790945878,2635050,0,,single
1790945879,2522160,1,,single
1790945881,2384130,0,,single
1790945882,3124850,3,,single
1790945884,1222540,3,,single
1790945885,1092050,0,,single
1790945887,2880010,5,,single
1790945888,3204120,12,,single
1790945889,4918760,0,,single
1790945891,4914830,7,,single
1790945892,4867330,12,,single
1790945894,4820140,0,,single
1790945895,4818580,16,,single
1790945897,4760110,0,,single
1790945898,4782480,0,,single
1790945900,4764810,2,,single
1790945901,4872540,0,,single
1790945902,4885620,0,,single
1790945904,4790970,23,,single
1790945905,4751340,9,,single
1790945907,4869070,7,,single
1790945908,4727230,136,,single
1790945910,4914590,3,,single
1790945911,1485650,0,,single
1790945913,4882280,1,,single
1790945914,4736640,0,,single
1790945916,4771890,0,,single
1790945917,4754800,2,,single
1790945918,4768400,26,,single
1790945920,2994990,3,,single
1790945921,4791730,0,,single
1790945923,4815720,1,,single
1790945924,2392810,1,,single
1790945925,1823990,0,,single
1790945927,2866270,1,,single
1790945928,3161270,5,,single
1790945930,1569420,0,,single
1790945931,3067950,0,,single
1790945933,2711070,0,,single
1790945935,1280060,0,,single
1790945936,3152530,0,,single
1790945938,2099680,1,,single
1790945939,2347390,0,,single
1790945941,2294640,0,,single
1790945942,1657320,1,,single
1790945944,2479340,0,,single
1790945945,2812380,0,,single
1790945947,1137320,9,,single
1790945948,2560340,0,,single
1790945950,3172770,0,,single
1790945951,2112750,2,,single
1790945953,1930390,0,,single
1790945954,2635640,0,,single
1790945955,2340510,0,,single
1790945957,3160500,0,,single
1790945958,2927780,0,,single
1790945960,1318240,1,,single
1790945961,2778500,0,,single
1790945963,2022230,0,,single
1790945964,3396740,0,,single
1790945966,2825130,0,,single
1790945967,1610430,0,,single
1790945969,1061270,0,,single
1790945970,923100,0,,single
1790945972,2754370,0,,single
1790945973,1550190,0,,single
1790945974,2830480,4,,single
1790945976,1685870,4,,single
1790945977,2934890,1,,single
1790945979,3468640,40,,single
1790945980,2572300,2,,single
1790945982,1951780,5,,single
1790945983,3436770,0,,single
1790945985,3675060,7,,single
1790945986,3555150,0,,single
1790945988,3593940,2,,single
1790945989,3659180,2,,single
1790945991,3334710,6,,single
1790945992,3075060,1,,single
1790945994,3379770,0,,single
1790945995,3615360,3,,single
1790945997,2901150,2,,single
1790945998,2487140,0,,single
1790945999,3705490,0,,single
1790946001,3703930,0,,single
1790946002,3051050,0,,single
1790946004,3408410,1,,single
1790946005,3423660,0,,single
1790946007,2387460,0,,single
1790946009,2946390,0,,single
1790946010,1729180,1,,single
1790946012,2954560,0,,single
1790946013,3712020,2,,single
1790946014,3631850,0,,single
1790946016,3597480,0,,single
1790946018,2472770,1,,single
1790946019,3418610,0,,single
1790946021,1503400,0,,single
1790946022,3218680,0,,single
1790946023,2158810,0,,single
1790946025,2597180,0,,single
1790946026,3352250,0,,single
1790946028,2516890,1,,single
1790946029,2285940,0,,single
1790946031,2805770,1,,single
1790946032,1063030,1,,single
1790946034,2537300,0,,single
1790946035,2333930,0,,single
1790946037,2115760,2,,single
1790946038,3054440,1,,single
1790946040,3137520,1,,single
1790946042,3547790,4,,single
1790946043,1914060,1,,single
1790946045,3203590,0,,single
1790946046,2452820,2,,single
1790946048,1795570,1,,single
1790946049,2604320,0,,single
1790946050,3193560,2,,single
1790946052,1674830,4,,single
1790946054,2483730,4,,single
1790946055,3227640,2,,single
1790946056,2996000,0,,single
1790946058,3442280,0,,single
1790946060,2340640,2,,single
1790946061,3544500,0,,single
1790946063,1562690,5,,single
1790946065,3443620,2,,single
1790946066,3589940,0,,single
1790946068,3493610,0,,single
1790946069,3281090,0,,single
1790946070,2438780,0,,single
1790946072,2324110,0,,single
1790946073,3211750,1,,single
1790946075,3379360,1,,single
1790946076,3596510,1,,single
1790946078,3232580,1,,single
1790946079,2597570,0,,single
1790946081,3110260,0,,single
1790946082,2361000,1,,single
1790946084,3132250,13,,single
1790946085,1521360,0,,single
1790946087,3496500,0,,single
1790946088,3499520,41,,single
1790946090,1586860,7,,single
1790946092,3456720,0,,single
1790946093,3561770,10,,single
1790946095,1179890,0,,single
1790946096,3041820,2,,single
1790946097,3108790,1,,single
1790946099,3328910,2,,single
1790946100,2384730,2,,single
1790946102,2804550,2,,single
1790946103,2404360,0,,single
1790946105,3012980,3,,single
1790946107,3439320,2,,single
1790946108,2870220,1,,single
1790946109,3491230,22,,single
1790946111,3137530,0,,single
1790946112,2730700,0,,single
1790946114,2475300,0,,single
1790946115,3430300,0,,single
1790946116,3318550,2,,single
1790946118,3177550,0,,single
1790946119,2643290,0,,single
1790946121,2857980,0,,single
1790946122,3565050,0,,single
1790946124,3227190,0,,single
1790946125,1886910,0,,single
1790946126,3356480,0,,single
1790946128,3413150,0,,single
1790946129,3194890,0,,single
1790946130,3344030,0,,single
1790946133,3044520,0,,single
1790946134,3554110,0,,single
1790946136,3376520,0,,single
1790946137,2462810,1,,single
1790946138,618330,0,,single
1790946140,3002040,0,,single
1790946141,3509770,0,,single
1790946145,2536260,13,,single
1790946147,3051380,1,,single
1790946148,1467780,0,,single
1790946150,2093800,0,,single
1790946151,2517440,1,,single
1790946152,3448240,0,,single
1790946154,2698460,0,,single
1790946155,3505820,0,,single
1790946157,3505880,0,,single
1790946158,3505850,0,,single
1790946159,2692030,0,,single
1790946161,3156240,2,,single
1790946162,2307170,0,,single
1790946164,1610370,0,,single
1790946165,2824580,0,,single
1790946167,3460910,0,,single
1790946168,2665040,0,,single
1790946169,3515440,0,,single
1790946171,2940220,1,,single
1790946172,1142740,4,,single
1790946174,3320930,0,,single
1790946175,2997260,0,,single
1790946177,1354260,1,,single
1790946178,3179860,0,,single
1790946180,2936080,0,,single
1790946181,1810670,0,,single
1790946182,2549380,0,,single
1790946184,2664880,0,,single
1790946185,3137110,1,,single
1790946187,2802710,4,,single
1790946188,2348400,0,,single
1790946189,2836450,0,,single
1790946191,3236010,0,,single
1790946192,3304570,0,,single
1790946194,2417000,0,,single
1790946195,1831800,0,,single
1790946197,2768130,0,,single
1790946198,3034340,10,,single
1790946199,3201030,0,,single
1790946201,2884080,1,,single
1790946202,3126980,0,,single
1790946204,2389560,0,,single
1790946205,3016520,0,,single
1790946206,3326290,0,,single
1790946208,2505210,0,,single
1790946209,3148790,0,,single
1790946211,3231960,0,,single
1790946212,3198320,0,,single
1790946214,2316930,0,,single
1790946215,2751820,1,,single
1790946217,3425880,2,,single
1790946218,3181290,0,,single
1790946219,2690110,0,,single
1790946221,2976800,0,,single
1790946222,2833640,1,,single
1790946223,1266470,12,,single
1790946225,3254940,0,,single
1790946226,1959140,0,,single
1790946228,2768640,2,,single
1790946229,1170720,0,,single
1790946230,2886090,2,,single
1790946232,3073350,1,,single
1790946233,2865610,4,,single
1790946235,3327670,0,,single
1790946236,3220830,5,,single
1790946237,2366130,2,,single
1790946239,3387120,0,,single
1790946240,2507400,6,,single
1790946242,3345820,0,,single
1790946243,2669500,1,,single
1790946244,2341760,1,,single
1790946246,3256030,0,,single
1790946247,2449530,2,,single
1790946249,3049980,0,,single
1790946250,3235270,3,,single
1790946251,2396190,0,,single
1790946253,3380360,0,,single
1790946254,3102000,0,,single
1790946256,2828420,1,,single
1790946257,2937330,0,,single
1790946259,2413590,0,,single
1790946260,2506810,0,,single
1790946262,3318730,1,,single
1790946263,3369850,0,,single
1790946265,3046050,0,,single
1790946266,3184210,0,,single
1790946268,2745040,2,,single
1790946269,3013190,0,,single
1790946271,3098890,35,,single
1790946272,3274790,0,,single
1790946273,1509060,0,,single
1790946275,2935400,2,,single
1790946276,2533020,0,,single
1790946278,2709120,0,,single
1790946279,2812610,1,,single
1790946280,3081240,0,,single
1790946282,3273420,3,,single
1790946283,2780470,0,,single
1790946285,2705210,0,,single
1790946286,2191770,0,,single
1790946288,3305540,0,,single
1790946289,1877650,1,,single
1790946291,3089700,1,,single
1790946292,3002500,1,,single
1790946294,3313560,0,,single
1790946295,3285370,0,,single
1790946297,3137930,0,,single
1790946298,2351890,0,,single
1790946300,2079980,1,,single
1790946301,2759760,0,,single
1790946302,2473260,0,,single
1790946304,2171880,0,,single
1790946306,3106490,0,,single
1790946307,1991820,0,,single
1790946309,3341450,0,,single
1790946310,1182420,1,,single
1790946311,2284600,0,,single
1790946313,2944750,0,,single
1790946315,2594290,0,,single
1790946316,2600720,0,,single
1790946318,2328710,0,,single
1790946319,2595940,0,,single
1790946321,3098750,0,,single
1790946322,1748600,0,,single
1790946324,2541890,4,,single
1790946325,1707710,2,,single
1790946327,2645490,2,,single
1790946328,1640890,1,,single
1790946330,2705230,0,,single
1790946331,3135990,1,,single
1790946332,2936410,11,,single
1790946334,2777220,0,,single
1790946335,3234760,4,,single
1790946337,2015960,1,,single
1790946338,3188340,1,,single
1790946340,763180,0,,single
1790946341,3161920,0,,single
1790946343,968800,1,,single
1790946345,3169070,0,,single
1790946346,1927150,0,,single
1790946348,1777440,5,,single
1790946349,3089040,0,,single
1790946350,2185990,0,,single
1790946352,3073470,0,,single
1790946353,1764270,0,,single
1790946355,1032740,0,,single
1790946356,2770340,0,,single
1790946358,2810170,0,,single
1790946359,3194300,0,,single
1790946361,2986600,0,,single
1790946362,1899300,0,,single
1790946364,2676410,0,,single
1790946365,3115500,0,,single
1790946367,2442820,0,,single
1790946368,2844910,3,,single
1790946369,2887260,0,,single
1790946371,3201810,1,,single
1790946372,2795750,2,,single
1790946374,2836820,0,,single
1790946375,1965190,0,,single
1790946377,2693530,0,,single
1790946378,1772530,1,,single
1790946380,1573730,0,,single
1790946381,2837580,1,,single
1790946383,2116680,0,,single
1790946384,2834320,2,,single
1790946386,3130340,0,,single
1790946387,1979570,2,,single
1790946389,3104030,1,,single
1790946390,1999140,1,,single
1790946391,3205290,0,,single
1790946393,1183850,0,,single
1790946394,3225930,0,,single
1790946396,3001340,0,,single
1790946397,2754530,0,,single
1790946399,2895430,0,,single
1790946400,2415480,0,,single
1790946401,3012630,0,,single
1790946403,2549780,1,,single
1790946404,3013740,2,,single
1790946405,3113870,1,,single
1790946407,2073220,0,,single
1790946408,2675270,0,,single
1790946410,2924040,0,,single
1790946411,3176810,0,,single
1790946413,3170830,0,,single
1790946414,3130670,0,,single
1790946415,2767990,0,,single
1790946417,2899670,0,,single
1790946418,1094680,0,,single
1790946420,3034450,0,,single
1790946421,3062970,0,,single
1790946422,2812820,1,,single
1790946424,2797180,0,,single
1790946425,3138570,0,,single
1790946426,2797440,1,,single
1790946428,3053390,0,,single
1790946429,3110500,4,,single
1790946430,2562900,0,,single
1790946432,3129760,0,,single
1790946433,3059400,1,,single
1790946435,2745110,0,,single
1790946436,2815610,0,,single
1790946437,2199330,0,,single
1790946439,2195140,0,,single
1790946440,2887460,0,,single
1790946444,1931380,0,,single
1790946446,1797480,0,,single
1790946447,1972460,0,,single
1790946449,2614800,0,,single
1790946450,2411560,0,,single
1790946451,2825070,0,,single
1790946453,1250300,0,,single
1790946454,3052520,7,,single
1790946455,2899250,0,,single
1790946457,2845120,3,,single
1790946458,857180,0,,single
1790946459,3134050,0,,single
1790946461,3058940,0,,single
1790946462,2985910,0,,single
1790946464,3027820,6,,single
1790946465,1515320,1,,single
1790946466,2447260,0,,single
1790946468,3022320,4,,single
1790946469,2873620,0,,single
1790946470,3048660,0,,single
1790946472,2749100,0,,single
1790946473,3063050,0,,single
1790946474,3007660,0,,single
1790946476,2513580,0,,single
1790946477,2320040,0,,single
1790946478,2576460,0,,single
1790946480,2075630,0,,single
1790946481,2420640,0,,single
1790946482,1969860,1,,single
1790946484,2740080,8,,single
1790946485,3034560,1,,single
1790946487,3040820,0,,single
1790946488,2364330,1,,single
1790946489,2891280,2,,single
1790946491,3047610,0,,single
1790946492,2541050,0,,single
1790946494,2398590,1,,single
1790946495,1097050,0,,single
1790946496,2322830,0,,single
1790946498,2307870,0,,single
1790946499,2555570,0,,single
1790946501,2932900,0,,single
1790946502,2993970,1,,single
1790946503,1009360,1,,single
1790946505,3085620,0,,single
1790946506,2987830,0,,single
1790946508,2738870,2,,single
1790946509,2989860,1,,single
1790946511,1955110,0,,single
1790946512,879050,4,,single
1790946513,2376970,2,,single
1790946515,2943640,1,,single
1790946516,1374230,0,,single
1790946517,1812210,2,,single
1790946519,2312160,0,,single
1790946520,2923560,1,,single
1790946521,2879090,0,,single
1790946523,1896570,0,,single
1790946524,2104990,0,,single
1790946525,2562620,0,,single
1790946527,2605600,0,,single
1790946528,1722700,0,,single
1790946530,2204900,0,,single
1790946531,2544900,0,,single
1790946532,2710380,0,,single
1790946534,2469260,0,,single
1790946535,2374320,0,,single
1790946536,2503250,0,,single
1790946538,1257210,0,,single
1790946574,2850150,0,,single
1790946576,2950330,0,,single
1790946577,3001830,2,,single
1790946578,2973820,0,,single
1790946580,2621420,0,,single
1790946581,2911820,0,,single
1790946582,2178670,0,,single
1790946584,2453400,0,,single
1790946585,2377410,0,,single
1790946586,2697470,0,,single
1790946588,2004770,2,,single
1790946589,2880750,2,,single
1790946590,2054770,0,,single
1790946592,2736490,4,,single
1790946593,2686080,0,,single
1790946594,2965280,2,,single
1790946596,2916220,14,,single
1790946598,2620940,0,,single
1790946599,2743970,1,,single
1790946600,1776840,0,,single
1790946602,2299400,0,,single
1790946603,1331340,0,,single
1790946604,2398430,0,,single
1790946606,2804960,0,,single
1790946607,2832220,0,,single
1790946608,2905290,0,,single
1790946610,2063180,0,,single
1790946611,2619900,0,,single
1790946612,2608210,0,,single
1790946614,2967860,0,,single
1790946615,2916170,6,,single
1790946616,2200410,0,,single
1790946618,2882080,7,,single
1790946619,2144220,2,,single
1790946621,2432000,0,,single
1790946622,1839930,1,,single
1790946623,2616720,0,,single
1790946625,2225610,2,,single
1790946626,2089830,0,,single
1790946627,2889460,0,,single
1790946629,1858450,1,,single
1790946630,1268420,2,,single
1790946631,2527580,0,,single
1790946633,2573470,0,,single
1790946634,1358440,0,,single
1790946635,2838930,2,,single
1790946637,2360340,0,,single
1790946638,2254600,1,,single
1790946639,1746400,0,,single
1790946641,2950000,0,,single
1790946642,2171570,0,,single
1790946643,2195780,5,,single
1790946645,2461460,1,,single
1790946646,2820940,2,,single
1790946647,2522660,0,,single
1790946649,2023010,0,,single
1790946650,1552220,0,,single
1790946651,2453920,1,,single
1790946653,2480560,4,,single
1790946654,2606920,1,,single
1790946655,2451010,52,,single
1790946657,1802190,0,,single
1790946658,2569330,0,,single
1790946659,1749010,0,,single
1790946661,2107520,0,,single
1790946662,2846790,0,,single
1790946663,2563550,1,,single
1790946665,2757610,0,,single
1790946666,2288880,0,,single
1790946668,1166140,1,,single
1790946669,2875090,0,,single
1790946670,2843410,0,,single
1790946672,2737260,3,,single
1790946673,2236680,0,,single
1790946674,1797060,0,,single
1790946676,2657480,1,,single
1790946677,2769820,0,,single
1790946678,2641530,0,,single
1790946679,2635820,0,,single
1790946681,1324560,0,,single
1790946682,2454420,3,,single
1790946684,2729000,1,,single
1790946685,2827780,2,,single
1790946686,2299660,0,,single
1790946688,2457580,2,,single
1790946689,1477170,3,,single
1790946690,2758280,2,,single
1790946692,2811080,0,,single
1790946693,2778250,1,,single
1790946694,2834780,0,,single
1790946696,2695080,0,,single
1790946697,1591220,0,,single
1790946698,1701330,1,,single
1790946700,2591070,2,,single
1790946701,2618180,0,,single
1790946702,2649220,0,,single
1790946704,2136110,0,,single
1790946705,2808270,0,,single
1790946707,2666080,0,,single
1790946708,2212410,3,,single
1790946709,2664930,0,,single
1790946711,1944660,0,,single
1790946712,2719250,1,,single
1790946713,2766060,1,,single
1790946715,2780880,1,,single
1790946716,2725650,6,,single
1790946717,2775180,0,,single
1790946719,2696520,1,,single
1790946720,2649190,0,,single
1790946721,2210000,7,,single
1790946723,2607320,5,,single
1790946724,2551920,28,,single
1790946725,2757520,1,,single
1790946727,2507630,1,,single
1790946728,1629350,1,,single
1790946729,2742040,0,,single
1790946731,2707300,0,,single
1790946732,2729360,2,,single
1790946733,2430660,0,,single
1790946735,1288790,1,,single
1790946736,2725320,0,,single
1790946738,2153880,2,,single
1790946739,1925620,3,,single
1790946740,2459430,0,,single
1790946743,2730650,0,,single
1790946744,2338240,0,,single
1790946745,1737400,0,,single
1790946747,2614380,0,,single
1790946748,2402170,0,,single
1790946749,2050260,1,,single
1790946751,2749650,0,,single
1790946752,2357570,56422,,single
1790946753,714010,5712,,single
1790946755,1449850,16909,,single
1790946756,1961460,110,,single
1790946757,1920960,7900,,single
1790946759,835570,4699,,single
1790946760,1276390,348,,single
1790946761,1782380,49,,single
1790946763,3595230,3530,,single
1790946764,872200,126,,single
1790946765,1869590,124,,single
1790946767,1727650,50,,single
1790946768,1974050,513,,single
1790946769,3595270,7038,,single
1790946771,1815780,1329,,single
1790946772,1712830,83,,single
1790946773,943700,14,,single
1790946775,2171440,176,,single
1790946776,2121360,5,,single
1790946777,1671340,43,,single
1790946779,1830840,16,,single
1790946780,1352080,97,,single
1790946781,1749630,11,,single
1790946783,1865370,1,,single
1790946784,1927780,275,,single
1790946785,1537830,134,,single
1790946787,930210,54,,single
1790946788,1997680,3,,single
1790946789,1926680,36,,single
1790946791,1708870,3,,single
1790946792,2084050,42,,single
1790946793,2273420,126,,single
1790946795,2098350,31,,single
1790946796,1732180,47,,single
1790946797,1698960,5,,single
1790946799,1806040,14,,single
1790946800,1580970,0,,single
1790946801,2066550,66,,single
1790946803,2343650,34,,single
1790946804,1641270,0,,single
1790946805,1202690,5,,single
1790946807,981600,79,,single
1790946808,1528080,6,,single
1790946809,1630080,7,,single
1790946811,2687190,0,,single
1790946812,302380,1,,single
1790946813,2250090,0,,single
1790946815,2353760,11,,single
1790946816,1754720,35,,single
1790946817,1819570,3,,single
1790946819,2291680,51,,single
1790946820,1849000,10,,single
1790946821,1999740,4,,single
1790946823,1207780,2,,single
1790946824,1083880,25,,single
1790946825,1948430,14,,single
1790946827,1603980,2,,single
1790946828,879420,4,,single
1790946829,1463920,27,,single
1790946831,1834870,2,,single
1790946832,1426440,29,,single
1790946833,2346550,499,,single
1790946835,2056560,3,,single
1790946836,1506280,0,,single
1790946837,1048370,177,,single
1790946839,1021770,11,,single
1790946840,1768640,11,,single
1790946841,1520500,5,,single
1790946843,2067850,146,,single
1790946844,2486750,3,,single
1790946845,1814630,17,,single
1790946847,1198730,1,,single
1790946848,1990690,48,,single
1790946849,1206700,0,,single
1790946851,2158500,8,,single
1790946852,1661260,3,,single
1790946853,251670,185,,single
1790946855,1964360,5,,single
1790946856,2004320,12,,single
1790946857,1684170,8,,single
1790946859,1924480,43,,single
1790946860,2272420,9,,single
1790946861,2022270,10,,single
1790946863,1342260,23,,single
1790946864,865570,21,,single
1790946865,2423320,8,,single
1790946867,1287040,1,,single
1790946868,1358250,7,,single
1790946869,1743260,7,,single
1790946871,1008020,14,,single
1790946872,1409770,2,,single
1790946873,1254130,56,,single
1790946875,950860,8,,single
1790946876,1401680,0,,single
1790946877,1299370,11,,single
1790946879,2153310,4,,single
1790946880,2316660,3,,single
1790946881,1066130,2,,single
1790946883,1477810,2,,single
1790946884,1839660,2,,single
1790946885,2166050,1,,single
1790946887,1515230,2,,single
1790946888,1573360,366,,single
1790946889,1803190,7,,single
1790946891,2279510,0,,single
1790946892,1887930,36,,single
1790946893,1572920,6,,single
1790946895,955560,15,,single
1790946896,2527690,13,,single
1790946897,2658820,3,,single
1790946899,1959960,1,,single
1790946900,1740150,2,,single
1790946901,2503740,24,,single
1790946903,917720,6,,single
1790946904,1761220,24,,single
1790946905,1840660,0,,single
1790946907,1768550,0,,single
1790946908,1823380,14,,single
1790946909,1948450,3,,single
1790946911,2433470,106,,single
1790946912,2138450,8,,single
1790946913,2098790,66,,single
1790946915,1960920,6,,single
1790946916,1808400,1,,single
1790946917,1582890,3,,single
1790946919,1532770,3,,single
1790946920,596650,1,,single
1790946921,2458490,18,,single
1790946923,1096520,1,,single
1790946924,364930,1,,single
1790946925,2302640,0,,single
1790946927,1053710,18,,single
1790946928,1973080,10,,single
1790946929,1720050,0,,single
1790946931,1024800,7,,single
1790946932,319170,3,,single
1790946933,1684660,4,,single
1790946935,1245610,17,,single
1790946936,603390,15,,single
1790946938,1910780,5,,single
1790946939,2475420,10,,single
1790946940,1354910,1,,single
1790946942,1076280,0,,single
1790946943,284790,2,,single
1790946944,1572080,2,,single
1790946946,1399930,1,,single
1790946947,2668050,1,,single
1790946948,1327080,3,,single
1790946950,552440,3,,single
1790946951,1177420,3,,single
1790946953,2074890,14,,single
1790946954,228560,1,,single
1790946955,1379560,0,,single
1790946957,1590730,102,,single
1790946958,1174400,47,,single
1790946959,2010530,339,,single
1790946961,1405790,1,,single
1790946962,288080,10,,single
1790946963,1016180,8,,single
1790946965,1075980,0,,single
1790946966,1359120,5,,single
1790946967,1991860,35,,single
1790946969,675560,10,,single
1790946970,2635340,3,,single
1790946971,1167750,11,,single
1790946973,1626640,0,,single
1790946974,2317560,32,,single
1790946975,1641990,22,,single
1790946977,2019680,6,,single
1790946978,2558580,0,,single
1790946979,1996930,4,,single
1790946981,1777390,2,,single
1790946982,907090,9,,single
1790946983,1997470,10,,single
1790946985,1276610,4,,single
1790946986,1505620,0,,single
1790946987,1683430,0,,single
1790946989,1539160,0,,single
1790946990,1159520,2,,single
1790946991,13200,1,,single
1790946993,1597460,20,,single
1790946994,516510,1,,single
1790946995,1984350,2,,single
1790946997,1899700,9,,single
1790946998,2147110,1,,single
1790947000,356430,7,,single
1790947001,1137410,2,,single
1790947003,1427860,18,,single
1790947004,2270600,6,,single
1790947005,323460,0,,single
1790947007,2552850,29,,single
1790947008,1354760,34,,single
1790947010,1065180,2,,single
1790947011,991710,38,,single
1790947012,2674290,313,,single
1790947014,1418760,17,,single
1790947015,2453310,4,,single
1790947016,2304680,0,,single
1790947017,649600,5,,single
1790947019,1034910,1,,single
1790947020,391000,108,,single
1790947022,1263160,0,,single
1790947023,2498480,12,,single
1790947025,2143540,1,,single
1790947026,1706850,4,,single
1790947028,2093410,27,,single
1790947029,2293660,0,,single
1790947030,1595030,2,,single
1790947032,1850270,2,,single
1790947034,745850,3,,single
1790947035,2291020,3,,single
1790947037,1898210,99,,single
1790947038,657690,2,,single
1790947040,324520,8,,single
1790947041,2060480,15,,single
1790947043,2546970,1,,single
1790947045,1642890,21,,single
1790947047,1967870,3,,single
1790947048,942850,2,,single
1790947049,2485460,119,,single
1790947051,1797300,1,,single
1790947052,1101260,0,,single
1790947054,937380,68,,single
1790947055,2108290,0,,single
1790947056,2061230,1,,single
1790947058,1658620,15,,single
1790947059,1766720,13,,single
1790947061,620620,8,,single
1790947062,2348680,4,,single
1790947063,1997780,26,,single
1790947065,589510,0,,single
1790947066,1034700,0,,single
1790947067,1460200,30,,single
1790947069,45000,1,,single
1790947070,468000,0,,single
1790947072,1161190,0,,single
1790947073,2130380,0,,single
1790947074,1609160,1,,single
1790947076,1988750,1,,single
1790947077,1351170,0,,single
1790947078,1858500,3,,single
1790947080,2198940,1,,single
1790947081,1650590,0,,single
1790947082,885940,3,,single
1790947084,951750,0,,single
1790947085,1903060,0,,single
1790947087,1772910,3,,single
1790947088,2241570,7,,single
1790947089,2670920,0,,single
1790947091,1755580,13,,single
1790947092,2351970,5,,single
1790947093,1863290,3,,single
1790947095,297210,0,,single
1790947096,886040,0,,single
1790947097,562350,1,,single
1790947099,1349030,201,,single
1790947100,1315160,0,,single
1790947101,1830720,1,,single
1790947103,2424440,1,,single
1790947104,1569700,19,,single
1790947105,1656240,0,,single
1790947107,1812560,5,,single
1790947108,1394130,1,,single
1790947110,1477060,0,,single
1790947111,427470,1,,single
1790947112,268810,0,,single
1790947114,2175390,0,,single
1790947115,2076740,0,,single
1790947116,966630,1,,single
1790947118,315670,0,,single
1790947119,2336180,0,,single
1790947120,626010,1,,single
1790947122,2196490,0,,single
1790947123,982220,13,,single
1790947124,714800,0,,single
1790947126,25010,0,,single
1790947127,1968430,4,,single
1790947129,617660,0,,single
1790947130,1485100,0,,single
1790947131,2403000,2,,single
1790947133,854250,7,,single
1790947134,47540,1,,single
1790947135,640990,2,,single
1790947137,1518440,1,,single
1790947138,9030,1,,single
1790947139,319080,2,,single
1790947141,1669870,0,,single
1790947142,489240,2,,single
1790947143,1007840,0,,single
1790947145,2238180,16,,single
1790947146,2455180,1,,single
1790947148,904520,4,,single
1790947149,1886120,5,,single
1790947150,1172800,0,,single
1790947152,1298480,0,,single
1790947153,2126010,7,,single
1790947154,1610290,0,,single
1790947156,2073640,0,,single
1790947157,1474200,0,,single
1790947159,625140,1,,single
1790947160,1880710,2,,single
1790947161,762940,2,,single
1790947163,859150,9,,single
1790947164,331970,0,,single
1790947165,297470,1,,single
1790947167,1091950,1,,single
1790947168,301560,1,,single
1790947170,1910130,14,,single
1790947171,1781030,0,,single
1790947172,359940,1,,single
1790947174,2546690,7,,single
1790947175,1581180,0,,single
1790947176,2125090,2,,single
1790947178,2357760,1,,single
1790947179,1079230,1,,single
1790947180,1131550,0,,single
1790947182,2332130,0,,single
1790947183,2183600,2,,single
1790947184,1687250,0,,single
1790947186,2313140,2,,single
1790947187,1245780,0,,single
1790947188,2589200,1,,single
1790947190,266290,0,,single
1790947191,1490460,1,,single
1790947193,1083650,0,,single
1790947194,2655840,0,,single
1790947195,1736360,0,,single
1790947197,790410,0,,single
1790947198,1133770,1,,single
1790947199,1853410,0,,single
1790947201,1182760,3,,single
1790947202,844980,0,,single
1790947203,1290220,9,,single
1790947205,1074630,0,,single
1790947206,2124440,0,,single
1790947207,943410,6,,single
1790947209,1868170,34,,single
1790947210,2379030,3,,single
1790947212,694060,0,,single
1790947213,1001220,1,,single
1790947214,1565670,0,,single
1790947216,340990,0,,single
1790947217,1888070,0,,single
1790947218,2380310,0,,single
1790947220,1036750,0,,single
1790947221,2407310,1,,single
1790947222,1766160,1,,single
1790947224,1818690,7,,single
1790947225,2190200,7,,single
1790947226,2206460,0,,single
1790947228,2071520,0,,single
1790947229,3642010,0,,single
1790947231,4158870,16,,single
1790947232,1378080,0,,single
1790947233,1891640,0,,single
1790947235,2638100,0,,single
1790947236,3605140,0,,single
1790947238,1574570,2,,single
1790947239,2138510,0,,single
1790947241,2951880,3,,single
1790947242,3422160,0,,single
1790947243,3967470,14,,single
1790947245,590970,0,,single
1790947246,2564960,7,,single
1790947247,3603100,0,,single
1790947249,1492200,0,,single
1790947250,2097180,0,,single
1790947251,3366780,12,,single
1790947253,4501680,68,,single
1790947254,1289720,2,,single
1790947256,2116620,6,,single
1790947257,3742830,2,,single
1790947258,3987810,44,,single
1790947260,1909800,10,,single
1790947261,3554630,8,,single
1790947262,4031360,86,,single
1790947264,2681490,0,,single
1790947265,3418150,55,,single
1790947266,3807550,1,,single
1790947268,4950470,162,,single
1790947269,328500,2,,single
1790947270,3444650,29,,single
1790947272,3526830,12,,single
1790947273,4040210,0,,single
1790947275,869690,0,,single
1790947276,1674340,4,,single
1790947277,2416650,0,,single
1790947279,3065090,77,,single
1790947280,3512300,0,,single
1790947282,1570020,0,,single
1790947283,2283460,1,,single
1790947284,3594000,0,,single
1790947286,4573080,0,,single
1790947287,2474770,13,,single
1790947289,3875050,151,,single
1790947290,908060,1,,single
1790947291,2169220,23,,single
1790947293,2688650,1,,single
1790947294,3811880,2,,single
1790947296,3949730,0,,single
1790947297,267610,1,,single
1790947298,1357830,0,,single
1790947300,3072880,0,,single
1790947301,4654940,11,,single
1790947303,3814570,23,,single
1790947304,4235230,2,,single
1790947305,1085040,1,,single
1790947307,1676580,0,,single
1790947308,3059750,85,,single
1790947310,4253760,1,,single
1790947311,2393730,1,,single
1790947312,3860100,0,,single
1790947314,1449000,0,,single
1790947315,3150480,10,,single
1790947316,3601420,18,,single
1790947318,2018230,2,,single
1790947320,3133340,0,,single
1790947321,4341330,10,,single
1790947322,2158550,0,,single
1790947324,3627790,19,,single
1790947325,1239360,0,,single
1790947327,2411360,3,,single
1790947328,3214000,2,,single
1790947329,3759820,94,,single
1790947332,550590,0,,single
1790947334,1280260,3,,single
1790947335,1498120,0,,single
1790947336,1924680,1,,single
1790947338,3247200,27,,single
1790947339,3962070,0,,single
1790947340,460630,0,,single
1790947343,2853840,3,,single
1790947344,3951680,2,,single
1790947345,1755080,6,,single
1790947347,2050800,4,,single
1790947348,2536720,3,,single
1790947349,2842590,5,,single
1790947351,3458610,1,,single
1790947352,4489930,8,,single
1790947354,1347800,0,,single
1790947355,3370100,1,,single
1790947357,3718530,2,,single
1790947358,1567860,2,,single
1790947359,2317300,0,,single
1790947361,795040,0,,single
1790947362,2258290,0,,single
1790947364,3771230,9,,single
1790947365,4141900,1,,single
1790947366,982300,15,,single
1790947368,2345770,0,,single
1790947369,3040390,21,,single
1790947371,3130800,1,,single
1790947372,3571560,1,,single
1790947373,4636370,49,,single
1790947375,1461770,0,,single
1790947376,2534370,0,,single
1790947377,3721890,1,,single
1790947379,4339280,14,,single
1790947380,456780,0,,single
1790947382,1525050,2,,single
1790947383,2450120,0,,single
1790947384,3172300,4,,single
1790947386,540880,0,,single
1790947387,2651570,1,,single
1790947389,3066310,10,,single
1790947390,4181970,16,,single
1790947391,1985360,2,,single
1790947393,2631140,6,,single
1790947394,3320410,10,,single
1790947395,4112070,25,,single
1790947397,906050,0,,single
1790947398,2726370,2,,single
1790947399,3212180,0,,single
1790947401,3456930,10,,single
1790947402,3897540,6,,single
1790947403,4885890,34,,single
1790947405,1913870,1,,single
1790947406,2808830,2,,single
1790947408,3289580,4,,single
1790947409,3848180,2,,single
1790947410,4375110,17,,single
1790947412,1457430,1,,single
1790947413,2304730,0,,single
1790947414,3201360,5,,single
1790947416,3877790,2,,single
1790947417,1168170,0,,single
1790947419,3175720,1,,single
1790947420,3508910,11,,single
1790947421,202070,0,,single
1790947423,1852520,1,,single
1790947424,3005930,0,,single
1790947426,4924840,40,,single
1790947427,2112740,21,,single
1790947428,2857910,6,,single
1790947429,3655960,0,,single
1790947431,2631880,0,,single
1790947432,3330160,2,,single
1790947434,3681820,1,,single
1790947435,1190600,33,,single
1790947436,1853830,0,,single
1790947438,2245180,1,,single
1790947439,2463220,3,,single
1790947441,3196830,0,,single
1790947442,3653260,0,,single
1790947444,4398770,1,,single
1790947445,3503710,26,,single
1790947446,4914580,8,,single
1790947448,3083910,15,,single
1790947449,3144340,6,,single
1790947451,1946560,121,,single
1790947452,2586440,13,,single
1790947454,3998900,1,,single
1790947455,3848900,4,,single
1790947456,3994680,6,,single
1790947458,896250,1,,single
1790947459,3565980,0,,single
1790947460,4294860,21,,single
1790947462,3486430,28,,single
1790947463,4911340,4,,single
1790947465,4883580,11,,single
1790947466,3958820,13,,single
1790947467,3908940,40,,single
1790947469,4601160,5,,single
1790947470,4376090,4,,single
1790947471,3069340,3,,single
1790947473,3141630,14,,single
1790947474,2372240,13,,single
1790947475,3340780,9,,single
1790947477,4619420,24,,single
1790947478,4529440,5,,single
1790947479,3358340,0,,single
1790947481,3312250,0,,single
1790947482,4961460,16,,single
1790947484,4736830,15,,single
1790947485,4830660,8,,single
1790947487,3755930,0,,single
1790947488,2358630,1,,single
1790947489,4243330,6,,single
1790947491,3424990,2,,single
1790947493,4985540,91,,single
1790947494,4677280,1,,single
1790947495,4632540,34,,single
1790947497,4300950,8,,single
1790947498,4077060,2,,single
1790947500,3417140,11,,single
1790947501,4143220,3,,single
1790947502,4129770,5,,single
1790947504,2332150,6,,single
1790947505,4209830,17,,single
1790947506,3294440,2,,single
1790947508,3957050,15,,single
1790947509,3212820,1,,single
1790947510,3598690,14,,single
1790947512,4644290,4,,single
1790947513,2275300,3,,single
1790947515,2495730,5,,single
1790947516,4537400,14,,single
1790947517,4566700,1,,single
1790947519,4268200,5,,single
1790947520,4977680,49,,single
1790947521,4920100,4,,single
1790947523,4710360,5,,single
1790947524,3570110,2,,single
1790947526,4353650,5,,single
1790947527,4516880,0,,single
1790947529,4881490,4,,single
1790947530,992840,0,,single
1790947531,4266960,99,,single
1790947533,3165590,3,,single
1790947534,2248620,19,,single
1790947536,2876050,2,,single
1790947537,3724710,1,,single
1790947538,3158070,105,,single
1790947540,3345550,13,,single
1790947541,3883290,4,,single
1790947543,2238400,0,,single
1790947544,4315910,0,,single
1790947546,3820860,0,,single
1790947547,2327640,0,,single
1790947548,4599500,7,,single
1790947550,1817030,0,,single
1790947551,3979140,0,,single
1790947553,1678650,1,,single
1790947554,4141350,0,,single
1790947555,3968160,14,,single
1790947557,2530250,3,,single
1790947558,4252700,18,,single
1790947560,4156370,1,,single
1790947561,2251220,8,,single
1790947562,4624560,26,,single
1790947564,4605210,3,,single
1790947565,4178020,14,,single
1790947567,3633760,0,,single
1790947568,3825390,14,,single
1790947569,4278010,5,,single
1790947571,3152750,0,,single
1790947572,3928980,0,,single
1790947574,3364150,14,,single
1790947575,4329100,0,,single
1790947576,3985060,1,,single
1790947578,4666090,3,,single
1790947579,2433630,0,,single
1790947580,1696950,0,,single
1790947582,4622330,16,,single
1790947583,2695260,3,,single
1790947585,4336770,112,,single
1790947586,4141710,17,,single
1790947587,4668220,44,,single
1790947589,2467880,3,,single
1790947590,3957240,17,,single
1790947592,3825860,16,,single
1790947593,4492260,0,,single
1790947594,3957810,0,,single
1790947596,2994200,1,,single
1790947597,4175650,1,,single
1790947599,1208170,0,,single
1790947600,4358380,3,,single
1790947602,4371450,2,,single
1790947603,2099090,4,,single
1790947604,3703200,0,,single
1790947606,4665920,2,,single
1790947607,1722800,1,,single
1790947609,4632530,0,,single
1790947610,4009450,4,,single
1790947611,4608380,1,,single
1790947613,3708250,2,,single
1790947614,3810680,1,,single
1790947616,4583230,4,,single
1790947618,3136320,4,,single
1790947619,4385270,2,,single
1790947620,4042330,2,,single
1790947622,4617670,34,,single
1790947623,4293110,3,,single
1790947625,4422430,1,,single
1790947626,4389170,0,,single
1790947628,4714000,3,,single
1790947629,3946120,1,,single
1790947630,3406890,1,,single
1790947632,4537100,233,,single
1790947634,917820,1,,single
1790947635,4282450,2,,single
1790947637,4401370,0,,single
1790947638,3898970,15,,single
1790947640,4328400,9,,single
1790947642,3515530,32,,single
1790947645,1944040,1,,single
1790947647,4030830,109,,single
1790947649,4334840,58,,single
1790947651,4169770,6,,single
1790947653,2846530,0,,single
1790947655,3624790,6,,single
1790947656,4639520,0,,single
1790947659,2651350,24,,single
1790947660,4056810,9,,single
1790947664,2912550,0,,single
1790947667,4583050,0,,single
1790947668,4631110,9,,single
1790947669,4616840,7,,single
1790947671,1570450,1,,single
1790947672,3734890,30,,single
1790947674,3239960,2,,single
1790947675,4398360,9,,single
1790947676,3916860,4,,single
1790947678,4411600,12,,single
1790947679,3265290,1,,single
1790947681,4446010,3,,single
1790947682,4716540,0,,single
1790947684,3936610,0,,single
1790947685,4160880,2,,single
1790947687,3987420,0,,single
1790947688,4500270,5,,single
1790947690,4453680,0,,single
1790947692,4397060,0,,single
1790947694,2555390,1,,single
1790947696,3500880,2,,single
1790947697,4359800,0,,single
1790947699,4501210,2,,single
1790947701,4701370,0,,single
1790947702,4557490,3,,single
1790947704,4460310,2,,single
1790947705,4511140,2,,single
1790947707,2938870,0,,single
1790947709,3816420,3,,single
1790947710,3146440,0,,single
1790947712,4695000,3,,single
1790947713,2907890,0,,single
1790947715,4280570,0,,single
1790947716,4606620,5,,single
1790947718,4398690,28,,single
1790947720,3484850,26,,single
1790947722,3979350,1,,single
1790947723,2190920,1,,single
1790947725,2868100,2,,single
1790947726,3657180,3,,single
1790947728,3866920,4,,single
1790947729,4149320,1,,single
1790947730,3097510,6,,single
1790947732,4209240,2,,single
1790947733,3583670,0,,single
1790947734,4119360,0,,single
1790947736,3968100,0,,single
1790947737,3537690,0,,single
1790947739,4330860,48,,single
1790947740,4293310,5,,single
1790947741,4539480,1,,single
1790947743,4038160,2,,single
1790947744,4282710,7,,single
1790947746,4539950,2,,single
1790947747,4196510,0,,single
1790947748,4192770,2,,single
1790947750,4241840,2,,single
1790947751,4095490,1,,single
1790947752,3689030,0,,single
1790947754,3181890,1,,single
1790947755,4389400,6,,single
1790947756,3336240,0,,single
1790947758,3930150,0,,single
1790947759,4237210,4,,single
1790947761,4079340,2,,single
1790947763,3208910,0,,single
1790947764,3753880,3,,single
1790947765,4288460,1,,single
1790947767,2141280,4,,single
1790947768,3585520,1,,single
1790947770,4355340,14,,single
1790947771,4159130,1,,single
1790947772,4300150,1,,single
1790947774,4429950,5,,single
1790947775,3264960,0,,single
1790947777,3589820,2,,single
1790947778,4327760,14,,single
1790947780,4014040,3,,single
1790947781,2887450,0,,single
1790947783,4415880,0,,single
1790947784,3115530,0,,single
1790947785,4218680,0,,single
1790947787,4394890,2,,single
1790947788,3092360,6,,single
1790947790,2377450,2,,single
1790947791,4247760,2,,single
1790947792,3196180,5,,single
1790947794,4417890,1,,single
1790947795,4082900,9,,single
1790947797,1924070,2,,single
1790947798,3955660,4,,single
1790947799,4371680,173,,single
1790947801,2928410,4,,single
1790947802,2906070,3,,single
1790947804,4020880,1,,single
1790947805,3811840,5,,single
1790947807,4114120,0,,single
1790947808,3003120,7,,single
1790947809,4530880,3,,single
1790947811,3079160,2,,single
1790947812,4282510,3,,single
1790947814,4532140,25,,single
1790947815,3127770,1,,single
1790947817,3299080,25,,single
1790947818,3691420,6,,single
1790947819,2432240,3,,single
1790947821,2778210,0,,single
1790947822,2230450,2,,single
1790947824,4513410,11,,single
1790947825,2965220,9,,single
1790947826,4185580,2,,single
1790947828,3474960,0,,single
1790947829,2096260,1,,single
1790947831,4508710,1,,single
1790947832,4522510,239,,single
1790947833,3074850,2,,single
1790947835,4280920,5,,single
1790947836,4218520,7,,single
1790947838,2864880,0,,single
1790947839,2715870,0,,single
1790947840,3916390,0,,single
1790947842,2702630,3,,single
1790947843,3448430,0,,single
1790947844,4280890,3,,single
1790947846,4562850,1,,single
1790947847,4017820,4,,single
1790947849,2902740,51,,single
1790947850,2511210,0,,single
1790947851,3130170,3,,single
1790947853,2317290,6,,single
1790947854,2436970,1,,single
1790947856,3966350,2,,single
1790947857,3749330,4,,single
1790947858,4400190,0,,single
1790947860,4161970,2,,single
1790947861,3143290,1,,single
1790947862,4015470,0,,single
1790947864,3987250,0,,single
1790947865,4546840,30,,single
1790947867,4144990,0,,single
1790947868,3830560,0,,single
1790947869,2604930,6,,single
1790947871,4327940,4,,single
1790947872,3531490,0,,single
1790947874,4576620,2,,single
1790947875,4595550,0,,single
1790947877,4243380,53,,single
1790947878,1338030,10,,single
1790947879,4464630,1,,single
1790947881,2699280,1,,single
1790947882,3399860,16,,single
1790947884,3029570,2,,single
1790947885,3406690,0,,single
1790947886,3809410,6,,single
1790947888,3629290,1,,single
1790947889,2867470,6,,single
1790947891,2406680,0,,single
1790947892,2387040,5,,single
1790947894,3891620,1,,single
1790947895,4231470,2,,single
1790947896,1451050,1,,single
1790947898,4344480,0,,single
1790947899,4205900,1,,single
1790947901,4301130,11,,single
1790947902,2253980,0,,single
1790947904,3418720,0,,single
1790947905,3779390,0,,single
1790947906,3787340,4,,single
1790947908,4154100,0,,single
1790947909,3729890,0,,single
1790947911,4118810,0,,single
1790947912,3109650,1,,single
1790947913,4244020,4,,single
1790947915,2145460,0,,single
1790947916,2445590,0,,single
1790947918,4054940,1,,single
1790947919,2949120,0,,single
1790947920,3896970,7,,single
1790947922,3974110,1,,single
1790947924,4292470,0,,single
1790947925,3794770,0,,single
1790947927,3475770,0,,single
1790947928,4223140,1,,single
1790947930,4299990,0,,single
1790947932,4052860,0,,single
1790947934,1401630,3,,single
1790947935,4238620,4,,single
1790947937,2900870,0,,single
1790947938,3223000,0,,single
1790947940,2805260,0,,single
1790947941,4173810,0,,single
1790947943,4366250,11,,single
1790947944,4113480,0,,single
1790947946,703680,0,,single
1790947947,4376460,0,,single
1790947949,3725630,0,,single
1790947950,3841010,2,,single
1790947951,3522640,52,,single
1790947953,2408350,0,,single
1790947955,2452130,5,,single
1790947956,2116610,2,,single
1790947958,3900650,0,,single
1790947959,2506100,0,,single
1790947960,3461060,1,,single
1790947962,4348920,0,,single
1790947963,4314550,0,,single
1790947965,3648260,0,,single
1790947966,4189880,12,,single
1790947968,1580820,14,,single
1790947969,2976890,5,,single
1790947971,4319350,1,,single
1790947972,4384880,1,,single
1790947973,3531630,0,,single
1790947975,4044510,10,,single
1790947976,1396870,1,,single
1790947978,4335920,0,,single
1790947979,4158040,3,,single
1790947981,4355950,17,,single
1790947982,2547090,0,,single
1790947984,3991700,8,,single
1790947985,2873060,108,,single
1790947987,3363040,1,,single
1790947988,4216710,5,,single
1790947989,2968860,0,,single
1790947991,3567010,1,,single
1790947992,1892090,0,,single
1790947994,3521660,0,,single
1790947995,3622230,0,,single
1790947996,3446430,0,,single
1790947998,2941360,0,,single
1790947999,3952460,0,,single
1790948001,1807360,0,,single
1790948002,3520330,0,,single
1790948003,2725470,0,,single
1790948005,4273050,0,,single
1790948006,2214620,1,,single
1790948008,2496090,15,,single
1790948009,4310570,1,,single
1790948011,4119610,2,,single
1790948013,3308960,3,,single
1790948014,1933930,6,,single
1790948016,4131900,1,,single
1790948017,4137920,0,,single
1790948019,4044170,53,,single
1790948020,3155010,0,,single
1790948021,1727590,0,,single
1790948023,2450780,0,,single
1790948024,3334520,6,,single
1790948026,3525060,1,,single
1790948027,3990310,0,,single
1790948029,4182030,1,,single
1790948030,4246830,0,,single
1790948032,1858950,0,,single
1790948033,2201620,0,,single
1790948034,3947490,11,,single
1790948036,4244930,1,,single
1790948037,3834480,1,,single
1790948039,3887470,3,,single
1790948040,3791450,3,,single
1790948042,4015080,1,,single
1790948043,3047820,0,,single
1790948045,3725150,0,,single
1790948046,4216630,0,,single
1790948047,3667150,3,,single
1790948049,3764490,2,,single
1790948050,4260720,3,,single
1790948052,2529000,0,,single
1790948053,4197430,0,,single
1790948054,4179270,0,,single
1790948056,1677100,0,,single
1790948057,4115180,1,,single
1790948058,3745250,0,,single
1790948060,3538860,2,,single
1790948061,4259220,0,,single
1790948063,3524180,1,,single
1790948064,4001800,0,,single
1790948066,3439430,0,,single
1790948067,4128970,5,,single
1790948068,3629200,0,,single
1790948070,4280230,1,,single
1790948071,3839810,0,,single
1790948073,2446540,0,,single
1790948074,3399290,1,,single
1790948076,2937090,0,,single
1790948077,3576880,1,,single
1790948079,4123780,50,,single
1790948080,4094120,37,,single
1790948081,3816450,5,,single
1790948083,3723680,26,,single
1790948084,4033610,2,,single
1790948085,4092670,1,,single
1790948087,3444630,0,,single
1790948088,3894980,3,,single
1790948090,3098170,1,,single
1790948091,3873190,0,,single
1790948093,3924000,0,,single
1790948094,3215230,0,,single
1790948095,3254570,7,,single
1790948097,3669740,10,,single
1790948098,4041630,5,,single
1790948100,3468400,2,,single
1790948101,3462600,5,,single
1790948102,4160290,0,,single
1790948104,3372090,0,,single
1790948105,3074840,1,,single
1790948107,4162960,0,,single
1790948108,3389720,0,,single
1790948110,3802600,1,,single
1790948111,4217660,0,,single
1790948112,3136880,0,,single
1790948114,4187700,0,,single
1790948115,3135260,0,,single
1790948116,1631980,0,,single
1790948118,3180680,0,,single
1790948119,4152840,0,,single
1790948121,3490280,3,,single
1790948122,3808010,0,,single
1790948124,3879850,2,,single
1790948125,3929990,3,,single
1790948126,3693720,1,,single
1790948128,3960150,1,,single
1790948130,3273700,0,,single
1790948131,2865430,4,,single
1790948133,3985770,0,,single
1790948134,3119050,0,,single
1790948135,3495110,2,,single
1790948137,3405540,5,,single
1790948138,3725910,6,,single
1790948140,2269540,2,,single
1790948141,3354220,20,,single
1790948142,3531470,2,,single
1790948144,3794270,0,,single
1790948145,3170580,3,,single
1790948147,2607870,1,,single
1790948148,1793330,2,,single
1790948149,3837380,0,,single
1790948151,2873810,0,,single
1790948152,3771390,1,,single
1790948154,3898150,2,,single
1790948155,3054210,1,,single
1790948156,2076520,1,,single
1790948158,3956340,2,,single
1790948159,3693590,0,,single
1790948162,3899010,3,,single
1790948164,3985400,5,,single
1790948166,1296660,0,,single
1790948167,3618880,4,,single
1790948168,3734140,1,,single
1790948170,4021770,3,,single
1790948171,3170590,3,,single
1790948173,3818010,9,,single
1790948174,3590780,1,,single
1790948176,3969310,0,,single
1790948177,4119830,0,,single
1790948178,3365050,53,,single
1790948180,4155010,0,,single
1790948183,3582360,0,,single
1790948184,3601890,0,,single
1790948186,2790190,0,,single
1790948187,4088900,3,,single
1790948188,3885520,3,,single
1790948190,3191110,1,,single
1790948191,3750430,1189,,single
1790948193,4163340,0,,single
1790948194,2550790,1,,single
1790948197,3646810,0,,single
1790948199,3988670,1,,single
1790948200,3915200,1,,single
1790948202,2671450,0,,single
1790948204,3539200,0,,single
1790948206,4124880,1,,single
1790948207,3843400,0,,single
1790948209,3767340,0,,single
1790948210,3108130,1,,single
1790948211,3696700,1,,single
1790948213,3521270,6,,single
1790948214,3837530,0,,single
1790948216,2952180,0,,single
1790948217,1410450,1,,single
1790948219,4154280,16,,single
1790948221,3077190,0,,single
1790948222,4143230,0,,single
1790948223,3969010,1,,single
1790948225,3461270,29,,single
1790948226,4059530,1,,single
1790948228,3403870,0,,single
1790948229,3737990,1,,single
1790948231,4107470,0,,single
1790948233,3582440,6,,single
1790948234,3550490,10,,single
1790948236,3696410,5,,single
1790948237,1497430,1,,single
1790948239,3783210,0,,single
1790948240,2472940,1,,single
1790948242,3829340,110,,single
1790948243,3620740,0,,single
1790948244,3943880,0,,single
1790948246,4016720,3,,single
1790948248,3566840,1,,single
1790948249,3565080,0,,single
1790948250,2852760,0,,single
1790948252,3653600,4,,single
1790948254,3433230,0,,single
1790948255,2954080,0,,single
1790948256,3894950,57,,single
1790948258,1272290,1,,single
1790948259,2827960,3,,single
1790948261,3794810,77,,single
1790948262,2685570,0,,single
1790948264,4054680,0,,single
1790948265,3708660,1,,single
1790948266,3691640,0,,single
1790948268,3648370,6,,single
1790948270,3983920,0,,single
1790948271,3386650,6,,single
1790948272,3841220,0,,single
1790948274,2926680,1,,single
1790948275,1560160,0,,single
1790948277,4021380,0,,single
1790948278,3841040,0,,single
1790948280,4036110,2,,single
1790948281,3919230,0,,single
1790948282,2475550,0,,single
1790948284,3612250,1,,single
1790948285,1983830,1,,single
1790948287,3976990,0,,single
1790948288,3364830,0,,single
1790948290,3597590,0,,single
1790948291,2996540,0,,single
1790948293,1794880,0,,single
1790948294,3956470,3,,single
1790948295,3462730,0,,single
1790948297,3588970,0,,single
1790948298,3819310,0,,single
1790948300,3894590,1,,single
1790948301,2800280,1,,single
1790948302,3621700,2,,single
1790948304,3510060,0,,single
1790948305,3170570,5,,single
1790948307,3674980,6,,single
1790948308,3813590,68,,single
1790948310,1575810,0,,single
1790948311,3189790,2,,single
1790948312,1266610,0,,single
1790948314,3240310,1,,single
1790948315,2500460,3,,single
1790948316,3433940,0,,single
1790948318,789940,0,,single
1790948319,2619240,1,,single
1790948321,3219190,0,,single
1790948322,3807570,1,,single
1790948323,2503550,0,,single
1790948325,3229260,0,,single
1790948326,3490890,1,,single
1790948328,1642870,3,,single
1790948329,3914710,8,,single
1790948330,3682530,0,,single
1790948332,3359900,1,,single
1790948333,3812660,15,,single
1790948335,2104460,0,,single
1790948336,3164160,0,,single
1790948337,2722680,0,,single
1790948339,1952690,2,,single
1790948340,3854020,1,,single
1790948341,3535530,0,,single
1790948343,1670920,1,,single
1790948344,3833800,1,,single
1790948346,3442880,1,,single
1790948347,1292460,0,,single
1790948349,3803780,2,,single
1790948350,3874050,1,,single
1790948351,1622630,0,,single
1790948353,1969170,0,,single
1790948354,3808550,4,,single
1790948356,2201500,0,,single
1790948357,3978150,0,,single
1790948358,3531990,3,,single
1790948360,3672100,0,,single
1790948361,2539310,0,,single
1790948362,3072970,0,,single
1790948364,3667720,3,,single
1790948365,3040180,0,,single
1790948367,3301820,6,,single
1790948368,3419450,0,,single
1790948370,3167280,5,,single
1790948371,2451310,7,,single
1790948373,3269600,1,,single
1790948374,3362660,0,,single
1790948375,3054950,0,,single
1790948377,1447820,0,,single
1790948378,3831660,1,,single
1790948380,2757670,0,,single
1790948381,3556730,6,,single
1790948383,3272170,0,,single
1790948384,3208110,0,,single
1790948386,2322450,1,,single
1790948387,3790650,5,,single
1790948388,3153020,0,,single
1790948390,3221170,2,,single
1790948391,3848570,14,,single
1790948392,3577630,0,,single
1790948394,3871600,0,,single
1790948395,3341510,5,,single
1790948397,3686920,5,,single
1790948398,3551370,3,,single
1790948400,3919920,0,,single
1790948401,3553750,4,,single
1790948402,3583790,1,,single
1790948404,3304340,1,,single
1790948405,1332430,1,,single
1790948407,3826300,3,,single
1790948408,2722610,0,,single
1790948410,3829570,0,,single
1790948411,3485770,0,,single
1790948413,3728120,0,,single
1790948414,3625380,3,,single
1790948415,2468630,0,,single
1790948417,3880640,0,,single
1790948418,2527710,0,,single
1790948420,3035880,0,,single
1790948421,3086120,4,,single
1790948423,914720,3,,single
1790948424,3648240,0,,single
1790948426,3893210,0,,single
1790948427,2940000,1,,single
1790948429,3429740,0,,single
1790948430,1791580,1,,single
1790948432,3820630,3,,single
1790948433,1548180,0,,single
1790948434,2967630,2,,single
1790948436,2995450,1,,single
1790948437,3780060,13,,single
1790948438,3326660,2,,single
1790948440,2973830,3,,single
1790948441,1624190,3,,single
1790948443,3038290,2,,single
1790948444,3084260,6,,single
1790948446,3395930,1,,single
1790948447,2131550,4,,single
1790948448,3076240,1,,single
1790948450,3445830,0,,single
1790948451,3449030,0,,single
1790948453,3645700,0,,single
1790948454,3612480,7,,single
1790948456,1928080,0,,single
1790948457,3772330,2,,single
1790948459,3540530,0,,single
1790948460,3034070,1,,single
1790948461,3850520,0,,single
1790948463,3828280,1,,single
1790948465,2842430,0,,single
1790948466,3862690,0,,single
1790948468,3868720,1,,single
1790948469,3401920,0,,single
1790948471,3657450,0,,single
1790948472,3196520,1,,single
1790948473,3748090,43,,single
1790948475,2924580,1,,single
1790948476,3852340,0,,single
1790948478,3040170,1,,single
1790948479,3644120,1,,single
1790948480,3823450,0,,single
1790948482,2753870,0,,single
1790948483,3776680,0,,single
1790948485,3618200,1,,single
1790948486,3424920,1,,single
1790948488,3726350,3,,single
1790948489,3730600,0,,single
1790948490,2058030,2,,single
1790948492,1002260,1,,single
1790948493,2435870,0,,single
1790948495,3448750,3,,single
1790948496,3207300,0,,single
1790948498,2055590,1,,single
1790948499,2224120,0,,single
1790948501,2996660,4,,single
1790948502,3720950,0,,single
1790948504,3626090,3,,single
1790948505,3223330,2,,single
1790948507,1498060,1,,single
1790948508,3131280,1,,single
1790948510,3185000,2,,single
1790948511,3025590,1,,single
1790948512,1708950,1,,single
1790948514,2324150,2,,single
1790948515,3554450,0,,single
1790948517,3413900,0,,single
1790948518,2497170,1,,single
1790948520,3592710,3,,single
1790948521,3284900,0,,single
1790948523,3357380,0,,single
1790948524,3673460,4,,single
1790948525,1644750,0,,single
1790948527,3225600,0,,single
1790948528,3308150,1,,single
1790948530,3441450,8,,single
1790948531,3538210,0,,single
1790948533,2796350,0,,single
1790948534,3342430,0,,single
1790948536,2837950,0,,single
1790948537,3395500,0,,single
1790948538,3741350,0,,single
1790948540,3173740,0,,single
1790948541,3382170,24,,single
1790948543,3419130,0,,single
1790948546,3301740,20,,single
1790948548,3708130,0,,single
1790948549,1723770,1,,single
1790948551,3689520,23,,single
1790948552,3432530,0,,single
1790948554,3583800,0,,single
1790948556,3453500,1,,single
1790948557,2622280,0,,single
1790948559,3655930,0,,single
1790948560,2551300,0,,single
1790948561,3557830,0,,single
1790948563,2829820,6,,single
1790948564,3486970,0,,single
1790948566,2784140,0,,single
1790948567,2202010,0,,single
1790948569,3505250,0,,single
1790948570,3255540,1,,single
1790948571,2490330,0,,single
1790948573,2515050,0,,single
1790948574,3373960,0,,single
1790948576,3356700,4,,single
1790948577,2077400,0,,single
1790948578,3402270,6,,single
1790948580,3440410,0,,single
1790948582,3072000,25,,single
1790948584,3446850,0,,single
1790948585,3451060,3,,single
1790948587,1959120,0,,single
1790948588,3275870,0,,single
1790948589,3344150,0,,single
1790948591,3295240,2,,single
1790948592,1594210,1,,single
1790948594,3355430,0,,single
1790948595,3337920,0,,single
1790948596,3296800,3,,single
1790948598,3183360,0,,single
1790948599,3060200,0,,single
1790948601,3023070,1,,single
1790948602,3151400,0,,single
1790948604,3306780,11,,single
1790948605,3235040,1,,single
1790948607,2622740,16,,single
1790948610,3137560,0,,single
1790948611,2067310,0,,single
1790948613,2809820,1,,single
1790948614,3108010,0,,single
1790948616,2191680,1,,single
1790948617,3034520,4,,single
1790948619,3230020,1,,single
1790948621,3090870,0,,single
1790948622,2999510,0,,single
1790948623,3136030,0,,single
1790948625,2862710,0,,single
1790948626,1897110,0,,single
1790948628,3147870,0,,single
1790948629,3076620,59,,single
1790948631,2706450,1,,single
1790948632,2863820,3,,single
1790948634,1577080,0,,single
1790948635,2515030,0,,single
1790948636,3095380,36,,single
1790948638,3063130,85,,single
1790948639,3069880,0,,single
1790948641,3083090,75,,single
1790948642,2925310,0,,single
1790948644,1844790,0,,single
1790948645,3113500,0,,single
1790948646,3113780,0,,single
1790948648,3102380,79,,single
1790948649,3060080,65,,single
1790948651,2921870,6,,single
1790948652,2902320,0,,single
1790948653,2699240,64,,single
1790948655,3075700,61,,single
1790948656,3077030,85,,single
1790948658,3034720,2,,single
1790948659,3060300,83,,single
1790948661,3058700,79,,single
1790948662,3068320,96,,single
1790948664,3062580,80,,single
1790948665,3064160,80,,single
1790948666,3048820,1,,single
1790948668,3076350,77,,single
1790948669,2571400,0,,single
1790948670,3069620,67,,single
1790948672,3073460,87,,single
1790948673,3073720,1,,single
1790948675,2837280,0,,single
1790948676,3077360,85,,single
1790948677,3072100,2,,single
1790948679,3064750,0,,single
1790948680,3064020,0,,single
1790948682,2940890,2,,single
1790948683,3008970,1,,single
1790948684,3069530,94,,single
1790948686,2996190,32,,single
1790948687,3012510,0,,single
1790948689,3013470,80,,single
1790948690,2788960,1,,single
1790948691,3015110,0,,single
1790948693,3015130,0,,single
1790948694,3008520,0,,single
1790948696,3015190,0,,single
1790948697,3015120,0,,single
1790948699,2830700,0,,single
1790948700,2396630,0,,single
1790948702,2717710,1,,single
1790948703,2687300,0,,single
1790948704,1120400,1,,single
1790948706,2514680,2,,single
1790948707,2953230,75,,single
1790948709,2965290,0,,single
1790948710,2950100,0,,single
1790948712,2830720,2,,single
1790948713,2584260,0,,single
1790948715,1732420,0,,single
1790948716,946770,0,,single
1790948718,1651090,0,,single
1790948719,2137460,0,,single
1790948721,2738900,2,,single
1790948722,2847250,0,,single
1790948724,2511180,4,,single
1790948725,2887320,0,,single
1790948727,2778760,0,,single
1790948729,2776290,1,,single
1790948730,2451640,1,,single
1790948731,2712910,3,,single
1790948733,2497110,8,,single
1790948734,2751810,0,,single
1790948736,2715980,0,,single
1790948737,1397130,1,,single
1790948739,386650,0,,single
1790948740,2663450,0,,single
1790948742,2620000,2,,single
1790948743,2520950,0,,single
1790948745,2104670,1,,single
1790948746,2577860,0,,single
1790948748,1496250,1,,single
1790948749,1770210,1,,single
1790948751,1861880,8,,single
1790948753,851810,1,,single
1790948754,1453840,0,,single
1790948755,511350,0,,single
1790948757,1071680,0,,single
1790948758,1968820,1,,single
1790948760,2543110,0,,single
1790948761,603350,0,,single
1790948763,1189070,0,,single
1790948764,2585720,0,,single
1790948766,615340,3,,single
1790948767,1471960,0,,single
1790948769,2772650,0,,single
1790948771,1100430,1,,single
1790948772,2197760,0,,single
1790948774,2576040,0,,single
1790948775,565080,0,,single
1790948777,1350250,1,,single
1790948778,3115510,0,,single
1790948780,697900,1,,single
1790948781,1283500,1,,single
1790948783,2469290,1,,single
1790948784,4174910,36,,single
1790948786,605190,0,,single
1790948787,1533590,3,,single
1790948788,2103710,0,,single
1790948790,2216280,0,,single
1790948791,4783540,51,,single
1790948793,1351000,0,,single
1790948794,3238270,2,,single
1790948796,1462520,3,,single
1790948797,2354520,1,,single
1790948799,2704140,3,,single
1790948800,616920,44,,single
1790948802,1116780,0,,single
1790948803,2098130,5,,single
1790948804,3932130,4,,single
1790948806,1103800,0,,single
1790948807,1824250,0,,single
1790948809,2407350,0,,single
1790948810,4142300,4,,single
1790948812,563200,12,,single
1790948813,1300100,0,,single
1790948815,1614890,1,,single
1790948816,3207780,9,,single
1790948818,521980,0,,single
1790948819,748480,0,,single
1790948821,1153070,0,,single
1790948822,1639930,0,,single
1790948823,2512200,0,,single
1790948825,3682700,1,,single
1790948826,349680,0,,single
1790948828,1907000,0,,single
1790948829,3436350,4,,single
1790948830,3879760,0,,single
1790948832,1528540,1,,single
1790948834,1862660,0,,single
1790948835,2113490,0,,single
1790948836,2337450,14,,single
1790948838,3078950,1,,single
1790948839,3570940,3,,single
1790948841,432290,0,,single
1790948842,858630,0,,single
1790948844,1031170,0,,single
1790948846,1158660,0,,single
1790948847,1700550,0,,single
1790948848,1829910,0,,single
1790948850,2119680,24,,single
1790948851,2380410,0,,single
1790948853,4451400,25,,single
1790948854,1116340,0,,single
1790948856,1243420,1,,single
1790948857,1530770,0,,single
1790948859,1939940,1,,single
1790948860,3192290,7,,single
1790948861,63650,0,,single
1790948863,739260,0,,single
1790948864,1290350,0,,single
1790948865,1596440,0,,single
1790948867,2060170,3,,single
1790948869,3298250,2,,single
1790948870,851180,3,,single
1790948871,949630,0,,single
1790948873,1186030,0,,single
1790948874,1510440,62,,single
1790948876,2179520,4,,single
1790948877,3192310,12,,single
1790948878,31800,3,,single
1790948880,410990,13,,single
1790948881,1102100,4,,single
1790948882,2954880,2,,single
1790948884,3942470,24,,single
1790948886,544600,3,,single
1790948887,819630,1,,single
1790948889,1286330,2,,single
1790948890,1642620,11,,single
1790948891,1952170,20,,single
1790948893,3172860,1,,single
1790948894,731720,0,,single
1790948896,1267310,0,,single
1790948897,1949980,2,,single
1790948899,2487120,2,,single
1790948900,352130,2,,single
1790948902,745000,1,,single
1790948903,960190,0,,single
1790948905,1250250,0,,single
1790948906,2289960,4,,single
1790948907,2624950,0,,single
1790948909,3426260,2,,single
1790948910,4657570,9,,single
1790948912,820610,1,,single
1790948914,931560,0,,single
1790948915,1265220,1,,single
1790948917,1957230,0,,single
1790948918,3172290,0,,single
1790948920,421630,0,,single
1790948921,1133330,0,,single
1790948922,1495940,11,,single
1790948924,2101250,0,,single
1790948925,318650,0,,single
1790948927,577970,0,,single
1790948928,839080,1,,single
1790948930,1348160,0,,single
1790948932,1457640,10,,single
1790948933,1892700,2,,single
1790948935,2020520,6,,single
1790948936,2579840,3,,single
1790948938,3204510,0,,single
1790948939,692690,0,,single
1790948941,1063540,0,,single
1790948942,1535610,4,,single
1790948944,1724000,0,,single
1790948945,1985610,0,,single
1790948946,2410780,4,,single
1790948948,2687990,2,,single
1790948949,359440,0,,single
1790948951,921500,0,,single
1790948952,1290880,2,,single
1790948953,2373340,1,,single
1790948955,514700,3,,single
1790948956,688140,0,,single
1790948958,990260,2,,single
1790948959,1564220,1,,single
1790948960,1867740,1,,single
1790948962,2544760,2,,single
1790948964,3560110,5,,single
1790948965,411880,0,,single
1790948967,843430,0,,single
1790948968,1477950,4,,single
1790948969,1876830,0,,single
1790948971,2326780,1,,single
1790948972,4013330,0,,single
1790948974,368000,0,,single
1790948975,551550,2,,single
1790948977,795510,7,,single
1790948978,856850,1,,single
1790948980,1307670,0,,single
1790948981,1927140,0,,single
1790948983,2241020,4,,single
1790948984,2548070,0,,single
1790948986,3172280,1,,single
1790948987,4414250,6,,single
1790948989,705740,0,,single
1790948990,1118880,0,,single
1790948992,1484620,0,,single
1790948993,1552730,1,,single
1790948994,2278010,1,,single
1790948998,2470860,6,,single
1790948999,3427420,0,,single
1790949001,358920,0,,single
1790949002,531730,0,,single
1790949004,787370,0,,single
1790949005,863490,0,,single
1790949007,1259140,0,,single
1790949008,1429150,1,,single
1790949010,1667320,0,,single
1790949011,1825740,2,,single
1790949013,2114970,0,,single
1790949014,2820590,0,,single
1790949016,3403720,0,,single
1790949017,4102950,2,,single
1790949018,270510,0,,single
1790949020,409910,0,,single
1790949021,602910,46,,single
1790949023,763030,1,,single
1790949024,1211830,1,,single
1790949026,1507410,11,,single
1790949027,1981500,1,,single
1790949029,2821040,2,,single
1790949030,458630,0,,single
1790949031,693250,0,,single
1790949033,1061930,0,,single
1790949034,1250220,0,,single
1790949036,1602930,1,,single
1790949037,1875950,2,,single
1790949039,2542860,29,,single
1790949040,3689530,1,,single
1790949042,411820,0,,single
1790949043,1158290,0,,single
1790949045,1477570,8,,single
1790949047,1973320,0,,single
1790949048,2203590,5,,single
1790949049,3172270,0,,single
1790949051,4588700,24,,single
1790949052,395250,0,,single
1790949054,627410,0,,single
1790949055,1013180,1,,single
1790949056,1178150,1,,single
1790949058,1640160,3,,single
1790949059,1777000,0,,single
1790949061,1959530,0,,single
1790949062,2430160,1,,single
1790949064,4602300,25,,single
1790949065,301380,0,,single
1790949067,620650,0,,single
1790949068,724430,2,,single
1790949070,889730,5,,single
1790949071,1197180,0,,single
1790949072,1860760,1,,single
1790949074,2089060,2,,single
1790949075,3424900,0,,single
1790949077,65400,0,,single
1790949078,770110,0,,single
1790949080,1047960,0,,single
1790949081,1578950,0,,single
1790949082,1922060,1,,single
1790949084,2280390,1,,single
1790949085,2543370,2,,single
1790949087,35070,0,,single
1790949088,606520,0,,single
1790949090,951480,1,,single
1790949091,1217570,0,,single
1790949092,1470310,1,,single
1790949094,1884430,0,,single
1790949095,2458480,2,,single
1790949097,2909170,0,,single
1790949098,394850,0,,single
1790949100,772610,0,,single
1790949101,1091250,0,,single
1790949102,1122970,0,,single
1790949104,1408860,0,,single
1790949105,1912420,0,,single
1790949107,2084720,16,,single
1790949108,2241000,26,,single
1790949110,3028830,6,,single
1790949111,368050,0,,single
1790949112,658530,0,,single
1790949114,795760,1,,single
1790949115,1354300,2,,single
1790949117,1713190,1,,single
1790949118,2158900,0,,single
1790949120,2328780,0,,single
1790949121,2711320,0,,single
1790949123,3426450,1,,single
1790949124,358390,1,,single
1790949126,511660,5,,single
1790949127,814300,0,,single
1790949128,1318970,0,,single
1790949130,2118500,1,,single
1790949133,2467190,17,,single
1790949134,3125050,0,,single
1790949135,4997080,4,,single
1790949137,435840,0,,single
1790949138,865270,0,,single
1790949140,1098510,0,,single
1790949141,1364980,0,,single
1790949144,1641860,0,,single
1790949146,2199580,5,,single
1790949147,97120,8,,single
1790949149,1209750,1,,single
1790949150,1690690,6,,single
1790949152,1967100,0,,single
1790949153,2190590,0,,single
1790949155,2661620,0,,single
1790949156,4728830,5,,single
1790949158,365580,0,,single
1790949159,603400,0,,single
1790949161,951860,0,,single
1790949162,1063190,0,,single
1790949164,1514370,0,,single
1790949165,1860120,0,,single
1790949166,1918130,1,,single
1790949168,2311820,3,,single
1790949169,2889280,1,,single
1790949171,42230,1,,single
1790949172,320670,1,,single
1790949173,476920,0,,single
1790949175,596620,0,,single
1790949176,984470,0,,single
1790949178,1054660,2,,single
1790949179,1152950,0,,single
1790949180,1457740,0,,single
1790949182,1548940,1,,single
1790949183,1875310,0,,single
1790949185,2487130,0,,single
1790949186,4040840,10,,single
1790949188,51000,4,,single
1790949189,295630,5,,single
1790949191,474890,0,,single
1790949192,788700,0,,single
1790949194,1056510,0,,single
1790949195,1192380,1,,single
1790949197,1631090,0,,single
1790949198,1834820,0,,single
1790949200,1956370,0,,single
1790949201,2489370,3,,single
1790949202,4147190,5,,single
1790949204,362780,2,,single
1790949205,575570,0,,single
1790949207,806740,0,,single
1790949208,1015800,0,,single
1790949210,1122700,0,,single
1790949211,1449230,0,,single
1790949213,1588410,2,,single
1790949214,1920400,0,,single
1790949215,3182330,0,,single
1790949217,240660,1,,single
1790949218,486460,2,,single
1790949219,606490,0,,single
1790949221,645830,0,,single
1790949222,691790,1,,single
1790949224,966560,0,,single
1790949225,1132720,1,,single
1790949227,1203970,0,,single
1790949228,1451230,10,,single
1790949229,1728520,8,,single
1790949231,2425920,0,,single
1790949232,2710660,1,,single
1790949234,312360,0,,single
1790949235,345620,2,,single
1790949236,549170,0,,single
1790949238,654220,1,,single
1790949240,713160,2,,single
1790949241,1193990,0,,single
1790949242,1352680,1,,single
1790949244,1659150,0,,single
1790949245,1969960,0,,single
1790949247,3882410,13,,single
1790949248,3865000,2,,single
1790949249,4436200,83,,single
1790949251,2438180,6,,single
1790949252,3002740,7,,single
1790949254,4246520,0,,single
1790949255,2879480,1,,single
1790949257,3763260,0,,single
1790949258,285520,0,,single
1790949260,353630,0,,single
1790949261,415180,0,,single
1790949262,575580,0,,single
1790949264,664290,0,,single
1790949266,978870,4,,single
1790949267,1450650,0,,single
1790949268,1646030,0,,single
1790949270,2256790,1,,single
1790949272,2497430,0,,single
1790949273,2950120,0,,single
1790949275,459370,0,,single
1790949276,637050,0,,single
1790949277,803150,0,,single
1790949279,1004860,1,,single
1790949280,1153540,0,,single
1790949282,1420080,4,,single
1790949283,1515460,0,,single
1790949285,1709700,1,,single
1790949286,1835060,0,,single
1790949288,2181640,0,,single
1790949289,2367580,2,,single
1790949291,2998920,1,,single
1790949292,4536900,42,,single
1790949294,344340,1,,single
1790949295,434880,1,,single
1790949296,661960,3,,single
1790949298,895480,0,,single
1790949299,1306780,0,,single
1790949301,1571280,1,,single
1790949302,2217840,0,,single
1790949303,2430700,1,,single
1790949305,31200,2,,single
1790949306,314330,3,,single
1790949308,464080,0,,single
1790949309,717850,1,,single
1790949310,1157620,1,,single
1790949312,1231840,1,,single
1790949313,1429670,0,,single
1790949315,1668780,0,,single
1790949316,1826060,0,,single
1790949318,2346810,1,,single
1790949319,3157160,8,,single
1790949321,3932350,6,,single
1790949322,520990,0,,single
1790949324,630550,0,,single
1790949327,1141320,1,,single
1790949328,1265850,0,,single
1790949330,1551510,1,,single
1790949331,1809310,0,,single
1790949333,2386330,0,,single
1790949334,2772670,0,,single
1790949336,3884200,8,,single
1790949337,43500,0,,single
1790949340,297720,0,,single
1790949341,339510,0,,single
1790949342,539750,0,,single
1790949344,545960,0,,single
1790949346,556060,0,,single
1790949347,764010,0,,single
1790949349,915130,1,,single
1790949350,1094720,0,,single
1790949352,1346400,0,,single
1790949353,1534200,3,,single
1790949355,1571220,0,,single
1790949358,1719180,0,,single
1790949359,1929420,0,,single
1790949361,1994010,0,,single
1790949364,2319470,0,,single
1790949365,2554670,51,,single
1790949367,4141040,3,,single
1790949369,468100,0,,single
1790949370,758930,1,,single
1790949372,1071940,0,,single
1790949373,1337590,0,,single
1790949375,1502800,0,,single
1790949376,1914750,1,,single
1790949378,2430380,10,,single
1790949380,2804310,0,,single
1790949381,3426440,0,,single
1790949383,286750,1,,single
1790949384,344630,1,,single
1790949386,479100,1,,single
1790949387,613240,0,,single
1790949389,989580,0,,single
1790949390,1051960,0,,single
1790949392,1424630,2,,single
1790949393,1572990,0,,single
1790949394,1808900,0,,single
1790949396,1990590,2,,single
1790949397,2132430,0,,single
1790949399,2800520,0,,single
1790949400,6210,0,,single
1790949402,546700,0,,single
1790949403,638930,0,,single
1790949405,656450,0,,single
1790949407,769550,1,,single
1790949409,1006930,0,,single
1790949410,1333700,0,,single
1790949412,1621490,0,,single
1790949413,2081180,0,,single
1790949415,2507840,0,,single
1790949416,3439830,4,,single
1790949418,108110,0,,single
1790949419,447700,103,,single
1790949421,529020,0,,single
1790949422,701420,0,,single
1790949423,921530,0,,single
1790949425,1067810,171,,single
1790949426,1305820,0,,single
1790949428,1453940,0,,single
1790949429,1770380,0,,single
1790949431,1904160,18,,single
1790949433,2274430,0,,single
1790949435,2624740,0,,single
1790949436,3873980,0,,single
1790949438,312300,0,,single
1790949439,358190,0,,single
1790949441,809680,1,,single
1790949443,954080,0,,single
1790949444,1031020,4,,single
1790949446,1557410,0,,single
1790949447,2089490,5,,single
1790949449,2190390,1,,single
1790949450,3960410,1,,single
1790949452,57700,0,,single
1790949453,296180,0,,single
1790949455,374380,0,,single
1790949456,489260,0,,single
1790949458,557030,1,,single
1790949459,663210,3,,single
1790949460,1000830,0,,single
1790949462,1253680,0,,single
1790949463,1477130,1,,single
1790949465,1888330,0,,single
1790949467,2150870,0,,single
1790949468,3071950,5,,single
1790949469,3690850,3,,single
1790949471,296210,1,,single
1790949472,384280,0,,single
1790949474,577710,7,,single
1790949475,765840,1,,single
1790949476,945680,0,,single
1790949478,1267810,0,,single
1790949479,1495420,1,,single
1790949481,1815010,0,,single
1790949483,2009780,0,,single
1790949484,2124570,0,,single
1790949485,2219000,3,,single
1790949487,2511290,0,,single
1790949488,2694600,3,,single
1790949490,3832120,27,,single
1790949491,3340,0,,single
1790949493,269010,0,,single
1790949494,514240,0,,single
1790949496,657470,2,,single
1790949498,1047830,0,,single
1790949499,1328920,0,,single
1790949500,1485070,0,,single
1790949502,1643850,0,,single
1790949503,1965370,0,,single
1790949505,2888360,0,,single
1790949506,37220,3,,single
1790949507,313980,0,,single
1790949509,510680,0,,single
1790949510,794550,0,,single
1790949511,1081650,1,,single
1790949513,1194610,0,,single
1790949514,1294880,1,,single
1790949516,1477460,7,,single
1790949517,1647770,0,,single
1790949519,2223810,3,,single
1790949520,2536490,3,,single
1790949522,3671800,3,,single
1790949523,4925300,3,,single
1790949525,342450,0,,single
1790949526,448610,0,,single
1790949528,535700,2,,single
1790949529,560250,0,,single
1790949531,792650,2,,single
1790949532,942010,1,,single
1790949534,1072100,0,,single
1790949535,1395400,0,,single
1790949537,1796410,0,,single
1790949539,2065800,2,,single
1790949540,2631210,12,,single
1790949542,3134780,0,,single
1790949543,4110360,25,,single
1790949544,259980,0,,single
1790949546,364810,0,,single
1790949547,439550,0,,single
1790949549,467290,0,,single
1790949550,683280,0,,single
1790949552,832540,0,,single
1790949553,986350,1,,single
1790949555,1277210,0,,single
1790949556,1471910,6,,single
1790949558,1550260,0,,single
1790949560,1663270,0,,single
1790949561,1698350,2,,single
1790949563,1822120,0,,single
1790949564,2285890,3,,single
1790949566,3684740,1,,single
1790949567,291770,0,,single
1790949569,337040,0,,single
1790949570,422760,0,,single
1790949572,588290,0,,single
1790949573,863980,1,,single
1790949575,1209910,0,,single
1790949576,1312990,1,,single
1790949578,1684010,0,,single
1790949579,1992590,0,,single
1790949581,2427360,2,,single
1790949582,2960590,4,,single
1790949584,4174600,19,,single
1790949586,416550,0,,single
1790949588,545030,0,,single
1790949589,595420,0,,single
1790949591,729030,0,,single
1790949592,817460,1,,single
1790949593,934180,1,,single
1790949595,1341900,0,,single
1790949597,1702260,0,,single
1790949598,1863390,37,,single
1790949599,1977740,0,,single
1790949601,2128140,2,,single
1790949602,2663600,0,,single
1790949605,49000,4,,single
1790949607,372350,0,,single
1790949608,429390,1,,single
1790949610,513720,201,,single
1790949611,555320,1,,single
1790949613,619330,1,,single
1790949614,938310,2,,single
1790949615,1071490,0,,single
1790949617,1254620,2,,single
1790949618,1726360,4,,single
1790949620,1823320,0,,single
1790949622,1900020,0,,single
1790949623,2300390,0,,single
1790949625,3213090,0,,single
1790949627,361890,0,,single
1790949628,539320,0,,single
1790949629,610730,0,,single
1790949632,724260,0,,single
1790949634,852790,0,,single
1790949635,1096560,0,,single
1790949637,1262640,0,,single
1790949638,1490980,0,,single
1790949640,1671590,2,,single
1790949641,1816390,0,,single
1790949643,2232200,0,,single
1790949644,2430360,9,,single
1790949646,2820600,1,,single
1790949647,237970,1,,single
1790949649,397750,1,,single
1790949650,549240,0,,single
1790949652,716010,0,,single
1790949653,837040,0,,single
1790949655,914140,0,,single
1790949656,1145410,1,,single
1790949658,1271260,0,,single
1790949659,1695680,5,,single
1790949661,1920500,1,,single
1790949662,2358500,1,,single
1790949664,2962400,8,,single
1790949665,318570,0,,single
1790949667,435970,0,,single
1790949668,850060,0,,single
1790949670,1023700,0,,single
1790949671,1069390,0,,single
1790949673,1162010,0,,single
1790949674,1273080,0,,single
1790949676,1571460,2,,single
1790949677,2086150,1,,single
1790949679,2508400,2,,single
1790949680,2768380,8,,single
1790949682,23600,0,,single
1790949683,386900,2,,single
1790949685,590950,1,,single
1790949686,716680,0,,single
1790949688,898780,0,,single
1790949689,923890,0,,single
1790949691,1120950,0,,single
1790949692,1359900,0,,single
1790949694,1383700,1,,single
1790949695,1641010,0,,single
1790949696,1952910,0,,single
1790949698,2106050,7,,single
1790949699,2183320,0,,single
1790949701,2402200,0,,single
1790949702,2493560,2,,single
1790949704,2720700,6,,single
1790949705,3759320,1,,single
1790949706,12510,0,,single
1790949709,349440,2,,single
1790949710,432190,1,,single
1790949711,573780,1,,single
1790949713,645820,0,,single
1790949714,761320,0,,single
1790949716,949790,0,,single
1790949717,985650,1,,single
1790949719,1014810,2,,single
1790949720,1124560,0,,single
1790949722,1148450,0,,single
1790949723,1336160,0,,single
1790949725,1508170,1,,single
1790949726,1736840,0,,single
1790949728,1895970,0,,single
1790949729,2075050,3,,single
1790949730,2497210,0,,single
1790949734,2740180,1,,single
1790949735,3379620,0,,single
1790949736,5070160,192,,single
1790949738,57000,0,,single
1790949739,310390,4,,single
1790949741,395930,6,,single
1790949742,494450,0,,single
1790949744,576650,1,,single
1790949745,773740,0,,single
1790949747,1066290,1,,single
1790949748,1250060,0,,single
1790949750,1484730,2,,single
1790949753,1640180,0,,single
1790949755,2015080,1,,single
1790949756,2086850,1,,single
1790949758,2470980,0,,single
1790949759,3551620,31,,single
1790949760,41600,0,,single
1790949762,391250,0,,single
1790949763,547310,1,,single
1790949765,645720,0,,single
1790949766,766560,0,,single
1790949768,918670,4,,single
1790949769,955400,1,,single
1790949771,1085560,0,,single
1790949772,1191770,0,,single
1790949774,1210550,3,,single
1790949775,1292770,0,,single
1790949776,1598910,0,,single
1790949778,1717570,0,,single
1790949780,1848710,0,,single
1790949781,2166710,1,,single
1790949783,2560670,0,,single
1790949784,2834180,0,,single
1790949786,3684690,0,,single
1790949788,4208790,1,,single
1790949789,349300,0,,single
1790949790,490250,1,,single
1790949792,614960,0,,single
1790949793,627350,0,,single
1790949795,724390,1,,single
1790949796,839260,0,,single
1790949797,1072620,0,,single
1790949799,1377430,0,,single
1790949800,1482320,0,,single
1790949802,1805200,0,,single
1790949803,2194700,0,,single
1790949805,2459180,0,,single
1790949806,4047180,0,,single
1790949808,4587610,15,,single
1790949809,281580,0,,single
1790949810,314560,0,,single
1790949812,543100,0,,single
1790949813,572720,0,,single
1790949815,618750,0,,single
1790949816,774441,0,,single
1790949818,868410,22,,single
1790949819,1036980,0,,single
1790949820,1223250,0,,single
1790949822,1265570,3,,single
1790949823,1376760,0,,single
1790949825,1563850,0,,single
1790949826,1925560,36,,single
1790949828,2658660,1,,single
1790949830,205080,1,,single
1790949831,429380,0,,single
1790949832,486020,0,,single
1790949834,681530,0,,single
1790949835,842170,0,,single
1790949837,952240,0,,single
1790949838,1085270,0,,single
1790949840,1200570,2,,single
1790949841,1384890,0,,single
1790949843,1563070,0,,single
1790949844,1795470,5,,single
1790949846,2012540,0,,single
1790949847,2084110,1,,single
1790949849,2334990,0,,single
1790949851,2618370,0,,single
1790949852,3298500,3,,single
1790949853,73190,0,,single
1790949855,345630,0,,single
1790949856,377070,2,,single
1790949858,488760,0,,single
1790949859,521790,0,,single
1790949860,904900,0,,single
1790949862,1071220,0,,single
1790949863,1137490,0,,single
1790949865,1240050,0,,single
1790949866,1677360,0,,single
1790949868,1854050,0,,single
1790949869,2112680,0,,single
1790949870,2432040,1,,single
1790949872,312970,0,,single
1790949873,358410,1,,single
1790949875,554800,0,,single
1790949876,628170,7,,single
1790949877,893840,4,,single
1790949879,1151930,0,,single
1790949881,1420650,1,,single
1790949882,1684840,0,,single
1790949884,1937620,0,,single
1790949885,2227150,0,,single
1790949887,2355250,4,,single
1790949889,3393380,0,,single
1790949890,370480,0,,single
1790949891,542650,0,,single
1790949893,627820,0,,single
1790949894,704470,0,,single
1790949896,836770,0,,single
1790949897,1004150,0,,single
1790949899,1359630,1,,single
1790949900,1447920,0,,single
1790949902,1534260,2,,single
1790949903,1654810,1,,single
1790949905,1785000,1,,single
1790949906,1972050,0,,single
1790949907,2203730,0,,single
1790949909,2424660,1,,single
1790949911,2691470,6,,single
1790949912,3620780,0,,single
1790949914,7840,0,,single
1790949915,409090,0,,single
1790949916,628710,1,,single
1790949918,740040,0,,single
1790949920,907820,1,,single
1790949921,1172530,2,,single
1790949923,1307780,1,,single
1790949924,1447490,0,,single
1790949926,1514380,0,,single
1790949927,1857580,0,,single
1790949929,2598940,1,,single
1790949930,2964810,0,,single
1790949932,4268610,0,,single
1790949933,416360,0,,single
1790949934,448060,0,,single
1790949936,493450,0,,single
1790949937,542290,2,,single
1790949939,595930,2,,single
1790949940,668360,1,,single
1790949942,838990,0,,single
1790949943,1079200,0,,single
1790949945,1162050,0,,single
1790949946,1356040,1,,single
1790949947,1460250,0,,single
1790949949,1752150,0,,single
1790949950,1787160,0,,single
1790949952,2027920,7,,single
1790949953,2283200,8,,single
1790949955,2520890,0,,single
1790949956,3664060,18,,single
1790949957,263520,0,,single
1790949959,328440,2,,single
1790949961,445040,1,,single
1790949963,494440,0,,single
1790949964,595730,0,,single
1790949965,622830,1,,single
1790949967,814360,0,,single
1790949968,1019590,0,,single
1790949970,1058560,0,,single
1790949971,1089660,0,,single
1790949972,1197820,0,,single
1790949974,1276750,0,,single
1790949975,1489110,0,,single
1790949977,1783510,0,,single
1790949978,1907350,0,,single
1790949980,2104920,1,,single
1790949981,2221980,2,,single
1790949983,2778460,0,,single
1790949984,3920160,3,,single
1790949985,267670,4,,single
1790949987,297570,0,,single
1790949988,361350,0,,single
1790949989,450120,4,,single
1790949991,605800,0,,single
1790949992,816160,0,,single
1790949993,926170,0,,single
1790949995,1117670,0,,single
1790949996,1198450,0,,single
1790949997,1518820,2,,single
1790949999,1879030,0,,single
1790950000,2027000,1,,single
1790950002,2189420,0,,single
1790950003,2478020,3,,single
1790950005,3552790,1,,single
1790950006,4924510,26,,single
1790950007,407290,0,,single
1790950009,527470,0,,single
1790950010,623070,1,,single
1790950011,788970,0,,single
1790950013,957820,0,,single
1790950014,1026130,0,,single
1790950017,1152160,0,,single
1790950018,1218940,0,,single
1790950019,1332090,0,,single
1790950021,1400180,0,,single
1790950022,1779960,0,,single
1790950024,2058200,0,,single
1790950025,2827500,0,,single
1790950026,202860,0,,single
1790950028,339850,0,,single
1790950029,430410,0,,single
1790950031,464650,0,,single
1790950032,530540,0,,single
1790950033,604510,2,,single
1790950035,754850,0,,single
1790950036,925550,0,,single
1790950037,1090560,0,,single
1790950039,1237530,0,,single
1790950040,1410980,0,,single
1790950041,1559570,0,,single
1790950045,1712950,0,,single
1790950048,1830040,2,,single
1790950049,1849360,0,,single
1790950051,1997460,1,,single
1790950052,2105980,0,,single
1790950053,2320620,0,,single
1790950055,3664240,1,,single
1790950056,292880,0,,single
1790950058,361020,10,,single
1790950059,395420,0,,single
1790950061,448910,0,,single
1790950062,503830,0,,single
1790950063,590370,0,,single
1790950065,768800,0,,single
1790950066,819650,0,,single
1790950067,916140,0,,single
1790950069,1005130,2,,single
1790950070,1039370,0,,single
1790950072,1281170,0,,single
1790950073,1388230,0,,single
1790950074,1569150,0,,single
1790950076,1723530,1,,single
1790950078,1926870,0,,single
1790950080,2004610,1,,single
1790950081,2217740,1,,single
1790950082,3116460,46,,single
1790950084,3533330,0,,single
1790950085,326380,0,,single
1790950087,435020,1,,single
1790950088,490080,2,,single
1790950090,575890,1,,single
1790950091,709870,0,,single
1790950092,870110,0,,single
1790950094,972160,0,,single
1790950095,1081450,1,,single
1790950096,1213370,0,,single
1790950098,1226000,0,,single
1790950099,1403710,0,,single
1790950101,1650860,0,,single
1790950102,1940410,0,,single
1790950104,2022880,2,,single
1790950105,2573050,0,,single
1790950106,2702470,0,,single
1790950108,3470480,1,,single
1790950110,4272540,5,,single
1790950111,343370,0,,single
1790950112,438010,0,,single
1790950114,514150,0,,single
1790950115,610680,0,,single
1790950117,899470,0,,single
1790950118,1240550,0,,single
1790950119,1498550,9,,single
1790950121,1590750,0,,single
1790950122,1820050,0,,single
1790950124,1947660,0,,single
1790950125,2119110,0,,single
1790950127,2219190,0,,single
1790950128,2266320,0,,single
1790950130,3032190,0,,single
1790950131,3966070,8,,single
1790950132,289480,2,,single
1790950134,420950,0,,single
1790950136,509610,2,,single
1790950137,563550,0,,single
1790950138,588620,0,,single
1790950140,738270,1,,single
1790950141,953230,0,,single
1790950142,1270850,0,,single
1790950144,1346980,0,,single
1790950145,1448820,1,,single
1790950147,1778330,1,,single
1790950148,1882140,15,,single
1790950150,2103480,0,,single
1790950151,2828960,0,,single
1790950152,10230,0,,single
1790950154,272010,2,,single
1790950155,356000,0,,single
1790950156,564960,1,,single
1790950158,722920,5,,single
1790950159,831770,0,,single
1790950161,851150,0,,single
1790950162,973800,0,,single
1790950164,1224530,0,,single
1790950165,1309860,2,,single
1790950166,1415920,1,,single
1790950168,1587860,1,,single
1790950169,1630630,0,,single
1790950171,1753500,2,,single
1790950172,1817470,0,,single
1790950174,1942120,3,,single
1790950175,2077720,0,,single
1790950177,2249210,0,,single
1790950178,2437690,8,,single
1790950179,3306920,2,,single
1790950181,32740,1,,single
1790950182,385360,0,,single
1790950184,525690,0,,single
1790950185,758080,0,,single
1790950186,954530,0,,single
1790950188,1087720,2,,single
1790950189,1208590,0,,single
1790950191,1510620,0,,single
1790950192,1804610,0,,single
1790950194,2138780,0,,single
1790950195,2403620,0,,single
1790950196,2490930,5,,single
1790950198,2661210,3,,single
1790950199,2701750,1,,single
1790950201,218020,0,,single
1790950202,299080,1,,single
1790950204,348270,0,,single
1790950205,381590,0,,single
1790950206,524250,0,,single
1790950208,607040,0,,single
1790950209,662230,1,,single
1790950211,838110,0,,single
1790950212,956600,0,,single
1790950214,1089930,0,,single
1790950215,1247020,0,,single
1790950216,1277950,4,,single
1790950218,1362310,0,,single
1790950220,1521930,0,,single
1790950221,1586710,1,,single
1790950222,1899350,0,,single
1790950225,2159670,5,,single
1790950226,2323980,0,,single
1790950228,2421800,0,,single
1790950229,2537730,6,,single
1790950231,3685340,0,,single
1790950233,4293360,1,,single
1790950234,65080,0,,single
1790950235,433290,4,,single
1790950237,494740,4,,single
1790950238,586790,2,,single
1790950240,626640,0,,single
1790950241,755950,1,,single
1790950242,918070,0,,single
1790950244,1233690,0,,single
1790950245,1590700,1,,single
1790950247,1624830,0,,single
1790950248,1759920,0,,single
1790950249,1831260,0,,single
1790950251,2064150,0,,single
1790950252,2380450,0,,single
1790950254,2676930,3,,single
1790950255,3025790,0,,single
1790950257,4151140,3,,single
1790950259,348340,0,,single
1790950260,448670,1,,single
1790950262,524600,0,,single
1790950263,654910,0,,single
1790950264,789260,1100,,single
1790950266,924800,1,,single
1790950267,1151530,0,,single
1790950269,1432200,1,,single
1790950270,1574800,0,,single
1790950271,1693650,0,,single
1790950273,1793150,0,,single
1790950274,1997250,1,,single
1790950275,2298080,0,,single
1790950277,2961330,0,,single
1790950278,3251850,0,,single
1790950280,311100,0,,single
1790950281,398640,0,,single
1790950282,598940,0,,single
1790950284,699540,0,,single
1790950285,857500,0,,single
1790950287,1057600,0,,single
1790950288,1386620,0,,single
1790950289,1488430,0,,single
1790950291,1596750,1,,single
1790950292,1793380,0,,single
1790950293,1861490,2,,single
1790950295,2019990,1,,single
1790950296,2146720,0,,single
1790950298,2349040,0,,single
1790950299,2686690,1,,single
1790950301,3676110,9,,single
1790950302,297590,0,,single
1790950304,370600,1,,single
1790950305,433920,0,,single
1790950306,525190,0,,single
1790950308,575970,0,,single
1790950309,673910,0,,single
1790950311,964230,0,,single
1790950312,1183580,0,,single
1790950313,1496320,0,,single
1790950315,1604280,0,,single
1790950316,1714190,1,,single
1790950318,2097490,0,,single
1790950319,2377110,1,,single
1790950320,3237680,0,,single
1790950322,4643930,7,,single
1790950323,300900,0,,single
1790950325,330370,0,,single
1790950326,384700,0,,single
1790950328,410770,0,,single
1790950329,501860,0,,single
1790950330,541190,1,,single
1790950332,591750,0,,single
1790950334,689710,0,,single
1790950336,810640,0,,single
1790950338,873610,0,,single
1790950339,944430,0,,single
1790950341,1084220,1,,single
1790950343,1257860,1,,single
1790950346,1333460,0,,single
1790950347,1448840,0,,single
1790950349,1592230,0,,single
1790950350,1771130,0,,single
1790950352,1987060,0,,single
1790950353,2012530,0,,single
1790950354,2088680,0,,single
1790950356,2290010,0,,single
1790950357,2546110,0,,single
1790950359,3172670,0,,single
1790950360,283840,1,,single
1790950362,418000,0,,single
1790950363,470300,0,,single
1790950364,554280,0,,single
1790950366,599840,0,,single
1790950367,759750,0,,single
1790950369,824760,0,,single
1790950370,843900,0,,single
1790950371,916950,0,,single
1790950373,1083760,0,,single
1790950374,1188900,0,,single
1790950376,1301590,0,,single
1790950377,1410440,0,,single
1790950379,1588340,0,,single
1790950380,1673090,1,,single
1790950381,1754260,0,,single
1790950385,2321860,4,,single
1790950386,2659970,0,,single
1790950387,3344930,4,,single
1790950389,4819360,11,,single
1790950390,317440,0,,single
1790950391,362920,0,,single
1790950393,497080,5,,single
1790950394,573210,1,,single
1790950396,710190,0,,single
1790950398,999350,0,,single
1790950399,1020030,0,,single
1790950401,1058350,0,,single
1790950403,1195070,1,,single
1790950404,1272130,9,,single
1790950405,1346890,0,,single
1790950407,1405220,0,,single
1790950409,1498590,0,,single
1790950410,1797630,0,,single
1790950411,2101110,9,,single
1790950413,2313930,0,,single
1790950414,3938540,6,,single
1790950415,32200,0,,single
1790950417,381880,0,,single
1790950418,459830,0,,single
1790950420,604010,0,,single
1790950421,756600,0,,single
1790950422,916040,0,,single
1790950424,1014280,1,,single
1790950425,1049880,14,,single
1790950426,1122730,0,,single
1790950428,1209510,1,,single
1790950429,1300310,1,,single
1790950430,1318750,1,,single
1790950432,1560010,0,,single
1790950433,1707560,0,,single
1790950435,1728490,2,,single
1790950436,1899950,0,,single
1790950437,2084820,0,,single
1790950439,2405280,24,,single
1790950440,3748230,0,,single
1790950442,229970,2,,single
1790950443,346670,1,,single
1790950444,464500,0,,single
1790950446,572660,1,,single
1790950447,671170,1,,single
1790950449,764430,0,,single
1790950450,973240,1,,single
1790950451,1139140,0,,single
1790950453,1181520,0,,single
1790950454,1342740,1,,single
1790950456,1548050,0,,single
1790950457,1609090,0,,single
1790950458,1786230,0,,single
1790950460,1933970,4,,single
1790950461,2146070,1,,single
1790950463,2421950,1,,single
1790950464,2639000,7,,single
1790950466,3521250,1,,single
1790950467,321560,0,,single
1790950469,421260,0,,single
1790950471,449820,0,,single
1790950472,563810,0,,single
1790950473,578830,0,,single
1790950475,704010,0,,single
1790950477,905090,0,,single
1790950478,1011830,0,,single
1790950479,1198390,0,,single
1790950481,1308880,0,,single
1790950483,1551920,0,,single
1790950484,1698480,0,,single
1790950485,1716600,0,,single
1790950487,1903970,0,,single
1790950488,2004290,6,,single
1790950490,2143010,0,,single
1790950491,2427570,3,,single
1790950493,2519420,0,,single
1790950494,3562310,0,,single
1790950495,5101080,3,,single
1790950497,313660,0,,single
1790950499,402220,1,,single
1790950500,515910,0,,single
1790950501,548720,0,,single
1790950503,603060,0,,single
1790950504,743850,0,,single
1790950506,834800,0,,single
1790950507,1116770,0,,single
1790950508,1452020,0,,single
1790950510,1537740,0,,single
1790950511,1602620,1,,single
1790950513,1778500,1,,single
1790950514,2062920,0,,single
1790950516,2207070,47,,single
1790950517,2549760,0,,single
1790950519,2952570,1,,single
1790950520,4442190,1,,single
1790950522,3510,1,,single
1790950523,428510,1,,single
1790950524,528070,0,,single
1790950526,644080,1,,single
1790950527,693890,0,,single
1790950529,751980,0,,single
1790950530,853480,0,,single
1790950531,977300,0,,single
1790950533,1079630,0,,single
1790950534,1204470,1,,single
1790950536,1547340,0,,single
1790950537,1669340,0,,single
1790950538,1805040,0,,single
1790950540,1810610,0,,single
1790950541,2230220,1,,single
1790950543,2735060,1,,single
1790950544,4093240,5,,single
1790950545,262810,0,,single
1790950547,305390,0,,single
1790950548,365210,0,,single
1790950549,502100,0,,single
1790950551,616240,0,,single
1790950552,677280,0,,single
1790950554,862110,0,,single
1790950555,899200,0,,single
1790950556,1041940,0,,single
1790950558,1099460,0,,single
1790950559,1150990,0,,single
1790950561,1329080,0,,single
1790950562,1458980,0,,single
1790950564,1566230,0,,single
1790950565,1652490,0,,single
1790950566,1779710,0,,single
1790950568,2009450,0,,single
1790950569,2215540,1,,single
1790950571,2364810,0,,single
1790950572,2587590,0,,single
1790950574,2685230,0,,single
1790950575,234510,0,,single
1790950577,317840,0,,single
1790950578,374950,0,,single
1790950579,436000,0,,single
1790950581,547710,0,,single
1790950582,715690,0,,single
1790950584,893610,0,,single
1790950585,935560,0,,single
1790950587,1055310,0,,single
1790950588,1150550,0,,single
1790950589,1233350,1,,single
1790950591,1410370,0,,single
1790950592,1505540,0,,single
1790950594,1527880,0,,single
1790950595,1711120,0,,single
1790950596,1882550,0,,single
1790950598,2097880,0,,single
1790950599,2175800,0,,single
1790950600,2393810,0,,single
1790950602,2520590,4,,single
1790950603,2635120,0,,single
1790950605,2858050,0,,single
1790950606,3670880,3,,single
1790950608,329640,0,,single
1790950609,368760,0,,single
1790950611,423650,0,,single
1790950612,467810,0,,single
1790950613,486850,1,,single
1790950615,550400,1,,single
1790950616,628130,10,,single
1790950618,706320,0,,single
1790950619,886060,0,,single
1790950621,971430,0,,single
1790950622,1088880,0,,single
1790950623,1204930,0,,single
1790950625,1424300,0,,single
1790950626,1509450,0,,single
1790950627,1740420,0,,single
1790950629,2132350,0,,single
1790950630,2232180,0,,single
1790950632,2418120,1,,single
1790950633,3244290,0,,single
1790950635,38150,12,,single
1790950636,401120,0,,single
1790950638,546070,1,,single
1790950639,604770,0,,single
1790950640,710110,0,,single
1790950642,861720,0,,single
1790950643,922700,0,,single
1790950644,1039960,0,,single
1790950646,1155460,1,,single
1790950647,1221320,0,,single
1790950649,1304420,1,,single
1790950650,1390600,0,,single
1790950652,1418830,0,,single
1790950653,1509040,0,,single
1790950655,1765180,0,,single
1790950656,1928670,0,,single
1790950657,2052680,0,,single
1790950659,2251540,0,,single
1790950660,2426310,1,,single
1790950662,2562350,0,,single
1790950664,3030240,0,,single
1790950665,205070,0,,single
1790950666,331720,0,,single
1790950668,392920,0,,single
1790950669,459680,0,,single
1790950671,563340,0,,single
1790950672,688260,1,,single
1790950674,778010,0,,single
1790950675,858680,0,,single
1790950676,939350,1,,single
1790950678,1051890,0,,single
1790950679,1133990,0,,single
1790950680,1189460,0,,single
1790950682,1438090,0,,single
1790950683,1561060,0,,single
1790950685,1793800,0,,single
1790950686,2075160,0,,single
1790950688,2201230,0,,single
1790950689,2493160,0,,single
1790950690,2804300,0,,single
1790950692,4299970,17,,single
1790950693,99410,0,,single
1790950695,399720,0,,single
1790950696,619340,0,,single
1790950698,704880,0,,single
1790950699,929300,0,,single
1790950700,1090390,2,,single
1790950702,1173740,0,,single
1790950703,1215200,0,,single
1790950704,1304320,3,,single
1790950706,1454000,2,,single
1790950707,1607530,0,,single
1790950709,1740230,0,,single
1790950710,2094730,0,,single
1790950712,2177570,1,,single
1790950713,2295070,0,,single
1790950714,2430790,0,,single
1790950716,3114300,1,,single
1790950717,260510,0,,single
1790950719,321160,0,,single
1790950720,356580,0,,single
1790950721,449640,0,,single
1790950723,533330,0,,single
1790950724,619810,0,,single
1790950726,671240,0,,single
1790950727,771530,0,,single
1790950728,832770,0,,single
1790950730,966720,1,,single
1790950731,1043430,0,,single
1790950732,1166600,0,,single
1790950734,1304780,1,,single
1790950735,1391280,0,,single
1790950737,1527500,0,,single
1790950738,1713990,0,,single
1790950740,1964870,0,,single
1790950741,2093420,0,,single
1790950742,2299240,0,,single
1790950744,2654450,0,,single
1790950745,3102820,0,,single
1790950747,3915320,21,,single
1790950748,301920,0,,single
1790950750,378490,0,,single
1790950751,404170,0,,single
1790950753,511540,0,,single
1790950754,546350,0,,single
1790950755,654820,0,,single
1790950757,710120,0,,single
1790950758,748020,0,,single
1790950760,977840,0,,single
1790950761,1161360,2,,single
1790950762,1389700,0,,single
1790950764,1469300,0,,single
1790950765,1547290,1,,single
1790950767,1649130,0,,single
1790950768,1854800,0,,single
1790950770,1964260,1,,single
1790950771,2052080,0,,single
1790950772,2526580,0,,single
1790950774,4265410,3,,single
1790950775,31870,0,,single
1790950777,302360,1,,single
1790950778,362130,0,,single
1790950780,437030,0,,single
1790950781,482990,0,,single
1790950783,563320,0,,single
1790950785,604140,0,,single
1790950786,704200,0,,single
1790950788,790930,0,,single
1790950789,836860,0,,single
1790950790,857470,0,,single
1790950792,986830,1,,single
1790950793,1006400,0,,single
1790950795,1096610,0,,single
1790950796,1127900,0,,single
1790950798,1346390,1,,single
1790950799,1442650,0,,single
1790950801,1492320,0,,single
1790950802,1581170,0,,single
1790950803,1764400,0,,single
1790950805,1820940,0,,single
1790950806,1907440,0,,single
1790950807,2095740,1,,single
1790950809,2210780,0,,single
1790950810,2399670,3,,single
1790950812,3035310,2,,single
1790950813,292670,1,,single
1790950815,320400,0,,single
1790950816,392190,0,,single
1790950819,491010,0,,single
1790950820,499100,2,,single
1790950822,560760,2,,single
1790950823,620080,0,,single
1790950825,654300,0,,single
1790950826,730220,0,,single
1790950827,765690,2,,single
1790950829,849620,0,,single
1790950830,994670,3,,single
1790950832,1187620,0,,single
1790950833,1253570,1,,single
1790950835,1313310,0,,single
1790950836,1398500,0,,single
1790950838,1524350,1,,single
1790950839,1571690,0,,single
1790950840,1685850,0,,single
1790950842,1913680,0,,single
1790950843,2147640,0,,single
1790950845,2287960,0,,single
1790950847,2556950,1,,single
1790950849,4375760,2,,single
1790950850,357890,0,,single
1790950851,431460,0,,single
1790950853,552200,0,,single
1790950855,686550,0,,single
1790950856,720940,0,,single
1790950858,915710,0,,single
1790950860,1089600,0,,single
1790950861,1161930,0,,single
1790950863,1261300,0,,single
1790950864,1386500,0,,single
1790950865,1458590,1,,single
1790950867,1554650,0,,single
1790950868,1653050,0,,single
1790950870,1726870,0,,single
1790950872,1934900,1,,single
1790950873,1993030,0,,single
1790950875,2351730,1,,single
1790950876,2755410,2,,single
1790950878,3850380,0,,single
1790950881,302110,0,,single
1790950882,335420,13,,single
1790950884,445420,0,,single
1790950885,478950,0,,single
1790950888,490980,0,,single
1790950890,552580,1,,single
1790950891,618710,0,,single
1790950893,634150,1,,single
1790950894,816720,1,,single
1790950896,858420,0,,single
1790950897,1014050,0,,single
1790950899,1137400,1,,single
1790950900,1238450,0,,single
1790950901,1286600,0,,single
1790950903,1435470,0,,single
1790950904,1603500,0,,single
1790950905,1831700,0,,single
1790950907,1933190,2,,single
1790950908,2165030,0,,single
1790950910,2215650,0,,single
1790950911,2281870,0,,single
1790950913,2799940,0,,single
1790950914,3450810,0,,single
1790950916,46740,0,,single
1790950918,334710,0,,single
1790950919,373360,0,,single
1790950920,466920,0,,single
1790950922,529700,3,,single
1790950923,642020,0,,single
1790950925,719660,0,,single
1790950926,805360,0,,single
1790950927,884990,0,,single
1790950929,1020590,0,,single
1790950930,1087330,0,,single
1790950932,1177690,0,,single
1790950934,1278210,0,,single
1790950936,1341190,0,,single
1790950937,1412240,0,,single
1790950938,1534850,1,,single
1790950940,1598300,0,,single
1790950942,1655940,1,,single
1790950943,1747900,2,,single
1790950944,1800370,0,,single
1790950946,1986240,0,,single
1790950947,2013060,1,,single
1790950948,2203170,0,,single
1790950950,2257400,0,,single
1790950951,2394070,2,,single
1790950952,2566270,11,,single
1790950954,3785130,1,,single
1790950955,259940,0,,single
1790950957,307930,0,,single
1790950958,352960,0,,single
1790950959,386050,0,,single
1790950961,536420,2,,single
1790950962,601180,1,,single
1790950964,705670,0,,single
1790950965,745950,0,,single
1790950966,827610,1,,single
1790950968,862130,0,,single
1790950969,933060,0,,single
1790950971,988940,0,,single
1790950972,1072270,0,,single
1790950973,1203570,0,,single
1790950975,1236860,0,,single
1790950976,1288410,0,,single
1790950978,1405950,0,,single
1790950979,1588940,4,,single
1790950980,1618020,0,,single
1790950982,1792600,0,,single
1790950983,1902120,0,,single
1790950985,1996600,0,,single
1790950987,2057970,1,,single
1790950988,2210710,0,,single
1790950990,2251510,0,,single
1790950991,2364990,0,,single
1790950993,2429090,0,,single
1790950994,2488690,0,,single
1790950996,2989760,3,,single
1790950997,3520,3,,single
1790950999,266250,0,,single
1790951000,329630,3,,single
1790951002,365480,0,,single
1790951003,394030,0,,single
1790951005,481600,0,,single
1790951006,492370,0,,single
1790951008,548230,0,,single
1790951009,590870,11,,single
1790951011,655380,0,,single
1790951012,817680,0,,single
1790951014,1051670,0,,single
1790951015,1084870,0,,single
1790951017,1284180,0,,single
1790951018,1342090,0,,single
1790951020,1448800,0,,single
1790951021,1477050,0,,single
1790951023,1569930,3,,single
1790951024,1706640,0,,single
1790951027,1776930,0,,single
1790951028,1897250,0,,single
1790951030,2010110,0,,single
1790951031,2135990,0,,single
1790951033,2360250,0,,single
1790951034,2505580,0,,single
1790951036,3007270,8,,single
1790951037,4184720,17,,single
1790951039,332700,0,,single
1790951040,405540,0,,single
1790951042,514410,0,,single
1790951043,610610,0,,single
1790951045,703920,0,,single
1790951046,804000,0,,single
1790951048,892780,1,,single
1790951049,907950,1,,single
1790951051,1028300,0,,single
1790951052,1116260,0,,single
1790951053,1242630,0,,single
1790951055,1267010,0,,single
1790951056,1577260,0,,single
1790951058,1679740,0,,single
1790951059,1788940,0,,single
1790951061,1906140,0,,single
1790951062,1998170,0,,single
1790951064,2112200,0,,single
1790951065,2281610,0,,single
1790951067,2418000,10,,single
1790951068,3989640,0,,single
1790951069,215770,0,,single
1790951071,333990,0,,single
1790951072,501220,0,,single
1790951073,562640,0,,single
1790951075,705090,0,,single
1790951077,791240,0,,single
1790951078,945140,0,,single
1790951080,1011030,0,,single
1790951081,1074770,0,,single
1790951083,1192910,0,,single
1790951085,1241910,2,,single
1790951086,1249080,0,,single
1790951088,1301230,0,,single
1790951089,1403990,2,,single
1790951091,1459710,0,,single
1790951092,1519590,0,,single
1790951093,1604800,0,,single
1790951095,1765160,1,,single
1790951096,1861630,0,,single
1790951098,1901410,0,,single
1790951099,2019240,1,,single
1790951101,2192840,0,,single
1790951102,2473070,4,,single
1790951104,2708880,2,,single
1790951105,4013510,17,,single
1790951107,316140,0,,single
1790951108,503680,1,,single
1790951110,536450,0,,single
1790951111,635410,0,,single
1790951113,734900,1,,single
1790951114,794190,0,,single
1790951116,864430,0,,single
1790951118,1000470,0,,single
1790951119,1126470,1,,single
1790951121,1262720,0,,single
1790951122,1309780,0,,single
1790951124,1417500,0,,single
1790951125,1573790,0,,single
1790951127,1633430,0,,single
1790951128,1747510,0,,single
1790951129,1909330,0,,single
1790951131,2087910,0,,single
1790951132,2205600,0,,single
1790951134,2345110,1,,single
1790951136,2390000,1,,single
1790951137,2475980,2,,single
1790951141,3325590,0,,single
1790951142,284020,0,,single
1790951144,328450,1,,single
1790951145,361950,1,,single
1790951147,371710,0,,single
1790951149,428350,0,,single
1790951151,458540,0,,single
1790951152,499210,0,,single
1790951154,703730,0,,single
1790951155,746040,0,,single
1790951157,805880,0,,single
1790951158,816180,0,,single
1790951160,851710,0,,single
1790951161,1051250,0,,single
1790951163,1092260,0,,single
1790951164,1251680,0,,single
1790951166,1389200,0,,single
1790951167,1634950,1,,single
1790951168,1705580,0,,single
1790951170,1794300,0,,single
1790951171,1801220,0,,single
1790951173,1914740,0,,single
1790951174,2086540,1,,single
1790951176,4623570,38962,,single
1790951177,4870460,4,,single
1790951178,2218460,26,,single
1790951180,2302820,0,,single
1790951182,2423070,1,,single
1790951183,2502600,0,,single
1790951185,2564970,1,,single
1790951186,3427140,0,,single
1790951187,315320,0,,single
1790951189,337980,1,,single
1790951190,491670,2,,single
1790951192,585240,0,,single
1790951193,761790,0,,single
1790951195,828660,1,,single
1790951196,933080,0,,single
1790951197,1013040,0,,single
1790951199,1059890,0,,single
1790951200,1228600,0,,single
1790951202,1276070,2,,single
1790951203,1332970,0,,single
1790951205,1371500,0,,single
1790951206,1511040,0,,single
1790951208,1659090,0,,single
1790951209,1800890,0,,single
1790951211,1991950,0,,single
1790951212,2014930,0,,single
1790951214,2072890,0,,single
1790951215,2105840,3,,single
1790951217,2414640,0,,single
1790951218,2573950,0,,single
1790951219,3213410,1,,single
1790951221,4460220,0,,single
1790951223,302170,1,,single
1790951224,335660,0,,single
1790951226,408060,0,,single
1790951229,464440,0,,single
1790951230,512260,2,,single
1790951233,564700,0,,single
1790951234,671260,0,,single
1790951236,757030,0,,single
1790951237,796900,0,,single
1790951238,942060,0,,single
1790951240,1023140,1,,single
1790951241,1066430,0,,single
1790951243,1160410,0,,single
1790951246,1236490,0,,single
1790951248,1291860,0,,single
1790951249,1383050,0,,single
1790951251,1451200,0,,single
1790951252,1604060,3,,single
1790951254,1790360,2,,single
1790951255,1911780,0,,single
1790951256,2014370,1,,single
1790951258,2199360,0,,single
1790951259,2253290,0,,single
1790951261,2478810,1,,single
1790951262,2633760,0,,single
1790951263,3859750,6,,single
1790951265,231020,0,,single
1790951266,322980,0,,single
1790951268,403100,1,,single
1790951269,518650,1,,single
1790951271,597730,0,,single
1790951272,643610,0,,single
1790951274,719080,0,,single
1790951275,796440,0,,single
1790951277,813450,0,,single
1790951278,851820,0,,single
1790951279,904440,0,,single
1790951281,1015430,0,,single
1790951282,1126580,0,,single
1790951284,1170340,2,,single
1790951285,1332450,1,,single
1790951287,1470790,0,,single
1790951288,1727220,0,,single
1790951289,1809250,0,,single
1790951291,2073050,0,,single
1790951292,2161110,0,,single
1790951294,2413720,0,,single
1790951295,3111240,0,,single
1790951297,3690810,0,,single
1790951298,279500,0,,single
1790951299,385440,0,,single
1790951301,462240,0,,single
1790951302,527740,0,,single
1790951304,597060,0,,single
1790951305,671920,0,,single
1790951307,685990,0,,single
1790951308,736110,0,,single
1790951310,804600,0,,single
1790951311,840710,0,,single
1790951313,900790,0,,single
1790951314,985530,0,,single
1790951315,1047950,0,,single
1790951317,1200650,0,,single
1790951318,1280950,0,,single
1790951320,1417730,0,,single
1790951321,1499800,0,,single
1790951323,1550750,0,,single
1790951324,1651950,0,,single
1790951326,1787920,0,,single
1790951327,1931600,0,,single
1790951328,2113660,0,,single
1790951330,2237940,0,,single
1790951331,2427000,1,,single
1790951333,2551280,0,,single
1790951334,3774560,1,,single
1790951336,3610,4,,single
1790951338,299180,0,,single
1790951339,395380,0,,single
1790951340,492600,0,,single
1790951342,539340,0,,single
1790951344,711380,0,,single
1790951345,779360,3,,single
1790951347,952920,1,,single
1790951348,1074520,0,,single
1790951350,1263820,0,,single
1790951351,1341930,0,,single
1790951352,1461490,0,,single
1790951354,1585250,0,,single
1790951355,1733840,0,,single
1790951357,1820570,0,,single
1790951358,1883920,0,,single
1790951360,2101290,0,,single
1790951361,2152940,0,,single
1790951363,2269980,0,,single
1790951364,2520000,0,,single
1790951366,2799920,2,,single
1790951367,12420,0,,single
1790951369,327910,0,,single
1790951370,438820,3,,single
1790951372,596910,0,,single
1790951373,729570,0,,single
1790951375,828910,0,,single
1790951376,893070,0,,single
1790951378,1040390,0,,single
1790951379,1085520,0,,single
1790951380,1184500,0,,single
1790951382,1265870,0,,single
1790951383,1351290,0,,single
1790951385,1456020,0,,single
1790951386,1611290,2,,single
1790951388,1639690,1,,single
1790951389,1677410,0,,single
1790951391,1824840,1,,single
1790951392,1967470,0,,single
1790951393,2139440,0,,single
1790951395,2256230,0,,single
1790951397,2307160,3,,single
1790951398,2460050,0,,single
1790951399,2722570,0,,single
1790951401,4178920,6,,single
1790951402,320970,3,,single
1790951404,380560,1,,single
1790951405,449450,0,,single
1790951407,525450,0,,single
1790951408,586130,10,,single
1790951412,595660,2,,single
1790951413,641910,0,,single
1790951415,756260,0,,single
1790951416,812110,0,,single
1790951418,837800,0,,single
1790951419,1005990,0,,single
1790951421,1056230,0,,single
1790951422,1173270,0,,single
1790951424,1239580,0,,single
1790951425,1285630,0,,single
1790951427,1514480,0,,single
1790951428,1676200,0,,single
1790951430,1734400,0,,single
1790951431,1831980,4,,single
1790951432,1875140,0,,single
1790951434,1977450,0,,single
1790951436,2050740,0,,single
1790951437,2118680,1,,single
1790951438,2335220,1,,single
1790951440,2475780,0,,single
1790951441,2703180,0,,single
1790951443,2975030,0,,single
1790951444,3272980,1,,single
1790951446,3747360,0,,single
1790951447,4130040,5,,single
1790951449,313470,1,,single
1790951450,368250,0,,single
1790951452,403780,0,,single
1790951453,439770,0,,single
1790951455,490510,0,,single
1790951457,562660,0,,single
1790951458,656900,0,,single
1790951460,755350,0,,single
1790951461,810630,0,,single
1790951463,839670,2,,single
1790951464,941020,0,,single
1790951466,970400,0,,single
1790951467,1091470,0,,single
1790951469,1151750,0,,single
1790951470,1194140,0,,single
1790951472,1211370,0,,single
1790951473,1261090,0,,single
1790951475,1315270,0,,single
1790951476,1414470,0,,single
1790951478,1458000,0,,single
1790951479,1525490,0,,single
1790951481,1660480,0,,single
1790951482,1811910,0,,single
1790951483,1878770,0,,single
1790951485,2059480,0,,single
1790951487,2170920,0,,single
1790951489,2361080,0,,single
1790951490,2766940,0,,single
1790951491,3226190,0,,single
1790951493,3452230,1,,single
1790951494,11250,0,,single
1790951496,349690,0,,single
1790951497,390510,0,,single
1790951499,429220,0,,single
1790951500,504880,0,,single
1790951502,545830,0,,single
1790951503,578690,0,,single
1790951505,601640,0,,single
1790951506,637330,0,,single
1790951508,718320,0,,single
1790951509,794950,1,,single
1790951511,870100,0,,single
1790951512,966010,0,,single
1790951513,998990,1,,single
1790951515,1048270,0,,single
1790951517,1107060,0,,single
1790951518,1155420,0,,single
1790951520,1177640,0,,single
1790951521,1216540,0,,single
1790951523,1250180,0,,single
1790951524,1410600,0,,single
1790951526,1448990,0,,single
1790951527,1536770,0,,single
1790951529,1597060,0,,single
1790951530,1673040,0,,single
1790951532,1733300,0,,single
1790951533,1851000,0,,single
1790951535,2091130,2,,single
1790951536,2206680,0,,single
1790951538,2303720,1,,single
1790951539,2421910,0,,single
1790951540,2551110,8,,single
1790951542,2633150,0,,single
1790951543,3150170,0,,single
1790951545,60340,5,,single
1790951547,315680,0,,single
1790951549,364250,0,,single
1790951550,437080,0,,single
1790951552,467720,0,,single
1790951553,511570,0,,single
1790951555,520380,0,,single
1790951556,566780,0,,single
1790951557,576950,0,,single
1790951559,611850,0,,single
1790951560,642730,0,,single
1790951562,722810,3,,single
1790951563,818610,0,,single
1790951565,948990,0,,single
1790951566,998790,3,,single
1790951568,1049670,0,,single
1790951569,1091210,1,,single
1790951571,1133070,0,,single
1790951572,1258790,0,,single
1790951574,1362430,0,,single
1790951575,1450800,0,,single
1790951577,1509080,0,,single
1790951578,1526870,0,,single
1790951580,1562230,0,,single
1790951581,1618050,0,,single
1790951583,1701890,0,,single
1790951584,1804760,0,,single
1790951586,1896160,2,,single
1790951588,1999870,0,,single
1790951589,2096620,0,,single
1790951591,2173730,0,,single
1790951592,2299890,0,,single
1790951594,2395260,0,,single
1790951595,2545830,0,,single
1790951596,3830980,0,,single
1790951598,37390,0,,single
1790951600,329670,1,,single
1790951602,361200,0,,single
1790951603,384480,0,,single
1790951605,491720,0,,single
1790951606,595090,0,,single
1790951608,675720,0,,single
1790951609,716230,0,,single
1790951611,782130,0,,single
1790951612,841210,0,,single
1790951614,917140,1,,single
1790951615,949770,0,,single
1790951617,961040,0,,single
1790951619,982350,0,,single
1790951620,1059150,1,,single
1790951622,1128570,0,,single
1790951623,1176170,0,,single
1790951625,1282080,0,,single
1790951626,1336790,0,,single
1790951628,1469540,0,,single
1790951629,1489660,0,,single
1790951630,1543520,0,,single
1790951632,1562930,0,,single
1790951633,1630360,0,,single
1790951635,1835830,0,,single
1790951636,2059960,0,,single
1790951638,2150200,1,,single
1790951640,2389700,0,,single
1790951642,2954830,0,,single
1790951643,3220050,4,,single
1790951644,4429920,1,,single
1790951647,320790,0,,single
1790951648,423600,0,,single
1790951649,499610,0,,single
1790951651,542930,0,,single
1790951652,623170,0,,single
1790951654,708450,0,,single
1790951655,735410,0,,single
1790951657,821410,0,,single
1790951659,909670,0,,single
1790951660,1006250,0,,single
1790951662,1042990,1,,single
1790951663,1125860,0,,single
1790951665,1189360,0,,single
1790951666,1243700,0,,single
1790951668,1331330,1,,single
1790951670,1419060,0,,single
1790951671,1520170,0,,single
1790951673,1566840,0,,single
1790951674,1593280,0,,single
1790951676,1653420,0,,single
1790951677,1771430,0,,single
1790951679,1817290,0,,single
1790951680,2003220,0,,single
1790951681,2025700,0,,single
1790951683,2062940,0,,single
1790951685,2217680,0,,single
1790951686,2414950,0,,single
1790951687,2660650,0,,single
1790951689,4843710,34,,single
1790951690,260000,0,,single
1790951692,294460,0,,single
1790951693,343840,0,,single
1790951695,365400,1,,single
1790951696,402300,0,,single
1790951698,487040,0,,single
1790951699,527900,0,,single
1790951701,686360,0,,single
1790951702,745250,0,,single
1790951704,827920,0,,single
1790951705,907380,0,,single
1790951707,950210,0,,single
1790951709,1036260,0,,single
1790951710,1090210,0,,single
1790951711,1123790,0,,single
1790951713,1145560,0,,single
1790951714,1212190,0,,single
1790951716,1256490,0,,single
1790951717,1268250,0,,single
1790951719,1351360,0,,single
1790951720,1508660,3,,single
1790951722,1566090,0,,single
1790951723,1725620,0,,single
1790951725,1761870,0,,single
1790951727,1842610,1,,single
1790951728,1911220,4,,single
1790951730,2082270,2,,single
1790951731,2176760,1,,single
1790951732,2299150,0,,single
1790951734,2398410,0,,single
1790951735,3141890,0,,single
1790951736,3857950,0,,single
1790951738,18480,1,,single
1790951739,364800,0,,single
1790951741,403090,0,,single
1790951742,505070,0,,single
1790951744,585090,0,,single
1790951745,601240,0,,single
1790951747,618490,0,,single
1790951748,667800,2,,single
1790951750,733090,0,,single
1790951751,845050,0,,single
1790951752,859640,0,,single
1790951754,878180,0,,single
1790951755,929120,0,,single
1790951757,965830,0,,single
1790951758,1029170,0,,single
1790951760,1111830,0,,single
1790951762,1195910,0,,single
1790951763,1250610,2,,single
1790951765,1454550,1,,single
1790951767,1524340,0,,single
1790951768,1655890,0,,single
1790951770,1694230,1,,single
1790951771,1734250,0,,single
1790951773,1897820,0,,single
1790951774,2242320,0,,single
1790951775,2567490,0,,single
1790951777,3461890,0,,single
1790951778,3710450,0,,single
1790951779,4596050,4,,single
1790951781,275830,5,,single
1790951783,293920,0,,single
1790951784,369560,0,,single
1790951786,431850,0,,single
1790951787,499110,0,,single
1790951789,535280,0,,single
1790951790,556710,0,,single
1790951791,618690,0,,single
1790951793,701040,0,,single
1790951794,928670,2,,single
1790951796,943190,0,,single
1790951798,1092780,0,,single
1790951799,1122280,0,,single
1790951800,1178200,0,,single
1790951802,1268370,1,,single
1790951803,1373180,0,,single
1790951805,1417540,0,,single
1790951806,1493720,0,,single
1790951807,1631790,0,,single
1790951809,1805270,0,,single
1790951810,1837820,0,,single
1790951812,1855170,0,,single
1790951813,1947460,0,,single
1790951815,1955800,5,,single
1790951816,1972190,1,,single
1790951817,2022910,0,,single
1790951819,2081970,1,,single
1790951821,2138790,0,,single
1790951822,2256280,1,,single
1790951824,2355080,0,,single
1790951825,2485070,0,,single
1790951827,2588580,0,,single
1790951828,2674930,1,,single
1790951829,3714470,0,,single
1790951831,4320510,8,,single
1790951832,303910,2,,single
1790951834,362830,0,,single
1790951836,399140,0,,single
1790951837,464070,0,,single
1790951838,546790,0,,single
1790951840,580420,0,,single
1790951841,610570,5,,single
1790951844,658050,0,,single
1790951846,761630,0,,single
1790951848,864130,0,,single
1790951849,935360,3,,single
1790951851,957080,2,,single
1790951852,1086030,0,,single
1790951853,1157260,0,,single
1790951855,1214180,0,,single
1790951857,1222600,0,,single
1790951858,1332860,0,,single
1790951860,1377300,0,,single
1790951861,1400760,0,,single
1790951862,1473550,0,,single
1790951864,1535200,0,,single
1790951865,1649570,0,,single
1790951867,1808700,0,,single
1790951868,1870490,0,,single
1790951870,1928710,0,,single
1790951871,1982620,0,,single
1790951873,2094350,1,,single
1790951875,2145810,0,,single
1790951876,2236900,0,,single
1790951878,2338120,0,,single
1790951880,2396060,0,,single
1790951881,2596670,0,,single
1790951883,3200590,0,,single
1790951884,3625740,1,,single
1790951885,277510,0,,single
1790951887,298840,0,,single
1790951888,327150,0,,single
1790951890,401250,0,,single
1790951891,440790,0,,single
1790951892,521760,2,,single
1790951894,628100,50,,single
1790951895,644420,0,,single
1790951897,683220,0,,single
1790951898,701540,0,,single
1790951900,932210,0,,single
1790951901,1090930,0,,single
1790951903,1185470,0,,single
1790951904,1202150,1,,single
1790951906,1216610,0,,single
1790951907,1367420,0,,single
1790951909,1388430,0,,single
1790951910,1464730,0,,single
1790951912,1556610,0,,single
1790951913,1636460,1,,single
1790951914,1700110,1,,single
1790951916,1721270,0,,single
1790951917,1904560,1,,single
1790951919,2005680,0,,single
1790951920,2082510,0,,single
1790951922,2191620,1,,single
1790951923,2334340,0,,single
1790951925,2392730,0,,single
1790951926,2592040,0,,single
1790951928,2756120,1,,single
1790951929,2958140,0,,single
1790951930,3635490,16,,single
1790951932,4065090,1,,single
1790951933,4585540,3,,single
1790951934,7340,0,,single
1790951936,320090,0,,single
1790951938,356280,0,,single
1790951939,406650,0,,single
1790951941,448620,0,,single
1790951942,545470,0,,single
1790951944,571060,0,,single
1790951945,586060,0,,single
1790951946,661470,1,,single
1790951948,752640,2,,single
1790951949,853210,0,,single
1790951951,945740,0,,single
1790951952,1037840,0,,single
1790951954,1112570,0,,single
1790951955,1174550,0,,single
1790951957,1277320,1,,single
1790951958,1336380,0,,single
1790951959,1402790,0,,single
1790951961,1440130,0,,single
1790951962,1515470,0,,single
1790951964,1623090,0,,single
1790951965,1744120,1,,single
1790951967,1776170,0,,single
1790951969,1848460,1,,single
1790951970,1893020,0,,single
1790951972,1952160,2,,single
1790951973,2003370,0,,single
1790951974,2173700,0,,single
1790951976,2251040,0,,single
1790951977,2284100,0,,single
1790951979,2362120,0,,single
1790951980,2415540,0,,single
1790951982,2557490,1,,single
1790951983,2994790,1,,single
1790951985,3146490,2,,single
1790951986,3620570,0,,single
1790951988,4911370,2,,single
1790951989,296790,0,,single
1790951991,314200,0,,single
1790951992,347520,1,,single
1790951994,433580,0,,single
1790951996,476510,1,,single
1790951998,526290,0,,single
1790952000,594320,0,,single
1790952001,607030,0,,single
1790952003,672970,0,,single
1790952005,679500,0,,single
1790952006,749860,0,,single
1790952008,775520,0,,single
1790952010,821720,0,,single
1790952012,864970,0,,single
1790952014,942800,0,,single
1790952015,971480,0,,single
1790952017,1014010,0,,single
1790952018,1045120,0,,single
1790952020,1126770,0,,single
1790952021,1213420,0,,single
1790952023,1267580,0,,single
1790952025,1271380,0,,single
1790952026,1386980,0,,single
1790952028,1437650,0,,single
1790952030,1576720,0,,single
1790952031,1592640,2,,single
1790952033,1668830,0,,single
1790952035,1753220,0,,single
1790952036,1809500,0,,single
1790952037,1827950,0,,single
1790952039,1834620,0,,single
1790952041,1863540,0,,single
1790952043,1888800,0,,single
1790952044,1943240,0,,single
1790952046,2109510,0,,single
1790952047,2181060,0,,single
1790952050,2217100,0,,single
1790952052,2247680,0,,single
1790952054,2391690,0,,single
1790952056,2443550,0,,single
1790952058,2698560,0,,single
1790952059,3203710,2,,single
1790952061,3418710,0,,single
1790952063,3771020,3,,single
1790952064,4272570,1,,single
1790952066,1912410,18457,,single
1790952068,3594090,96,,single
1790952069,5220090,43,,single
1790952071,4917440,672,,single
1790952072,5138000,111,,single
1790952074,4962560,41,,single
