ts,appid,concurrent,peak_in_game,src
1791239186,3376990,17,,single
1791239188,1055540,48,,single
1791239190,1129190,120,,single
1791239192,1567800,7,,single
1791239193,1717770,3,,single
1791239195,2124380,10,,single
1791239196,2714620,3,,single
1791239198,1089980,133,,single
1791239199,400,779,,single
1791239202,2231450,356,,single
1791239203,374320,4636,,single
1791239205,1623730,34551,,single
1791239207,3830,78,,single
1791239208,40800,114,,single
1791239210,204030,41,,single
1791239211,209370,1,,single
1791239213,219680,0,,single
1791239214,227000,3,,single
1791239216,238960,4484,,single
1791239217,251270,6,,single
1791239219,265210,8,,single
1791239221,274520,177,,single
1791239222,303610,7,,single
1791239224,316720,0,,single
1791239225,324160,57,,single
1791239227,335300,3909,,single
1791239228,345180,22,,single
1791239229,359510,41,,single
1791239231,373770,3,,single
1791239232,385240,1,,single
1791239234,409660,0,,single
1791239235,430960,0,,single
1791239237,477870,4,,single
1791239238,487430,2,,single
1791239240,508550,5,,single
1791239241,527430,129,,single
1791239243,562360,103,,single
1791239244,570940,3923,,single
1791239246,583470,25,,single
1791239247,635940,25,,single
1791239248,665370,4,,single
1791239250,711660,5,,single
1791239252,745920,87,,single
1791239253,768200,216,,single
1791239254,829280,2,,single
1791239256,869760,0,,single
1791239257,899440,34,,single
1791239259,913740,19,,single
1791239260,951000,2,,single
1791239262,969760,1,,single
1791239264,983870,177,,single
1791239265,1018850,5,,single
1791239266,1062520,527,,single
1791239268,1079260,36,,single
1791239269,1092700,10,,single
1791239271,1116580,3,,single
1791239272,1145350,3685,,single
1791239274,1169040,716,,single
1791239275,1177980,120,,single
1791239276,1230140,30,,single
1791239278,1245560,103,,single
1791239279,1277400,122,,single
1791239280,1321440,184,,single
1791239282,1369340,9,,single
1791239283,1382070,75,,single
1791239285,1446780,5832,,single
1791239286,1516240,0,,single
1791239288,1566200,50,,single
1791239289,1599020,15,,single
1791239291,1654660,5,,single
1791239292,1709880,17,,single
1791239293,1763250,202,,single
1791239295,1819460,13,,single
1791239296,1919460,15,,single
1791239298,1944570,11,,single
1791239299,2001120,1913,,single
1791239301,2238040,3,,single
1791239302,2250060,2,,single
1791239303,2276930,202,,single
1791239305,2354600,1,,single
1791239307,2415010,167,,single
1791239308,2484130,15,,single
1791239310,2637990,14,,single
1791239311,2877540,15,,single
1791239313,3069810,36,,single
1791239314,3290710,8,,single
1791239317,240,2221,,single
1791239318,2280,236,,single
1791239323,3480,265,,single
1791239324,4580,167,,single
1791239326,13230,31,,single
1791239327,22330,434,,single
1791239329,32440,246,,single
1791239330,35140,863,,single
1791239331,70400,19,,single
1791239333,107100,17,,single
1791239334,207610,235,,single
1791239336,219740,674,,single
1791239337,230290,402,,single
1791239338,238460,139,,single
1791239340,242680,137,,single
1791239341,246840,72,,single
1791239342,253230,223,,single
1791239344,264200,14,,single
1791239345,270880,11846,,single
1791239347,284160,15873,,single
1791239348,303590,1,,single
1791239349,312990,6,,single
1791239351,341800,114,,single
1791239352,362680,205,,single
1791239354,407900,0,,single
1791239355,413410,861,,single
1791239356,424280,9,,single
1791239358,427520,13447,,single
1791239359,434170,87,,single
1791239361,450540,213,,single
1791239362,466300,72,,single
1791239364,504230,1619,,single
1791239365,519860,58,,single
1791239367,541570,226,,single
1791239368,557630,2,,single
1791239370,597170,228,,single
1791239371,610370,83,,single
1791239372,615610,0,,single
1791239374,646570,4195,,single
1791239375,668350,6,,single
1791239377,736260,176,,single
1791239378,774181,60,,single
1791239379,791470,5,,single
1791239381,824600,17,,single
1791239382,858210,76,,single
1791239384,904750,0,,single
1791239385,914710,19,,single
1791239386,990630,58,,single
1791239388,1040200,811,,single
1791239389,1057090,2939,,single
1791239390,1070710,8,,single
1791239392,1092790,960,,single
1791239393,1104380,11,,single
1791239395,1115050,6,,single
1791239396,1127500,441,,single
1791239398,1170880,4,,single
1791239399,1178030,1,,single
1791239401,1202540,2,,single
1791239402,1229490,2801,,single
1791239404,1260520,46,,single
1791239405,1275890,73,,single
1791239407,1283130,0,,single
1791239408,1286710,10,,single
1791239409,1292940,80,,single
1791239411,1304680,22,,single
1791239412,1333910,5,,single
1791239414,1361320,39,,single
1791239415,1388770,116,,single
1791239416,1411910,34,,single
1791239418,1424330,141,,single
1791239419,1469280,12,,single
1791239420,1507580,50,,single
1791239422,1520370,221,,single
1791239423,1536610,319,,single
1791239424,1546570,19,,single
1791239426,1564790,10,,single
1791239427,1585180,81,,single
1791239429,1628610,4,,single
1791239430,1644940,32,,single
1791239432,1671210,2764,,single
1791239434,1684930,41,,single
1791239435,1710100,0,,single
1791239436,1718910,8,,single
1791239438,1764390,3,,single
1791239440,1796580,7,,single
1791239441,1817230,88,,single
1791239442,1876590,22,,single
1791239444,1901370,8,,single
1791239445,1931020,2,,single
1791239446,1942280,3962,,single
1791239448,1967430,29,,single
1791239449,1996010,51,,single
1791239450,2011780,10,,single
1791239452,2059670,3,,single
1791239453,2088570,116,,single
1791239455,2111190,20,,single
1791239457,2128270,80,,single
1791239458,2159210,2,,single
1791239460,2179850,59,,single
1791239461,2236070,44,,single
1791239462,2305840,22,,single
1791239464,2365810,55,,single
1791239465,2379780,7558,,single
1791239467,2396240,34,,single
1791239468,2443360,2,,single
1791239470,2513280,227,,single
1791239471,2585830,17,,single
1791239473,2624280,0,,single
1791239474,2667430,7,,single
1791239476,2704110,11,,single
1791239477,2763670,7,,single
1791239479,2857730,0,,single
1791239480,2883280,3,,single
1791239481,2951770,2,,single
1791239483,3084280,5,,single
1791239484,3146520,182,,single
1791239486,3195790,1176,,single
1791239487,3259470,71,,single
1791239489,20,56,,single
1791239490,60,4,,single
1791239491,130,50,,single
1791239493,320,129,,single
1791239494,440,72547,,single
1791239496,1200,6,,single
1791239497,1510,10,,single
1791239498,1640,45,,single
1791239500,2100,29,,single
1791239501,2270,23,,single
1791239503,2390,2,,single
1791239504,2620,51,,single
1791239506,2820,27,,single
1791239507,3310,80,,single
1791239509,3390,19,,single
1791239510,3700,39,,single
1791239511,3910,1458,,single
1791239513,4560,67,,single
1791239514,4760,663,,single
1791239516,6010,10,,single
1791239517,6060,161,,single
1791239518,6370,1,,single
1791239520,6810,18,,single
1791239521,6920,8,,single
1791239523,7200,57,,single
1791239525,7670,50,,single
1791239526,7830,11,,single
1791239527,8000,33,,single
1791239529,8170,5,,single
1791239530,8500,3643,,single
1791239532,8870,266,,single
1791239533,9010,39,,single
1791239535,9310,15,,single
1791239536,9450,300,,single
1791239537,10090,315,,single
1791239539,10180,260,,single
1791239540,10680,91,,single
1791239542,11450,35,,single
1791239543,12120,399,,single
1791239545,12210,4628,,single
1791239546,12500,10,,single
1791239547,12900,12,,single
1791239549,13500,33,,single
1791239551,13600,55,,single
1791239552,15130,2,,single
1791239554,15300,15,,single
1791239555,15620,133,,single
1791239556,16810,267,,single
1791239558,17390,725,,single
1791239560,17450,6,,single
1791239561,17480,280,,single
1791239563,17580,0,,single
1791239564,19680,420,,single
1791239566,20540,39,,single
1791239567,21000,226,,single
1791239568,21130,82,,single
1791239570,21980,9,,single
1791239571,22200,14,,single
1791239573,22600,24,,single
1791239574,24200,556,,single
1791239576,24720,145,,single
1791239577,24790,263,,single
1791239579,24980,3,,single
1791239580,25830,22,,single
1791239582,26800,2,,single
1791239583,31280,7,,single
1791239584,32360,36,,single
1791239586,32400,3,,single
1791239587,32460,13,,single
1791239589,33120,13,,single
1791239590,33600,6,,single
1791239592,34010,9,,single
1791239593,34440,1,,single
1791239594,34870,50,,single
1791239596,35450,57,,single
1791239597,35700,24,,single
1791239599,38410,143,,single
1791239600,38740,3,,single
1791239602,39150,110,,single
1791239603,39510,369,,single
1791239604,39670,3,,single
1791239606,40100,157,,single
1791239607,40390,40,,single
1791239609,40950,90,,single
1791239610,41000,38,,single
1791239612,41070,40,,single
1791239613,41500,50,,single
1791239614,42680,190,,single
1791239616,42960,429,,single
1791239617,45740,78,,single
1791239618,46510,15,,single
1791239620,47830,0,,single
1791239621,48110,1,,single
1791239623,49520,3106,,single
1791239624,50620,30,,single
1791239625,55150,152,,single
1791239627,57690,93,,single
1791239628,61700,13,,single
1791239630,63380,22,,single
1791239631,63910,55,,single
1791239633,65540,78,,single
1791239634,65800,307,,single
1791239635,70300,6,,single
1791239637,71340,29,,single
1791239638,73170,83,,single
1791239640,80330,3,,single
1791239641,91700,8,,single
1791239644,94200,0,,single
1791239645,94590,3,,single
1791239647,97000,4,,single
1791239648,98300,2,,single
1791239649,99900,194,,single
1791239651,104900,8,,single
1791239653,107200,15,,single
1791239654,107410,5349,,single
1791239656,108600,49478,,single
1791239657,109600,587,,single
1791239659,115100,36,,single
1791239661,115800,12,,single
1791239662,200510,575,,single
1791239664,201230,169,,single
1791239665,201810,337,,single
1791239667,202170,13,,single
1791239668,202710,6,,single
1791239669,203290,115,,single
1791239671,203750,16,,single
1791239672,204120,29,,single
1791239674,204340,79,,single
1791239675,204530,6,,single
1791239677,205190,3,,single
1791239678,205910,1,,single
1791239680,206440,47,,single
1791239681,207080,0,,single
1791239683,207230,0,,single
1791239684,207490,22,,single
1791239686,208140,39,,single
1791239687,208500,13,,single
1791239689,209000,754,,single
1791239690,209170,35,,single
1791239691,209650,32,,single
1791239693,211160,3,,single
1791239694,211600,27,,single
1791239696,212010,11,,single
1791239697,212680,988,,single
1791239698,213330,152,,single
1791239700,213850,18,,single
1791239701,214420,1,,single
1791239703,214700,0,,single
1791239704,214830,1,,single
1791239705,215280,38,,single
1791239707,216890,12,,single
1791239708,218410,3,,single
1791239710,219640,40,,single
1791239711,219910,40,,single
1791239712,220200,3133,,single
1791239714,220740,24,,single
1791239715,221040,1158,,single
1791239717,221540,39,,single
1791239718,221910,64,,single
1791239720,222520,46,,single
1791239721,222880,101,,single
1791239722,223510,0,,single
1791239724,223830,36,,single
1791239725,224300,1,,single
1791239726,224600,2,,single
1791239728,224900,6,,single
1791239730,224960,3,,single
1791239731,225280,1,,single
1791239733,226620,12,,single
1791239734,227080,1,,single
1791239736,227220,1,,single
1791239737,227780,12,,single
1791239738,228260,18,,single
1791239740,228400,4,,single
1791239741,230050,0,,single
1791239743,230230,15,,single
1791239744,230820,16,,single
1791239745,231430,1454,,single
1791239747,232770,52,,single
1791239748,232910,57,,single
1791239750,233270,71,,single
1791239751,233610,18,,single
1791239753,233980,8,,single
1791239754,234330,279,,single
1791239755,234670,48,,single
1791239757,235320,12,,single
1791239758,235620,4,,single
1791239760,236150,7,,single
1791239762,236690,79,,single
1791239763,237430,3,,single
1791239764,237930,20,,single
1791239766,238090,132,,single
1791239767,239120,43,,single
1791239769,239800,2,,single
1791239770,240760,10,,single
1791239772,241410,7,,single
1791239773,241930,733,,single
1791239775,242640,49,,single
1791239776,242860,30,,single
1791239778,242960,1,,single
1791239780,243800,3,,single
1791239781,244030,3,,single
1791239782,244210,7843,,single
1791239784,244730,0,,single
1791239785,244930,0,,single
1791239787,245450,36,,single
1791239788,246580,14,,single
1791239789,247000,103,,single
1791239791,247240,2,,single
1791239792,248170,144,,single
1791239794,248390,213,,single
1791239795,248820,15,,single
1791239796,249130,726,,single
1791239798,249870,11,,single
1791239799,250180,13,,single
1791239801,250500,0,,single
1791239802,250760,42,,single
1791239804,251150,28,,single
1791239805,251570,15918,,single
1791239806,252030,1,,single
1791239808,252150,57,,single
1791239809,252470,8,,single
1791239811,252630,1,,single
1791239812,252950,24167,,single
1791239813,253330,1,,single
1791239815,253750,2,,single
1791239816,253900,73,,single
1791239818,254460,45,,single
1791239819,255320,30,,single
1791239821,256330,9,,single
1791239822,257170,37,,single
1791239824,257730,1,,single
1791239825,258220,0,,single
1791239827,259080,3,,single
1791239829,259680,245,,single
1791239830,260230,21,,single
1791239831,261180,1,,single
1791239833,261550,16162,,single
1791239834,262060,2859,,single
1791239835,262410,79,,single
1791239837,262940,5,,single
1791239838,263740,0,,single
1791239840,264140,2,,single
1791239841,265930,97,,single
1791239842,266310,3,,single
1791239844,266510,4,,single
1791239846,268130,23,,single
1791239847,268500,2965,,single
1791239848,268850,363,,single
1791239850,269050,0,,single
1791239851,269770,32,,single
1791239853,270150,55,,single
1791239854,271500,1,,single
1791239856,272040,1,,single
1791239857,272600,10,,single
1791239859,274230,3,,single
1791239860,274920,44,,single
1791239862,275200,1,,single
1791239863,276810,107,,single
1791239865,278360,8,,single
1791239866,280160,15,,single
1791239868,281990,9944,,single
1791239869,282440,270,,single
1791239870,282800,140,,single
1791239872,283680,0,,single
1791239873,284390,3,,single
1791239875,284830,1,,single
1791239877,285160,82,,single
1791239878,285330,129,,single
1791239879,285740,39,,single
1791239881,285920,187,,single
1791239882,286160,5742,,single
1791239883,286690,784,,single
1791239885,287340,2,,single
1791239886,287980,126,,single
1791239888,289130,132,,single
1791239890,289930,15,,single
1791239891,290300,25,,single
1791239892,290770,1,,single
1791239894,291860,25,,single
1791239895,292730,282,,single
1791239896,293180,0,,single
1791239898,293780,15,,single
1791239899,294860,39,,single
1791239901,296870,1,,single
1791239902,298110,1384,,single
1791239904,298610,33,,single
1791239905,299360,0,,single
1791239906,300550,25,,single
1791239908,301320,75,,single
1791239909,301760,24,,single
1791239911,302670,115,,single
1791239913,303310,46,,single
1791239914,304390,4577,,single
1791239915,304930,11952,,single
1791239917,306130,7971,,single
1791239919,307070,0,,single
1791239921,307580,3,,single
1791239922,307690,562,,single
1791239923,308060,0,,single
1791239925,310080,1,,single
1791239927,310790,9,,single
1791239928,311310,401,,single
1791239929,311690,798,,single
1791239931,312520,1055,,single
1791239932,312980,17,,single
1791239933,313340,32,,single
1791239935,313690,240,,single
1791239936,314280,1,,single
1791239938,314520,2,,single
1791239939,314980,33,,single
1791239941,316430,4,,single
1791239942,317360,0,,single
1791239944,318130,4,,single
1791239945,319510,152,,single
1791239947,320040,8,,single
1791239948,320430,58,,single
1791239949,321800,89,,single
1791239951,322210,15,,single
1791239952,322450,1,,single
1791239954,322770,1,,single
1791239955,323060,1,,single
1791239956,323580,5,,single
1791239958,324080,123,,single
1791239959,324800,54,,single
1791239961,325610,1710,,single
1791239962,326460,212,,single
1791239963,327140,3,,single
1791239965,327560,1,,single
1791239966,328080,20,,single
1791239967,329070,1,,single
1791239969,329970,21,,single
1791239971,331160,21,,single
1791239972,331670,9,,single
1791239974,332570,35,,single
1791239975,333420,452,,single
1791239976,334230,187,,single
1791239978,334940,12,,single
1791239981,335620,29,,single
1791239982,337000,190,,single
1791239984,338930,5,,single
1791239985,339610,30,,single
1791239986,341940,98,,single
1791239988,342580,4,,single
1791239989,343860,4,,single
1791239990,345660,3,,single
1791239992,346120,5,,single
1791239993,346940,31,,single
1791239995,348550,78,,single
1791239996,349040,362,,single
1791239997,351510,21,,single
1791239999,351940,183,,single
1791240000,352520,2,,single
1791240002,353380,0,,single
1791240003,354140,17,,single
1791240005,355050,1,,single
1791240006,355790,51,,single
1791240007,356500,138,,single
1791240009,357070,216,,single
1791240010,357480,2,,single
1791240012,359310,8,,single
1791240013,359900,2,,single
1791240014,360650,1,,single
1791240016,361420,1153,,single
1791240017,362620,178,,single
1791240019,363130,6,,single
1791240020,363970,1466,,single
1791240021,365300,0,,single
1791240024,365590,848,,single
1791240026,366870,1,,single
1791240027,367670,94,,single
1791240029,368260,491,,single
1791240030,368500,375,,single
1791240032,370240,18,,single
1791240033,371520,16,,single
1791240034,372360,35,,single
1791240036,373390,4,,single
1791240037,374040,92,,single
1791240039,374900,3,,single
1791240040,375820,26,,single
1791240041,376210,16024,,single
1791240043,377840,349,,single
1791240044,378660,0,,single
1791240046,380150,6,,single
1791240048,381020,7,,single
1791240049,382310,480,,single
1791240050,383120,671,,single
1791240052,383980,309,,single
1791240053,384630,3,,single
1791240055,385770,129,,single
1791240056,386360,1090,,single
1791240057,386940,318,,single
1791240059,388090,38,,single
1791240060,388880,5,,single
1791240062,389570,39,,single
1791240063,390670,0,,single
1791240064,391260,5,,single
1791240066,392110,384,,single
1791240067,393380,5863,,single
1791240069,394360,23572,,single
1791240070,394970,8,,single
1791240071,396650,0,,single
1791240073,396900,16,,single
1791240074,397350,157,,single
1791240076,397950,61,,single
1791240077,399120,1,,single
1791240079,400170,13,,single
1791240080,401680,16,,single
1791240082,403190,143,,single
1791240083,404410,141,,single
1791240085,405290,30,,single
1791240087,405710,6,,single
1791240088,405900,40,,single
1791240090,406350,29,,single
1791240092,407130,63,,single
1791240093,408900,9,,single
1791240094,409710,394,,single
1791240096,410340,363,,single
1791240097,410980,167,,single
1791240099,413420,522,,single
1791240100,414740,3,,single
1791240102,416680,24,,single
1791240103,418070,2,,single
1791240104,418460,242,,single
1791240106,418650,6,,single
1791240107,420290,6,,single
1791240109,421020,25,,single
1791240110,421120,7,,single
1791240111,424030,253,,single
1791240113,425220,8,,single
1791240114,427820,6,,single
1791240116,428660,11,,single
1791240117,429470,1,,single
1791240118,429720,7,,single
1791240120,431180,7,,single
1791240121,431650,0,,single
1791240123,433550,4,,single
1791240124,434250,0,,single
1791240126,435400,8,,single
1791240127,436150,365,,single
1791240128,437920,87,,single
1791240130,438140,55,,single
1791240131,438640,26,,single
1791240133,440420,7,,single
1791240134,441550,61,,single
1791240135,444200,2427,,single
1791240137,445190,24,,single
1791240138,446790,1,,single
1791240140,447040,2397,,single
1791240141,447290,2,,single
1791240142,448510,131,,single
1791240144,449680,1,,single
1791240145,451340,264,,single
1791240147,453090,103,,single
1791240148,454650,917,,single
1791240150,456670,24,,single
1791240151,457550,48,,single
1791240152,458770,10,,single
1791240154,460920,1332,,single
1791240155,463530,332,,single
1791240157,464360,1,,single
1791240158,466170,966,,single
1791240159,466910,3,,single
1791240161,469600,650,,single
1791240162,470310,94,,single
1791240164,473950,10,,single
1791240165,475150,457,,single
1791240166,476460,63,,single
1791240168,477160,833,,single
1791240169,478980,15,,single
1791240171,480650,72,,single
1791240172,482400,120,,single
1791240173,483420,0,,single
1791240175,485980,18,,single
1791240176,488310,9,,single
1791240178,489520,225,,single
1791240179,490110,184,,single
1791240180,491130,0,,single
1791240182,491950,21,,single
1791240183,493340,414,,single
1791240184,494150,7,,single
1791240186,495280,34,,single
1791240187,496890,1,,single
1791240189,499180,25,,single
1791240190,499660,1,,single
1791240192,501300,60,,single
1791240193,502500,856,,single
1791240194,503400,3,,single
1791240196,504210,49,,single
1791240198,505230,71,,single
1791240199,507010,9,,single
1791240201,508980,3,,single
1791240202,510500,8,,single
1791240204,512790,16,,single
1791240205,513780,5,,single
1791240206,516750,752,,single
1791240208,517790,87,,single
1791240209,518790,3131,,single
1791240211,522470,34,,single
1791240212,524850,1,,single
1791240213,525620,8,,single
1791240215,528200,36,,single
1791240216,530070,5,,single
1791240218,531640,104,,single
1791240219,533300,6,,single
1791240220,536220,40,,single
1791240222,538100,2,,single
1791240223,539720,19,,single
1791240225,541210,79,,single
1791240226,544390,2,,single
1791240228,544810,770,,single
1791240229,547860,0,,single
1791240230,551860,3,,single
1791240232,552500,1048,,single
1791240233,552990,4067,,single
1791240235,553420,265,,single
1791240236,553640,123,,single
1791240238,555000,1,,single
1791240239,557340,28,,single
1791240241,558260,5,,single
1791240242,559330,0,,single
1791240243,562010,37,,single
1791240245,562810,29,,single
1791240246,564050,3,,single
1791240248,564710,45,,single
1791240249,567290,0,,single
1791240251,568220,1008,,single
1791240252,569860,16,,single
1791240253,571740,302,,single
1791240255,572890,52,,single
1791240256,573120,10,,single
1791240258,574560,6,,single
1791240259,575720,109,,single
1791240260,577800,19,,single
1791240262,578330,124,,single
1791240263,579950,0,,single
1791240265,581630,3,,single
1791240267,582500,147,,single
1791240268,583760,1,,single
1791240270,585410,33,,single
1791240271,585900,8,,single
1791240272,587450,1,,single
1791240274,588040,2,,single
1791240276,589590,56,,single
1791240277,591460,18,,single
1791240279,592580,31,,single
1791240280,593960,5,,single
1791240282,595140,10,,single
1791240283,595520,362,,single
1791240284,597760,18,,single
1791240286,598960,23,,single
1791240287,599390,149,,single
1791240289,600480,34,,single
1791240290,601430,115,,single
1791240292,602320,108,,single
1791240293,604240,5,,single
1791240295,605740,174,,single
1791240296,607080,67,,single
1791240298,609940,4,,single
1791240299,611500,187,,single
1791240300,613830,165,,single
1791240302,616250,1,,single
1791240303,618140,17,,single
1791240304,619500,0,,single
1791240306,619910,5,,single
1791240307,621000,0,,single
1791240308,623280,1,,single
1791240310,625340,11,,single
1791240311,627690,1986,,single
1791240313,628950,10,,single
1791240314,631510,444,,single
1791240315,632360,6587,,single
1791240317,633230,311,,single
1791240318,635260,953,,single
1791240319,636150,67,,single
1791240321,638110,0,,single
1791240322,639170,0,,single
1791240324,640890,41,,single
1791240325,641960,1,,single
1791240327,644290,1,,single
1791240328,645630,321,,single
1791240330,646500,9,,single
1791240331,648120,0,,single
1791240333,648410,80,,single
1791240334,650700,56,,single
1791240336,655500,2857,,single
1791240337,658560,2,,single
1791240338,660160,21,,single
1791240340,663380,1,,single
1791240342,665490,0,,single
1791240343,666220,3,,single
1791240344,667530,32,,single
1791240346,667870,2,,single
1791240347,670160,1,,single
1791240349,671620,6,,single
1791240350,673130,8,,single
1791240352,673880,459,,single
1791240353,674520,5,,single
1791240354,675010,215,,single
1791240356,677160,109,,single
1791240357,678950,570,,single
1791240359,679900,60,,single
1791240360,681730,4,,single
1791240362,686200,21,,single
1791240363,690040,43,,single
1791240365,692890,187,,single
1791240366,696220,10,,single
1791240367,699130,956,,single
1791240369,701160,3592,,single
1791240371,703080,2145,,single
1791240372,704920,23,,single
1791240373,709920,58,,single
1791240375,712100,252,,single
1791240376,716640,1,,single
1791240377,718850,89,,single
1791240379,720350,1,,single
1791240380,722060,8,,single
1791240382,725340,1,,single
1791240383,726590,3,,single
1791240385,727850,1,,single
1791240386,729000,39,,single
1791240388,731040,71,,single
1791240389,732370,1,,single
1791240390,733790,29,,single
1791240392,735280,25,,single
1791240393,735580,2,,single
1791240395,736850,4,,single
1791240396,741140,5,,single
1791240398,742420,139,,single
1791240399,744190,60,,single
1791240400,747610,116,,single
1791240402,748360,2,,single
1791240403,751630,14,,single
1791240405,753640,1027,,single
1791240406,754500,38,,single
1791240408,756800,304,,single
1791240409,757320,56,,single
1791240411,758330,22,,single
1791240412,758870,110,,single
1791240413,760160,1,,single
1791240415,761620,29,,single
1791240416,762650,2,,single
1791240418,764050,1,,single
1791240419,766370,3,,single
1791240420,770240,38,,single
1791240422,773370,8,,single
1791240423,774461,17,,single
1791240424,775500,33,,single
1791240426,780290,264,,single
1791240427,782670,39,,single
1791240429,784150,1692,,single
1791240430,785790,15,,single
1791240431,787860,836,,single
1791240433,790740,47,,single
1791240434,792040,0,,single
1791240435,792300,15,,single
1791240437,793460,38,,single
1791240438,795420,9,,single
1791240440,797410,8,,single
1791240441,798460,100,,single
1791240442,799070,7,,single
1791240444,800270,323,,single
1791240445,801630,2,,single
1791240447,804010,10,,single
1791240448,805940,2,,single
1791240449,809020,13,,single
1791240451,811320,13,,single
1791240452,813230,103,,single
1791240454,813820,0,,single
1791240455,815370,1647,,single
1791240456,816340,205,,single
1791240458,817540,0,,single
1791240459,820520,12,,single
1791240461,823130,60,,single
1791240462,824000,7,,single
1791240463,826630,89,,single
1791240465,829590,29,,single
1791240466,833360,101,,single
1791240468,834910,202,,single
1791240469,837470,136,,single
1791240471,839770,175,,single
1791240472,840260,0,,single
1791240473,841370,40,,single
1791240475,843260,39,,single
1791240476,843810,1,,single
1791240478,845070,20,,single
1791240479,846030,33,,single
1791240481,846770,127,,single
1791240482,848450,481,,single
1791240484,852110,0,,single
1791240485,853550,15,,single
1791240486,855640,2,,single
1791240488,858710,92,,single
1791240490,859580,334,,single
1791240491,860950,22,,single
1791240492,863590,13,,single
1791240494,865540,4,,single
1791240495,866440,1,,single
1791240497,868270,1,,single
1791240498,870780,2569,,single
1791240500,872790,346,,single
1791240501,874390,252,,single
1791240502,878670,7,,single
1791240504,881100,1772,,single
1791240505,883360,3,,single
1791240507,885810,10,,single
1791240509,890550,4,,single
1791240510,893030,3,,single
1791240512,894020,1026,,single
1791240513,896160,5,,single
1791240515,897730,0,,single
1791240516,898920,565,,single
1791240518,905370,3,,single
1791240520,913060,1,,single
1791240521,914020,4,,single
1791240523,915320,32,,single
1791240524,916730,7,,single
1791240526,918570,35,,single
1791240527,922460,3,,single
1791240529,926140,31,,single
1791240530,935880,12,,single
1791240532,937170,11,,single
1791240533,938560,5,,single
1791240535,939620,0,,single
1791240536,941460,1,,single
1791240537,945360,8410,,single
1791240539,949230,7042,,single
1791240540,950100,0,,single
1791240541,951240,1082,,single
1791240543,953490,181,,single
1791240544,955740,9,,single
1791240546,958400,10,,single
1791240547,960990,443,,single
1791240549,962400,110,,single
1791240550,963930,17,,single
1791240552,964800,16,,single
1791240553,965580,169,,single
1791240554,966320,2,,single
1791240556,966680,8,,single
1791240557,970500,4,,single
1791240559,973760,93,,single
1791240560,976010,0,,single
1791240561,977950,482,,single
1791240563,978520,45,,single
1791240564,979110,365,,single
1791240565,979920,193,,single
1791240567,981430,58,,single
1791240568,982290,7,,single
1791240570,985890,107,,single
1791240571,987020,0,,single
1791240573,989440,3,,single
1791240574,994140,1,,single
1791240575,996470,82,,single
1791240577,997380,30,,single
1791240578,1000030,16,,single
1791240580,1003590,115,,single
1791240581,1005300,20,,single
1791240583,1009560,33,,single
1791240584,1010800,0,,single
1791240586,1012110,19,,single
1791240587,1012840,3,,single
1791240588,1013320,1641,,single
1791240590,1017900,555,,single
1791240592,1018800,14,,single
1791240593,1019550,0,,single
1791240594,1021210,125,,single
1791240596,1022980,255,,single
1791240597,1025440,44,,single
1791240598,1026840,0,,single
1791240600,1029550,46,,single
1791240601,1031480,2,,single
1791240603,1036890,5,,single
1791240604,1038370,8,,single
1791240606,1040070,7,,single
1791240608,1043260,49,,single
1791240609,1046030,18,,single
1791240610,1048540,4,,single
1791240612,1051200,2,,single
1791240613,1054430,4,,single
1791240615,1054800,1,,single
1791240616,1058020,43,,single
1791240618,1058640,1,,single
1791240619,1058830,20,,single
1791240620,1060230,12,,single
1791240622,1061910,30,,single
1791240623,1062140,3,,single
1791240625,1063420,55,,single
1791240626,1064610,1,,single
1791240628,1066780,2803,,single
1791240629,1067900,0,,single
1791240630,1069640,32,,single
1791240632,1069690,11,,single
1791240633,1070580,14,,single
1791240635,1072040,467,,single
1791240637,1072480,7,,single
1791240638,1075190,16,,single
1791240640,1076200,42,,single
1791240641,1078730,7,,single
1791240643,1079160,3,,single
1791240644,1080750,5,,single
1791240645,1084020,116,,single
1791240647,1085220,1,,single
1791240648,1086410,4,,single
1791240650,1088790,55,,single
1791240651,1089350,87,,single
1791240652,1092630,5,,single
1791240654,1094520,38,,single
1791240655,1096900,945,,single
1791240657,1097350,29,,single
1791240658,1099640,1,,single
1791240660,1100600,650,,single
1791240661,1101120,33,,single
1791240663,1104450,9,,single
1791240664,1107300,2,,single
1791240666,1109680,15,,single
1791240667,1112890,9,,single
1791240668,1114220,12,,single
1791240670,1116540,4,,single
1791240671,1119730,848,,single
1791240673,1120810,4,,single
1791240674,1122340,96,,single
1791240676,1123770,32,,single
1791240677,1125240,27,,single
1791240678,1127700,22,,single
1791240680,1129310,18,,single
1791240681,1131190,7,,single
1791240683,1134570,63,,single
1791240684,1135690,178,,single
1791240685,1137750,44,,single
1791240687,1138660,23,,single
1791240689,1139890,6,,single
1791240690,1140150,110,,single
1791240692,1141550,2,,single
1791240693,1142710,41527,,single
1791240694,1144200,5483,,single
1791240696,1147550,26,,single
1791240698,1147860,175,,single
1791240699,1148760,72,,single
1791240701,1150590,1,,single
1791240702,1151050,5,,single
1791240703,1152340,5,,single
1791240705,1154040,1,,single
1791240707,1155330,11,,single
1791240708,1157220,17,,single
1791240710,1158370,35,,single
1791240711,1159290,49,,single
1791240713,1160490,9,,single
1791240714,1161580,231,,single
1791240715,1163550,60,,single
1791240717,1164250,0,,single
1791240718,1166860,129,,single
1791240720,1168470,1,,single
1791240722,1170080,1,,single
1791240723,1172620,4626,,single
1791240724,1173510,1718,,single
1791240726,1173800,62,,single
1791240727,1174180,22459,,single
1791240728,1177660,0,,single
1791240730,1179080,58,,single
1791240731,1181830,27,,single
1791240733,1182310,17,,single
1791240734,1182920,26,,single
1791240736,1186740,1,,single
1791240738,1189490,379,,single
1791240739,1190970,2383,,single
1791240740,1191840,1,,single
1791240742,1194810,13,,single
1791240743,1196470,17,,single
1791240745,1197570,2,,single
1791240746,1201230,28,,single
1791240748,1201540,102,,single
1791240749,1202900,26,,single
1791240750,1203630,15,,single
1791240752,1205040,8,,single
1791240753,1205970,321,,single
1791240755,1206610,16,,single
1791240756,1210250,8,,single
1791240758,1211630,49,,single
1791240759,1214470,49,,single
1791240760,1216710,14,,single
1791240762,1220010,51,,single
1791240763,1222140,2973,,single
1791240765,1222730,55,,single
1791240766,1225330,31,,single
1791240768,1227650,9,,single
1791240769,1229380,17,,single
1791240771,1231880,8,,single
1791240772,1233070,30,,single
1791240773,1233590,2,,single
1791240775,1237950,930,,single
1791240776,1238840,3385,,single
1791240778,1239260,6,,single
1791240779,1240590,0,,single
1791240781,1242980,38,,single
1791240782,1244460,382,,single
1791240784,1245480,40,,single
1791240785,1249040,4,,single
1791240787,1250760,0,,single
1791240788,1254370,5,,single
1791240790,1257410,2,,single
1791240791,1259840,16,,single
1791240793,1260590,12,,single
1791240794,1262350,219,,single
1791240795,1262560,201,,single
1791240797,1263230,5,,single
1791240798,1264280,16,,single
1791240800,1266030,7,,single
1791240801,1267540,52,,single
1791240803,1269950,11,,single
1791240804,1271400,0,,single
1791240806,1272320,385,,single
1791240807,1273440,0,,single
1791240808,1275350,111,,single
1791240810,1278540,53,,single
1791240811,1281630,191,,single
1791240812,1282730,202,,single
1791240814,1283410,96,,single
1791240815,1286220,1252,,single
1791240817,1286350,9,,single
1791240818,1286830,3224,,single
1791240819,1289340,1,,single
1791240821,1290260,0,,single
1791240822,1291500,0,,single
1791240824,1293170,0,,single
1791240825,1294660,0,,single
1791240827,1295500,123,,single
1791240828,1296840,0,,single
1791240830,1299460,25,,single
1791240831,1302240,129,,single
1791240833,1305420,0,,single
1791240834,1309610,3,,single
1791240835,1310520,0,,single
1791240837,1313860,71,,single
1791240838,1316910,5,,single
1791240840,1320140,3,,single
1791240841,1324530,8,,single
1791240842,1328660,156,,single
1791240844,1329880,4,,single
1791240845,1330660,7,,single
1791240847,1332470,0,,single
1791240849,1335530,6,,single
1791240850,1335830,63,,single
1791240851,1336980,538,,single
1791240853,1337890,1,,single
1791240854,1338770,154,,single
1791240856,1340530,0,,single
1791240857,1342330,126,,single
1791240859,1343240,30,,single
1791240860,1343670,32,,single
1791240862,1346010,11,,single
1791240863,1347780,14,,single
1791240865,1350200,8,,single
1791240866,1351630,8,,single
1791240868,1352930,17,,single
1791240869,1356810,54,,single
1791240870,1358700,129,,single
1791240872,1360390,2,,single
1791240873,1361210,7376,,single
1791240874,1363430,9,,single
1791240876,1364210,138,,single
1791240877,1364780,6523,,single
1791240879,1366950,4,,single
1791240880,1369630,128,,single
1791240881,1370050,1,,single
1791240883,1372320,1,,single
1791240884,1373780,1,,single
1791240886,1375740,0,,single
1791240887,1377360,1,,single
1791240888,1378290,19,,single
1791240890,1382200,0,,single
1791240891,1385380,288,,single
1791240893,1388870,18,,single
1791240894,1389990,50,,single
1791240895,1392820,22,,single
1791240897,1395560,23,,single
1791240898,1397920,496,,single
1791240900,1402110,6,,single
1791240901,1406850,1,,single
1791240903,1408610,90,,single
1791240904,1410710,31,,single
1791240906,1413870,12,,single
1791240907,1416130,0,,single
1791240908,1416920,45,,single
1791240910,1419170,1116,,single
1791240912,1420770,8,,single
1791240913,1422130,111,,single
1791240915,1426010,9,,single
1791240916,1428100,12,,single
1791240917,1431610,4,,single
1791240919,1433340,54,,single
1791240920,1435790,258,,single
1791240922,1437760,29,,single
1791240923,1440440,17,,single
1791240925,1444110,2,,single
1791240926,1447000,5,,single
1791240928,1448530,4,,single
1791240929,1449690,725,,single
1791240931,1450900,73,,single
1791240932,1451740,0,,single
1791240934,1455630,96,,single
1791240935,1456200,34,,single
1791240936,1458140,271,,single
1791240938,1462040,2605,,single
1791240939,1462810,96,,single
1791240941,1466060,1528,,single
1791240942,1467920,1,,single
1791240944,1469610,122,,single
1791240945,1475380,1,,single
1791240947,1477070,23,,single
1791240948,1478160,4,,single
1791240950,1482380,9,,single
1791240951,1484280,19,,single
1791240952,1486630,38,,single
1791240954,1489970,7,,single
1791240955,1491670,7,,single
1791240957,1494810,17,,single
1791240958,1499120,5,,single
1791240959,1504500,1,,single
1791240961,1509510,122,,single
1791240963,1510460,44,,single
1791240964,1511670,0,,single
1791240966,1515210,62,,single
1791240967,1521580,23,,single
1791240969,1522870,23,,single
1791240970,1527910,5,,single
1791240972,1533390,841,,single
1791240973,1536090,48,,single
1791240975,1539140,62,,single
1791240976,1543280,10,,single
1791240977,1545560,64,,single
1791240979,1546400,27,,single
1791240980,1549690,21,,single
1791240982,1554790,11,,single
1791240983,1556200,29,,single
1791240985,1557740,440,,single
1791240986,1559600,81,,single
1791240988,1563130,0,,single
1791240989,1567020,56,,single
1791240991,1569090,5,,single
1791240992,1570010,19,,single
1791240993,1571100,15,,single
1791240995,1574310,2,,single
1791240996,1574900,28,,single
1791240998,1576060,5,,single
1791240999,1578860,1,,single
1791241001,1580520,18,,single
1791241002,1582680,1,,single
1791241004,1587130,84,,single
1791241005,1590230,19,,single
1791241006,1592190,368,,single
1791241008,1592520,5,,single
1791241009,1594940,256,,single
1791241011,1599330,45,,single
1791241012,1599880,10,,single
1791241014,1601970,15,,single
1791241015,1603640,5,,single
1791241017,1605220,175,,single
1791241018,1607680,56,,single
1791241020,1608290,28,,single
1791241021,1610440,19,,single
1791241023,1611430,6,,single
1791241024,1612620,0,,single
1791241025,1618540,10,,single
1791241027,1621310,11,,single
1791241028,1623940,32,,single
1791241029,1626890,0,,single
1791241031,1629530,6,,single
1791241032,1634150,4,,single
1791241034,1637730,51,,single
1791241035,1644320,199,,single
1791241037,1646850,32,,single
1791241038,1649730,103,,single
1791241040,1651560,132,,single
1791241041,1656780,35,,single
1791241043,1658280,45,,single
1791241044,1660080,146,,single
1791241046,1663220,19,,single
1791241047,1668510,41,,single
1791241049,1669170,3,,single
1791241050,1674170,348,,single
1791241052,1677110,314,,single
1791241053,1677740,1982,,single
1791241055,1681970,2,,single
1791241056,1684350,59,,single
1791241058,1689910,5,,single
1791241059,1696440,25,,single
1791241061,1699480,109,,single
1791241062,1701380,13,,single
1791241064,1705180,62,,single
1791241065,1709900,7,,single
1791241067,1712350,16,,single
1791241068,1715730,9,,single
1791241070,1723260,14,,single
1791241071,1730250,7,,single
1791241072,1731070,12,,single
1791241074,1735950,0,,single
1791241075,1740720,59,,single
1791241077,1746930,7,,single
1791241079,1750770,61,,single
1791241080,1761380,23,,single
1791241082,1763050,24,,single
1791241083,1768280,30,,single
1791241085,1771300,9353,,single
1791241086,1779200,25,,single
1791241088,1783360,1,,single
1791241089,1789480,6,,single
1791241091,1796220,24,,single
1791241092,1798010,51,,single
1791241094,1802720,0,,single
1791241095,1811040,2,,single
1791241097,1811990,79,,single
1791241098,1812620,4955,,single
1791241100,1817070,4503,,single
1791241101,1818750,30,,single
1791241103,1823930,5,,single
1791241104,1831250,15,,single
1791241106,1836160,5,,single
1791241107,1839810,2,,single
1791241109,1839950,279,,single
1791241110,1844380,7,,single
1791241112,1847240,16,,single
1791241113,1849900,6,,single
1791241115,1850510,89,,single
1791241116,1859280,13,,single
1791241118,1862520,34,,single
1791241119,1866880,3,,single
1791241121,1874170,63,,single
1791241122,1875060,48,,single
1791241123,1881200,29,,single
1791241125,1882500,42,,single
1791241126,1886070,2,,single
1791241128,1888160,578,,single
1791241129,1892030,67,,single
1791241130,1894430,222,,single
1791241132,1896390,16,,single
1791241133,1900340,5,,single
1791241135,1903620,47,,single
1791241136,1909420,6,,single
1791241138,1911610,98,,single
1791241139,1915510,8,,single
1791241140,1920780,20,,single
1791241142,1927740,7,,single
1791241143,1931950,0,,single
1791241145,1933700,2,,single
1791241146,1937500,95,,single
1791241147,1939970,43,,single
1791241149,1944430,105,,single
1791241150,1946700,18,,single
1791241152,1951230,9,,single
1791241153,1954200,71,,single
1791241155,1956040,36,,single
1791241156,1958220,46,,single
1791241158,1966900,56,,single
1791241159,1967630,55,,single
1791241160,1970980,27,,single
1791241162,1975440,20,,single
1791241163,1979440,9,,single
1791241164,1983260,28,,single
1791241166,1989270,258,,single
1791241167,2000950,741,,single
1791241169,2009350,467,,single
1791241171,2013730,9,,single
1791241172,2017080,21,,single
1791241174,2024070,12,,single
1791241175,2027330,562,,single
1791241176,2056210,33,,single
1791241178,2059170,1516,,single
1791241179,2060160,616,,single
1791241181,2064870,121,,single
1791241182,2067790,0,,single
1791241184,2069040,38,,single
1791241185,2073250,174,,single
1791241187,2076010,159,,single
1791241188,2080690,487,,single
1791241190,2086430,33,,single
1791241191,2093910,3,,single
1791241193,2096610,52,,single
1791241194,2103130,56,,single
1791241195,2106840,19,,single
1791241197,2111170,34,,single
1791241198,2116120,219,,single
1791241200,2120900,11,,single
1791241201,2124780,14,,single
1791241203,2131640,156,,single
1791241204,2135150,722,,single
1791241205,2140510,287,,single
1791241207,2151290,261,,single
1791241208,2161700,4106,,single
1791241210,2168680,748,,single
1791241211,2172010,182,,single
1791241213,2181610,23,,single
1791241214,2182400,0,,single
1791241216,2185060,1025,,single
1791241217,2187290,114,,single
1791241219,2195120,72,,single
1791241220,2196790,1,,single
1791241222,2206210,2,,single
1791241225,2208570,94,,single
1791241226,2212330,856,,single
1791241228,2217000,395,,single
1791241229,2228280,5,,single
1791241231,2230980,135,,single
1791241233,2235240,16,,single
1791241234,2239150,337,,single
1791241235,2248430,9,,single
1791241237,2252680,9,,single
1791241238,2272250,13,,single
1791241240,2273430,526,,single
1791241241,2275150,4,,single
1791241243,2287520,17,,single
1791241244,2290000,21,,single
1791241246,2292260,9,,single
1791241248,2299900,10,,single
1791241249,2302660,40,,single
1791241251,2307350,136,,single
1791241252,2318480,22,,single
1791241254,2322440,22,,single
1791241255,2330500,14,,single
1791241257,2336220,321,,single
1791241258,2348100,3,,single
1791241259,2354000,14,,single
1791241261,2357910,22,,single
1791241262,2366980,34,,single
1791241264,2379390,16,,single
1791241265,2381590,8,,single
1791241266,2389240,1,,single
1791241268,2399830,17845,,single
1791241269,2400510,107,,single
1791241270,2408820,287,,single
1791241272,2419090,13,,single
1791241274,2421410,13,,single
1791241275,2435900,9,,single
1791241277,2442460,26,,single
1791241278,2461850,40,,single
1791241279,2477090,6,,single
1791241281,2479830,0,,single
1791241282,2495100,863,,single
1791241284,2502760,34,,single
1791241285,2510710,10,,single
1791241286,2514960,10,,single
1791241288,2521380,34,,single
1791241289,2527390,50,,single
1791241291,2535830,6,,single
1791241292,2551020,434,,single
1791241294,2555320,0,,single
1791241295,2561580,480,,single
1791241297,2581700,31,,single
1791241298,2593370,22,,single
1791241299,2597080,75,,single
1791241301,2612700,0,,single
1791241302,2634890,79,,single
1791241304,2644610,52,,single
1791241305,2651280,3304,,single
1791241306,2653940,10,,single
1791241308,2658470,5,,single
1791241309,2669410,30,,single
1791241311,2675290,8,,single
1791241312,2679460,1660,,single
1791241313,2687970,13,,single
1791241315,2689470,26,,single
1791241316,2695490,34,,single
1791241318,2706170,45,,single
1791241319,2708450,9,,single
1791241320,2719030,22,,single
1791241322,2726450,10,,single
1791241323,2758000,4,,single
1791241325,2776450,240,,single
1791241326,2793710,12,,single
1791241327,2816950,25,,single
1791241329,2825530,56,,single
1791241330,2828860,224,,single
1791241332,2850190,7,,single
1791241333,2873080,57,,single
1791241335,2881650,579,,single
1791241336,2903560,6,,single
1791241337,2923390,10,,single
1791241339,2933080,108,,single
1791241340,2961530,13,,single
1791241342,2967990,44,,single
1791241343,2993780,149,,single
1791241344,3019370,1,,single
1791241346,3028310,74,,single
1791241347,3058630,464,,single
1791241349,3097560,527,,single
1791241350,3112260,63,,single
1791241352,3126330,15,,single
1791241353,3149840,1,,single
1791241355,3167550,338,,single
1791241356,3176060,29,,single
1791241357,3204250,19,,single
1791241359,3228180,7,,single
1791241360,3261010,2,,single
1791241362,3371240,34,,single
1791241363,3416070,316,,single
1791241365,990080,6312,,single
1791241366,1546990,331,,single
1791241367,40,4,,single
1791241369,1930,14,,single
1791241370,2420,0,,single
1791241372,2590,0,,single
1791241373,3300,35,,single
1791241374,3730,4,,single
1791241376,4770,18,,single
1791241377,6080,9,,single
1791241379,6310,6,,single
1791241380,6830,30,,single
1791241382,6900,14,,single
1791241383,7520,34,,single
1791241385,7660,12,,single
1791241386,9460,0,,single
1791241388,10220,3,,single
1791241389,11610,9,,single
1791241390,12160,1,,single
1791241392,13520,74,,single
1791241394,13580,7,,single
1791241395,15190,11,,single
1791241397,15500,1,,single
1791241398,16450,25,,single
1791241400,17430,7,,single
1791241401,18700,0,,single
1791241403,19830,9,,single
1791241404,20510,44,,single
1791241405,20920,618,,single
1791241408,21670,1,,single
1791241409,21800,13,,single
1791241410,22140,2,,single
1791241412,22350,11,,single
1791241413,22610,2,,single
1791241414,23530,4,,single
1791241417,24840,16,,single
1791241420,42890,22,,single
1791241421,27000,2,,single
1791241422,29900,17,,single
1791241424,32390,2,,single
1791241425,33460,9,,single
1791241427,34900,5,,single
1791241428,38420,24,,single
1791241430,39160,10,,single
1791241431,39690,9,,single
1791241433,41800,2,,single
1791241434,42910,22,,single
1791241436,44340,2,,single
1791241437,45770,32,,single
1791241438,47410,281,,single
1791241440,47890,1101,,single
1791241441,48240,54,,single
1791241443,49540,17,,single
1791241444,55100,19,,single
1791241445,57680,2,,single
1791241447,61500,12,,single
1791241448,63660,5,,single
1791241450,63950,0,,single
1791241451,65980,270,,single
1791241453,71250,89,,single
1791241454,80340,1,,single
1791241455,92100,9,,single
1791241457,95400,8,,single
1791241458,99300,4,,single
1791241460,102840,5,,single
1791241461,108500,0,,single
1791241463,111900,0,,single
1791241464,115120,15,,single
1791241465,201210,38,,single
1791241467,201510,2,,single
1791241468,202750,34,,single
1791241469,203510,0,,single
1791241471,204060,1,,single
1791241472,205020,0,,single
1791241474,205730,2,,single
1791241475,207420,0,,single
1791241477,208670,4,,single
1791241478,209060,0,,single
1791241480,209630,0,,single
1791241481,209950,7,,single
1791241483,211340,0,,single
1791241484,211780,5,,single
1791241485,212200,399,,single
1791241487,213670,1127,,single
1791241488,214790,9,,single
1791241489,215100,23,,single
1791241491,215630,0,,single
1791241492,215830,1,,single
1791241494,216260,2,,single
1791241495,217140,1,,single
1791241497,217790,1,,single
1791241498,218230,197,,single
1791241499,218740,0,,single
1791241501,219950,1,,single
1791241503,220660,6,,single
1791241504,221020,3,,single
1791241506,221810,11,,single
1791241507,222940,16,,single
1791241508,223410,5,,single
1791241510,224540,0,,single
1791241511,224980,3,,single
1791241513,225300,2,,single
1791241516,225540,584,,single
1791241517,226100,3,,single
1791241519,226700,20,,single
1791241520,227600,30,,single
1791241522,228300,17,,single
1791241523,230860,0,,single
1791241525,231140,3,,single
1791241526,232050,17,,single
1791241527,232890,142,,single
1791241529,233350,3,,single
1791241530,233840,9,,single
1791241532,234390,2,,single
1791241533,235360,0,,single
1791241534,236110,297,,single
1791241536,236730,1,,single
1791241537,237310,239,,single
1791241539,238240,0,,single
1791241540,238320,616,,single
1791241542,238910,0,,single
1791241543,239160,52,,single
1791241545,240320,3,,single
1791241546,404730,41,,single
1791241548,241720,0,,single
1791241549,242780,1,,single
1791241551,243120,2,,single
1791241552,243220,0,,single
1791241554,244070,5,,single
1791241555,244910,0,,single
1791241556,245300,14,,single
1791241558,246070,1,,single
1791241559,246760,5,,single
1791241561,248650,4,,single
1791241562,249590,1,,single
1791241563,249990,0,,single
1791241565,250420,0,,single
1791241566,250620,23,,single
1791241568,251110,23,,single
1791241569,251630,0,,single
1791241571,251950,12,,single
1791241572,252370,1,,single
1791241575,252670,0,,single
1791241576,253250,47,,single
1791241578,253920,1,,single
1791241579,254440,5,,single
1791241581,255280,8,,single
1791241582,255420,5,,single
1791241584,256460,1,,single
1791241585,257420,61,,single
1791241587,257750,5,,single
1791241590,258970,38,,single
1791241592,260160,13,,single
1791241593,260790,0,,single
1791241595,261760,1,,single
1791241596,262260,3,,single
1791241598,262790,3,,single
1791241599,263200,1,,single
1791241600,263620,1,,single
1791241602,264730,2,,single
1791241603,265550,123,,single
1791241605,265990,3,,single
1791241606,267490,4,,single
1791241607,268750,3,,single
1791241609,269190,4,,single
1791241611,269310,10,,single
1791241612,269670,4,,single
1791241614,270170,1,,single
1791241615,270850,0,,single
1791241617,271260,7,,single
1791241618,271760,4,,single
1791241620,272230,0,,single
1791241621,273500,1,,single
1791241623,274310,3,,single
1791241625,275100,6,,single
1791241626,275670,2,,single
1791241628,277890,6,,single
1791241629,278970,4,,single
1791241630,280680,1363,,single
1791241632,281370,0,,single
1791241633,282050,4,,single
1791241635,282560,3,,single
1791241636,282900,23,,single
1791241638,283880,8,,single
1791241639,284750,6,,single
1791241640,285440,0,,single
1791241642,286240,4,,single
1791241643,287260,0,,single
1791241645,287920,4,,single
1791241646,288470,282,,single
1791241647,290080,90,,single
1791241649,290790,4,,single
1791241650,292000,1748,,single
1791241652,292410,14,,single
1791241653,293520,1,,single
1791241655,294160,2,,single
1791241656,295690,0,,single
1791241657,296300,3,,single
1791241659,296830,3,,single
1791241660,297020,0,,single
1791241662,297860,14,,single
1791241664,298260,1,,single
1791241665,299460,1,,single
1791241666,299950,1,,single
1791241668,300970,21,,single
1791241669,301520,1,,single
1791241671,302270,1,,single
1791241672,302790,0,,single
1791241674,303430,2,,single
1791241675,304030,0,,single
1791241676,305050,0,,single
1791241678,306040,0,,single
1791241679,307290,0,,single
1791241681,310370,3,,single
1791241682,310950,132,,single
1791241684,311260,114,,single
1791241686,311770,80,,single
1791241687,312280,16,,single
1791241688,312610,12,,single
1791241690,312840,44,,single
1791241691,313630,2,,single
1791241693,313780,1,,single
1791241694,314070,6,,single
1791241696,314660,9,,single
1791241697,314970,14,,single
1791241699,315660,54,,single
1791241700,317410,0,,single
1791241702,318020,11,,single
1791241703,318430,0,,single
1791241705,319140,1,,single
1791241706,320240,62,,single
1791241708,321270,11,,single
1791241709,321960,111,,single
1791241711,323220,19,,single
1791241712,324570,1,,single
1791241714,325090,1,,single
1791241715,326480,5,,single
1791241717,327220,331,,single
1791241718,327740,2,,single
1791241719,329430,104,,single
1791241721,329830,1,,single
1791241722,330390,15,,single
1791241723,331120,0,,single
1791241725,331690,2,,single
1791241726,1116960,10,,single
1791241727,333980,4,,single
1791241729,334210,3,,single
1791241730,335190,2,,single
1791241732,336150,44,,single
1791241733,338180,0,,single
1791241734,339200,3,,single
1791241736,339580,0,,single
1791241737,340000,0,,single
1791241738,340170,14,,single
1791241740,341500,0,,single
1791241741,342200,320,,single
1791241743,342980,1,,single
1791241744,344240,3,,single
1791241745,344850,11,,single
1791241747,345260,118,,single
1791241748,345370,31,,single
1791241750,345650,1,,single
1791241751,346250,0,,single
1791241752,347160,1,,single
1791241754,347600,9,,single
1791241755,347830,1,,single
1791241757,348510,10,,single
1791241758,349730,2,,single
1791241759,350740,1,,single
1791241761,351090,6,,single
1791241762,351710,10,,single
1791241764,352550,0,,single
1791241765,353360,1,,single
1791241766,354200,11,,single
1791241768,354640,0,,single
1791241769,355800,2,,single
1791241771,356050,0,,single
1791241772,356650,14,,single
1791241773,357310,13,,single
1791241775,358750,0,,single
1791241776,359230,2,,single
1791241777,359840,9,,single
1791241779,360430,536,,single
1791241780,360940,0,,single
1791241781,362870,39,,single
1791241783,363440,74,,single
1791241784,363930,4,,single
1791241786,365070,0,,single
1791241787,366220,76,,single
1791241788,366320,2,,single
1791241790,367270,36,,single
1791241791,368340,168,,single
1791241793,368730,3,,single
1791241794,369070,1,,single
1791241796,370020,2,,single
1791241797,371200,0,,single
1791241798,372000,159,,single
1791241800,375200,0,,single
1791241801,375600,0,,single
1791241803,376680,57,,single
1791241804,377530,41,,single
1791241805,378540,59,,single
1791241807,378860,78,,single
1791241808,380360,5,,single
1791241810,381990,4,,single
1791241811,382900,11,,single
1791241812,383180,82,,single
1791241814,384110,26,,single
1791241815,384740,0,,single
1791241816,385560,1,,single
1791241818,386180,692,,single
1791241819,387860,0,,single
1791241821,388750,5,,single
1791241822,389510,1,,single
1791241823,390340,6,,single
1791241825,391040,11,,single
1791241826,391720,21,,single
1791241828,393200,0,,single
1791241829,393530,38,,single
1791241830,394760,1,,single
1791241832,396350,1,,single
1791241833,397270,0,,single
1791241835,399790,5,,single
1791241836,400080,18,,single
1791241838,400250,0,,single
1791241839,400750,3561,,single
1791241841,401710,1,,single
1791241842,402310,0,,single
1791241843,402620,3,,single
1791241845,403180,5,,single
1791241846,404620,0,,single
1791241848,407330,2,,single
1791241849,408520,0,,single
1791241850,409100,1,,single
1791241852,409720,151,,single
1791241853,410710,11,,single
1791241854,411300,54,,single
1791241856,411970,4,,single
1791241857,412880,4,,single
1791241859,414870,1,,single
1791241860,416210,0,,single
1791241861,416690,0,,single
1791241863,417880,0,,single
1791241864,420110,10,,single
1791241866,420930,5,,single
1791241867,422510,5,,single
1791241868,423230,25,,single
1791241870,423950,1,,single
1791241871,426790,8,,single
1791241873,427290,141,,single
1791241874,427730,83,,single
1791241875,428370,0,,single
1791241877,429300,0,,single
1791241878,429940,0,,single
1791241880,431960,45029,,single
1791241881,433100,0,,single
1791241882,433350,19,,single
1791241884,434050,48,,single
1791241885,434460,13,,single
1791241886,434730,0,,single
1791241888,436110,0,,single
1791241890,436520,5,,single
1791241892,437570,1,,single
1791241893,438680,0,,single
1791241894,439940,1,,single
1791241896,440900,5744,,single
1791241897,441830,6,,single
1791241899,442080,1,,single
1791241900,443110,62,,single
1791241901,444250,1,,single
1791241903,445130,0,,single
1791241904,446150,0,,single
1791241906,449140,3,,single
1791241907,449960,5,,single
1791241908,451840,0,,single
1791241910,452510,5,,single
1791241911,454060,0,,single
1791241912,455910,5,,single
1791241914,458750,581,,single
1791241915,460120,7,,single
1791241917,460790,183,,single
1791241918,461430,7,,single
1791241919,461870,0,,single
1791241921,462930,29,,single
1791241922,463270,4,,single
1791241924,464780,0,,single
1791241925,465240,0,,single
1791241926,465760,2,,single
1791241928,466500,1,,single
1791241929,468530,0,,single
1791241930,469790,1,,single
1791241932,469990,8,,single
1791241933,471660,3,,single
1791241935,474750,7,,single
1791241936,477730,3,,single
1791241938,485030,0,,single
1791241939,485510,259,,single
1791241941,487000,2,,single
1791241942,487700,2,,single
1791241943,488790,1242,,single
1791241945,490220,13,,single
1791241947,493370,11,,single
1791241948,493540,1,,single
1791241950,495420,1309,,single
1791241951,496300,98,,single
1791241952,496810,2,,single
1791241954,500260,8,,single
1791241955,502550,0,,single
1791241957,503300,1,,single
1791241958,503620,1,,single
1791241959,504770,0,,single
1791241961,505640,2,,single
1791241963,506140,51,,single
1791241964,509980,93,,single
1791241965,510510,1,,single
1791241967,512250,3,,single
1791241968,513290,2,,single
1791241969,513710,4319,,single
1791241971,514920,0,,single
1791241972,515960,11,,single
1791241974,519140,1,,single
1791241975,520440,83,,single
1791241976,521150,14,,single
1791241978,523000,9,,single
1791241979,524220,871,,single
1791241980,525680,6,,single
1791241982,526490,10,,single
1791241984,527450,0,,single
1791241985,528740,205,,single
1791241987,529590,3,,single
1791241988,530330,2,,single
1791241989,530890,13,,single
1791241991,532840,1,,single
1791241992,534380,2380,,single
1791241993,535930,357,,single
1791241995,536930,1,,single
1791241996,537450,7,,single
1791241997,540610,2,,single
1791241999,543260,4,,single
1791242000,544730,855,,single
1791242001,545650,2,,single
1791242003,546390,0,,single
1791242004,548570,36,,single
1791242006,550650,191,,single
1791242008,552450,0,,single
1791242009,552700,21,,single
1791242011,555150,0,,single
1791242012,555570,83,,single
1791242013,557180,15,,single
1791242015,559100,27,,single
1791242016,560130,231,,single
1791242019,562230,1,,single
1791242021,566090,1,,single
1791242022,566540,24,,single
1791242023,567640,359,,single
1791242025,570460,1,,single
1791242026,572410,27,,single
1791242027,574760,2,,single
1791242029,576500,1,,single
1791242030,578620,11,,single
1791242032,579180,21,,single
1791242033,581270,1,,single
1791242035,582660,16634,,single
1791242036,585550,3,,single
1791242037,586140,259,,single
1791242039,586980,0,,single
1791242040,587260,3,,single
1791242042,588190,5,,single
1791242043,588950,5,,single
1791242044,589530,13,,single
1791242046,591420,2,,single
1791242047,594130,3,,single
1791242048,597820,50,,single
1791242050,598700,9,,single
1791242051,601050,72,,single
1791242053,601810,3,,single
1791242054,603530,3,,single
1791242055,604540,57,,single
1791242057,606280,93,,single
1791242058,606880,72,,single
1791242060,607890,9,,single
1791242061,609490,2,,single
1791242063,611660,35,,single
1791242064,612020,63,,single
1791242065,612570,2,,single
1791242067,613190,0,,single
1791242068,617160,2,,single
1791242070,618720,0,,single
1791242071,619540,8,,single
1791242072,620190,0,,single
1791242074,622220,11,,single
1791242075,622720,11,,single
1791242077,625960,741,,single
1791242078,628670,9,,single
1791242079,629520,9575,,single
1791242081,629910,14,,single
1791242082,632000,0,,single
1791242084,633360,9,,single
1791242085,636040,301,,single
1791242087,637100,22,,single
1791242088,638070,1,,single
1791242090,638850,0,,single
1791242091,640150,0,,single
1791242092,641780,24,,single
1791242094,644830,38,,single
1791242095,646200,0,,single
1791242097,649950,8,,single
1791242098,650510,5,,single
1791242099,651670,17,,single
1791242101,654990,0,,single
1791242102,658260,0,,single
1791242103,658850,48,,single
1791242105,664430,0,,single
1791242106,665360,18,,single
1791242108,668580,1600,,single
1791242109,670260,3,,single
1791242110,671970,12,,single
1791242112,673000,0,,single
1791242113,674020,1,,single
1791242114,677120,54,,single
1791242116,678900,13,,single
1791242117,682990,73,,single
1791242119,684580,1,,single
1791242120,686260,2,,single
1791242121,687260,0,,single
1791242123,688130,61,,single
1791242124,690640,32,,single
1791242126,691020,0,,single
1791242127,692850,199,,single
1791242129,695920,4,,single
1791242130,696480,0,,single
1791242132,698780,531,,single
1791242134,700030,8,,single
1791242135,702670,25,,single
1791242137,704270,256,,single
1791242138,706990,4,,single
1791242139,709440,0,,single
1791242141,711810,2,,single
1791242142,715560,12,,single
1791242144,717560,0,,single
1791242145,718670,151,,single
1791242147,720280,1,,single
1791242148,722560,2,,single
1791242149,726360,1,,single
1791242151,727130,8,,single
1791242152,728730,27,,single
1791242154,732240,8,,single
1791242155,735850,0,,single
1791242156,737800,47,,single
1791242158,738540,50,,single
1791242160,741670,1,,single
1791242161,743890,120,,single
1791242162,744900,476,,single
1791242164,747340,0,,single
1791242165,750050,1,,single
1791242167,752480,2,,single
1791242168,753650,2,,single
1791242170,754890,3,,single
1791242171,756530,6,,single
1791242172,757310,34,,single
1791242174,760060,31,,single
1791242175,764300,17,,single
1791242177,765870,10,,single
1791242178,767930,2,,single
1791242179,770100,3,,single
1791242181,773670,1,,single
1791242182,774241,20,,single
1791242184,774541,1,,single
1791242185,776340,0,,single
1791242187,779290,5,,single
1791242188,780210,17,,single
1791242189,785260,4,,single
1791242191,787810,13,,single
1791242192,788260,0,,single
1791242193,788770,0,,single
1791242195,792220,6,,single
1791242196,794540,2,,single
1791242198,798420,10,,single
1791242199,801800,142,,single
1791242201,803980,2,,single
1791242202,806140,8,,single
1791242203,809140,15,,single
1791242205,811870,3,,single
1791242206,814480,28,,single
1791242208,816020,6,,single
1791242209,820630,4,,single
1791242210,822930,0,,single
1791242212,824270,2444,,single
1791242213,826940,2,,single
1791242215,830820,2,,single
1791242216,834530,52,,single
1791242217,837380,73,,single
1791242219,839310,4,,single
1791242221,842100,6,,single
1791242222,844660,1,,single
1791242224,846800,3,,single
1791242225,849740,1,,single
1791242226,852090,2,,single
1791242228,857980,23,,single
1791242229,859680,0,,single
1791242231,862800,4,,single
1791242232,863570,0,,single
1791242233,868020,2,,single
1791242235,871530,0,,single
1791242236,872410,1452,,single
1791242238,877200,3,,single
1791242239,878750,6,,single
1791242241,880850,17,,single
1791242242,883860,181,,single
1791242244,886900,6,,single
1791242245,889480,0,,single
1791242247,891220,0,,single
1791242248,893680,9,,single
1791242250,897030,2,,single
1791242251,899310,1,,single
1791242252,900040,36,,single
1791242254,906100,28,,single
1791242255,910490,0,,single
1791242257,911430,10,,single
1791242258,914690,196,,single
1791242260,915810,0,,single
1791242261,918820,0,,single
1791242263,920210,461,,single
1791242264,921800,24,,single
1791242266,924140,1,,single
1791242267,924980,43,,single
1791242269,927380,28,,single
1791242270,928950,0,,single
1791242271,931280,10,,single
1791242273,933110,2962,,single
1791242274,934780,5,,single
1791242276,938380,16,,single
1791242277,939520,10,,single
1791242279,940910,2,,single
1791242281,944220,0,,single
1791242282,946030,8,,single
1791242284,952040,12,,single
1791242285,952250,1,,single
1791242287,954740,122,,single
1791242288,955900,173,,single
1791242290,957960,11,,single
1791242291,960910,292,,single
1791242293,964650,0,,single
1791242294,968790,11,,single
1791242295,970570,26,,single
1791242297,971030,1,,single
1791242298,977720,0,,single
1791242299,979060,63,,single
1791242301,980940,5,,single
1791242303,984110,2,,single
1791242304,984800,5,,single
1791242305,990050,2,,single
1791242308,991560,4,,single
1791242309,992640,0,,single
1791242310,994220,3,,single
1791242312,996380,0,,single
1791242313,999020,64,,single
1791242315,1000410,3,,single
1791242316,1004240,0,,single
1791242319,1005870,5,,single
1791242320,1011510,104,,single
1791242322,2696480,39,,single
1791242323,1015930,2,,single
1791242324,1016950,94,,single
1791242326,1018020,5,,single
1791242327,1025580,0,,single
1791242328,1026680,201,,single
1791242330,1029690,1256,,single
1791242331,1030830,425,,single
1791242333,1031460,2,,single
1791242334,1034900,4,,single
1791242335,1037020,4,,single
1791242337,1040550,0,,single
1791242338,1041920,1,,single
1791242339,1042780,1,,single
1791242341,1044620,19,,single
1791242342,1046820,4,,single
1791242344,1049320,15,,single
1791242345,1049890,7,,single
1791242347,1056640,732,,single
1791242348,1057640,22,,single
1791242350,1062000,0,,single
1791242351,1063490,1,,single
1791242352,1064340,12,,single
1791242354,1069030,5,,single
1791242355,1070910,22,,single
1791242356,1072500,11,,single
1791242358,1079620,0,,single
1791242359,1084160,1234,,single
1791242361,1086940,37879,,single
1791242362,1088150,28,,single
1791242364,1090630,1,,single
1791242365,1092730,7,,single
1791242367,1096200,1,,single
1791242368,1096710,22,,single
1791242369,1097580,14,,single
1791242371,1099410,167,,single
1791242372,1101450,5,,single
1791242374,1104280,37,,single
1791242375,1105420,369,,single
1791242376,1106340,13,,single
1791242378,1107320,70,,single
1791242379,1108590,9,,single
1791242381,1110910,34,,single
1791242382,1112400,1,,single
1791242384,1113560,281,,single
1791242385,1117090,16,,single
1791242386,1119700,1,,single
1791242388,1121560,7,,single
1791242389,1124260,1,,single
1791242391,1127840,4,,single
1791242392,1128810,1923,,single
1791242394,1130620,4,,single
1791242396,1133120,4,,single
1791242397,1134700,293,,single
1791242398,1136160,26,,single
1791242400,1137300,36,,single
1791242401,1140890,1,,single
1791242403,1142080,3,,single
1791242404,1546920,0,,single
1791242405,1146370,48,,single
1791242407,1147510,0,,single
1791242408,1150440,170,,single
1791242410,1151340,7693,,single
1791242411,1157340,0,,single
1791242412,1159660,0,,single
1791242414,1161830,43,,single
1791242415,1164390,1,,single
1791242417,1167140,11,,single
1791242418,1170950,251,,single
1791242420,1172050,0,,single
1791242421,1173780,71,,single
1791242422,1175830,19,,single
1791242424,1178780,1,,single
1791242425,1179680,148,,single
1791242426,1181400,1,,single
1791242428,1183800,3,,single
1791242429,1184370,2144,,single
1791242431,1186040,2,,single
1791242432,1189630,18,,single
1791242434,1190400,5,,single
1791242435,1194840,2,,single
1791242436,1196310,168,,single
1791242438,1200860,1,,single
1791242439,1203620,5036,,single
1791242440,1206060,0,,single
1791242442,1208600,2,,single
1791242443,1212620,3,,single
1791242444,1214650,33,,single
1791242446,1218280,1,,single
1791242447,1220140,59,,single
1791242449,1222670,20991,,single
1791242450,1224020,4,,single
1791242452,1225570,131,,single
1791242453,1227780,6,,single
1791242455,1229460,0,,single
1791242456,1231990,13,,single
1791242457,1234430,9,,single
1791242459,1235140,456,,single
1791242460,1237980,26,,single
1791242462,1238040,178,,single
1791242463,1238820,100,,single
1791242465,1239520,13,,single
1791242466,1244950,3,,single
1791242467,1249130,0,,single
1791242469,1250650,6,,single
1791242470,1252600,51,,single
1791242471,1253920,163,,single
1791242473,1255560,18,,single
1791242474,1257290,5,,single
1791242476,1259790,88,,single
1791242477,1263070,1,,single
1791242479,1265780,3,,single
1791242480,1266690,8,,single
1791242482,1268590,20,,single
1791242483,1269690,23,,single
1791242485,1271700,37,,single
1791242486,1274570,566,,single
1791242487,1276760,65,,single
1791242489,1277930,20,,single
1791242490,1281270,5,,single
1791242491,1282590,14,,single
1791242493,1283230,8,,single
1791242494,1284820,7,,single
1791242496,1287840,22,,single
1791242497,1290270,5,,single
1791242499,1293160,15,,single
1791242500,1295660,7527,,single
1791242501,1296510,2,,single
1791242503,1298140,11,,single
1791242504,1305080,37,,single
1791242505,1307660,1,,single
1791242507,1311070,3,,single
1791242508,1317020,1,,single
1791242510,1321450,7,,single
1791242511,1324350,3,,single
1791242512,1325860,7206,,single
1791242514,1328990,3,,single
1791242516,1333200,9,,single
1791242517,1334010,0,,single
1791242518,1336180,5,,single
1791242521,1341820,9,,single
1791242522,1346070,0,,single
1791242524,1351240,92,,single
1791242525,1355090,15,,single
1791242526,1358140,2,,single
1791242528,1361680,37,,single
1791242529,1367590,36,,single
1791242530,1368870,36,,single
1791242532,1369520,1,,single
1791242533,1371690,2,,single
1791242535,1372150,10,,single
1791242536,1373550,2,,single
1791242538,1374970,8,,single
1791242539,1377580,76,,single
1791242541,1380390,3,,single
1791242542,1384700,4,,single
1791242544,1388880,138,,single
1791242545,1391530,30,,single
1791242547,1395030,15,,single
1791242548,1401730,13,,single
1791242550,1402320,2,,single
1791242551,1406990,17,,single
1791242552,1412310,4,,single
1791242554,1415660,1,,single
1791242555,1419160,24,,single
1791242556,1421290,9,,single
1791242558,1424980,0,,single
1791242559,1427340,2,,single
1791242561,1428900,0,,single
1791242562,1432050,26,,single
1791242564,1433990,22,,single
1791242566,1439300,0,,single
1791242567,1443490,1,,single
1791242568,1446650,60,,single
1791242570,1451940,213,,single
1791242571,1456820,5,,single
1791242573,1457320,37,,single
1791242574,1465460,478,,single
1791242576,1465860,0,,single
1791242578,1471270,7,,single
1791242579,1474740,4,,single
1791242580,1478070,0,,single
1791242582,1480560,49,,single
1791242583,1484720,48,,single
1791242585,1487210,169,,single
1791242586,1489630,55,,single
1791242588,1491410,16,,single
1791242589,1493750,6,,single
1791242591,1494460,152,,single
1791242592,1498570,237,,single
1791242594,1502660,8,,single
1791242595,1506830,521,,single
1791242596,1508030,0,,single
1791242598,1515950,50,,single
1791242599,1519310,7,,single
1791242600,1529810,1,,single
1791242602,1531540,95,,single
1791242603,1536620,9,,single
1791242605,1541250,1,,single
1791242606,1544020,38,,single
1791242608,1549180,6,,single
1791242609,1550010,9,,single
1791242611,1552810,11,,single
1791242612,1556100,18,,single
1791242614,1562420,19,,single
1791242615,1569200,2,,single
1791242618,1573720,5,,single
1791242620,1574270,8,,single
1791242621,1577250,2,,single
1791242622,1580780,42,,single
1791242624,1584940,42,,single
1791242625,1590840,3,,single
1791242627,1591520,0,,single
1791242628,1593030,201,,single
1791242630,1597310,10,,single
1791242631,1602000,223,,single
1791242633,1608400,2,,single
1791242634,1609730,3,,single
1791242635,1612420,18,,single
1791242637,1618380,42,,single
1791242638,1621140,0,,single
1791242640,1622900,29,,single
1791242641,1627350,5,,single
1791242643,1632490,2,,single
1791242644,1636710,6,,single
1791242646,1641960,123,,single
1791242647,1644490,1,,single
1791242648,1649080,313,,single
1791242650,1659600,6,,single
1791242651,1662210,11,,single
1791242653,1668290,1,,single
1791242654,1670870,25,,single
1791242656,1672500,77,,single
1791242657,1677350,118,,single
1791242658,1680880,19,,single
1791242660,1684410,2,,single
1791242661,1690730,43,,single
1791242663,1692240,1,,single
1791242664,1694960,11,,single
1791242665,1697880,8,,single
1791242667,1702330,42,,single
1791242668,1707550,10,,single
1791242670,1708460,0,,single
1791242671,1711950,8,,single
1791242673,1714320,1,,single
1791242674,1715130,67,,single
1791242676,1716740,3461,,single
1791242677,1722620,0,,single
1791242679,1726400,0,,single
1791242680,1732190,14,,single
1791242682,1739300,14,,single
1791242683,1742930,5,,single
1791242685,1749860,11,,single
1791242686,1760250,40,,single
1791242687,1762930,26,,single
1791242689,1766060,897,,single
1791242690,1776380,23,,single
1791242692,1778840,24,,single
1791242693,1784570,248,,single
1791242695,1794960,85,,single
1791242696,1803400,16,,single
1791242698,1809700,181,,single
1791242699,1814010,55,,single
1791242700,1823950,23,,single
1791242702,1836120,168,,single
1791242703,1840080,14,,single
1791242705,1843760,113,,single
1791242706,1849790,14,,single
1791242708,1850740,57,,single
1791242709,1856030,27,,single
1791242710,1858630,27,,single
1791242712,1867530,6,,single
1791242714,1872860,6,,single
1791242715,1878740,0,,single
1791242716,1885750,2,,single
1791242718,1893620,1,,single
1791242719,1898300,604,,single
1791242721,1902690,17,,single
1791242722,1914580,2,,single
1791242723,1918040,27,,single
1791242725,1923790,0,,single
1791242726,1926520,6,,single
1791242728,1929610,425,,single
1791242729,1933660,23,,single
1791242730,1938090,26441,,single
1791242732,1944240,3,,single
1791242733,1947500,9,,single
1791242735,1949030,21,,single
1791242736,1954420,208,,single
1791242738,1959350,1,,single
1791242739,1961950,60,,single
1791242741,1968340,1,,single
1791242742,1975520,40,,single
1791242744,1981820,32,,single
1791242745,1984020,7,,single
1791242747,1987080,128,,single
1791242748,1990740,23,,single
1791242750,1997660,26,,single
1791242751,2001070,34,,single
1791242752,2005160,9,,single
1791242754,2009100,17,,single
1791242755,2013360,75,,single
1791242757,2021910,165,,single
1791242758,2023360,7,,single
1791242760,2051120,40,,single
1791242761,2055290,12,,single
1791242762,2071280,900,,single
1791242764,2075720,137,,single
1791242765,2083210,2,,single
1791242766,2089350,11,,single
1791242768,2102450,12,,single
1791242769,2106670,45,,single
1791242771,2110820,7,,single
1791242772,2121980,68,,single
1791242773,2130460,8,,single
1791242775,2138610,43,,single
1791242776,2141730,591,,single
1791242778,2157560,269,,single
1791242779,2167220,11,,single
1791242781,2179380,18,,single
1791242782,2187220,210,,single
1791242783,2197890,72,,single
1791242785,2201940,195,,single
1791242786,2209680,3,,single
1791242788,2215260,12,,single
1791242789,2221920,276,,single
1791242790,2230110,79,,single
1791242792,2239710,448,,single
1791242793,2249160,5,,single
1791242795,2257010,23,,single
1791242796,2262770,11,,single
1791242797,2276980,14,,single
1791242799,2286390,1,,single
1791242800,2288630,56,,single
1791242802,2292650,6,,single
1791242803,2306590,72,,single
1791242805,2315400,24,,single
1791242806,2316580,4,,single
1791242808,2334170,4,,single
1791242809,2338140,79,,single
1791242810,2344520,16269,,single
1791242812,2348610,18,,single
1791242813,2367820,0,,single
1791242815,2375550,102,,single
1791242817,2384620,91,,single
1791242818,2390230,18,,single
1791242820,2396980,109,,single
1791242821,2401230,2,,single
1791242823,2405060,28,,single
1791242824,2407830,57,,single
1791242826,2427410,139,,single
1791242827,2429350,0,,single
1791242829,2431100,1,,single
1791242830,2438680,10,,single
1791242831,2442020,3,,single
1791242833,2446550,22,,single
1791242834,2453060,17,,single
1791242836,2457220,310,,single
1791242837,2458830,3,,single
1791242839,2473480,23,,single
1791242840,2481020,4,,single
1791242842,2490990,38,,single
1791242844,2497900,10,,single
1791242845,2510960,45,,single
1791242847,2518960,53,,single
1791242848,2529170,8,,single
1791242850,2536530,1,,single
1791242851,2545360,6,,single
1791242852,2565550,3,,single
1791242854,2599270,7,,single
1791242855,2609610,71,,single
1791242857,2619650,139,,single
1791242858,2623190,1162,,single
1791242859,2631250,6,,single
1791242861,2659900,17,,single
1791242862,2668430,39,,single
1791242864,2671970,15,,single
1791242865,2682580,8,,single
1791242866,2691350,2,,single
1791242868,2695940,96,,single
1791242869,2701660,148,,single
1791242871,2719940,33,,single
1791242872,2727650,8,,single
1791242874,2745870,14,,single
1791242875,2749770,45,,single
1791242877,2757330,16,,single
1791242878,2768430,394,,single
1791242880,2786680,11,,single
1791242881,2796010,15,,single
1791242882,2820820,72,,single
1791242884,2826800,12,,single
1791242885,2840770,1222,,single
1791242888,2853590,203,,single
1791242889,2870710,5,,single
1791242891,2891310,5,,single
1791242892,2904000,919,,single
1791242893,2919660,6,,single
1791242895,2922410,26,,single
1791242896,2943150,6,,single
1791242898,2952470,26,,single
1791242899,2965660,124,,single
1791242900,2996040,117,,single
1791242902,3011030,15,,single
1791242903,3021100,53,,single
1791242905,3037410,575,,single
1791242907,3062930,3,,single
1791242909,3099730,1,,single
1791242910,3123410,42,,single
1791242911,3149370,3,,single
1791242913,3179730,67,,single
1791242914,3187030,725,,single
1791242916,3213850,1262,,single
1791242917,3238670,183,,single
1791242918,3258290,101,,single
1791242920,3314060,154,,single
1791242922,3339780,4,,single
1791242923,3400930,100,,single
1791242924,3435260,15,,single
1791242926,3453600,20,,single
1791242927,3539440,14,,single
1791242928,1859910,158,,single
1791242930,1520470,113,,single
1791242931,1504570,1,,single
1791242933,1880330,4,,single
1791242934,1162520,80,,single
1791242936,47790,52,,single
1791242937,2361680,19,,single
1791242939,652980,2,,single
1791242941,1239020,16,,single
1791242942,1407450,13,,single
1791242944,1506980,1,,single
1791242945,1461810,14,,single
1791242947,1008710,0,,single
1791242948,570780,11,,single
1791242950,1393350,0,,single
1791242951,2453360,30,,single
1791242953,703700,3,,single
1791242954,1434480,14,,single
1791242955,2696050,46,,single
1791242957,33220,45,,single
1791242958,2106520,9,,single
1791242960,2321210,0,,single
1791242962,1146970,3,,single
1791242963,1233270,1,,single
1791242964,1230410,1,,single
1791242966,2875140,3,,single
1791242967,244710,1,,single
1791242969,967250,1,,single
1791242970,1069230,2,,single
1791242972,296710,7,,single
1791242974,1672670,1,,single
1791242975,1186400,0,,single
1791242977,3109580,43,,single
1791242978,1217390,1,,single
1791242980,851800,0,,single
1791242981,2093920,10,,single
1791242983,1191210,1,,single
1791242984,2734450,12,,single
1791242986,570770,3,,single
1791242987,1225780,2,,single
1791242988,1939560,2,,single
1791242990,789760,0,,single
1791242991,600090,4,,single
1791242993,1334040,2,,single
1791242994,1256610,0,,single
1791242996,1149660,0,,single
1791242997,278890,0,,single
1791242999,1057680,0,,single
1791243000,921390,8,,single
1791243002,779640,5,,single
1791243003,241910,225,,single
1791243004,2346410,16,,single
1791243006,588690,4,,single
1791243008,1161870,1,,single
1791243009,400240,0,,single
1791243011,2510770,4,,single
1791243012,280180,0,,single
1791243014,1868000,4,,single
1791243015,1510030,2,,single
1791243016,1801650,2,,single
1791243018,1562260,0,,single
1791243019,1212830,0,,single
1791243021,1193340,1,,single
1791243022,258760,7,,single
1791243023,1277940,10,,single
1791243025,1601740,2,,single
1791243026,665090,0,,single
1791243028,3028500,6,,single
1791243029,2986260,7,,single
1791243031,1041840,4,,single
1791243032,500710,12,,single
1791243034,2868860,50,,single
1791243035,2226700,37,,single
1791243037,704030,1,,single
1791243038,599460,4,,single
1791243040,1060670,0,,single
1791243041,551770,1,,single
1791243043,758530,0,,single
1791243044,1449070,6,,single
1791243046,3376250,139,,single
1791243047,381640,0,,single
1791243048,1519090,24,,single
1791243050,2780710,35,,single
1791243051,1083210,0,,single
1791243053,810670,2,,single
1791243054,948830,0,,single
1791243056,2093010,2,,single
1791243057,600370,1,,single
1791243059,742250,1,,single
1791243060,1028470,0,,single
1791243062,656200,1,,single
1791243063,1904860,11,,single
1791243064,1985930,0,,single
1791243066,1471180,17,,single
1791243067,2957700,7,,single
1791243069,1340130,5,,single
1791243070,2642890,0,,single
1791243072,2111870,2,,single
1791243073,662830,1,,single
1791243075,668550,3,,single
1791243076,970560,13,,single
1791243077,1101360,11,,single
1791243079,1159420,12,,single
1791243081,1246020,1,,single
1791243082,2628570,1,,single
1791243084,1089630,0,,single
1791243085,1783780,4,,single
1791243086,2963550,2,,single
1791243088,835650,3,,single
1791243089,585020,0,,single
1791243091,1594880,4,,single
1791243092,1274490,5,,single
1791243094,2137760,4,,single
1791243095,710470,4,,single
1791243097,2882870,2,,single
1791243098,2621150,0,,single
1791243100,1162070,5,,single
1791243101,2788040,7,,single
1791243103,2232600,0,,single
1791243104,2849960,0,,single
1791243105,1057180,0,,single
1791243107,760640,139,,single
1791243108,1092040,0,,single
1791243110,1674890,4,,single
1791243111,1405470,2,,single
1791243112,1546010,0,,single
1791243114,3395140,3,,single
1791243115,2400640,6,,single
1791243116,671800,0,,single
1791243118,826600,1,,single
1791243120,418670,5,,single
1791243121,1232460,0,,single
1791243122,1638300,21,,single
1791243124,364050,0,,single
1791243125,1151450,8,,single
1791243127,65600,6,,single
1791243128,2115390,1,,single
1791243130,1029630,6,,single
1791243131,326190,0,,single
1791243133,2389040,23,,single
1791243134,553790,0,,single
1791243136,1037130,2,,single
1791243137,975470,1,,single
1791243139,858940,2,,single
1791243140,1409830,4,,single
1791243142,3364770,0,,single
1791243143,1930600,0,,single
1791243145,907270,3,,single
1791243146,2757350,0,,single
1791243148,769970,2,,single
1791243150,319830,3,,single
1791243151,1328890,4,,single
1791243153,1433420,2,,single
1791243154,2310700,8,,single
1791243156,275470,1,,single
1791243157,2720280,1,,single
1791243159,2997980,7,,single
1791243160,929200,14,,single
1791243162,2186700,2,,single
1791243163,2456350,3,,single
1791243165,440760,0,,single
1791243166,2712580,0,,single
1791243168,645260,29,,single
1791243169,2162680,2,,single
1791243171,1115780,0,,single
1791243172,1583570,0,,single
1791243174,2485180,1,,single
1791243175,2087460,1,,single
1791243176,3215170,3,,single
1791243178,2125540,1,,single
1791243180,1253710,2,,single
1791243182,481870,4,,single
1791243183,418950,0,,single
1791243184,1269020,1,,single
1791243186,1426490,2,,single
1791243187,370510,1,,single
1791243189,3268080,0,,single
1791243190,440730,1,,single
1791243192,2904890,4,,single
1791243193,1323470,1,,single
1791243195,1222800,156,,single
1791243197,6840,1,,single
1791243198,2782610,12,,single
1791243200,2898270,42,,single
1791243202,2603020,10,,single
1791243203,463210,3,,single
1791243205,2754690,1,,single
1791243206,2186360,10,,single
1791243208,975680,1,,single
1791243209,3099000,10,,single
1791243211,809060,2,,single
1791243212,2429240,1,,single
1791243213,1684100,0,,single
1791243215,1557480,0,,single
1791243216,966430,0,,single
1791243219,2701510,2,,single
1791243220,738510,1,,single
1791243222,3334550,1,,single
1791243223,375450,114,,single
1791243225,880510,0,,single
1791243226,1433570,7,,single
1791243228,887720,1,,single
1791243229,1910790,1,,single
1791243231,2846290,0,,single
1791243232,587420,0,,single
1791243234,2600600,1,,single
1791243235,2175540,364,,single
1791243236,482300,0,,single
1791243238,1485870,0,,single
1791243239,713650,0,,single
1791243241,1007350,0,,single
1791243242,970510,1,,single
1791243243,685340,3,,single
1791243245,673260,23,,single
1791243246,1460220,2,,single
1791243248,522570,0,,single
1791243249,380020,0,,single
1791243251,1731520,0,,single
1791243252,1857740,10,,single
1791243254,482450,9,,single
1791243255,881690,2,,single
1791243257,2057550,3,,single
1791243258,1612780,2,,single
1791243259,229580,0,,single
1791243261,299480,0,,single
1791243262,489610,0,,single
1791243264,2317640,23,,single
1791243265,1003480,9,,single
1791243267,1755910,16,,single
1791243268,2286780,15,,single
1791243270,691280,1,,single
1791243271,205840,2,,single
1791243272,2178990,5,,single
1791243274,1964040,3,,single
1791243275,936500,1,,single
1791243277,391070,1,,single
1791243278,2111630,27,,single
1791243280,658550,1,,single
1791243281,893720,3,,single
1791243283,655100,3,,single
1791243284,2865580,11,,single
1791243286,1393410,1,,single
1791243287,367570,0,,single
1791243289,369420,1,,single
1791243290,1264970,8,,single
1791243292,357290,1,,single
1791243293,701930,0,,single
1791243294,2455370,0,,single
1791243296,488730,0,,single
1791243297,1948700,0,,single
1791243299,415480,8,,single
1791243300,2618840,0,,single
1791243301,2430730,16,,single
1791243303,2461050,0,,single
1791243305,2075100,4,,single
1791243306,1178400,28,,single
1791243308,282010,0,,single
1791243309,252010,0,,single
1791243310,2403290,0,,single
1791243312,2521630,12,,single
1791243313,515260,5,,single
1791243315,1370140,2,,single
1791243316,2840210,0,,single
1791243317,1679320,0,,single
1791243319,654900,2,,single
1791243321,90200,4,,single
1791243322,664180,1,,single
1791243324,1299360,0,,single
1791243325,345220,0,,single
1791243327,1475400,0,,single
1791243328,1266600,0,,single
1791243330,2294450,3,,single
1791243331,1768650,2,,single
1791243333,1334700,0,,single
1791243334,257830,2,,single
1791243336,871420,0,,single
1791243337,2014550,4,,single
1791243339,301200,0,,single
1791243340,2637070,4,,single
1791243341,1501690,1,,single
1791243343,719640,128,,single
1791243344,352950,0,,single
1791243346,965320,13,,single
1791243347,2910460,0,,single
1791243349,1664350,0,,single
1791243350,447850,1,,single
1791243352,1158220,0,,single
1791243354,347290,0,,single
1791243355,526790,0,,single
1791243357,2404370,0,,single
1791243358,887060,1,,single
1791243360,1687000,3,,single
1791243361,402040,1,,single
1791243362,2019760,4,,single
1791243364,454100,0,,single
1791243365,1119600,1,,single
1791243367,1157250,0,,single
1791243368,11480,5,,single
1791243370,1089790,0,,single
1791243372,2165390,0,,single
1791243374,2487060,6,,single
1791243375,503820,0,,single
1791243377,680980,0,,single
1791243378,2251010,1,,single
1791243379,2830150,7,,single
1791243381,703320,7,,single
1791243382,1259800,11,,single
1791243384,904740,0,,single
1791243385,1385100,1,,single
1791243387,462680,2,,single
1791243388,1118840,1,,single
1791243390,1418160,0,,single
1791243391,851530,0,,single
1791243393,1349120,1,,single
1791243394,1133590,1,,single
1791243396,1939790,1,,single
1791243397,575950,0,,single
1791243399,1483370,4,,single
1791243400,423590,0,,single
1791243401,1429880,39,,single
1791243403,2151580,1,,single
1791243404,2064810,1,,single
1791243406,418190,1,,single
1791243407,253290,1,,single
1791243409,920680,2,,single
1791243410,1266630,172,,single
1791243412,1640630,3,,single
1791243413,1147940,1,,single
1791243415,1518770,1,,single
1791243416,1121710,0,,single
1791243418,1213230,1,,single
1791243419,1238680,8,,single
1791243421,1054550,0,,single
1791243422,1049710,1,,single
1791243424,1311250,0,,single
1791243425,605610,0,,single
1791243427,1335230,0,,single
1791243428,388060,5,,single
1791243430,111600,0,,single
1791243431,659190,0,,single
1791243433,1373880,6,,single
1791243434,1430220,4,,single
1791243435,2774190,0,,single
1791243437,1223870,0,,single
1791243438,1260130,0,,single
1791243440,1003400,14,,single
1791243441,3385670,7,,single
1791243442,2591210,25,,single
1791243444,398680,0,,single
1791243445,345430,0,,single
1791243447,294230,0,,single
1791243448,65610,0,,single
1791243450,33180,2,,single
1791243451,2270210,5,,single
1791243453,430070,0,,single
1791243454,2532050,1,,single
1791243456,317100,1,,single
1791243457,2457540,41,,single
1791243459,681390,0,,single
1791243460,263680,0,,single
1791243461,2552310,1,,single
1791243463,3410310,0,,single
1791243464,1717090,10,,single
1791243466,1465890,0,,single
1791243467,1688100,1,,single
1791243469,1233880,22,,single
1791243470,485040,1,,single
1791243472,268220,0,,single
1791243473,3046600,22,,single
1791243474,1415140,5,,single
1791243476,301840,0,,single
1791243477,1449320,0,,single
1791243479,545690,0,,single
1791243480,741820,0,,single
1791243481,1494560,11,,single
1791243483,228960,2,,single
1791243484,1639080,6,,single
1791243486,247140,0,,single
1791243487,2060750,3,,single
1791243489,389270,1,,single
1791243490,339790,15,,single
1791243492,33610,3,,single
1791243493,975270,2,,single
1791243494,1647190,1,,single
1791243496,2851150,6,,single
1791243497,1620290,4,,single
1791243499,1292910,0,,single
1791243500,2353340,4,,single
1791243502,2917350,12,,single
1791243503,1300920,1,,single
1791243505,1252560,0,,single
1791243506,1189440,3,,single
1791243508,341550,0,,single
1791243509,2439760,1,,single
1791243511,574080,0,,single
1791243512,1372300,1,,single
1791243513,1119060,1,,single
1791243515,698870,0,,single
1791243518,209730,0,,single
1791243519,1331210,1,,single
1791243521,353550,0,,single
1791243522,755980,0,,single
1791243523,538810,1,,single
1791243525,1418020,0,,single
1791243526,965670,1,,single
1791243528,285840,0,,single
1791243529,1013870,0,,single
1791243531,23450,3,,single
1791243532,530950,0,,single
1791243534,3411020,2,,single
1791243535,1144440,0,,single
1791243537,262550,1,,single
1791243538,209230,2,,single
1791243540,251530,2,,single
1791243541,472680,1,,single
1791243543,517810,30,,single
1791243544,2187230,1,,single
1791243546,1036740,0,,single
1791243547,565860,1,,single
1791243549,877360,0,,single
1791243550,1007810,0,,single
1791243552,3080380,1,,single
1791243553,2204350,5,,single
1791243554,2377970,3,,single
1791243556,555510,6,,single
1791243557,1497950,4,,single
1791243558,326150,1,,single
1791243560,1656930,11,,single
1791243561,232950,0,,single
1791243563,628750,1,,single
1791243564,1140630,0,,single
1791243566,595440,3,,single
1791243567,1682260,1,,single
1791243569,599610,1,,single
1791243570,1243140,0,,single
1791243572,214550,1,,single
1791243573,2961460,7,,single
1791243575,506730,0,,single
1791243576,1897650,5,,single
1791243577,1047010,2,,single
1791243579,3014520,1,,single
1791243580,259780,1,,single
1791243582,1303950,2,,single
1791243584,262490,7,,single
1791243586,1299170,20,,single
1791243587,259810,10,,single
1791243589,451650,11,,single
1791243590,721090,22,,single
1791243592,406090,1,,single
1791243593,1638390,2,,single
1791243595,2458310,0,,single
1791243596,603750,21,,single
1791243597,3064290,4,,single
1791243599,2295920,2,,single
1791243600,527340,0,,single
1791243602,449710,5,,single
1791243603,1132910,0,,single
1791243605,346180,0,,single
1791243606,321150,0,,single
1791243608,891510,2,,single
1791243609,2099220,1,,single
1791243611,1061880,2,,single
1791243612,340460,0,,single
1791243613,574820,2,,single
1791243615,2752720,2,,single
1791243616,2667410,1,,single
1791243618,2530420,0,,single
1791243619,1209410,1,,single
1791243621,314010,0,,single
1791243622,1286340,1,,single
1791243624,2476100,1,,single
1791243625,655290,0,,single
1791243626,1146600,1,,single
1791243628,2411910,28,,single
1791243629,561770,52,,single
1791243630,2794830,2,,single
1791243632,284730,0,,single
1791243633,1534340,1,,single
1791243635,3447690,5,,single
1791243636,549860,0,,single
1791243638,2153330,0,,single
1791243639,286360,0,,single
1791243641,466270,0,,single
1791243642,1515640,9,,single
1791243643,2662780,15,,single
1791243645,1502040,1,,single
1791243646,945770,14,,single
1791243648,1627850,1,,single
1791243649,1262040,2,,single
1791243651,219760,1,,single
1791243652,1037590,1,,single
1791243653,1273560,2,,single
1791243655,1667700,2,,single
1791243656,1177400,0,,single
1791243658,1475840,2,,single
1791243659,2336980,0,,single
1791243661,2321120,1,,single
1791243662,1045180,0,,single
1791243663,270050,1,,single
1791243665,936140,8,,single
1791243667,893010,2,,single
1791243668,359350,1,,single
1791243669,1903560,0,,single
1791243671,1312960,3,,single
1791243672,7210,6,,single
1791243674,1137350,2,,single
1791243675,2803810,1,,single
1791243676,799240,41,,single
1791243678,522940,0,,single
1791243679,805270,0,,single
1791243681,855630,0,,single
1791243682,438080,0,,single
1791243683,339120,0,,single
1791243685,930780,0,,single
1791243686,447780,0,,single
1791243688,338140,6,,single
1791243689,1824580,6,,single
1791243690,252550,0,,single
1791243692,536280,0,,single
1791243694,422100,1,,single
1791243695,347670,0,,single
1791243696,45300,4,,single
1791243698,429780,0,,single
1791243699,692030,2,,single
1791243701,935580,5,,single
1791243702,1046300,7,,single
1791243704,57620,19,,single
1791243705,3098470,5,,single
1791243707,2436570,29,,single
1791243708,2421310,0,,single
1791243709,1492360,2,,single
1791243711,1985260,7,,single
1791243712,230210,2,,single
1791243714,2464880,5,,single
1791243715,586960,0,,single
1791243717,1423370,0,,single
1791243718,1085160,0,,single
1791243720,1998450,0,,single
1791243721,424590,0,,single
1791243722,2776500,0,,single
1791243724,1330250,14,,single
1791243725,1361010,1,,single
1791243727,2514460,0,,single
1791243728,467370,4,,single
1791243729,339470,2,,single
1791243731,2494350,79,,single
1791243732,1917920,0,,single
1791243734,2432110,4,,single
1791243735,704040,18,,single
1791243737,1146300,0,,single
1791243738,311140,3,,single
1791243739,490820,0,,single
1791243741,321870,0,,single
1791243742,46260,1,,single
1791243744,2274200,5,,single
1791243745,363490,0,,single
1791243747,223630,0,,single
1791243748,3021630,2,,single
1791243750,1035560,0,,single
1791243751,1583850,2,,single
1791243752,11150,4,,single
1791243754,1357610,0,,single
1791243755,1075200,1,,single
1791243756,427700,2,,single
1791243758,802730,0,,single
1791243759,724300,0,,single
1791243760,32350,0,,single
1791243762,344910,1,,single
1791243763,200230,1,,single
1791243765,1188540,0,,single
1791243766,737520,2,,single
1791243767,277460,5,,single
1791243769,1932260,1,,single
1791243770,350110,7,,single
1791243772,1370170,3,,single
1791243773,983350,0,,single
1791243775,1114130,4,,single
1791243776,899390,1,,single
1791243777,1504150,3,,single
1791243779,2947240,0,,single
1791243780,521570,0,,single
1791243782,1494190,0,,single
1791243783,880580,5,,single
1791243785,1781890,3,,single
1791243786,2332260,0,,single
1791243788,2285630,2,,single
1791243789,2022930,1,,single
1791243790,1895890,0,,single
1791243792,212410,1,,single
1791243793,3337210,2,,single
1791243795,2147380,9,,single
1791243796,2844700,2,,single
1791243798,466810,0,,single
1791243799,2747780,6,,single
1791243801,294370,1,,single
1791243803,490450,1,,single
1791243804,227380,1,,single
1791243806,527280,0,,single
1791243807,531930,4,,single
1791243809,2052040,15,,single
1791243810,303290,2,,single
1791243811,773580,1,,single
1791243813,2484160,3,,single
1791243814,543140,1,,single
1791243816,861050,0,,single
1791243817,332790,0,,single
1791243819,3218880,0,,single
1791243820,951820,1,,single
1791243821,286460,3,,single
1791243823,38440,2,,single
1791243824,2868430,2,,single
1791243825,244810,0,,single
1791243827,415030,0,,single
1791243828,2628420,7,,single
1791243830,2268470,1,,single
1791243831,1751350,3,,single
1791243833,854570,0,,single
1791243834,34600,4,,single
1791243835,70640,1,,single
1791243837,754050,0,,single
1791243838,1721170,0,,single
1791243840,301150,4,,single
1791243841,1588870,2,,single
1791243842,2581410,1,,single
1791243844,1243960,9,,single
1791243845,283980,13,,single
1791243846,1960590,1,,single
1791243848,3168310,9,,single
1791243849,262450,0,,single
1791243851,1109130,0,,single
1791243852,2081080,1,,single
1791243854,288880,0,,single
1791243855,1766390,1,,single
1791243856,749250,1,,single
1791243858,206610,0,,single
1791243859,409450,3,,single
1791243861,738550,7,,single
1791243862,457710,3,,single
1791243864,451880,3,,single
1791243865,395850,1,,single
1791243866,814740,0,,single
1791243868,1389360,6,,single
1791243869,2928330,1,,single
1791243871,733300,0,,single
1791243872,2193720,6,,single
1791243874,2824310,0,,single
1791243875,628200,4,,single
1791243876,12470,15,,single
1791243878,2428810,3,,single
1791243879,1976950,3,,single
1791243881,1155590,1,,single
1791243882,2450100,0,,single
1791243884,643870,0,,single
1791243885,1674920,1,,single
1791243887,656600,0,,single
1791243888,1409530,1,,single
1791243890,2753720,1,,single
1791243891,488280,1,,single
1791243892,2384920,0,,single
1791243894,1472250,0,,single
1791243895,1071140,3,,single
1791243897,1687550,1,,single
1791243898,936160,13,,single
1791243900,1815530,1,,single
1791243901,1018130,0,,single
1791243903,474020,0,,single
1791243904,3027620,3,,single
1791243905,434520,24,,single
1791243907,1065260,1,,single
1791243908,453690,1,,single
1791243909,1057430,1,,single
1791243911,1555150,1,,single
1791243912,557040,0,,single
1791243914,864160,0,,single
1791243915,1174390,0,,single
1791243916,289200,1,,single
1791243918,226960,0,,single
1791243919,260250,0,,single
1791243921,108210,0,,single
1791243922,643810,1,,single
1791243923,6250,0,,single
1791243925,575490,0,,single
1791243926,442810,0,,single
1791243928,243360,2,,single
1791243929,2113540,0,,single
1791243930,2738940,1,,single
1791243932,1305720,0,,single
1791243933,1629200,0,,single
1791243935,247370,0,,single
1791243936,2630020,10,,single
1791243938,2092850,1,,single
1791243939,426310,1,,single
1791243941,1490860,0,,single
1791243942,324140,0,,single
1791243944,1098080,1,,single
1791243945,1455900,0,,single
1791243946,3159570,5,,single
1791243948,115200,7,,single
1791243949,1306770,0,,single
1791243951,24400,1,,single
1791243952,1096590,1,,single
1791243953,721180,4,,single
1791243955,1141530,90,,single
1791243956,80360,2,,single
1791243958,2871930,2,,single
1791243959,1329600,0,,single
1791243960,2097030,0,,single
1791243962,298930,0,,single
1791243963,2939640,4,,single
1791243965,351860,9,,single
1791243966,255870,0,,single
1791243967,2810780,13,,single
1791243969,2550040,1,,single
1791243970,1226990,0,,single
1791243972,268890,2,,single
1791243973,619280,0,,single
1791243974,1866630,3,,single
1791243976,2523310,12,,single
1791243977,1890120,2,,single
1791243979,2168260,7,,single
1791243981,1240630,80,,single
1791243982,1309620,9,,single
1791243984,1243670,12,,single
1791243985,1448260,0,,single
1791243986,1581800,1,,single
1791243988,1346830,1,,single
1791243989,1424910,0,,single
1791243991,3357250,14,,single
1791243992,3288270,19,,single
1791243993,880400,0,,single
1791243995,1212400,3,,single
1791243996,321840,0,,single
1791243998,1295270,29,,single
1791243999,915670,0,,single
1791244000,575510,0,,single
1791244002,2258500,0,,single
1791244003,2198800,24,,single
1791244004,313650,0,,single
1791244006,2518900,1,,single
1791244007,45450,1,,single
1791244009,311720,0,,single
1791244010,398100,0,,single
1791244012,1553910,0,,single
1791244013,528660,0,,single
1791244015,1985420,2,,single
1791244016,904360,1,,single
1791244018,231310,0,,single
1791244019,1692080,94,,single
1791244021,1422420,4,,single
1791244022,773840,0,,single
1791244024,497780,2,,single
1791244025,1462650,1,,single
1791244027,2785280,4,,single
1791244028,227560,0,,single
1791244029,2793290,0,,single
1791244031,12330,2,,single
1791244033,22670,1,,single
1791244034,2240920,0,,single
1791244035,867490,0,,single
1791244037,301610,4,,single
1791244038,311120,0,,single
1791244040,761030,0,,single
1791244041,449020,1,,single
1791244043,2328310,0,,single
1791244044,1883000,21,,single
1791244045,1036640,36,,single
1791244047,346750,12,,single
1791244049,1983710,16,,single
1791244050,403400,2,,single
1791244051,280320,2,,single
1791244053,1365720,2,,single
1791244054,370540,15,,single
1791244056,576130,0,,single
1791244057,1279920,0,,single
1791244059,3601790,1,,single
1791244061,25990,3,,single
1791244063,405780,0,,single
1791244065,2655590,1,,single
1791244066,1205900,1,,single
1791244068,341870,0,,single
1791244069,1364800,0,,single
1791244071,319850,1,,single
1791244072,464150,2,,single
1791244074,3131680,0,,single
1791244075,517130,0,,single
1791244077,724250,5,,single
1791244078,1722870,58,,single
1791244079,1787500,0,,single
1791244081,1001800,0,,single
1791244082,446620,0,,single
1791244084,1258310,0,,single
1791244085,3147510,0,,single
1791244087,494720,0,,single
1791244088,336060,0,,single
1791244089,2058730,5,,single
1791244091,420520,3,,single
1791244092,1221540,0,,single
1791244094,1335240,1,,single
1791244095,836490,0,,single
1791244096,1727210,3,,single
1791244098,364230,0,,single
1791244100,339130,0,,single
1791244102,1678140,0,,single
1791244103,814530,0,,single
1791244104,292620,0,,single
1791244106,1717640,1,,single
1791244108,302060,1,,single
1791244109,1184890,0,,single
1791244111,1322300,0,,single
1791244112,1070860,2,,single
1791244114,1011590,1,,single
1791244115,1620520,0,,single
1791244116,292330,1,,single
1791244118,1582510,6,,single
1791244121,2309400,0,,single
1791244123,271920,0,,single
1791244124,335820,12,,single
1791244125,620220,0,,single
1791244127,1903910,2,,single
1791244128,461730,1,,single
1791244130,2759810,0,,single
1791244131,508600,0,,single
1791244133,415740,0,,single
1791244134,842420,0,,single
1791244135,418120,0,,single
1791244137,2716110,0,,single
1791244138,1573090,1,,single
1791244140,2877720,0,,single
1791244141,320690,8,,single
1791244142,48950,1,,single
1791244144,1908250,0,,single
1791244145,436160,11,,single
1791244147,2330870,0,,single
1791244148,985900,5,,single
1791244150,200370,1,,single
1791244151,508790,0,,single
1791244152,1252710,0,,single
1791244154,655160,0,,single
1791244156,1980350,1,,single
1791244157,2562730,55,,single
1791244158,3541130,2,,single
1791244160,385250,7,,single
1791244161,1890950,1,,single
1791244163,2404110,0,,single
1791244164,542480,5,,single
1791244165,1149940,6,,single
1791244167,459090,0,,single
1791244169,2513240,37,,single
1791244170,384550,1,,single
1791244171,252170,0,,single
1791244173,359040,1,,single
1791244174,2296380,6,,single
1791244176,1575450,3,,single
1791244177,2745800,0,,single
1791244178,2636420,2,,single
1791244180,753230,0,,single
1791244181,1477920,0,,single
1791244183,2332410,0,,single
1791244184,1092140,0,,single
1791244185,400360,1,,single
1791244187,495290,10,,single
1791244188,449300,5,,single
1791244190,11180,2,,single
1791244191,1899400,0,,single
1791244192,1409200,0,,single
1791244194,986020,1,,single
1791244195,1934030,0,,single
1791244197,1623210,1,,single
1791244199,527700,0,,single
1791244200,594040,0,,single
1791244202,3002620,0,,single
1791244204,267900,2,,single
1791244205,3201910,0,,single
1791244206,586210,0,,single
1791244208,1446350,1,,single
1791244209,594680,0,,single
1791244211,936490,2,,single
1791244212,436390,0,,single
1791244214,375750,0,,single
1791244215,1706360,7,,single
1791244216,1735420,1,,single
1791244218,1034940,7,,single
1791244219,2529080,1,,single
1791244221,1673630,0,,single
1791244222,497850,0,,single
1791244224,70120,0,,single
1791244225,403900,0,,single
1791244226,1450080,5,,single
1791244228,2717570,1,,single
1791244229,304460,0,,single
1791244231,1240060,1,,single
1791244233,1318740,3,,single
1791244234,245730,2,,single
1791244235,2056340,2,,single
1791244237,1566880,1,,single
1791244238,398810,21,,single
1791244240,1561340,1,,single
1791244241,655740,2,,single
1791244243,277490,0,,single
1791244245,579820,0,,single
1791244246,355680,5,,single
1791244248,1610460,7,,single
1791244249,1540350,1,,single
1791244250,586380,0,,single
1791244252,1745170,2,,single
1791244253,352220,5,,single
1791244255,303690,11,,single
1791244256,435440,14,,single
1791244258,1183470,5,,single
1791244259,1011610,1,,single
1791244261,2827810,9,,single
1791244262,1144970,2,,single
1791244264,485690,0,,single
1791244265,1928540,6,,single
1791244266,1020730,0,,single
1791244268,618850,0,,single
1791244269,1627680,2,,single
1791244271,1416520,0,,single
1791244272,2336440,0,,single
1791244274,1188920,3,,single
1791244275,1363850,0,,single
1791244277,1531490,0,,single
1791244278,2515070,3,,single
1791244279,2540860,0,,single
1791244281,1832220,0,,single
1791244282,652190,1,,single
1791244284,1961160,1,,single
1791244285,1451080,3,,single
1791244287,209330,2,,single
1791244288,323670,1,,single
1791244289,1222040,1,,single
1791244291,1515290,0,,single
1791244292,570050,1,,single
1791244293,319760,0,,single
1791244295,981770,0,,single
1791244296,2229990,0,,single
1791244298,9760,4,,single
1791244299,1671720,1,,single
1791244301,489380,0,,single
1791244302,1184760,2,,single
1791244303,1103860,0,,single
1791244305,1413370,13,,single
1791244306,2475040,0,,single
1791244308,428880,3,,single
1791244309,307170,0,,single
1791244310,3024830,0,,single
1791244312,2748830,0,,single
1791244313,373720,4,,single
1791244315,235980,2,,single
1791244316,754120,3,,single
1791244318,399430,0,,single
1791244319,1798020,21,,single
1791244320,1671480,1,,single
1791244322,289800,2,,single
1791244323,2449160,1,,single
1791244325,787040,11,,single
1791244326,1164100,0,,single
1791244328,2908950,31,,single
1791244329,400510,0,,single
1791244330,782690,0,,single
1791244332,505330,2,,single
1791244334,2140850,1,,single
1791244335,1058320,2,,single
1791244337,273070,0,,single
1791244338,548840,2,,single
1791244339,678520,0,,single
1791244341,1245250,3,,single
1791244343,1810980,0,,single
1791244344,364640,6,,single
1791244345,2337820,3,,single
1791244347,1983220,0,,single
1791244348,223730,1,,single
1791244350,1058200,18,,single
1791244351,18300,2,,single
1791244353,1285080,0,,single
1791244354,825380,0,,single
1791244355,2248330,3,,single
1791244357,682570,2,,single
1791244358,291710,2,,single
1791244360,412670,3,,single
1791244361,2437040,1,,single
1791244363,1592360,1,,single
1791244364,3091390,0,,single
1791244366,1407180,29,,single
1791244367,2836860,4,,single
1791244369,2258590,12,,single
1791244370,1266820,1,,single
1791244371,2477950,0,,single
1791244373,968440,11,,single
1791244374,779430,8,,single
1791244376,3244210,28,,single
1791244377,1552080,0,,single
1791244379,1984720,15,,single
1791244381,2250080,3,,single
1791244382,2116260,1,,single
1791244384,399890,0,,single
1791244385,476480,0,,single
1791244386,613470,0,,single
1791244388,808100,1,,single
1791244389,3990,147,,single
1791244391,963400,0,,single
1791244392,1162560,2,,single
1791244394,1252000,0,,single
1791244395,2134560,1,,single
1791244396,410820,0,,single
1791244398,1338420,0,,single
1791244399,440640,0,,single
1791244401,1043500,1,,single
1791244402,1099220,5,,single
1791244403,1378060,2,,single
1791244405,952540,58,,single
1791244407,925930,6,,single
1791244409,1911940,2,,single
1791244410,1253190,1,,single
1791244411,2978540,4,,single
1791244413,2442380,0,,single
1791244414,1274300,0,,single
1791244415,848550,0,,single
1791244417,2456960,2,,single
1791244419,3574510,0,,single
1791244420,316160,2,,single
1791244423,388620,0,,single
1791244424,1065520,4,,single
1791244425,1319420,0,,single
1791244427,919220,9,,single
1791244428,650330,0,,single
1791244430,1631640,0,,single
1791244431,961490,2,,single
1791244433,1507120,0,,single
1791244434,283080,1,,single
1791244436,2494450,0,,single
1791244437,1412470,2,,single
1791244438,1098270,0,,single
1791244440,2582660,0,,single
1791244442,1709170,0,,single
1791244443,289340,2,,single
1791244445,1219950,0,,single
1791244446,2085000,21,,single
1791244448,860620,0,,single
1791244449,989770,0,,single
1791244451,1475430,1,,single
1791244452,955170,2,,single
1791244454,1649740,0,,single
1791244455,579760,1,,single
1791244456,820030,2,,single
1791244458,1998340,38,,single
1791244459,1471040,1,,single
1791244461,529490,3,,single
1791244462,625470,0,,single
1791244463,333880,0,,single
1791244465,1674820,1,,single
1791244466,1248820,0,,single
1791244468,2071430,2,,single
1791244469,1141760,1,,single
1791244470,2306030,0,,single
1791244472,2374000,1,,single
1791244473,1455220,1,,single
1791244474,900400,0,,single
1791244476,1182090,1,,single
1791244477,1475850,3,,single
1791244480,1296280,0,,single
1791244481,923570,0,,single
1791244482,2363590,0,,single
1791244484,307350,0,,single
1791244485,3167970,4,,single
1791244486,270790,2,,single
1791244488,1281790,3,,single
1791244489,414190,2,,single
1791244491,363420,0,,single
1791244492,1636030,1,,single
1791244493,771950,1,,single
1791244495,931270,1,,single
1791244496,630900,1,,single
1791244498,1841390,1,,single
1791244499,562270,0,,single
1791244501,33910,12,,single
1791244502,3263210,0,,single
1791244503,1479500,0,,single
1791244505,496680,1,,single
1791244506,1188330,10,,single
1791244508,1925090,0,,single
1791244509,2677310,7,,single
1791244511,1248080,0,,single
1791244512,684050,1,,single
1791244514,756880,2,,single
1791244515,383930,0,,single
1791244517,1967820,4,,single
1791244518,273570,0,,single
1791244519,2776570,1,,single
1791244521,2910,6,,single
1791244522,656610,0,,single
1791244524,931650,6,,single
1791244525,1206410,5,,single
1791244527,2461780,0,,single
1791244528,442210,1,,single
1791244530,584990,0,,single
1791244531,267980,0,,single
1791244533,289890,2,,single
1791244534,390730,2,,single
1791244535,40930,0,,single
1791244537,1257280,0,,single
1791244538,1157750,0,,single
1791244540,2086680,3,,single
1791244542,1304610,2,,single
1791244543,1137450,0,,single
1791244544,2373290,1,,single
1791244546,3048140,3,,single
1791244547,1340640,1,,single
1791244549,474010,2,,single
1791244551,2088340,3,,single
1791244552,2162820,32,,single
1791244553,1714900,4,,single
1791244555,464620,0,,single
1791244556,227060,0,,single
1791244558,1696960,0,,single
1791244559,1339410,0,,single
1791244561,3077020,19,,single
1791244562,975950,1,,single
1791244563,2959670,0,,single
1791244565,367000,0,,single
1791244566,585910,3,,single
1791244568,279140,5,,single
1791244569,2263920,0,,single
1791244571,3296760,0,,single
1791244572,666610,11,,single
1791244573,1744910,1,,single
1791244575,221830,1,,single
1791244576,2096510,4,,single
1791244578,438430,3,,single
1791244579,2023050,0,,single
1791244581,411310,7,,single
1791244582,2065810,3,,single
1791244584,1336600,1,,single
1791244585,3600840,0,,single
1791244587,3139620,0,,single
1791244588,2516820,2,,single
1791244590,343630,1,,single
1791244591,1896880,0,,single
1791244593,2281360,2,,single
1791244594,2455340,0,,single
1791244595,256030,0,,single
1791244597,1144910,2,,single
1791244598,600080,0,,single
1791244600,289460,1,,single
1791244601,919410,1,,single
1791244603,3275010,1,,single
1791244604,538840,1,,single
1791244606,582810,0,,single
1791244607,1201830,2,,single
1791244609,390310,2,,single
1791244610,1284130,0,,single
1791244611,1454520,0,,single
1791244613,439930,10,,single
1791244615,796790,0,,single
1791244616,296220,8,,single
1791244617,2229940,1,,single
1791244619,2099080,0,,single
1791244620,267060,0,,single
1791244622,387840,0,,single
1791244623,7770,0,,single
1791244624,1788170,0,,single
1791244626,2211730,1,,single
1791244627,1279240,0,,single
1791244629,1198400,0,,single
1791244630,488210,0,,single
1791244632,1942010,0,,single
1791244633,32160,0,,single
1791244635,941570,2,,single
1791244636,2162020,1,,single
1791244637,354430,2,,single
1791244639,2401680,2,,single
1791244640,549100,0,,single
1791244642,448000,0,,single
1791244643,201070,0,,single
1791244645,1124090,0,,single
1791244646,1721870,1,,single
1791244648,2505570,83,,single
1791244649,1321230,0,,single
1791244651,1063980,3,,single
1791244652,804850,1,,single
1791244654,42500,1,,single
1791244655,206760,0,,single
1791244656,874040,0,,single
1791244658,3443610,1,,single
1791244659,919260,3,,single
1791244661,1148480,0,,single
1791244662,1546500,1,,single
1791244664,2103680,1,,single
1791244665,453100,0,,single
1791244666,1028730,0,,single
1791244668,768100,4,,single
1791244669,2852770,3,,single
1791244671,453750,1,,single
1791244672,1103730,0,,single
1791244673,1691560,0,,single
1791244675,530120,0,,single
1791244676,853500,0,,single
1791244678,925470,0,,single
1791244679,2969380,1,,single
1791244681,949970,1,,single
1791244683,1000440,1,,single
1791244684,437250,1,,single
1791244686,394680,0,,single
1791244687,304580,0,,single
1791244689,2530430,2,,single
1791244690,242530,0,,single
1791244692,1416730,1,,single
1791244693,277110,1,,single
1791244695,2761510,0,,single
1791244696,456430,0,,single
1791244698,622770,0,,single
1791244700,1337920,1,,single
1791244701,977390,0,,single
1791244702,2769070,0,,single
1791244704,2460980,0,,single
1791244705,2179300,0,,single
1791244707,683830,0,,single
1791244708,626510,0,,single
1791244710,1096930,26,,single
1791244711,1813860,6,,single
1791244713,378800,0,,single
1791244714,1665260,2,,single
1791244715,715050,0,,single
1791244717,883080,9,,single
1791244720,2479840,4,,single
1791244722,3141720,3,,single
1791244724,2077380,4,,single
1791244725,395620,1,,single
1791244726,645690,0,,single
1791244728,539400,2,,single
1791244729,675170,1,,single
1791244731,685680,0,,single
1791244732,1989560,0,,single
1791244734,854860,0,,single
1791244735,1497450,0,,single
1791244737,1162700,1,,single
1791244738,348240,0,,single
1791244740,359400,0,,single
1791244741,512270,0,,single
1791244743,1866980,0,,single
1791244744,242110,3,,single
1791244745,1058060,1,,single
1791244747,1409740,0,,single
1791244748,579110,0,,single
1791244750,377060,0,,single
1791244751,992730,1,,single
1791244753,458580,0,,single
1791244754,392000,0,,single
1791244755,2897240,2,,single
1791244757,564150,2,,single
1791244758,1457510,9,,single
1791244760,1119710,1,,single
1791244761,2253470,1,,single
1791244763,2583430,1,,single
1791244764,2248900,2,,single
1791244766,559010,0,,single
1791244768,2701910,0,,single
1791244769,2194790,6,,single
1791244771,3220010,1,,single
1791244772,346820,3,,single
1791244774,2740280,5,,single
1791244775,1347420,0,,single
1791244777,577080,0,,single
1791244778,2238630,0,,single
1791244780,583040,4,,single
1791244782,529760,0,,single
1791244783,1510950,0,,single
1791244785,665330,0,,single
1791244787,628080,20,,single
1791244788,1451120,0,,single
1791244790,336300,0,,single
1791244791,985430,1,,single
1791244793,504490,1,,single
1791244794,1525660,0,,single
1791244795,387370,0,,single
1791244797,308000,0,,single
1791244798,306350,0,,single
1791244800,977460,0,,single
1791244801,2832320,1,,single
1791244803,252830,0,,single
1791244804,3450,12,,single
1791244806,1333920,0,,single
1791244812,2295610,2,,single
1791244814,2322180,2,,single
1791244822,3296200,0,,single
1791244824,1256060,0,,single
1791244826,952950,0,,single
1791244827,1749750,9,,single
1791244828,1383740,0,,single
1791244830,1506440,0,,single
1791244831,2985930,1,,single
1791244833,463850,0,,single
1791244834,589940,0,,single
1791244836,1105040,1,,single
1791244837,1358800,39,,single
1791244839,575330,2,,single
1791244841,595770,3,,single
1791244843,330180,0,,single
1791244845,3198540,4,,single
1791244846,3081810,0,,single
1791244847,1734390,0,,single
1791244849,890400,17,,single
1791244850,1807810,2,,single
1791244852,1021070,0,,single
1791244853,548090,2,,single
1791244855,1595710,0,,single
1791244856,3418930,1,,single
1791244858,485370,0,,single
1791244859,1891090,0,,single
1791244861,1032700,1,,single
1791244862,403830,1,,single
1791244863,1482750,1,,single
1791244865,1036700,0,,single
1791244866,1285230,16,,single
1791244868,1059880,0,,single
1791244869,1205260,0,,single
1791244871,408760,3,,single
1791244872,1187940,2,,single
1791244874,785480,2,,single
1791244875,1554700,1,,single
1791244877,385070,1,,single
1791244878,1768880,0,,single
1791244880,116100,0,,single
1791244881,2538390,0,,single
1791244883,1637230,3,,single
1791244884,908740,0,,single
1791244886,3050,3,,single
1791244887,593030,50,,single
1791244888,1518430,7,,single
1791244890,470210,0,,single
1791244891,3155430,4,,single
1791244893,408250,0,,single
1791244894,981020,0,,single
1791244896,1346020,6,,single
1791244897,559910,0,,single
1791244899,529160,0,,single
1791244900,1502980,10,,single
1791244902,963280,3,,single
1791244903,1040430,0,,single
1791244905,601010,1,,single
1791244906,2009860,3,,single
1791244908,2000800,7,,single
1791244909,1754960,0,,single
1791244911,1147500,0,,single
1791244912,642610,0,,single
1791244913,680480,0,,single
1791244915,941480,1,,single
1791244916,200960,2,,single
1791244918,580710,0,,single
1791244919,1296450,1,,single
1791244921,625860,2,,single
1791244922,780500,0,,single
1791244924,2311680,21,,single
1791244925,325730,1,,single
1791244927,1216490,0,,single
1791244928,260130,2,,single
1791244930,1581040,1,,single
1791244931,2072840,0,,single
1791244933,905690,1,,single
1791244934,1497360,1,,single
1791244936,2998970,0,,single
1791244937,1579020,0,,single
1791244939,1668310,0,,single
1791244940,683940,3,,single
1791244941,1116210,0,,single
1791244943,2158270,0,,single
1791244944,11370,0,,single
1791244946,1288900,0,,single
1791244947,33770,5,,single
1791244949,1213670,49,,single
1791244950,463110,1,,single
1791244951,386770,1,,single
1791244953,1542810,2,,single
1791244954,1575980,1,,single
1791244956,2632930,0,,single
1791244957,1043240,0,,single
1791244959,530020,0,,single
1791244960,1722020,3,,single
1791244962,443860,2,,single
1791244963,431500,0,,single
1791244964,415300,1,,single
1791244966,2716930,9,,single
1791244967,914430,1,,single
1791244969,1708110,3,,single
1791244970,1151120,0,,single
1791244972,492290,2,,single
1791244973,700160,0,,single
1791244975,528510,2,,single
1791244976,760510,0,,single
1791244977,412600,0,,single
1791244979,313400,0,,single
1791244980,355920,0,,single
1791244982,3410,2,,single
1791244983,2355140,0,,single
1791244985,1063040,6,,single
1791244986,291170,4,,single
1791244988,477200,1,,single
1791244989,1917450,0,,single
1791244991,447270,0,,single
1791244992,1343810,4,,single
1791244993,1078490,1,,single
1791244995,1155870,1,,single
1791244996,1045580,0,,single
1791244998,1600,2,,single
1791244999,3265880,1,,single
1791245001,301690,0,,single
1791245002,2123140,1,,single
1791245004,25600,4,,single
1791245005,2850310,6,,single
1791245008,2757720,6,,single
1791245009,338800,12,,single
1791245011,1505560,2,,single
1791245012,2458940,2,,single
1791245014,2380340,2,,single
1791245015,1514360,1,,single
1791245017,2424650,0,,single
1791245018,852910,4,,single
1791245019,252270,0,,single
1791245021,2244470,6,,single
1791245023,403510,1,,single
1791245024,294590,0,,single
1791245026,1042670,2,,single
1791245027,278570,0,,single
1791245029,429600,0,,single
1791245031,1782670,2,,single
1791245032,1196080,25,,single
1791245034,341950,18,,single
1791245035,501760,1,,single
1791245037,447570,0,,single
1791245038,341730,0,,single
1791245040,851950,0,,single
1791245041,2789130,0,,single
1791245042,2417940,1,,single
1791245044,761350,0,,single
1791245045,394700,1,,single
1791245047,371550,1,,single
1791245048,2247570,0,,single
1791245049,1769980,2,,single
1791245051,2184350,10,,single
1791245052,290060,0,,single
1791245054,759440,2,,single
1791245055,351480,0,,single
1791245056,1216230,6,,single
1791245058,1694560,2,,single
1791245059,360890,0,,single
1791245061,1714250,3,,single
1791245062,946040,7,,single
1791245064,1111940,0,,single
1791245065,931310,0,,single
1791245067,1078320,0,,single
1791245068,730870,16,,single
1791245069,1191660,0,,single
1791245071,96200,0,,single
1791245072,249190,1,,single
1791245074,1507720,3,,single
1791245075,889770,1,,single
1791245077,1203360,0,,single
1791245078,877080,0,,single
1791245080,1547380,2,,single
1791245081,32900,5,,single
1791245083,458920,1,,single
1791245084,341120,1,,single
1791245085,417110,2,,single
1791245087,466730,0,,single
1791245088,955320,2,,single
1791245090,1647920,0,,single
1791245091,1405440,1,,single
1791245092,1243890,0,,single
1791245094,2360020,2,,single
1791245095,1837650,0,,single
1791245097,2264020,1,,single
1791245098,1013540,10,,single
1791245099,673600,1,,single
1791245101,343070,2,,single
1791245102,31810,11,,single
1791245104,292370,0,,single
1791245105,3044100,5,,single
1791245106,670750,2,,single
1791245108,666820,1,,single
1791245110,800600,4,,single
1791245111,391580,0,,single
1791245112,1768780,0,,single
1791245114,204560,0,,single
1791245115,600460,2,,single
1791245117,622460,0,,single
1791245118,679750,0,,single
1791245120,1763740,3,,single
1791245121,280930,1,,single
1791245123,1978150,1,,single
1791245124,402120,0,,single
1791245125,1058130,1,,single
1791245127,512160,1,,single
1791245128,893390,2,,single
1791245130,251810,4,,single
1791245131,2070850,1,,single
1791245133,2779570,3,,single
1791245134,2155770,1,,single
1791245136,341190,0,,single
1791245137,1865960,3,,single
1791245139,342550,1,,single
1791245140,454950,2,,single
1791245141,1909810,0,,single
1791245143,1510580,41,,single
1791245144,2929540,1,,single
1791245146,1292180,23,,single
1791245147,822760,1,,single
1791245149,1478410,0,,single
1791245150,467950,1,,single
1791245152,705290,0,,single
1791245154,922100,0,,single
1791245155,832500,2,,single
1791245156,1261180,4,,single
1791245158,1512710,0,,single
1791245160,823610,0,,single
1791245162,356880,2,,single
1791245163,347170,0,,single
1791245165,287070,10,,single
1791245166,2507620,5,,single
1791245168,31100,0,,single
1791245169,1964200,2,,single
1791245170,15380,20,,single
1791245172,1459910,0,,single
1791245173,670500,6,,single
1791245175,2786830,0,,single
1791245176,252710,1,,single
1791245178,2892000,0,,single
1791245179,58200,0,,single
1791245181,562730,0,,single
1791245182,824830,1,,single
1791245184,1921780,7,,single
1791245185,1015790,0,,single
1791245187,328100,0,,single
1791245188,3048280,4,,single
1791245190,1058140,0,,single
1791245191,1902850,3,,single
1791245192,589200,0,,single
1791245194,792660,28,,single
1791245195,2512090,4,,single
1791245197,606510,0,,single
1791245198,344230,0,,single
1791245200,1015920,0,,single
1791245201,337350,2,,single
1791245202,786450,4,,single
1791245204,1247290,8,,single
1791245205,2550,0,,single
1791245207,1309990,3,,single
1791245208,1281200,1,,single
1791245210,912370,0,,single
1791245211,243020,1,,single
1791245213,1185780,0,,single
1791245215,1515200,0,,single
1791245216,499620,0,,single
1791245218,1190130,1,,single
1791245220,517720,0,,single
1791245221,2349140,0,,single
1791245223,1070790,0,,single
1791245224,1056720,0,,single
1791245226,844960,4,,single
1791245228,21030,0,,single
1791245229,628760,0,,single
1791245231,742490,1,,single
1791245232,852300,0,,single
1791245234,1532710,2,,single
1791245235,868770,0,,single
1791245237,431750,2,,single
1791245238,655550,0,,single
1791245240,1996420,0,,single
1791245241,341150,1,,single
1791245243,958480,1,,single
1791245245,1974220,2,,single
1791245246,936180,13,,single
1791245248,423710,1,,single
1791245249,690060,1,,single
1791245250,657280,6,,single
1791245252,512890,2,,single
1791245253,306630,15,,single
1791245255,238050,0,,single
1791245256,949050,10,,single
1791245258,489560,4,,single
1791245259,2506580,1,,single
1791245260,386640,0,,single
1791245262,283560,0,,single
1791245263,2432100,3,,single
1791245265,2139840,0,,single
1791245266,1717510,0,,single
1791245268,2094600,0,,single
1791245269,2218970,81,,single
1791245271,1125710,0,,single
1791245272,622060,3,,single
1791245274,23500,1,,single
1791245275,2888120,637,,single
1791245276,3180240,7,,single
1791245278,412460,1,,single
1791245280,294540,14,,single
1791245281,453820,1,,single
1791245283,211970,0,,single
1791245284,267130,0,,single
1791245285,1564540,1,,single
1791245287,1554600,1,,single
1791245288,893790,0,,single
1791245290,451600,0,,single
1791245291,401690,0,,single
1791245292,1633370,90,,single
1791245294,1161160,0,,single
1791245295,1026400,0,,single
1791245297,2761610,5,,single
1791245299,1248800,0,,single
1791245300,252890,2,,single
1791245302,2205750,0,,single
1791245303,442290,0,,single
1791245305,710710,0,,single
1791245308,579490,8,,single
1791245310,858060,0,,single
1791245311,2506480,49,,single
1791245312,2288070,5,,single
1791245314,2132560,7,,single
1791245315,1988830,0,,single
1791245317,1111080,0,,single
1791245319,1548750,3,,single
1791245320,889080,5,,single
1791245322,2088280,1,,single
1791245324,535760,0,,single
1791245325,1240290,1,,single
1791245326,1231460,0,,single
1791245328,283920,6,,single
1791245329,844670,3,,single
1791245331,2231190,3,,single
1791245332,1876730,0,,single
1791245334,2137470,6,,single
1791245335,238890,0,,single
1791245337,1374480,0,,single
1791245338,434510,0,,single
1791245340,205810,2,,single
1791245341,211900,0,,single
1791245343,3034130,0,,single
1791245344,1303990,1,,single
1791245345,664090,0,,single
1791245347,608120,1,,single
1791245348,326120,0,,single
1791245350,414510,0,,single
1791245351,2111090,1,,single
1791245353,336760,0,,single
1791245354,1789650,0,,single
1791245355,497860,2,,single
1791245357,1126750,0,,single
1791245358,267340,1,,single
1791245360,1066180,0,,single
1791245361,1079310,0,,single
1791245362,709410,0,,single
1791245364,2701350,0,,single
1791245365,384750,0,,single
1791245367,622890,1,,single
1791245368,299420,0,,single
1791245370,448080,4,,single
1791245371,377260,0,,single
1791245373,951670,1,,single
1791245374,2508980,0,,single
1791245376,742460,0,,single
1791245377,1865930,5,,single
1791245378,612520,8,,single
1791245380,407020,0,,single
1791245381,525300,2,,single
1791245383,780280,0,,single
1791245384,1689870,1,,single
1791245386,1035750,1,,single
1791245387,1819160,0,,single
1791245389,375010,0,,single
1791245390,307570,1,,single
1791245391,907210,1,,single
1791245393,994020,1,,single
1791245394,912450,3,,single
1791245395,741250,3,,single
1791245397,3122990,0,,single
1791245398,910450,0,,single
1791245400,1234400,3,,single
1791245401,2166140,2,,single
1791245403,568720,1,,single
1791245404,8330,0,,single
1791245405,2146570,1,,single
1791245407,3043740,1,,single
1791245408,959860,3,,single
1791245409,2158650,0,,single
1791245411,373750,2,,single
1791245412,504920,0,,single
1791245414,2189640,0,,single
1791245415,1080010,5,,single
1791245417,347000,1,,single
1791245418,2487390,1,,single
1791245420,962630,0,,single
1791245421,252750,0,,single
1791245423,338530,1,,single
1791245424,1306970,0,,single
1791245426,1907900,0,,single
1791245427,383330,0,,single
1791245428,6400,3,,single
1791245430,2786100,0,,single
1791245431,1991300,0,,single
1791245433,251910,1,,single
1791245434,946010,1,,single
1791245436,490860,1,,single
1791245437,1886830,0,,single
1791245439,568750,0,,single
1791245440,1015730,5,,single
1791245441,303720,0,,single
1791245443,1347450,0,,single
1791245444,1054340,0,,single
1791245446,1399750,4,,single
1791245447,1383770,0,,single
1791245448,2310160,0,,single
1791245450,2918410,0,,single
1791245451,1229880,0,,single
1791245453,1593780,0,,single
1791245454,523160,0,,single
1791245455,1309820,0,,single
1791245457,586970,0,,single
1791245458,1444920,0,,single
1791245460,15240,4,,single
1791245461,344190,1,,single
1791245462,1502230,1,,single
1791245464,444160,0,,single
1791245465,1546090,1,,single
1791245467,273620,0,,single
1791245468,1586290,0,,single
1791245469,925460,0,,single
1791245471,2564860,2,,single
1791245472,964040,9,,single
1791245474,346500,1,,single
1791245475,287900,2,,single
1791245477,399520,0,,single
1791245478,1453790,0,,single
1791245480,566530,0,,single
1791245481,468070,4,,single
1791245482,1121780,1,,single
1791245484,1587710,0,,single
1791245485,302130,0,,single
1791245487,403700,0,,single
1791245488,424780,5,,single
1791245490,452420,0,,single
1791245491,2220870,3,,single
1791245493,2936030,9,,single
1791245494,375520,0,,single
1791245496,764230,2,,single
1791245497,2304640,3,,single
1791245499,1082930,1,,single
1791245500,1481440,4,,single
1791245501,2655580,1,,single
1791245503,658780,0,,single
1791245504,2941580,22,,single
1791245506,1659210,0,,single
1791245507,1600500,1,,single
1791245508,686440,0,,single
1791245510,821670,3,,single
1791245511,4520,4,,single
1791245513,402890,0,,single
1791245514,949600,0,,single
1791245516,2490790,0,,single
1791245517,1650550,0,,single
1791245518,930620,0,,single
1791245520,451920,0,,single
1791245521,376920,1,,single
1791245523,760330,0,,single
1791245524,877850,0,,single
1791245525,335700,0,,single
1791245527,1608550,1,,single
1791245528,649580,0,,single
1791245530,968550,1,,single
1791245531,600720,3,,single
1791245532,658970,8,,single
1791245534,1829470,1,,single
1791245536,1709730,5,,single
1791245537,606480,0,,single
1791245538,270490,0,,single
1791245540,699740,0,,single
1791245541,516130,0,,single
1791245543,811270,0,,single
1791245544,287220,0,,single
1791245546,741590,3,,single
1791245547,389250,1,,single
1791245548,1209770,0,,single
1791245550,1297790,3,,single
1791245551,2068980,0,,single
1791245552,32750,2,,single
1791245554,299600,0,,single
1791245555,1492310,0,,single
1791245557,946990,0,,single
1791245558,556640,1,,single
1791245560,587580,0,,single
1791245561,415960,0,,single
1791245562,1671550,0,,single
1791245564,350770,0,,single
1791245565,1733500,1,,single
1791245567,1279260,1,,single
1791245568,1848520,3,,single
1791245569,1972410,1,,single
1791245571,567750,0,,single
1791245572,331980,0,,single
1791245573,985760,0,,single
1791245575,577410,1,,single
1791245576,1788780,2,,single
1791245578,25700,1,,single
1791245579,1368850,11,,single
1791245580,1252300,1,,single
1791245582,63900,4,,single
1791245583,733740,0,,single
1791245585,1276470,0,,single
1791245586,8890,1,,single
1791245587,2503220,1,,single
1791245589,529950,0,,single
1791245591,951530,3,,single
1791245592,1022780,0,,single
1791245593,474030,0,,single
1791245595,704640,2,,single
1791245596,214150,5,,single
1791245598,1460750,0,,single
1791245599,1094060,0,,single
1791245600,278640,0,,single
1791245602,438920,1,,single
1791245603,1706210,1,,single
1791245605,1528810,2,,single
1791245606,1489680,3,,single
1791245608,780750,0,,single
1791245610,229600,0,,single
1791245611,2152990,0,,single
1791245613,635310,0,,single
1791245614,968760,1,,single
1791245615,324710,1,,single
1791245618,1147890,2,,single
1791245620,1098100,0,,single
1791245621,603800,0,,single
1791245622,265380,0,,single
1791245624,260650,0,,single
1791245625,1169100,6,,single
1791245627,1027250,3,,single
1791245628,1132030,0,,single
1791245629,349760,1,,single
1791245631,448400,5,,single
1791245632,677020,1,,single
1791245633,408110,0,,single
1791245635,372940,5,,single
1791245636,324170,0,,single
1791245638,1183500,0,,single
1791245639,1722760,4,,single
1791245640,2307220,4,,single
1791245642,1401220,0,,single
1791245643,1210610,0,,single
1791245645,2021210,11,,single
1791245646,1572420,0,,single
1791245648,1217830,1,,single
1791245649,821560,0,,single
1791245651,259410,0,,single
1791245652,1561890,1,,single
1791245654,291190,2,,single
1791245655,397390,0,,single
1791245657,255260,1,,single
1791245658,803080,0,,single
1791245659,462940,10,,single
1791245661,1693260,0,,single
1791245662,837460,0,,single
1791245664,751640,0,,single
1791245665,356890,0,,single
1791245666,539450,0,,single
1791245668,424200,0,,single
1791245669,517000,0,,single
1791245671,1168610,0,,single
1791245672,528730,0,,single
1791245674,1020540,0,,single
1791245675,564010,0,,single
1791245677,1572340,0,,single
1791245678,63110,0,,single
1791245680,857060,0,,single
1791245681,438000,2,,single
1791245682,873890,3,,single
1791245684,2202470,1,,single
1791245685,352070,0,,single
1791245687,9730,0,,single
1791245688,362610,0,,single
1791245690,1491490,3,,single
1791245691,916050,0,,single
1791245693,1714580,3,,single
1791245694,561740,1,,single
1791245696,922710,0,,single
1791245697,2300300,3,,single
1791245698,330420,0,,single
1791245700,473470,1,,single
1791245701,608110,0,,single
1791245702,816430,0,,single
1791245704,396360,0,,single
1791245705,1558990,3,,single
1791245707,552880,0,,single
1791245708,1163340,1,,single
1791245709,1393320,0,,single
1791245711,2334780,1,,single
1791245712,265470,0,,single
1791245714,644480,0,,single
1791245715,704360,0,,single
1791245717,1705930,0,,single
1791245718,325930,0,,single
1791245720,415920,1,,single
1791245721,3350,5,,single
1791245722,770490,0,,single
1791245724,1859370,7,,single
1791245725,1613670,0,,single
1791245727,1114870,1,,single
1791245728,626660,0,,single
1791245729,400580,1,,single
1791245731,2443780,1,,single
1791245732,1522930,0,,single
1791245733,1018680,29,,single
1791245735,1426280,0,,single
1791245736,461170,0,,single
1791245738,1083310,1,,single
1791245739,1279700,0,,single
1791245740,283410,0,,single
1791245742,1783800,0,,single
1791245743,744520,0,,single
1791245745,710780,0,,single
1791245746,719730,12,,single
1791245748,1045610,0,,single
1791245749,1333410,1,,single
1791245750,897440,0,,single
1791245752,749800,4,,single
1791245753,628800,0,,single
1791245754,300630,3,,single
1791245756,527710,31,,single
1791245757,1805130,2,,single
1791245759,1023690,0,,single
1791245760,628900,4,,single
1791245761,678970,0,,single
1791245763,783590,2,,single
1791245764,1058270,1,,single
1791245766,385150,1,,single
1791245767,733800,0,,single
1791245769,569290,9,,single
1791245770,446540,5,,single
1791245771,497580,0,,single
1791245773,289260,0,,single
1791245774,1065940,1,,single
1791245776,1167320,0,,single
1791245777,1469160,11,,single
1791245778,297290,0,,single
1791245780,496450,12,,single
1791245781,379960,0,,single
1791245782,342630,0,,single
1791245784,244890,0,,single
1791245785,245410,11,,single
1791245787,291630,0,,single
1791245788,1458920,2,,single
1791245789,31840,11,,single
1791245791,94620,0,,single
1791245792,1432500,1,,single
1791245793,1494110,0,,single
1791245795,2445390,0,,single
1791245796,1503530,0,,single
1791245798,2020030,2,,single
1791245799,97130,10,,single
1791245800,1490340,0,,single
1791245802,1508400,1,,single
1791245803,953900,0,,single
1791245804,1924400,0,,single
1791245806,738610,0,,single
1791245807,673850,0,,single
1791245809,500190,10,,single
1791245811,245430,10,,single
1791245812,358080,0,,single
1791245813,517360,0,,single
1791245815,361380,1,,single
1791245816,925940,9,,single
1791245818,429530,0,,single
1791245819,1387500,2,,single
1791245820,1471530,0,,single
1791245822,416040,0,,single
1791245823,514090,1,,single
1791245825,2109430,0,,single
1791245826,306490,1,,single
1791245828,544180,2,,single
1791245829,2004440,1,,single
1791245830,494810,0,,single
1791245832,1676910,0,,single
1791245833,1189230,0,,single
1791245835,1061610,4,,single
1791245836,508530,0,,single
1791245837,539330,0,,single
1791245839,567080,2,,single
1791245841,1988940,1,,single
1791245842,39660,3,,single
1791245844,1502790,0,,single
1791245845,307130,1,,single
1791245847,494600,1,,single
1791245848,1033080,0,,single
1791245850,1970020,1,,single
1791245852,1259000,2,,single
1791245853,1057780,1,,single
1791245855,2444470,0,,single
1791245856,2150660,3,,single
1791245857,1184560,2,,single
1791245859,567800,0,,single
1791245860,922630,0,,single
1791245862,1315210,0,,single
1791245863,880220,0,,single
1791245865,1603940,4,,single
1791245866,593620,1,,single
1791245868,351250,0,,single
1791245869,2377420,2,,single
1791245871,840930,0,,single
1791245872,420770,0,,single
1791245874,346950,1,,single
1791245875,1615060,0,,single
1791245876,296730,0,,single
1791245878,1825930,0,,single
1791245880,43100,1,,single
1791245881,1184570,0,,single
1791245883,2216600,4,,single
1791245884,1647420,1,,single
1791245886,760460,2,,single
1791245888,1198740,0,,single
1791245890,680830,0,,single
1791245891,780820,1,,single
1791245893,366280,0,,single
1791245894,1687960,0,,single
1791245896,1845670,1,,single
1791245897,866420,0,,single
1791245899,788630,3,,single
1791245900,350530,0,,single
1791245902,493060,0,,single
1791245904,1218890,0,,single
1791245905,512080,0,,single
1791245906,1487430,0,,single
1791245908,399420,0,,single
1791245910,1791790,0,,single
1791245911,1060300,0,,single
1791245913,1767310,0,,single
1791245914,1763830,0,,single
1791245916,365890,0,,single
1791245919,1552310,1,,single
1791245920,2114370,0,,single
1791245921,2125160,0,,single
1791245923,1170370,0,,single
1791245924,1355780,1,,single
1791245925,1603420,1,,single
1791245927,1013910,0,,single
1791245928,1022710,0,,single
1791245930,1461200,0,,single
1791245931,1431850,1,,single
1791245933,532770,1,,single
1791245934,937940,2,,single
1791245935,1383630,0,,single
1791245937,292420,1,,single
1791245938,312790,0,,single
1791245940,278530,0,,single
1791245941,427550,0,,single
1791245942,262210,0,,single
1791245944,2244480,0,,single
1791245945,1173590,6,,single
1791245946,577990,1,,single
1791245948,1918300,0,,single
1791245949,1748660,2,,single
1791245951,1975670,0,,single
1791245952,1431350,1,,single
1791245954,1966420,0,,single
1791245955,595460,0,,single
1791245956,1431040,0,,single
1791245958,1228500,0,,single
1791245960,1033170,1,,single
1791245961,695600,0,,single
1791245963,491260,1,,single
1791245964,777200,0,,single
1791245966,1127970,0,,single
1791245967,573060,1,,single
1791245968,444970,3,,single
1791245970,1492160,0,,single
1791245971,1400290,0,,single
1791245973,289500,3,,single
1791245974,264560,0,,single
1791245976,834450,0,,single
1791245977,349520,0,,single
1791245979,785880,0,,single
1791245980,2093000,1,,single
1791245981,32760,0,,single
1791245983,395760,1,,single
1791245984,794240,1,,single
1791245985,243060,2,,single
1791245987,613670,0,,single
1791245988,921070,1,,single
1791245990,1882240,13,,single
1791245991,1786010,0,,single
1791245993,23420,1,,single
1791245994,396850,0,,single
1791245995,1700630,0,,single
1791245997,1185490,2,,single
1791245998,1155980,0,,single
1791246000,844040,0,,single
1791246001,1399700,1,,single
1791246003,273730,0,,single
1791246004,277630,4,,single
1791246005,1178230,0,,single
1791246007,1094920,0,,single
1791246008,600630,0,,single
1791246010,626600,3,,single
1791246011,450440,0,,single
1791246012,2180550,0,,single
1791246014,659500,14,,single
1791246015,729530,0,,single
1791246017,555290,0,,single
1791246018,1826860,0,,single
1791246020,1358530,3,,single
1791246021,1251980,0,,single
1791246022,1480810,4,,single
1791246024,1029650,0,,single
1791246025,377950,0,,single
1791246027,411980,4,,single
1791246028,4460,3,,single
1791246030,2303800,0,,single
1791246031,1152320,3,,single
1791246032,990250,1,,single
1791246034,1550870,0,,single
1791246035,1437860,16,,single
1791246037,1562910,1,,single
1791246038,1969060,0,,single
1791246039,2297010,13,,single
1791246041,827050,3,,single
1791246042,809000,0,,single
1791246044,1129250,1,,single
1791246045,446000,0,,single
1791246047,787510,5,,single
1791246048,2000090,1,,single
1791246049,314470,3,,single
1791246051,204440,1,,single
1791246052,1229500,0,,single
1791246054,303840,0,,single
1791246055,1836030,0,,single
1791246056,1709350,1,,single
1791246058,366290,2,,single
1791246059,2091960,1,,single
1791246061,2620500,1,,single
1791246062,296550,0,,single
1791246064,1947940,0,,single
1791246065,615780,7,,single
1791246067,574260,0,,single
1791246068,1314770,1,,single
1791246070,1750110,0,,single
1791246071,1233540,1,,single
1791246072,1801640,0,,single
1791246074,1882280,50,,single
1791246075,2420620,0,,single
1791246077,1388580,0,,single
1791246078,559260,0,,single
1791246080,385590,0,,single
1791246081,870690,2,,single
1791246083,533970,0,,single
1791246084,592730,0,,single
1791246086,513740,0,,single
1791246087,1779180,0,,single
1791246089,2644010,2,,single
1791246090,2227450,0,,single
1791246091,2486930,3,,single
1791246093,547480,3,,single
1791246094,1114950,5,,single
1791246096,1848130,0,,single
1791246097,437390,0,,single
1791246099,255960,0,,single
1791246100,714250,0,,single
1791246102,450140,11,,single
1791246103,447200,1,,single
1791246105,1452630,1,,single
1791246106,451130,7,,single
1791246107,286660,0,,single
1791246109,1436920,0,,single
1791246110,1346720,0,,single
1791246112,262240,0,,single
1791246113,1991850,6,,single
1791246115,817020,0,,single
1791246116,1015710,0,,single
1791246117,1145290,0,,single
1791246119,437690,0,,single
1791246120,449060,0,,single
1791246122,1086860,0,,single
1791246124,1945230,2,,single
1791246125,358360,0,,single
1791246126,724000,1,,single
1791246128,861270,1,,single
1791246129,509600,0,,single
1791246131,575860,0,,single
1791246132,273750,0,,single
1791246133,771240,0,,single
1791246135,935570,0,,single
1791246136,1466690,0,,single
1791246138,1209140,0,,single
1791246139,296930,0,,single
1791246140,291690,0,,single
1791246142,781130,0,,single
1791246143,2560530,0,,single
1791246144,378110,0,,single
1791246146,2310300,0,,single
1791246147,610860,0,,single
1791246148,1325800,3,,single
1791246150,748610,9,,single
1791246151,635390,1,,single
1791246153,1563340,0,,single
1791246154,281060,0,,single
1791246156,40340,1,,single
1791246157,846730,0,,single
1791246159,1777750,0,,single
1791246160,543980,1,,single
1791246161,574270,0,,single
1791246163,287720,0,,single
1791246164,202690,1,,single
1791246167,788210,0,,single
1791246169,412290,2,,single
1791246170,1475460,0,,single
1791246171,523150,2,,single
1791246173,486480,1,,single
1791246174,1229420,2,,single
1791246176,570490,2,,single
1791246177,2229350,0,,single
1791246179,760630,1,,single
1791246180,1311700,1,,single
1791246181,458030,3,,single
1791246183,1309200,0,,single
1791246185,429280,0,,single
1791246186,1345760,1,,single
1791246187,1413970,0,,single
1791246189,1829650,1,,single
1791246190,1897050,0,,single
1791246192,853050,0,,single
1791246193,343340,0,,single
1791246195,1094540,0,,single
1791246196,1040820,0,,single
1791246197,509560,1,,single
1791246199,1662080,0,,single
1791246200,1941110,5,,single
1791246202,727570,0,,single
1791246203,1022480,0,,single
1791246205,2176850,2,,single
1791246206,579230,1,,single
1791246208,794960,1,,single
1791246210,364820,0,,single
1791246211,341040,3,,single
1791246212,1351450,1,,single
1791246214,610660,0,,single
1791246216,585190,5,,single
1791246217,776890,0,,single
1791246218,15930,1,,single
1791246220,2120310,3,,single
1791246221,420550,0,,single
1791246222,820910,0,,single
1791246224,2574840,0,,single
1791246226,15900,11,,single
1791246227,1302860,0,,single
1791246229,518670,0,,single
1791246230,302490,0,,single
1791246232,1273540,0,,single
1791246233,1779460,0,,single
1791246235,662190,1,,single
1791246236,2490910,16,,single
1791246238,1551160,13,,single
1791246239,1442170,3,,single
1791246241,1622710,1,,single
1791246242,277270,1,,single
1791246243,1084790,12,,single
1791246245,718940,0,,single
1791246246,1966130,30,,single
1791246248,408960,1,,single
1791246249,1637140,1,,single
1791246251,1146170,0,,single
1791246252,1365010,0,,single
1791246254,2119650,8,,single
1791246255,4731620,826,,single
1791246256,4877110,3,,single
1791246258,4740420,0,,single
1791246259,4855760,2,,single
1791246260,4830880,28,,single
1791246262,4824420,18,,single
1791246263,4754090,0,,single
1791246265,18020,0,,single
1791246266,31860,6,,single
1791246268,31920,10,,single
1791246269,38120,2,,single
1791246271,60800,0,,single
1791246272,200490,0,,single
1791246273,233310,1,,single
1791246275,245010,0,,single
1791246276,289360,0,,single
1791246278,300320,0,,single
1791246279,319230,0,,single
1791246281,341170,0,,single
1791246282,345440,0,,single
1791246283,368220,9,,single
1791246285,388980,5,,single
1791246286,406160,2,,single
1791246288,416290,0,,single
1791246289,432940,0,,single
1791246291,448560,1,,single
1791246292,466490,0,,single
1791246294,482890,0,,single
1791246295,512640,2,,single
1791246297,529890,0,,single
1791246298,546900,0,,single
1791246299,553610,4,,single
1791246301,558780,1,,single
1791246303,563120,0,,single
1791246304,567160,0,,single
1791246305,572740,11,,single
1791246307,575830,0,,single
1791246308,581200,2,,single
1791246309,594350,0,,single
1791246311,603010,0,,single
1791246312,617610,0,,single
1791246314,632050,0,,single
1791246315,648890,0,,single
1791246317,661680,0,,single
1791246318,679520,1,,single
1791246319,701470,22,,single
1791246321,717950,0,,single
1791246322,729460,3,,single
1791246323,740090,0,,single
1791246325,749890,2,,single
1791246326,770070,1,,single
1791246328,813530,0,,single
1791246329,842130,0,,single
1791246331,885910,1,,single
1791246332,912840,1,,single
1791246334,946780,0,,single
1791246335,954280,0,,single
1791246337,976900,0,,single
1791246338,995070,1,,single
1791246339,1016250,0,,single
1791246341,1024160,0,,single
1791246342,1037120,1,,single
1791246344,1066630,1,,single
1791246345,1075080,0,,single
1791246347,1094870,3,,single
1791246348,1107620,1,,single
1791246349,1124060,0,,single
1791246351,1133500,0,,single
1791246352,1151130,0,,single
1791246354,1174500,0,,single
1791246355,1191070,1,,single
1791246357,1211930,1,,single
1791246358,1216870,0,,single
1791246360,1229060,0,,single
1791246361,1232010,0,,single
1791246363,1247190,1,,single
1791246364,1261960,0,,single
1791246365,1269500,5,,single
1791246367,1284950,0,,single
1791246368,1297210,3,,single
1791246370,1306180,11,,single
1791246371,1313580,2,,single
1791246373,1321120,1,,single
1791246374,1332990,1,,single
1791246376,1355650,0,,single
1791246378,1366810,2,,single
1791246379,1378360,0,,single
1791246380,1383250,0,,single
1791246382,1387350,0,,single
1791246383,1400910,2,,single
1791246385,1414650,0,,single
1791246386,1424860,0,,single
1791246388,1437850,9,,single
1791246389,1448610,0,,single
1791246391,1453900,0,,single
1791246393,1461980,5,,single
1791246395,1469220,1,,single
1791246396,1482700,1,,single
1791246398,1504760,0,,single
1791246400,1530450,3,,single
1791246401,1550270,0,,single
1791246403,1561960,2,,single
1791246404,1571990,0,,single
1791246405,1588090,0,,single
1791246407,1599780,1,,single
1791246408,1624380,0,,single
1791246410,1631850,0,,single
1791246411,1646350,0,,single
1791246412,1659050,8,,single
1791246414,1667360,1,,single
1791246415,1679010,0,,single
1791246417,1685460,27,,single
1791246418,1701950,0,,single
1791246420,1707400,0,,single
1791246421,1729140,1,,single
1791246423,1739650,0,,single
1791246424,1747830,2,,single
1791246425,1764700,0,,single
1791246427,1785940,1,,single
1791246428,1802850,0,,single
1791246430,1812420,1,,single
1791246432,1827650,27,,single
1791246433,1843470,23,,single
1791246435,1856900,1,,single
1791246436,1866430,1,,single
1791246438,1879950,0,,single
1791246439,1882580,0,,single
1791246441,1898830,839,,single
1791246442,1910600,0,,single
1791246444,1918530,7,,single
1791246445,1920540,0,,single
1791246447,1933980,3,,single
1791246448,1945590,0,,single
1791246449,1955340,2,,single
1791246451,1961760,0,,single
1791246452,1970060,4,,single
1791246453,1983690,0,,single
1791246455,1989320,0,,single
1791246457,2004180,1,,single
1791246458,2012140,1,,single
1791246460,2025840,0,,single
1791246461,2060000,0,,single
1791246463,2067350,11,,single
1791246464,2076260,15,,single
1791246465,2088770,2,,single
1791246467,2093610,2,,single
1791246468,2101350,3,,single
1791246470,2109060,1,,single
1791246472,2120070,1,,single
1791246474,2140570,7,,single
1791246475,2149630,3,,single
1791246477,2157710,1,,single
1791246478,2168150,1,,single
1791246480,2170370,0,,single
1791246481,2183070,2,,single
1791246483,2191490,1,,single
1791246484,2202220,2,,single
1791246485,2214000,2,,single
1791246487,2216960,1,,single
1791246488,2223740,3,,single
1791246490,2227130,1,,single
1791246491,2235500,1,,single
1791246493,2241380,38,,single
1791246494,2249850,0,,single
1791246495,2275940,4,,single
1791246497,2280060,47,,single
1791246498,2300340,0,,single
1791246500,2314180,0,,single
1791246501,2326590,0,,single
1791246503,2341070,1,,single
1791246505,2350280,10,,single
1791246506,2359170,0,,single
1791246507,2372330,9,,single
1791246509,2392500,0,,single
1791246511,2406370,2,,single
1791246512,2413190,15,,single
1791246514,2416880,1,,single
1791246515,2425150,6,,single
1791246516,2429190,12,,single
1791246519,2437570,0,,single
1791246521,2446680,0,,single
1791246522,2457030,2,,single
1791246524,2462060,3,,single
1791246525,2479740,1,,single
1791246526,2485350,2,,single
1791246528,2496920,2,,single
1791246529,2508210,0,,single
1791246531,2520410,9,,single
1791246532,2527450,1,,single
1791246534,2542140,0,,single
1791246535,2562460,0,,single
1791246537,2581750,0,,single
1791246538,2598800,0,,single
1791246540,2600700,0,,single
1791246541,2633500,4,,single
1791246542,2668000,2,,single
1791246544,2685380,0,,single
1791246545,2707110,4,,single
1791246547,2718240,7,,single
1791246548,2736860,32,,single
1791246550,2742150,0,,single
1791246551,2761240,0,,single
1791246552,2777740,1,,single
1791246554,2800840,0,,single
1791246555,2811100,1,,single
1791246557,2818150,7,,single
1791246558,2820140,16,,single
1791246560,2837600,1,,single
1791246561,2851770,0,,single
1791246563,2856370,1,,single
1791246564,2858370,4,,single
1791246565,2875280,0,,single
1791246567,2884190,1,,single
1791246568,2905090,1,,single
1791246570,2924310,0,,single
1791246571,2938850,0,,single
1791246573,2953560,0,,single
1791246574,2963230,1,,single
1791246575,2976490,0,,single
1791246577,2981650,0,,single
1791246579,2987750,0,,single
1791246581,2994240,0,,single
1791246582,3000030,46,,single
1791246584,3010460,12,,single
1791246585,3023190,13,,single
1791246587,3030250,1,,single
1791246588,3037180,1,,single
1791246590,3040220,0,,single
1791246591,3073580,1,,single
1791246593,3079970,3,,single
1791246594,3100210,1,,single
1791246595,3113680,0,,single
1791246597,3124550,19,,single
1791246598,3127000,2,,single
1791246600,3140990,14,,single
1791246601,3151830,0,,single
1791246602,3159900,0,,single
1791246604,3198680,2,,single
1791246605,3215190,1,,single
1791246607,3265280,0,,single
1791246609,3288460,2,,single
1791246610,3314340,85,,single
1791246612,3328900,9,,single
1791246613,3333890,0,,single
1791246614,3352300,0,,single
1791246616,3360110,0,,single
1791246617,3392420,1,,single
1791246619,3404380,0,,single
1791246620,3422450,4,,single
1791246622,3446200,6,,single
1791246623,3478200,1,,single
1791246625,3570430,3,,single
1791246626,3676960,2,,single
1791246628,254760,134,,single
1791246629,686060,3650,,single
1791246631,436780,333,,single
1791246632,551620,6,,single
1791246633,1030300,5015,,single
1791246635,2807960,23831,,single
1791246636,2868840,44194,,single
1791246637,3564740,5264,,single
1791246639,3419430,148962,,single
1791246640,3405340,3546,,single
1791246641,2483190,9479,,single
1791246643,2073620,20127,,single
1791246644,3949040,3279,,single
1791246646,4001890,17638,,single
1791246647,3008130,2664,,single
1791246648,3932890,12621,,single
1791246650,2524890,868,,single
1791246651,3065800,2732,,single
1791246652,2138720,7965,,single
1791246654,1478500,3762,,single
1791246655,3478870,1172,,single
1791246657,3101040,278,,single
1791246658,3557620,1581,,single
1791246659,3751950,1719,,single
1791246661,3472040,3591,,single
1791246662,3314790,840,,single
1791246664,2584990,3030,,single
1791246665,3199170,4434,,single
1791246667,2661300,3250,,single
1791246669,2075800,3070,,single
1791246670,3274300,13,,single
1791246672,3892270,5008,,single
1791246673,4164420,277,,single
1791246674,3751260,4738,,single
1791246676,4126040,59894,,single
1791246677,3028330,6,,single
1791246679,3679080,1290,,single
1791246680,1984270,1093,,single
1791246681,1601570,217,,single
1791246683,2416450,246,,single
1791246684,2605790,323,,single
1791246686,2950790,778,,single
1791246687,3293260,1876,,single
1791246689,1783560,1464,,single
1791246690,4122860,57,,single
1791246691,1431300,995,,single
1791246693,1631270,610,,single
1791246695,3548580,1449,,single
1791246696,3478050,86,,single
1791246697,1857950,1224,,single
1791246699,2072560,1206,,single
1791246700,2968420,1600,,single
1791246701,4570720,560,,single
1791246703,2229850,1134,,single
1791246704,4421010,980,,single
1791246705,1392860,291,,single
1791246707,3454610,24,,single
1791246708,3812600,2226,,single
1791246710,2791440,136,,single
1791246711,1663850,97,,single
1791246712,2753900,328,,single
1791246714,3672400,627,,single
1791246715,3917090,310,,single
1791246717,2057760,289,,single
1791246718,3606890,648,,single
1791246720,2905170,21,,single
1791246721,3483740,362,,single
1791246722,1535560,1009,,single
1791246724,4148240,148,,single
1791246725,2373990,210,,single
1791246726,1875580,233,,single
1791246728,2796340,13,,single
1791246730,3755860,141,,single
1791246731,3636770,196,,single
1791246733,2100280,108,,single
1791246734,3526710,538,,single
1791246735,2778610,88,,single
1791246737,2739600,21,,single
1791246738,2240620,143,,single
1791246739,2994020,716,,single
1791246741,2157830,131,,single
1791246743,3064370,88,,single
1791246744,3115220,242,,single
1791246745,2893820,59,,single
1791246747,2966320,201,,single
1791246748,1004640,564,,single
1791246750,3104410,2,,single
1791246751,1952920,565,,single
1791246753,3831120,21,,single
1791246754,2540100,11,,single
1791246755,2933290,7,,single
1791246757,3447040,200,,single
1791246758,1724190,111,,single
1791246760,3504780,7,,single
1791246761,3787240,400,,single
1791246763,3767850,849,,single
1791246764,3553500,182,,single
1791246766,2772560,71,,single
1791246767,3495730,97,,single
1791246768,1805320,641,,single
1791246770,2624870,86,,single
1791246771,2102040,16,,single
1791246773,2512840,7,,single
1791246774,3110070,6,,single
1791246775,2758540,0,,single
1791246777,2739990,531,,single
1791246778,2750780,13,,single
1791246779,3326230,227,,single
1791246781,3602290,123,,single
1791246782,3065940,420,,single
1791246784,3587610,14,,single
1791246785,3946950,335,,single
1791246786,2756770,54,,single
1791246788,2093940,46,,single
1791246789,3527760,40,,single
1791246791,3711590,248,,single
1791246792,3444020,71,,single
1791246793,2878450,243,,single
1791246795,1845250,140,,single
1791246796,1657090,26,,single
1791246798,3008200,7,,single
1791246799,1395520,139,,single
1791246800,2963870,132,,single
1791246802,2904040,53,,single
1791246803,3501070,172,,single
1791246804,2300840,33,,single
1791246806,4282500,1828,,single
1791246808,3694480,45,,single
1791246810,4739660,194,,single
1791246811,4450800,32,,single
1791246812,3692660,4,,single
1791246814,2489330,810,,single
1791246815,1962890,35,,single
1791246816,2238470,195,,single
1791246818,1067360,663,,single
1791246819,3105890,6,,single
1791246820,3180150,60,,single
1791246822,2004680,147,,single
1791246823,1368140,416,,single
1791246825,3400960,950,,single
1791246826,2654860,14,,single
1791246828,3446240,178,,single
1791246829,4358690,11622,,single
1791246830,3934270,758,,single
1791246832,3561220,229,,single
1791246833,2445260,1324,,single
1791246834,2975950,202,,single
1791246836,2864560,160,,single
1791246837,3775050,2,,single
1791246839,3602570,81,,single
1791246840,2449710,92,,single
1791246842,4911390,38,,single
1791246843,3026450,114,,single
1791246845,3008740,87,,single
1791246846,4244510,439,,single
1791246847,4164790,1684,,single
1791246849,2715650,5,,single
1791246851,2735630,6,,single
1791246852,3570370,6,,single
1791246853,3398110,544,,single
1791246855,2934220,90,,single
1791246856,3577060,91,,single
1791246858,4292950,16,,single
1791246860,4032350,6230,,single
1791246861,3381680,242,,single
1791246863,3276050,198,,single
1791246864,2963800,288,,single
1791246865,4294490,1011,,single
1791246867,2649970,89,,single
1791246868,2614070,11,,single
1791246870,4019220,33934,,single
1791246871,3664010,102,,single
1791246872,3399960,556,,single
1791246874,4225940,2,,single
1791246875,2999060,1,,single
1791246877,2542120,23,,single
1791246878,3279780,463,,single
1791246880,4080220,34860,,single
1791246881,4705510,1633,,single
1791246882,2919650,5,,single
1791246884,3440070,49,,single
1791246885,1953230,14,,single
1791246886,2639100,35,,single
1791246888,1281040,47,,single
1791246889,3717070,971,,single
1791246890,2274620,78,,single
1791246892,2692990,44,,single
1791246893,3357960,81,,single
1791246895,1597080,11,,single
1791246897,2678640,18,,single
1791246898,3278760,7,,single
1791246899,1442670,8,,single
1791246901,3110760,50,,single
1791246902,2701440,36,,single
1791246904,3265060,10,,single
1791246905,2574970,2,,single
1791246907,2527160,157,,single
1791246908,2992240,1,,single
1791246909,2803000,1,,single
1791246911,2834910,28,,single
1791246912,2250500,423,,single
1791246914,4249110,113,,single
1791246915,1517850,21,,single
1791246917,3720420,52,,single
1791246918,2973390,0,,single
1791246920,2976910,16,,single
1791246922,4233550,11,,single
1791246923,3569430,2,,single
1791246924,3015610,57,,single
1791246926,3543040,4,,single
1791246927,2235200,95,,single
1791246929,3103780,175,,single
1791246930,2725560,205,,single
1791246932,4356430,8003,,single
1791246933,3300800,17,,single
1791246934,3902520,23,,single
1791246936,2626910,2,,single
1791246937,3363680,26,,single
1791246939,4286550,112,,single
1791246940,3247270,3,,single
1791246942,3029750,157,,single
1791246943,3112010,28,,single
1791246944,2782500,116,,single
1791246946,2679100,254,,single
1791246947,4164580,0,,single
1791246949,3734680,1,,single
1791246950,3767740,31,,single
1791246951,2209900,642,,single
1791246953,1260820,71,,single
1791246954,3451980,271,,single
1791246956,3286930,33,,single
1791246957,2377930,211,,single
1791246958,2901140,1,,single
1791246960,2569510,524,,single
1791246962,2590150,43,,single
1791246963,4297840,68,,single
1791246964,2880460,4,,single
1791246966,3446680,2,,single
1791246967,3099640,12,,single
1791246969,2989820,246,,single
1791246970,2881230,4,,single
1791246971,3115010,14,,single
1791246973,4323990,0,,single
1791246974,3483510,144,,single
1791246976,2845260,0,,single
1791246977,3247080,111,,single
1791246979,3599690,12,,single
1791246980,3476730,46,,single
1791246982,1526900,34,,single
1791246983,2453160,11,,single
1791246985,3017450,109,,single
1791246986,2535770,0,,single
1791246988,4395300,12,,single
1791246989,1674010,263,,single
1791246991,3569500,249,,single
1791246992,2690010,47,,single
1791246994,4111370,278,,single
1791246995,2940490,3,,single
1791246996,2876550,8,,single
1791246998,2121150,2,,single
1791246999,2543830,909,,single
1791247001,2412960,135,,single
1791247002,2208350,12,,single
1791247004,3218630,13,,single
1791247005,3559510,2,,single
1791247007,2454960,6,,single
1791247008,2821610,36,,single
1791247010,2713690,148,,single
1791247011,2599690,12,,single
1791247012,3849000,199,,single
1791247014,4298880,58,,single
1791247015,1198970,10,,single
1791247017,4327530,44,,single
1791247018,2756830,8,,single
1791247020,2825860,67,,single
1791247021,3749320,10,,single
1791247023,3882730,195,,single
1791247024,1869290,69,,single
1791247026,2638560,4,,single
1791247028,2144600,99,,single
1791247029,4585340,29,,single
1791247030,2308690,60,,single
1791247032,2429050,4,,single
1791247033,3298940,15,,single
1791247035,2799930,34,,single
1791247036,2738630,38,,single
1791247037,4891320,20672,,single
1791247039,3347670,3,,single
1791247040,3555430,29,,single
1791247042,1880620,22,,single
1791247043,4369130,264,,single
1791247045,1769830,47,,single
1791247046,2255370,25,,single
1791247048,3832630,9,,single
1791247050,1554260,14,,single
1791247051,3271280,523,,single
1791247053,3707400,576,,single
1791247054,3709430,109,,single
1791247056,2772820,7,,single
1791247057,3378960,2,,single
1791247059,2904320,0,,single
1791247060,2778430,1,,single
1791247062,3650160,38,,single
1791247063,3421300,9,,single
1791247064,3542380,155,,single
1791247066,3091140,73,,single
1791247067,2517850,0,,single
1791247069,1369700,101,,single
1791247070,2982610,18,,single
1791247072,2933990,2,,single
1791247073,3045200,46,,single
1791247075,1826420,338,,single
1791247076,2877170,4,,single
1791247078,3498270,84,,single
1791247079,2684500,0,,single
1791247080,3418570,38,,single
1791247082,2368930,40,,single
1791247083,3393070,196,,single
1791247085,3385970,4,,single
1791247086,3017330,29,,single
1791247087,3639070,111,,single
1791247089,3454980,31,,single
1791247090,2487300,32,,single
1791247092,3809900,82,,single
1791247093,3226450,46,,single
1791247094,3838370,13,,single
1791247096,1943730,150,,single
1791247097,2223700,1,,single
1791247099,3668560,37,,single
1791247100,3617620,37,,single
1791247102,4560660,565,,single
1791247103,3177890,18,,single
1791247104,3861430,1731,,single
1791247106,2488590,17,,single
1791247108,3946810,5,,single
1791247109,4030150,238,,single
1791247111,2346840,1,,single
1791247112,2836100,15,,single
1791247113,2843190,15,,single
1791247115,3668370,15,,single
1791247117,3380760,22,,single
1791247120,3400350,45,,single
1791247121,4172530,49,,single
1791247123,3588490,38,,single
1791247124,1488310,1,,single
1791247125,3165680,341,,single
1791247127,4512570,108,,single
1791247128,4195470,444,,single
1791247129,4517460,96,,single
1791247131,2364580,56,,single
1791247132,2580020,6,,single
1791247134,2413950,17,,single
1791247135,3340750,0,,single
1791247136,2806640,140,,single
1791247138,2678830,52,,single
1791247139,3199360,22,,single
1791247141,2226730,8,,single
1791247142,3430340,140,,single
1791247144,3646460,41,,single
1791247145,2359120,5,,single
1791247147,3669060,56,,single
1791247148,3417410,37,,single
1791247150,2814990,38,,single
1791247151,3069470,379,,single
1791247153,2918310,42,,single
1791247154,2448020,15,,single
1791247155,2428980,19,,single
1791247157,1571200,69,,single
1791247158,3762550,12,,single
1791247160,3253830,4,,single
1791247161,3833760,19,,single
1791247162,4119420,1171,,single
1791247164,1943610,21,,single
1791247165,3051280,78,,single
1791247167,3576870,39,,single
1791247168,3904850,272,,single
1791247170,2770460,1,,single
1791247171,2159270,29,,single
1791247172,2629230,4,,single
1791247174,3947480,1,,single
1791247175,4087980,145,,single
1791247177,4173110,7,,single
1791247178,3195580,75,,single
1791247180,1900250,7,,single
1791247181,2712380,162,,single
1791247183,3011360,53,,single
1791247184,2859800,0,,single
1791247186,1674200,90,,single
1791247187,1442530,10,,single
1791247189,2458980,24,,single
1791247190,2735620,1,,single
1791247191,2980270,32,,single
1791247193,1843840,4,,single
1791247194,3837350,16,,single
1791247196,3589510,249,,single
1791247197,3916620,24,,single
1791247198,4225980,2238,,single
1791247200,1933000,13,,single
1791247201,2325920,17,,single
1791247202,2471970,22,,single
1791247204,2233770,9,,single
1791247205,3133650,24,,single
1791247207,4137460,1,,single
1791247209,2124930,0,,single
1791247210,3894440,19,,single
1791247211,2105620,18,,single
1791247213,1910150,116,,single
1791247214,2988620,5,,single
1791247216,2695430,2,,single
1791247217,3547270,52,,single
1791247219,2010030,14,,single
1791247220,2819750,1,,single
1791247221,1200770,2,,single
1791247223,2419710,0,,single
1791247224,3940610,4255,,single
1791247226,3744430,8,,single
1791247228,3531260,7,,single
1791247229,2988300,29,,single
1791247230,3389200,10,,single
1791247232,1876930,31,,single
1791247233,3799100,8,,single
1791247235,2986450,3,,single
1791247236,4833450,89,,single
1791247237,2971900,2,,single
1791247239,2786550,158,,single
1791247240,2738230,17,,single
1791247242,2752180,8,,single
1791247243,2585890,14,,single
1791247244,1869780,34,,single
1791247246,4195600,581,,single
1791247247,3523750,84,,single
1791247248,3436030,28,,single
1791247250,3872710,3,,single
1791247251,3959890,684,,single
1791247253,3237920,27,,single
1791247254,2862860,28,,single
1791247255,2437670,12,,single
1791247257,3949550,22,,single
1791247258,4487840,28,,single
1791247260,3764940,20,,single
1791247261,2788870,0,,single
1791247262,4259190,1627,,single
1791247264,3987560,6,,single
1791247265,2576150,14,,single
1791247267,3290690,14,,single
1791247268,2073030,4,,single
1791247269,2756930,22,,single
1791247271,4242290,81,,single
1791247272,4273120,78,,single
1791247274,3060250,13,,single
1791247275,3394250,0,,single
1791247276,3047030,68,,single
1791247278,2429270,33,,single
1791247280,3707780,3,,single
1791247281,3454830,61,,single
1791247282,3502270,18,,single
1791247284,3718190,33,,single
1791247285,3353830,1,,single
1791247287,3393280,382,,single
1791247288,3003460,3,,single
1791247289,1712100,4,,single
1791247291,1346840,2,,single
1791247292,3352690,2,,single
1791247294,2456070,0,,single
1791247295,4197990,49,,single
1791247297,2962480,5,,single
1791247298,3659020,35,,single
1791247300,1645630,8,,single
1791247301,1605250,22,,single
1791247303,3774440,41,,single
1791247305,3271000,239,,single
1791247306,3509740,7,,single
1791247307,3936730,4,,single
1791247309,3473500,12,,single
1791247311,3660220,7,,single
1791247312,4066790,7,,single
1791247314,4059360,0,,single
1791247315,3332830,0,,single
1791247317,3953520,700,,single
1791247318,3777270,8,,single
1791247319,3894170,6,,single
1791247321,2340130,26,,single
1791247322,3560670,615,,single
1791247323,3908900,10,,single
1791247325,3259600,18,,single
1791247326,2816870,5,,single
1791247328,3401490,17,,single
1791247329,3604430,12,,single
1791247331,4249140,10,,single
1791247332,2389170,11,,single
1791247334,4557380,3191,,single
1791247335,2453660,102,,single
1791247336,3856460,56,,single
1791247338,3220170,1,,single
1791247339,1922740,37,,single
1791247341,3657210,10,,single
1791247342,4401660,3,,single
1791247344,3549020,59,,single
1791247345,2415960,2,,single
1791247346,3919190,4,,single
1791247348,2651440,13,,single
1791247349,3306030,2,,single
1791247351,2774240,0,,single
1791247352,4283360,44,,single
1791247353,4364730,832,,single
1791247355,3394770,6,,single
1791247356,2942780,526,,single
1791247358,3593490,1,,single
1791247359,1848440,15,,single
1791247361,2348540,47,,single
1791247362,3104970,46,,single
1791247364,3634430,1,,single
1791247365,3030210,0,,single
1791247366,2955300,0,,single
1791247368,3089150,1,,single
1791247369,4031500,0,,single
1791247370,3869850,7,,single
1791247372,3415240,2,,single
1791247374,2393920,5,,single
1791247376,2943180,290,,single
1791247377,2983250,15,,single
1791247379,4927490,232,,single
1791247380,2600150,14,,single
1791247381,1281220,39,,single
1791247385,1657740,14,,single
1791247386,3065030,5,,single
1791247388,3751730,4,,single
1791247389,2881870,0,,single
1791247391,3194070,1,,single
1791247392,1266430,9,,single
1791247394,4018020,463,,single
1791247396,3880190,54,,single
1791247397,2701800,6,,single
1791247399,2960430,0,,single
1791247400,3116700,23,,single
1791247402,4051150,1,,single
1791247404,4952980,1850,,single
1791247405,2111550,14,,single
1791247406,2842150,0,,single
1791247408,4206270,15,,single
1791247409,3604030,4,,single
1791247411,3219010,34,,single
1791247412,3481020,26,,single
1791247414,4221310,30,,single
1791247415,4249150,26,,single
1791247418,2731330,0,,single
1791247420,3094480,1,,single
1791247422,3449040,1,,single
1791247423,2409780,21,,single
1791247425,4030290,0,,single
1791247426,3124230,4,,single
1791247427,3432480,21,,single
1791247429,2735580,3,,single
1791247430,3239270,3,,single
1791247432,4450350,1,,single
1791247433,3616260,38,,single
1791247435,2468550,7,,single
1791247436,3836960,1,,single
1791247438,3129930,2,,single
1791247440,2989770,7,,single
1791247441,903930,58,,single
1791247442,2996990,71,,single
1791247444,3956320,6,,single
1791247446,4216400,0,,single
1791247447,3315060,105,,single
1791247449,3457380,173,,single
1791247450,4369490,129,,single
1791247452,1686290,6,,single
1791247453,3934250,308,,single
1791247455,1460550,1,,single
1791247456,5053820,793,,single
1791247458,3056840,10,,single
1791247459,1833200,7,,single
1791247461,2496180,3,,single
1791247462,3091340,11,,single
1791247463,2507820,9,,single
1791247465,3839850,106,,single
1791247467,3339830,1,,single
1791247468,3468330,0,,single
1791247469,3784580,5,,single
1791247471,4261980,1,,single
1791247472,1859620,2,,single
1791247474,4104440,175,,single
1791247475,3669720,11,,single
1791247476,1771700,4,,single
1791247478,3556740,1,,single
1791247479,4165310,59,,single
1791247481,3905450,127,,single
1791247482,4533490,111,,single
1791247483,4078110,35,,single
1791247485,4285320,9,,single
1791247486,1148130,12,,single
1791247488,4094990,1,,single
1791247489,2539520,0,,single
1791247490,2395770,6,,single
1791247492,4409870,40,,single
1791247494,2652600,3,,single
1791247495,4083190,0,,single
1791247496,4169300,1,,single
1791247498,3642750,98,,single
1791247499,3073680,77,,single
1791247501,3510740,494,,single
1791247502,3218580,1,,single
1791247503,2091020,21,,single
1791247505,2537470,7,,single
1791247506,3715730,4,,single
1791247508,4108460,6,,single
1791247509,3144860,7,,single
1791247511,2867460,4,,single
1791247512,4426850,0,,single
1791247513,3437200,2,,single
1791247515,3380950,6,,single
1791247516,3845830,13,,single
1791247518,2838510,0,,single
1791247519,3002090,2,,single
1791247520,3856280,10,,single
1791247522,3425460,11,,single
1791247523,3642000,10,,single
1791247525,1640820,5,,single
1791247526,4634560,51,,single
1791247528,2769240,8,,single
1791247529,3509160,6,,single
1791247531,3047370,8,,single
1791247532,2906370,12,,single
1791247534,4038990,55,,single
1791247535,2592220,5,,single
1791247537,3351430,0,,single
1791247538,2774390,10,,single
1791247540,4489770,3,,single
1791247541,3468660,32,,single
1791247543,2686900,15,,single
1791247544,2838100,1,,single
1791247546,3039040,37,,single
1791247547,2517220,2,,single
1791247548,4045540,6,,single
1791247550,2918090,3,,single
1791247551,4739040,2,,single
1791247553,842980,1153,,single
1791247554,2219450,1,,single
1791247556,3256150,15,,single
1791247558,4049910,57,,single
1791247559,3901910,4,,single
1791247561,4181110,1,,single
1791247562,2140100,1,,single
1791247563,3294890,2,,single
1791247565,3441280,7,,single
1791247566,4045750,1279,,single
1791247568,3581600,191,,single
1791247569,3796960,35,,single
1791247571,2612690,1,,single
1791247572,3288300,0,,single
1791247574,3734630,24,,single
1791247575,2591150,2,,single
1791247577,3462790,7,,single
1791247578,2647300,1,,single
1791247579,2640950,14,,single
1791247581,4468030,81,,single
1791247582,3699590,740,,single
1791247583,3203440,12,,single
1791247585,3070500,80,,single
1791247586,4310610,17,,single
1791247588,2739620,6,,single
1791247589,4266120,28,,single
1791247590,3686930,4,,single
1791247592,3155570,3,,single
1791247593,4285690,36,,single
1791247595,2420350,2,,single
1791247596,3338560,26,,single
1791247598,4311000,1,,single
1791247599,3232380,13,,single
1791247600,3634590,13,,single
1791247602,3795900,23,,single
1791247603,2295520,8,,single
1791247605,3010610,4,,single
1791247606,3909220,1,,single
1791247608,4914600,11,,single
1791247609,3638410,0,,single
1791247611,4584110,174,,single
1791247612,2442390,0,,single
1791247614,2701210,1,,single
1791247615,1257030,11,,single
1791247617,3411510,0,,single
1791247619,2502780,11,,single
1791247620,2133520,0,,single
1791247622,3532360,1,,single
1791247624,3929630,40,,single
1791247625,4384120,0,,single
1791247627,3238580,4,,single
1791247628,2919560,7,,single
1791247629,2281940,4,,single
1791247631,2731940,3,,single
1791247632,2821890,19,,single
1791247634,2819400,82,,single
1791247635,3055230,7,,single
1791247637,2719740,10,,single
1791247638,3872000,14,,single
1791247640,2602230,0,,single
1791247641,3266090,30,,single
1791247643,2293680,0,,single
1791247644,4212340,0,,single
1791247645,4276980,10,,single
1791247647,3915140,14,,single
1791247648,4132330,113,,single
1791247650,3679440,0,,single
1791247651,2580130,4,,single
1791247653,4156580,33,,single
1791247654,1509970,4,,single
1791247655,3042650,54,,single
1791247657,4111260,3,,single
1791247659,3361770,0,,single
1791247661,2983410,2,,single
1791247662,3591360,11,,single
1791247663,2270750,0,,single
1791247665,3844750,0,,single
1791247666,2841770,4,,single
1791247668,2549240,3,,single
1791247669,2280430,4,,single
1791247670,1670830,2,,single
1791247672,3060900,2,,single
1791247673,3155290,7,,single
1791247675,3744080,15,,single
1791247677,4406280,418,,single
1791247678,3226210,8,,single
1791247679,2482920,0,,single
1791247681,3607440,15,,single
1791247683,4375230,7,,single
1791247684,3997630,0,,single
1791247685,2540630,70,,single
1791247687,4449410,11,,single
1791247689,4090260,107,,single
1791247690,5027520,1305,,single
1791247691,4039140,81,,single
1791247693,3055250,64,,single
1791247694,2525510,7,,single
1791247696,4149700,2,,single
1791247697,2651460,3,,single
1791247699,3491280,23,,single
1791247700,4429870,2,,single
1791247702,2899680,0,,single
1791247703,3474800,188,,single
1791247704,4261320,19,,single
1791247706,3063750,1,,single
1791247708,2154270,19,,single
1791247710,3714370,164,,single
1791247712,3633750,20,,single
1791247713,3852460,8,,single
1791247715,1626170,4,,single
1791247717,3310530,4,,single
1791247718,4734530,49,,single
1791247720,3384440,1,,single
1791247723,3877070,34,,single
1791247724,3377770,3,,single
1791247725,2160470,4,,single
1791247727,2263360,0,,single
1791247728,2957720,2,,single
1791247730,2262020,5,,single
1791247731,3278310,7,,single
1791247733,3351650,10,,single
1791247734,3447070,6,,single
1791247735,3948580,3,,single
1791247737,3848750,2,,single
1791247738,2084970,116,,single
1791247740,3579100,15,,single
1791247741,3736520,0,,single
1791247743,3780110,0,,single
1791247745,1803140,3,,single
1791247746,2734270,2,,single
1791247747,4645360,1,,single
1791247749,3311670,6,,single
1791247750,2481640,9,,single
1791247752,1671570,22,,single
1791247753,3608510,1,,single
1791247754,4033080,67,,single
1791247756,3597200,168,,single
1791247757,3279440,13,,single
1791247759,3762790,22,,single
1791247760,3104270,0,,single
1791247761,3997970,0,,single
1791247763,2886620,20,,single
1791247764,3355800,4,,single
1791247766,2540230,14,,single
1791247767,2249600,13,,single
1791247768,3158500,0,,single
1791247770,4678800,373,,single
1791247771,3019850,0,,single
1791247773,3371260,33,,single
1791247774,2376170,68,,single
1791247776,3555980,2,,single
1791247777,3306200,13,,single
1791247779,3135930,7,,single
1791247780,4661910,116,,single
1791247782,4575860,2,,single
1791247783,3561400,3,,single
1791247785,3869680,0,,single
1791247786,2981450,1,,single
1791247788,2847740,1,,single
1791247789,3103930,72,,single
1791247791,4563870,5,,single
1791247792,3997240,26,,single
1791247794,3544080,0,,single
1791247795,3989960,19,,single
1791247797,4622110,5,,single
1791247798,2924050,0,,single
1791247799,3733510,52,,single
1791247801,4142980,1,,single
1791247802,3686580,5,,single
1791247804,3547010,6,,single
1791247805,3898860,1,,single
1791247807,2573100,1,,single
1791247808,3058890,0,,single
1791247810,3913270,13,,single
1791247811,4596010,10,,single
1791247812,4732810,5,,single
1791247814,3580340,3,,single
1791247815,2176570,0,,single
1791247817,4507620,38,,single
1791247818,2712460,116,,single
1791247819,3902390,1,,single
1791247821,2828820,0,,single
1791247822,3992260,90,,single
1791247824,2937310,61,,single
1791247825,2543510,51,,single
1791247827,3759910,6,,single
1791247828,3189440,11,,single
1791247830,4045370,17,,single
1791247832,3216340,3,,single
1791247833,4117730,3,,single
1791247835,3036480,0,,single
1791247836,3176850,3,,single
1791247838,2745710,6,,single
1791247839,3183970,3,,single
1791247841,3861730,8,,single
1791247842,2738670,5,,single
1791247843,3109280,1,,single
1791247845,3106530,22,,single
1791247846,3648730,4,,single
1791247848,1275550,4,,single
1791247849,2538370,6,,single
1791247851,2842860,0,,single
1791247852,3458180,2,,single
1791247853,4461640,9,,single
1791247855,3222960,32,,single
1791247856,2859100,10,,single
1791247858,3745310,10,,single
1791247859,1506810,68,,single
1791247860,4074010,8,,single
1791247862,3172310,4,,single
1791247863,4018740,6,,single
1791247865,3504560,1,,single
1791247866,2942950,4,,single
1791247868,4042160,7,,single
1791247870,3399900,9,,single
1791247871,4007300,20,,single
1791247872,2491720,1,,single
1791247874,3613270,8,,single
1791247875,2492780,5,,single
1791247877,2619510,1,,single
1791247878,3505270,2,,single
1791247880,1386750,2,,single
1791247881,3385370,4,,single
1791247882,2832400,0,,single
1791247884,3760230,75,,single
1791247886,4246640,123,,single
1791247887,2354570,2,,single
1791247888,2806120,4,,single
1791247890,3470170,1,,single
1791247891,3756260,2,,single
1791247893,2054520,5,,single
1791247894,3249100,1,,single
1791247896,4083770,7,,single
1791247897,2736840,2,,single
1791247898,3845600,2,,single
1791247900,3571750,4,,single
1791247902,3021540,25,,single
1791247903,3602030,5,,single
1791247905,4321510,36,,single
1791247906,3110490,7,,single
1791247908,3647400,1,,single
1791247909,2757820,6,,single
1791247911,3709790,3,,single
1791247912,4173750,2,,single
1791247914,2790700,126,,single
1791247915,3438040,3,,single
1791247917,3885930,33,,single
1791247918,2351660,2,,single
1791247919,860020,1,,single
1791247921,5028390,62,,single
1791247922,2685500,2,,single
1791247924,3356310,0,,single
1791247925,4429930,7,,single
1791247927,2870600,5,,single
1791247928,3253710,0,,single
1791247929,2074620,1,,single
1791247931,3157910,0,,single
1791247932,3410630,3,,single
1791247934,5084260,18,,single
1791247935,3530670,21,,single
1791247937,2071300,0,,single
1791247938,2427450,2,,single
1791247940,3632890,3,,single
1791247941,868160,101,,single
1791247942,3642660,0,,single
1791247944,2531370,31,,single
1791247945,4929970,15,,single
1791247947,2778850,3,,single
1791247948,1493440,4,,single
1791247950,2943670,4,,single
1791247951,3902800,7,,single
1791247952,1733110,3,,single
1791247954,3464970,8,,single
1791247955,3089450,0,,single
1791247957,3761880,4,,single
1791247958,2704930,0,,single
1791247960,1997480,1,,single
1791247961,4268470,9,,single
1791247963,1383150,6,,single
1791247964,2965230,5,,single
1791247965,3995190,9,,single
1791247967,2191280,4,,single
1791247968,3344320,4,,single
1791247970,3988570,0,,single
1791247971,2262820,0,,single
1791247972,1839060,17,,single
1791247974,3718550,3,,single
1791247976,3384090,4,,single
1791247977,2398520,1,,single
1791247979,3194310,0,,single
1791247980,3989810,17,,single
1791247981,2775690,0,,single
1791247983,3367430,3,,single
1791247984,3002570,4,,single
1791247985,4573760,2,,single
1791247987,3240540,1,,single
1791247988,3882310,77,,single
1791247990,4053340,0,,single
1791247992,3043760,2,,single
1791247993,4204590,15,,single
1791247995,2665250,14,,single
1791247996,3332060,1,,single
1791247998,3906610,2,,single
1791247999,3148160,8,,single
1791248001,3415570,1,,single
1791248002,1192440,4,,single
1791248004,3172450,8,,single
1791248005,2168080,0,,single
1791248007,2181950,1,,single
1791248008,3412620,0,,single
1791248010,3626760,12,,single
1791248011,2881660,2,,single
1791248013,3093020,11,,single
1791248014,3552820,9,,single
1791248016,2632240,5,,single
1791248017,2383130,18,,single
1791248020,2757250,0,,single
1791248021,3054410,0,,single
1791248023,3447510,11,,single
1791248024,2370310,2,,single
1791248025,3057390,2,,single
1791248027,2696070,2,,single
1791248028,4465600,70,,single
1791248029,3620940,3,,single
1791248031,4337440,158,,single
1791248032,3629080,6,,single
1791248034,1226160,14,,single
1791248035,2322380,4,,single
1791248037,3565020,6,,single
1791248038,3912310,1,,single
1791248039,2760560,13,,single
1791248041,2203210,0,,single
1791248042,3362960,16,,single
1791248044,2481980,17,,single
1791248045,3098660,4,,single
1791248047,3363030,4,,single
1791248048,1841360,4,,single
1791248050,3232610,6,,single
1791248051,4139720,39,,single
1791248053,2652500,4,,single
1791248054,3122530,0,,single
1791248055,4651030,4,,single
1791248057,3161400,2,,single
1791248058,3971470,0,,single
1791248060,2421360,0,,single
1791248061,3706960,9,,single
1791248062,2086050,6,,single
1791248064,3684700,2,,single
1791248065,4228690,1,,single
1791248067,1983620,15,,single
1791248068,2827680,2,,single
1791248070,2066980,2,,single
1791248071,3709650,1,,single
1791248072,4308110,3,,single
1791248074,3689660,0,,single
1791248075,4310440,38,,single
1791248077,4535880,4,,single
1791248078,3088700,77,,single
1791248079,1156360,4,,single
1791248081,2603910,0,,single
1791248082,3861120,6,,single
1791248084,2959650,6,,single
1791248085,1244910,0,,single
1791248086,3636930,73,,single
1791248088,4341260,64,,single
1791248089,2757630,1,,single
1791248091,3951430,1,,single
1791248092,1243200,0,,single
1791248093,3273480,1,,single
1791248095,1866300,2,,single
1791248096,3196500,1,,single
1791248098,4020850,2,,single
1791248099,3583540,2,,single
1791248100,4279630,15,,single
1791248102,2633080,0,,single
1791248103,3214530,4,,single
1791248105,3640430,19,,single
1791248106,3894850,20,,single
1791248108,3294660,61,,single
1791248109,2591380,1,,single
1791248110,3207400,4,,single
1791248112,2377250,7,,single
1791248113,3612060,2,,single
1791248115,4694270,27,,single
1791248116,4778540,83,,single
1791248117,3804370,260,,single
1791248119,3565480,61,,single
1791248120,3319700,44,,single
1791248122,4513060,2,,single
1791248123,2710040,79,,single
1791248124,1221950,87,,single
1791248126,3861710,27,,single
1791248127,5134970,2,,single
1791248129,5019920,161,,single
1791248130,4274990,4,,single
1791248132,3484100,210,,single
1791248133,4493090,200,,single
1791248135,2390160,1,,single
1791248136,5206420,1,,single
1791248138,4140530,36,,single
1791248139,3891400,30,,single
1791248140,3201730,46,,single
1791248142,4328570,106,,single
1791248143,4986890,25,,single
1791248145,3983860,64,,single
1791248146,4897880,16,,single
1791248148,5164660,308,,single
1791248149,3275400,1,,single
1791248150,3829310,48,,single
1791248152,4437370,7,,single
1791248153,3520820,13,,single
1791248155,4628250,85,,single
1791248156,4668870,3,,single
1791248158,2842720,0,,single
1791248159,5044390,7,,single
1791248160,3160570,7,,single
1791248162,2436870,7,,single
1791248163,5113530,78,,single
1791248165,3391510,0,,single
1791248166,4014100,3,,single
1791248168,3116730,9,,single
1791248169,1810050,0,,single
1791248170,2443170,0,,single
1791248172,5001630,21,,single
1791248173,4436560,15,,single
1791248175,3336620,3,,single
1791248176,5018390,12,,single
1791248177,4319660,3,,single
1791248179,5166890,49,,single
1791248180,2929040,2,,single
1791248181,2594920,0,,single
1791248183,3002850,1,,single
1791248186,2891940,0,,single
1791248187,2331020,20,,single
1791248189,2635050,0,,single
1791248190,2522160,2,,single
1791248191,2393580,0,,single
1791248193,1803550,3,,single
1791248194,4777900,17,,single
1791248196,2880010,4,,single
1791248197,3204120,9,,single
1791248199,4918760,1,,single
1791248200,4914830,3,,single
1791248202,4867330,8,,single
1791248204,4820140,0,,single
1791248205,4818580,4,,single
1791248207,4760110,0,,single
1791248209,4782480,0,,single
1791248210,4764810,0,,single
1791248212,4872540,0,,single
1791248213,4885620,0,,single
1791248215,4790970,14,,single
1791248216,4751340,10,,single
1791248218,4869070,3,,single
1791248220,4727230,120,,single
1791248221,4914590,2,,single
1791248223,1485650,1,,single
1791248224,4882280,2,,single
1791248225,4736640,0,,single
1791248227,4771890,0,,single
1791248228,4754800,3,,single
1791248230,4768400,21,,single
1791248231,4820610,3,,single
1791248232,2613890,1,,single
1791248234,4771880,1,,single
1791248235,4831190,0,,single
1791248237,2613720,1,,single
1791248238,2141520,2,,single
1791248240,1233170,0,,single
1791248241,1828800,0,,single
1791248243,2994150,0,,single
1791248244,2099680,1,,single
1791248246,3334280,2,,single
1791248247,3399040,5,,single
1791248249,2576600,2,,single
1791248250,1403940,4,,single
1791248252,2452900,1,,single
1791248253,2657930,12,,single
1791248254,2392400,0,,single
1791248256,1936360,1,,single
1791248257,3440120,2,,single
1791248259,2332970,0,,single
1791248260,2238440,0,,single
1791248261,2915660,3,,single
1791248263,2615630,0,,single
1791248264,3112500,0,,single
1791248266,2147530,1,,single
1791248267,1061270,0,,single
1791248269,3487770,34,,single
1791248270,2954460,0,,single
1791248271,1875320,2,,single
1791248273,2246470,3,,single
1791248274,2934890,1,,single
1791248276,3468640,16,,single
1791248277,2795280,6,,single
1791248278,3601980,0,,single
1791248280,2871980,0,,single
1791248281,3593940,1,,single
1791248283,3659180,0,,single
1791248284,3697240,78,,single
1791248286,3030360,0,,single
1791248287,3615360,0,,single
1791248289,3272360,1,,single
1791248290,3494130,0,,single
1791248291,2848800,0,,single
1791248293,1729180,0,,single
1791248294,2879570,3,,single
1791248296,3169060,0,,single
1791248297,3631850,0,,single
1791248299,3422700,2,,single
1791248300,3668950,0,,single
1791248301,3500800,1,,single
1791248303,2516890,0,,single
1791248304,2812450,3,,single
1791248305,2423270,0,,single
1791248307,2537300,0,,single
1791248309,2333930,0,,single
1791248310,2450840,0,,single
1791248312,2859860,0,,single
1791248313,2848360,9,,single
1791248315,1388130,0,,single
1791248316,2452820,3,,single
1791248318,2922180,0,,single
1791248320,3387330,0,,single
1791248321,3626800,0,,single
1791248323,275270,0,,single
1791248324,3629210,0,,single
1791248325,2178560,2,,single
1791248327,1262890,2,,single
1791248328,1562690,0,,single
1791248330,3533830,2,,single
1791248331,3554520,0,,single
1791248332,3211750,0,,single
1791248334,3596510,2,,single
1791248336,2597570,0,,single
1791248337,2361000,0,,single
1791248339,3132250,10,,single
1791248340,2963280,0,,single
1791248341,2625550,0,,single
1791248343,2850220,4,,single
1791248344,3561770,7,,single
1791248346,3417690,1,,single
1791248347,3566200,4,,single
1791248348,3411050,1,,single
1791248350,2804550,2,,single
1791248351,2054380,0,,single
1791248353,3439320,0,,single
1791248354,2184620,1,,single
1791248355,3042830,1,,single
1791248357,2730700,1,,single
1791248358,2475300,2,,single
1791248360,3430300,0,,single
1791248361,3416270,0,,single
1791248363,2643290,0,,single
1791248364,3316380,2,,single
1791248365,3498980,0,,single
1791248367,3491310,3,,single
1791248368,3236000,0,,single
1791248369,2955320,1,,single
1791248371,3300470,0,,single
1791248372,3308550,2,,single
1791248374,3051380,1,,single
1791248376,3069410,0,,single
1791248377,2517440,0,,single
1791248378,2894820,2,,single
1791248380,3338380,0,,single
1791248381,2824580,0,,single
1791248382,2659710,0,,single
1791248384,2650350,0,,single
1791248385,2964540,8,,single
1791248387,3384190,5,,single
1791248388,2969140,1,,single
1791248390,3384180,1,,single
1791248391,2957110,54,,single
1791248392,2549380,0,,single
1791248394,2438260,2,,single
1791248396,1932210,0,,single
1791248397,2850110,0,,single
1791248398,3001000,0,,single
1791248400,2335790,0,,single
1791248401,2417000,0,,single
1791248403,3021850,0,,single
1791248404,3034340,6,,single
1791248406,1851200,6,,single
1791248407,2785570,2,,single
1791248408,1644770,1,,single
1791248411,2487340,0,,single
1791248412,3425880,0,,single
1791248414,2752710,2,,single
1791248415,3328700,2,,single
1791248417,2888470,6,,single
1791248418,3238510,0,,single
1791248419,2492330,0,,single
1791248421,3073350,3,,single
1791248423,3327670,0,,single
1791248424,1270980,4,,single
1791248425,3054090,3,,single
1791248427,1757580,0,,single
1791248428,3301040,1,,single
1791248430,1619580,0,,single
1791248431,3288990,1,,single
1791248433,1587570,2,,single
1791248434,3235270,2,,single
1791248435,2396190,0,,single
1791248437,3012130,0,,single
1791248438,3013460,1,,single
1791248440,2878030,0,,single
1791248441,3160580,0,,single
1791248443,3046050,0,,single
1791248444,1548350,1,,single
1791248446,1671740,0,,single
1791248447,3068580,0,,single
1791248448,2666230,0,,single
1791248450,2812610,0,,single
1791248451,3273420,1,,single
1791248452,2780470,0,,single
1791248454,2705210,0,,single
1791248455,909470,3,,single
1791248457,3089700,0,,single
1791248458,3187730,5,,single
1791248460,3159960,0,,single
1791248461,2991390,0,,single
1791248462,2759760,0,,single
1791248464,3226140,0,,single
1791248465,2790000,0,,single
1791248467,3162020,1,,single
1791248468,3303150,5,,single
1791248469,3199380,1,,single
1791248471,906680,0,,single
1791248472,2844290,2,,single
1791248474,3098750,0,,single
1791248475,2541890,21,,single
1791248477,1707710,0,,single
1791248478,2645490,0,,single
1791248480,1640890,0,,single
1791248481,2354330,2,,single
1791248483,2936410,25,,single
1791248484,2288600,2,,single
1791248485,3078590,4,,single
1791248487,2969060,0,,single
1791248488,3011020,0,,single
1791248490,2855770,0,,single
1791248491,2324210,1,,single
1791248492,2322340,2,,single
1791248494,1764270,0,,single
1791248495,3061910,0,,single
1791248496,2922990,0,,single
1791248498,2353130,0,,single
1791248499,2225010,0,,single
1791248501,2442820,0,,single
1791248502,2844910,2,,single
1791248503,3201810,0,,single
1791248505,2795750,1,,single
1791248506,2994880,2,,single
1791248508,2205330,0,,single
1791248509,3194140,5,,single
1791248511,2756470,3,,single
1791248512,2837580,0,,single
1791248513,2456430,1,,single
1791248515,2746030,1,,single
1791248516,3187770,0,,single
1791248518,1674900,2,,single
1791248519,3047220,2,,single
1791248520,2843550,0,,single
1791248522,1600910,0,,single
1791248523,2655740,0,,single
1791248524,3205000,0,,single
1791248526,2940990,2,,single
1791248527,2779910,2,,single
1791248529,2257590,0,,single
1791248530,2073220,0,,single
1791248531,3193770,0,,single
1791248533,3169000,0,,single
1791248534,1094680,5,,single
1791248536,3034450,0,,single
1791248537,1894720,0,,single
1791248538,2434120,3,,single
1791248540,1552140,3,,single
1791248541,1831480,3,,single
1791248543,2799360,0,,single
1791248544,2476840,0,,single
1791248546,2459860,0,,single
1791248547,2951710,0,,single
1791248549,2346500,0,,single
1791248550,1391200,1,,single
1791248552,1424290,0,,single
1791248553,2791880,0,,single
1791248555,2649780,2,,single
1791248556,3065920,0,,single
1791248557,3027820,0,,single
1791248559,2172320,1,,single
1791248560,2447260,2,,single
1791248562,2572400,4,,single
1791248563,1536570,1,,single
1791248564,3036970,0,,single
1791248566,3007660,0,,single
1791248568,2416500,0,,single
1791248569,2576460,0,,single
1791248571,2461240,0,,single
1791248572,1969860,1,,single
1791248573,2740080,10,,single
1791248575,3034560,0,,single
1791248576,2364330,0,,single
1791248577,3025630,0,,single
1791248579,3101670,0,,single
1791248581,2947210,0,,single
1791248582,2299930,2,,single
1791248584,3064270,72,,single
1791248585,2201150,0,,single
1791248587,2738870,0,,single
1791248588,1235100,1,,single
1791248589,2921600,0,,single
1791248591,2332250,0,,single
1791248593,1760330,0,,single
1791248594,2864830,2,,single
1791248595,2407300,0,,single
1791248597,1896570,0,,single
1791248598,2955100,0,,single
1791248599,2459420,1,,single
1791248601,883230,0,,single
1791248602,2166690,2,,single
1791248604,1974300,1,,single
1791248605,2722200,5,,single
1791248607,2336580,0,,single
1791248608,2749350,0,,single
1791248609,2530170,1,,single
1791248611,2377410,0,,single
1791248612,2961060,1,,single
1791248614,2903460,0,,single
1791248615,2736490,2,,single
1791248617,2751310,0,,single
1791248619,2322900,0,,single
1791248620,2329910,0,,single
1791248622,2337090,0,,single
1791248623,2832220,1,,single
1791248625,2905290,1,,single
1791248626,2945100,3,,single
1791248627,2200410,0,,single
1791248629,2882080,3,,single
1791248631,2144220,2,,single
1791248632,1839930,1,,single
1791248633,1347560,0,,single
1791248635,2820110,9,,single
1791248636,2889460,0,,single
1791248638,1858450,0,,single
1791248639,1415570,0,,single
1791248640,2686250,0,,single
1791248642,2699690,0,,single
1791248643,2254600,0,,single
1791248645,2461460,0,,single
1791248647,2195790,0,,single
1791248648,2453920,0,,single
1791248649,2480560,7,,single
1791248651,2120250,7,,single
1791248652,2626240,0,,single
1791248653,1162470,0,,single
1791248655,2435310,0,,single
1791248656,2732020,3,,single
1791248658,1445740,1,,single
1791248659,2737260,5,,single
1791248661,2174900,0,,single
1791248662,2657480,1,,single
1791248664,2203860,0,,single
1791248665,2338910,1,,single
1791248667,2827780,1,,single
1791248668,1604250,0,,single
1791248669,1968630,2,,single
1791248671,2813380,1,,single
1791248672,2780270,0,,single
1791248674,1116080,2,,single
1791248675,2751610,1,,single
1791248677,2591070,1,,single
1791248678,2827450,0,,single
1791248680,2459620,0,,single
1791248681,2719250,0,,single
1791248682,2766060,1,,single
1791248684,2780880,0,,single
1791248686,2775180,0,,single
1791248687,2696520,1,,single
1791248689,1613580,0,,single
1791248690,2089140,0,,single
1791248692,2700230,0,,single
1791248694,2507630,0,,single
1791248696,2754340,1,,single
1791248697,2307300,0,,single
1791248699,2574030,0,,single
1791248700,2184590,1,,single
1791248702,2111360,0,,single
1791248704,2228210,0,,single
1791248705,2487490,0,,single
1791248706,2277720,0,,single
1791248708,2429310,0,,single
1791248709,2749650,0,,single
1791248711,2073850,11939,,single
1791248712,1973530,31644,,single
1791248713,1568590,1170,,single
1791248715,2281730,680,,single
1791248716,1962663,4,,single
1791248718,1714040,351,,single
1791248719,2141910,11873,,single
1791248720,1797880,81,,single
1791248722,985810,3707,,single
1791248723,2324650,17,,single
1791248724,1280770,36,,single
1791248726,2225070,1411,,single
1791248727,1969870,98,,single
1791248729,1549250,458,,single
1791248730,1949740,107,,single
1791248732,1350650,64,,single
1791248733,1985690,9,,single
1791248735,270550,2,,single
1791248736,2167580,138,,single
1791248737,1941780,85,,single
1791248739,2157110,7,,single
1791248740,1671200,67,,single
1791248742,1463120,57,,single
1791248744,2240530,7,,single
1791248745,1290490,1,,single
1791248747,1810580,16,,single
1791248748,2368470,10,,single
1791248749,1812820,498,,single
1791248751,1806840,0,,single
1791248752,850170,139,,single
1791248754,1737100,131,,single
1791248755,921630,0,,single
1791248756,1973710,923,,single
1791248758,1655140,0,,single
1791248759,2289970,1,,single
1791248761,1854430,2,,single
1791248762,1593310,7,,single
1791248764,1073440,135,,single
1791248765,1045520,6,,single
1791248766,1910580,12,,single
1791248768,1399720,979,,single
1791248769,1619750,126,,single
1791248771,417360,1,,single
1791248772,2475460,2373,,single
1791248774,1793250,30,,single
1791248775,1304510,8,,single
1791248776,2433730,8,,single
1791248778,1268110,5,,single
1791248779,2186570,5,,single
1791248781,2203070,241,,single
1791248782,1607130,22,,single
1791248784,1641650,177,,single
1791248785,1296770,10,,single
1791248787,1792010,11,,single
1791248788,1904820,8,,single
1791248790,1860570,0,,single
1791248791,1148150,23,,single
1791248793,2328760,144,,single
1791248794,1794470,33,,single
1791248796,1349040,1,,single
1791248797,1812290,11,,single
1791248799,1390740,1,,single
1791248800,2373630,11,,single
1791248802,1574700,3,,single
1791248803,2386250,4,,single
1791248805,1896700,89,,single
1791248806,2057080,1,,single
1791248808,1873030,15,,single
1791248809,711990,0,,single
1791248810,1184770,106,,single
1791248812,1680550,5,,single
1791248813,2176560,5,,single
1791248814,2173600,1,,single
1791248816,1861970,4,,single
1791248817,1905950,126,,single
1791248819,1173400,3,,single
1791248820,407810,3,,single
1791248822,1958390,16,,single
1791248823,1924140,3,,single
1791248824,1552620,0,,single
1791248826,1292690,93,,single
1791248827,1309000,9,,single
1791248829,2069640,12,,single
1791248830,2103530,659,,single
1791248832,1826980,4,,single
1791248833,2443110,1,,single
1791248835,1259440,18,,single
1791248836,2102020,4,,single
1791248838,2322660,62,,single
1791248839,1590360,0,,single
1791248840,2544720,23,,single
1791248842,2448340,0,,single
1791248844,1877960,564,,single
1791248845,1443820,22,,single
1791248846,1473250,1,,single
1791248849,1639990,10,,single
1791248850,2088270,0,,single
1791248852,1653970,170,,single
1791248853,1973970,19,,single
1791248854,1863670,28,,single
1791248856,885000,14,,single
1791248857,852480,6,,single
1791248858,2403320,2,,single
1791248860,930910,9,,single
1791248862,1097880,1,,single
1791248863,333300,31,,single
1791248864,2551170,1,,single
1791248866,216110,0,,single
1791248867,1836450,49,,single
1791248869,1903370,1,,single
1791248870,2308870,18,,single
1791248872,2716140,0,,single
1791248873,1890650,8,,single
1791248875,1577420,2,,single
1791248876,1840660,1,,single
1791248877,1768550,0,,single
1791248879,1823380,9,,single
1791248880,1948450,1,,single
1791248881,1181140,0,,single
1791248883,2440200,5,,single
1791248885,1941000,66,,single
1791248886,2071530,2,,single
1791248888,1281160,2,,single
1791248889,1571340,7,,single
1791248890,1545820,8,,single
1791248892,2261050,1,,single
1791248893,2337640,12,,single
1791248895,1964220,67,,single
1791248896,2009010,4,,single
1791248897,1205950,15,,single
1791248899,2386580,8,,single
1791248900,1660520,4,,single
1791248902,1688580,0,,single
1791248903,2022330,4,,single
1791248905,2168610,0,,single
1791248906,2246300,6,,single
1791248908,2211280,4,,single
1791248909,1881340,0,,single
1791248910,720380,0,,single
1791248912,1658310,4,,single
1791248913,1386950,32,,single
1791248914,1172940,0,,single
1791248916,2062930,0,,single
1791248917,1862690,1,,single
1791248920,1455070,1,,single
1791248921,1745200,60,,single
1791248923,1259740,3,,single
1791248924,2399910,1,,single
1791248926,2236300,0,,single
1791248927,2513890,0,,single
1791248929,2206560,3,,single
1791248930,1432910,3,,single
1791248932,2467790,2,,single
1791248933,339040,1,,single
1791248934,1741040,6,,single
1791248936,811890,1,,single
1791248937,765900,0,,single
1791248938,2293410,3,,single
1791248940,1359120,3,,single
1791248941,1991860,25,,single
1791248943,675560,7,,single
1791248944,2635340,3,,single
1791248945,1167750,23,,single
1791248947,1626640,0,,single
1791248948,2317560,8,,single
1791248950,1641990,6,,single
1791248951,2019680,2,,single
1791248952,2558580,1,,single
1791248954,1996930,6,,single
1791248955,1777390,2,,single
1791248957,907090,8,,single
1791248958,1997470,3,,single
1791248960,1276610,5,,single
1791248961,1336060,1,,single
1791248962,2258940,5,,single
1791248964,1159520,3,,single
1791248965,13200,0,,single
1791248967,1597460,9,,single
1791248968,516510,0,,single
1791248969,1984350,0,,single
1791248971,1899700,4,,single
1791248972,2147110,0,,single
1791248974,356430,13,,single
1791248975,1137410,0,,single
1791248977,1427860,17,,single
1791248978,2270600,2,,single
1791248980,323460,0,,single
1791248981,2552850,21,,single
1791248983,1354760,10,,single
1791248984,1065180,3,,single
1791248985,991710,79,,single
1791248987,2207970,2,,single
1791248988,1702140,33,,single
1791248990,1111030,0,,single
1791248992,1709920,94,,single
1791248994,1121310,3,,single
1791248995,1918520,17,,single
1791248996,1044450,6,,single
1791248998,905450,1,,single
1791248999,1565220,0,,single
1791249001,1693280,2,,single
1791249002,1859020,1,,single
1791249004,407420,2,,single
1791249005,1072120,2,,single
1791249006,2081460,0,,single
1791249008,1925210,2,,single
1791249009,306290,15,,single
1791249011,433300,1,,single
1791249012,319540,0,,single
1791249013,2060480,27,,single
1791249015,2546970,1,,single
1791249016,1642890,19,,single
1791249017,1967870,2,,single
1791249019,1150720,2,,single
1791249020,1104340,0,,single
1791249022,1527980,0,,single
1791249023,1448750,2,,single
1791249025,550310,0,,single
1791249026,898580,3,,single
1791249027,2061230,2,,single
1791249029,1658620,14,,single
1791249030,1177970,19,,single
1791249031,2492430,310,,single
1791249033,2170050,3,,single
1791249034,2442230,0,,single
1791249036,904960,2,,single
1791249037,316260,1,,single
1791249039,1200330,10,,single
1791249040,1864080,3,,single
1791249042,1161190,0,,single
1791249043,2130380,0,,single
1791249045,1609160,0,,single
1791249046,1789470,0,,single
1791249048,1366850,0,,single
1791249049,2575060,0,,single
1791249051,1056390,0,,single
1791249052,357500,1,,single
1791249054,1724320,0,,single
1791249055,1477020,0,,single
1791249057,761910,1,,single
1791249058,1270210,8,,single
1791249060,831660,2,,single
1791249061,524110,0,,single
1791249063,965810,0,,single
1791249064,1135440,1,,single
1791249065,1373950,3,,single
1791249067,670900,0,,single
1791249068,562350,1,,single
1791249069,1349030,8,,single
1791249071,1315160,0,,single
1791249072,1830720,0,,single
1791249074,2424440,1,,single
1791249075,1906220,5,,single
1791249077,2014910,1,,single
1791249079,1446850,2,,single
1791249080,1932230,0,,single
1791249081,864680,0,,single
1791249083,2130000,2,,single
1791249084,2283780,16,,single
1791249086,2337630,0,,single
1791249087,37240,12,,single
1791249088,1398070,0,,single
1791249090,565170,1,,single
1791249091,982220,8,,single
1791249093,1672920,0,,single
1791249094,2222540,2,,single
1791249096,2461430,8,,single
1791249097,1909270,1,,single
1791249099,2519560,0,,single
1791249101,980830,5,,single
1791249102,491330,0,,single
1791249104,1518440,0,,single
1791249105,9030,0,,single
1791249107,1106860,0,,single
1791249108,2187920,2,,single
1791249110,1606280,1,,single
1791249111,1594410,0,,single
1791249113,2523910,8,,single
1791249116,1594090,1,,single
1791249117,2014620,3,,single
1791249118,1407210,2,,single
1791249120,1528550,2,,single
1791249121,2420330,1,,single
1791249123,1938630,0,,single
1791249124,361360,1,,single
1791249126,793150,0,,single
1791249127,1668610,0,,single
1791249128,2499420,0,,single
1791249130,1441240,5,,single
1791249131,331970,4,,single
1791249133,297470,1,,single
1791249134,1243880,0,,single
1791249136,2373440,4,,single
1791249137,1742470,0,,single
1791249139,359940,1,,single
1791249140,2546690,3,,single
1791249141,1346770,2,,single
1791249143,2193070,4,,single
1791249144,1770600,2,,single
1791249146,1916270,4,,single
1791249147,1611070,4,,single
1791249149,2083840,0,,single
1791249151,375440,0,,single
1791249152,1245780,0,,single
1791249153,2589200,1,,single
1791249155,1493730,2,,single
1791249156,1837230,3,,single
1791249158,1565890,0,,single
1791249159,546230,1,,single
1791249160,1960630,5,,single
1791249162,1823710,4,,single
1791249163,1553230,0,,single
1791249164,1290220,6,,single
1791249166,1200730,3,,single
1791249167,2262220,2,,single
1791249168,1233900,0,,single
1791249170,1921770,5,,single
1791249171,569970,1,,single
1791249173,1141290,18,,single
1791249174,340990,0,,single
1791249176,1888070,0,,single
1791249177,1748050,1,,single
1791249178,2108950,10,,single
1791249180,936960,0,,single
1791249181,2085970,13,,single
1791249183,2190200,11,,single
1791249184,2206460,0,,single
1791249185,2071520,0,,single
1791249187,3642010,6,,single
1791249188,774651,1,,single
1791249190,2257720,0,,single
1791249191,3095170,13,,single
1791249192,3962270,7,,single
1791249194,1597220,23,,single
1791249195,2377240,2,,single
1791249197,2971960,2,,single
1791249198,3814970,4,,single
1791249199,4355490,20,,single
1791249201,2564960,16,,single
1791249202,3603100,1,,single
1791249204,1673320,0,,single
1791249205,3249380,1,,single
1791249207,3997900,1,,single
1791249209,485000,1,,single
1791249211,1449630,6,,single
1791249212,3742830,0,,single
1791249213,3987810,6,,single
1791249215,2510490,1,,single
1791249217,3575730,1,,single
1791249219,2282020,7,,single
1791249221,3418150,55,,single
1791249222,3807550,1,,single
1791249224,4950470,273,,single
1791249226,328500,0,,single
1791249227,3444650,44,,single
1791249229,3526830,7,,single
1791249230,4040210,0,,single
1791249231,869690,0,,single
1791249233,1674340,1,,single
1791249234,2416650,1,,single
1791249236,3065090,75,,single
1791249237,3512300,0,,single
1791249239,1570020,0,,single
1791249240,2781250,4,,single
1791249242,4508570,4,,single
1791249243,2474770,32,,single
1791249245,3875050,43,,single
1791249246,908060,3,,single
1791249248,2169220,7,,single
1791249249,2688650,0,,single
1791249251,3821860,1,,single
1791249252,4609770,9,,single
1791249253,2550140,0,,single
1791249255,4486290,13,,single
1791249256,3814570,15,,single
1791249258,4235230,1,,single
1791249260,1246250,0,,single
1791249261,2179630,1,,single
1791249262,3569400,0,,single
1791249264,2372170,0,,single
1791249266,3860100,1,,single
1791249267,1449000,0,,single
1791249269,3408380,1,,single
1791249270,4289150,0,,single
1791249271,2484580,1,,single
1791249273,3376290,1,,single
1791249274,4405880,4,,single
1791249276,2598930,1,,single
1791249277,3837390,0,,single
1791249279,2411360,4,,single
1791249280,3214000,1,,single
1791249281,3759820,66,,single
1791249283,550590,0,,single
1791249285,1280260,0,,single
1791249287,1498120,2,,single
1791249288,1924680,0,,single
1791249290,3247200,16,,single
1791249291,3962070,0,,single
1791249292,1248840,0,,single
1791249294,3580110,0,,single
1791249295,341030,1,,single
1791249297,1902940,14,,single
1791249298,2085410,2,,single
1791249299,2648900,3,,single
1791249301,3239650,3,,single
1791249302,4151830,4,,single
1791249304,1985680,0,,single
1791249305,3381130,33,,single
1791249306,574200,1,,single
1791249308,1895780,0,,single
1791249309,3298520,497,,single
1791249311,2217550,36,,single
1791249312,3509430,5,,single
1791249314,4057940,0,,single
1791249315,669500,0,,single
1791249317,2345770,1,,single
1791249318,3040390,7,,single
1791249320,3130800,1,,single
1791249321,3571560,2,,single
1791249323,4636370,49,,single
1791249324,1461770,0,,single
1791249325,2534370,0,,single
1791249327,3721890,3,,single
1791249328,4339280,12,,single
1791249330,931060,3,,single
1791249331,2363180,0,,single
1791249332,2585270,0,,single
1791249334,4428630,29,,single
1791249335,1083190,0,,single
1791249337,2741260,3,,single
1791249338,3298820,1,,single
1791249340,971470,1,,single
1791249341,2059090,1,,single
1791249343,2925410,0,,single
1791249344,3912370,0,,single
1791249346,368720,0,,single
1791249347,2726370,8,,single
1791249349,3212180,1,,single
1791249351,3456930,5,,single
1791249352,3897540,1,,single
1791249353,4885890,4,,single
1791249355,1998050,0,,single
1791249356,2923350,6,,single
1791249358,3306990,2,,single
1791249359,4173970,7,,single
1791249360,1205170,0,,single
1791249362,2304730,1,,single
1791249363,3422270,36,,single
1791249365,4108760,0,,single
1791249366,3394080,4,,single
1791249368,3907880,14,,single
1791249369,1852520,1,,single
1791249371,3409760,72,,single
1791249372,1363840,6,,single
1791249373,2112740,29,,single
1791249375,2857910,9,,single
1791249376,3655960,2,,single
1791249377,2631880,0,,single
1791249379,3338660,10,,single
1791249380,729580,0,,single
1791249382,1740070,0,,single
1791249383,2245180,0,,single
1791249384,2463220,0,,single
1791249386,3196830,0,,single
1791249387,3653260,0,,single
1791249389,4398770,0,,single
1791249390,3503710,30,,single
1791249392,4914580,3,,single
1791249393,3083910,9,,single
1791249395,3144340,11,,single
1791249396,1946560,107,,single
1791249397,2586440,14,,single
1791249399,3998900,2,,single
1791249400,3848900,21,,single
1791249402,3994680,4,,single
1791249403,896250,2,,single
1791249405,3565980,4,,single
1791249406,4294860,12,,single
1791249408,3486430,16,,single
1791249409,4911340,1,,single
1791249411,4883580,19,,single
1791249412,3958820,9,,single
1791249413,3908940,66,,single
1791249415,4601160,6,,single
1791249416,4376090,1,,single
1791249418,3069340,3,,single
1791249419,3141630,13,,single
1791249420,2372240,3,,single
1791249422,3340780,6,,single
1791249423,4619420,11,,single
1791249425,4529440,4,,single
1791249426,3358340,5,,single
1791249428,3312250,0,,single
1791249429,4961460,5,,single
1791249431,4736830,5,,single
1791249432,4830660,3,,single
1791249433,3755930,1,,single
1791249435,2836460,12,,single
1791249436,4356400,5,,single
1791249437,1091870,1,,single
1791249439,3948760,0,,single
1791249440,3435610,7,,single
1791249442,3850800,1,,single
1791249443,4770830,251,,single
1791249444,2824880,5,,single
1791249446,3929350,7,,single
1791249448,4996190,11,,single
1791249449,4977360,90,,single
1791249451,3418500,8,,single
1791249452,4251370,4,,single
1791249453,3224540,4,,single
1791249455,3212820,0,,single
1791249456,3598690,6,,single
1791249458,4644290,0,,single
1791249459,2275300,5,,single
1791249460,4161140,0,,single
1791249462,4700560,5,,single
1791249464,4819300,5,,single
1791249465,4860340,0,,single
1791249467,4603670,3,,single
1791249468,4710360,3,,single
1791249469,3570110,0,,single
1791249471,4353650,2,,single
1791249472,3967760,2,,single
1791249474,4671680,0,,single
1791249475,2864290,10,,single
1791249477,3165590,3,,single
1791249478,2248620,37,,single
1791249480,2876050,4,,single
1791249481,3724710,1,,single
1791249483,3158070,73,,single
1791249484,3345550,11,,single
1791249485,3883290,2,,single
1791249487,3553250,0,,single
1791249488,4402950,0,,single
1791249489,4514800,15,,single
1791249491,4599500,6,,single
1791249492,1817030,2,,single
1791249494,4655800,0,,single
1791249495,4511010,3,,single
1791249497,4480760,2,,single
1791249498,4181410,3,,single
1791249500,1662160,3,,single
1791249501,2827820,6,,single
1791249503,4301300,27,,single
1791249504,3759670,0,,single
1791249505,3312130,45,,single
1791249507,4244640,5,,single
1791249508,3555780,20,,single
1791249510,1895460,7,,single
1791249511,2704090,2,,single
1791249512,4302940,13,,single
1791249515,4557350,304,,single
1791249516,3364150,10,,single
1791249519,4329100,1,,single
1791249521,3985060,0,,single
1791249522,4666090,1,,single
1791249524,2433630,0,,single
1791249525,2802740,17,,single
1791249526,2021960,67,,single
1791249528,4645200,0,,single
1791249529,4524800,0,,single
1791249531,4542640,72,,single
1791249532,4272270,12,,single
1791249533,3201830,0,,single
1791249535,4601770,0,,single
1791249536,4331130,12,,single
1791249538,3621200,0,,single
1791249539,4618590,0,,single
1791249541,3565290,1,,single
1791249542,4295960,1,,single
1791249544,3496340,1,,single
1791249546,4371450,1,,single
1791249547,2099090,6,,single
1791249549,3452670,2,,single
1791249550,2710650,0,,single
1791249552,3347200,2,,single
1791249553,4009450,6,,single
1791249554,2736370,2,,single
1791249556,2704450,5,,single
1791249557,4124920,5,,single
1791249558,3843410,4,,single
1791249560,4334110,2,,single
1791249561,3810540,16,,single
1791249562,4353640,1,,single
1791249564,4015010,0,,single
1791249565,3298430,4,,single
1791249567,4629490,6,,single
1791249568,2379160,0,,single
1791249569,4423110,36,,single
1791249571,4120310,0,,single
1791249572,2913610,0,,single
1791249574,2578290,0,,single
1791249575,4345150,0,,single
1791249577,3851110,1,,single
1791249578,3930510,10,,single
1791249580,3924280,45,,single
1791249581,4683710,0,,single
1791249582,3353390,49,,single
1791249584,3690760,3,,single
1791249585,4699110,0,,single
1791249586,3396290,3,,single
1791249588,3624790,13,,single
1791249589,4257900,80,,single
1791249591,3529670,3,,single
1791249592,4039900,2,,single
1791249593,4584940,0,,single
1791249595,3760100,30,,single
1791249596,3503790,0,,single
1791249598,4656760,1,,single
1791249599,3239960,0,,single
1791249601,4398360,1,,single
1791249602,3916860,2,,single
1791249603,3541590,0,,single
1791249605,4144510,0,,single
1791249606,1622400,6,,single
1791249608,2169930,9,,single
1791249609,4315850,0,,single
1791249611,4353630,1,,single
1791249612,3354200,0,,single
1791249614,2771220,0,,single
1791249615,3951810,3,,single
1791249617,3559840,0,,single
1791249618,4424950,9,,single
1791249619,3936520,25,,single
1791249621,4557490,12,,single
1791249622,4460310,0,,single
1791249624,4511140,2,,single
1791249625,2938870,1,,single
1791249626,3816420,0,,single
1791249628,1675860,2,,single
1791249629,4170220,5,,single
1791249630,3656560,2,,single
1791249632,4175330,0,,single
1791249633,4691990,119,,single
1791249635,2936190,10,,single
1791249636,2822980,2,,single
1791249637,2932150,7,,single
1791249639,4575390,0,,single
1791249640,2809660,1,,single
1791249642,4268890,2,,single
1791249643,4635840,0,,single
1791249644,896010,7,,single
1791249646,2706980,1,,single
1791249647,3277880,1,,single
1791249648,2397510,1,,single
1791249650,4265120,3,,single
1791249651,3196590,2,,single
1791249653,4539480,0,,single
1791249654,3804180,0,,single
1791249655,2955720,0,,single
1791249658,1409840,2,,single
1791249659,2512450,0,,single
1791249661,2945150,1,,single
1791249662,4581930,2,,single
1791249664,2127570,7,,single
1791249665,2959770,3,,single
1791249666,2680670,0,,single
1791249668,3044790,18,,single
1791249669,3216800,4,,single
1791249671,3070020,2,,single
1791249672,3670630,6,,single
1791249673,2768420,0,,single
1791249675,3753880,1,,single
1791249676,2890910,0,,single
1791249678,4189480,1,,single
1791249679,4355340,2,,single
1791249681,4159130,0,,single
1791249682,4300150,0,,single
1791249684,4429950,6,,single
1791249685,3589820,0,,single
1791249686,4327760,13,,single
1791249688,2276770,3,,single
1791249689,4526660,3,,single
1791249690,4218680,0,,single
1791249692,4578140,3,,single
1791249693,3548040,1,,single
1791249695,3440060,0,,single
1791249696,4503640,3,,single
1791249698,3863830,2,,single
1791249699,3646020,1,,single
1791249700,3388410,8,,single
1791249702,2927700,0,,single
1791249703,4256690,5,,single
1791249705,3371630,11,,single
1791249706,3780950,0,,single
1791249707,3530820,17,,single
1791249709,2916670,11,,single
1791249710,1638070,2,,single
1791249712,4059350,0,,single
1791249713,4280860,5,,single
1791249715,2821110,0,,single
1791249716,3864100,5,,single
1791249717,3576520,0,,single
1791249719,3430260,1,,single
1791249720,4574320,0,,single
1791249722,4056300,3,,single
1791249723,4429700,2,,single
1791249725,4164140,2,,single
1791249726,3823370,8,,single
1791249727,4215780,0,,single
1791249729,4423640,0,,single
1791249730,1960880,1,,single
1791249731,3017760,0,,single
1791249733,4508710,1,,single
1791249734,4522510,207,,single
1791249736,3074850,1,,single
1791249737,1866920,1,,single
1791249739,4058290,10,,single
1791249740,4232600,0,,single
1791249742,3708620,1,,single
1791249743,2702630,2,,single
1791249745,3892030,0,,single
1791249746,4555100,25,,single
1791249748,1860560,0,,single
1791249749,3986690,0,,single
1791249750,4563320,0,,single
1791249752,3130170,2,,single
1791249753,2317290,5,,single
1791249755,2436970,0,,single
1791249756,3749330,2,,single
1791249757,4400190,0,,single
1791249759,1756100,0,,single
1791249760,3956070,2,,single
1791249762,4488930,5,,single
1791249763,3937230,1,,single
1791249765,3830560,2,,single
1791249766,3081000,3,,single
1791249768,2373260,0,,single
1791249769,4576620,2,,single
1791249770,3180410,3,,single
1791249772,3671850,2,,single
1791249773,3179050,1,,single
1791249775,3268150,0,,single
1791249776,4169070,0,,single
1791249777,3585460,29,,single
1791249779,4118140,8,,single
1791249780,2466130,0,,single
1791249781,4233940,1,,single
1791249783,3691430,0,,single
1791249784,4289560,22,,single
1791249786,2387040,3,,single
1791249787,3891620,1,,single
1791249788,4231470,0,,single
1791249790,3555500,0,,single
1791249791,2967670,4,,single
1791249793,1989120,2,,single
1791249794,2103950,5,,single
1791249795,4504460,0,,single
1791249797,3779390,2,,single
1791249798,3787340,2,,single
1791249800,4314430,0,,single
1791249801,4118810,1,,single
1791249803,3923750,3,,single
1791249804,3843360,1,,single
1791249805,3918970,3,,single
1791249807,3743410,0,,single
1791249808,2488290,1,,single
1791249810,4204940,4,,single
1791249811,4289020,10,,single
1791249813,4262720,0,,single
1791249814,4011790,0,,single
1791249815,4016550,0,,single
1791249818,4435150,1,,single
1791249820,4238620,2,,single
1791249822,3172760,0,,single
1791249823,2805260,0,,single
1791249825,4173810,0,,single
1791249826,4366250,10,,single
1791249827,4247070,0,,single
1791249829,3578460,0,,single
1791249830,3009310,5,,single
1791249832,2376610,2,,single
1791249833,2742280,5,,single
1791249834,2488540,2,,single
1791249836,2480100,1,,single
1791249837,3889480,0,,single
1791249839,4347800,10,,single
1791249840,3823950,0,,single
1791249842,4028160,0,,single
1791249843,3941820,0,,single
1791249844,4189880,3,,single
1791249846,1580820,12,,single
1791249847,2085310,0,,single
1791249849,4299770,0,,single
1791249850,2525880,3,,single
1791249851,4324040,13,,single
1791249853,4179660,2,,single
1791249854,4158040,1,,single
1791249856,2743780,7,,single
1791249857,3991700,8,,single
1791249859,2873060,26,,single
1791249860,3363040,0,,single
1791249861,1097410,107,,single
1791249863,4302270,1,,single
1791249864,4280100,2,,single
1791249866,4366260,2,,single
1791249867,2272590,1,,single
1791249869,4346760,1,,single
1791249871,3514630,0,,single
1791249872,3562830,0,,single
1791249874,2707870,6,,single
1791249875,3473250,10,,single
1791249877,3367030,2,,single
1791249878,4148730,4,,single
1791249880,2263250,0,,single
1791249881,4052500,0,,single
1791249883,1776790,2,,single
1791249884,3731580,24,,single
1791249885,3155010,6,,single
1791249887,1727590,0,,single
1791249889,3537950,3,,single
1791249891,3867230,1,,single
1791249892,3636060,3,,single
1791249894,3606690,0,,single
1791249895,3981950,1,,single
1791249896,1858950,2,,single
1791249898,2201620,3,,single
1791249899,4204360,1,,single
1791249901,3543120,0,,single
1791249905,4291360,1,,single
1791249906,3504580,0,,single
1791249908,4015080,0,,single
1791249910,3310000,0,,single
1791249911,3667150,1,,single
1791249913,3764490,0,,single
1791249914,3576360,0,,single
1791249916,1858810,0,,single
1791249917,3953120,0,,single
1791249918,3719580,1,,single
1791249920,4240280,1,,single
1791249921,3603530,0,,single
1791249923,3850610,1,,single
1791249924,3883070,0,,single
1791249926,3459100,2,,single
1791249927,4057050,4,,single
1791249928,3399290,2,,single
1791249930,3350190,0,,single
1791249931,3743090,1,,single
1791249933,1934870,0,,single
1791249934,2841320,0,,single
1791249935,3952640,2,,single
1791249937,4209630,2,,single
1791249938,4092670,1,,single
1791249940,3444630,5,,single
1791249941,4046950,0,,single
1791249943,3530160,0,,single
1791249944,3569950,0,,single
1791249945,3025160,0,,single
1791249947,1558800,1,,single
1791249948,4152310,1,,single
1791249950,3479050,1,,single
1791249951,3390980,0,,single
1791249953,4161930,0,,single
1791249954,3284780,8,,single
1791249955,3065870,0,,single
1791249957,3389720,0,,single
1791249958,3802600,1,,single
1791249960,3036800,1,,single
1791249961,3991720,5,,single
1791249962,2924510,1,,single
1791249964,3916540,2,,single
1791249965,4093400,1,,single
1791249967,4227950,0,,single
1791249968,3879850,3,,single
1791249969,3693720,0,,single
1791249971,3133020,2,,single
1791249972,3989250,2,,single
1791249974,4139830,3,,single
1791249975,4078290,0,,single
1791249977,3495110,1,,single
1791249978,4059780,4,,single
1791249980,3814680,4,,single
1791249981,3047510,5,,single
1791249983,2165140,4,,single
1791249984,2610880,1,,single
1791249986,3170580,5,,single
1791249987,2607870,2,,single
1791249989,1793330,0,,single
1791249990,2661160,2,,single
1791249992,2895440,1,,single
1791249993,3813570,0,,single
1791249995,4122730,0,,single
1791249996,3952930,1,,single
1791249997,3978250,6,,single
1791249999,3905510,0,,single
1791250000,2453840,1,,single
1791250001,3656660,1,,single
1791250003,4061130,28,,single
1791250004,3970920,0,,single
1791250006,1976860,2,,single
1791250007,3146120,0,,single
1791250009,2113350,4,,single
1791250010,2201910,0,,single
1791250012,3092260,2,,single
1791250013,1885930,2,,single
1791250014,3365050,26,,single
1791250016,3448760,4,,single
1791250017,3740360,1,,single
1791250019,4085250,0,,single
1791250021,3885520,1,,single
1791250022,3072620,1,,single
1791250024,3868630,1,,single
1791250025,3360890,5,,single
1791250027,3988670,0,,single
1791250028,3915200,0,,single
1791250029,2671450,0,,single
1791250031,4024600,2,,single
1791250032,3749430,1,,single
1791250034,3970660,0,,single
1791250035,3865340,1,,single
1791250037,3521270,0,,single
1791250038,3875850,0,,single
1791250040,4114590,2,,single
1791250041,4154280,8,,single
1791250043,3400050,0,,single
1791250044,3367600,0,,single
1791250046,4059530,0,,single
1791250047,3737990,0,,single
1791250049,4107470,1,,single
1791250050,3649490,2,,single
1791250052,3773590,1,,single
1791250053,2339330,0,,single
1791250055,2482250,5,,single
1791250056,1105330,0,,single
1791250058,3979300,4,,single
1791250059,3817850,6,,single
1791250061,3942610,9,,single
1791250062,3882020,13,,single
1791250064,3739670,96,,single
1791250065,2142300,2,,single
1791250067,3653600,4,,single
1791250068,3890400,0,,single
1791250070,3754430,3,,single
1791250071,1272290,3,,single
1791250073,3391420,0,,single
1791250075,3956170,1,,single
1791250076,3290390,1,,single
1791250077,2433850,2,,single
1791250079,4003010,0,,single
1791250080,3183410,2,,single
1791250082,3946750,2,,single
1791250083,1271150,3,,single
1791250084,3808860,0,,single
1791250086,3547420,0,,single
1791250087,4021380,0,,single
1791250089,3982130,0,,single
1791250090,3523690,0,,single
1791250092,3595460,1,,single
1791250093,1983830,1,,single
1791250095,3328180,3,,single
1791250096,3362180,2,,single
1791250097,1794880,2,,single
1791250099,3075150,1,,single
1791250100,3699690,0,,single
1791250102,3894590,1,,single
1791250103,3010290,3,,single
1791250105,3520030,0,,single
1791250106,3656680,0,,single
1791250109,3443080,0,,single
1791250110,2052160,2,,single
1791250112,2027380,0,,single
1791250113,3641420,6,,single
1791250115,3811420,59,,single
1791250116,3469230,2,,single
1791250119,1811330,0,,single
1791250121,3670140,23,,single
1791250122,3918960,0,,single
1791250124,2619240,0,,single
1791250125,3219190,3,,single
1791250127,3807570,0,,single
1791250128,3229260,1,,single
1791250129,3490890,0,,single
1791250131,1642870,9,,single
1791250132,3921850,1,,single
1791250134,3932880,6,,single
1791250136,2103090,0,,single
1791250137,1934720,1,,single
1791250138,1841190,0,,single
1791250140,3084740,0,,single
1791250141,3426090,0,,single
1791250143,1670920,1,,single
1791250144,2927000,0,,single
1791250146,3454570,0,,single
1791250149,3803780,2,,single
1791250150,3874050,0,,single
1791250152,3707370,0,,single
1791250154,3808550,4,,single
1791250155,2201500,0,,single
1791250157,3531990,1,,single
1791250158,2539310,0,,single
1791250159,3628580,1,,single
1791250161,2906270,1,,single
1791250162,3218790,0,,single
1791250164,3167280,0,,single
1791250165,2451310,7,,single
1791250168,3269600,1,,single
1791250169,3362660,2,,single
1791250171,3054950,3,,single
1791250172,1447820,1,,single
1791250173,3540830,2,,single
1791250175,3080530,0,,single
1791250176,2810550,0,,single
1791250178,3208110,1,,single
1791250179,2322450,0,,single
1791250181,3790650,2,,single
1791250182,3153020,0,,single
1791250184,3406620,2,,single
1791250185,3592510,2,,single
1791250186,3721180,0,,single
1791250188,3721490,1,,single
1791250189,1820620,13,,single
1791250191,3823490,0,,single
1791250192,3843830,0,,single
1791250194,3003050,2,,single
1791250195,3044220,1,,single
1791250197,3762650,0,,single
1791250198,3688790,34,,single
1791250199,1151990,1,,single
1791250201,2343610,0,,single
1791250202,3445800,1,,single
1791250204,1569240,0,,single
1791250205,3918190,2,,single
1791250207,3890170,4,,single
1791250208,3648240,0,,single
1791250209,2940000,4,,single
1791250211,3816550,1,,single
1791250212,3820630,1,,single
1791250216,1987400,0,,single
1791250217,3186120,0,,single
1791250219,3780060,3,,single
1791250220,3326660,1,,single
1791250222,2973830,6,,single
1791250223,1624190,0,,single
1791250225,3038290,0,,single
1791250226,3084260,0,,single
1791250227,3637730,1,,single
1791250229,3680900,3,,single
1791250230,3445830,0,,single
1791250232,3449030,0,,single
1791250233,3612480,5,,single
1791250235,1928080,0,,single
1791250236,3772330,1,,single
1791250238,3183220,1,,single
1791250239,3125750,3,,single
1791250241,2842430,0,,single
1791250242,3868720,6,,single
1791250244,3401920,0,,single
1791250245,3782920,3,,single
1791250246,3264170,0,,single
1791250248,3807970,0,,single
1791250249,3561800,1,,single
1791250251,3391190,1,,single
1791250252,3823450,0,,single
1791250254,3639520,2,,single
1791250255,3618200,0,,single
1791250257,3424920,2,,single
1791250258,3354260,2,,single
1791250260,2058030,2,,single
1791250261,1002260,0,,single
1791250263,2435870,0,,single
1791250264,3448750,0,,single
1791250265,2343880,0,,single
1791250267,3612640,2,,single
1791250268,3346820,0,,single
1791250270,3720950,0,,single
1791250271,3659990,0,,single
1791250273,3512250,1,,single
1791250274,2613480,3,,single
1791250276,3158990,3,,single
1791250277,3399920,0,,single
1791250279,3230090,3,,single
1791250280,3197060,1,,single
1791250281,3554450,0,,single
1791250283,2497170,2,,single
1791250284,3446960,0,,single
1791250286,3620000,6,,single
1791250287,1644750,0,,single
1791250288,3601190,2,,single
1791250290,3441450,7,,single
1791250291,2623040,0,,single
1791250293,3395500,0,,single
1791250294,3741350,0,,single
1791250296,1885380,0,,single
1791250297,3665800,0,,single
1791250298,3646650,0,,single
1791250301,3410640,2,,single
1791250302,3683690,2,,single
1791250304,2799350,9,,single
1791250305,3362120,0,,single
1791250307,3183730,0,,single
1791250308,3627340,0,,single
1791250310,3383430,1,,single
1791250311,3352180,20,,single
1791250312,2828490,0,,single
1791250314,1779030,0,,single
1791250315,3408060,0,,single
1791250317,3366710,2,,single
1791250318,3425890,3,,single
1791250320,3138170,0,,single
1791250321,2851110,0,,single
1791250323,3383700,3,,single
1791250324,3500640,0,,single
1791250325,3400520,0,,single
1791250327,3263710,0,,single
1791250328,3072000,25,,single
1791250330,3446850,0,,single
1791250331,2254410,0,,single
1791250333,2767950,0,,single
1791250334,3057290,4,,single
1791250335,3349850,0,,single
1791250337,2948310,0,,single
1791250338,2885620,0,,single
1791250340,3133180,2,,single
1791250341,3356740,3,,single
1791250343,3017110,4,,single
1791250344,1745680,4,,single
1791250345,3306780,4,,single
1791250347,3222850,2,,single
1791250348,2485910,0,,single
1791250350,2067310,0,,single
1791250351,2809820,0,,single
1791250352,2191680,0,,single
1791250354,3034520,2,,single
1791250355,3230020,1,,single
1791250357,3090870,1,,single
1791250358,2999510,0,,single
1791250360,3136030,0,,single
1791250361,2945900,1,,single
1791250363,3172790,0,,single
1791250364,3076620,31,,single
1791250366,3070830,80,,single
1791250367,3141480,11,,single
1791250368,3101720,1,,single
1791250370,2983260,0,,single
1791250371,2487680,78,,single
1791250373,2545650,1,,single
1791250374,3118290,1,,single
1791250376,2940120,2,,single
1791250377,3088770,95,,single
1791250379,3060080,76,,single
1791250380,2921870,2,,single
1791250382,3066230,76,,single
1791250383,3083200,74,,single
1791250384,3097670,58,,single
1791250386,3101620,1,,single
1791250387,2744230,0,,single
1791250389,3057940,67,,single
1791250390,3056550,48,,single
1791250392,3067770,75,,single
1791250393,3095590,69,,single
1791250395,3066830,72,,single
1791250397,3064010,77,,single
1791250398,3077280,76,,single
1791250399,3069620,63,,single
1791250401,3073460,69,,single
1791250403,3073720,6,,single
1791250404,2837280,0,,single
1791250405,3077360,87,,single
1791250407,3072100,0,,single
1791250409,1587070,80,,single
1791250410,3059220,70,,single
1791250412,2999090,0,,single
1791250413,3058790,85,,single
1791250415,3067650,82,,single
1791250417,2995230,2,,single
1791250420,3022740,93,,single
1791250421,2899890,24,,single
1791250423,3033660,1,,single
1791250424,3015120,0,,single
1791250425,2015950,0,,single
1791250427,1120400,2,,single
1791250428,2514680,0,,single
1791250430,2953230,79,,single
1791250431,2719830,3,,single
1791250433,2830720,26,,single
1791250435,2056090,0,,single
1791250437,2901290,5,,single
1791250439,2714210,0,,single
1791250440,2847250,0,,single
1791250442,2511180,4,,single
1791250443,2726240,1,,single
1791250445,2776290,4,,single
1791250446,2425580,0,,single
1791250448,2374660,1,,single
1791250449,2741110,3,,single
1791250450,2399370,0,,single
1791250452,2723460,2,,single
1791250454,2367650,2,,single
1791250455,2663450,0,,single
1791250457,2779230,0,,single
1791250459,2104670,0,,single
1791250460,823600,2,,single
1791250461,1526540,24,,single
1791250463,2535670,0,,single
1791250464,1987980,1,,single
1791250466,1191260,0,,single
1791250467,2724540,3,,single
1791250468,1001860,0,,single
1791250470,1968820,1,,single
1791250471,2543110,3,,single
1791250473,603350,0,,single
1791250474,1451720,3,,single
1791250476,3495810,4,,single
1791250477,1189680,0,,single
1791250479,2772650,0,,single
1791250480,1558100,0,,single
1791250482,2576040,0,,single
1791250483,565080,0,,single
1791250485,1350250,3,,single
1791250486,427570,0,,single
1791250488,876850,0,,single
1791250489,2469290,2,,single
1791250491,4174910,34,,single
1791250492,605190,0,,single
1791250493,2000160,1,,single
1791250495,3757060,1,,single
1791250496,1067020,1,,single
1791250498,1462520,0,,single
1791250499,2379620,0,,single
1791250501,4293350,13,,single
1791250502,700480,1,,single
1791250504,1696080,0,,single
1791250505,3310950,1,,single
1791250507,738000,1,,single
1791250508,1170940,0,,single
1791250510,1901620,7,,single
1791250511,2854440,0,,single
1791250513,365260,1,,single
1791250514,1067220,2,,single
1791250516,2308360,2,,single
1791250517,3410880,0,,single
1791250520,642650,4,,single
1791250521,1156250,0,,single
1791250523,3230990,16,,single
1791250524,4218020,0,,single
1791250525,1883570,1,,single
1791250528,3597000,1,,single
1791250530,1262910,1,,single
1791250531,1723790,4,,single
1791250533,2090370,2,,single
1791250534,2328740,1,,single
1791250536,3078950,1,,single
1791250537,3570940,2,,single
1791250539,432290,0,,single
1791250540,858630,1,,single
1791250542,1097480,1,,single
1791250543,1700550,1,,single
1791250544,1918540,7,,single
1791250546,2126870,1,,single
1791250547,3874470,2,,single
1791250549,931950,4,,single
1791250550,1189780,0,,single
1791250552,1530770,0,,single
1791250553,1939940,1,,single
1791250555,3192290,1,,single
1791250556,63650,0,,single
1791250558,1462150,1,,single
1791250559,1879640,4,,single
1791250560,2088670,0,,single
1791250562,3626750,2,,single
1791250563,942050,1,,single
1791250565,1250560,0,,single
1791250567,1648560,0,,single
1791250568,2588590,0,,single
1791250569,3381010,1,,single
1791250571,410990,9,,single
1791250572,2478730,6,,single
1791250574,3845630,7,,single
1791250575,544600,0,,single
1791250577,819630,0,,single
1791250578,1383680,1,,single
1791250580,1692700,2,,single
1791250581,2431690,1,,single
1791250583,628720,0,,single
1791250584,1267310,0,,single
1791250586,2261240,0,,single
1791250587,352130,0,,single
1791250589,745000,0,,single
1791250590,1188260,2,,single
1791250592,1643180,0,,single
1791250593,2404800,0,,single
1791250595,2685810,2,,single
1791250596,4110220,48,,single
1791250598,541450,2,,single
1791250600,931560,0,,single
1791250601,1265220,3,,single
1791250603,3172290,1,,single
1791250604,421630,1,,single
1791250605,1133330,0,,single
1791250607,3824080,1,,single
1791250608,577970,0,,single
1791250609,623640,1,,single
1791250611,1128260,0,,single
1791250612,1457640,3,,single
1791250614,1892700,2,,single
1791250615,2020520,3,,single
1791250617,2579840,7,,single
1791250618,610900,0,,single
1791250620,1288920,1,,single
1791250622,1706340,9,,single
1791250623,2015700,0,,single
1791250625,2749270,3,,single
1791250626,1290880,0,,single
1791250627,2373340,0,,single
1791250629,514700,3,,single
1791250630,978960,24,,single
1791250632,1373440,8,,single
1791250633,1859990,3,,single
1791250635,2086970,0,,single
1791250636,3114500,4,,single
1791250638,3870580,0,,single
1791250639,789950,0,,single
1791250640,1533470,0,,single
1791250642,2174320,18,,single
1791250644,2994260,7,,single
1791250645,368000,0,,single
1791250646,551550,0,,single
1791250648,795510,2,,single
1791250650,881490,2,,single
1791250652,1512390,0,,single
1791250653,2066460,0,,single
1791250654,2304170,1,,single
1791250656,2710970,9,,single
1791250657,3263380,9,,single
1791250659,628660,3,,single
1791250660,1389840,0,,single
1791250662,1552730,0,,single
1791250663,2278010,1,,single
1791250664,2470860,5,,single
1791250666,3427420,0,,single
1791250667,620700,0,,single
1791250669,1042020,0,,single
1791250670,1367320,7,,single
1791250671,1465950,0,,single
1791250673,1825740,0,,single
1791250675,2114970,1,,single
1791250676,2820590,0,,single
1791250685,3607470,1,,single
1791250686,40320,0,,single
1791250688,502240,0,,single
1791250689,632800,0,,single
1791250691,1117310,3,,single
1791250692,1507410,5,,single
1791250693,2182690,2,,single
1791250695,3160880,4,,single
1791250697,712010,0,,single
1791250698,1136020,0,,single
1791250699,1602930,2,,single
1791250701,2320500,0,,single
1791250702,3004470,4,,single
1791250704,4240580,0,,single
1791250705,1424350,2,,single
1791250707,2091510,0,,single
1791250709,2394350,4,,single
1791250710,4588700,17,,single
1791250712,751450,0,,single
1791250714,1178150,0,,single
1791250716,1640160,1,,single
1791250718,1791120,3,,single
1791250720,2430160,0,,single
1791250722,277650,0,,single
1791250723,672710,1,,single
1791250725,1005450,2,,single
1791250726,1860760,0,,single
1791250728,2089060,8,,single
1791250729,3424900,1,,single
1791250731,65400,1,,single
1791250732,993340,0,,single
1791250734,1825210,0,,single
1791250735,2020500,1,,single
1791250737,2316400,0,,single
1791250738,372960,0,,single
1791250740,951480,1,,single
1791250741,1316390,3,,single
1791250743,1639230,0,,single
1791250744,2470130,0,,single
1791250745,4071460,2,,single
1791250747,445800,0,,single
1791250748,992050,0,,single
1791250750,1126890,1,,single
1791250752,1478970,2,,single
1791250753,2084720,4,,single
1791250755,2389010,0,,single
1791250756,10460,0,,single
1791250757,658530,0,,single
1791250759,968820,0,,single
1791250760,1458300,1,,single
1791250762,2143050,0,,single
1791250763,2328780,0,,single
1791250765,3249050,1,,single
1791250766,4580600,19,,single
1791250767,444130,4,,single
1791250769,821390,0,,single
1791250770,2118500,2,,single
1791250772,2467190,10,,single
1791250774,3455450,6,,single
1791250775,374520,0,,single
1791250777,628030,4,,single
1791250778,1224030,0,,single
1791250780,1760240,0,,single
1791250781,97120,8,,single
1791250783,1452070,0,,single
1791250785,1861230,0,,single
1791250787,2415470,2,,single
1791250788,2714600,0,,single
1791250790,311060,0,,single
1791250791,603400,0,,single
1791250793,1053170,12,,single
1791250795,1860120,0,,single
1791250796,2311820,2,,single
1791250798,3472100,0,,single
1791250800,311040,1,,single
1791250801,476920,0,,single
1791250803,742700,57,,single
1791250804,1064860,0,,single
1791250806,1521160,5,,single
1791250807,1685730,0,,single
1791250809,2487130,0,,single
1791250810,4040840,19,,single
1791250811,51000,5,,single
1791250813,295630,4,,single
1791250814,723450,0,,single
1791250815,1169490,0,,single
1791250817,1569180,1,,single
1791250818,1944850,0,,single
1791250820,2489370,0,,single
1791250821,4449070,0,,single
1791250823,362780,0,,single
1791250824,593700,0,,single
1791250825,1071330,0,,single
1791250827,1302590,1,,single
1791250828,1920400,0,,single
1791250830,3182330,0,,single
1791250831,389850,0,,single
1791250833,559070,0,,single
1791250834,674150,0,,single
1791250836,1132720,0,,single
1791250837,1315680,7,,single
1791250839,1728520,2,,single
1791250840,2442400,0,,single
1791250842,2807490,0,,single
1791250843,345080,1,,single
1791250845,549170,0,,single
1791250846,685950,1,,single
1791250848,1076620,3,,single
1791250849,1352680,0,,single
1791250851,1983700,9,,single
1791250852,5086560,19,,single
1791250854,4964580,487,,single
1791250855,3115490,3,,single
1791250856,3681780,11,,single
1791250858,3664090,21,,single
1791250859,2536650,0,,single
1791250861,3006900,0,,single
1791250862,4518170,4,,single
1791250863,353630,1,,single
1791250865,573790,1,,single
1791250867,763710,0,,single
1791250868,1450650,0,,single
1791250870,2256790,0,,single
1791250871,2889290,0,,single
1791250873,467850,0,,single
1791250874,1004860,1,,single
1791250876,1153540,0,,single
1791250877,1449330,0,,single
1791250879,1551520,0,,single
1791250880,1952520,15,,single
1791250881,2251120,0,,single
1791250883,2901060,5,,single
1791250885,3982450,0,,single
1791250886,302180,0,,single
1791250888,354740,2,,single
1791250889,661960,1,,single
1791250891,1306780,1,,single
1791250892,1657880,8,,single
1791250894,2298610,1,,single
1791250895,4013320,0,,single
1791250896,305780,0,,single
1791250898,464080,1,,single
1791250899,1127390,3,,single
1791250901,1221240,0,,single
1791250902,1419480,0,,single
1791250904,1770460,0,,single
1791250905,2119660,8,,single
1791250906,2352040,0,,single
1791250908,3164640,2,,single
1791250909,46280,0,,single
1791250911,540780,1,,single
1791250912,1141320,0,,single
1791250914,1265850,0,,single
1791250915,1574910,2,,single
1791250917,2543770,2,,single
1791250918,3084810,4,,single
1791250919,4945040,2,,single
1791250921,327390,1,,single
1791250923,541380,1,,single
1791250924,631660,0,,single
1791250925,1094720,0,,single
1791250927,1346400,1,,single
1791250928,1571220,0,,single
1791250932,1903730,0,,single
1791250933,2161450,1,,single
1791250935,2554670,24,,single
1791250936,4141040,1,,single
1791250937,867120,1,,single
1791250939,1337590,0,,single
1791250940,1914750,1,,single
1791250942,2430380,2,,single
1791250943,3282670,2,,single
1791250944,286750,2,,single
1791250946,375220,0,,single
1791250947,590670,0,,single
1791250949,749850,2,,single
1791250950,1424630,0,,single
1791250952,1975340,0,,single
1791250953,2303740,11,,single
1791250955,2949720,1,,single
1791250956,348300,5,,single
1791250959,644710,11,,single
1791250960,769550,0,,single
1791250962,1266560,1,,single
1791250963,1605290,5,,single
1791250965,1868020,2,,single
1791250966,2507840,0,,single
1791250968,3439830,2,,single
1791250970,327950,0,,single
1791250971,526980,0,,single
1791250973,701420,0,,single
1791250974,921530,0,,single
1791250976,1413580,3,,single
1791250977,1770380,1,,single
1791250979,1904160,17,,single
1791250980,2341920,5,,single
1791250981,279900,0,,single
1791250983,607820,2,,single
1791250984,1031020,2,,single
1791250986,1557410,0,,single
1791250987,2176320,0,,single
1791250988,3960410,1,,single
1791250990,302350,2,,single
1791250991,489260,0,,single
1791250992,557030,0,,single
1791250994,979310,0,,single
1791250995,1872040,1,,single
1791250997,2222200,1,,single
1791250998,3669040,16,,single
1791250999,270830,0,,single
1791251001,554750,0,,single
1791251002,845030,2,,single
1791251004,1455450,0,,single
1791251005,1815010,0,,single
1791251007,2082540,22,,single
1791251009,2153610,20,,single
1791251010,2413570,5,,single
1791251012,2694600,1,,single
1791251013,3832120,18,,single
1791251015,3340,2,,single
1791251017,587970,0,,single
1791251020,1187130,0,,single
1791251021,1500650,0,,single
1791251023,1965370,0,,single
1791251024,4144580,6,,single
1791251026,425240,0,,single
1791251027,1081650,0,,single
1791251029,1294880,0,,single
1791251031,1681480,0,,single
1791251032,2328980,0,,single
1791251034,3198360,1,,single
1791251035,3894300,1,,single
1791251037,486810,1,,single
1791251048,561440,1,,single
1791251049,942010,0,,single
1791251051,1340120,0,,single
1791251052,1796410,0,,single
1791251054,2631210,7,,single
1791251055,3430330,1,,single
1791251057,210230,5,,single
1791251058,360600,0,,single
1791251059,557580,1,,single
1791251061,808090,1,,single
1791251062,986350,0,,single
1791251064,1435780,2,,single
1791251065,1694290,2,,single
1791251067,1904610,10,,single
1791251068,2424240,3,,single
1791251070,4782460,0,,single
1791251071,422760,1,,single
1791251072,588290,0,,single
1791251074,863980,0,,single
1791251075,1285560,1,,single
1791251077,1497230,1,,single
1791251078,1888300,6,,single
1791251080,2633890,0,,single
1791251081,3172330,1,,single
1791251083,564210,2,,single
1791251084,813650,0,,single
1791251086,830590,0,,single
1791251087,1367040,0,,single
1791251089,1732390,1,,single
1791251090,2000760,3,,single
1791251091,2421320,0,,single
1791251093,49000,7,,single
1791251094,499910,1,,single
1791251096,539280,1,,single
1791251097,938310,1,,single
1791251098,1092000,0,,single
1791251100,1446160,1,,single
1791251102,1785420,1,,single
1791251104,1876560,0,,single
1791251106,16130,5,,single
1791251107,694370,0,,single
1791251108,762930,0,,single
1791251110,1237040,2,,single
1791251111,1490980,2,,single
1791251113,1671590,2,,single
1791251114,2178100,5,,single
1791251116,2430360,6,,single
1791251117,4450550,2,,single
1791251118,397750,1,,single
1791251120,675810,0,,single
1791251121,783180,0,,single
1791251123,957070,0,,single
1791251124,1234550,0,,single
1791251126,1843880,6,,single
1791251127,2009650,1,,single
1791251129,2962400,8,,single
1791251130,318570,0,,single
1791251132,435970,0,,single
1791251134,1069390,0,,single
1791251135,1306790,0,,single
1791251136,1638340,0,,single
1791251138,2474690,0,,single
1791251139,2686320,1,,single
1791251141,328920,2,,single
1791251142,446590,0,,single
1791251144,674190,6,,single
1791251145,923890,0,,single
1791251147,1260670,0,,single
1791251148,1383700,0,,single
1791251149,1641010,0,,single
1791251151,2106050,0,,single
1791251152,2183320,0,,single
1791251154,2402200,1,,single
1791251155,2493560,4,,single
1791251156,2720700,6,,single
1791251158,3759320,0,,single
1791251160,349440,0,,single
1791251161,432190,1,,single
1791251162,595550,4,,single
1791251164,654500,0,,single
1791251166,965010,0,,single
1791251167,1014810,0,,single
1791251169,1148450,0,,single
1791251170,1545830,0,,single
1791251171,2075050,0,,single
1791251173,2497210,0,,single
1791251174,3246450,0,,single
1791251176,5070160,137,,single
1791251177,254920,2,,single
1791251178,320650,0,,single
1791251180,576650,1,,single
1791251182,1413980,1,,single
1791251183,1629910,2,,single
1791251184,2020530,5,,single
1791251186,2174720,1,,single
1791251187,3551620,15,,single
1791251189,378030,1,,single
1791251190,645720,0,,single
1791251192,918670,0,,single
1791251193,980210,0,,single
1791251195,1210550,2,,single
1791251196,1506760,0,,single
1791251197,1706870,6,,single
1791251199,1825160,0,,single
1791251200,2112380,0,,single
1791251202,2392160,0,,single
1791251203,3250980,0,,single
1791251205,3910920,8,,single
1791251206,4458730,5,,single
1791251208,546550,0,,single
1791251209,673060,0,,single
1791251210,746620,2,,single
1791251212,1631860,0,,single
1791251213,2353850,4,,single
1791251215,4257850,0,,single
1791251216,10140,0,,single
1791251218,485760,0,,single
1791251219,618750,0,,single
1791251220,822040,1,,single
1791251222,1233530,0,,single
1791251223,1369720,0,,single
1791251225,1692060,0,,single
1791251226,2301850,3,,single
1791251228,2988290,1,,single
1791251229,468240,0,,single
1791251231,681530,0,,single
1791251232,916350,3,,single
1791251234,970300,0,,single
1791251235,1551540,0,,single
1791251236,1809530,6,,single
1791251238,2086380,0,,single
1791251239,2618370,0,,single
1791251241,3508760,1,,single
1791251242,274010,0,,single
1791251244,377070,1,,single
1791251245,521790,0,,single
1791251246,979400,1,,single
1791251248,1097790,1,,single
1791251249,1544460,0,,single
1791251251,1901780,0,,single
1791251252,2432040,1,,single
1791251254,327380,0,,single
1791251255,438560,0,,single
1791251257,628170,5,,single
1791251258,893840,1,,single
1791251260,1604300,0,,single
1791251261,1937620,1,,single
1791251262,2260930,0,,single
1791251264,2432930,5,,single
1791251265,544710,2,,single
1791251267,965640,5,,single
1791251268,1039360,2,,single
1791251270,1418540,2,,single
1791251271,1534260,0,,single
1791251273,1654810,1,,single
1791251274,1952540,2,,single
1791251275,2244880,3,,single
1791251277,2489650,0,,single
1791251278,4518040,1,,single
1791251280,671650,0,,single
1791251281,907820,0,,single
1791251283,1307780,0,,single
1791251284,1617480,0,,single
1791251286,2618920,1,,single
1791251287,416360,1,,single
1791251289,557190,0,,single
1791251290,668360,1,,single
1791251292,1198860,0,,single
1791251293,1377920,1,,single
1791251295,1816950,2,,single
1791251296,2302160,6,,single
1791251298,4280130,2,,single
1791251299,322950,1,,single
1791251300,445040,1,,single
1791251302,622830,1,,single
1791251303,1030310,0,,single
1791251305,1158010,0,,single
1791251306,1276750,0,,single
1791251308,1489110,0,,single
1791251310,1907350,0,,single
1791251311,2166470,1,,single
1791251312,2253970,0,,single
1791251314,3028150,0,,single
1791251315,42200,2,,single
1791251317,297570,0,,single
1791251320,412660,0,,single
1791251321,603930,1,,single
1791251323,1518820,1,,single
1791251324,2027000,0,,single
1791251325,2189420,0,,single
1791251327,2478020,2,,single
1791251328,3835980,11,,single
1791251330,513480,0,,single
1791251331,623070,3,,single
1791251333,957820,0,,single
1791251334,1159680,1,,single
1791251336,1415320,0,,single
1791251337,2058200,0,,single
1791251339,3098050,5,,single
1791251340,240360,0,,single
1791251342,464650,4,,single
1791251343,604510,0,,single
1791251345,925550,0,,single
1791251346,1202280,1,,single
1791251348,1442840,0,,single
1791251349,1712950,0,,single
1791251351,1849360,1,,single
1791251352,2019380,5,,single
1791251354,2127430,1,,single
1791251355,2658650,1,,single
1791251356,4145320,3,,single
1791251358,337760,4,,single
1791251359,402210,0,,single
1791251361,590370,0,,single
1791251362,917740,0,,single
1791251364,1011420,0,,single
1791251365,1388230,0,,single
1791251366,1980980,0,,single
1791251368,2217740,0,,single
1791251369,3291310,3,,single
1791251371,326630,0,,single
1791251372,494100,0,,single
1791251374,801040,0,,single
1791251375,913160,0,,single
1791251377,1015750,0,,single
1791251378,1204220,0,,single
1791251379,1293540,1,,single
1791251381,1650860,1,,single
1791251382,1997420,0,,single
1791251384,2062690,0,,single
1791251385,2685610,1,,single
1791251387,3470480,0,,single
1791251388,4272540,3,,single
1791251390,438010,0,,single
1791251391,533180,4,,single
1791251393,1138440,1,,single
1791251394,1590750,0,,single
1791251395,1830780,0,,single
1791251397,2219190,1,,single
1791251398,2614720,1,,single
1791251400,3214690,0,,single
1791251401,276360,1,,single
1791251403,503450,0,,single
1791251404,646470,2,,single
1791251406,1304770,0,,single
1791251407,1778330,0,,single
1791251408,1930580,0,,single
1791251410,3420,2,,single
1791251411,37280,7,,single
1791251413,356000,1,,single
1791251414,722920,4,,single
1791251416,973800,0,,single
1791251417,1309860,1,,single
1791251418,1595050,0,,single
1791251420,1747330,1,,single
1791251422,1942120,3,,single
1791251423,2249040,1,,single
1791251425,2437690,4,,single
1791251426,3306920,5,,single
1791251427,317380,0,,single
1791251430,949800,0,,single
1791251431,1145030,1,,single
1791251433,1383640,2,,single
1791251434,2421300,0,,single
1791251435,2565960,2,,single
1791251437,2701750,0,,single
1791251438,218020,1,,single
1791251440,363240,2,,single
1791251441,555920,0,,single
1791251443,662230,0,,single
1791251444,947890,1,,single
1791251445,1237070,0,,single
1791251447,1521930,1,,single
1791251448,1604020,1,,single
1791251450,2347740,0,,single
1791251451,2424810,0,,single
1791251453,2696200,1,,single
1791251454,4293360,0,,single
1791251455,337460,2,,single
1791251457,503650,0,,single
1791251458,588930,0,,single
1791251460,850230,0,,single
1791251461,1541790,0,,single
1791251462,1698670,2,,single
1791251464,1884300,1,,single
1791251465,2176930,1,,single
1791251467,2603040,1,,single
1791251468,3294590,1,,single
1791251469,4761320,2,,single
1791251471,460220,0,,single
1791251472,546410,1,,single
1791251474,924800,0,,single
1791251476,1748300,1,,single
1791251477,1997250,0,,single
1791251479,4651910,2,,single
1791251480,548680,0,,single
1791251482,699540,0,,single
1791251483,1328910,0,,single
1791251484,1491510,1,,single
1791251486,1861490,0,,single
1791251487,2019990,1,,single
1791251489,2293700,3,,single
1791251490,2890890,1,,single
1791251492,3460,0,,single
1791251493,311840,0,,single
1791251494,433920,4,,single
1791251496,656460,1,,single
1791251498,814030,0,,single
1791251499,987850,0,,single
1791251501,1266680,0,,single
1791251502,1714190,1,,single
1791251504,2377110,0,,single
1791251505,3646510,1,,single
1791251506,395920,1,,single
1791251508,541190,1,,single
1791251509,689710,0,,single
1791251511,885120,0,,single
1791251512,1084220,0,,single
1791251514,1257860,0,,single
1791251515,1589490,0,,single
1791251516,2012440,0,,single
1791251518,2383760,0,,single
1791251519,3085780,0,,single
1791251521,3718990,0,,single
1791251523,368290,1,,single
1791251524,527240,0,,single
1791251526,859350,0,,single
1791251527,1100170,1,,single
1791251529,1331670,0,,single
1791251530,1673090,0,,single
1791251532,2321860,8,,single
1791251533,2680840,0,,single
1791251534,3949720,0,,single
1791251536,335210,0,,single
1791251537,528640,0,,single
1791251539,1058350,0,,single
1791251540,1272130,4,,single
1791251542,1647390,0,,single
1791251543,1981160,1,,single
1791251545,2129670,0,,single
1791251546,3213010,3,,single
1791251547,4307360,1,,single
1791251549,402980,1,,single
1791251551,916040,0,,single
1791251552,1049880,5,,single
1791251554,1209510,0,,single
1791251555,1639210,0,,single
1791251557,1899950,0,,single
1791251558,2391400,6,,single
1791251559,2412150,0,,single
1791251561,229970,1,,single
1791251563,572660,0,,single
1791251564,973240,0,,single
1791251566,1342740,1,,single
1791251567,1701370,18,,single
1791251568,2092130,2,,single
1791251570,2421950,3,,single
1791251571,3266580,1,,single
1791251573,220420,4,,single
1791251574,421260,0,,single
1791251576,623160,0,,single
1791251577,942270,0,,single
1791251578,1412960,0,,single
1791251580,1713720,2,,single
1791251581,1903970,2,,single
1791251583,2074910,0,,single
1791251584,2513490,2,,single
1791251586,3436280,0,,single
1791251587,4657600,5,,single
1791251588,314220,1,,single
1791251590,593740,0,,single
1791251592,809500,0,,single
1791251593,1438190,1,,single
1791251595,1593950,0,,single
1791251596,1866420,4,,single
1791251597,2207070,0,,single
1791251599,2613830,0,,single
1791251600,4093190,2,,single
1791251601,3510,5,,single
1791251603,460230,3,,single
1791251604,644080,1,,single
1791251606,909430,3,,single
1791251607,1122490,0,,single
1791251609,1774220,0,,single
1791251610,2230220,0,,single
1791251612,3026460,0,,single
1791251613,278510,2,,single
1791251615,348450,0,,single
1791251616,513690,1,,single
1791251617,864450,1,,single
1791251620,990900,0,,single
1791251621,1407140,3,,single
1791251623,1582410,0,,single
1791251624,2215540,0,,single
1791251626,2503150,0,,single
1791251627,294690,2,,single
1791251628,497360,1,,single
1791251630,1123190,0,,single
1791251631,1505540,0,,single
1791251633,1740310,2,,single
1791251634,2208620,0,,single
1791251635,2430370,5,,single
1791251637,2680420,1,,single
1791251638,3670880,2,,single
1791251640,339740,0,,single
1791251641,454970,1,,single
1791251643,628130,4,,single
1791251644,849210,0,,single
1791251646,1209330,0,,single
1791251647,2232180,0,,single
1791251649,2500710,3,,single
1791251650,3500,5,,single
1791251651,546070,1,,single
1791251653,743670,4,,single
1791251654,1085260,2,,single
1791251656,1253390,0,,single
1791251657,1401170,1,,single
1791251659,2012100,0,,single
1791251660,2426310,0,,single
1791251662,2709090,3,,single
1791251663,205530,0,,single
1791251665,459680,0,,single
1791251666,858360,0,,single
1791251668,1013650,0,,single
1791251669,1175210,2,,single
1791251670,1561060,1,,single
1791251672,1793800,1,,single
1791251673,2595640,4,,single
1791251674,4484400,2,,single
1791251676,497720,0,,single
1791251678,1173740,0,,single
1791251679,1740230,0,,single
1791251681,2097770,1,,single
1791251682,2293010,0,,single
1791251684,2370740,2,,single
1791251685,3114300,0,,single
1791251687,294280,2,,single
1791251688,462730,0,,single
1791251689,619810,0,,single
1791251691,832770,0,,single
1791251692,1003600,1,,single
1791251694,1304780,0,,single
1791251695,1709870,0,,single
1791251697,2321180,3,,single
1791251698,3119480,0,,single
1791251699,4284680,2,,single
1791251701,386110,348,,single
1791251702,511540,2,,single
1791251704,977840,0,,single
1791251705,1161360,4,,single
1791251706,1645270,0,,single
1791251708,1947950,3,,single
1791251709,2012610,0,,single
1791251711,2630300,0,,single
1791251712,4491190,2,,single
1791251713,302360,1,,single
1791251715,370700,0,,single
1791251716,846050,4,,single
1791251718,1006400,0,,single
1791251719,1346390,1,,single
1791251720,1501320,0,,single
1791251722,1947750,1,,single
1791251724,2144040,0,,single
1791251725,3035310,1,,single
1791251727,292670,0,,single
1791251729,494170,1,,single
1791251730,560760,1,,single
1791251731,765690,1,,single
1791251733,994670,1,,single
1791251734,1279590,1,,single
1791251736,1524350,0,,single
1791251737,1960890,0,,single
1791251739,3990990,2,,single
1791251740,356290,1,,single
1791251741,762480,0,,single
1791251743,1239660,0,,single
1791251744,1483300,1,,single
1791251746,1709180,9,,single
1791251748,1934900,1,,single
1791251749,2418940,0,,single
1791251751,4133970,0,,single
1791251752,552580,0,,single
1791251753,634150,4,,single
1791251755,858050,0,,single
1791251756,1137400,1,,single
1791251757,1286600,0,,single
1791251759,1843110,0,,single
1791251760,2090890,0,,single
1791251762,2311840,0,,single
1791251763,3616960,5,,single
1791251765,351410,0,,single
1791251766,529700,2,,single
1791251767,742150,0,,single
1791251769,1534850,3,,single
1791251770,1616520,1,,single
1791251772,1747900,2,,single
1791251773,2013060,0,,single
1791251774,2366530,1,,single
1791251776,2561500,1,,single
1791251777,3785130,0,,single
1791251779,294700,2,,single
1791251780,354730,0,,single
1791251782,536420,0,,single
1791251783,827610,0,,single
1791251785,1203890,2,,single
1791251786,1792600,0,,single
1791251788,2019360,7,,single
1791251789,2322050,0,,single
1791251790,2503780,1,,single
1791251792,3245420,1,,single
1791251793,266250,0,,single
1791251795,379610,0,,single
1791251796,506260,1,,single
1791251798,993780,3,,single
1791251799,1418180,1,,single
1791251800,1477050,2,,single
1791251802,1714080,0,,single
1791251803,1904530,5,,single
1791251805,2479300,2,,single
1791251806,3488640,1,,single
1791251808,206060,2,,single
1791251809,547930,0,,single
1791251811,876190,0,,single
1791251812,1136440,0,,single
1791251813,1969310,0,,single
1791251815,2269460,3,,single
1791251816,2418000,5,,single
1791251817,3989640,0,,single
1791251819,336780,1,,single
1791251820,767030,0,,single
1791251822,871210,0,,single
1791251823,1241910,2,,single
1791251825,1358810,2,,single
1791251826,1519590,0,,single
1791251828,1681870,0,,single
1791251829,1882420,2,,single
1791251831,2019240,0,,single
1791251832,2685770,1,,single
1791251833,3856980,6,,single
1791251835,316140,0,,single
1791251836,512410,9,,single
1791251843,734900,0,,single
1791251845,1099170,0,,single
1791251846,1289010,5,,single
1791251848,1903670,0,,single
1791251849,2087910,0,,single
1791251851,2345110,0,,single
1791251853,2390000,0,,single
1791251854,3676590,0,,single
1791251855,328450,2,,single
1791251857,370660,1,,single
1791251858,703730,0,,single
1791251860,806900,0,,single
1791251861,1389200,0,,single
1791251863,1797490,0,,single
1791251864,2109850,0,,single
1791251865,3850970,22,,single
1791251867,5206350,12,,single
1791251869,2318430,0,,single
1791251870,2510970,4,,single
1791251871,269850,0,,single
1791251873,337980,0,,single
1791251874,491670,0,,single
1791251876,828660,2,,single
1791251877,949530,0,,single
1791251878,1090920,0,,single
1791251880,1800890,0,,single
1791251881,2105840,2,,single
1791251883,2573950,1,,single
1791251884,4123320,2,,single
1791251886,259960,1,,single
1791251887,425460,0,,single
1791251888,538710,0,,single
1791251890,715840,0,,single
1791251891,1015080,0,,single
1791251893,1095290,0,,single
1791251894,1521100,0,,single
1791251895,1790360,2,,single
1791251897,2014370,2,,single
1791251898,2396740,2,,single
1791251900,3859750,0,,single
1791251901,403100,0,,single
1791251903,518650,0,,single
1791251904,806960,1,,single
1791251905,896950,0,,single
1791251907,1170340,0,,single
1791251908,1342410,0,,single
1791251910,2081540,0,,single
1791251912,3332070,8,,single
1791251913,3812250,0,,single
1791251914,524030,0,,single
1791251916,1248550,0,,single
1791251919,2168530,2,,single
1791251920,2512430,0,,single
1791251922,3384130,2,,single
1791251924,294390,0,,single
1791251925,539340,0,,single
1791251927,779360,1,,single
1791251928,1004370,0,,single
1791251930,1408060,0,,single
1791251931,2101290,1,,single
1791251933,2799920,0,,single
1791251934,391660,0,,single
1791251935,760560,0,,single
1791251937,1181600,0,,single
1791251938,1524650,0,,single
1791251940,1648760,0,,single
1791251941,2139440,0,,single
1791251942,3520180,0,,single
1791251944,320970,2,,single
1791251945,390940,0,,single
1791251947,595660,1,,single
1791251948,740410,21,,single
1791251949,1032170,1,,single
1791251951,1820470,0,,single
1791251952,1871620,0,,single
1791251953,2002870,3,,single
1791251955,2196240,0,,single
1791251956,2486430,0,,single
1791251958,3332860,3,,single
1791251959,4130040,7,,single
1791251960,434920,0,,single
1791251962,490510,0,,single
1791251964,1048900,0,,single
1791251965,1287250,0,,single
1791251966,1660480,0,,single
1791251968,1998660,5,,single
1791251969,2319870,0,,single
1791251971,2706390,0,,single
1791251972,3444540,4,,single
1791251973,3913950,61,,single
1791251975,402940,0,,single
1791251976,504880,0,,single
1791251978,601640,1,,single
1791251979,667120,0,,single
1791251981,831120,0,,single
1791251982,1183740,0,,single
1791251984,1673040,0,,single
1791251985,2091130,2,,single
1791251987,2310920,0,,single
1791251988,2511570,4,,single
1791251989,2867700,0,,single
1791251991,60340,4,,single
1791251992,365420,4,,single
1791251993,667300,0,,single
1791251995,726070,0,,single
1791251996,951740,0,,single
1791251998,1091210,1,,single
1791251999,1432650,0,,single
1791252001,1496640,1,,single
1791252003,1584800,1,,single
1791252005,1896160,2,,single
1791252006,2407910,0,,single
1791252008,38000,3,,single
1791252009,378850,0,,single
1791252011,704480,0,,single
1791252014,817770,0,,single
1791252016,973050,1,,single
1791252017,1059150,0,,single
1791252018,1132100,0,,single
1791252020,1469540,0,,single
1791252021,1693950,1,,single
1791252022,2059960,0,,single
1791252024,2360620,2,,single
1791252025,3263540,17,,single
1791252027,423600,1,,single
1791252028,521280,1,,single
1791252030,790860,0,,single
1791252031,917940,0,,single
1791252033,1423000,0,,single
1791252034,1817290,1,,single
1791252035,2050720,0,,single
1791252037,2570640,0,,single
1791252038,4843710,11,,single
1791252040,285420,0,,single
1791252041,323280,0,,single
1791252043,370730,49,,single
1791252044,602510,1,,single
1791252046,1034150,0,,single
1791252047,1330570,0,,single
1791252048,1508660,1,,single
1791252050,1725620,0,,single
1791252051,1911220,0,,single
1791252053,2160420,0,,single
1791252054,2176760,0,,single
1791252055,3811560,0,,single
1791252057,18480,0,,single
1791252058,575690,1,,single
1791252060,632880,0,,single
1791252061,845050,0,,single
1791252063,1250610,0,,single
1791252064,1524340,0,,single
1791252066,1694230,0,,single
1791252067,3275050,0,,single
1791252074,3861870,3,,single
1791252075,4758380,4,,single
1791252076,284000,1,,single
1791252078,431850,0,,single
1791252079,531910,0,,single
1791252081,650750,0,,single
1791252082,929310,0,,single
1791252083,1373180,0,,single
1791252085,1698630,0,,single
1791252086,1955800,5,,single
1791252088,1977910,2,,single
1791252089,2256280,2,,single
1791252090,4159320,5,,single
1791252092,334100,0,,single
1791252093,464070,0,,single
1791252095,610570,8,,single
1791252096,953330,0,,single
1791252098,1085340,0,,single
1791252099,1217380,12,,single
1791252101,1830630,0,,single
1791252102,2094350,1,,single
1791252104,3625740,0,,single
1791252105,288670,0,,single
1791252106,499120,1,,single
1791252108,629110,1,,single
1791252109,913710,0,,single
1791252111,1613770,2,,single
1791252113,1904560,2,,single
1791252114,2325470,0,,single
1791252115,2446270,0,,single
1791252117,2972220,8,,single
1791252118,3981670,0,,single
1791252120,4449460,4,,single
1791252121,4911220,0,,single
1791252123,319300,2,,single
1791252124,661470,0,,single
1791252125,945740,0,,single
1791252127,1277320,2,,single
1791252129,1823730,0,,single
1791252130,1995240,0,,single
1791252131,2280510,0,,single
1791252133,2422610,0,,single
1791252134,2994790,2,,single
1791252135,3329700,1,,single
1791252137,4185160,0,,single
1791252139,347520,2,,single
1791252140,435040,3,,single
1791252141,607030,0,,single
1791252143,676830,0,,single
1791252144,800310,0,,single
1791252146,1270390,0,,single
1791252147,1576720,1,,single
1791252148,1787030,2,,single
1791252150,1887760,0,,single
1791252151,2217100,0,,single
1791252153,3203710,7,,single
1791252154,3674680,3,,single
1791252156,4272570,2,,single
1791252157,1912410,8072,,single
1791252158,3594090,37,,single
1791252160,5220090,45,,single
1791252162,4917440,107,,single
1791252163,5138000,87,,single
1791252164,4962560,22,,single
1791252166,5221510,127,,single
1791252167,4890770,166,,single
1791252168,4395950,15,,single
1791252170,5174540,41,,single
