ts,appid,concurrent,peak_in_game,src
1791132574,2070550,7,,single
1791132576,1307580,238,,single
1791132577,1740300,15,,single
1791132579,1864950,26,,single
1791132580,2869860,21,,single
1791132582,3373660,546,,single
1791132583,623080,5,,single
1791132584,1118200,2530,,single
1791132586,1794680,4619,,single
1791132587,1145360,7433,,single
1791132589,2694490,37397,,single
1791132590,220,2672,,single
1791132592,15710,8,,single
1791132593,200010,1,,single
1791132595,207690,14,,single
1791132596,211420,156,,single
1791132598,219990,6642,,single
1791132599,236430,255,,single
1791132600,239430,2,,single
1791132602,261530,4,,single
1791132603,265610,29,,single
1791132605,282140,244,,single
1791132606,310360,65,,single
1791132607,323320,6,,single
1791132609,331870,4,,single
1791132610,337340,25,,single
1791132612,351970,42,,single
1791132613,362890,967,,single
1791132615,377330,0,,single
1791132616,385800,24,,single
1791132618,418030,1064,,single
1791132619,449040,0,,single
1791132621,480490,509,,single
1791132622,501590,73,,single
1791132624,524910,15,,single
1791132625,544330,2,,single
1791132627,563840,6,,single
1791132628,580200,20,,single
1791132630,593150,12,,single
1791132632,642090,4,,single
1791132633,674140,141,,single
1791132635,729660,5,,single
1791132636,751780,618,,single
1791132638,802880,35,,single
1791132639,851850,665,,single
1791132641,892970,205530,,single
1791132642,899770,38678,,single
1791132644,920320,4,,single
1791132645,951440,63,,single
1791132647,973230,42,,single
1791132648,1001270,159,,single
1791132650,1040420,11,,single
1791132651,1067310,1,,single
1791132653,1082710,50,,single
1791132654,1092710,24,,single
1791132656,1119840,5,,single
1791132657,1158160,2545,,single
1791132659,1171320,1,,single
1791132660,1213700,40,,single
1791132661,1237320,289,,single
1791132663,1245620,37748,,single
1791132664,1280930,126,,single
1791132666,1337010,56,,single
1791132667,1374490,28150,,single
1791132669,1422380,0,,single
1791132670,1477790,1,,single
1791132672,1518810,8,,single
1791132673,1587560,3,,single
1791132675,1614550,146,,single
1791132676,1658150,148,,single
1791132678,1730590,26,,single
1791132679,1772830,24,,single
1791132681,1866180,9,,single
1791132682,1924360,24,,single
1791132684,1945250,0,,single
1791132685,2007530,2,,single
1791132687,2240080,12,,single
1791132688,2256450,8,,single
1791132690,2294130,20,,single
1791132692,2356500,0,,single
1791132693,2450700,32,,single
1791132695,2525380,162,,single
1791132696,2754380,673,,single
1791132698,3027930,50,,single
1791132699,3087650,5,,single
1791132700,10,13618,,single
1791132702,500,1186,,single
1791132703,2310,268,,single
1791132705,3590,2733,,single
1791132706,6910,123,,single
1791132708,13240,25,,single
1791132710,22380,4036,,single
1791132711,32470,1863,,single
1791132712,40970,861,,single
1791132714,72850,2055,,single
1791132715,205100,753,,single
1791132717,214560,4,,single
1791132718,223470,862,,single
1791132720,233860,5566,,single
1791132721,239030,416,,single
1791132723,242760,11262,,single
1791132724,250320,119,,single
1791132725,260750,31,,single
1791132727,264710,4972,,single
1791132728,274190,420,,single
1791132730,288160,129,,single
1791132731,304430,238,,single
1791132733,319630,765,,single
1791132734,351640,1,,single
1791132735,367520,9325,,single
1791132737,411960,22,,single
1791132739,418240,127,,single
1791132740,425580,81,,single
1791132742,433340,1914,,single
1791132743,439490,4,,single
1791132744,457140,10217,,single
1791132746,466630,13,,single
1791132747,508440,3134,,single
1791132749,521200,13,,single
1791132750,548430,9257,,single
1791132752,588650,3420,,single
1791132753,597220,90,,single
1791132754,611760,19,,single
1791132756,617670,147,,single
1791132757,647960,402,,single
1791132759,683320,154,,single
1791132760,745880,1,,single
1791132761,774801,520,,single
1791132763,799640,13,,single
1791132764,850190,802,,single
1791132766,883710,6607,,single
1791132767,908520,345,,single
1791132769,926990,638,,single
1791132770,992310,2,,single
1791132772,1043340,24,,single
1791132773,1059990,95,,single
1791132775,1082430,45,,single
1791132776,1093910,28,,single
1791132777,1109410,0,,single
1791132779,1123450,30,,single
1791132781,1150690,596,,single
1791132782,1171370,2,,single
1791132783,1198320,6,,single
1791132785,1211020,1805,,single
1791132786,1241700,2,,single
1791132789,1269640,13,,single
1791132791,1281800,62,,single
1791132792,1284190,6466,,single
1791132794,1288310,52,,single
1791132795,1293180,13,,single
1791132797,1328840,109,,single
1791132800,1349060,3,,single
1791132801,1366540,4178,,single
1791132804,1390350,51,,single
1791132806,1419860,2,,single
1791132807,1428310,1,,single
1791132809,1473350,246,,single
1791132810,1507970,1,,single
1791132812,1532510,1,,single
1791132813,1540570,40,,single
1791132815,1559430,1,,single
1791132816,1566410,5,,single
1791132818,1593500,4612,,single
1791132819,1634860,93,,single
1791132821,1668190,1,,single
1791132823,1677770,147,,single
1791132825,1686940,379,,single
1791132827,1715460,2,,single
1791132828,1725640,7,,single
1791132830,1765350,3,,single
1791132831,1808800,0,,single
1791132833,1836730,67,,single
1791132834,1876890,3762,,single
1791132836,1903340,8252,,single
1791132837,1931770,701,,single
1791132839,1955830,85,,single
1791132840,1970460,30,,single
1791132841,1999360,146,,single
1791132843,2050650,14885,,single
1791132844,2060590,26,,single
1791132846,2088840,37,,single
1791132847,2112520,0,,single
1791132849,2132850,433,,single
1791132850,2162800,1296,,single
1791132851,2198150,726,,single
1791132853,2291760,137,,single
1791132854,2318310,38,,single
1791132856,2369900,384,,single
1791132857,2391870,4,,single
1791132859,2420510,360,,single
1791132860,2459550,837,,single
1791132862,2532550,6,,single
1791132863,2608350,23,,single
1791132864,2660460,297,,single
1791132866,2678990,40,,single
1791132867,2719060,6,,single
1791132869,2795000,17,,single
1791132870,2878710,0,,single
1791132872,2915460,38,,single
1791132873,3068300,118,,single
1791132874,3107330,46,,single
1791132876,3191030,200,,single
1791132877,3241660,27985,,single
1791132879,3361470,25,,single
1791132880,30,121,,single
1791132882,80,585,,single
1791132883,280,48,,single
1791132885,340,3,,single
1791132886,630,30,,single
1791132888,1250,343,,single
1791132889,1520,38,,single
1791132891,1700,26,,single
1791132893,2130,0,,single
1791132894,2300,9,,single
1791132896,2400,2,,single
1791132897,2630,387,,single
1791132899,2990,276,,single
1791132900,3320,82,,single
1791132902,3540,112,,single
1791132903,3720,21,,single
1791132905,3920,166,,single
1791132906,4570,85,,single
1791132908,4850,325,,single
1791132909,6020,75,,single
1791132911,6200,11,,single
1791132912,6550,4,,single
1791132914,6850,50,,single
1791132915,6980,13,,single
1791132917,7610,75,,single
1791132918,7760,53,,single
1791132920,7860,4,,single
1791132921,8080,0,,single
1791132923,8190,163,,single
1791132924,8800,2108,,single
1791132926,8930,18993,,single
1791132927,9050,39,,single
1791132929,9340,33,,single
1791132930,9880,112,,single
1791132931,10130,3,,single
1791132933,10190,404,,single
1791132934,11020,205,,single
1791132936,12100,57,,single
1791132937,12140,109,,single
1791132938,12320,123,,single
1791132940,12710,48,,single
1791132941,13210,16,,single
1791132943,13530,57,,single
1791132944,15080,18,,single
1791132946,15200,28,,single
1791132947,15320,34,,single
1791132949,15750,16,,single
1791132950,16900,321,,single
1791132952,17410,232,,single
1791132953,17460,37,,single
1791132955,17500,14,,single
1791132956,17740,3,,single
1791132957,20500,17,,single
1791132959,20570,47,,single
1791132961,21090,132,,single
1791132962,21690,2277,,single
1791132964,22000,22,,single
1791132965,22230,20,,single
1791132967,23490,20,,single
1791132968,24240,76,,single
1791132970,24740,37,,single
1791132971,24810,646,,single
1791132972,25000,61,,single
1791132974,25890,82,,single
1791132975,26900,4,,single
1791132977,31290,5,,single
1791132978,32370,324,,single
1791132980,32430,82,,single
1791132981,32510,148,,single
1791132983,33230,1120,,single
1791132984,33900,1,,single
1791132986,34030,2046,,single
1791132987,34460,10,,single
1791132989,35000,20,,single
1791132990,35460,1,,single
1791132992,35720,75,,single
1791132994,38600,2,,single
1791132995,39000,3,,single
1791132997,39200,66,,single
1791132999,39530,29,,single
1791133001,39680,189,,single
1791133002,40300,201,,single
1791133003,40700,108,,single
1791133005,40960,330,,single
1791133006,41050,31,,single
1791133008,41100,5,,single
1791133009,41700,290,,single
1791133011,42700,455,,single
1791133012,45100,4,,single
1791133014,45760,278,,single
1791133015,47780,292,,single
1791133017,47870,42,,single
1791133018,48190,689,,single
1791133019,49600,0,,single
1791133021,55110,13,,single
1791133022,55230,301,,single
1791133024,58520,5,,single
1791133025,63000,0,,single
1791133027,63610,5,,single
1791133028,64000,69,,single
1791133030,65740,7,,single
1791133031,70000,9,,single
1791133033,70600,48,,single
1791133034,72200,15,,single
1791133035,78000,465,,single
1791133037,91100,0,,single
1791133038,91900,2,,single
1791133040,94300,6,,single
1791133041,95700,0,,single
1791133043,97330,9,,single
1791133044,98400,9,,single
1791133046,99910,265,,single
1791133047,105000,11,,single
1791133049,107300,0,,single
1791133050,107600,1,,single
1791133052,108710,639,,single
1791133053,113020,8,,single
1791133054,115110,2,,single
1791133056,200210,1568,,single
1791133057,200900,22,,single
1791133059,201270,0,,single
1791133060,201830,1,,single
1791133062,202200,27,,single
1791133063,203140,864,,single
1791133065,203350,135,,single
1791133066,203770,1770,,single
1791133068,204240,2,,single
1791133069,204360,1093,,single
1791133071,204630,0,,single
1791133072,205610,76,,single
1791133074,206210,8,,single
1791133075,206480,318,,single
1791133077,207140,157,,single
1791133078,207320,16,,single
1791133080,207750,1,,single
1791133081,208400,16,,single
1791133083,208580,408,,single
1791133084,209080,1,,single
1791133086,209190,0,,single
1791133089,209660,22,,single
1791133091,211260,1,,single
1791133092,211740,12,,single
1791133094,212480,45,,single
1791133095,212740,1,,single
1791133097,213610,294,,single
1791133099,214170,64,,single
1791133101,214510,351,,single
1791133102,214730,283,,single
1791133104,214950,6991,,single
1791133105,215470,2,,single
1791133107,217200,283,,single
1791133108,218620,33956,,single
1791133110,219780,75,,single
1791133111,220090,0,,single
1791133113,220260,48,,single
1791133114,220780,4,,single
1791133116,221260,50,,single
1791133117,221640,12,,single
1791133119,222420,58,,single
1791133121,222730,10,,single
1791133122,223220,0,,single
1791133124,223710,713,,single
1791133125,223850,507,,single
1791133127,224460,10,,single
1791133128,224760,96,,single
1791133130,224920,0,,single
1791133131,225080,7,,single
1791133133,225360,4,,single
1791133135,226840,228,,single
1791133136,227100,19,,single
1791133138,227260,2,,single
1791133139,228180,359,,single
1791133141,228280,735,,single
1791133142,228760,24,,single
1791133144,230070,16,,single
1791133145,230270,23,,single
1791133147,231160,6,,single
1791133148,232010,39,,single
1791133150,232790,18,,single
1791133151,233130,50,,single
1791133152,233450,1262,,single
1791133154,233700,7,,single
1791133155,234140,1357,,single
1791133157,234630,46,,single
1791133158,234710,16,,single
1791133160,235460,470,,single
1791133161,235800,14,,single
1791133163,236390,81203,,single
1791133164,236850,13642,,single
1791133166,237630,36,,single
1791133167,237990,37,,single
1791133169,238210,8,,single
1791133170,239250,101,,single
1791133171,239820,179,,single
1791133173,241240,19,,single
1791133174,241560,7,,single
1791133176,242050,509,,single
1791133177,242700,91,,single
1791133179,242880,2,,single
1791133180,243450,1,,single
1791133182,243950,6,,single
1791133183,244050,13,,single
1791133185,244430,4,,single
1791133186,244850,4783,,single
1791133188,245170,162,,single
1791133189,245470,12,,single
1791133191,246620,1339,,single
1791133192,247020,23,,single
1791133194,247430,49,,single
1791133195,248310,10,,single
1791133197,248570,81,,single
1791133198,248860,33,,single
1791133200,249330,5,,single
1791133201,250050,0,,single
1791133203,250260,22,,single
1791133204,250520,179,,single
1791133206,251060,423,,single
1791133207,251290,49,,single
1791133209,251730,81,,single
1791133210,252110,25,,single
1791133212,252250,2,,single
1791133213,252530,2580,,single
1791133215,252690,3,,single
1791133216,253030,7,,single
1791133217,253430,13,,single
1791133219,253770,0,,single
1791133220,254200,18,,single
1791133222,254700,1280,,single
1791133224,255710,11020,,single
1791133225,256370,12,,single
1791133227,257350,618,,single
1791133228,257850,104,,single
1791133230,258890,0,,single
1791133231,259530,0,,single
1791133233,259740,2,,single
1791133234,260430,44,,single
1791133236,261470,8,,single
1791133237,261570,346,,single
1791133239,262120,9,,single
1791133241,262690,1,,single
1791133242,263060,0,,single
1791133244,263760,11,,single
1791133245,265630,64,,single
1791133247,266010,8,,single
1791133248,266410,949,,single
1791133250,266840,986,,single
1791133252,268400,390,,single
1791133253,268540,19,,single
1791133255,268990,10,,single
1791133256,269270,0,,single
1791133258,269950,516,,single
1791133259,270210,0,,single
1791133261,271590,71955,,single
1791133262,272470,9,,single
1791133264,273110,20,,single
1791133265,274500,23,,single
1791133267,274940,51,,single
1791133268,275390,29,,single
1791133269,277590,23,,single
1791133271,278460,1,,single
1791133272,281640,23,,single
1791133274,282070,1224,,single
1791133275,282530,37,,single
1791133277,283160,4,,single
1791133278,283960,30,,single
1791133280,284710,5,,single
1791133281,284850,12,,single
1791133282,285190,188,,single
1791133284,285380,3,,single
1791133285,285800,6,,single
1791133287,286040,6,,single
1791133288,286260,0,,single
1791133290,287290,389,,single
1791133291,287450,927,,single
1791133292,288120,12,,single
1791133294,289520,134,,single
1791133296,289950,19,,single
1791133297,290340,90,,single
1791133298,290890,5,,single
1791133300,292180,2,,single
1791133301,292930,20,,single
1791133303,293260,41,,single
1791133304,294040,1,,single
1791133306,296490,127,,single
1791133307,296970,6,,single
1791133309,298160,11,,single
1791133310,298900,2,,single
1791133312,299680,0,,single
1791133313,300570,8,,single
1791133314,301640,113,,single
1791133316,301970,0,,single
1791133317,302710,2,,single
1791133319,304050,619,,single
1791133320,304410,200,,single
1791133321,305620,3397,,single
1791133323,306660,12,,single
1791133324,307110,47,,single
1791133326,307640,18,,single
1791133327,307780,806,,single
1791133329,308600,260,,single
1791133330,310510,8,,single
1791133332,311210,5421,,single
1791133333,311340,140,,single
1791133334,312370,13,,single
1791133336,312660,1538,,single
1791133337,313120,408,,single
1791133339,313480,88,,single
1791133340,314160,608,,single
1791133341,314410,8,,single
1791133343,314650,375,,single
1791133344,315460,10,,single
1791133346,316610,2,,single
1791133347,317820,7,,single
1791133348,318600,13,,single
1791133350,319870,4,,single
1791133351,320140,3,,single
1791133353,321360,63,,single
1791133354,322170,61356,,single
1791133356,322290,2,,single
1791133357,322500,115,,single
1791133358,322910,1,,single
1791133360,323190,3170,,single
1791133361,323720,8,,single
1791133363,324310,16,,single
1791133364,325210,9,,single
1791133366,326180,0,,single
1791133367,326670,3,,single
1791133368,327400,270,,single
1791133370,327640,2,,single
1791133371,328760,1,,single
1791133373,329110,1047,,single
1791133374,330580,1,,single
1791133376,331480,2,,single
1791133377,331750,9,,single
1791133379,332800,63,,single
1791133380,333640,417,,single
1791133382,334540,4,,single
1791133383,335000,7,,single
1791133385,335670,28,,single
1791133386,337150,21,,single
1791133387,339280,3,,single
1791133389,341000,10,,single
1791133390,342310,8,,single
1791133392,343440,4,,single
1791133393,344770,0,,single
1791133394,346010,367,,single
1791133396,346560,5,,single
1791133397,348250,48,,single
1791133399,348620,0,,single
1791133400,350080,245,,single
1791133402,351700,27,,single
1791133404,351990,1,,single
1791133405,352720,112,,single
1791133407,353640,14,,single
1791133408,354160,33,,single
1791133409,355060,4,,single
1791133411,355980,23,,single
1791133412,356520,1,,single
1791133414,357190,144,,single
1791133415,358090,1,,single
1791133416,359320,5802,,single
1791133418,360620,0,,single
1791133419,360830,11,,single
1791133420,361630,0,,single
1791133422,362930,34,,single
1791133423,363680,26,,single
1791133425,364360,392,,single
1791133426,365360,2226,,single
1791133428,366090,219,,single
1791133429,367450,200,,single
1791133430,368180,0,,single
1791133432,368370,23,,single
1791133433,368620,6,,single
1791133435,370360,44,,single
1791133436,371570,2,,single
1791133437,372800,66,,single
1791133439,373420,1705,,single
1791133440,374190,19,,single
1791133442,375480,309,,single
1791133443,375900,15,,single
1791133445,376300,4,,single
1791133446,377860,9,,single
1791133448,379210,19,,single
1791133449,380600,4840,,single
1791133450,381780,5,,single
1791133452,382490,4,,single
1791133453,383840,16,,single
1791133455,384180,210,,single
1791133456,385380,18,,single
1791133458,386070,236,,single
1791133459,386620,27,,single
1791133460,387290,2133,,single
1791133462,388210,35,,single
1791133463,389140,12,,single
1791133465,389730,860,,single
1791133466,390710,1,,single
1791133468,391540,3203,,single
1791133469,392160,3971,,single
1791133470,393430,2,,single
1791133472,394510,291,,single
1791133473,395170,7,,single
1791133475,396710,14,,single
1791133476,397060,37,,single
1791133477,397430,27,,single
1791133479,398710,8,,single
1791133480,399670,4,,single
1791133482,400630,9,,single
1791133483,402020,0,,single
1791133484,403640,810,,single
1791133486,404540,0,,single
1791133487,405310,366,,single
1791133489,405820,11,,single
1791133490,406150,23,,single
1791133491,406550,108,,single
1791133493,407530,16,,single
1791133494,409160,3,,single
1791133495,410110,32,,single
1791133497,410890,38,,single
1791133498,412220,2549,,single
1791133500,413710,4,,single
1791133501,415200,625,,single
1791133503,417430,1,,single
1791133504,418180,8,,single
1791133505,418500,1,,single
1791133507,419480,17,,single
1791133508,420440,48,,single
1791133510,421040,12,,single
1791133511,422900,60,,single
1791133512,424840,294,,single
1791133514,427250,6,,single
1791133515,428430,0,,single
1791133517,428750,3,,single
1791133518,429570,10,,single
1791133519,429790,167,,single
1791133521,431240,1461,,single
1791133522,431730,6273,,single
1791133524,433910,1,,single
1791133525,435120,116,,single
1791133526,435530,20,,single
1791133528,436320,1,,single
1791133529,438040,2028,,single
1791133531,438270,2,,single
1791133532,439190,7,,single
1791133534,440540,6,,single
1791133536,442120,100,,single
1791133538,444640,249,,single
1791133539,445220,756,,single
1791133541,446800,248,,single
1791133542,447120,4,,single
1791133544,448280,65,,single
1791133546,448850,9,,single
1791133547,450390,97,,single
1791133549,451520,0,,single
1791133550,453340,2,,single
1791133552,455400,13,,single
1791133554,456750,96,,single
1791133555,457760,0,,single
1791133557,459080,5,,single
1791133559,461620,4,,single
1791133560,464060,40,,single
1791133563,464920,382,,single
1791133564,466240,34,,single
1791133566,467960,43,,single
1791133568,470220,252,,single
1791133570,471710,83,,single
1791133571,474210,4,,single
1791133573,475190,6,,single
1791133575,476600,416,,single
1791133577,477740,139,,single
1791133578,479130,0,,single
1791133580,481110,1,,single
1791133582,482730,505,,single
1791133584,485460,9,,single
1791133585,486310,12,,single
1791133588,488550,7,,single
1791133590,489630,1165,,single
1791133591,490920,53,,single
1791133593,491530,21,,single
1791133594,492230,10,,single
1791133596,493840,19,,single
1791133597,494840,1234,,single
1791133599,495560,16,,single
1791133600,497180,27,,single
1791133602,499440,0,,single
1791133604,500810,25,,single
1791133605,501320,3,,single
1791133607,502520,482,,single
1791133608,503560,132,,single
1791133610,504370,144,,single
1791133611,506500,8,,single
1791133612,507490,49,,single
1791133615,509580,15,,single
1791133617,511470,28,,single
1791133619,513230,0,,single
1791133621,515180,155,,single
1791133623,517630,374,,single
1791133625,518030,7,,single
1791133627,520530,0,,single
1791133628,523660,25,,single
1791133630,525360,2,,single
1791133632,526740,0,,single
1791133633,528230,75,,single
1791133635,530320,8,,single
1791133636,532110,190,,single
1791133638,534370,22,,single
1791133639,537110,17,,single
1791133641,538680,124,,single
1791133642,540840,11,,single
1791133644,542050,9,,single
1791133645,544550,650,,single
1791133647,544920,9,,single
1791133648,550320,97,,single
1791133650,552080,0,,single
1791133651,552520,6635,,single
1791133653,553210,6,,single
1791133654,553520,209,,single
1791133656,553850,53389,,single
1791133657,555160,110,,single
1791133658,557600,44,,single
1791133660,558990,319,,single
1791133661,559650,129,,single
1791133663,562220,3,,single
1791133664,562860,24,,single
1791133665,564310,147,,single
1791133667,566050,208,,single
1791133668,567630,79,,single
1791133669,568320,55,,single
1791133671,571260,22,,single
1791133672,572220,9,,single
1791133674,573090,2257,,single
1791133675,573410,17,,single
1791133677,574740,5,,single
1791133678,576770,40,,single
1791133680,577940,39,,single
1791133681,578720,0,,single
1791133682,580170,4,,single
1791133684,581660,16,,single
1791133685,582550,29,,single
1791133687,584400,194,,single
1791133688,585420,3056,,single
1791133690,587000,3,,single
1791133691,587620,80,,single
1791133693,588730,4,,single
1791133694,589870,68,,single
1791133695,591740,58,,single
1791133697,592600,1,,single
1791133698,594570,1433,,single
1791133700,595280,0,,single
1791133701,596970,34,,single
1791133702,598550,40,,single
1791133704,598980,11,,single
1791133705,599750,2,,single
1791133707,600990,0,,single
1791133708,601510,3094,,single
1791133710,602960,5137,,single
1791133711,604330,4,,single
1791133713,606150,606,,single
1791133714,609110,0,,single
1791133716,610180,59,,single
1791133717,611980,1,,single
1791133719,614570,110,,single
1791133720,617480,21,,single
1791133721,618740,2,,single
1791133723,619700,7,,single
1791133725,620590,55,,single
1791133726,621060,159,,single
1791133727,623940,14,,single
1791133729,626610,10,,single
1791133730,628070,738,,single
1791133732,629730,732,,single
1791133733,631570,6,,single
1791133734,633060,9,,single
1791133736,633460,29,,single
1791133738,635320,3,,single
1791133739,636450,2,,single
1791133740,638230,87,,single
1791133742,639490,38,,single
1791133743,641080,36,,single
1791133744,641990,713,,single
1791133746,644390,44,,single
1791133748,645790,3,,single
1791133749,646910,703,,single
1791133751,648350,326,,single
1791133752,648580,50,,single
1791133754,653530,522,,single
1791133755,656350,81,,single
1791133756,658700,19,,single
1791133758,660880,2,,single
1791133759,663390,119,,single
1791133761,666140,373,,single
1791133762,666570,22,,single
1791133764,667600,29,,single
1791133765,668210,6,,single
1791133766,671440,38,,single
1791133768,671860,360,,single
1791133770,673610,343,,single
1791133771,673950,265,,single
1791133772,674930,13,,single
1791133774,675260,80,,single
1791133775,677620,35,,single
1791133777,678960,578,,single
1791133779,680360,19,,single
1791133780,682130,18,,single
1791133782,688420,136,,single
1791133783,690790,1074,,single
1791133784,694280,539,,single
1791133786,697550,2,,single
1791133787,699170,75,,single
1791133789,702320,762,,single
1791133791,704450,1065,,single
1791133792,705120,4,,single
1791133794,711540,18,,single
1791133796,712730,31,,single
1791133797,716710,1,,single
1791133799,719750,1,,single
1791133800,720560,24,,single
1791133801,722730,34,,single
1791133803,725480,5,,single
1791133804,726830,16,,single
1791133806,728740,137,,single
1791133807,729040,872,,single
1791133808,731490,511,,single
1791133810,732430,13,,single
1791133811,733990,3,,single
1791133813,735290,3,,single
1791133814,736190,469,,single
1791133815,738060,101,,single
1791133817,741510,1,,single
1791133818,743130,11,,single
1791133820,746580,5,,single
1791133821,747660,563,,single
1791133823,748490,57,,single
1791133824,752590,814,,single
1791133825,753660,12,,single
1791133827,755500,28,,single
1791133828,757210,157,,single
1791133830,757480,3,,single
1791133831,758370,114,,single
1791133833,758990,42,,single
1791133834,760650,31,,single
1791133835,761830,123,,single
1791133837,762830,3,,single
1791133838,765810,16,,single
1791133839,767390,1,,single
1791133841,770810,116,,single
1791133843,773790,253,,single
1791133844,774791,16,,single
1791133846,776490,2,,single
1791133847,780310,1310,,single
1791133849,783770,0,,single
1791133850,784950,612,,single
1791133852,785890,2,,single
1791133853,789660,10,,single
1791133854,790820,100,,single
1791133856,792100,21,,single
1791133857,792710,7,,single
1791133859,794800,62,,single
1791133860,795630,63,,single
1791133862,797430,123,,single
1791133863,798490,24,,single
1791133864,799600,561,,single
1791133866,801480,23,,single
1791133867,803050,57,,single
1791133869,804700,18,,single
1791133870,807120,57,,single
1791133872,809230,95,,single
1791133873,812040,2,,single
1791133875,813630,133,,single
1791133876,814000,79,,single
1791133877,815780,12,,single
1791133879,816350,0,,single
1791133880,818320,115,,single
1791133881,821250,245,,single
1791133883,823500,71,,single
1791133884,824550,47,,single
1791133886,828740,27,,single
1791133887,829660,88,,single
1791133889,834280,18,,single
1791133890,835860,1,,single
1791133891,838310,10,,single
1791133893,839910,2,,single
1791133894,840800,3,,single
1791133896,842180,17,,single
1791133897,843380,405,,single
1791133899,844260,10,,single
1791133900,845880,3,,single
1791133902,846110,21,,single
1791133903,847370,88,,single
1791133904,848480,222,,single
1791133906,852220,3,,single
1791133907,853770,8,,single
1791133908,855860,59,,single
1791133910,858760,6,,single
1791133911,860510,368,,single
1791133913,861250,6,,single
1791133914,864060,15,,single
1791133915,865610,6,,single
1791133917,866800,58,,single
1791133918,868360,564,,single
1791133920,871720,236,,single
1791133921,873940,22,,single
1791133923,876650,36,,single
1791133924,880940,4760,,single
1791133925,881320,31,,single
1791133927,884260,4,,single
1791133928,885970,1730,,single
1791133930,890720,4,,single
1791133931,893520,0,,single
1791133933,895400,1113,,single
1791133934,896520,15,,single
1791133935,898750,164,,single
1791133937,900270,28,,single
1791133938,908100,5,,single
1791133940,913550,21,,single
1791133941,914800,55,,single
1791133942,915600,8,,single
1791133944,917150,6,,single
1791133945,920490,918,,single
1791133947,925570,3,,single
1791133948,928600,73,,single
1791133950,936720,34,,single
1791133951,937310,206,,single
1791133952,939100,4,,single
1791133954,940680,4,,single
1791133955,942970,197,,single
1791133957,946050,233,,single
1791133958,949290,33,,single
1791133960,950180,0,,single
1791133961,952290,1,,single
1791133962,953880,17,,single
1791133964,956030,21,,single
1791133965,960170,716,,single
1791133966,961200,1729,,single
1791133968,962730,66,,single
1791133969,964350,1,,single
1791133971,965200,121,,single
1791133972,965680,90,,single
1791133973,966330,7,,single
1791133975,968250,22,,single
1791133976,972660,1080,,single
1791133977,973810,22,,single
1791133979,976890,18,,single
1791133980,978300,286,,single
1791133982,978780,179,,single
1791133983,979120,113,,single
1791133985,980300,10,,single
1791133986,981890,2,,single
1791133988,982720,2,,single
1791133989,986130,369,,single
1791133990,987840,212,,single
1791133992,991170,30,,single
1791133995,994910,165,,single
1791133996,996580,471,,single
1791133998,998400,38,,single
1791133999,1000360,81,,single
1791134001,1003890,45,,single
1791134002,1005930,23,,single
1791134003,1009850,5824,,single
1791134005,1010890,0,,single
1791134006,1012560,4,,single
1791134007,1012880,337,,single
1791134009,1016790,11,,single
1791134010,1018010,120,,single
1791134012,1018830,73,,single
1791134013,1020790,397,,single
1791134014,1021950,0,,single
1791134016,1024380,1,,single
1791134017,1025960,20,,single
1791134019,1028310,269,,single
1791134020,1029780,2106,,single
1791134021,1032790,2,,single
1791134023,1036950,159,,single
1791134024,1038450,14,,single
1791134026,1040230,58,,single
1791134027,1043390,1,,single
1791134028,1046400,19,,single
1791134030,1049280,11,,single
1791134031,1051690,31,,single
1791134033,1054490,816,,single
1791134034,1055430,100,,single
1791134035,1058430,21,,single
1791134037,1058650,1,,single
1791134038,1059120,1,,single
1791134040,1061090,144,,single
1791134041,1062090,6969,,single
1791134042,1062160,90,,single
1791134044,1063660,116,,single
1791134046,1065310,129,,single
1791134047,1066890,1811,,single
1791134048,1068820,1797,,single
1791134050,1069650,50,,single
1791134051,1069740,8,,single
1791134053,1071120,0,,single
1791134054,1072150,6,,single
1791134055,1073390,22,,single
1791134057,1075740,31,,single
1791134058,1077520,2,,single
1791134059,1078760,36,,single
1791134061,1079800,22,,single
1791134062,1081510,0,,single
1791134064,1084600,1302,,single
1791134065,1085510,29,,single
1791134066,1087280,24,,single
1791134068,1088850,325,,single
1791134069,1089830,16,,single
1791134070,1092660,18,,single
1791134072,1094780,748,,single
1791134074,1097130,17,,single
1791134075,1097840,396,,single
1791134077,1100140,35,,single
1791134078,1100620,80,,single
1791134080,1101140,5,,single
1791134082,1105670,361,,single
1791134083,1108370,48,,single
1791134085,1110100,10,,single
1791134086,1114070,0,,single
1791134088,1114940,35,,single
1791134089,1116880,6,,single
1791134091,1119980,23,,single
1791134092,1121640,200,,single
1791134094,1122680,3,,single
1791134095,1123830,89,,single
1791134097,1126310,4,,single
1791134098,1128920,411,,single
1791134100,1129580,5344,,single
1791134101,1131620,183,,single
1791134103,1134710,284,,single
1791134104,1135810,19,,single
1791134106,1138100,3,,single
1791134107,1138850,49,,single
1791134109,1139900,211,,single
1791134110,1140290,4,,single
1791134111,1141580,14,,single
1791134113,1144030,8,,single
1791134114,1144770,10,,single
1791134116,1147560,608,,single
1791134117,1148590,33,,single
1791134119,1149460,9249,,single
1791134120,1150760,61,,single
1791134122,1151080,1,,single
1791134123,1153410,143,,single
1791134125,1154790,5,,single
1791134126,1155970,58,,single
1791134128,1157390,220,,single
1791134129,1158850,242,,single
1791134131,1159560,17,,single
1791134132,1161170,9,,single
1791134134,1161590,111,,single
1791134135,1163870,5,,single
1791134137,1164940,231,,single
1791134138,1167450,25,,single
1791134140,1168660,6,,single
1791134141,1172380,1319,,single
1791134143,1172650,10,,single
1791134144,1173770,155,,single
1791134146,1173810,142,,single
1791134147,1175460,17,,single
1791134149,1178160,36,,single
1791134151,1179210,27,,single
1791134152,1181840,10,,single
1791134154,1182620,22,,single
1791134155,1184160,802,,single
1791134157,1187510,22,,single
1791134159,1190000,2734,,single
1791134160,1191120,43,,single
1791134161,1191900,8,,single
1791134163,1195290,8,,single
1791134164,1196630,36,,single
1791134166,1198090,86,,single
1791134167,1201240,1477,,single
1791134169,1202130,302,,single
1791134170,1203190,349,,single
1791134172,1203710,57,,single
1791134173,1205450,22,,single
1791134174,1206430,5,,single
1791134176,1207650,299,,single
1791134177,1210320,946,,single
1791134179,1213210,1236,,single
1791134180,1215390,169,,single
1791134182,1217060,1091,,single
1791134183,1220840,0,,single
1791134185,1222300,34,,single
1791134186,1223500,1,,single
1791134188,1227280,28,,single
1791134189,1227690,43,,single
1791134191,1229900,3,,single
1791134192,1232180,5,,single
1791134194,1233410,24,,single
1791134195,1234940,3,,single
1791134197,1237970,2295,,single
1791134198,1239050,1,,single
1791134200,1239320,52,,single
1791134201,1241510,1,,single
1791134202,1243850,89,,single
1791134204,1244630,48,,single
1791134205,1245540,1,,single
1791134206,1249970,249,,single
1791134208,1252780,270,,single
1791134209,1256670,2313,,single
1791134211,1258080,3910,,single
1791134212,1259980,161,,single
1791134213,1260810,6,,single
1791134215,1262460,107,,single
1791134216,1262580,505,,single
1791134218,1263850,1064,,single
1791134219,1265820,109,,single
1791134221,1266540,154,,single
1791134222,1267910,3977,,single
1791134224,1270580,187,,single
1791134225,1272010,12,,single
1791134226,1273260,19,,single
1791134228,1273710,19,,single
1791134229,1275640,14,,single
1791134231,1280780,139,,single
1791134232,1282100,5836,,single
1791134234,1283190,86,,single
1791134235,1284210,5725,,single
1791134236,1286280,7,,single
1791134238,1286580,254,,single
1791134240,1286990,35,,single
1791134241,1289380,32,,single
1791134243,1291010,41,,single
1791134244,1292040,2,,single
1791134246,1293830,2137,,single
1791134247,1294760,43,,single
1791134249,1295510,793,,single
1791134250,1297160,2,,single
1791134252,1299690,14,,single
1791134253,1304550,23,,single
1791134255,1307710,91,,single
1791134256,1309950,18,,single
1791134258,1311660,0,,single
1791134259,1315980,5,,single
1791134260,1318690,417,,single
1791134262,1323420,0,,single
1791134263,1324780,927,,single
1791134265,1329500,99,,single
1791134266,1330000,256,,single
1791134268,1331440,1,,single
1791134269,1332720,436,,single
1791134270,1335560,5,,single
1791134272,1336490,2008,,single
1791134273,1337520,214,,single
1791134275,1338330,12,,single
1791134276,1338840,4,,single
1791134278,1340990,407,,single
1791134279,1342620,1,,single
1791134280,1343370,1768,,single
1791134282,1345820,22,,single
1791134283,1347030,3,,single
1791134284,1347970,15,,single
1791134286,1350840,19,,single
1791134287,1352330,215,,single
1791134289,1354830,24,,single
1791134290,1357860,8,,single
1791134291,1359980,83,,single
1791134293,1360810,81,,single
1791134294,1361510,137,,single
1791134296,1364020,1,,single
1791134298,1364290,56,,single
1791134299,1366290,5,,single
1791134301,1367550,694,,single
1791134302,1369670,931,,single
1791134304,1371720,32,,single
1791134305,1372530,102,,single
1791134306,1373960,96,,single
1791134308,1376200,19,,single
1791134309,1377380,252,,single
1791134311,1379870,9,,single
1791134312,1384160,1603,,single
1791134314,1386780,82,,single
1791134315,1389550,7,,single
1791134317,1390190,53,,single
1791134318,1392960,63,,single
1791134319,1396240,55,,single
1791134321,1398740,3,,single
1791134322,1404210,880,,single
1791134324,1407200,11044,,single
1791134325,1408720,10,,single
1791134327,1411740,50,,single
1791134328,1414180,0,,single
1791134330,1416230,6,,single
1791134331,1417930,37,,single
1791134333,1419850,45,,single
1791134334,1421250,191,,single
1791134336,1422440,224,,single
1791134337,1426210,13562,,single
1791134339,1430420,7,,single
1791134340,1432100,13,,single
1791134341,1434950,94,,single
1791134343,1436590,10,,single
1791134344,1437820,86,,single
1791134346,1440670,64,,single
1791134347,1444480,385,,single
1791134349,1447430,2799,,single
1791134350,1449200,29,,single
1791134352,1450150,4,,single
1791134353,1451190,700,,single
1791134355,1451810,20,,single
1791134356,1455660,37,,single
1791134357,1456760,12,,single
1791134359,1460090,0,,single
1791134360,1462470,3,,single
1791134362,1463730,5,,single
1791134363,1466640,228,,single
1791134365,1468260,678,,single
1791134366,1471410,103,,single
1791134369,1476340,1,,single
1791134370,1477590,117,,single
1791134372,1478220,274,,single
1791134373,1482860,79,,single
1791134375,1484800,2,,single
1791134376,1486920,1407,,single
1791134377,1490890,43,,single
1791134379,1493640,267,,single
1791134380,1497440,37,,single
1791134382,1501610,48,,single
1791134383,1506510,0,,single
1791134385,1509820,0,,single
1791134386,1511460,44,,single
1791134388,1511780,36,,single
1791134390,1517290,1730,,single
1791134392,1522160,61,,single
1791134394,1525700,370,,single
1791134395,1527950,3298,,single
1791134397,1534980,77,,single
1791134399,1538460,22,,single
1791134400,1540210,86,,single
1791134402,1544360,11,,single
1791134403,1546310,7,,single
1791134405,1546860,18,,single
1791134406,1552350,29,,single
1791134408,1554840,0,,single
1791134410,1556790,164,,single
1791134412,1557990,1,,single
1791134414,1560250,80,,single
1791134415,1564090,0,,single
1791134417,1567440,10,,single
1791134418,1569520,13,,single
1791134420,1570070,29,,single
1791134422,1573280,27,,single
1791134423,1574580,231,,single
1791134424,1575870,47,,single
1791134427,1578390,296,,single
1791134428,1579380,17,,single
1791134430,1581770,144,,single
1791134431,1583320,1027,,single
1791134433,1588530,231,,single
1791134435,1590760,30,,single
1791134436,1592280,24,,single
1791134438,1592670,1,,single
1791134439,1596310,4,,single
1791134441,1599560,3,,single
1791134443,1600530,50,,single
1791134444,1602080,12,,single
1791134446,1604000,73,,single
1791134448,1606180,143,,single
1791134450,1608070,294,,single
1791134451,1608640,25,,single
1791134453,1610470,101,,single
1791134455,1611600,1375,,single
1791134456,1614440,30,,single
1791134458,1620340,54,,single
1791134459,1621690,8487,,single
1791134461,1624540,114,,single
1791134463,1627720,2815,,single
1791134465,1630920,3,,single
1791134467,1635590,21,,single
1791134468,1638220,69,,single
1791134469,1644960,150,,single
1791134471,1648390,175,,single
1791134472,1649950,224,,single
1791134474,1651960,6,,single
1791134475,1657630,1827,,single
1791134477,1659040,5911,,single
1791134478,1661630,5,,single
1791134480,1664220,31,,single
1791134481,1668690,16,,single
1791134483,1669420,38,,single
1791134484,1675830,39,,single
1791134486,1677280,4659,,single
1791134487,1679290,8,,single
1791134489,1682060,15,,single
1791134490,1689500,552,,single
1791134492,1693980,1239,,single
1791134494,1696810,113,,single
1791134495,1700270,161,,single
1791134497,1701800,3,,single
1791134499,1707650,12,,single
1791134500,1710580,33,,single
1791134502,1712840,15,,single
1791134504,1718130,5,,single
1791134506,1723780,70,,single
1791134507,1730680,9,,single
1791134509,1732430,3778,,single
1791134511,1737870,190,,single
1791134512,1743850,7,,single
1791134514,1747760,19,,single
1791134516,1754840,11,,single
1791134517,1761390,468,,single
1791134518,1764530,185,,single
1791134520,1769170,108,,single
1791134522,1771980,69,,single
1791134523,1782120,534,,single
1791134525,1785150,99,,single
1791134526,1790600,1464,,single
1791134528,1796470,295,,single
1791134529,1799930,20,,single
1791134531,1804010,21,,single
1791134532,1811260,788,,single
1791134533,1812090,126,,single
1791134535,1815570,18,,single
1791134536,1817190,2008,,single
1791134538,1822550,46,,single
1791134539,1824220,2599,,single
1791134541,1832640,11,,single
1791134542,1837220,4,,single
1791134544,1839880,22,,single
1791134545,1843090,8,,single
1791134547,1846170,13,,single
1791134548,1848450,9,,single
1791134550,1850160,115,,single
1791134551,1850570,3725,,single
1791134552,1859470,23,,single
1791134554,1863750,11,,single
1791134555,1869270,35,,single
1791134557,1874490,85,,single
1791134559,1875830,1164,,single
1791134560,1881420,17,,single
1791134561,1883260,6,,single
1791134563,1887400,33,,single
1791134565,1889040,15,,single
1791134566,1892420,6,,single
1791134567,1895130,37,,single
1791134569,1898290,29,,single
1791134571,1902710,5,,single
1791134572,1904540,2737,,single
1791134574,1910680,377,,single
1791134575,1913210,11,,single
1791134576,1919590,334,,single
1791134578,1922560,1358,,single
1791134580,1929870,8,,single
1791134581,1932570,1,,single
1791134582,1934570,54,,single
1791134584,1938010,80,,single
1791134585,1942660,25,,single
1791134587,1944790,40,,single
1791134588,1949190,14,,single
1791134589,1952370,16,,single
1791134591,1955230,5,,single
1791134592,1956800,111,,single
1791134594,1963040,55,,single
1791134595,1967260,26,,single
1791134603,1968730,56,,single
1791134604,1971650,1246,,single
1791134605,1977170,33,,single
1791134607,1980530,39,,single
1791134609,1985170,0,,single
1791134610,1990110,29,,single
1791134612,2005010,212,,single
1791134613,2011470,0,,single
1791134615,2014780,1349,,single
1791134616,2019810,38,,single
1791134618,2026000,291,,single
1791134619,2051620,5388,,single
1791134620,2058180,356,,single
1791134622,2059660,5,,single
1791134624,2061440,3,,single
1791134626,2066020,551,,single
1791134627,2067920,112,,single
1791134629,2069310,673,,single
1791134630,2073470,1,,single
1791134632,2076140,20,,single
1791134633,2084000,195,,single
1791134635,2088160,13,,single
1791134636,2095300,28,,single
1791134638,2097230,4,,single
1791134639,2103140,1091,,single
1791134641,2108330,192,,single
1791134642,2113900,24,,single
1791134644,2118810,59,,single
1791134645,2124120,804,,single
1791134647,2128480,54,,single
1791134648,2131650,189,,single
1791134650,2138710,739,,single
1791134651,2143680,5,,single
1791134652,2155180,498,,single
1791134654,2163330,1635,,single
1791134655,2169200,1683,,single
1791134657,2172260,15,,single
1791134659,2181720,9,,single
1791134660,2183650,38,,single
1791134662,2186320,964,,single
1791134663,2193490,26,,single
1791134665,2195250,1403,,single
1791134667,2200780,157,,single
1791134668,2206270,130,,single
1791134670,2208920,4817,,single
1791134671,2215430,5647,,single
1791134673,2218400,72,,single
1791134674,2230280,5,,single
1791134676,2231380,4541,,single
1791134677,2237970,61,,single
1791134679,2239550,469,,single
1791134680,2248760,639,,single
1791134682,2254740,39,,single
1791134683,2272400,11,,single
1791134685,2273550,10,,single
1791134686,2277320,25,,single
1791134688,2288150,450,,single
1791134689,2290180,2264,,single
1791134691,2294660,496,,single
1791134692,2300320,55364,,single
1791134694,2303350,76,,single
1791134696,2314160,48,,single
1791134697,2321470,1511,,single
1791134698,2328480,34,,single
1791134700,2331330,55,,single
1791134701,2338770,424,,single
1791134703,2351560,39,,single
1791134704,2356780,187,,single
1791134706,2362300,48,,single
1791134707,2370570,531,,single
1791134709,2379910,22,,single
1791134711,2383990,15,,single
1791134712,2390260,13,,single
1791134714,2400160,41,,single
1791134715,2400770,38,,single
1791134717,2410170,16,,single
1791134718,2420110,2568,,single
1791134720,2427700,1374,,single
1791134721,2436940,3872,,single
1791134723,2446600,59,,single
1791134724,2470300,2,,single
1791134726,2477340,118,,single
1791134727,2486740,177,,single
1791134729,2497920,44,,single
1791134730,2503770,317,,single
1791134732,2511500,386,,single
1791134733,2515020,1501,,single
1791134735,2523120,6,,single
1791134736,2531310,6060,,single
1791134738,2536840,7,,single
1791134739,2552430,5869,,single
1791134740,2555430,50,,single
1791134742,2570210,236,,single
1791134743,2582560,200,,single
1791134745,2594540,41,,single
1791134746,2597970,14,,single
1791134748,2617400,38,,single
1791134749,2634950,310,,single
1791134751,2646460,2193,,single
1791134752,2651330,2,,single
1791134754,2656540,17,,single
1791134755,2667120,108,,single
1791134756,2670630,5529,,single
1791134758,2676840,39,,single
1791134759,2683150,514,,single
1791134761,2688570,8,,single
1791134762,2693930,44,,single
1791134764,2697930,40,,single
1791134765,2707900,102,,single
1791134767,2709570,7619,,single
1791134768,2719160,180,,single
1791134770,2737300,4,,single
1791134772,2761670,116,,single
1791134773,2780980,459,,single
1791134775,2797340,30,,single
1791134777,2818260,131,,single
1791134778,2826180,119,,single
1791134780,2842040,1504,,single
1791134782,2853730,249,,single
1791134783,2878420,529,,single
1791134785,2888980,1,,single
1791134787,2909400,4467,,single
1791134788,2928280,13,,single
1791134790,2933130,824,,single
1791134792,2961880,108,,single
1791134795,2971610,17,,single
1791134796,3014080,250,,single
1791134798,3020510,4961,,single
1791134799,3035500,194,,single
1791134801,3059010,13,,single
1791134802,3107230,23,,single
1791134803,3117820,1526,,single
1791134805,3126470,1,,single
1791134806,3150440,109,,single
1791134808,3168600,111,,single
1791134809,3178350,99,,single
1791134811,3218600,5,,single
1791134813,3228590,737,,single
1791134814,3272300,1,,single
1791134816,3399950,45,,single
1791134817,3454590,116,,single
1791134818,1326470,21070,,single
1791134820,1547000,2179,,single
1791134821,360,35,,single
1791134823,2210,30,,single
1791134824,2450,1,,single
1791134825,2640,44,,single
1791134827,3483,8,,single
1791134828,3980,17,,single
1791134830,4920,139,,single
1791134831,6120,13,,single
1791134833,6420,8,,single
1791134834,6870,15,,single
1791134836,7110,10,,single
1791134837,7600,96,,single
1791134838,8600,9,,single
1791134840,9480,178,,single
1791134841,11190,12,,single
1791134843,12130,64,,single
1791134844,12830,7,,single
1791134846,13540,24,,single
1791134847,15120,65,,single
1791134849,15270,0,,single
1791134850,15700,17,,single
1791134851,16720,0,,single
1791134853,17710,0,,single
1791134854,19000,22,,single
1791134856,19900,220,,single
1791134857,20550,4,,single
1791134859,21010,9,,single
1791134860,21680,3,,single
1791134861,22100,88,,single
1791134863,22300,74,,single
1791134864,22370,361,,single
1791134866,22650,3,,single
1791134867,24670,23,,single
1791134869,24870,5,,single
1791134870,25980,25,,single
1791134872,28000,41,,single
1791134873,31170,2,,single
1791134875,32420,0,,single
1791134876,34190,19,,single
1791134877,37400,0,,single
1791134879,38700,3,,single
1791134880,39190,100,,single
1791134882,40400,3,,single
1791134883,41900,5,,single
1791134885,42990,9,,single
1791134887,45400,0,,single
1791134888,46560,29,,single
1791134889,47700,27,,single
1791134891,47920,5,,single
1791134893,48800,3,,single
1791134894,50130,403,,single
1791134896,57300,109,,single
1791134897,57740,41,,single
1791134900,62100,0,,single
1791134903,63700,0,,single
1791134905,65780,8,,single
1791134906,67370,67,,single
1791134908,71260,0,,single
1791134909,91600,8,,single
1791134911,92300,1,,single
1791134912,96100,1,,single
1791134914,99700,0,,single
1791134915,104600,2,,single
1791134917,110800,416,,single
1791134919,113400,246,,single
1791134920,200170,74,,single
1791134922,201290,11,,single
1791134923,201570,1,,single
1791134925,202990,270,,single
1791134926,203650,10,,single
1791134928,204100,510,,single
1791134929,205230,4,,single
1791134931,205950,8,,single
1791134933,207650,0,,single
1791134934,208730,5,,single
1791134936,209100,3,,single
1791134937,209670,8,,single
1791134939,210950,1,,single
1791134941,211400,2,,single
1791134942,212070,69,,single
1791134944,212390,0,,single
1791134945,214250,1,,single
1791134947,214870,22,,single
1791134948,215160,17,,single
1791134950,215690,3,,single
1791134951,215930,74,,single
1791134952,216910,3,,single
1791134954,217690,1,,single
1791134955,217920,5,,single
1791134957,218510,4,,single
1791134958,218820,6,,single
1791134960,220240,2105,,single
1791134961,220700,208,,single
1791134963,221100,55409,,single
1791134964,222480,282,,single
1791134965,222980,0,,single
1791134967,223490,0,,single
1791134968,403120,15,,single
1791134970,225020,5,,single
1791134971,225320,6,,single
1791134973,225600,0,,single
1791134974,226560,3,,single
1791134976,226720,14,,single
1791134977,227860,56,,single
1791134979,228380,730,,single
1791134980,231040,0,,single
1791134981,231330,4,,single
1791134983,232090,5582,,single
1791134984,233230,2,,single
1791134986,233550,6,,single
1791134987,234080,191,,single
1791134989,234900,0,,single
1791134990,235380,13,,single
1791134992,236370,0,,single
1791134993,236870,53,,single
1791134994,237870,5,,single
1791134996,238260,23,,single
1791134997,238370,93,,single
1791134999,238930,0,,single
1791135000,239200,19,,single
1791135001,240440,2,,single
1791135003,241320,1,,single
1791135004,242550,175,,single
1791135006,242980,0,,single
1791135007,243160,0,,single
1791135009,243780,19,,single
1791135010,244590,0,,single
1791135012,245150,0,,single
1791135013,245370,0,,single
1791135015,246090,3,,single
1791135016,247660,12,,single
1791135018,249050,54,,single
1791135019,249630,2,,single
1791135021,250380,7,,single
1791135022,250460,10,,single
1791135024,250680,6,,single
1791135025,251370,0,,single
1791135027,251830,3,,single
1791135028,252330,28,,single
1791135030,252450,9,,single
1791135031,253150,1,,single
1791135033,253510,3,,single
1791135034,253940,11,,single
1791135036,255070,2,,single
1791135037,255300,3,,single
1791135038,255520,8,,single
1791135040,257050,1,,single
1791135041,257690,0,,single
1791135043,258010,106,,single
1791135044,259170,3,,single
1791135046,260190,18,,single
1791135047,261110,16,,single
1791135048,261760,2,,single
1791135050,262260,6,,single
1791135052,262790,1,,single
1791135053,263200,1,,single
1791135055,263620,1,,single
1791135056,264730,0,,single
1791135058,265550,227,,single
1791135059,265990,8,,single
1791135060,267490,16,,single
1791135062,268750,16,,single
1791135063,269190,17,,single
1791135065,269310,4,,single
1791135067,269670,9,,single
1791135068,270170,0,,single
1791135070,270850,5,,single
1791135071,271260,18,,single
1791135072,271760,8,,single
1791135074,272230,1,,single
1791135075,273500,1,,single
1791135077,274310,1,,single
1791135078,275100,11,,single
1791135080,275670,3,,single
1791135081,277890,10,,single
1791135083,278970,10,,single
1791135084,280680,1958,,single
1791135086,281370,23,,single
1791135087,282050,5,,single
1791135089,282560,21,,single
1791135090,282900,34,,single
1791135092,283880,6,,single
1791135093,284750,17,,single
1791135095,285440,0,,single
1791135096,286240,2,,single
1791135098,287260,2,,single
1791135099,287920,7,,single
1791135101,288470,391,,single
1791135102,290080,223,,single
1791135103,290790,5,,single
1791135105,292000,2677,,single
1791135106,292410,31,,single
1791135108,293520,1,,single
1791135109,294160,3,,single
1791135111,295690,0,,single
1791135113,296300,1,,single
1791135114,296830,5,,single
1791135116,297020,0,,single
1791135117,297860,27,,single
1791135119,298260,0,,single
1791135120,299460,2,,single
1791135122,299950,3,,single
1791135123,300970,32,,single
1791135125,301520,7,,single
1791135126,302270,0,,single
1791135128,302790,0,,single
1791135129,303430,0,,single
1791135131,304030,0,,single
1791135132,305050,0,,single
1791135134,306040,0,,single
1791135135,307290,0,,single
1791135137,310370,0,,single
1791135138,310950,163,,single
1791135140,311260,293,,single
1791135141,311770,162,,single
1791135142,312280,17,,single
1791135144,312610,22,,single
1791135145,312840,70,,single
1791135147,313630,4,,single
1791135148,313780,5,,single
1791135150,314070,6,,single
1791135152,314660,13,,single
1791135153,314970,24,,single
1791135154,315660,63,,single
1791135156,317410,1,,single
1791135158,318020,34,,single
1791135159,318430,0,,single
1791135160,319140,0,,single
1791135162,320240,107,,single
1791135163,321270,7,,single
1791135165,321960,286,,single
1791135166,323220,29,,single
1791135167,324570,3,,single
1791135169,325090,1,,single
1791135170,326480,8,,single
1791135172,327220,66,,single
1791135173,327740,2,,single
1791135175,329430,185,,single
1791135176,329830,0,,single
1791135177,330390,27,,single
1791135179,331120,1,,single
1791135180,331690,2,,single
1791135183,1116960,20,,single
1791135184,333980,14,,single
1791135186,334210,4,,single
1791135187,335190,0,,single
1791135190,336150,65,,single
1791135191,338180,0,,single
1791135193,339200,8,,single
1791135194,339580,1,,single
1791135196,340000,2,,single
1791135197,340170,21,,single
1791135199,341500,0,,single
1791135200,342200,353,,single
1791135201,342980,0,,single
1791135203,344240,1,,single
1791135205,344850,21,,single
1791135206,345260,212,,single
1791135210,345370,35,,single
1791135211,345650,4,,single
1791135213,346250,0,,single
1791135214,347160,0,,single
1791135216,347600,6,,single
1791135217,347830,4,,single
1791135219,348510,0,,single
1791135220,349730,7,,single
1791135222,350740,2,,single
1791135223,351090,18,,single
1791135224,351710,15,,single
1791135227,352550,1,,single
1791135229,353360,1,,single
1791135230,354200,8,,single
1791135232,354640,0,,single
1791135233,355800,5,,single
1791135235,356050,0,,single
1791135236,356650,32,,single
1791135237,357310,24,,single
1791135239,358750,0,,single
1791135240,359230,4,,single
1791135242,359840,27,,single
1791135243,360430,1347,,single
1791135244,360940,0,,single
1791135246,362870,53,,single
1791135247,363440,79,,single
1791135249,363930,6,,single
1791135250,365070,1,,single
1791135252,366220,100,,single
1791135254,366320,6,,single
1791135255,367270,39,,single
1791135256,368340,241,,single
1791135258,368730,4,,single
1791135259,369070,2,,single
1791135261,370020,2,,single
1791135263,371200,3,,single
1791135264,372000,221,,single
1791135266,375200,0,,single
1791135267,375600,1,,single
1791135269,376680,69,,single
1791135270,377530,119,,single
1791135272,378540,85,,single
1791135274,378860,160,,single
1791135275,380360,11,,single
1791135277,381990,10,,single
1791135278,382900,18,,single
1791135280,383180,161,,single
1791135281,384110,59,,single
1791135283,384740,0,,single
1791135284,385560,3,,single
1791135286,386180,1699,,single
1791135287,387860,1,,single
1791135289,388750,5,,single
1791135291,389510,2,,single
1791135292,390340,1,,single
1791135294,391040,33,,single
1791135295,391720,39,,single
1791135297,393200,0,,single
1791135298,393530,56,,single
1791135300,394760,7,,single
1791135302,396350,1,,single
1791135303,397270,1,,single
1791135305,399790,65,,single
1791135306,400080,31,,single
1791135308,400250,0,,single
1791135309,400750,8414,,single
1791135311,401710,0,,single
1791135313,402310,0,,single
1791135314,402620,10,,single
1791135316,403180,18,,single
1791135318,404620,0,,single
1791135319,407330,4,,single
1791135321,408520,0,,single
1791135322,409100,1,,single
1791135324,409720,228,,single
1791135325,410710,8,,single
1791135327,411300,155,,single
1791135328,411970,14,,single
1791135330,412880,8,,single
1791135331,414870,0,,single
1791135333,416210,0,,single
1791135334,416690,0,,single
1791135335,417880,5,,single
1791135337,420110,22,,single
1791135338,420930,9,,single
1791135340,422510,7,,single
1791135341,423230,28,,single
1791135343,423950,3,,single
1791135344,426790,4,,single
1791135345,427290,301,,single
1791135347,427730,153,,single
1791135348,428370,0,,single
1791135350,429300,1,,single
1791135351,429940,0,,single
1791135353,431960,83184,,single
1791135354,433100,3,,single
1791135356,433350,23,,single
1791135357,434050,80,,single
1791135359,434460,39,,single
1791135360,434730,3,,single
1791135362,436110,0,,single
1791135363,436520,9,,single
1791135365,437570,1,,single
1791135366,438680,2,,single
1791135368,439940,1,,single
1791135369,440900,9147,,single
1791135371,441830,9,,single
1791135372,442080,0,,single
1791135374,443110,160,,single
1791135375,444250,0,,single
1791135376,445130,0,,single
1791135378,446150,0,,single
1791135379,449140,1,,single
1791135381,449960,6,,single
1791135382,451840,1,,single
1791135384,452510,3,,single
1791135385,454060,0,,single
1791135387,455910,5,,single
1791135388,458750,562,,single
1791135390,460120,11,,single
1791135391,460790,282,,single
1791135392,461430,11,,single
1791135394,461870,2,,single
1791135395,462930,27,,single
1791135397,463270,2,,single
1791135398,464780,0,,single
1791135400,465240,23,,single
1791135401,465760,2,,single
1791135403,466500,8,,single
1791135404,468530,0,,single
1791135406,469790,2,,single
1791135407,469990,8,,single
1791135409,471660,5,,single
1791135410,474750,25,,single
1791135412,477730,14,,single
1791135413,485030,0,,single
1791135414,485510,512,,single
1791135416,487000,15,,single
1791135418,487700,5,,single
1791135419,488790,1646,,single
1791135421,490220,10,,single
1791135422,493370,17,,single
1791135423,493540,9,,single
1791135425,495420,2188,,single
1791135426,496300,208,,single
1791135428,496810,1,,single
1791135429,500260,32,,single
1791135430,502550,0,,single
1791135432,503300,1,,single
1791135433,503620,4,,single
1791135435,504770,1,,single
1791135436,505640,3,,single
1791135438,506140,66,,single
1791135439,509980,119,,single
1791135440,510510,3,,single
1791135442,512250,3,,single
1791135443,513290,2,,single
1791135445,513710,9895,,single
1791135446,514920,0,,single
1791135448,515960,24,,single
1791135449,519140,0,,single
1791135451,520440,97,,single
1791135452,521150,24,,single
1791135454,523000,14,,single
1791135455,524220,1642,,single
1791135457,525680,15,,single
1791135458,526490,16,,single
1791135459,527450,5,,single
1791135461,528740,293,,single
1791135462,529590,9,,single
1791135464,530330,2,,single
1791135465,530890,21,,single
1791135467,532840,1,,single
1791135468,534380,6049,,single
1791135469,535930,954,,single
1791135471,536930,1,,single
1791135472,537450,8,,single
1791135473,540610,5,,single
1791135475,543260,7,,single
1791135476,544730,1097,,single
1791135478,545650,4,,single
1791135479,546390,1,,single
1791135481,548570,93,,single
1791135482,550650,287,,single
1791135483,552450,2,,single
1791135485,552700,35,,single
1791135486,555150,1,,single
1791135488,555570,178,,single
1791135489,557180,15,,single
1791135490,559100,46,,single
1791135492,560130,439,,single
1791135493,562230,3,,single
1791135495,566090,0,,single
1791135496,566540,32,,single
1791135498,567640,646,,single
1791135501,570460,0,,single
1791135503,572410,52,,single
1791135504,574760,9,,single
1791135506,576500,2,,single
1791135507,578620,13,,single
1791135509,579180,43,,single
1791135510,581270,3,,single
1791135512,582660,22139,,single
1791135513,585550,1,,single
1791135515,586140,361,,single
1791135516,586980,3,,single
1791135518,587260,9,,single
1791135519,588190,8,,single
1791135520,588950,4,,single
1791135522,589530,81,,single
1791135523,591420,5,,single
1791135525,594130,5,,single
1791135526,597820,98,,single
1791135528,598700,24,,single
1791135529,601050,105,,single
1791135531,601810,3,,single
1791135532,603530,2,,single
1791135534,604540,91,,single
1791135535,606280,204,,single
1791135536,606880,155,,single
1791135538,607890,18,,single
1791135539,609490,5,,single
1791135541,611660,85,,single
1791135542,612020,83,,single
1791135543,612570,4,,single
1791135545,613190,0,,single
1791135547,617160,11,,single
1791135548,618720,2,,single
1791135549,619540,11,,single
1791135551,620190,7,,single
1791135552,622220,24,,single
1791135554,622720,17,,single
1791135555,625960,1574,,single
1791135556,628670,17,,single
1791135558,629520,18567,,single
1791135559,629910,17,,single
1791135561,632000,1,,single
1791135562,633360,24,,single
1791135563,636040,903,,single
1791135565,637100,41,,single
1791135566,638070,3,,single
1791135568,638850,2,,single
1791135569,640150,0,,single
1791135570,641780,26,,single
1791135572,644830,74,,single
1791135573,646200,0,,single
1791135575,649950,8,,single
1791135576,650510,6,,single
1791135578,651670,23,,single
1791135579,654990,1,,single
1791135581,658260,1,,single
1791135582,658850,153,,single
1791135584,664430,3,,single
1791135585,665360,5,,single
1791135587,668580,6712,,single
1791135588,670260,4,,single
1791135590,671970,20,,single
1791135592,673000,1,,single
1791135593,674020,5,,single
1791135595,677120,96,,single
1791135596,678900,38,,single
1791135598,682990,137,,single
1791135599,684580,5,,single
1791135601,686260,0,,single
1791135603,687260,1,,single
1791135604,688130,104,,single
1791135605,690640,182,,single
1791135607,691020,1,,single
1791135608,692850,288,,single
1791135610,695920,5,,single
1791135611,696480,0,,single
1791135613,698780,785,,single
1791135615,700030,6,,single
1791135616,702670,57,,single
1791135618,704270,535,,single
1791135619,706990,25,,single
1791135621,709440,0,,single
1791135622,711810,2,,single
1791135624,715560,20,,single
1791135625,717560,2,,single
1791135627,718670,322,,single
1791135628,720280,0,,single
1791135630,722560,3,,single
1791135631,726360,3,,single
1791135633,727130,12,,single
1791135634,728730,51,,single
1791135635,732240,9,,single
1791135637,735850,1,,single
1791135638,737800,138,,single
1791135640,738540,80,,single
1791135641,741670,0,,single
1791135643,743890,129,,single
1791135644,744900,735,,single
1791135645,747340,3,,single
1791135647,750050,0,,single
1791135648,752480,5,,single
1791135650,753650,7,,single
1791135651,754890,4,,single
1791135653,756530,13,,single
1791135654,757310,44,,single
1791135655,760060,76,,single
1791135657,764300,16,,single
1791135658,765870,23,,single
1791135660,767930,1,,single
1791135661,770100,5,,single
1791135665,773670,1,,single
1791135666,774241,81,,single
1791135668,774541,0,,single
1791135669,776340,1,,single
1791135670,779290,10,,single
1791135672,780210,22,,single
1791135673,785260,9,,single
1791135675,787810,32,,single
1791135676,788260,1,,single
1791135678,788770,3,,single
1791135679,792220,7,,single
1791135681,794540,1,,single
1791135682,798420,36,,single
1791135683,801800,308,,single
1791135685,803980,6,,single
1791135686,806140,26,,single
1791135688,809140,32,,single
1791135689,811870,1,,single
1791135691,814480,40,,single
1791135692,816020,9,,single
1791135694,820630,2,,single
1791135695,822930,0,,single
1791135696,824270,3332,,single
1791135698,826940,4,,single
1791135699,830820,5,,single
1791135701,834530,96,,single
1791135702,837380,89,,single
1791135704,839310,3,,single
1791135705,842100,15,,single
1791135707,844660,2,,single
1791135708,846800,2,,single
1791135709,849740,1,,single
1791135711,852090,4,,single
1791135712,857980,23,,single
1791135714,859680,0,,single
1791135715,862800,7,,single
1791135717,863570,5,,single
1791135718,868020,1,,single
1791135719,871530,15,,single
1791135721,872410,3414,,single
1791135722,877200,10,,single
1791135724,878750,8,,single
1791135725,880850,22,,single
1791135727,883860,224,,single
1791135728,886900,13,,single
1791135729,889480,0,,single
1791135731,891220,0,,single
1791135732,893680,17,,single
1791135734,897030,4,,single
1791135735,899310,1,,single
1791135737,900040,131,,single
1791135738,906100,60,,single
1791135740,910490,5,,single
1791135741,911430,20,,single
1791135743,914690,133,,single
1791135744,915810,10,,single
1791135746,918820,0,,single
1791135747,920210,866,,single
1791135749,921800,51,,single
1791135750,924140,0,,single
1791135751,924980,65,,single
1791135753,927380,52,,single
1791135754,928950,0,,single
1791135756,931280,20,,single
1791135757,933110,5749,,single
1791135758,934780,12,,single
1791135760,938380,41,,single
1791135761,939520,28,,single
1791135763,940910,3,,single
1791135764,944220,3,,single
1791135766,946030,2,,single
1791135767,952040,25,,single
1791135768,952250,0,,single
1791135770,954740,238,,single
1791135771,955900,418,,single
1791135773,957960,9,,single
1791135774,960910,821,,single
1791135776,964650,1,,single
1791135777,968790,38,,single
1791135779,970570,60,,single
1791135780,971030,0,,single
1791135782,977720,0,,single
1791135783,979060,107,,single
1791135785,980940,5,,single
1791135786,984110,0,,single
1791135790,984800,11,,single
1791135791,990050,8,,single
1791135793,991560,6,,single
1791135794,992640,1,,single
1791135795,994220,4,,single
1791135797,996380,2,,single
1791135798,999020,75,,single
1791135802,1000410,10,,single
1791135803,1004240,4,,single
1791135805,1005870,3,,single
1791135806,1011510,132,,single
1791135807,2696480,45,,single
1791135809,1015930,10,,single
1791135810,1016950,184,,single
1791135812,1018020,10,,single
1791135813,1025580,0,,single
1791135814,1026680,260,,single
1791135816,1029690,2948,,single
1791135817,1030830,1024,,single
1791135819,1031460,5,,single
1791135820,1034900,7,,single
1791135822,1037020,17,,single
1791135823,1040550,0,,single
1791135825,1041920,2,,single
1791135826,1042780,4,,single
1791135828,1044620,40,,single
1791135829,1046820,11,,single
1791135831,1049320,20,,single
1791135832,1049890,9,,single
1791135834,1056640,731,,single
1791135835,1057640,42,,single
1791135837,1062000,3,,single
1791135838,1063490,1,,single
1791135839,1064340,14,,single
1791135841,1069030,9,,single
1791135842,1070910,19,,single
1791135844,1072500,40,,single
1791135845,1079620,1,,single
1791135846,1084160,2928,,single
1791135848,1086940,68621,,single
1791135849,1088150,110,,single
1791135851,1090630,6,,single
1791135852,1092730,14,,single
1791135854,1096200,2,,single
1791135855,1096710,44,,single
1791135856,1097580,19,,single
1791135858,1099410,339,,single
1791135859,1101450,7,,single
1791135861,1104280,72,,single
1791135862,1105420,685,,single
1791135864,1106340,10,,single
1791135865,1107320,71,,single
1791135867,1108590,11,,single
1791135868,1110910,76,,single
1791135869,1112400,6,,single
1791135871,1113560,463,,single
1791135873,1117090,29,,single
1791135874,1119700,6,,single
1791135875,1121560,14,,single
1791135877,1124260,3,,single
1791135878,1127840,21,,single
1791135880,1128810,2597,,single
1791135881,1130620,4,,single
1791135882,1133120,5,,single
1791135884,1134700,442,,single
1791135885,1136160,38,,single
1791135887,1137300,81,,single
1791135888,1140890,2,,single
1791135890,1142080,6,,single
1791135891,1546920,4,,single
1791135893,1146370,58,,single
1791135894,1147510,1,,single
1791135896,1150440,309,,single
1791135897,1151340,12434,,single
1791135899,1157340,2,,single
1791135900,1159660,3,,single
1791135901,1161830,118,,single
1791135903,1164390,0,,single
1791135904,1167140,19,,single
1791135906,1170950,293,,single
1791135907,1172050,0,,single
1791135909,1173780,127,,single
1791135910,1175830,24,,single
1791135911,1178780,2,,single
1791135913,1179680,176,,single
1791135914,1181400,0,,single
1791135916,1183800,5,,single
1791135917,1184370,3918,,single
1791135918,1186040,6,,single
1791135920,1189630,59,,single
1791135922,1190400,2,,single
1791135923,1194840,4,,single
1791135925,1196310,285,,single
1791135926,1200860,0,,single
1791135928,1203620,11260,,single
1791135929,1206060,7,,single
1791135930,1208600,4,,single
1791135932,1212620,3,,single
1791135934,1214650,33,,single
1791135935,1218280,7,,single
1791135937,1220140,99,,single
1791135938,1222670,35008,,single
1791135939,1224020,9,,single
1791135941,1225570,461,,single
1791135943,1227780,12,,single
1791135944,1229460,3,,single
1791135946,1231990,25,,single
1791135947,1234430,16,,single
1791135949,1235140,742,,single
1791135951,1237980,56,,single
1791135953,1238040,252,,single
1791135954,1238820,225,,single
1791135955,1239520,19,,single
1791135957,1244950,9,,single
1791135958,1249130,4,,single
1791135960,1250650,18,,single
1791135961,1252600,74,,single
1791135962,1253920,313,,single
1791135964,1255560,43,,single
1791135965,1257290,11,,single
1791135967,1259790,185,,single
1791135968,1263070,3,,single
1791135969,1265780,8,,single
1791135971,1266690,3,,single
1791135972,1268590,53,,single
1791135974,1269690,42,,single
1791135975,1271700,86,,single
1791135976,1274570,1264,,single
1791135978,1276760,164,,single
1791135979,1277930,82,,single
1791135981,1281270,4,,single
1791135982,1282590,41,,single
1791135984,1283230,18,,single
1791135985,1284820,12,,single
1791135987,1287840,68,,single
1791135988,1290270,9,,single
1791135990,1293160,19,,single
1791135991,1295660,13441,,single
1791135993,1296510,0,,single
1791135994,1298140,10,,single
1791135995,1305080,45,,single
1791135997,1307660,1,,single
1791135998,1311070,10,,single
1791136000,1317020,1,,single
1791136001,1321450,30,,single
1791136003,1324350,5,,single
1791136004,1325860,10642,,single
1791136005,1328990,13,,single
1791136007,1333200,21,,single
1791136008,1334010,1,,single
1791136010,1336180,26,,single
1791136011,1341820,33,,single
1791136013,1346070,3,,single
1791136014,1351240,220,,single
1791136016,1355090,37,,single
1791136017,1358140,9,,single
1791136018,1361680,35,,single
1791136020,1367590,66,,single
1791136022,1368870,48,,single
1791136023,1369520,1,,single
1791136024,1371690,5,,single
1791136026,1372150,13,,single
1791136027,1373550,10,,single
1791136029,1374970,22,,single
1791136030,1377580,152,,single
1791136032,1380390,1,,single
1791136033,1384700,4,,single
1791136035,1388880,186,,single
1791136036,1391530,36,,single
1791136037,1395030,18,,single
1791136039,1401730,43,,single
1791136040,1402320,5,,single
1791136042,1406990,22,,single
1791136043,1412310,7,,single
1791136045,1415660,2,,single
1791136046,1419160,38,,single
1791136048,1421290,18,,single
1791136049,1424980,1,,single
1791136051,1427340,7,,single
1791136052,1428900,1,,single
1791136054,1432050,95,,single
1791136055,1433990,28,,single
1791136057,1439300,1,,single
1791136058,1443490,2,,single
1791136060,1446650,72,,single
1791136061,1451940,477,,single
1791136063,1456820,17,,single
1791136064,1457320,70,,single
1791136066,1465460,981,,single
1791136067,1465860,0,,single
1791136068,1471270,16,,single
1791136070,1474740,13,,single
1791136071,1478070,0,,single
1791136073,1480560,65,,single
1791136074,1484720,62,,single
1791136075,1487210,139,,single
1791136077,1489630,68,,single
1791136078,1491410,30,,single
1791136080,1493750,17,,single
1791136081,1494460,163,,single
1791136083,1498570,353,,single
1791136085,1502660,8,,single
1791136086,1506830,958,,single
1791136088,1508030,0,,single
1791136089,1515950,27,,single
1791136091,1519310,5,,single
1791136092,1529810,1,,single
1791136094,1531540,157,,single
1791136095,1536620,18,,single
1791136097,1541250,2,,single
1791136098,1544020,95,,single
1791136100,1549180,4,,single
1791136101,1550010,38,,single
1791136103,1552810,16,,single
1791136105,1556100,14,,single
1791136107,1562420,39,,single
1791136108,1569200,11,,single
1791136111,1573720,23,,single
1791136114,1574270,15,,single
1791136119,1577250,4,,single
1791136120,1580780,52,,single
1791136122,1584940,55,,single
1791136123,1590840,9,,single
1791136125,1591520,0,,single
1791136126,1593030,401,,single
1791136127,1597310,14,,single
1791136129,1602000,550,,single
1791136130,1608400,5,,single
1791136132,1609730,5,,single
1791136133,1612420,41,,single
1791136134,1618380,56,,single
1791136136,1621140,0,,single
1791136138,1622900,46,,single
1791136139,1627350,5,,single
1791136140,1632490,6,,single
1791136142,1636710,3,,single
1791136144,1641960,272,,single
1791136146,1644490,7,,single
1791136147,1649080,828,,single
1791136149,1659600,10,,single
1791136150,1662210,20,,single
1791136152,1668290,1,,single
1791136153,1670870,26,,single
1791136155,1672500,97,,single
1791136156,1677350,132,,single
1791136157,1680880,49,,single
1791136159,1684410,4,,single
1791136160,1690730,45,,single
1791136162,1692240,0,,single
1791136163,1694960,12,,single
1791136165,1697880,18,,single
1791136166,1702330,68,,single
1791136168,1707550,27,,single
1791136169,1708460,0,,single
1791136171,1711950,25,,single
1791136172,1714320,3,,single
1791136174,1715130,176,,single
1791136175,1716740,5541,,single
1791136176,1722620,0,,single
1791136178,1726400,2,,single
1791136179,1732190,18,,single
1791136182,1739300,17,,single
1791136183,1742930,8,,single
1791136184,1749860,27,,single
1791136186,1760250,28,,single
1791136187,1762930,77,,single
1791136189,1766060,1851,,single
1791136190,1776380,26,,single
1791136191,1778840,52,,single
1791136193,1784570,345,,single
1791136194,1794960,133,,single
1791136196,1803400,22,,single
1791136197,1809700,277,,single
1791136199,1814010,61,,single
1791136201,1823950,32,,single
1791136202,1836120,106,,single
1791136204,1840080,50,,single
1791136205,1843760,153,,single
1791136207,1849790,32,,single
1791136208,1850740,203,,single
1791136210,1856030,42,,single
1791136211,1858630,52,,single
1791136213,1867530,6,,single
1791136214,1872860,1,,single
1791136215,1878740,1,,single
1791136217,1885750,0,,single
1791136219,1893620,3,,single
1791136220,1898300,1479,,single
1791136222,1902690,70,,single
1791136223,1914580,1,,single
1791136224,1918040,47,,single
1791136226,1923790,5,,single
1791136227,1926520,22,,single
1791136229,1929610,1015,,single
1791136230,1933660,60,,single
1791136232,1938090,38643,,single
1791136233,1944240,6,,single
1791136235,1947500,12,,single
1791136236,1949030,54,,single
1791136238,1954420,245,,single
1791136239,1959350,0,,single
1791136241,1961950,91,,single
1791136242,1968340,2,,single
1791136244,1975520,82,,single
1791136245,1981820,74,,single
1791136247,1984020,8,,single
1791136248,1987080,407,,single
1791136249,1990740,25,,single
1791136251,1997660,41,,single
1791136253,2001070,61,,single
1791136254,2005160,27,,single
1791136255,2009100,27,,single
1791136257,2013360,73,,single
1791136258,2021910,316,,single
1791136260,2023360,4,,single
1791136261,2051120,78,,single
1791136262,2055290,14,,single
1791136264,2071280,1817,,single
1791136265,2075720,99,,single
1791136267,2083210,8,,single
1791136268,2089350,9,,single
1791136269,2102450,15,,single
1791136271,2106670,87,,single
1791136272,2110820,17,,single
1791136274,2121980,56,,single
1791136275,2130460,10,,single
1791136277,2138610,72,,single
1791136278,2141730,1754,,single
1791136280,2157560,342,,single
1791136281,2167220,13,,single
1791136282,2179380,53,,single
1791136284,2187220,321,,single
1791136285,2197890,108,,single
1791136286,2201940,539,,single
1791136288,2209680,5,,single
1791136290,2215260,15,,single
1791136291,2221920,577,,single
1791136293,2230110,111,,single
1791136294,2239710,982,,single
1791136296,2249160,6,,single
1791136297,2257010,24,,single
1791136299,2262770,17,,single
1791136300,2276980,30,,single
1791136302,2286390,7,,single
1791136303,2288630,93,,single
1791136305,2292650,18,,single
1791136306,2306590,186,,single
1791136307,2315400,33,,single
1791136309,2316580,4,,single
1791136310,2334170,4,,single
1791136312,2338140,98,,single
1791136313,2344520,31237,,single
1791136314,2348610,29,,single
1791136316,2367820,1,,single
1791136317,2375550,166,,single
1791136319,2384620,91,,single
1791136320,2390230,60,,single
1791136322,2396980,198,,single
1791136323,2401230,8,,single
1791136324,2405060,29,,single
1791136326,2407830,80,,single
1791136327,2427410,322,,single
1791136329,2429350,1,,single
1791136330,2431100,2,,single
1791136332,2438680,49,,single
1791136333,2442020,3,,single
1791136334,2446550,31,,single
1791136336,2453060,24,,single
1791136337,2457220,527,,single
1791136339,2458830,9,,single
1791136340,2473480,44,,single
1791136342,2481020,15,,single
1791136343,2490990,60,,single
1791136345,2497900,18,,single
1791136346,2510960,79,,single
1791136348,2518960,70,,single
1791136349,2529170,17,,single
1791136351,2536530,0,,single
1791136352,2545360,17,,single
1791136354,2565550,8,,single
1791136355,2599270,14,,single
1791136357,2609610,135,,single
1791136358,2619650,141,,single
1791136359,2623190,1842,,single
1791136361,2631250,7,,single
1791136362,2659900,25,,single
1791136364,2668430,57,,single
1791136365,2671970,12,,single
1791136367,2682580,15,,single
1791136368,2691350,1,,single
1791136370,2695940,204,,single
1791136371,2701660,203,,single
1791136373,2719940,101,,single
1791136374,2727650,17,,single
1791136375,2745870,33,,single
1791136377,2749770,56,,single
1791136378,2757330,11,,single
1791136380,2768430,424,,single
1791136382,2786680,36,,single
1791136383,2796010,30,,single
1791136385,2820820,203,,single
1791136386,2826800,21,,single
1791136388,2840770,2284,,single
1791136390,2853590,256,,single
1791136392,2870710,10,,single
1791136393,2891310,11,,single
1791136394,2904000,2142,,single
1791136396,2919660,22,,single
1791136397,2922410,52,,single
1791136399,2943150,4,,single
1791136402,2952470,8,,single
1791136404,2965660,183,,single
1791136405,2996040,204,,single
1791136407,3011030,15,,single
1791136409,3021100,146,,single
1791136410,3037410,767,,single
1791136411,3062930,2,,single
1791136413,3099730,1,,single
1791136415,3123410,85,,single
1791136416,3149370,3,,single
1791136417,3179730,85,,single
1791136419,3187030,1203,,single
1791136421,3213850,1748,,single
1791136422,3238670,244,,single
1791136424,3258290,227,,single
1791136425,3314060,279,,single
1791136427,3339780,7,,single
1791136428,3400930,131,,single
1791136430,3435260,15,,single
1791136431,3453600,61,,single
1791136433,3539440,23,,single
1791136434,1859910,480,,single
1791136436,1520470,283,,single
1791136437,1504570,4,,single
1791136438,1880330,18,,single
1791136440,1162520,325,,single
1791136441,47790,103,,single
1791136443,2361680,52,,single
1791136444,652980,2,,single
1791136445,1239020,54,,single
1791136447,1407450,28,,single
1791136448,1506980,9,,single
1791136450,1461810,14,,single
1791136451,1008710,0,,single
1791136453,570780,33,,single
1791136454,1393350,2,,single
1791136456,2453360,186,,single
1791136457,703700,2,,single
1791136459,1434480,39,,single
1791136461,2696050,138,,single
1791136462,33220,75,,single
1791136464,2106520,75,,single
1791136465,2321210,1,,single
1791136467,1146970,10,,single
1791136468,1233270,1,,single
1791136470,1230410,3,,single
1791136471,2875140,2,,single
1791136473,244710,3,,single
1791136475,967250,4,,single
1791136476,1069230,7,,single
1791136477,296710,21,,single
1791136479,1672670,0,,single
1791136480,1186400,0,,single
1791136482,3109580,106,,single
1791136483,1217390,9,,single
1791136485,851800,0,,single
1791136486,2093920,16,,single
1791136488,1191210,0,,single
1791136489,2734450,33,,single
1791136491,570770,14,,single
1791136493,1225780,4,,single
1791136494,1939560,9,,single
1791136496,789760,5,,single
1791136497,600090,9,,single
1791136498,1334040,5,,single
1791136500,1256610,2,,single
1791136501,1149660,0,,single
1791136503,278890,5,,single
1791136505,1057680,0,,single
1791136506,921390,27,,single
1791136507,779640,4,,single
1791136509,241910,27,,single
1791136510,2346410,35,,single
1791136512,588690,12,,single
1791136513,1161870,1,,single
1791136514,400240,3,,single
1791136516,2510770,15,,single
1791136518,280180,2,,single
1791136519,1868000,8,,single
1791136520,1510030,12,,single
1791136522,1801650,9,,single
1791136523,1562260,1,,single
1791136525,1212830,0,,single
1791136526,1193340,0,,single
1791136528,258760,14,,single
1791136529,1277940,18,,single
1791136531,1601740,0,,single
1791136532,665090,0,,single
1791136534,3028500,2,,single
1791136536,2986260,15,,single
1791136537,1041840,22,,single
1791136538,500710,11,,single
1791136540,2868860,98,,single
1791136542,2226700,37,,single
1791136543,704030,2,,single
1791136544,599460,9,,single
1791136546,1060670,0,,single
1791136547,551770,2,,single
1791136549,758530,0,,single
1791136550,1449070,6,,single
1791136552,3376250,196,,single
1791136553,381640,2,,single
1791136555,1519090,74,,single
1791136556,2780710,157,,single
1791136558,1083210,0,,single
1791136559,810670,0,,single
1791136560,948830,2,,single
1791136562,2093010,3,,single
1791136564,600370,1,,single
1791136565,742250,1,,single
1791136566,1028470,1,,single
1791136568,656200,1,,single
1791136569,1904860,41,,single
1791136571,1985930,1,,single
1791136572,1471180,36,,single
1791136573,2957700,19,,single
1791136575,1340130,6,,single
1791136576,2642890,0,,single
1791136578,2111870,8,,single
1791136580,662830,23,,single
1791136581,668550,13,,single
1791136583,970560,24,,single
1791136584,1101360,23,,single
1791136586,1159420,42,,single
1791136587,1246020,5,,single
1791136589,2628570,0,,single
1791136590,1089630,4,,single
1791136592,1783780,24,,single
1791136593,2963550,2,,single
1791136595,835650,15,,single
1791136596,585020,0,,single
1791136597,1594880,6,,single
1791136599,1274490,11,,single
1791136600,2137760,9,,single
1791136602,710470,2,,single
1791136603,2882870,6,,single
1791136605,2621150,0,,single
1791136606,1162070,5,,single
1791136608,2788040,11,,single
1791136609,2232600,9,,single
1791136611,2849960,2,,single
1791136612,1057180,0,,single
1791136614,760640,202,,single
1791136616,1092040,1,,single
1791136617,1674890,3,,single
1791136618,1405470,8,,single
1791136620,1546010,1,,single
1791136621,3395140,6,,single
1791136623,2400640,14,,single
1791136624,671800,4,,single
1791136626,826600,2,,single
1791136627,418670,11,,single
1791136629,1232460,6,,single
1791136630,1638300,21,,single
1791136632,364050,2,,single
1791136633,1151450,16,,single
1791136635,65600,24,,single
1791136636,2115390,20,,single
1791136638,1029630,10,,single
1791136639,326190,0,,single
1791136641,2389040,31,,single
1791136642,553790,1,,single
1791136644,1037130,3,,single
1791136645,975470,3,,single
1791136647,858940,4,,single
1791136648,1409830,2,,single
1791136650,3364770,0,,single
1791136651,1930600,1,,single
1791136652,907270,2,,single
1791136654,2757350,2,,single
1791136655,769970,4,,single
1791136657,319830,11,,single
1791136658,1328890,7,,single
1791136660,1433420,2,,single
1791136662,2310700,21,,single
1791136663,275470,0,,single
1791136665,2720280,3,,single
1791136666,2997980,28,,single
1791136668,929200,15,,single
1791136669,2186700,1,,single
1791136671,2456350,18,,single
1791136672,440760,0,,single
1791136673,2712580,0,,single
1791136675,645260,140,,single
1791136676,2162680,3,,single
1791136678,1115780,4,,single
1791136679,1583570,1,,single
1791136681,2485180,0,,single
1791136682,2087460,1,,single
1791136684,3215170,1,,single
1791136685,2125540,2,,single
1791136687,1253710,6,,single
1791136689,481870,2,,single
1791136691,418950,1,,single
1791136693,1269020,6,,single
1791136694,1426490,1,,single
1791136696,370510,0,,single
1791136697,3268080,0,,single
1791136700,440730,0,,single
1791136703,2904890,4,,single
1791136704,1323470,4,,single
1791136706,1222800,211,,single
1791136707,6840,10,,single
1791136709,2782610,28,,single
1791136710,2898270,65,,single
1791136712,2603020,29,,single
1791136713,463210,0,,single
1791136714,2754690,3,,single
1791136716,2186360,30,,single
1791136717,975680,2,,single
1791136719,3099000,16,,single
1791136720,809060,4,,single
1791136722,2429240,5,,single
1791136723,1684100,1,,single
1791136725,1557480,3,,single
1791136726,966430,0,,single
1791136728,2701510,1,,single
1791136729,738510,2,,single
1791136731,3334550,3,,single
1791136733,375450,143,,single
1791136734,880510,0,,single
1791136736,1433570,11,,single
1791136737,887720,1,,single
1791136739,1910790,4,,single
1791136740,2846290,1,,single
1791136742,587420,1,,single
1791136744,2600600,9,,single
1791136745,2175540,628,,single
1791136747,482300,2,,single
1791136748,1485870,1,,single
1791136750,713650,1,,single
1791136751,1007350,3,,single
1791136753,970510,7,,single
1791136755,685340,6,,single
1791136757,673260,43,,single
1791136758,1460220,8,,single
1791136760,522570,3,,single
1791136761,380020,1,,single
1791136763,1731520,1,,single
1791136765,1857740,23,,single
1791136766,482450,11,,single
1791136768,881690,0,,single
1791136770,2057550,4,,single
1791136771,1612780,8,,single
1791136773,229580,1,,single
1791136775,299480,0,,single
1791136776,489610,0,,single
1791136778,2317640,35,,single
1791136779,1003480,24,,single
1791136781,1755910,21,,single
1791136783,2286780,24,,single
1791136784,691280,0,,single
1791136786,205840,4,,single
1791136787,2178990,9,,single
1791136789,1964040,16,,single
1791136790,936500,7,,single
1791136792,391070,1,,single
1791136793,2111630,42,,single
1791136795,658550,3,,single
1791136796,893720,5,,single
1791136798,655100,1,,single
1791136799,2865580,31,,single
1791136801,1393410,0,,single
1791136802,367570,0,,single
1791136804,369420,3,,single
1791136806,1264970,9,,single
1791136807,357290,0,,single
1791136809,701930,0,,single
1791136810,2455370,5,,single
1791136812,488730,1,,single
1791136813,1948700,0,,single
1791136815,415480,3,,single
1791136816,2618840,0,,single
1791136818,2430730,26,,single
1791136820,2461050,1,,single
1791136821,2075100,11,,single
1791136823,1178400,71,,single
1791136824,282010,5,,single
1791136826,252010,1,,single
1791136827,2403290,1,,single
1791136829,2521630,24,,single
1791136830,515260,20,,single
1791136832,1370140,10,,single
1791136833,2840210,4,,single
1791136835,1679320,1,,single
1791136836,654900,2,,single
1791136838,90200,16,,single
1791136839,664180,1,,single
1791136841,1299360,3,,single
1791136842,345220,0,,single
1791136844,1475400,0,,single
1791136845,1266600,0,,single
1791136847,2294450,12,,single
1791136848,1768650,4,,single
1791136850,1334700,1,,single
1791136851,257830,0,,single
1791136853,871420,4,,single
1791136854,2014550,9,,single
1791136856,301200,1,,single
1791136857,2637070,7,,single
1791136859,1501690,41,,single
1791136860,719640,196,,single
1791136862,352950,0,,single
1791136865,965320,65,,single
1791136866,2910460,0,,single
1791136868,1664350,2,,single
1791136869,447850,5,,single
1791136871,1158220,6,,single
1791136872,347290,0,,single
1791136874,526790,0,,single
1791136875,2404370,5,,single
1791136877,887060,4,,single
1791136878,1687000,13,,single
1791136879,402040,1,,single
1791136881,2019760,6,,single
1791136882,454100,0,,single
1791136884,1119600,12,,single
1791136885,1157250,0,,single
1791136887,11480,15,,single
1791136888,1089790,3,,single
1791136890,2165390,0,,single
1791136891,2487060,15,,single
1791136893,503820,0,,single
1791136894,680980,0,,single
1791136896,2251010,0,,single
1791136898,2830150,12,,single
1791136899,703320,22,,single
1791136900,1259800,27,,single
1791136902,904740,0,,single
1791136903,1385100,2,,single
1791136905,462680,2,,single
1791136906,1118840,0,,single
1791136908,1418160,1,,single
1791136909,851530,0,,single
1791136911,1349120,0,,single
1791136913,1133590,3,,single
1791136914,1939790,6,,single
1791136915,575950,0,,single
1791136917,1483370,5,,single
1791136918,423590,0,,single
1791136920,1429880,55,,single
1791136921,2151580,7,,single
1791136922,2064810,7,,single
1791136924,418190,0,,single
1791136925,253290,0,,single
1791136927,920680,0,,single
1791136928,1266630,176,,single
1791136930,1640630,2,,single
1791136931,1147940,1,,single
1791136933,1518770,1,,single
1791136934,1121710,3,,single
1791136936,1213230,8,,single
1791136937,1238680,25,,single
1791136938,1054550,0,,single
1791136940,1049710,3,,single
1791136941,1311250,1,,single
1791136943,605610,0,,single
1791136944,1335230,3,,single
1791136946,388060,4,,single
1791136947,111600,0,,single
1791136949,659190,1,,single
1791136950,1373880,11,,single
1791136951,1430220,7,,single
1791136953,2774190,0,,single
1791136954,1223870,1,,single
1791136956,1260130,0,,single
1791136957,1003400,49,,single
1791136959,3385670,3,,single
1791136960,2591210,34,,single
1791136962,398680,0,,single
1791136963,345430,1,,single
1791136964,294230,1,,single
1791136966,65610,1,,single
1791136967,33180,5,,single
1791136969,2270210,3,,single
1791136970,430070,0,,single
1791136971,2532050,2,,single
1791136973,317100,2,,single
1791136974,2457540,87,,single
1791136976,681390,0,,single
1791136977,263680,0,,single
1791136979,2552310,1,,single
1791136980,3410310,1,,single
1791136981,1717090,3,,single
1791136983,1465890,0,,single
1791136984,1688100,0,,single
1791136986,1233880,28,,single
1791136987,485040,2,,single
1791136988,268220,0,,single
1791136990,3046600,44,,single
1791136992,1415140,6,,single
1791136993,301840,0,,single
1791136994,1449320,5,,single
1791136996,545690,3,,single
1791136997,741820,5,,single
1791136999,1494560,12,,single
1791137001,228960,1,,single
1791137003,1639080,9,,single
1791137004,247140,0,,single
1791137006,2060750,4,,single
1791137007,389270,1,,single
1791137009,339790,35,,single
1791137010,33610,5,,single
1791137011,975270,5,,single
1791137013,1647190,3,,single
1791137014,2851150,14,,single
1791137016,1620290,9,,single
1791137017,1292910,2,,single
1791137018,2353340,6,,single
1791137020,2917350,19,,single
1791137021,1300920,1,,single
1791137022,1252560,1,,single
1791137024,1189440,8,,single
1791137025,341550,0,,single
1791137027,2439760,3,,single
1791137028,574080,1,,single
1791137029,1372300,1,,single
1791137031,1119060,0,,single
1791137032,698870,0,,single
1791137034,209730,2,,single
1791137035,1331210,3,,single
1791137036,353550,0,,single
1791137038,755980,0,,single
1791137039,538810,4,,single
1791137041,1418020,3,,single
1791137042,965670,2,,single
1791137043,285840,0,,single
1791137045,1013870,4,,single
1791137046,23450,10,,single
1791137048,530950,1,,single
1791137049,3411020,7,,single
1791137050,1144440,1,,single
1791137052,262550,1,,single
1791137053,209230,4,,single
1791137054,251530,1,,single
1791137056,472680,0,,single
1791137057,517810,43,,single
1791137058,2187230,5,,single
1791137060,1036740,0,,single
1791137062,565860,0,,single
1791137063,877360,0,,single
1791137065,1007810,0,,single
1791137066,3080380,0,,single
1791137068,2204350,10,,single
1791137069,2377970,3,,single
1791137071,555510,9,,single
1791137072,1497950,2,,single
1791137074,326150,2,,single
1791137075,1656930,14,,single
1791137076,232950,4,,single
1791137078,628750,0,,single
1791137079,1140630,0,,single
1791137081,595440,0,,single
1791137082,1682260,0,,single
1791137083,599610,2,,single
1791137085,1243140,1,,single
1791137086,214550,1,,single
1791137088,2961460,14,,single
1791137089,506730,0,,single
1791137091,1897650,6,,single
1791137092,1047010,0,,single
1791137094,3014520,2,,single
1791137095,259780,1,,single
1791137096,1303950,6,,single
1791137098,262490,6,,single
1791137099,1299170,27,,single
1791137101,259810,32,,single
1791137103,451650,12,,single
1791137104,721090,45,,single
1791137106,406090,0,,single
1791137107,1638390,3,,single
1791137108,2458310,1,,single
1791137110,603750,14,,single
1791137111,3064290,3,,single
1791137113,2295920,2,,single
1791137114,527340,0,,single
1791137116,449710,3,,single
1791137117,1132910,5,,single
1791137119,346180,1,,single
1791137120,321150,6,,single
1791137122,891510,1,,single
1791137123,2099220,2,,single
1791137124,1061880,7,,single
1791137126,340460,1,,single
1791137127,574820,2,,single
1791137129,2752720,2,,single
1791137131,2667410,1,,single
1791137132,2530420,1,,single
1791137133,1209410,3,,single
1791137135,314010,0,,single
1791137136,1286340,1,,single
1791137138,2476100,6,,single
1791137139,655290,2,,single
1791137141,1146600,0,,single
1791137142,2411910,38,,single
1791137144,561770,39,,single
1791137145,2794830,6,,single
1791137146,284730,2,,single
1791137148,1534340,2,,single
1791137149,3447690,13,,single
1791137151,549860,0,,single
1791137152,2153330,4,,single
1791137153,286360,2,,single
1791137155,466270,0,,single
1791137156,1515640,19,,single
1791137158,2662780,26,,single
1791137159,1502040,2,,single
1791137161,945770,23,,single
1791137162,1627850,1,,single
1791137164,1262040,3,,single
1791137165,219760,7,,single
1791137166,1037590,0,,single
1791137168,1273560,1,,single
1791137169,1667700,3,,single
1791137171,1177400,0,,single
1791137172,1475840,3,,single
1791137173,2336980,8,,single
1791137175,2321120,5,,single
1791137176,1045180,4,,single
1791137178,270050,2,,single
1791137179,936140,49,,single
1791137180,893010,5,,single
1791137182,359350,0,,single
1791137183,1903560,4,,single
1791137185,1312960,2,,single
1791137186,7210,7,,single
1791137188,1137350,6,,single
1791137189,2803810,0,,single
1791137190,799240,116,,single
1791137192,522940,1,,single
1791137193,805270,0,,single
1791137195,855630,1,,single
1791137196,438080,51,,single
1791137197,339120,0,,single
1791137199,930780,2,,single
1791137200,447780,2,,single
1791137202,338140,5,,single
1791137203,1824580,11,,single
1791137205,252550,1,,single
1791137206,536280,1,,single
1791137207,422100,1,,single
1791137209,347670,3,,single
1791137210,45300,5,,single
1791137212,429780,1,,single
1791137213,692030,4,,single
1791137214,935580,16,,single
1791137216,1046300,11,,single
1791137217,57620,46,,single
1791137219,3098470,8,,single
1791137220,2436570,59,,single
1791137221,2421310,2,,single
1791137223,1492360,5,,single
1791137224,1985260,10,,single
1791137226,230210,7,,single
1791137227,2464880,8,,single
1791137228,586960,1,,single
1791137230,1423370,1,,single
1791137231,1085160,0,,single
1791137233,1998450,1,,single
1791137234,424590,0,,single
1791137235,2776500,1,,single
1791137237,1330250,12,,single
1791137238,1361010,8,,single
1791137240,2514460,0,,single
1791137241,467370,2,,single
1791137242,339470,2,,single
1791137244,2494350,260,,single
1791137245,1917920,9,,single
1791137247,2432110,5,,single
1791137248,704040,20,,single
1791137250,1146300,0,,single
1791137251,311140,0,,single
1791137252,490820,0,,single
1791137254,321870,0,,single
1791137255,46260,8,,single
1791137257,2274200,9,,single
1791137258,363490,0,,single
1791137259,223630,0,,single
1791137261,3021630,9,,single
1791137262,1035560,3,,single
1791137264,1583850,4,,single
1791137265,11150,7,,single
1791137267,1357610,1,,single
1791137268,1075200,1,,single
1791137270,427700,5,,single
1791137271,802730,1,,single
1791137272,724300,3,,single
1791137274,32350,4,,single
1791137275,344910,1,,single
1791137277,200230,2,,single
1791137278,1188540,1,,single
1791137279,737520,1,,single
1791137281,277460,13,,single
1791137282,1932260,5,,single
1791137284,350110,17,,single
1791137285,1370170,5,,single
1791137286,983350,3,,single
1791137288,1114130,2,,single
1791137289,899390,0,,single
1791137291,1504150,3,,single
1791137292,2947240,2,,single
1791137293,521570,1,,single
1791137295,1494190,1,,single
1791137296,880580,9,,single
1791137298,1781890,4,,single
1791137299,2332260,0,,single
1791137300,2285630,1,,single
1791137302,2022930,7,,single
1791137303,1895890,0,,single
1791137305,400800,9,,single
1791137306,840210,2,,single
1791137307,325520,0,,single
1791137309,1607200,13,,single
1791137310,628060,62,,single
1791137312,640120,2,,single
1791137313,236790,0,,single
1791137314,1783280,8,,single
1791137316,1061010,0,,single
1791137317,569530,0,,single
1791137319,1183260,2,,single
1791137320,263820,0,,single
1791137321,2252820,0,,single
1791137323,471810,6,,single
1791137324,896590,0,,single
1791137325,818520,3,,single
1791137327,1449750,9,,single
1791137328,1416960,40,,single
1791137330,730830,11,,single
1791137331,2020860,16,,single
1791137332,27940,0,,single
1791137334,1736400,2,,single
1791137335,1918450,10,,single
1791137337,2650730,16,,single
1791137338,1070020,0,,single
1791137339,892860,6,,single
1791137341,1230800,41,,single
1791137342,933860,1,,single
1791137344,1259430,1,,single
1791137346,421700,0,,single
1791137347,285480,3,,single
1791137349,2552440,335,,single
1791137350,253960,2,,single
1791137352,493720,2,,single
1791137353,1787480,10,,single
1791137354,1100150,14,,single
1791137356,1450120,22,,single
1791137357,656970,1,,single
1791137358,2870420,9,,single
1791137360,345200,5,,single
1791137361,251690,2,,single
1791137363,3444480,5,,single
1791137364,1116170,8,,single
1791137366,851110,10,,single
1791137367,707300,0,,single
1791137368,715310,39,,single
1791137370,417750,0,,single
1791137371,715670,62,,single
1791137373,3489670,9,,single
1791137374,317710,0,,single
1791137376,32620,5,,single
1791137377,1038300,14,,single
1791137378,382260,4,,single
1791137380,310700,0,,single
1791137381,522040,0,,single
1791137383,1412170,1,,single
1791137384,3107900,4,,single
1791137385,266390,2,,single
1791137387,581300,3,,single
1791137388,1164000,0,,single
1791137389,1733250,4,,single
1791137391,115210,17,,single
1791137392,1496590,9,,single
1791137394,689900,5,,single
1791137396,207020,0,,single
1791137397,948630,3,,single
1791137399,534290,2,,single
1791137400,1032590,2,,single
1791137402,888530,3,,single
1791137403,46250,2,,single
1791137405,702700,2,,single
1791137406,1568970,0,,single
1791137407,716340,1,,single
1791137409,2817620,13,,single
1791137410,258880,1,,single
1791137412,1148490,5,,single
1791137413,840390,1,,single
1791137415,3169580,18,,single
1791137416,22130,87,,single
1791137417,1453850,38,,single
1791137419,2343930,1,,single
1791137420,2063610,105,,single
1791137422,517160,6,,single
1791137423,975510,1,,single
1791137425,1815440,0,,single
1791137426,762840,6,,single
1791137428,297920,15,,single
1791137429,35320,3,,single
1791137431,1480120,0,,single
1791137432,586110,0,,single
1791137434,470740,1,,single
1791137435,512300,0,,single
1791137437,1732920,9,,single
1791137438,2463800,1,,single
1791137440,1348700,2,,single
1791137441,2008510,2,,single
1791137443,943140,1,,single
1791137444,243000,1,,single
1791137445,644540,15,,single
1791137447,917840,0,,single
1791137448,850980,5,,single
1791137450,80350,1,,single
1791137451,781480,12,,single
1791137453,302190,5,,single
1791137454,307940,2,,single
1791137456,546930,0,,single
1791137457,638160,2,,single
1791137459,346830,21,,single
1791137460,723790,1,,single
1791137462,226120,0,,single
1791137464,2599370,3,,single
1791137465,1590660,1,,single
1791137467,1367530,0,,single
1791137468,1522280,7,,single
1791137470,257970,0,,single
1791137471,1271300,2,,single
1791137472,1349960,2,,single
1791137474,1353920,0,,single
1791137475,449530,0,,single
1791137477,787740,2,,single
1791137479,585890,0,,single
1791137480,2719200,33,,single
1791137482,1478650,32,,single
1791137483,2129810,2,,single
1791137485,2285570,1,,single
1791137486,1188720,0,,single
1791137488,1998530,3,,single
1791137489,1005460,5,,single
1791137491,273840,6,,single
1791137492,1694510,11,,single
1791137494,407980,1,,single
1791137495,1598730,0,,single
1791137497,4880,45,,single
1791137498,866510,2,,single
1791137500,1755180,3,,single
1791137501,1770390,2,,single
1791137503,561610,12,,single
1791137504,3487060,7,,single
1791137505,490370,41,,single
1791137507,1025410,1,,single
1791137508,206690,2,,single
1791137510,857690,2,,single
1791137511,1644150,1,,single
1791137513,1187330,10,,single
1791137514,1691970,29,,single
1791137516,2081470,3,,single
1791137517,1710540,6,,single
1791137519,408650,2,,single
1791137520,239700,0,,single
1791137522,1477330,4,,single
1791137523,500670,0,,single
1791137525,319180,0,,single
1791137526,995050,2,,single
1791137527,1681840,9,,single
1791137529,2697560,5,,single
1791137530,583930,12,,single
1791137532,213030,0,,single
1791137533,242940,1,,single
1791137534,1269810,1,,single
1791137536,767490,1,,single
1791137537,567670,6,,single
1791137538,812550,0,,single
1791137540,1020800,4,,single
1791137541,259320,0,,single
1791137543,1520380,1,,single
1791137544,708340,4,,single
1791137546,1226530,0,,single
1791137547,1083600,18,,single
1791137549,619390,12,,single
1791137550,575050,0,,single
1791137551,1794780,8,,single
1791137553,2005210,1,,single
1791137554,2469200,0,,single
1791137556,1722840,80,,single
1791137557,529240,6,,single
1791137559,1549030,0,,single
1791137560,2914480,8,,single
1791137562,1648610,0,,single
1791137563,2141770,4,,single
1791137565,717790,0,,single
1791137566,1588560,0,,single
1791137568,1592170,0,,single
1791137569,115220,20,,single
1791137570,1120560,0,,single
1791137572,943980,0,,single
1791137574,1700300,3,,single
1791137575,2794770,3,,single
1791137576,404530,0,,single
1791137578,322130,14,,single
1791137579,2710,17,,single
1791137581,1062040,2,,single
1791137582,384310,15,,single
1791137584,1269150,0,,single
1791137585,257120,0,,single
1791137587,2026990,2,,single
1791137588,2279600,3,,single
1791137589,3010,4,,single
1791137591,265810,1,,single
1791137592,655730,3,,single
1791137594,253860,3,,single
1791137595,643200,0,,single
1791137597,1905020,1,,single
1791137598,2736020,0,,single
1791137599,1111380,13,,single
1791137601,537430,0,,single
1791137602,1731460,5,,single
1791137604,2072660,2,,single
1791137605,3114010,5,,single
1791137607,1024480,6,,single
1791137608,606860,0,,single
1791137610,1533050,0,,single
1791137611,1919550,1,,single
1791137613,837610,5,,single
1791137614,733050,0,,single
1791137615,2652000,5,,single
1791137617,1045620,9,,single
1791137618,1306750,0,,single
1791137620,3044030,0,,single
1791137621,377080,5,,single
1791137622,1017410,0,,single
1791137624,256390,5,,single
1791137625,957720,112,,single
1791137627,1146230,2,,single
1791137628,265970,3,,single
1791137629,9060,2,,single
1791137631,345860,1,,single
1791137632,2473980,3,,single
1791137633,2808570,15,,single
1791137635,1295790,0,,single
1791137636,1846330,5,,single
1791137638,323490,0,,single
1791137639,39520,25,,single
1791137640,240970,1,,single
1791137642,2286770,5,,single
1791137643,543240,1,,single
1791137645,1013750,2,,single
1791137646,2529520,25,,single
1791137648,320320,7,,single
1791137649,1094420,0,,single
1791137650,1356240,10,,single
1791137652,2566880,0,,single
1791137653,2638050,0,,single
1791137654,598730,4,,single
1791137656,1502560,13,,single
1791137657,1266800,2,,single
1791137659,2812850,0,,single
1791137660,449550,4,,single
1791137661,492150,0,,single
1791137663,314180,0,,single
1791137664,545980,1,,single
1791137665,1558930,0,,single
1791137667,214910,4,,single
1791137668,263400,0,,single
1791137670,2336200,1,,single
1791137671,1341050,4,,single
1791137673,2096030,2,,single
1791137674,1561040,3,,single
1791137675,300580,0,,single
1791137677,1015890,4,,single
1791137678,1247170,1,,single
1791137680,308173,8,,single
1791137681,1403020,1,,single
1791137682,1306620,3,,single
1791137684,1185160,0,,single
1791137686,257790,2,,single
1791137687,497730,4,,single
1791137688,1102980,0,,single
1791137690,1880470,5,,single
1791137691,715010,0,,single
1791137693,3070880,48,,single
1791137694,506900,0,,single
1791137695,1966220,1,,single
1791137697,1163910,0,,single
1791137698,1996770,6,,single
1791137699,810500,2,,single
1791137701,1422610,1,,single
1791137702,2744150,0,,single
1791137704,1014040,6,,single
1791137705,1251460,0,,single
1791137707,3229170,1,,single
1791137708,1040730,38,,single
1791137709,1479810,2,,single
1791137711,1016360,1,,single
1791137712,779090,2,,single
1791137713,655780,4,,single
1791137715,46490,2,,single
1791137716,1226670,3,,single
1791137718,2994010,9,,single
1791137719,327060,0,,single
1791137720,2191190,6,,single
1791137722,698700,8,,single
1791137723,1502380,8,,single
1791137725,373970,3,,single
1791137726,1942440,0,,single
1791137728,2951840,1,,single
1791137729,416450,44,,single
1791137730,1116230,0,,single
1791137732,383460,0,,single
1791137733,289280,2,,single
1791137735,528460,3,,single
1791137736,463220,1,,single
1791137737,332260,5,,single
1791137739,313080,0,,single
1791137740,2050590,2,,single
1791137742,713530,0,,single
1791137743,1676380,0,,single
1791137744,338810,4,,single
1791137746,436290,1,,single
1791137747,8880,0,,single
1791137748,939990,1,,single
1791137750,1257200,1,,single
1791137751,586950,2,,single
1791137753,428180,16,,single
1791137754,253410,0,,single
1791137755,526540,0,,single
1791137757,750290,3,,single
1791137758,2966850,4,,single
1791137759,782570,0,,single
1791137761,1665130,7,,single
1791137762,237950,9,,single
1791137764,2409360,8,,single
1791137765,340580,0,,single
1791137767,1348390,12,,single
1791137768,643960,20,,single
1791137769,342620,1,,single
1791137771,1055210,2,,single
1791137772,1210800,0,,single
1791137774,287200,4,,single
1791137775,490840,0,,single
1791137777,1028350,1,,single
1791137778,3332640,0,,single
1791137779,263860,0,,single
1791137781,392080,2,,single
1791137782,725780,0,,single
1791137783,275570,4,,single
1791137785,1680000,22,,single
1791137786,703510,6,,single
1791137788,444490,0,,single
1791137789,200390,3,,single
1791137791,3597690,0,,single
1791137792,2839450,0,,single
1791137793,354680,0,,single
1791137795,948880,1,,single
1791137796,316600,0,,single
1791137798,211580,0,,single
1791137799,2376540,0,,single
1791137801,826230,1,,single
1791137802,33530,10,,single
1791137804,664750,0,,single
1791137805,1939100,2,,single
1791137807,428950,2,,single
1791137808,1078330,3,,single
1791137810,520850,1,,single
1791137811,1586700,6,,single
1791137812,2000770,7,,single
1791137814,2304440,11,,single
1791137815,809540,5,,single
1791137817,689980,2,,single
1791137818,2904290,1,,single
1791137820,1019450,0,,single
1791137821,227020,9,,single
1791137822,349270,1,,single
1791137824,329460,0,,single
1791137826,1797680,3,,single
1791137827,24480,2,,single
1791137829,1374580,9,,single
1791137830,1381530,0,,single
1791137832,539270,55,,single
1791137833,1098610,2,,single
1791137835,2722270,2,,single
1791137836,658600,2,,single
1791137838,691730,8,,single
1791137839,215710,6,,single
1791137841,594220,1,,single
1791137842,277870,1,,single
1791137844,241000,0,,single
1791137845,2686580,0,,single
1791137847,32630,4,,single
1791137848,299660,0,,single
1791137850,1933370,5,,single
1791137851,429610,0,,single
1791137853,945460,0,,single
1791137854,1646580,7,,single
1791137855,354860,0,,single
1791137857,3446150,5,,single
1791137858,892760,0,,single
1791137860,1693040,0,,single
1791137861,12520,2,,single
1791137863,2741360,9,,single
1791137864,1077970,0,,single
1791137865,361850,1,,single
1791137867,1536080,9,,single
1791137868,496550,0,,single
1791137870,2116510,2,,single
1791137871,556050,1,,single
1791137873,2295970,3,,single
1791137875,983150,1,,single
1791137876,839870,7,,single
1791137878,1028590,10,,single
1791137879,2602030,36,,single
1791137881,1837330,2,,single
1791137882,618510,1,,single
1791137884,289180,4,,single
1791137885,1341490,7,,single
1791137887,397040,18,,single
1791137888,1114430,3,,single
1791137891,3074020,0,,single
1791137892,11130,1,,single
1791137894,448440,0,,single
1791137895,1299620,1,,single
1791137896,1112830,6,,single
1791137898,1621990,3,,single
1791137901,490230,0,,single
1791137903,1174460,13,,single
1791137904,463170,1,,single
1791137906,1921980,7,,single
1791137907,769920,6,,single
1791137909,1709050,3,,single
1791137911,433000,2,,single
1791137912,570980,0,,single
1791137914,1493300,2,,single
1791137915,971160,2,,single
1791137917,444480,4,,single
1791137918,586750,1,,single
1791137920,446380,0,,single
1791137922,742520,1,,single
1791137923,70660,0,,single
1791137925,1335940,1,,single
1791137926,381100,0,,single
1791137928,9500,3,,single
1791137929,647570,0,,single
1791137931,1512480,1,,single
1791137932,844330,0,,single
1791137934,2936180,1,,single
1791137935,890970,0,,single
1791137937,777590,0,,single
1791137938,2933180,0,,single
1791137940,1135260,1,,single
1791137941,550340,4,,single
1791137943,501990,2,,single
1791137944,1112930,1,,single
1791137946,370870,1,,single
1791137947,2348090,5,,single
1791137949,1301950,1,,single
1791137951,1068360,4,,single
1791137953,1331910,1,,single
1791137954,3313310,7,,single
1791137956,387930,2,,single
1791137957,2118250,0,,single
1791137958,1912750,3,,single
1791137960,827640,0,,single
1791137961,2543050,1,,single
1791137962,555750,0,,single
1791137964,671390,0,,single
1791137965,3335120,20,,single
1791137967,2154650,4,,single
1791137968,678560,0,,single
1791137969,1220930,0,,single
1791137971,860860,3,,single
1791137972,1266220,1,,single
1791137974,283270,9,,single
1791137975,1483780,1,,single
1791137977,3288180,8,,single
1791137978,351870,13,,single
1791137980,1258710,0,,single
1791137981,1961520,3,,single
1791137983,1925320,4,,single
1791137984,2657310,0,,single
1791137986,3001730,0,,single
1791137987,1769320,1,,single
1791137988,2876250,1,,single
1791137990,2392280,5,,single
1791137991,541370,1,,single
1791137992,2198680,1,,single
1791137994,1067860,3,,single
1791137996,336440,2,,single
1791137997,881560,1,,single
1791137999,1412850,10,,single
1791138000,1109840,14,,single
1791138002,2492390,12,,single
1791138003,247350,0,,single
1791138004,1605320,4,,single
1791138006,1296560,0,,single
1791138007,1098170,0,,single
1791138009,1082970,14,,single
1791138010,3521320,2,,single
1791138012,211180,1,,single
1791138013,1386040,11,,single
1791138015,2701700,20,,single
1791138016,1671280,0,,single
1791138017,2119940,0,,single
1791138019,848050,55,,single
1791138020,2737980,3,,single
1791138022,280560,0,,single
1791138023,422920,33,,single
1791138025,388420,0,,single
1791138026,331650,3,,single
1791138028,2356460,0,,single
1791138029,454890,0,,single
1791138031,1247100,0,,single
1791138032,2430900,1,,single
1791138034,1481780,2,,single
1791138035,2078350,58,,single
1791138037,1730260,9,,single
1791138038,23400,10,,single
1791138039,1847150,0,,single
1791138041,565720,1,,single
1791138042,904540,8,,single
1791138044,95900,5,,single
1791138045,1771180,1,,single
1791138047,1596730,0,,single
1791138048,259130,0,,single
1791138050,2648050,5,,single
1791138051,2781750,0,,single
1791138052,2403340,1,,single
1791138054,1659800,1,,single
1791138055,725330,0,,single
1791138057,342610,2,,single
1791138058,990920,0,,single
1791138059,3018830,0,,single
1791138061,1690,15,,single
1791138062,1823390,7,,single
1791138064,263700,0,,single
1791138065,269370,2,,single
1791138067,703180,6,,single
1791138068,414720,3,,single
1791138069,502090,0,,single
1791138071,1480830,2,,single
1791138072,1738610,5,,single
1791138074,1788100,10,,single
1791138075,2512930,3,,single
1791138077,542400,0,,single
1791138078,485870,1,,single
1791138080,777770,1,,single
1791138081,1570760,0,,single
1791138083,2947220,1,,single
1791138084,968370,1,,single
1791138086,827290,0,,single
1791138087,337070,5,,single
1791138089,434020,1,,single
1791138090,257670,0,,single
1791138092,1627870,3,,single
1791138093,496640,4,,single
1791138095,687750,0,,single
1791138096,1918970,0,,single
1791138098,1949770,22,,single
1791138100,2197680,4,,single
1791138101,3340810,5,,single
1791138103,1214670,0,,single
1791138104,1889620,75,,single
1791138105,2116850,5,,single
1791138107,1698220,1,,single
1791138108,2062550,0,,single
1791138110,1443430,4,,single
1791138111,202130,3,,single
1791138113,1484960,0,,single
1791138114,3215660,0,,single
1791138116,1215270,1,,single
1791138117,2242100,7,,single
1791138118,17100,4,,single
1791138120,80200,0,,single
1791138121,265950,0,,single
1791138123,525920,33,,single
1791138124,255340,1,,single
1791138126,2598020,0,,single
1791138127,1278360,0,,single
1791138129,3324320,0,,single
1791138130,1566450,1,,single
1791138132,1083870,0,,single
1791138133,319320,60,,single
1791138135,524010,1,,single
1791138136,437000,3,,single
1791138138,1802330,1,,single
1791138139,344480,0,,single
1791138141,270010,2,,single
1791138142,1454010,0,,single
1791138144,542350,0,,single
1791138145,446120,0,,single
1791138147,2202590,9,,single
1791138148,1563700,1,,single
1791138149,1448600,0,,single
1791138151,2118130,1,,single
1791138152,2182630,6,,single
1791138154,3116640,1,,single
1791138155,1724440,2,,single
1791138157,8100,1,,single
1791138158,813700,1,,single
1791138160,1209000,0,,single
1791138161,541660,6,,single
1791138163,547050,8,,single
1791138164,1299510,34,,single
1791138166,343740,0,,single
1791138167,2474030,2,,single
1791138168,1588380,1,,single
1791138170,337490,1,,single
1791138171,365900,2,,single
1791138173,2462520,8,,single
1791138174,513340,1,,single
1791138176,623090,5,,single
1791138177,1796200,0,,single
1791138178,3432500,0,,single
1791138180,812160,0,,single
1791138181,2825300,6,,single
1791138183,295750,1,,single
1791138185,934860,0,,single
1791138186,888040,4,,single
1791138188,910880,2,,single
1791138190,2214220,2,,single
1791138192,1303660,0,,single
1791138193,1392170,0,,single
1791138194,1586750,3,,single
1791138196,58560,2,,single
1791138197,470270,1,,single
1791138199,361040,5,,single
1791138200,458430,3,,single
1791138203,1096180,1,,single
1791138205,2061250,3,,single
1791138206,1955030,0,,single
1791138208,685690,2,,single
1791138209,1494260,0,,single
1791138211,439250,32,,single
1791138212,267960,0,,single
1791138214,363980,0,,single
1791138215,373600,0,,single
1791138217,908070,8,,single
1791138218,2230070,46,,single
1791138220,1555140,4,,single
1791138221,202730,1,,single
1791138223,1980240,1,,single
1791138224,2597880,0,,single
1791138226,1608040,1,,single
1791138227,2737970,11,,single
1791138229,1739880,0,,single
1791138231,350990,0,,single
1791138232,2596420,1,,single
1791138234,1503670,1,,single
1791138235,1341160,27,,single
1791138237,3449850,26,,single
1791138238,1170230,6,,single
1791138240,1077430,0,,single
1791138241,1163690,3,,single
1791138243,425410,0,,single
1791138244,1247360,4,,single
1791138246,873270,0,,single
1791138247,2543030,0,,single
1791138249,1522560,0,,single
1791138250,1920100,1,,single
1791138252,1174640,8,,single
1791138253,651090,6,,single
1791138255,1135570,0,,single
1791138256,1056180,2,,single
1791138258,1150460,0,,single
1791138259,343930,2,,single
1791138261,275060,0,,single
1791138262,1736290,5,,single
1791138264,948640,9,,single
1791138266,935930,0,,single
1791138267,1313,3,,single
1791138269,973000,0,,single
1791138270,1931690,0,,single
1791138272,1865670,2,,single
1791138273,474220,0,,single
1791138275,464700,0,,single
1791138276,606980,0,,single
1791138278,1178210,0,,single
1791138280,3002930,1,,single
1791138281,351790,0,,single
1791138283,396310,0,,single
1791138284,404080,3,,single
1791138286,1285060,3,,single
1791138288,1072640,4,,single
1791138289,304670,0,,single
1791138291,3175860,0,,single
1791138293,595430,0,,single
1791138295,1698520,3,,single
1791138297,1487590,2,,single
1791138299,710230,39,,single
1791138300,1063590,4,,single
1791138302,1433860,1,,single
1791138304,2785200,10,,single
1791138306,621930,0,,single
1791138307,1424710,9,,single
1791138308,748970,0,,single
1791138310,2001570,1,,single
1791138311,824280,5,,single
1791138313,33650,0,,single
1791138314,448470,0,,single
1791138316,347610,13,,single
1791138317,1109690,2,,single
1791138319,524390,11,,single
1791138320,929060,0,,single
1791138322,866190,0,,single
1791138323,2118370,0,,single
1791138325,1101930,0,,single
1791138326,634340,0,,single
1791138328,46550,1,,single
1791138329,589320,4,,single
1791138331,874400,1,,single
1791138332,439910,2,,single
1791138334,1747050,9,,single
1791138335,1192010,0,,single
1791138337,551450,0,,single
1791138338,2601030,0,,single
1791138340,2947230,4,,single
1791138341,411760,0,,single
1791138343,1434540,1,,single
1791138344,1828630,0,,single
1791138346,2529120,1,,single
1791138347,2216660,4,,single
1791138349,450190,0,,single
1791138350,2106810,2,,single
1791138352,2223590,5,,single
1791138353,757330,0,,single
1791138355,1156380,2,,single
1791138356,496730,4,,single
1791138358,2052990,0,,single
1791138359,391170,1,,single
1791138361,1693250,41,,single
1791138362,2281820,1,,single
1791138364,346630,0,,single
1791138365,336940,1,,single
1791138367,1509590,0,,single
1791138368,1055610,0,,single
1791138370,955870,0,,single
1791138371,1536470,1,,single
1791138373,2313130,4,,single
1791138374,1457620,8,,single
1791138376,2246110,10,,single
1791138377,573490,1,,single
1791138378,581360,0,,single
1791138380,1465510,0,,single
1791138381,1206600,0,,single
1791138383,506480,5,,single
1791138384,507390,0,,single
1791138386,406170,0,,single
1791138387,1502080,0,,single
1791138389,3018910,1,,single
1791138390,1819230,2,,single
1791138392,492270,0,,single
1791138393,771420,2,,single
1791138395,2319390,7,,single
1791138396,543030,1,,single
1791138398,1780270,1,,single
1791138399,247870,0,,single
1791138400,497700,3,,single
1791138403,464100,0,,single
1791138405,453850,0,,single
1791138406,1516820,0,,single
1791138408,658690,1,,single
1791138409,547590,3,,single
1791138411,1126190,4,,single
1791138413,72400,0,,single
1791138414,375840,2,,single
1791138416,2627780,10,,single
1791138417,300260,2,,single
1791138418,394600,0,,single
1791138420,2083900,0,,single
1791138421,1300360,0,,single
1791138423,1235360,1,,single
1791138424,2201810,0,,single
1791138426,611180,1,,single
1791138427,1751630,2,,single
1791138428,2279330,2,,single
1791138430,765880,0,,single
1791138431,332360,3,,single
1791138433,1321270,3,,single
1791138434,1055760,3,,single
1791138436,1839510,0,,single
1791138437,1568620,0,,single
1791138439,864540,0,,single
1791138440,2488350,5,,single
1791138442,402060,0,,single
1791138443,2276830,4,,single
1791138445,499460,1,,single
1791138446,396640,0,,single
1791138448,1641700,50,,single
1791138449,415850,0,,single
1791138451,2510890,0,,single
1791138452,1303740,0,,single
1791138454,926540,0,,single
1791138455,567130,2,,single
1791138457,1516080,1,,single
1791138458,809870,1,,single
1791138460,349250,2,,single
1791138461,1953860,0,,single
1791138462,661990,20,,single
1791138464,650940,5,,single
1791138465,1599470,0,,single
1791138467,569810,0,,single
1791138468,752470,55,,single
1791138470,1016860,0,,single
1791138471,2775370,2,,single
1791138472,395860,0,,single
1791138474,574140,1,,single
1791138475,1186220,0,,single
1791138477,940580,3,,single
1791138478,1056970,0,,single
1791138480,1508570,10,,single
1791138481,1055090,1,,single
1791138483,1610520,1,,single
1791138484,1946140,33,,single
1791138486,1740240,0,,single
1791138487,894630,2,,single
1791138490,1929360,1,,single
1791138492,1592750,6,,single
1791138493,545820,6,,single
1791138494,2455040,0,,single
1791138496,1229020,15,,single
1791138497,650780,0,,single
1791138500,959880,1,,single
1791138503,99400,1,,single
1791138504,1057800,0,,single
1791138506,377460,12,,single
1791138507,1062340,5,,single
1791138509,326950,0,,single
1791138510,1600370,4,,single
1791138512,940310,1,,single
1791138513,1819450,4,,single
1791138515,1854980,0,,single
1791138516,2865440,10,,single
1791138518,2289560,0,,single
1791138520,39630,2,,single
1791138521,351140,0,,single
1791138523,1045080,0,,single
1791138524,758410,1,,single
1791138526,357120,1,,single
1791138527,1285920,0,,single
1791138529,2101130,2,,single
1791138531,1592540,2,,single
1791138532,217270,0,,single
1791138534,837590,2,,single
1791138535,256070,0,,single
1791138537,420100,2,,single
1791138538,2095290,0,,single
1791138540,999830,0,,single
1791138541,65530,9,,single
1791138543,1797610,12,,single
1791138544,850050,0,,single
1791138546,567060,2,,single
1791138547,1124830,0,,single
1791138548,488920,1,,single
1791138550,764030,37,,single
1791138551,1001140,1,,single
1791138553,928990,0,,single
1791138554,2022850,0,,single
1791138556,2658720,5,,single
1791138557,1061730,1,,single
1791138559,436230,1,,single
1791138560,449200,2,,single
1791138562,809730,0,,single
1791138563,2840,7,,single
1791138564,2788360,1,,single
1791138566,1043230,2,,single
1791138567,1377540,0,,single
1791138569,1720090,1,,single
1791138570,1790370,2,,single
1791138572,1512940,24,,single
1791138573,1842730,5,,single
1791138575,454140,1,,single
1791138576,956240,43,,single
1791138578,272330,1,,single
1791138579,386970,0,,single
1791138581,200150,3,,single
1791138582,1515890,7,,single
1791138584,10100,9,,single
1791138585,1324070,0,,single
1791138587,237570,0,,single
1791138588,224040,1,,single
1791138590,295670,0,,single
1791138591,1236240,3,,single
1791138593,1348690,3,,single
1791138595,32640,7,,single
1791138596,693580,1,,single
1791138597,340350,0,,single
1791138599,313830,1,,single
1791138600,1503850,0,,single
1791138602,1932680,1,,single
1791138605,736810,5,,single
1791138607,374830,0,,single
1791138608,485860,0,,single
1791138610,1597720,2,,single
1791138611,493650,1,,single
1791138613,1444020,1,,single
1791138614,793490,1,,single
1791138616,2082350,2,,single
1791138617,380140,0,,single
1791138619,848500,19,,single
1791138620,235520,2,,single
1791138622,293940,0,,single
1791138623,2131010,1,,single
1791138625,434610,0,,single
1791138626,1406810,3,,single
1791138628,603100,0,,single
1791138629,647740,0,,single
1791138630,560370,1,,single
1791138632,7220,4,,single
1791138633,812560,1,,single
1791138635,2410890,0,,single
1791138636,369290,5,,single
1791138638,844920,0,,single
1791138639,1100160,9,,single
1791138641,2544990,0,,single
1791138642,383740,12,,single
1791138644,1736550,0,,single
1791138645,760810,2,,single
1791138647,1304350,5,,single
1791138648,1089840,1,,single
1791138650,2254710,0,,single
1791138651,600610,0,,single
1791138653,3380,44,,single
1791138654,574640,2,,single
1791138656,1201550,0,,single
1791138657,1600900,0,,single
1791138658,2140650,26,,single
1791138660,1205480,25,,single
1791138662,2529770,3,,single
1791138663,283060,1,,single
1791138665,1099500,1,,single
1791138666,2497610,0,,single
1791138668,392070,3,,single
1791138669,205830,5,,single
1791138670,1502990,10,,single
1791138672,1682340,1,,single
1791138673,2544570,4,,single
1791138675,771920,0,,single
1791138676,32310,3,,single
1791138678,293740,1,,single
1791138680,1386890,8,,single
1791138681,785850,1,,single
1791138683,1362560,4,,single
1791138684,409600,0,,single
1791138686,1372830,2,,single
1791138687,767420,8,,single
1791138689,682140,0,,single
1791138690,26000,1,,single
1791138692,2374190,7,,single
1791138693,70650,0,,single
1791138695,280600,2,,single
1791138696,466980,2,,single
1791138699,1651490,1,,single
1791138701,500500,2,,single
1791138702,1348180,0,,single
1791138704,230650,0,,single
1791138705,409320,2,,single
1791138707,2710950,1,,single
1791138709,1403310,12,,single
1791138711,636570,0,,single
1791138712,427910,1,,single
1791138714,1832950,5,,single
1791138715,750200,0,,single
1791138717,704860,5,,single
1791138718,310490,3,,single
1791138720,344230,1,,single
1791138721,1015920,0,,single
1791138723,337350,0,,single
1791138725,786450,4,,single
1791138726,1247290,12,,single
1791138728,2550,0,,single
1791138729,1309990,1,,single
1791138731,1281200,2,,single
1791138732,912370,0,,single
1791138734,243020,4,,single
1791138735,1185780,0,,single
1791138737,1515200,1,,single
1791138738,499620,2,,single
1791138740,1190130,2,,single
1791138742,517720,0,,single
1791138743,2349140,2,,single
1791138745,1070790,1,,single
1791138746,1056720,1,,single
1791138747,844960,14,,single
1791138749,21030,1,,single
1791138750,628760,0,,single
1791138752,742490,11,,single
1791138753,852300,0,,single
1791138755,1532710,3,,single
1791138756,868770,1,,single
1791138758,431750,3,,single
1791138759,655550,0,,single
1791138760,1996420,0,,single
1791138762,341150,1,,single
1791138764,958480,3,,single
1791138765,1974220,2,,single
1791138767,936180,9,,single
1791138768,423710,2,,single
1791138769,690060,1,,single
1791138771,657280,7,,single
1791138773,512890,5,,single
1791138774,306630,17,,single
1791138776,238050,1,,single
1791138777,949050,10,,single
1791138778,489560,6,,single
1791138780,2506580,0,,single
1791138781,386640,0,,single
1791138783,283560,0,,single
1791138784,2432100,1,,single
1791138786,2139840,1,,single
1791138787,1717510,0,,single
1791138790,2094600,0,,single
1791138792,2218970,145,,single
1791138793,1125710,0,,single
1791138794,622060,3,,single
1791138796,23500,1,,single
1791138797,2888120,742,,single
1791138799,3180240,15,,single
1791138800,412460,2,,single
1791138802,294540,25,,single
1791138803,453820,1,,single
1791138804,211970,1,,single
1791138806,267130,0,,single
1791138809,1564540,0,,single
1791138811,1554600,2,,single
1791138812,893790,0,,single
1791138814,451600,1,,single
1791138815,401690,0,,single
1791138816,1633370,111,,single
1791138818,1161160,0,,single
1791138819,1026400,0,,single
1791138821,2761610,9,,single
1791138822,1248800,1,,single
1791138824,252890,5,,single
1791138825,2205750,1,,single
1791138827,442290,0,,single
1791138828,710710,1,,single
1791138830,579490,14,,single
1791138831,858060,0,,single
1791138833,2506480,62,,single
1791138834,2288070,7,,single
1791138835,2132560,10,,single
1791138837,1988830,0,,single
1791138839,1111080,1,,single
1791138840,1548750,2,,single
1791138842,889080,9,,single
1791138843,2088280,0,,single
1791138845,535760,0,,single
1791138846,1240290,1,,single
1791138848,1231460,0,,single
1791138849,283920,13,,single
1791138850,844670,1,,single
1791138852,2231190,7,,single
1791138853,1876730,0,,single
1791138855,2137470,1,,single
1791138857,238890,0,,single
1791138858,1374480,0,,single
1791138859,434510,0,,single
1791138861,205810,12,,single
1791138862,211900,1,,single
1791138864,3034130,0,,single
1791138865,1303990,2,,single
1791138867,664090,0,,single
1791138868,608120,0,,single
1791138870,326120,0,,single
1791138871,414510,1,,single
1791138872,2111090,2,,single
1791138874,336760,4,,single
1791138876,1789650,1,,single
1791138877,497860,7,,single
1791138879,1126750,2,,single
1791138880,267340,1,,single
1791138882,1066180,0,,single
1791138883,1079310,1,,single
1791138885,709410,1,,single
1791138886,2701350,0,,single
1791138888,384750,0,,single
1791138889,622890,0,,single
1791138890,299420,0,,single
1791138892,448080,4,,single
1791138893,377260,0,,single
1791138895,951670,0,,single
1791138896,2508980,0,,single
1791138898,742460,1,,single
1791138899,1865930,6,,single
1791138901,612520,29,,single
1791138902,407020,0,,single
1791138903,525300,1,,single
1791138905,780280,0,,single
1791138906,1689870,4,,single
1791138908,1035750,2,,single
1791138909,1819160,0,,single
1791138911,375010,0,,single
1791138912,307570,0,,single
1791138913,907210,1,,single
1791138915,994020,0,,single
1791138916,912450,1,,single
1791138918,741250,2,,single
1791138919,3122990,0,,single
1791138921,910450,3,,single
1791138922,1234400,4,,single
1791138924,2166140,1,,single
1791138925,568720,2,,single
1791138927,8330,1,,single
1791138928,2146570,1,,single
1791138930,3043740,1,,single
1791138931,959860,3,,single
1791138933,2158650,0,,single
1791138934,373750,2,,single
1791138935,504920,1,,single
1791138937,2189640,1,,single
1791138938,1080010,11,,single
1791138940,347000,0,,single
1791138941,2487390,1,,single
1791138943,962630,1,,single
1791138944,252750,0,,single
1791138946,338530,0,,single
1791138947,1306970,1,,single
1791138948,1907900,0,,single
1791138950,383330,1,,single
1791138951,6400,4,,single
1791138953,2786100,1,,single
1791138954,1991300,2,,single
1791138955,251910,0,,single
1791138957,946010,5,,single
1791138958,490860,3,,single
1791138960,1886830,0,,single
1791138961,568750,1,,single
1791138963,1015730,4,,single
1791138964,303720,0,,single
1791138967,1347450,0,,single
1791138968,1054340,7,,single
1791138970,1399750,3,,single
1791138972,1383770,0,,single
1791138973,2310160,0,,single
1791138975,2918410,2,,single
1791138976,1229880,1,,single
1791138978,1593780,3,,single
1791138979,523160,0,,single
1791138981,1309820,0,,single
1791138983,586970,0,,single
1791138984,1444920,0,,single
1791138986,15240,16,,single
1791138987,344190,0,,single
1791138989,1502230,0,,single
1791138990,444160,0,,single
1791138991,1546090,6,,single
1791138993,273620,0,,single
1791138994,1586290,1,,single
1791138996,925460,0,,single
1791138997,2564860,1,,single
1791138999,964040,11,,single
1791139000,346500,1,,single
1791139002,287900,6,,single
1791139003,399520,0,,single
1791139004,1453790,2,,single
1791139006,566530,0,,single
1791139007,468070,15,,single
1791139009,1121780,4,,single
1791139010,1587710,0,,single
1791139012,302130,1,,single
1791139013,403700,0,,single
1791139015,424780,13,,single
1791139016,452420,0,,single
1791139018,2220870,12,,single
1791139019,2936030,12,,single
1791139021,375520,0,,single
1791139022,764230,2,,single
1791139024,2304640,6,,single
1791139025,1082930,1,,single
1791139027,1481440,4,,single
1791139028,2655580,2,,single
1791139030,658780,0,,single
1791139031,2941580,19,,single
1791139033,1659210,0,,single
1791139034,1600500,3,,single
1791139036,686440,1,,single
1791139037,821670,17,,single
1791139039,4520,2,,single
1791139040,259890,0,,single
1791139042,657000,1,,single
1791139043,200550,0,,single
1791139044,1040460,3,,single
1791139046,754620,2,,single
1791139047,496260,0,,single
1791139049,928390,1,,single
1791139050,681330,3,,single
1791139052,1716940,0,,single
1791139053,527420,3,,single
1791139055,703880,1,,single
1791139056,348540,0,,single
1791139058,375130,1,,single
1791139059,2387110,0,,single
1791139061,634410,0,,single
1791139062,976420,2,,single
1791139064,251210,0,,single
1791139065,205870,0,,single
1791139067,411080,0,,single
1791139068,1546440,0,,single
1791139070,1050370,1,,single
1791139071,2693460,1,,single
1791139073,446990,0,,single
1791139074,1346960,0,,single
1791139076,98500,0,,single
1791139077,1725340,2,,single
1791139079,1982150,1,,single
1791139080,581520,0,,single
1791139082,1721530,3,,single
1791139083,1887020,0,,single
1791139084,1452500,4,,single
1791139086,1449500,13,,single
1791139088,1550840,2,,single
1791139089,1084480,1,,single
1791139091,347400,5,,single
1791139092,358460,1,,single
1791139094,1998330,2,,single
1791139095,49900,0,,single
1791139097,1670,0,,single
1791139099,1583500,3,,single
1791139101,1272580,0,,single
1791139102,1301220,0,,single
1791139103,1949000,6,,single
1791139105,38230,7,,single
1791139107,1818180,14,,single
1791139108,262190,0,,single
1791139109,966670,0,,single
1791139111,567980,1,,single
1791139113,741430,1,,single
1791139114,828580,0,,single
1791139116,2206140,4,,single
1791139117,1557860,9,,single
1791139119,691150,1,,single
1791139120,226820,14,,single
1791139122,2168450,0,,single
1791139123,981590,17,,single
1791139125,1537910,7,,single
1791139126,365050,0,,single
1791139128,704510,3,,single
1791139129,1021670,0,,single
1791139131,2156620,0,,single
1791139132,2560460,6,,single
1791139134,570420,0,,single
1791139136,1031900,0,,single
1791139137,361690,2,,single
1791139139,1237730,2,,single
1791139140,599000,11,,single
1791139142,533480,2,,single
1791139143,1010270,0,,single
1791139145,1090800,0,,single
1791139146,2055500,0,,single
1791139148,867960,2,,single
1791139149,2273880,0,,single
1791139151,1114420,50,,single
1791139153,312350,15,,single
1791139154,1413990,2,,single
1791139156,1241040,2,,single
1791139157,897930,1,,single
1791139159,1161880,3,,single
1791139160,1726760,3,,single
1791139162,286770,0,,single
1791139163,1785910,3,,single
1791139165,420210,1,,single
1791139166,537520,0,,single
1791139167,777240,0,,single
1791139169,1228560,0,,single
1791139170,551370,1,,single
1791139172,263460,0,,single
1791139174,1460540,2,,single
1791139175,304690,9,,single
1791139176,324090,1,,single
1791139178,586310,0,,single
1791139179,1253610,15,,single
1791139181,2018640,0,,single
1791139182,1021800,0,,single
1791139183,1899810,0,,single
1791139185,1092530,0,,single
1791139186,277520,0,,single
1791139188,1276810,1,,single
1791139189,1198040,0,,single
1791139191,751500,2,,single
1791139192,458660,1,,single
1791139194,594050,0,,single
1791139195,287840,1,,single
1791139196,875800,1,,single
1791139198,2094250,1,,single
1791139199,946660,0,,single
1791139201,1211110,2,,single
1791139203,329650,0,,single
1791139204,1550760,3,,single
1791139206,950050,3,,single
1791139207,1124080,0,,single
1791139209,606330,0,,single
1791139210,2055410,1,,single
1791139212,527990,0,,single
1791139213,541920,2,,single
1791139215,288220,1,,single
1791139216,895420,0,,single
1791139218,2254910,0,,single
1791139219,1430970,4,,single
1791139221,323780,0,,single
1791139222,690980,0,,single
1791139224,684270,1,,single
1791139225,652810,11,,single
1791139227,1393270,0,,single
1791139228,1015940,0,,single
1791139230,2105660,0,,single
1791139232,392970,2,,single
1791139233,1750710,2,,single
1791139235,381870,0,,single
1791139236,1582290,1,,single
1791139238,1033410,6,,single
1791139239,1610,12,,single
1791139241,289840,0,,single
1791139242,451980,0,,single
1791139244,1328900,0,,single
1791139245,1524550,2,,single
1791139247,1933990,15,,single
1791139248,675940,0,,single
1791139250,2444350,3,,single
1791139251,46340,1,,single
1791139253,1770400,3,,single
1791139255,1871510,1,,single
1791139256,1075400,0,,single
1791139258,536780,1,,single
1791139259,1167170,1,,single
1791139261,1674640,1,,single
1791139262,1236780,1,,single
1791139264,649790,1,,single
1791139265,415840,0,,single
1791139267,1299480,0,,single
1791139268,1305310,2,,single
1791139270,1385950,1,,single
1791139271,345540,0,,single
1791139273,338130,6,,single
1791139274,2103640,2,,single
1791139275,342190,0,,single
1791139277,39640,1,,single
1791139278,527150,0,,single
1791139279,1091320,1,,single
1791139281,1960110,5,,single
1791139283,1013220,3,,single
1791139284,833140,10,,single
1791139286,747920,48,,single
1791139287,11550,3,,single
1791139289,787110,0,,single
1791139290,819190,2,,single
1791139292,464850,2,,single
1791139293,2304030,14,,single
1791139295,741150,16,,single
1791139296,929270,8,,single
1791139298,386990,0,,single
1791139299,1508740,3,,single
1791139301,1273480,0,,single
1791139302,283310,1,,single
1791139303,1542110,1,,single
1791139305,1243130,1,,single
1791139306,1147130,0,,single
1791139308,749840,3,,single
1791139309,953840,1,,single
1791139310,362090,1,,single
1791139312,1165860,14,,single
1791139313,528250,4,,single
1791139315,364210,0,,single
1791139316,453910,1,,single
1791139317,369830,3,,single
1791139319,375180,0,,single
1791139320,2320910,0,,single
1791139322,1414020,2,,single
1791139323,589670,0,,single
1791139324,1781350,10,,single
1791139326,358830,0,,single
1791139327,502140,0,,single
1791139329,2013300,0,,single
1791139330,251410,0,,single
1791139331,1727000,0,,single
1791139333,1546100,0,,single
1791139334,2422090,33,,single
1791139336,2490160,0,,single
1791139337,619210,1,,single
1791139338,1779560,1,,single
1791139340,346140,9,,single
1791139341,394220,0,,single
1791139343,467000,1,,single
1791139344,46570,0,,single
1791139345,1345870,0,,single
1791139347,31850,8,,single
1791139348,496350,0,,single
1791139349,298950,2,,single
1791139351,1393500,6,,single
1791139352,502230,13,,single
1791139354,615400,0,,single
1791139355,349140,0,,single
1791139357,331340,1,,single
1791139358,456540,0,,single
1791139360,560720,1,,single
1791139361,423120,0,,single
1791139362,32610,1,,single
1791139364,1316800,3,,single
1791139365,1529470,1,,single
1791139367,1828690,0,,single
1791139368,1378070,0,,single
1791139369,1895630,71,,single
1791139371,1378890,2,,single
1791139372,1304090,1,,single
1791139374,1141120,0,,single
1791139375,857010,0,,single
1791139377,1604240,1,,single
1791139378,1292500,4,,single
1791139380,517780,1,,single
1791139381,1719660,1,,single
1791139384,1826570,5,,single
1791139385,39660,3,,single
1791139386,1502790,0,,single
1791139388,307130,0,,single
1791139390,494600,0,,single
1791139392,1033080,1,,single
1791139393,1970020,0,,single
1791139395,1259000,1,,single
1791139396,1057780,0,,single
1791139397,2444470,0,,single
1791139399,2150660,1,,single
1791139403,1184560,3,,single
1791139404,567800,5,,single
1791139405,922630,0,,single
1791139407,1315210,0,,single
1791139408,880220,1,,single
1791139410,1603940,4,,single
1791139411,593620,0,,single
1791139413,351250,0,,single
1791139414,2377420,3,,single
1791139415,840930,0,,single
1791139417,420770,0,,single
1791139418,346950,0,,single
1791139420,1615060,1,,single
1791139421,296730,1,,single
1791139422,1825930,0,,single
1791139424,43100,0,,single
1791139425,1184570,0,,single
1791139427,2216600,1,,single
1791139428,1647420,2,,single
1791139429,760460,1,,single
1791139431,1198740,0,,single
1791139432,680830,0,,single
1791139433,780820,0,,single
1791139435,366280,0,,single
1791139436,1687960,0,,single
1791139438,1845670,0,,single
1791139439,866420,4,,single
1791139440,788630,3,,single
1791139442,350530,1,,single
1791139443,493060,0,,single
1791139445,1218890,0,,single
1791139446,512080,1,,single
1791139448,1487430,1,,single
1791139449,399420,0,,single
1791139450,1791790,1,,single
1791139452,1060300,0,,single
1791139453,1767310,1,,single
1791139455,1763830,0,,single
1791139456,365890,0,,single
1791139457,1552310,0,,single
1791139459,2114370,0,,single
1791139460,2125160,5,,single
1791139462,1170370,1,,single
1791139463,1355780,1,,single
1791139464,1603420,2,,single
1791139466,1013910,0,,single
1791139467,1022710,0,,single
1791139469,1461200,5,,single
1791139470,1431850,0,,single
1791139472,532770,0,,single
1791139473,937940,8,,single
1791139475,1383630,0,,single
1791139476,292420,3,,single
1791139477,312790,0,,single
1791139479,278530,1,,single
1791139481,427550,0,,single
1791139482,262210,0,,single
1791139484,2244480,0,,single
1791139485,1173590,5,,single
1791139487,577990,1,,single
1791139488,1918300,1,,single
1791139490,1748660,7,,single
1791139491,1975670,1,,single
1791139493,1431350,1,,single
1791139494,1966420,0,,single
1791139496,595460,0,,single
1791139497,1431040,0,,single
1791139499,1228500,1,,single
1791139500,1033170,3,,single
1791139502,695600,0,,single
1791139503,491260,1,,single
1791139504,777200,0,,single
1791139506,1127970,0,,single
1791139507,573060,3,,single
1791139509,444970,6,,single
1791139510,1000770,0,,single
1791139511,2305180,1,,single
1791139513,690120,0,,single
1791139514,420180,2,,single
1791139516,1835870,0,,single
1791139517,1287590,3,,single
1791139519,1010670,5,,single
1791139520,578590,0,,single
1791139521,648780,1,,single
1791139523,1640320,0,,single
1791139524,317300,1,,single
1791139526,1819180,0,,single
1791139527,1273250,0,,single
1791139528,1149710,0,,single
1791139530,709240,0,,single
1791139531,361600,16,,single
1791139533,2250550,5,,single
1791139534,1849570,1,,single
1791139535,1638950,0,,single
1791139537,773430,0,,single
1791139538,1838970,11,,single
1791139540,327930,3,,single
1791139541,1399670,0,,single
1791139542,200130,1,,single
1791139544,1282760,2,,single
1791139545,1909770,1,,single
1791139547,306640,10,,single
1791139548,1077340,0,,single
1791139549,431280,0,,single
1791139551,545580,1,,single
1791139552,1684670,0,,single
1791139553,990360,0,,single
1791139555,579720,0,,single
1791139556,1575830,2,,single
1791139558,448630,1,,single
1791139559,1076600,0,,single
1791139560,1732650,0,,single
1791139562,1020270,3,,single
1791139563,1319550,1,,single
1791139565,502720,0,,single
1791139566,422630,0,,single
1791139567,1968650,8,,single
1791139569,1531250,0,,single
1791139570,1649630,0,,single
1791139572,740810,0,,single
1791139573,1755300,59,,single
1791139574,1249010,1,,single
1791139576,542780,0,,single
1791139577,31880,5,,single
1791139579,325790,0,,single
1791139580,355270,0,,single
1791139582,433670,0,,single
1791139583,246980,0,,single
1791139584,396890,0,,single
1791139586,555710,0,,single
1791139587,953870,0,,single
1791139588,1307870,2,,single
1791139590,941650,1,,single
1791139591,576480,3,,single
1791139593,281860,0,,single
1791139594,1142220,2,,single
1791139595,654440,0,,single
1791139597,2013120,1,,single
1791139598,1160360,0,,single
1791139600,808010,0,,single
1791139601,1046660,1,,single
1791139602,681110,0,,single
1791139604,270770,0,,single
1791139605,773090,0,,single
1791139607,1379600,0,,single
1791139608,722670,0,,single
1791139609,756500,0,,single
1791139611,1947530,0,,single
1791139612,635880,0,,single
1791139614,2402310,3,,single
1791139615,46360,2,,single
1791139616,1451870,2,,single
1791139618,737890,0,,single
1791139619,366270,1,,single
1791139621,1500380,0,,single
1791139622,720660,0,,single
1791139623,252730,0,,single
1791139625,4530,1,,single
1791139626,1543240,4,,single
1791139628,1298080,0,,single
1791139629,513620,1,,single
1791139631,517330,0,,single
1791139632,331790,0,,single
1791139633,1302780,0,,single
1791139635,392020,0,,single
1791139636,603700,0,,single
1791139638,337290,0,,single
1791139639,607210,0,,single
1791139641,1901810,2,,single
1791139642,834880,0,,single
1791139643,2225530,4,,single
1791139645,1280080,7,,single
1791139646,1238520,0,,single
1791139648,384690,1,,single
1791139649,950300,0,,single
1791139650,1803410,0,,single
1791139652,1617220,3,,single
1791139653,2281480,1,,single
1791139655,1185600,0,,single
1791139656,1347600,0,,single
1791139657,1785120,3,,single
1791139659,699700,0,,single
1791139660,541310,2,,single
1791139662,1271090,3,,single
1791139663,2093900,1,,single
1791139664,1003120,1,,single
1791139666,1608560,2,,single
1791139667,462620,0,,single
1791139669,2297650,1,,single
1791139670,938270,0,,single
1791139671,1814490,4,,single
1791139673,330100,0,,single
1791139674,820540,0,,single
1791139676,587180,0,,single
1791139677,1326270,3,,single
1791139678,528720,0,,single
1791139680,313390,0,,single
1791139681,527160,0,,single
1791139683,42220,8,,single
1791139684,1509230,0,,single
1791139685,1441230,0,,single
1791139687,1233950,2,,single
1791139688,489930,0,,single
1791139690,1161640,1,,single
1791139691,500150,13,,single
1791139692,315920,0,,single
1791139694,501970,0,,single
1791139695,1793260,8,,single
1791139697,457890,0,,single
1791139698,781180,1,,single
1791139699,455690,0,,single
1791139701,1154120,0,,single
1791139702,233410,0,,single
1791139704,434430,0,,single
1791139705,1005950,0,,single
1791139706,2360030,1,,single
1791139708,7730,0,,single
1791139709,334850,0,,single
1791139710,1153210,1,,single
1791139712,2018130,0,,single
1791139713,284100,0,,single
1791139715,465840,0,,single
1791139716,1630650,0,,single
1791139717,2079180,0,,single
1791139719,930640,0,,single
1791139720,527750,0,,single
1791139722,598530,5,,single
1791139723,804870,0,,single
1791139725,1572270,0,,single
1791139726,696560,1,,single
1791139728,1192940,0,,single
1791139729,415400,0,,single
1791139731,338840,2,,single
1791139732,439800,3,,single
1791139734,298360,1,,single
1791139735,396860,1,,single
1791139737,1180540,0,,single
1791139738,1210230,1,,single
1791139739,514660,1,,single
1791139741,540190,0,,single
1791139742,1316160,0,,single
1791139744,1173830,2,,single
1791139745,1535780,1,,single
1791139747,1992640,1,,single
1791139748,590720,0,,single
1791139750,412620,0,,single
1791139751,867050,2,,single
1791139752,2900,3,,single
1791139754,1289990,1,,single
1791139755,443880,0,,single
1791139757,16120,11,,single
1791139758,1110890,0,,single
1791139760,1644840,1,,single
1791139761,1154090,1,,single
1791139763,331510,0,,single
1791139764,2384610,15,,single
1791139766,1405810,0,,single
1791139767,385260,0,,single
1791139769,381260,0,,single
1791139770,1833300,1,,single
1791139772,572700,11,,single
1791139773,489170,0,,single
1791139775,525240,2,,single
1791139776,428830,0,,single
1791139778,846670,0,,single
1791139779,1745980,0,,single
1791139781,612540,20,,single
1791139782,1157640,0,,single
1791139784,628440,0,,single
1791139785,704020,2,,single
1791139787,543180,1,,single
1791139788,1694430,55,,single
1791139790,2349830,0,,single
1791139791,4734170,1,,single
1791139793,4887360,26,,single
1791139795,4773840,110,,single
1791139796,4779560,104,,single
1791139798,4794380,28,,single
1791139799,4719730,0,,single
1791139800,4230,0,,single
1791139802,25930,4,,single
1791139803,31910,14,,single
1791139805,35800,0,,single
1791139806,51060,0,,single
1791139808,73220,0,,single
1791139809,229890,3,,single
1791139811,244750,0,,single
1791139812,274880,1,,single
1791139814,294680,20,,single
1791139815,303260,2,,single
1791139817,337880,0,,single
1791139818,343390,0,,single
1791139820,358290,2,,single
1791139821,371460,1,,single
1791139823,397190,1,,single
1791139824,412480,3,,single
1791139825,430080,2,,single
1791139827,443370,7,,single
1791139828,465000,2,,single
1791139830,474980,0,,single
1791139832,499420,1,,single
1791139833,529420,1,,single
1791139835,539300,11,,single
1791139836,552780,0,,single
1791139838,557750,2,,single
1791139839,560000,1,,single
1791139841,565550,2,,single
1791139842,572330,0,,single
1791139844,575680,2,,single
1791139845,577740,18,,single
1791139846,593900,2,,single
1791139848,601590,0,,single
1791139849,616520,1,,single
1791139851,631770,0,,single
1791139852,647040,0,,single
1791139854,653060,8,,single
1791139855,675610,1,,single
1791139857,691080,0,,single
1791139858,704000,0,,single
1791139860,724470,4,,single
1791139861,739720,5,,single
1791139862,747190,0,,single
1791139864,765940,1,,single
1791139865,812840,1,,single
1791139867,834390,0,,single
1791139868,856210,0,,single
1791139869,897630,36,,single
1791139871,942200,3,,single
1791139872,951930,0,,single
1791139874,973220,0,,single
1791139875,990090,0,,single
1791139877,1011290,0,,single
1791139878,1023740,1,,single
1791139879,1031270,0,,single
1791139881,1064010,0,,single
1791139882,1071240,1,,single
1791139884,1094660,0,,single
1791139885,1107230,0,,single
1791139887,1121530,8,,single
1791139888,1132070,1,,single
1791139889,1144300,6,,single
1791139891,1163040,1,,single
1791139892,1181000,6,,single
1791139894,1203670,7,,single
1791139895,1215280,0,,single
1791139896,1228360,1,,single
1791139898,1231950,0,,single
1791139899,1244040,16,,single
1791139901,1261760,4,,single
1791139902,1268140,4,,single
1791139904,1274200,0,,single
1791139905,1291660,0,,single
1791139906,1299810,0,,single
1791139908,1311570,11,,single
1791139909,1320490,1,,single
1791139911,1329360,0,,single
1791139912,1347630,2,,single
1791139914,1365760,9,,single
1791139915,1374990,6,,single
1791139917,1379550,0,,single
1791139918,1386730,1,,single
1791139919,1397110,0,,single
1791139921,1403830,1,,single
1791139922,1424050,5,,single
1791139924,1428820,1,,single
1791139925,1443620,2,,single
1791139927,1451680,1,,single
1791139928,1460490,10,,single
1791139930,1465710,2,,single
1791139931,1478850,6,,single
1791139933,1500180,0,,single
1791139934,1521810,3,,single
1791139935,1540060,0,,single
1791139937,1558000,4,,single
1791139938,1562920,2,,single
1791139940,1578160,0,,single
1791139941,1594130,1,,single
1791139942,1620030,3,,single
1791139944,1625230,0,,single
1791139945,1641240,4,,single
1791139947,1646790,3,,single
1791139948,1660290,1,,single
1791139950,1667400,2,,single
1791139951,1681880,2,,single
1791139953,1687530,2,,single
1791139954,1702430,0,,single
1791139955,1725950,6,,single
1791139957,1734890,0,,single
1791139958,1740660,1,,single
1791139960,1747890,2,,single
1791139961,1778210,8,,single
1791139963,1795180,0,,single
1791139964,1804270,2,,single
1791139966,1818940,22,,single
1791139967,1840710,4,,single
1791139969,1851610,2,,single
1791139970,1863080,1,,single
1791139972,1870150,3,,single
1791139973,1880610,18,,single
1791139975,1889890,15,,single
1791139976,1905530,5,,single
1791139978,1913740,3,,single
1791139979,1919040,0,,single
1791139981,1921760,3,,single
1791139982,1934300,9,,single
1791139984,1946300,0,,single
1791139985,1957760,12,,single
1791139987,1966070,0,,single
1791139988,1972550,2,,single
1791139989,1985740,2,,single
1791139991,1991980,5,,single
1791139993,2006730,0,,single
1791139994,2017620,13,,single
1791139995,2056200,9,,single
1791139997,2063480,0,,single
1791139998,2072980,0,,single
1791140000,2085040,1,,single
1791140001,2089450,16,,single
1791140002,2096570,2,,single
1791140004,2102490,5,,single
1791140005,2113770,4,,single
1791140007,2122090,10,,single
1791140008,2143980,3,,single
1791140010,2154240,4,,single
1791140011,2158740,0,,single
1791140013,2169120,4,,single
1791140014,2172900,7,,single
1791140015,2185030,9,,single
1791140017,2192900,49,,single
1791140018,2203040,0,,single
1791140020,2215410,3,,single
1791140021,2219820,3,,single
1791140023,2224740,4,,single
1791140024,2228030,2,,single
1791140026,2236590,1,,single
1791140027,2243250,1,,single
1791140029,2251580,2,,single
1791140031,2277090,8,,single
1791140032,2298690,10,,single
1791140034,2303320,0,,single
1791140035,2321350,0,,single
1791140036,2333240,25,,single
1791140038,2342150,0,,single
1791140039,2352640,0,,single
1791140041,2367610,9,,single
1791140042,2386870,3,,single
1791140044,2400960,11,,single
1791140045,2408920,1,,single
1791140047,2413840,1,,single
1791140049,2420240,4,,single
1791140050,2425410,0,,single
1791140051,2431700,0,,single
1791140053,2443090,2,,single
1791140054,2450820,4,,single
1791140056,2459490,7,,single
1791140057,2464460,0,,single
1791140059,2481670,2,,single
1791140060,2485750,1,,single
1791140062,2506110,0,,single
1791140063,2510850,1,,single
1791140065,2520870,6,,single
1791140067,2527460,1,,single
1791140068,2545220,1,,single
1791140070,2577180,0,,single
1791140071,2583300,1,,single
1791140072,2598980,3,,single
1791140074,2602020,7,,single
1791140075,2641490,1,,single
1791140077,2668910,0,,single
1791140078,2696780,0,,single
1791140079,2708790,3,,single
1791140081,2721530,1,,single
1791140082,2739700,2,,single
1791140084,2751230,8,,single
1791140085,2769210,1,,single
1791140087,2789770,8,,single
1791140088,2802790,0,,single
1791140089,2811200,4,,single
1791140091,2819030,1,,single
1791140092,2825210,0,,single
1791140094,2844500,3,,single
1791140095,2852930,0,,single
1791140097,2857000,2,,single
1791140098,2860990,5,,single
1791140100,2877480,1,,single
1791140101,2893260,1,,single
1791140102,2915950,40,,single
1791140104,2925970,0,,single
1791140106,2941660,18,,single
1791140107,2954920,1,,single
1791140108,2963890,3,,single
1791140110,2977570,2,,single
1791140111,2983350,0,,single
1791140113,2992500,4,,single
1791140114,2998750,2,,single
1791140116,3000120,1,,single
1791140117,3015620,3,,single
1791140118,3023490,1,,single
1791140120,3035990,1,,single
1791140121,3038340,0,,single
1791140123,3051470,9,,single
1791140125,3075800,0,,single
1791140126,3085890,5,,single
1791140128,3106510,5,,single
1791140129,3118160,0,,single
1791140130,3125120,1,,single
1791140132,3128950,0,,single
1791140134,3145320,3,,single
1791140135,3152540,10,,single
1791140136,3170410,2,,single
1791140138,3200460,0,,single
1791140139,3257360,0,,single
1791140141,3281130,47,,single
1791140142,3289090,14,,single
1791140144,3316470,1,,single
1791140145,3329420,4,,single
1791140146,3336530,17,,single
1791140148,3358360,1,,single
1791140149,3374720,4,,single
1791140151,3392510,9,,single
1791140152,3408020,1,,single
1791140154,3429910,0,,single
1791140155,3449590,5,,single
1791140157,3481320,2,,single
1791140158,3583060,0,,single
1791140160,590830,725,,single
1791140161,636270,2,,single
1791140162,532790,242,,single
1791140164,29720,646,,single
1791140165,247970,88,,single
1791140167,3527290,25601,,single
1791140168,2507950,60659,,single
1791140169,2592160,1661,,single
1791140171,3321460,19726,,single
1791140172,3764200,6713,,single
1791140174,2923300,3319,,single
1791140175,2016590,3414,,single
1791140176,4704690,8091,,single
1791140178,2429640,5740,,single
1791140179,3489700,2913,,single
1791140181,1285190,10722,,single
1791140182,2943650,959,,single
1791140183,3678970,61545,,single
1791140185,2277560,671,,single
1791140186,2134320,91,,single
1791140187,3357650,1783,,single
1791140189,3124540,4229,,single
1791140190,2452280,647,,single
1791140192,3450310,9971,,single
1791140193,1297900,4306,,single
1791140194,2325290,2944,,single
1791140196,4197610,3645,,single
1791140197,2386720,781,,single
1791140199,4128580,2820,,single
1791140200,3551340,36910,,single
1791140201,1118520,2116,,single
1791140203,3105440,7379,,single
1791140204,2947440,723,,single
1791140206,3265700,668,,single
1791140207,3716600,40,,single
1791140209,4162040,7122,,single
1791140210,1430190,474,,single
1791140212,2444750,4859,,single
1791140213,3280350,2131,,single
1791140214,2352620,608,,single
1791140216,1173370,326,,single
1791140217,2129530,1030,,single
1791140219,2417610,508,,single
1791140220,3061570,1411,,single
1791140222,3219630,4641,,single
1791140223,2808930,2008,,single
1791140225,3404260,1628,,single
1791140226,3556750,1862,,single
1791140227,3274580,2712,,single
1791140229,3681010,1295,,single
1791140230,2486820,1441,,single
1791140232,2799860,677,,single
1791140233,3079210,2472,,single
1791140234,2426960,7286,,single
1791140236,2186990,130,,single
1791140237,3079280,90,,single
1791140239,3552140,1342,,single
1791140240,3293010,109,,single
1791140242,1904480,453,,single
1791140243,4069520,900,,single
1791140245,3035120,213,,single
1791140246,2458860,354,,single
1791140248,2948190,2158,,single
1791140250,2215200,1570,,single
1791140252,1963610,1813,,single
1791140253,2627260,273,,single
1791140255,2827200,874,,single
1791140256,3769130,90,,single
1791140258,3897800,140,,single
1791140259,2101960,389,,single
1791140261,3562120,263,,single
1791140262,3809440,65,,single
1791140264,3269960,9,,single
1791140265,2753000,854,,single
1791140267,4121170,479,,single
1791140269,2133760,421,,single
1791140270,2684630,776,,single
1791140272,4508340,5351,,single
1791140273,4515660,17,,single
1791140275,4380490,1865,,single
1791140277,2903690,393,,single
1791140278,3472550,32,,single
1791140280,2756920,164,,single
1791140282,2600140,4,,single
1791140283,3231090,606,,single
1791140285,2226280,321,,single
1791140286,2796550,7,,single
1791140288,2852190,692,,single
1791140290,2830030,83,,single
1791140291,3052450,585,,single
1791140293,2589500,171,,single
1791140295,3855540,390,,single
1791140296,3092660,1255,,single
1791140298,1721110,325,,single
1791140302,2962300,726,,single
1791140303,2764460,2303,,single
1791140304,3214610,305,,single
1791140306,2951630,668,,single
1791140308,2870840,4,,single
1791140309,3844970,1173,,single
1791140311,2702170,28,,single
1791140312,4264230,256,,single
1791140314,3300410,28,,single
1791140315,4108000,2071,,single
1791140317,3846120,511,,single
1791140319,1620730,295,,single
1791140320,3784030,442,,single
1791140322,4147820,266,,single
1791140323,2643390,500,,single
1791140325,2244210,285,,single
1791140326,3217240,1490,,single
1791140327,3247750,137,,single
1791140329,4659620,250,,single
1791140330,3643170,597,,single
1791140332,2523720,159,,single
1791140334,1710820,44,,single
1791140335,3684610,12,,single
1791140337,2764370,399,,single
1791140338,2824490,130,,single
1791140340,2385530,1357,,single
1791140341,3865150,10,,single
1791140343,3282390,28,,single
1791140344,4111170,84,,single
1791140346,3609080,1018,,single
1791140347,4064510,34,,single
1791140348,3270680,10,,single
1791140350,1782460,143,,single
1791140352,3672720,188,,single
1791140353,2253100,738,,single
1791140355,3174070,689,,single
1791140356,4015530,50,,single
1791140357,3454650,548,,single
1791140359,2885870,188,,single
1791140361,4368350,1617,,single
1791140362,2350790,732,,single
1791140363,2016460,136,,single
1791140365,4113940,1287,,single
1791140366,2569760,315,,single
1791140368,3706810,94,,single
1791140369,3053950,142,,single
1791140371,2920270,288,,single
1791140372,3407390,2214,,single
1791140373,3142050,917,,single
1791140375,2353060,37,,single
1791140376,3645890,191,,single
1791140378,1148350,197,,single
1791140379,3618390,325,,single
1791140381,3712080,699,,single
1791140382,3533100,259,,single
1791140384,2863680,605,,single
1791140385,2524850,151,,single
1791140387,2461280,61,,single
1791140388,2928600,251,,single
1791140389,2313700,97,,single
1791140391,2787320,167,,single
1791140392,3628960,385,,single
1791140394,4317690,131,,single
1791140395,1999520,14,,single
1791140397,2333480,1147,,single
1791140398,2101390,373,,single
1791140399,1263240,33,,single
1791140401,3279120,1,,single
1791140402,4656000,3507,,single
1791140404,3920610,103,,single
1791140406,2719150,5,,single
1791140407,3624140,1497,,single
1791140409,3659280,10790,,single
1791140410,3341650,28,,single
1791140411,3513600,183,,single
1791140413,1578220,15,,single
1791140415,3669570,3942,,single
1791140416,1446890,298,,single
1791140417,3639650,47,,single
1791140419,3054690,62,,single
1791140421,3925760,89,,single
1791140422,2615540,44,,single
1791140424,3800340,201,,single
1791140425,3805420,42,,single
1791140427,4304930,147,,single
1791140428,2377280,35,,single
1791140430,3267900,16,,single
1791140431,3209480,16,,single
1791140433,3558600,562,,single
1791140435,3616550,187,,single
1791140436,2824230,5,,single
1791140438,4249120,112,,single
1791140439,2428730,26,,single
1791140441,3167920,483,,single
1791140442,3414580,57,,single
1791140444,3715020,12,,single
1791140446,1231560,71,,single
1791140447,3937550,251,,single
1791140449,2069250,97,,single
1791140451,3817090,6,,single
1791140452,3496000,57,,single
1791140454,2845250,1,,single
1791140455,2402680,1303,,single
1791140457,2499860,336,,single
1791140458,622630,5,,single
1791140459,958520,88,,single
1791140461,3596700,255,,single
1791140463,2426530,248,,single
1791140464,2532480,70,,single
1791140465,2870340,157,,single
1791140467,3050900,32,,single
1791140468,2499520,20,,single
1791140470,2541530,47,,single
1791140471,3609750,61,,single
1791140473,3700980,35,,single
1791140474,3139440,306,,single
1791140476,2272540,16,,single
1791140477,3618030,127,,single
1791140478,4634490,168,,single
1791140480,3054820,22,,single
1791140481,990380,41,,single
1791140483,2674810,48,,single
1791140484,1380070,54,,single
1791140486,3376480,60,,single
1791140487,2126190,25,,single
1791140489,3198890,182,,single
1791140490,4450620,844,,single
1791140492,2873660,339,,single
1791140493,3285500,47,,single
1791140495,1538550,72,,single
1791140496,3372060,50,,single
1791140498,1342490,80,,single
1791140499,3918850,218,,single
1791140501,1116050,43,,single
1791140502,3430470,30,,single
1791140504,1929290,26,,single
1791140505,3874440,14,,single
1791140507,3195440,2434,,single
1791140508,4038320,51,,single
1791140510,3214880,4,,single
1791140511,3249650,15,,single
1791140513,3133060,27,,single
1791140514,2891020,26,,single
1791140516,3741860,37,,single
1791140517,4428890,45,,single
1791140518,2893570,250,,single
1791140520,3198850,3028,,single
1791140521,3313720,8,,single
1791140523,4128400,1176,,single
1791140524,3972320,60,,single
1791140526,4210580,1974,,single
1791140527,3576070,344,,single
1791140529,3098140,52,,single
1791140530,2464280,64,,single
1791140532,2831340,6,,single
1791140533,4018950,13,,single
1791140535,2698420,127,,single
1791140536,2191500,120,,single
1791140538,2698470,13,,single
1791140539,2748340,112,,single
1791140541,3509230,78,,single
1791140542,4249100,107,,single
1791140544,4125930,585,,single
1791140545,3173560,35,,single
1791140547,3570070,23,,single
1791140548,4262610,10,,single
1791140549,2225960,38,,single
1791140551,2509200,69,,single
1791140552,3363270,336,,single
1791140554,1206070,17,,single
1791140555,2545710,44,,single
1791140556,1996390,41,,single
1791140558,4627110,436,,single
1791140559,2887580,10696,,single
1791140561,3467040,272,,single
1791140562,3446920,252,,single
1791140564,3998800,0,,single
1791140565,3682050,45,,single
1791140567,2305640,113,,single
1791140568,2881610,10,,single
1791140570,3151270,12,,single
1791140571,2755480,165,,single
1791140573,2795540,14,,single
1791140574,2435090,18,,single
1791140576,3739730,92,,single
1791140577,3114900,7,,single
1791140578,3044740,78,,single
1791140580,3674270,5,,single
1791140581,1691280,37,,single
1791140583,3794610,58,,single
1791140584,3156330,19,,single
1791140586,2487150,132,,single
1791140587,3864530,0,,single
1791140590,3358250,46,,single
1791140592,4513480,80,,single
1791140593,2321780,29,,single
1791140595,2416100,21,,single
1791140596,2840470,367,,single
1791140598,3361510,206,,single
1791140599,3816930,34,,single
1791140601,3576350,463,,single
1791140602,2810210,51,,single
1791140605,4286120,54,,single
1791140607,3823460,24,,single
1791140609,4075620,864,,single
1791140610,2825880,56,,single
1791140612,4262310,52,,single
1791140613,1277530,0,,single
1791140615,2987800,1061,,single
1791140616,2229880,223,,single
1791140617,2398450,6,,single
1791140619,2294730,113,,single
1791140620,3590290,102,,single
1791140622,2706020,295,,single
1791140623,2199420,60,,single
1791140625,3850560,6,,single
1791140626,2907010,2,,single
1791140627,1804470,16,,single
1791140629,2798330,268,,single
1791140631,4479970,11,,single
1791140632,3693650,138,,single
1791140634,3017120,3,,single
1791140635,2866360,3,,single
1791140636,3010230,107,,single
1791140638,2654470,15,,single
1791140639,1729740,14,,single
1791140641,951830,93,,single
1791140642,1621540,49,,single
1791140644,3165830,20,,single
1791140645,2658510,132,,single
1791140647,2649480,38,,single
1791140648,3364880,16,,single
1791140650,3655150,14,,single
1791140651,2657120,29,,single
1791140652,3480990,69,,single
1791140654,2454570,41,,single
1791140656,4243990,953,,single
1791140657,3782910,148,,single
1791140659,3484300,10,,single
1791140660,4227400,171,,single
1791140662,2754090,12,,single
1791140663,4067130,57,,single
1791140665,4197890,8,,single
1791140666,3531160,9,,single
1791140668,3534790,52,,single
1791140669,3757210,8,,single
1791140671,3717340,221,,single
1791140672,2861560,4,,single
1791140673,2814910,4,,single
1791140675,2261430,71,,single
1791140676,3723470,11,,single
1791140678,5044770,121,,single
1791140679,3730790,12,,single
1791140681,1969370,134,,single
1791140682,3664820,51,,single
1791140684,3351670,2,,single
1791140685,3341000,17,,single
1791140687,4212480,2574,,single
1791140688,2896260,21,,single
1791140690,1783110,19,,single
1791140691,2794590,117,,single
1791140693,3208560,35,,single
1791140694,3458620,29,,single
1791140696,1758950,36,,single
1791140697,1947910,4,,single
1791140699,1313290,45,,single
1791140700,3818020,26,,single
1791140702,3062380,24,,single
1791140703,2438160,58,,single
1791140705,3521410,33,,single
1791140706,3399780,14,,single
1791140708,3119540,45,,single
1791140709,4135880,64,,single
1791140711,2535950,100,,single
1791140712,3583210,80,,single
1791140714,4028600,7,,single
1791140715,3594780,127,,single
1791140717,2708280,6,,single
1791140718,3821150,83,,single
1791140720,2319790,5,,single
1791140722,4279120,14,,single
1791140723,2558700,1,,single
1791140725,4303040,73,,single
1791140726,2492660,673,,single
1791140728,2173460,28,,single
1791140729,2723430,45,,single
1791140731,4513880,12,,single
1791140732,3319120,12,,single
1791140734,3022110,1,,single
1791140736,2819520,716,,single
1791140738,1414910,11,,single
1791140739,2926900,44,,single
1791140740,3081280,10,,single
1791140742,3720460,48,,single
1791140743,3562580,27,,single
1791140745,4000090,4,,single
1791140747,4234260,3,,single
1791140749,3081840,8,,single
1791140750,4090250,25,,single
1791140752,3332600,43,,single
1791140753,767320,187,,single
1791140755,3579050,0,,single
1791140756,4324480,704,,single
1791140758,4699920,4,,single
1791140759,1970030,15,,single
1791140761,3253530,12,,single
1791140763,2969160,9,,single
1791140764,3950130,191,,single
1791140766,3748520,67,,single
1791140767,3189340,123,,single
1791140769,2455140,22,,single
1791140770,2866670,58,,single
1791140772,3285700,81,,single
1791140773,2997230,31,,single
1791140775,2393970,228,,single
1791140777,3818000,17,,single
1791140778,3489420,6,,single
1791140780,2447680,43,,single
1791140781,3373500,178,,single
1791140783,1574480,34,,single
1791140784,2697940,46,,single
1791140786,3194360,69,,single
1791140787,3929200,53,,single
1791140789,3688130,43,,single
1791140790,3063520,33,,single
1791140792,2989180,38,,single
1791140793,3710840,552,,single
1791140795,2782380,0,,single
1791140796,3743790,51,,single
1791140798,2370000,14,,single
1791140799,3887700,163,,single
1791140800,3506110,3,,single
1791140802,3751890,2,,single
1791140804,3594120,12,,single
1791140805,3604780,23,,single
1791140807,2132690,3,,single
1791140808,3288210,9,,single
1791140809,3043710,74,,single
1791140811,3417120,26,,single
1791140812,2455360,76,,single
1791140814,2347080,350,,single
1791140815,3676850,0,,single
1791140817,2542020,72,,single
1791140818,2833580,153,,single
1791140820,3430450,24,,single
1791140821,3642370,0,,single
1791140823,4656700,161,,single
1791140824,3211690,7,,single
1791140825,2516470,1,,single
1791140827,2343900,24,,single
1791140828,3375110,552,,single
1791140830,1726530,23,,single
1791140831,3074110,7,,single
1791140832,3237970,6,,single
1791140834,1192900,6,,single
1791140835,2124100,2,,single
1791140837,2421370,0,,single
1791140838,4892010,1432,,single
1791140839,3797340,82,,single
1791140841,2825180,2,,single
1791140842,2362050,28,,single
1791140844,2896380,25,,single
1791140845,4001350,50,,single
1791140846,3841970,62,,single
1791140848,3393240,44,,single
1791140849,2943740,39,,single
1791140851,4551040,14,,single
1791140852,3187010,33,,single
1791140854,2857880,24,,single
1791140855,2196640,7,,single
1791140857,2897610,24,,single
1791140858,1817500,0,,single
1791140859,3069050,98,,single
1791140861,3196440,361,,single
1791140862,3336520,10,,single
1791140864,3665520,96,,single
1791140865,4175080,0,,single
1791140867,3811390,28,,single
1791140868,3840230,76,,single
1791140870,2608630,5,,single
1791140871,2964090,254,,single
1791140872,4293850,166,,single
1791140874,2178930,25,,single
1791140875,2132890,33,,single
1791140877,2756820,5,,single
1791140878,4314560,2,,single
1791140880,2492120,6,,single
1791140881,4104530,5,,single
1791140882,2947280,34,,single
1791140884,2358050,176,,single
1791140885,2461440,15,,single
1791140887,3316940,113,,single
1791140888,3077570,3,,single
1791140891,1330430,32,,single
1791140892,3839300,41,,single
1791140894,1869500,14,,single
1791140895,2456080,3,,single
1791140896,2012320,94,,single
1791140898,3772240,4,,single
1791140899,2240150,6,,single
1791140901,2387380,18,,single
1791140902,1978720,9,,single
1791140904,3117660,19,,single
1791140905,4134650,70,,single
1791140907,2908500,46,,single
1791140908,2651410,8,,single
1791140910,3558400,49,,single
1791140911,3829620,11,,single
1791140912,1697870,13,,single
1791140914,4651940,453,,single
1791140915,3074340,22,,single
1791140917,4796830,49,,single
1791140918,3450390,7,,single
1791140920,2282790,30,,single
1791140921,2672430,8,,single
1791140923,1598230,2,,single
1791140924,1619310,11,,single
1791140926,4104120,3,,single
1791140928,4172690,109,,single
1791140929,3278290,23,,single
1791140930,3500390,56,,single
1791140932,3566870,15,,single
1791140933,4103530,41,,single
1791140935,894060,114,,single
1791140936,3044350,34,,single
1791140938,3582250,159,,single
1791140939,3593780,15,,single
1791140941,3747730,23,,single
1791140942,3947460,255,,single
1791140943,3916260,12,,single
1791140945,1916890,4,,single
1791140947,1541370,31,,single
1791140948,3680510,8,,single
1791140950,1290760,15,,single
1791140952,4103710,99,,single
1791140953,3633250,3,,single
1791140955,3241760,11,,single
1791140956,3468650,210,,single
1791140957,2081880,2966,,single
1791140959,1135700,3,,single
1791140960,3072120,19,,single
1791140962,4243690,44,,single
1791140963,3141310,6,,single
1791140965,1165870,3,,single
1791140966,2756380,7,,single
1791140968,2875610,28,,single
1791140970,2090810,14,,single
1791140971,4012810,56,,single
1791140973,3930300,0,,single
1791140974,2275440,90,,single
1791140975,3599070,3,,single
1791140977,4496710,269,,single
1791140978,3165650,56,,single
1791140980,3376690,2,,single
1791140981,4240150,9,,single
1791140983,2977260,413,,single
1791140984,2570810,1,,single
1791140985,3145350,1,,single
1791140987,4753760,129,,single
1791140988,2183670,21,,single
1791140990,4312850,6,,single
1791140991,2737580,0,,single
1791140993,4042800,66,,single
1791140994,3343590,1,,single
1791140996,951770,31,,single
1791140998,3219180,47,,single
1791141000,3498390,7,,single
1791141001,2578880,11,,single
1791141003,3355100,11,,single
1791141004,1191830,33,,single
1791141006,3850870,9,,single
1791141007,4053520,5,,single
1791141009,3667390,87,,single
1791141010,4135750,31,,single
1791141012,3219410,5,,single
1791141013,4610100,110,,single
1791141015,3330210,40,,single
1791141016,3408170,18,,single
1791141018,3390880,13,,single
1791141019,3471800,297,,single
1791141020,2516940,6,,single
1791141022,2059210,1,,single
1791141023,4486870,88,,single
1791141025,2860450,16,,single
1791141026,3253630,5,,single
1791141028,3673150,95,,single
1791141029,2212790,19,,single
1791141031,2340870,19,,single
1791141032,2917030,64,,single
1791141034,3816700,7,,single
1791141035,3966480,29,,single
1791141036,2466900,7,,single
1791141038,1501310,48,,single
1791141040,1076750,2,,single
1791141042,1883800,8,,single
1791141043,2939790,15,,single
1791141044,2659050,11,,single
1791141046,3224840,37,,single
1791141048,3265070,16,,single
1791141049,3181650,24,,single
1791141051,1721960,1,,single
1791141052,3036350,12,,single
1791141054,2631580,0,,single
1791141055,2723520,4,,single
1791141057,3516590,63,,single
1791141058,4258770,4,,single
1791141059,2404000,0,,single
1791141061,4148530,81,,single
1791141062,4028640,10,,single
1791141064,3584920,14,,single
1791141065,2302530,133,,single
1791141066,2824380,89,,single
1791141068,4067070,4,,single
1791141069,3107930,0,,single
1791141071,4150860,378,,single
1791141072,3016840,16,,single
1791141074,2851820,1,,single
1791141075,2516920,7,,single
1791141077,3236710,31,,single
1791141078,3948550,6,,single
1791141080,4224240,153,,single
1791141081,1400660,21,,single
1791141083,2502650,12,,single
1791141084,2610650,4,,single
1791141086,3551190,7,,single
1791141087,2469970,26,,single
1791141088,2560050,6,,single
1791141090,3363560,13,,single
1791141091,4599710,106,,single
1791141093,3365170,43,,single
1791141094,3907940,9,,single
1791141096,2445840,22,,single
1791141097,2994430,51,,single
1791141098,2447060,10,,single
1791141100,4193390,164,,single
1791141101,2635750,0,,single
1791141103,4928820,245,,single
1791141104,1471650,21,,single
1791141105,3453910,138,,single
1791141107,4579940,107,,single
1791141108,3372530,5,,single
1791141110,2769780,5,,single
1791141111,4474950,70,,single
1791141113,4738000,19,,single
1791141114,1961600,13,,single
1791141116,3086720,1,,single
1791141117,4021870,5,,single
1791141118,3032830,12,,single
1791141120,1219240,5,,single
1791141121,2983660,2,,single
1791141123,3087930,91,,single
1791141124,3432270,2,,single
1791141125,4006400,40,,single
1791141127,2832280,17,,single
1791141128,3524750,48,,single
1791141130,2795090,27,,single
1791141131,3066060,33,,single
1791141132,2925320,1,,single
1791141134,1848270,1,,single
1791141135,3211850,43,,single
1791141137,4842670,2220,,single
1791141138,1660960,3,,single
1791141140,4252290,88,,single
1791141141,3066470,83,,single
1791141142,2404390,19,,single
1791141144,2934180,6,,single
1791141145,4141770,54,,single
1791141147,3586060,27,,single
1791141148,3491570,0,,single
1791141149,3471590,5,,single
1791141151,3039910,26,,single
1791141152,4246860,76,,single
1791141154,3169620,30,,single
1791141155,2983510,1,,single
1791141156,4163030,22,,single
1791141158,1221480,10,,single
1791141159,3572580,5,,single
1791141161,3234720,4,,single
1791141162,4048300,15,,single
1791141163,2909580,69,,single
1791141165,2138570,3,,single
1791141166,4148670,16,,single
1791141168,2660230,16,,single
1791141169,4333200,24,,single
1791141170,1583520,8,,single
1791141172,2655080,36,,single
1791141173,3196540,18,,single
1791141175,2622820,22,,single
1791141176,2302320,2,,single
1791141177,3924170,1,,single
1791141179,3396010,889,,single
1791141180,3802470,21,,single
1791141182,4223300,29,,single
1791141183,3013550,82,,single
1791141184,2903710,6,,single
1791141186,3636440,18,,single
1791141187,2564910,80,,single
1791141189,4280930,3,,single
1791141190,3933120,27,,single
1791141191,1232220,37,,single
1791141193,3987800,4,,single
1791141194,2384600,6,,single
1791141196,2154070,7,,single
1791141197,2962750,3,,single
1791141199,3500680,42,,single
1791141202,3096270,2,,single
1791141204,2463690,15,,single
1791141205,2419800,27,,single
1791141207,4094670,17,,single
1791141208,4291080,0,,single
1791141209,1969810,22,,single
1791141211,3333700,11,,single
1791141213,4568830,8,,single
1791141214,2822010,1,,single
1791141215,2512190,10,,single
1791141217,4305480,28,,single
1791141218,3634340,6,,single
1791141220,3200290,40,,single
1791141221,1342690,9,,single
1791141223,3364070,69,,single
1791141224,2732980,60,,single
1791141225,2778420,0,,single
1791141227,3504700,64,,single
1791141229,3431300,178,,single
1791141230,2887780,4,,single
1791141232,3127230,42,,single
1791141233,3484750,26,,single
1791141234,4216670,396,,single
1791141236,2658040,6,,single
1791141237,1330360,4,,single
1791141239,2803490,70,,single
1791141240,4187140,60,,single
1791141242,3831350,2,,single
1791141243,2538880,2,,single
1791141245,3734290,20,,single
1791141246,2645580,5,,single
1791141248,4211860,105,,single
1791141249,3064060,4,,single
1791141251,2655960,10,,single
1791141252,3432750,19,,single
1791141253,3868850,121,,single
1791141255,2442410,3,,single
1791141256,4214320,8,,single
1791141258,3151760,9,,single
1791141259,4547970,7,,single
1791141261,3301370,5,,single
1791141263,3689210,0,,single
1791141264,4689420,5,,single
1791141266,1375750,12,,single
1791141267,2774040,108,,single
1791141269,2799690,2,,single
1791141270,3736150,3,,single
1791141271,4258330,2,,single
1791141273,3198120,0,,single
1791141274,3854330,15,,single
1791141276,2611170,1,,single
1791141278,3428570,14,,single
1791141280,2918550,1,,single
1791141281,3624370,64,,single
1791141282,3679930,10,,single
1791141284,4007340,2,,single
1791141285,4532550,7,,single
1791141287,3167260,5,,single
1791141289,2423760,23,,single
1791141290,3914860,97,,single
1791141292,3809940,5,,single
1791141293,3264850,13,,single
1791141294,1677970,66,,single
1791141296,3536480,0,,single
1791141297,3690490,23,,single
1791141299,4098230,40,,single
1791141300,4300090,76,,single
1791141302,3044550,2,,single
1791141303,4125770,16,,single
1791141306,3030190,12,,single
1791141307,4134600,60,,single
1791141308,3633450,1,,single
1791141310,3604560,27,,single
1791141311,3985030,30,,single
1791141313,3226060,15,,single
1791141314,2000120,4,,single
1791141316,3729550,27,,single
1791141317,2953520,3,,single
1791141319,3820130,39,,single
1791141320,4415740,7,,single
1791141321,3081690,1,,single
1791141323,2215270,1,,single
1791141324,1058710,1,,single
1791141326,5097840,28,,single
1791141327,2981070,9,,single
1791141328,2775910,1,,single
1791141330,3296830,6,,single
1791141332,4549610,46,,single
1791141333,3043940,34,,single
1791141335,1594040,5,,single
1791141336,3052730,50,,single
1791141337,3833930,0,,single
1791141339,3886870,17,,single
1791141340,3371480,0,,single
1791141342,3785560,0,,single
1791141343,2782830,1,,single
1791141345,1808320,0,,single
1791141346,4680930,9,,single
1791141348,3763820,3,,single
1791141349,3001560,1,,single
1791141351,3456800,6,,single
1791141352,3777060,58,,single
1791141353,3204320,1,,single
1791141355,2901310,2,,single
1791141357,3105960,0,,single
1791141358,3947040,14,,single
1791141360,3026730,7,,single
1791141361,3265230,38,,single
1791141363,3830690,11,,single
1791141364,1648360,2,,single
1791141365,1938300,8,,single
1791141367,3169520,28,,single
1791141368,2726870,1,,single
1791141370,2642760,0,,single
1791141371,3347520,62,,single
1791141373,4321500,16,,single
1791141374,4467540,4,,single
1791141376,2215910,2,,single
1791141377,3030580,4,,single
1791141378,2769080,5,,single
1791141380,3298170,2,,single
1791141381,2522430,5,,single
1791141383,4179020,11,,single
1791141384,3399980,2,,single
1791141386,3821790,3,,single
1791141387,3896460,24,,single
1791141389,2789410,30,,single
1791141390,4026480,107,,single
1791141391,2517810,0,,single
1791141393,3016920,8,,single
1791141394,2459350,20,,single
1791141396,3180340,35,,single
1791141397,3612130,8,,single
1791141399,1461130,0,,single
1791141400,2962420,1,,single
1791141401,3054490,70,,single
1791141403,3609320,0,,single
1791141404,1094600,12,,single
1791141406,2411250,1,,single
1791141407,4252960,15,,single
1791141409,2591310,30,,single
1791141410,4366330,203,,single
1791141412,2439560,3,,single
1791141413,2221840,2,,single
1791141415,3150510,7,,single
1791141416,1330190,3,,single
1791141418,3979870,3,,single
1791141419,1925650,19,,single
1791141420,3639380,10,,single
1791141422,3140180,20,,single
1791141423,3800850,7,,single
1791141425,3830210,0,,single
1791141426,3075410,11,,single
1791141428,3508770,20,,single
1791141429,2314650,6,,single
1791141430,3112290,6,,single
1791141432,3962020,14,,single
1791141433,3376500,24,,single
1791141435,3121470,2,,single
1791141436,4132890,38,,single
1791141438,3177070,2,,single
1791141439,2759280,6,,single
1791141441,3666080,2,,single
1791141442,4226370,88,,single
1791141444,3225420,1,,single
1791141445,2537920,7,,single
1791141446,3384890,1,,single
1791141448,3716650,1,,single
1791141449,1918480,4,,single
1791141451,2477270,10,,single
1791141452,3761580,6,,single
1791141454,2512920,11,,single
1791141456,2521400,1,,single
1791141457,3214480,25,,single
1791141458,3006280,5,,single
1791141460,4008340,1,,single
1791141461,4120790,54,,single
1791141463,2418490,4,,single
1791141464,3568460,33,,single
1791141466,2078910,4,,single
1791141467,3510960,7,,single
1791141469,3928990,63,,single
1791141470,2698870,13,,single
1791141472,3123060,116,,single
1791141474,3738830,6,,single
1791141475,1634360,11,,single
1791141476,4563880,2,,single
1791141478,3479140,5,,single
1791141480,2635500,12,,single
1791141481,3201070,15,,single
1791141483,4377370,64,,single
1791141484,2474430,5,,single
1791141485,2932960,5,,single
1791141487,1806330,1,,single
1791141488,2783360,756,,single
1791141490,3919360,159,,single
1791141491,3756010,14,,single
1791141493,3435600,2,,single
1791141494,884180,39,,single
1791141495,2277300,4,,single
1791141497,3586410,2,,single
1791141499,4249370,4,,single
1791141500,3150720,1,,single
1791141503,4707200,1,,single
1791141505,4195110,168,,single
1791141506,2663150,5,,single
1791141507,3478920,2,,single
1791141509,2564320,0,,single
1791141510,3093590,7,,single
1791141512,4753960,31,,single
1791141513,3304320,2,,single
1791141515,1828650,4,,single
1791141516,3649700,2,,single
1791141518,4335460,14,,single
1791141520,4335620,922,,single
1791141521,3275750,33,,single
1791141523,4914610,0,,single
1791141524,2840000,7,,single
1791141526,3852060,34,,single
1791141527,4204530,11,,single
1791141528,3308200,6,,single
1791141530,3552310,662,,single
1791141531,4396620,21,,single
1791141533,3864450,21,,single
1791141534,3446190,27,,single
1791141536,3316350,8,,single
1791141537,4086760,11,,single
1791141539,3027600,3,,single
1791141540,3570060,20,,single
1791141542,2593340,40,,single
1791141543,2879980,0,,single
1791141545,1555910,1,,single
1791141546,3675470,6,,single
1791141548,3152590,0,,single
1791141550,3743220,4,,single
1791141551,3966890,31,,single
1791141552,1859430,4,,single
1791141554,4039810,3,,single
1791141556,4962010,108,,single
1791141557,3225060,13,,single
1791141558,3642180,33,,single
1791141560,3116500,23,,single
1791141561,3219580,14,,single
1791141563,3561030,31,,single
1791141564,2764590,7,,single
1791141566,3939700,20,,single
1791141567,2953440,4,,single
1791141569,2766910,13,,single
1791141570,3580160,6,,single
1791141572,1108270,135,,single
1791141573,3085640,8,,single
1791141574,3496940,1,,single
1791141576,2209140,1,,single
1791141577,3816000,58,,single
1791141579,2702260,16,,single
1791141580,2990600,0,,single
1791141582,3375580,0,,single
1791141583,3565100,9,,single
1791141584,2776630,5,,single
1791141586,3775510,4,,single
1791141587,3705300,1,,single
1791141589,2806410,204,,single
1791141590,4190240,193,,single
1791141592,3223160,6,,single
1791141593,4332910,9,,single
1791141594,2293850,4,,single
1791141596,2738430,0,,single
1791141597,3702160,3,,single
1791141599,2419240,6,,single
1791141600,4077800,1,,single
1791141602,3284290,19,,single
1791141603,3703520,131,,single
1791141605,2650630,3,,single
1791141606,3349800,0,,single
1791141608,1369690,8,,single
1791141609,2770330,11,,single
1791141610,4032770,21,,single
1791141612,2328450,0,,single
1791141613,2943420,8,,single
1791141615,3922100,75,,single
1791141616,3017730,26,,single
1791141617,3922920,4,,single
1791141619,2265990,3,,single
1791141620,3211430,19,,single
1791141622,3959050,136,,single
1791141623,3560370,4,,single
1791141625,4021780,118,,single
1791141626,4774170,20,,single
1791141627,2651420,2,,single
1791141629,3184250,1,,single
1791141630,3529690,17,,single
1791141632,3920180,1,,single
1791141633,3112170,7,,single
1791141634,3992030,0,,single
1791141636,4453290,168,,single
1791141638,1472930,2,,single
1791141639,965190,30,,single
1791141641,2325310,3,,single
1791141642,3021530,5,,single
1791141644,2678070,9,,single
1791141646,5099430,53,,single
1791141647,3295810,13,,single
1791141649,3763690,91,,single
1791141651,4491360,29,,single
1791141652,3008050,1,,single
1791141654,5120650,296,,single
1791141655,3247030,8,,single
1791141656,1793440,37,,single
1791141658,2680380,5,,single
1791141659,3426430,12,,single
1791141661,3137350,29,,single
1791141662,4267840,3,,single
1791141664,2382580,0,,single
1791141665,3005620,2,,single
1791141667,3233390,8,,single
1791141668,3845450,22,,single
1791141670,2441170,8,,single
1791141671,4397180,8,,single
1791141673,3187880,2,,single
1791141674,1446900,124,,single
1791141676,3826060,3,,single
1791141677,3222640,777,,single
1791141679,4671380,2067,,single
1791141680,2796640,193,,single
1791141681,4094660,381,,single
1791141683,4146760,764,,single
1791141684,2538870,69,,single
1791141686,5212940,1926,,single
1791141687,3328490,57,,single
1791141689,4622260,1267,,single
1791141690,4072240,675,,single
1791141691,2712590,203,,single
1791141693,3831210,246,,single
1791141695,3613050,10,,single
1791141696,3042790,3,,single
1791141698,3789080,49,,single
1791141699,1133700,54,,single
1791141701,2902170,65,,single
1791141702,4221990,9,,single
1791141704,4163960,112,,single
1791141705,5007280,2,,single
1791141706,5159810,14,,single
1791141708,4404610,141,,single
1791141709,3048060,57,,single
1791141711,3572800,35,,single
1791141712,3120460,30,,single
1791141714,2231460,4,,single
1791141715,1897860,16,,single
1791141717,4353350,35,,single
1791141718,3628390,22,,single
1791141720,4938070,54,,single
1791141721,2695500,1,,single
1791141723,4652040,5,,single
1791141724,3926930,7,,single
1791141725,4114690,137,,single
1791141727,4815930,2,,single
1791141728,1864690,35,,single
1791141730,3653250,2,,single
1791141731,2876200,222,,single
1791141733,4084120,43,,single
1791141734,2282890,2,,single
1791141735,4391380,108,,single
1791141737,4022090,21,,single
1791141738,3170490,16,,single
1791141740,4268460,3,,single
1791141741,4368560,6,,single
1791141743,4132960,15,,single
1791141744,3859630,2,,single
1791141746,3421740,2,,single
1791141747,1283700,0,,single
1791141749,2978440,1,,single
1791141750,2814790,2,,single
1791141752,856570,2,,single
1791141753,1584680,5,,single
1791141755,2840890,1,,single
1791141756,3124850,2,,single
1791141758,3936530,768,,single
1791141759,3119780,0,,single
1791141761,4843210,15,,single
1791141762,4739190,163,,single
1791141764,2412200,5,,single
1791141765,4937570,10,,single
1791141767,4835250,4,,single
1791141768,4834490,24,,single
1791141769,2431980,4,,single
1791141771,4838450,2,,single
1791141773,2906500,3,,single
1791141774,4914570,3,,single
1791141776,4861510,122,,single
1791141777,4872970,0,,single
1791141779,4729160,0,,single
1791141780,4852580,0,,single
1791141782,4790520,1,,single
1791141783,4781400,3,,single
1791141785,4875060,19,,single
1791141786,4864000,42,,single
1791141788,4911380,0,,single
1791141789,4918800,0,,single
1791141791,4757300,5,,single
1791141793,4768660,44,,single
1791141794,2994990,6,,single
1791141796,4826530,6,,single
1791141797,4738660,5,,single
1791141799,4789900,0,,single
1791141800,2560100,0,,single
1791141801,3161270,7,,single
1791141804,1569420,0,,single
1791141805,2543650,1,,single
1791141806,1280060,2,,single
1791141808,2471090,1,,single
1791141809,1795190,0,,single
1791141811,2294640,0,,single
1791141812,1374960,2,,single
1791141813,3068670,7,,single
1791141815,3213600,7,,single
1791141816,3196800,1,,single
1791141818,2995560,1,,single
1791141819,3057190,5,,single
1791141821,1683380,0,,single
1791141822,3476660,3,,single
1791141824,2927780,0,,single
1791141825,1318240,4,,single
1791141827,3170730,1,,single
1791141828,1543380,0,,single
1791141830,2825130,0,,single
1791141831,2354120,0,,single
1791141832,2532470,4,,single
1791141834,2754370,1,,single
1791141835,1550190,0,,single
1791141836,3688340,0,,single
1791141838,3081320,5,,single
1791141839,2282350,0,,single
1791141841,2572300,5,,single
1791141842,3470530,0,,single
1791141844,1377700,1,,single
1791141845,2924860,0,,single
1791141847,2897560,2,,single
1791141848,3334710,3,,single
1791141850,3075060,0,,single
1791141851,2364560,3,,single
1791141852,2901150,2,,single
1791141854,3692240,12,,single
1791141855,2387460,0,,single
1791141857,3331050,2,,single
1791141858,3263330,0,,single
1791141860,3712020,1,,single
1791141861,3234700,1,,single
1791141863,3550060,0,,single
1791141864,3714790,1,,single
1791141866,3156530,2,,single
1791141867,2997460,1,,single
1791141868,3446990,0,,single
1791141870,3002510,2,,single
1791141871,2449450,1,,single
1791141873,3554790,0,,single
1791141874,2115760,1,,single
1791141876,3543720,1,,single
1791141877,3547790,2,,single
1791141878,1914060,0,,single
1791141880,2452820,3,,single
1791141881,2922180,2,,single
1791141883,3387330,3,,single
1791141884,3626800,0,,single
1791141886,275270,2,,single
1791141887,3629210,1,,single
1791141889,2178560,0,,single
1791141890,1262890,1,,single
1791141892,1562690,0,,single
1791141893,3533830,3,,single
1791141895,3554520,0,,single
1791141896,3211750,1,,single
1791141898,3596510,3,,single
1791141899,2597570,0,,single
1791141901,2361000,1,,single
1791141902,3132250,14,,single
1791141904,2963280,0,,single
1791141905,2625550,0,,single
1791141907,2850220,4,,single
1791141909,3561770,1,,single
1791141910,3417690,2,,single
1791141911,3566200,8,,single
1791141913,3411050,3,,single
1791141914,2804550,0,,single
1791141916,2054380,0,,single
1791141917,3439320,0,,single
1791141919,2184620,1,,single
1791141920,3042830,1,,single
1791141921,2730700,0,,single
1791141923,2475300,2,,single
1791141924,3430300,0,,single
1791141926,3416270,0,,single
1791141927,2643290,3,,single
1791141929,3316380,0,,single
1791141930,3498980,0,,single
1791141932,3491310,5,,single
1791141933,3236000,0,,single
1791141935,2955320,0,,single
1791141936,3300470,1,,single
1791141938,3308550,1,,single
1791141939,3051380,1,,single
1791141941,3069410,0,,single
1791141942,2517440,0,,single
1791141944,2894820,5,,single
1791141945,3338380,0,,single
1791141947,2824580,1,,single
1791141949,2659710,1,,single
1791141950,2650350,0,,single
1791141952,2964540,9,,single
1791141953,3384190,3,,single
1791141955,2969140,2,,single
1791141956,3384180,0,,single
1791141958,2957110,75,,single
1791141959,2549380,0,,single
1791141961,2438260,6,,single
1791141962,1932210,0,,single
1791141964,2850110,1,,single
1791141965,3001000,0,,single
1791141967,2335790,0,,single
1791141968,2417000,0,,single
1791141970,3021850,0,,single
1791141971,3034340,9,,single
1791141973,1851200,10,,single
1791141974,2785570,1,,single
1791141976,1644770,2,,single
1791141977,2487340,0,,single
1791141978,3425880,0,,single
1791141980,2752710,2,,single
1791141981,3328700,0,,single
1791141983,2888470,7,,single
1791141984,3238510,0,,single
1791141986,2492330,0,,single
1791141987,3073350,0,,single
1791141989,3327670,0,,single
1791141990,1270980,5,,single
1791141992,3054090,4,,single
1791141993,1757580,4,,single
1791141995,3301040,1,,single
1791141996,1619580,0,,single
1791141998,3288990,3,,single
1791141999,1587570,3,,single
1791142001,3235270,0,,single
1791142002,2396190,0,,single
1791142003,3012130,0,,single
1791142005,3013460,1,,single
1791142006,2878030,0,,single
1791142008,3160580,2,,single
1791142009,3046050,0,,single
1791142011,1548350,0,,single
1791142012,1671740,2,,single
1791142014,3068580,0,,single
1791142015,2666230,1,,single
1791142017,2812610,0,,single
1791142018,3273420,4,,single
1791142020,2780470,0,,single
1791142021,2705210,1,,single
1791142023,909470,2,,single
1791142024,3089700,1,,single
1791142025,3187730,14,,single
1791142027,3159960,0,,single
1791142028,2991390,1,,single
1791142030,2759760,0,,single
1791142031,3226140,1,,single
1791142033,2790000,0,,single
1791142034,3162020,2,,single
1791142035,3303150,4,,single
1791142037,3199380,4,,single
1791142038,906680,0,,single
1791142040,2844290,4,,single
1791142041,3098750,0,,single
1791142043,2541890,9,,single
1791142044,1707710,5,,single
1791142045,2645490,3,,single
1791142047,1640890,0,,single
1791142048,2354330,1,,single
1791142050,2936410,22,,single
1791142051,2288600,0,,single
1791142053,3078590,5,,single
1791142054,2969060,0,,single
1791142056,3011020,0,,single
1791142057,2855770,2,,single
1791142058,2324210,1,,single
1791142060,2322340,4,,single
1791142061,1764270,0,,single
1791142063,3061910,0,,single
1791142064,2922990,0,,single
1791142066,2353130,0,,single
1791142067,2225010,0,,single
1791142069,2442820,0,,single
1791142070,2844910,1,,single
1791142072,3201810,0,,single
1791142073,2795750,1,,single
1791142075,2994880,2,,single
1791142076,2205330,8,,single
1791142077,3194140,2,,single
1791142079,2756470,2,,single
1791142080,2837580,3,,single
1791142082,2456430,1,,single
1791142083,2746030,3,,single
1791142085,3187770,1,,single
1791142086,1674900,0,,single
1791142088,3047220,1,,single
1791142089,2843550,0,,single
1791142091,1600910,1,,single
1791142093,2655740,2,,single
1791142094,3205000,1,,single
1791142096,2940990,6,,single
1791142097,2779910,4,,single
1791142099,2257590,1,,single
1791142100,2073220,0,,single
1791142103,3193770,0,,single
1791142104,3169000,0,,single
1791142105,1094680,2,,single
1791142107,3034450,0,,single
1791142108,1894720,0,,single
1791142110,2434120,4,,single
1791142111,1552140,2,,single
1791142113,1831480,17,,single
1791142114,2799360,1,,single
1791142116,2476840,0,,single
1791142117,2459860,0,,single
1791142119,2951710,0,,single
1791142120,2346500,0,,single
1791142122,1391200,0,,single
1791142123,1424290,0,,single
1791142125,2791880,2,,single
1791142127,2649780,2,,single
1791142128,3065920,0,,single
1791142129,3027820,13,,single
1791142131,2172320,0,,single
1791142133,2447260,0,,single
1791142134,2572400,7,,single
1791142136,1536570,1,,single
1791142137,3036970,0,,single
1791142139,3007660,1,,single
1791142140,2416500,2,,single
1791142141,2576460,0,,single
1791142143,2461240,0,,single
1791142145,1969860,1,,single
1791142147,2740080,22,,single
1791142148,3034560,0,,single
1791142150,2364330,0,,single
1791142151,3025630,0,,single
1791142153,3101670,0,,single
1791142154,2947210,0,,single
1791142155,2299930,1,,single
1791142157,3064270,70,,single
1791142158,2201150,0,,single
1791142160,2738870,3,,single
1791142161,1235100,5,,single
1791142163,2921600,0,,single
1791142165,2332250,0,,single
1791142166,1760330,1,,single
1791142168,2864830,0,,single
1791142169,2407300,0,,single
1791142170,1896570,0,,single
1791142172,2955100,1,,single
1791142173,2459420,1,,single
1791142175,883230,0,,single
1791142177,2166690,1,,single
1791142178,1974300,3,,single
1791142180,2722200,2,,single
1791142181,2336580,0,,single
1791142182,2749350,0,,single
1791142184,2530170,2,,single
1791142185,2377410,1,,single
1791142187,2961060,0,,single
1791142188,2903460,0,,single
1791142190,2736490,2,,single
1791142191,2751310,1,,single
1791142193,2322900,0,,single
1791142194,2329910,1,,single
1791142196,2337090,0,,single
1791142197,2832220,0,,single
1791142199,2905290,2,,single
1791142200,2945100,2,,single
1791142202,2200410,2,,single
1791142203,2882080,3,,single
1791142205,2144220,0,,single
1791142206,1839930,0,,single
1791142208,1347560,0,,single
1791142209,2820110,33,,single
1791142211,2889460,0,,single
1791142213,1858450,0,,single
1791142214,1415570,2,,single
1791142216,2686250,0,,single
1791142217,2699690,1,,single
1791142219,2254600,0,,single
1791142220,2461460,0,,single
1791142222,2195790,3,,single
1791142223,2453920,0,,single
1791142225,2480560,7,,single
1791142226,2120250,6,,single
1791142228,2626240,0,,single
1791142229,1162470,1,,single
1791142231,2435310,0,,single
1791142232,2732020,4,,single
1791142234,1445740,1,,single
1791142235,2737260,7,,single
1791142236,2174900,0,,single
1791142238,2657480,0,,single
1791142239,2203860,2,,single
1791142241,2338910,0,,single
1791142242,2827780,1,,single
1791142244,1604250,3,,single
1791142246,1968630,3,,single
1791142247,2813380,1,,single
1791142249,2780270,1,,single
1791142250,1116080,1,,single
1791142252,2751610,3,,single
1791142253,2591070,1,,single
1791142255,2827450,1,,single
1791142256,2459620,0,,single
1791142258,2719250,0,,single
1791142259,2766060,2,,single
1791142261,2780880,0,,single
1791142263,2775180,0,,single
1791142264,2696520,3,,single
1791142266,1613580,1,,single
1791142267,2089140,0,,single
1791142269,2700230,0,,single
1791142270,2507630,0,,single
1791142272,2754340,2,,single
1791142273,2307300,0,,single
1791142275,2574030,2,,single
1791142276,2184590,0,,single
1791142277,2111360,0,,single
1791142279,2228210,0,,single
1791142280,2487490,1,,single
1791142282,2277720,1,,single
1791142283,2429310,0,,single
1791142285,2749650,1,,single
1791142286,2073850,17199,,single
1791142288,1973530,39296,,single
1791142289,1568590,4658,,single
1791142290,2281730,1153,,single
1791142292,1962663,6,,single
1791142293,1714040,379,,single
1791142295,2141910,14328,,single
1791142296,1797880,244,,single
1791142297,985810,3736,,single
1791142299,2324650,18,,single
1791142300,1280770,140,,single
1791142302,2225070,3185,,single
1791142303,1969870,93,,single
1791142304,1549250,638,,single
1791142306,1949740,141,,single
1791142307,1350650,113,,single
1791142309,1985690,18,,single
1791142310,270550,9,,single
1791142311,2167580,182,,single
1791142313,1941780,189,,single
1791142315,2157110,14,,single
1791142316,1671200,109,,single
1791142318,1463120,62,,single
1791142319,2240530,13,,single
1791142320,1290490,2,,single
1791142322,1810580,28,,single
1791142323,2368470,18,,single
1791142325,1812820,612,,single
1791142326,1806840,1,,single
1791142328,850170,351,,single
1791142329,1737100,191,,single
1791142330,921630,1,,single
1791142332,1973710,891,,single
1791142333,1655140,1,,single
1791142335,2289970,8,,single
1791142336,1854430,5,,single
1791142338,1593310,15,,single
1791142339,1073440,119,,single
1791142341,1045520,7,,single
1791142343,1910580,12,,single
1791142344,1399720,1249,,single
1791142345,1619750,185,,single
1791142347,417360,3,,single
1791142348,2475460,9098,,single
1791142350,1793250,38,,single
1791142351,1304510,10,,single
1791142353,2433730,11,,single
1791142354,1268110,7,,single
1791142355,2186570,7,,single
1791142357,2203070,539,,single
1791142358,1607130,19,,single
1791142360,1641650,327,,single
1791142361,1296770,12,,single
1791142362,1792010,20,,single
1791142364,1904820,10,,single
1791142365,1860570,2,,single
1791142367,1148150,40,,single
1791142368,2328760,181,,single
1791142370,1794470,82,,single
1791142371,1349040,7,,single
1791142372,1812290,15,,single
1791142374,1390740,0,,single
1791142375,2373630,13,,single
1791142377,1574700,10,,single
1791142378,2386250,10,,single
1791142380,1896700,142,,single
1791142381,2057080,0,,single
1791142382,1873030,47,,single
1791142384,711990,0,,single
1791142386,1184770,135,,single
1791142388,1680550,1,,single
1791142391,2176560,11,,single
1791142392,2173600,4,,single
1791142394,1861970,9,,single
1791142395,1905950,131,,single
1791142397,1173400,4,,single
1791142398,407810,5,,single
1791142400,1958390,27,,single
1791142401,1924140,10,,single
1791142403,1552620,4,,single
1791142404,1292690,103,,single
1791142407,1309000,9,,single
1791142409,2069640,5,,single
1791142410,2103530,761,,single
1791142412,1826980,5,,single
1791142413,2443110,0,,single
1791142414,1259440,47,,single
1791142416,2102020,4,,single
1791142417,2322660,51,,single
1791142419,1590360,0,,single
1791142420,2544720,46,,single
1791142422,2448340,0,,single
1791142423,1877960,676,,single
1791142424,1443820,30,,single
1791142426,1473250,8,,single
1791142427,1639990,26,,single
1791142429,2088270,0,,single
1791142430,1653970,185,,single
1791142432,1973970,6,,single
1791142433,1863670,51,,single
1791142435,885000,16,,single
1791142436,852480,15,,single
1791142437,2403320,1,,single
1791142439,930910,15,,single
1791142440,1097880,0,,single
1791142442,333300,31,,single
1791142443,2551170,1,,single
1791142445,216110,0,,single
1791142446,1836450,77,,single
1791142447,1903370,0,,single
1791142449,2308870,25,,single
1791142450,2716140,0,,single
1791142452,1890650,7,,single
1791142454,1577420,1,,single
1791142455,1840660,1,,single
1791142457,1768550,0,,single
1791142458,1823380,22,,single
1791142460,1948450,5,,single
1791142461,1181140,1,,single
1791142463,2440200,18,,single
1791142464,1941000,111,,single
1791142466,2071530,7,,single
1791142467,1281160,2,,single
1791142469,1571340,9,,single
1791142470,1545820,15,,single
1791142472,2261050,8,,single
1791142473,2337640,16,,single
1791142475,1964220,102,,single
1791142476,2009010,6,,single
1791142478,1205950,25,,single
1791142479,2386580,6,,single
1791142481,1660520,1,,single
1791142482,1688580,1,,single
1791142484,2022330,1,,single
1791142485,2168610,1,,single
1791142487,2246300,12,,single
1791142488,2211280,1,,single
1791142489,1881340,0,,single
1791142491,720380,0,,single
1791142492,1658310,6,,single
1791142494,1386950,18,,single
1791142495,1172940,1,,single
1791142497,2062930,1,,single
1791142498,1862690,1,,single
1791142500,1455070,5,,single
1791142501,1745200,86,,single
1791142503,1259740,7,,single
1791142504,2399910,2,,single
1791142506,2236300,2,,single
1791142507,2513890,1,,single
1791142509,2206560,9,,single
1791142510,1432910,11,,single
1791142511,2467790,4,,single
1791142513,339040,2,,single
1791142514,1741040,11,,single
1791142516,811890,1,,single
1791142517,765900,2,,single
1791142519,2293410,6,,single
1791142520,1359120,10,,single
1791142522,1991860,50,,single
1791142523,675560,3,,single
1791142525,2635340,4,,single
1791142526,1167750,40,,single
1791142527,1626640,0,,single
1791142529,2317560,2,,single
1791142530,1641990,12,,single
1791142532,2019680,9,,single
1791142533,2558580,1,,single
1791142534,1996930,7,,single
1791142536,1777390,3,,single
1791142537,907090,7,,single
1791142539,1997470,6,,single
1791142540,1276610,10,,single
1791142542,1336060,4,,single
1791142543,1738710,1,,single
1791142544,1039940,20,,single
1791142546,2200190,3,,single
1791142547,2264880,0,,single
1791142549,993740,2,,single
1791142550,1754860,4,,single
1791142552,953270,1,,single
1791142553,340310,0,,single
1791142555,2229260,37,,single
1791142556,1086010,2,,single
1791142558,2176790,2,,single
1791142559,733460,7,,single
1791142561,806950,7,,single
1791142562,1717170,0,,single
1791142564,1612810,175,,single
1791142565,1854250,1,,single
1791142567,1843730,16,,single
1791142568,2674290,325,,single
1791142570,1418760,25,,single
1791142571,2453310,2,,single
1791142573,2102760,8,,single
1791142574,962970,0,,single
1791142576,1590600,1,,single
1791142577,702680,0,,single
1791142579,2498480,1,,single
1791142580,2143540,2,,single
1791142581,1706850,3,,single
1791142583,2093410,54,,single
1791142584,2293660,0,,single
1791142586,1595030,2,,single
1791142587,1850270,2,,single
1791142589,1223810,10,,single
1791142590,8200,2,,single
1791142592,302240,0,,single
1791142593,1661280,3,,single
1791142594,883130,8,,single
1791142596,1129010,2,,single
1791142597,1738990,5,,single
1791142599,1097370,5,,single
1791142600,928520,0,,single
1791142602,1015720,4,,single
1791142604,2485460,127,,single
1791142605,1797300,3,,single
1791142607,1828100,0,,single
1791142608,1874720,0,,single
1791142610,872570,51,,single
1791142611,1564560,1,,single
1791142613,383790,0,,single
1791142614,1637070,23,,single
1791142616,800620,4,,single
1791142617,852780,0,,single
1791142618,2019830,0,,single
1791142620,571720,4,,single
1791142621,2348170,3,,single
1791142623,1076880,1,,single
1791142624,1063580,8,,single
1791142625,1767170,4,,single
1791142627,2143340,4,,single
1791142629,1988750,0,,single
1791142630,1351170,1,,single
1791142632,1858500,4,,single
1791142633,2198940,0,,single
1791142635,1650590,2,,single
1791142636,885940,0,,single
1791142638,951750,4,,single
1791142639,1903060,1,,single
1791142640,1772910,3,,single
1791142642,2241570,8,,single
1791142644,2670920,0,,single
1791142645,1755580,42,,single
1791142647,872820,32,,single
1791142648,1953540,5,,single
1791142649,2194810,5,,single
1791142651,293860,3,,single
1791142652,1074620,0,,single
1791142654,1973580,14,,single
1791142655,1732050,0,,single
1791142657,993790,1,,single
1791142658,1569700,22,,single
1791142659,1812560,15,,single
1791142661,1394130,4,,single
1791142662,1477060,0,,single
1791142664,427470,4,,single
1791142665,268810,0,,single
1791142667,2175390,9,,single
1791142668,2076740,0,,single
1791142669,966630,0,,single
1791142671,896750,1,,single
1791142672,690140,0,,single
1791142674,1811430,0,,single
1791142675,2639420,12,,single
1791142677,25010,2,,single
1791142678,1968430,11,,single
1791142680,1636420,0,,single
1791142681,2403000,0,,single
1791142683,600430,2,,single
1791142684,414920,0,,single
1791142686,1944060,3,,single
1791142687,2491360,13,,single
1791142689,319080,6,,single
1791142691,1669870,0,,single
1791142693,489240,0,,single
1791142694,1007840,0,,single
1791142696,2238180,18,,single
1791142697,904520,2,,single
1791142699,1886120,3,,single
1791142700,1172800,2,,single
1791142703,1298480,3,,single
1791142704,2126010,7,,single
1791142706,1610290,0,,single
1791142707,2073640,1,,single
1791142709,1474200,2,,single
1791142710,625140,0,,single
1791142712,1880710,4,,single
1791142713,762940,6,,single
1791142715,1719100,0,,single
1791142716,959410,1,,single
1791142718,1091950,1,,single
1791142719,1769270,10,,single
1791142721,1962770,42,,single
1791142722,2379720,0,,single
1791142723,2298590,2,,single
1791142725,1688850,0,,single
1791142726,1111390,1,,single
1791142728,1079230,2,,single
1791142729,1572440,0,,single
1791142731,927310,2,,single
1791142732,1105110,0,,single
1791142734,2313140,2,,single
1791142735,826540,0,,single
1791142737,1986310,0,,single
1791142738,1490460,1,,single
1791142739,1677980,10,,single
1791142741,486380,0,,single
1791142742,299400,0,,single
1791142744,1612020,28,,single
1791142745,1051590,2,,single
1791142746,1182760,0,,single
1791142748,2178490,4,,single
1791142749,2155600,1,,single
1791142751,2124440,4,,single
1791142752,943410,4,,single
1791142754,3360,9,,single
1791142755,1814710,1,,single
1791142756,1001220,3,,single
1791142758,2217730,0,,single
1791142759,1458930,5,,single
1791142760,2132480,0,,single
1791142762,1215320,9,,single
1791142764,699600,2,,single
1791142765,1130700,17,,single
1791142766,1818690,10,,single
1791142768,1867190,0,,single
1791142769,651380,1,,single
1791142771,2109010,0,,single
1791142772,4158870,15,,single
1791142773,1816640,13,,single
1791142775,2638100,8,,single
1791142776,3605140,1,,single
1791142778,1574570,3,,single
1791142779,2138510,0,,single
1791142781,2951880,1,,single
1791142782,3422160,0,,single
1791142784,3967470,3,,single
1791142785,2081630,9,,single
1791142787,3594590,4,,single
1791142788,713460,0,,single
1791142789,2233600,1,,single
1791142791,3437350,10,,single
1791142792,322930,1,,single
1791142793,1444080,5,,single
1791142795,3200130,0,,single
1791142796,3908250,0,,single
1791142798,1909800,5,,single
1791142799,3554630,32,,single
1791142800,4031360,162,,single
1791142802,3049460,9,,single
1791142803,3596670,0,,single
1791142805,4272720,0,,single
1791142806,318090,0,,single
1791142807,3126530,1,,single
1791142809,3524160,22,,single
1791142810,3785710,3,,single
1791142812,763250,0,,single
1791142813,1490410,4,,single
1791142814,2304180,1,,single
1791142816,2949910,4,,single
1791142817,3307120,20,,single
1791142819,4010900,43,,single
1791142820,2283460,1,,single
1791142822,3864890,0,,single
1791142823,2287710,43,,single
1791142824,2642820,1,,single
1791142826,889710,6,,single
1791142827,1770550,0,,single
1791142829,2206320,4,,single
1791142830,3811880,3,,single
1791142831,3953050,0,,single
1791142833,1357830,0,,single
1791142834,3706590,25,,single
1791142836,3411670,4,,single
1791142837,4005220,76,,single
1791142838,1085040,9,,single
1791142840,2009390,6,,single
1791142841,3525620,36,,single
1791142843,783210,2,,single
1791142844,3636620,0,,single
1791142846,4041240,2,,single
1791142847,3150480,33,,single
1791142848,3601420,33,,single
1791142850,2018230,3,,single
1791142851,3133340,1,,single
1791142852,4341330,6,,single
1791142854,2158550,1,,single
1791142855,3627790,4,,single
1791142857,2142540,2,,single
1791142858,3039890,2,,single
1791142860,3578240,23,,single
1791142861,328730,0,,single
1791142863,1232870,3,,single
1791142864,1486450,6,,single
1791142865,1743650,0,,single
1791142867,2351090,0,,single
1791142868,3621330,1,,single
1791142870,434530,2,,single
1791142871,2853840,4,,single
1791142872,3951680,8,,single
1791142874,1755080,15,,single
1791142875,2067760,0,,single
1791142877,2593850,3,,single
1791142878,3108980,15,,single
1791142879,3571710,14,,single
1791142881,4866180,14,,single
1791142882,3370100,0,,single
1791142884,3718530,0,,single
1791142885,1567860,0,,single
1791142886,2317300,0,,single
1791142888,1844240,7,,single
1791142889,2740170,52,,single
1791142891,3920190,6,,single
1791142892,4534000,12,,single
1791142893,1706090,6,,single
1791142895,2797420,0,,single
1791142896,3085910,7,,single
1791142898,3385960,10,,single
1791142899,4189740,9,,single
1791142900,1142480,1,,single
1791142902,2194800,1,,single
1791142903,3033810,0,,single
1791142905,3860920,0,,single
1791142906,456780,0,,single
1791142907,1525050,1,,single
1791142909,2450120,0,,single
1791142910,3172300,10,,single
1791142912,540880,0,,single
1791142913,2651570,3,,single
1791142914,3066310,6,,single
1791142916,4181970,7,,single
1791142917,1985360,1,,single
1791142919,2631140,22,,single
1791142920,3380110,2,,single
1791142921,4530780,0,,single
1791142923,2706370,6,,single
1791142924,2948680,25,,single
1791142926,3443400,11,,single
1791142927,3636960,3,,single
1791142928,4323290,5,,single
1791142930,1913870,0,,single
1791142931,2808830,4,,single
1791142933,3289580,2,,single
1791142934,4102010,8,,single
1791142935,615250,17,,single
1791142937,1735670,0,,single
1791142938,3201360,0,,single
1791142940,3906260,24,,single
1791142941,3175720,2,,single
1791142943,3847100,0,,single
1791142944,1828970,2,,single
1791142946,2651500,0,,single
1791142947,4924840,14,,single
1791142949,1972470,2,,single
1791142950,2854170,1,,single
1791142952,3603580,1,,single
1791142953,1250520,0,,single
1791142954,3330160,2,,single
1791142956,3681820,0,,single
1791142957,1701130,8,,single
1791142959,2121100,1,,single
1791142960,2391900,0,,single
1791142961,3062030,86,,single
1791142963,3349840,1,,single
1791142964,4286040,64,,single
1791142966,5035220,18,,single
1791142967,4090330,73,,single
1791142969,4938200,5,,single
1791142970,2962780,1,,single
1791142971,4948000,131,,single
1791142973,4951190,165,,single
1791142974,3959530,32,,single
1791142976,3659090,0,,single
1791142977,4403510,11,,single
1791142979,3258560,20,,single
1791142980,1510330,5,,single
1791142982,4029740,4,,single
1791142983,2438110,10,,single
1791142985,3501540,14,,single
1791142986,4092940,19,,single
1791142987,4796160,5,,single
1791142989,3096230,1,,single
1791142990,2454600,4,,single
1791142991,3987230,12,,single
1791142993,4354710,3,,single
1791142994,4969200,11,,single
1791142996,1142040,0,,single
1791142997,4705650,21,,single
1791142998,3004390,3,,single
1791143000,4672200,0,,single
1791143001,4901260,36,,single
1791143003,3855650,17,,single
1791143004,4651120,17,,single
1791143005,4261030,5,,single
1791143007,2477710,26,,single
1791143009,4550370,7,,single
1791143010,2358630,7,,single
1791143012,4243330,1,,single
1791143013,3424990,4,,single
1791143015,4985540,83,,single
1791143016,4953610,62,,single
1791143018,4635890,10,,single
1791143019,4637870,63,,single
1791143021,4516490,0,,single
1791143022,4180620,6,,single
1791143023,4145350,2,,single
1791143025,4450570,8,,single
1791143026,3396920,2,,single
1791143028,3726730,3,,single
1791143029,1843400,1,,single
1791143031,5005590,97,,single
1791143032,5007590,30,,single
1791143033,3462650,1,,single
1791143035,4967500,52,,single
1791143036,2495730,8,,single
1791143038,4537400,8,,single
1791143039,4566700,1,,single
1791143041,4268200,16,,single
1791143043,4509630,3,,single
1791143045,663950,9,,single
1791143046,3492150,3,,single
1791143048,4264950,3,,single
1791143049,4516880,1,,single
1791143050,4225400,2,,single
1791143052,1530850,5,,single
1791143053,4838360,7,,single
1791143055,4696490,0,,single
1791143056,2871010,0,,single
1791143058,3613960,13,,single
1791143059,4832030,26,,single
1791143060,2570580,2,,single
1791143062,3846480,1,,single
1791143063,2238400,1,,single
1791143065,4315910,3,,single
1791143067,4406360,0,,single
1791143068,4348580,7,,single
1791143069,4902600,3,,single
1791143071,4932460,7,,single
1791143072,1678650,0,,single
1791143073,4141350,5,,single
1791143075,3968160,26,,single
1791143077,2530250,9,,single
1791143078,4252700,15,,single
1791143080,4156370,9,,single
1791143082,2251220,24,,single
1791143083,4624560,20,,single
1791143084,4605210,2,,single
1791143086,4178020,18,,single
1791143088,3633760,1,,single
1791143089,3825390,7,,single
1791143091,2984850,6,,single
1791143092,4370020,3,,single
1791143094,3497800,9,,single
1791143096,3685900,9,,single
1791143097,3213120,7,,single
1791143099,4485620,68,,single
1791143100,3287230,0,,single
1791143102,1696950,1,,single
1791143103,4622330,35,,single
1791143105,2695260,5,,single
1791143106,4336770,105,,single
1791143108,4141710,18,,single
1791143109,4668220,66,,single
1791143111,2467880,5,,single
1791143112,3957240,15,,single
1791143114,3825860,12,,single
1791143115,4492260,0,,single
1791143117,3957810,0,,single
1791143118,2994200,2,,single
1791143120,4175650,1,,single
1791143121,2305210,8,,single
1791143122,3358170,1,,single
1791143124,4572790,32,,single
1791143125,3703200,0,,single
1791143127,4665920,2,,single
1791143128,1722800,1,,single
1791143130,2184020,2,,single
1791143131,4608380,1,,single
1791143132,3708250,4,,single
1791143134,3873040,26,,single
1791143135,2976110,4,,single
1791143137,4571080,5,,single
1791143138,3451970,1,,single
1791143140,4286660,2,,single
1791143141,948820,1,,single
1791143142,2600970,0,,single
1791143144,4047160,1,,single
1791143145,4714000,1,,single
1791143147,3946120,0,,single
1791143148,3406890,1,,single
1791143150,4537100,43,,single
1791143151,917820,2,,single
1791143153,4282450,2,,single
1791143154,4505680,0,,single
1791143156,4559140,381,,single
1791143157,2899760,7,,single
1791143158,3857430,19,,single
1791143160,4557340,21,,single
1791143161,4483120,4,,single
1791143163,3547880,28,,single
1791143164,3564340,6,,single
1791143166,4157170,19,,single
1791143167,3759220,3,,single
1791143169,4673140,0,,single
1791143170,3972980,23,,single
1791143172,4583050,0,,single
1791143173,4631110,6,,single
1791143174,4616840,12,,single
1791143176,1570450,3,,single
1791143177,3734890,45,,single
1791143179,3929330,1,,single
1791143180,2489950,0,,single
1791143181,4411600,13,,single
1791143183,4060150,1,,single
1791143184,4521680,4,,single
1791143186,3403590,1,,single
1791143187,3975500,4,,single
1791143189,3723750,0,,single
1791143190,4500270,8,,single
1791143192,4579750,56,,single
1791143193,2555390,6,,single
1791143195,3500880,7,,single
1791143196,4359800,5,,single
1791143198,4501210,1,,single
1791143199,3143910,3,,single
1791143201,4184020,0,,single
1791143202,4222040,1,,single
1791143204,3700130,0,,single
1791143205,1525290,3,,single
1791143207,4600670,0,,single
1791143208,4695000,7,,single
1791143209,4618160,0,,single
1791143211,3429890,11,,single
1791143213,3421660,40,,single
1791143214,3979350,2,,single
1791143216,2190920,1,,single
1791143217,2868100,8,,single
1791143219,3657180,5,,single
1791143220,3866920,0,,single
1791143221,4149320,1,,single
1791143223,3097510,1,,single
1791143224,4209240,1,,single
1791143226,3583670,0,,single
1791143227,4119360,1,,single
1791143229,3304110,3,,single
1791143230,2223420,1,,single
1791143232,4565430,5,,single
1791143233,4651840,0,,single
1791143235,4038160,2,,single
1791143236,4282710,3,,single
1791143238,4539950,2,,single
1791143239,3123540,1,,single
1791143241,4612480,3,,single
1791143242,4241840,5,,single
1791143244,4095490,1,,single
1791143245,2854620,2,,single
1791143247,254780,85,,single
1791143248,1938100,2,,single
1791143250,4522520,0,,single
1791143251,4559050,54,,single
1791143253,2345430,10,,single
1791143254,4585260,2,,single
1791143256,4093970,1,,single
1791143257,4288460,2,,single
1791143259,3169360,0,,single
1791143260,4045680,4,,single
1791143262,4554740,3,,single
1791143263,3829690,2,,single
1791143265,4573210,2,,single
1791143266,3032150,1,,single
1791143268,3813910,0,,single
1791143269,4565790,0,,single
1791143271,4401160,3,,single
1791143273,3115530,0,,single
1791143274,4394890,0,,single
1791143276,3092360,1,,single
1791143277,2377450,10,,single
1791143278,4247760,2,,single
1791143280,3196180,2,,single
1791143281,4090270,1,,single
1791143283,2482940,2,,single
1791143285,4511370,11,,single
1791143286,4200440,36,,single
1791143288,854080,6,,single
1791143289,3641010,1,,single
1791143290,1165990,3,,single
1791143292,4494970,2,,single
1791143293,3894520,10,,single
1791143295,2927510,1,,single
1791143297,3835650,9,,single
1791143298,3970110,23,,single
1791143300,3436130,0,,single
1791143301,3002240,3,,single
1791143303,2676030,3,,single
1791143305,4078230,13,,single
1791143307,3402720,12,,single
1791143308,4224500,7,,single
1791143310,3713650,7,,single
1791143311,3052510,13,,single
1791143313,3823650,0,,single
1791143315,3942580,38,,single
1791143316,3936620,1,,single
1791143318,4559800,0,,single
1791143319,2837790,4,,single
1791143321,3896300,9,,single
1791143322,3882650,1,,single
1791143324,4280920,11,,single
1791143325,4218520,13,,single
1791143327,2976260,1,,single
1791143328,3874000,3,,single
1791143330,1205270,0,,single
1791143331,3448430,3,,single
1791143332,3668640,1,,single
1791143334,4140170,2,,single
1791143335,1374680,0,,single
1791143337,4541930,1,,single
1791143338,3978480,1,,single
1791143340,4565980,5,,single
1791143341,2134850,3,,single
1791143343,4529360,2,,single
1791143344,4287570,10,,single
1791143346,4161970,4,,single
1791143347,3780030,21,,single
1791143349,4361900,0,,single
1791143350,3458500,2,,single
1791143352,4591240,2,,single
1791143354,2604930,1,,single
1791143355,4327940,1,,single
1791143357,4130990,0,,single
1791143358,3998790,0,,single
1791143360,4243380,38,,single
1791143361,1338030,6,,single
1791143363,4464630,0,,single
1791143364,2699280,4,,single
1791143366,3399860,1,,single
1791143367,3029570,1,,single
1791143369,3714400,2,,single
1791143370,3597510,17,,single
1791143372,4213600,0,,single
1791143373,3978320,0,,single
1791143375,4192650,29,,single
1791143376,2864590,8,,single
1791143377,4185050,0,,single
1791143379,1451050,1,,single
1791143380,4344480,0,,single
1791143382,4205900,3,,single
1791143383,4301130,12,,single
1791143385,4019090,0,,single
1791143386,4102700,1,,single
1791143388,3482510,3,,single
1791143389,4154100,0,,single
1791143391,3818350,5,,single
1791143392,3109650,2,,single
1791143394,4244020,3,,single
1791143395,3334580,1,,single
1791143397,4054940,2,,single
1791143398,2949120,1,,single
1791143400,4081590,13,,single
1791143401,4278170,0,,single
1791143403,3794770,3,,single
1791143404,3492830,1,,single
1791143406,4304030,0,,single
1791143407,4018170,1,,single
1791143409,3301420,0,,single
1791143410,2900870,2,,single
1791143412,4481110,0,,single
1791143413,3507460,5,,single
1791143415,3823520,4,,single
1791143416,4113480,0,,single
1791143418,3498010,0,,single
1791143419,4341360,0,,single
1791143421,3841010,2,,single
1791143422,3522640,19,,single
1791143424,2408350,5,,single
1791143425,2452130,1,,single
1791143427,2116610,2,,single
1791143428,3146140,6,,single
1791143430,4249650,0,,single
1791143431,3252360,2,,single
1791143433,2656490,0,,single
1791143434,4226350,0,,single
1791143436,4270630,0,,single
1791143437,2976890,1,,single
1791143439,4319350,0,,single
1791143440,2984450,0,,single
1791143442,4044510,6,,single
1791143443,3914780,14,,single
1791143445,4340600,90,,single
1791143446,4277790,0,,single
1791143447,4039080,4,,single
1791143449,3775160,1,,single
1791143451,4357350,1,,single
1791143452,2990040,1,,single
1791143454,2714150,2,,single
1791143455,3555520,2,,single
1791143457,4173020,3,,single
1791143458,3452900,0,,single
1791143460,3727420,2,,single
1791143461,1807360,0,,single
1791143463,3691760,0,,single
1791143464,3654880,1,,single
1791143466,3446840,1,,single
1791143467,2871870,4,,single
1791143469,3675400,20,,single
1791143470,2922570,5,,single
1791143471,3561900,17,,single
1791143473,4254140,4,,single
1791143474,3337180,3,,single
1791143476,4044170,48,,single
1791143477,3921360,0,,single
1791143479,3449630,0,,single
1791143481,1962950,0,,single
1791143482,3525060,0,,single
1791143484,3990310,2,,single
1791143485,4182030,0,,single
1791143486,4246830,0,,single
1791143488,4133830,4,,single
1791143489,3959590,1,,single
1791143491,2413920,0,,single
1791143492,3833430,3,,single
1791143494,3887470,11,,single
1791143495,3791450,2,,single
1791143497,1028510,1,,single
1791143498,3725150,0,,single
1791143500,4280820,1,,single
1791143502,3964600,1,,single
1791143503,2835780,1,,single
1791143504,2334330,1,,single
1791143506,4115180,6,,single
1791143507,3745250,1,,single
1791143509,3538860,5,,single
1791143511,3524180,0,,single
1791143512,4128970,4,,single
1791143514,4103060,1,,single
1791143515,4193270,2,,single
1791143516,2446540,3,,single
1791143518,2381730,0,,single
1791143519,3395760,43,,single
1791143521,2290770,1,,single
1791143522,3254050,2,,single
1791143524,3816450,0,,single
1791143525,3723680,14,,single
1791143527,4033610,4,,single
1791143528,4137880,0,,single
1791143530,3928030,8,,single
1791143531,3104020,1,,single
1791143532,3604260,2,,single
1791143534,3617040,1,,single
1791143535,3215230,1,,single
1791143537,3254570,8,,single
1791143538,4003220,0,,single
1791143540,3773380,5,,single
1791143541,4160020,1,,single
1791143543,3110450,1,,single
1791143544,3273680,1,,single
1791143545,3998890,0,,single
1791143547,3954780,0,,single
1791143548,4162300,1,,single
1791143550,3136880,1,,single
1791143551,2366500,1,,single
1791143553,3721940,0,,single
1791143554,2360100,2,,single
1791143556,3956480,2,,single
1791143557,3279410,4,,single
1791143558,4044300,1,,single
1791143560,4212070,1,,single
1791143561,3910720,5,,single
1791143563,4123890,0,,single
1791143564,3985770,0,,single
1791143566,2725230,1,,single
1791143567,3659080,0,,single
1791143569,2576200,3,,single
1791143570,2350220,7,,single
1791143572,3098060,4,,single
1791143573,3141330,2,,single
1791143574,4127490,3,,single
1791143576,2877660,1,,single
1791143577,3295360,5,,single
1791143579,3120020,8,,single
1791143580,3069630,5,,single
1791143582,3669360,1,,single
1791143583,1211980,0,,single
1791143584,4150570,0,,single
1791143586,3759140,4,,single
1791143588,3004140,3,,single
1791143591,2977810,14,,single
1791143592,3899010,9,,single
1791143594,3985400,2,,single
1791143596,3618880,2,,single
1791143597,3734140,1,,single
1791143599,4021770,0,,single
1791143600,3170590,2,,single
1791143601,3818010,28,,single
1791143603,3590780,1,,single
1791143604,3969310,0,,single
1791143606,3045660,1,,single
1791143607,3086580,8,,single
1791143609,2835650,3,,single
1791143610,3777020,1,,single
1791143612,4088900,2,,single
1791143613,2077750,19,,single
1791143614,3143300,2,,single
1791143616,4092050,2,,single
1791143617,3721950,0,,single
1791143619,2686020,2,,single
1791143620,3916180,0,,single
1791143622,3688970,8,,single
1791143623,4124880,0,,single
1791143625,1295870,1,,single
1791143626,3995700,2,,single
1791143628,3108190,4,,single
1791143629,3926770,0,,single
1791143631,4088000,0,,single
1791143632,1410450,0,,single
1791143634,3130400,1,,single
1791143635,3200220,0,,single
1791143637,3461270,6,,single
1791143638,4059530,0,,single
1791143640,3737990,0,,single
1791143641,4107470,0,,single
1791143643,3649490,2,,single
1791143645,3773590,6,,single
1791143646,2339330,0,,single
1791143648,2482250,8,,single
1791143649,1105330,2,,single
1791143651,3979300,8,,single
1791143652,3817850,6,,single
1791143654,3942610,24,,single
1791143655,3882020,11,,single
1791143657,3739670,131,,single
1791143658,2142300,0,,single
1791143660,3653600,6,,single
1791143661,3890400,9,,single
1791143662,3754430,5,,single
1791143664,1272290,3,,single
1791143665,3391420,0,,single
1791143667,3956170,0,,single
1791143668,3290390,0,,single
1791143670,2433850,0,,single
1791143671,4003010,0,,single
1791143673,3183410,1,,single
1791143674,3946750,1,,single
1791143675,1271150,6,,single
1791143677,3808860,0,,single
1791143678,3547420,1,,single
1791143680,4021380,1,,single
1791143681,3982130,0,,single
1791143683,3523690,0,,single
1791143684,3595460,0,,single
1791143685,1983830,0,,single
1791143687,3328180,2,,single
1791143688,3362180,2,,single
1791143690,1794880,3,,single
1791143691,3075150,0,,single
1791143693,3699690,0,,single
1791143694,3894590,0,,single
1791143696,3010290,6,,single
1791143697,3520030,2,,single
1791143699,3656680,1,,single
1791143700,3443080,1,,single
1791143702,2052160,4,,single
1791143703,2027380,0,,single
1791143705,3641420,5,,single
1791143706,3811420,114,,single
1791143708,3469230,3,,single
1791143709,1811330,0,,single
1791143711,3670140,23,,single
1791143712,3918960,0,,single
1791143714,2619240,1,,single
1791143715,3219190,0,,single
1791143717,3807570,0,,single
1791143718,3229260,0,,single
1791143720,3490890,1,,single
1791143721,1642870,7,,single
1791143723,3921850,1,,single
1791143724,3932880,2,,single
1791143725,2103090,0,,single
1791143727,1934720,4,,single
1791143729,1841190,3,,single
1791143730,3084740,1,,single
1791143732,3426090,1,,single
1791143733,1670920,1,,single
1791143734,2927000,0,,single
1791143736,3454570,0,,single
1791143737,3803780,1,,single
1791143739,3874050,2,,single
1791143740,3707370,0,,single
1791143742,3808550,2,,single
1791143743,2201500,0,,single
1791143745,3531990,0,,single
1791143746,2539310,2,,single
1791143748,3628580,3,,single
1791143749,2906270,1,,single
1791143751,3218790,0,,single
1791143753,3167280,2,,single
1791143754,2451310,20,,single
1791143755,3269600,2,,single
1791143757,3362660,3,,single
1791143758,3054950,2,,single
1791143760,1447820,2,,single
1791143761,3540830,1,,single
1791143764,3080530,4,,single
1791143766,2810550,1,,single
1791143767,3208110,2,,single
1791143769,2322450,1,,single
1791143770,3790650,15,,single
1791143772,3153020,0,,single
1791143773,3406620,5,,single
1791143775,3592510,3,,single
1791143776,3721180,0,,single
1791143778,3721490,3,,single
1791143779,1820620,6,,single
1791143781,3823490,17,,single
1791143782,3843830,2,,single
1791143784,3003050,3,,single
1791143786,3044220,1,,single
1791143787,3762650,0,,single
1791143789,3688790,5,,single
1791143790,1151990,3,,single
1791143793,2343610,1,,single
1791143794,3445800,0,,single
1791143796,1569240,0,,single
1791143797,3918190,3,,single
1791143799,3890170,11,,single
1791143801,3648240,0,,single
1791143802,2940000,3,,single
1791143804,3816550,0,,single
1791143805,3820630,3,,single
1791143807,1987400,1,,single
1791143808,3186120,1,,single
1791143810,3780060,14,,single
1791143812,3326660,3,,single
1791143813,2973830,7,,single
1791143815,1624190,2,,single
1791143816,3038290,2,,single
1791143818,3084260,1,,single
1791143819,3637730,2,,single
1791143821,3680900,5,,single
1791143822,3445830,3,,single
1791143824,3449030,0,,single
1791143826,3612480,7,,single
1791143828,1928080,0,,single
1791143829,3772330,1,,single
1791143831,3183220,1,,single
1791143832,3125750,4,,single
1791143834,2842430,0,,single
1791143835,3868720,5,,single
1791143837,3401920,0,,single
1791143838,3782920,1,,single
1791143840,3264170,2,,single
1791143841,3807970,0,,single
1791143843,3561800,2,,single
1791143844,3391190,1,,single
1791143846,3823450,0,,single
1791143847,3639520,3,,single
1791143849,3618200,0,,single
1791143850,3424920,0,,single
1791143852,3354260,2,,single
1791143854,2058030,0,,single
1791143855,1002260,2,,single
1791143857,2435870,2,,single
1791143858,3448750,4,,single
1791143860,2343880,0,,single
1791143861,3612640,1,,single
1791143863,3346820,1,,single
1791143864,3720950,0,,single
1791143866,3659990,0,,single
1791143868,3512250,0,,single
1791143869,2613480,2,,single
1791143871,3158990,2,,single
1791143873,3399920,10,,single
1791143874,3230090,1,,single
1791143876,3197060,1,,single
1791143877,3554450,1,,single
1791143878,2497170,0,,single
1791143880,3446960,0,,single
1791143881,3620000,5,,single
1791143883,1644750,0,,single
1791143885,3601190,1,,single
1791143886,3441450,3,,single
1791143888,2623040,1,,single
1791143891,3395500,0,,single
1791143893,3741350,1,,single
1791143894,1885380,0,,single
1791143896,3665800,1,,single
1791143897,3646650,0,,single
1791143899,3410640,0,,single
1791143902,3683690,0,,single
1791143904,2799350,15,,single
1791143905,3362120,0,,single
1791143907,3183730,1,,single
1791143909,3627340,0,,single
1791143910,3383430,2,,single
1791143912,3352180,12,,single
1791143913,2828490,2,,single
1791143915,1779030,0,,single
1791143916,3408060,0,,single
1791143918,3366710,1,,single
1791143920,3425890,1,,single
1791143921,3138170,0,,single
1791143922,2851110,1,,single
1791143924,3383700,6,,single
1791143926,3500640,1,,single
1791143927,3400520,0,,single
1791143929,3263710,1,,single
1791143930,3072000,32,,single
1791143932,3446850,0,,single
1791143934,2254410,0,,single
1791143935,2767950,0,,single
1791143937,3057290,2,,single
1791143939,3349850,0,,single
1791143940,2948310,2,,single
1791143941,2885620,0,,single
1791143944,3133180,1,,single
1791143946,3356740,3,,single
1791143947,3017110,2,,single
1791143949,1745680,6,,single
1791143950,3306780,11,,single
1791143952,3222850,1,,single
1791143953,2485910,0,,single
1791143954,2067310,0,,single
1791143956,2809820,2,,single
1791143958,2191680,2,,single
1791143959,3034520,2,,single
1791143961,3230020,0,,single
1791143962,3090870,1,,single
1791143964,2999510,3,,single
1791143965,3136030,1,,single
1791143967,2945900,0,,single
1791143968,3172790,1,,single
1791143970,3076620,47,,single
1791143971,3070830,74,,single
1791143973,3141480,14,,single
1791143974,3101720,2,,single
1791143976,2983260,1,,single
1791143977,2487680,66,,single
1791143979,2545650,3,,single
1791143980,3118290,1,,single
1791143982,2940120,5,,single
1791143983,3088770,56,,single
1791143985,3060080,61,,single
1791143986,2921870,7,,single
1791143988,3066230,70,,single
1791143989,3083200,65,,single
1791143991,3097670,63,,single
1791143992,3101620,0,,single
1791143994,2744230,1,,single
1791143996,3057940,68,,single
1791143997,3056550,56,,single
1791143999,3067770,54,,single
1791144000,3095590,75,,single
1791144002,3066830,65,,single
1791144003,3064010,65,,single
1791144005,3077280,52,,single
1791144006,3069620,57,,single
1791144008,3073460,77,,single
1791144009,3073720,9,,single
1791144011,2837280,0,,single
1791144012,3077360,67,,single
1791144014,3072100,2,,single
1791144015,1587070,60,,single
1791144017,3059220,53,,single
1791144018,2999090,6,,single
1791144020,3058790,57,,single
1791144021,3067650,60,,single
1791144023,2995230,0,,single
1791144025,3022740,66,,single
1791144026,2899890,25,,single
1791144028,3033660,1,,single
1791144029,3015120,0,,single
1791144030,2015950,0,,single
1791144032,1120400,1,,single
1791144033,2514680,0,,single
1791144035,2953230,71,,single
1791144037,2719830,5,,single
1791144038,2830720,9,,single
1791144040,2056090,0,,single
1791144042,2901290,2,,single
1791144043,2714210,2,,single
1791144045,2847250,0,,single
1791144046,2511180,2,,single
1791144048,2726240,1,,single
1791144049,2776290,2,,single
1791144051,2425580,0,,single
1791144052,2374660,0,,single
1791144054,2741110,4,,single
1791144056,2399370,0,,single
1791144057,2723460,0,,single
1791144059,2367650,4,,single
1791144060,2663450,1,,single
1791144062,2779230,1,,single
1791144063,2104670,0,,single
1791144065,823600,0,,single
1791144066,1526540,18,,single
1791144068,2535670,1,,single
1791144069,1987980,0,,single
1791144071,1191260,0,,single
1791144072,2724540,6,,single
1791144074,1001860,0,,single
1791144076,1968820,0,,single
1791144077,2543110,3,,single
1791144079,603350,0,,single
1791144080,1451720,7,,single
1791144082,3495810,2,,single
1791144083,1189680,1,,single
1791144085,2772650,2,,single
1791144086,1558100,0,,single
1791144088,2576040,0,,single
1791144089,565080,0,,single
1791144091,1350250,5,,single
1791144093,427570,3,,single
1791144094,876850,0,,single
1791144096,2469290,1,,single
1791144098,4174910,31,,single
1791144099,605190,0,,single
1791144101,2000160,2,,single
1791144102,3757060,3,,single
1791144104,1067020,2,,single
1791144105,1462520,1,,single
1791144107,2379620,0,,single
1791144108,4293350,16,,single
1791144110,700480,24,,single
1791144111,1696080,1,,single
1791144113,3310950,5,,single
1791144114,738000,0,,single
1791144117,1170940,0,,single
1791144119,1901620,10,,single
1791144120,2854440,2,,single
1791144121,365260,2,,single
1791144123,1067220,5,,single
1791144124,2308360,4,,single
1791144126,3410880,0,,single
1791144128,642650,0,,single
1791144130,1156250,1,,single
1791144131,3230990,5,,single
1791144133,4218020,2,,single
1791144134,1883570,5,,single
1791144136,3597000,2,,single
1791144137,1262910,2,,single
1791144139,1723790,5,,single
1791144140,2090370,1,,single
1791144142,2328740,3,,single
1791144144,3078950,2,,single
1791144145,3570940,2,,single
1791144147,432290,0,,single
1791144148,858630,0,,single
1791144150,1097480,0,,single
1791144152,1700550,1,,single
1791144153,1918540,6,,single
1791144155,2126870,0,,single
1791144156,3874470,0,,single
1791144158,931950,3,,single
1791144159,1189780,2,,single
1791144161,1530770,0,,single
1791144162,1939940,4,,single
1791144164,3192290,3,,single
1791144165,63650,0,,single
1791144166,1462150,3,,single
1791144168,1879640,5,,single
1791144169,2088670,1,,single
1791144171,3626750,0,,single
1791144172,942050,4,,single
1791144174,1250560,3,,single
1791144175,1648560,0,,single
1791144177,2588590,0,,single
1791144178,3381010,2,,single
1791144180,410990,13,,single
1791144182,2478730,9,,single
1791144183,3845630,6,,single
1791144186,544600,2,,single
1791144187,819630,0,,single
1791144188,1383680,1,,single
1791144191,1692700,0,,single
1791144192,2431690,2,,single
1791144195,628720,0,,single
1791144196,1267310,0,,single
1791144198,2261240,0,,single
1791144199,352130,0,,single
1791144201,745000,1,,single
1791144203,1188260,1,,single
1791144205,1643180,1,,single
1791144206,2404800,0,,single
1791144208,2685810,5,,single
1791144209,4110220,67,,single
1791144211,541450,1,,single
1791144213,931560,1,,single
1791144214,1265220,1,,single
1791144216,3172290,0,,single
1791144217,421630,0,,single
1791144218,1133330,0,,single
1791144220,3824080,1,,single
1791144221,577970,0,,single
1791144223,623640,0,,single
1791144224,1128260,2,,single
1791144225,1457640,2,,single
1791144227,1892700,2,,single
1791144228,2020520,2,,single
1791144230,2579840,3,,single
1791144232,610900,0,,single
1791144233,1288920,4,,single
1791144235,1706340,12,,single
1791144236,2015700,0,,single
1791144237,2749270,1,,single
1791144239,1290880,4,,single
1791144240,2373340,0,,single
1791144242,514700,1,,single
1791144243,978960,54,,single
1791144245,1373440,7,,single
1791144246,1859990,13,,single
1791144248,2086970,0,,single
1791144249,3114500,5,,single
1791144250,3870580,0,,single
1791144252,789950,0,,single
1791144253,1533470,0,,single
1791144255,2174320,16,,single
1791144256,2994260,7,,single
1791144258,368000,0,,single
1791144259,551550,1,,single
1791144260,795510,0,,single
1791144262,881490,1,,single
1791144263,1512390,1,,single
1791144265,2066460,0,,single
1791144266,2304170,3,,single
1791144268,2710970,8,,single
1791144269,3263380,7,,single
1791144271,628660,4,,single
1791144272,1389840,1,,single
1791144274,1552730,0,,single
1791144275,2278010,0,,single
1791144277,2470860,8,,single
1791144278,3427420,2,,single
1791144279,620700,0,,single
1791144281,1042020,0,,single
1791144282,1367320,5,,single
1791144284,1465950,2,,single
1791144285,1825740,2,,single
1791144286,2202710,0,,single
1791144288,2967850,4,,single
1791144289,4102950,3,,single
1791144291,378750,0,,single
1791144292,602910,0,,single
1791144294,763030,0,,single
1791144295,1211830,0,,single
1791144297,1609010,2,,single
1791144298,2735510,3,,single
1791144300,4456310,3,,single
1791144301,718200,3,,single
1791144302,1250220,0,,single
1791144304,1772480,0,,single
1791144305,2516590,2,,single
1791144307,3192340,3,,single
1791144308,411820,1,,single
1791144310,1445440,3,,single
1791144311,2203590,1,,single
1791144313,3172270,0,,single
1791144314,4677310,16,,single
1791144316,1013180,0,,single
1791144318,1344530,0,,single
1791144319,1745790,1,,single
1791144320,1923690,6,,single
1791144322,2994810,1,,single
1791144323,386600,0,,single
1791144325,724430,0,,single
1791144326,1796180,0,,single
1791144328,1933450,4,,single
1791144329,2638180,1,,single
1791144331,3920200,0,,single
1791144332,945160,0,,single
1791144333,1578950,0,,single
1791144335,1922060,0,,single
1791144336,2280390,1,,single
1791144338,17120,7,,single
1791144339,774281,2,,single
1791144341,1217570,0,,single
1791144342,1634870,6,,single
1791144344,2458480,0,,single
1791144345,2909170,0,,single
1791144346,439460,0,,single
1791144348,872350,0,,single
1791144349,1122970,0,,single
1791144351,1404190,1,,single
1791144352,2065000,0,,single
1791144354,2241000,18,,single
1791144355,3510160,15,,single
1791144357,492530,3,,single
1791144358,882560,0,,single
1791144360,1405660,1,,single
1791144361,2005050,0,,single
1791144363,2229680,0,,single
1791144364,2711320,1,,single
1791144365,3426450,0,,single
1791144367,358390,2,,single
1791144368,815150,1,,single
1791144370,1502710,3,,single
1791144371,2176070,3,,single
1791144372,2997120,0,,single
1791144374,4997080,4,,single
1791144375,454320,0,,single
1791144377,1098510,0,,single
1791144378,1641860,0,,single
1791144380,2199580,3,,single
1791144381,1209750,0,,single
1791144382,1690690,2,,single
1791144384,2179860,0,,single
1791144385,2661620,1,,single
1791144387,4728830,4,,single
1791144388,539660,1,,single
1791144389,1005580,2,,single
1791144391,1738520,0,,single
1791144392,2285650,1,,single
1791144394,2889280,0,,single
1791144395,286300,1,,single
1791144397,434290,0,,single
1791144398,510590,0,,single
1791144399,1054660,4,,single
1791144401,1153830,4,,single
1791144402,1548940,0,,single
1791144404,1912340,0,,single
1791144405,3465660,19,,single
1791144407,49300,4,,single
1791144408,292260,6,,single
1791144409,703310,2,,single
1791144411,1056510,0,,single
1791144412,1533280,0,,single
1791144414,1834820,1,,single
1791144415,2324610,3,,single
1791144417,4147190,8,,single
1791144418,337680,1,,single
1791144420,575570,0,,single
1791144421,873980,2,,single
1791144422,1122700,0,,single
1791144424,1588410,4,,single
1791144425,2236860,0,,single
1791144427,240660,1,,single
1791144428,539290,0,,single
1791144430,645830,0,,single
1791144431,822830,0,,single
1791144432,1172520,0,,single
1791144434,1505700,6,,single
1791144435,2260130,3,,single
1791144437,2710660,1,,single
1791144438,312360,0,,single
1791144439,528820,2,,single
1791144441,654220,1,,single
1791144442,1065950,0,,single
1791144443,1300270,0,,single
1791144445,1969960,0,,single
1791144446,3882410,9,,single
1791144448,3865000,1,,single
1791144449,4436200,149,,single
1791144450,2438180,1,,single
1791144452,3002740,2,,single
1791144453,4246520,0,,single
1791144455,3006900,0,,single
1791144456,4518170,5,,single
1791144457,353630,1,,single
1791144459,573790,5,,single
1791144460,763710,0,,single
1791144462,1450650,0,,single
1791144463,2256790,0,,single
1791144464,2889290,0,,single
1791144466,467850,0,,single
1791144467,1004860,1,,single
1791144469,1153540,0,,single
1791144470,1449330,0,,single
1791144471,1551520,0,,single
1791144473,1952520,30,,single
1791144474,2251120,0,,single
1791144476,2901060,3,,single
1791144477,3982450,1,,single
1791144478,302180,0,,single
1791144480,354740,1,,single
1791144481,661960,1,,single
1791144483,1306780,1,,single
1791144484,1657880,7,,single
1791144485,2298610,2,,single
1791144487,4013320,2,,single
1791144488,305780,0,,single
1791144490,464080,0,,single
1791144492,1127390,1,,single
1791144493,1221240,1,,single
1791144494,1419480,0,,single
1791144496,1770460,0,,single
1791144497,2119660,5,,single
1791144499,2352040,0,,single
1791144502,3164640,1,,single
1791144503,46280,2,,single
1791144505,540780,3,,single
1791144506,1141320,0,,single
1791144507,1265850,1,,single
1791144509,1574910,1,,single
1791144510,2543770,2,,single
1791144512,3084810,18,,single
1791144513,4945040,7,,single
1791144515,327390,0,,single
1791144516,541380,0,,single
1791144518,631660,0,,single
1791144519,1094720,0,,single
1791144520,1346400,1,,single
1791144522,1571220,0,,single
1791144523,1903730,2,,single
1791144525,2161450,0,,single
1791144526,2554670,43,,single
1791144528,4141040,3,,single
1791144529,867120,0,,single
1791144530,1337590,0,,single
1791144532,1914750,2,,single
1791144533,2430380,8,,single
1791144535,3282670,0,,single
1791144536,286750,5,,single
1791144537,375220,0,,single
1791144539,590670,1,,single
1791144540,749850,1,,single
1791144542,1424630,0,,single
1791144544,1975340,0,,single
1791144545,2303740,8,,single
1791144546,2949720,3,,single
1791144548,348300,3,,single
1791144549,644710,16,,single
1791144551,769550,0,,single
1791144552,1266560,0,,single
1791144554,1605290,10,,single
1791144555,1868020,1,,single
1791144556,2507840,1,,single
1791144558,3439830,3,,single
1791144559,327950,1,,single
1791144561,526980,1,,single
1791144562,701420,0,,single
1791144564,921530,0,,single
1791144565,1413580,7,,single
1791144566,1770380,1,,single
1791144568,1904160,26,,single
1791144569,2341920,2,,single
1791144571,279900,0,,single
1791144572,607820,2,,single
1791144574,1031020,1,,single
1791144575,1557410,0,,single
1791144576,2176320,2,,single
1791144578,3960410,5,,single
1791144579,302350,4,,single
1791144581,489260,0,,single
1791144582,557030,1,,single
1791144584,979310,1,,single
1791144585,1872040,1,,single
1791144586,2222200,0,,single
1791144588,3669040,23,,single
1791144589,270830,2,,single
1791144591,554750,1,,single
1791144592,845030,2,,single
1791144594,1455450,0,,single
1791144595,1815010,0,,single
1791144597,2082540,10,,single
1791144598,2153610,42,,single
1791144600,2413570,1,,single
1791144601,2694600,1,,single
1791144603,3832120,13,,single
1791144604,3340,3,,single
1791144605,587970,0,,single
1791144607,1187130,0,,single
1791144608,1500650,0,,single
1791144610,1965370,0,,single
1791144611,4144580,8,,single
1791144613,425240,0,,single
1791144614,1081650,0,,single
1791144616,1294880,0,,single
1791144617,1681480,1,,single
1791144618,2328980,0,,single
1791144620,3198360,2,,single
1791144621,3894300,0,,single
1791144623,486810,5,,single
1791144624,561440,2,,single
1791144626,942010,0,,single
1791144627,1340120,0,,single
1791144628,1796410,1,,single
1791144630,2631210,11,,single
1791144631,3430330,0,,single
1791144633,210230,5,,single
1791144634,360600,0,,single
1791144635,557580,1,,single
1791144637,808090,0,,single
1791144638,986350,1,,single
1791144640,1435780,6,,single
1791144641,1694290,0,,single
1791144642,1904610,15,,single
1791144644,2424240,0,,single
1791144645,4782460,0,,single
1791144647,422760,3,,single
1791144648,588290,0,,single
1791144649,863980,0,,single
1791144651,1285560,1,,single
1791144652,1497230,4,,single
1791144653,1888300,10,,single
1791144655,2633890,0,,single
1791144656,3172330,0,,single
1791144658,564210,3,,single
1791144659,813650,3,,single
1791144660,830590,1,,single
1791144662,1367040,0,,single
1791144665,1732390,1,,single
1791144666,2000760,5,,single
1791144668,2421320,1,,single
1791144669,49000,6,,single
1791144671,499910,1,,single
1791144672,539280,1,,single
1791144674,938310,2,,single
1791144675,1092000,0,,single
1791144676,1446160,2,,single
1791144678,1785420,2,,single
1791144679,1876560,1,,single
1791144681,16130,13,,single
1791144682,694370,0,,single
1791144683,762930,0,,single
1791144685,1237040,1,,single
1791144686,1490980,0,,single
1791144688,1671590,0,,single
1791144689,2178100,5,,single
1791144690,2430360,9,,single
1791144692,4450550,3,,single
1791144693,397750,1,,single
1791144695,675810,1,,single
1791144696,783180,1,,single
1791144697,957070,0,,single
1791144699,1234550,2,,single
1791144700,1843880,14,,single
1791144702,2009650,0,,single
1791144703,2962400,4,,single
1791144704,318570,0,,single
1791144706,435970,0,,single
1791144707,1069390,0,,single
1791144709,1306790,0,,single
1791144710,1638340,1,,single
1791144711,2474690,2,,single
1791144713,2686320,0,,single
1791144714,328920,0,,single
1791144715,446590,2,,single
1791144717,674190,16,,single
1791144718,923890,0,,single
1791144720,1260670,2,,single
1791144721,1383700,1,,single
1791144725,1641010,0,,single
1791144726,2106050,1,,single
1791144728,2183320,0,,single
1791144729,2402200,0,,single
1791144731,2493560,5,,single
1791144732,2720700,8,,single
1791144733,3759320,1,,single
1791144735,349440,0,,single
1791144736,432190,1,,single
1791144738,595550,4,,single
1791144739,654500,2,,single
1791144740,965010,0,,single
1791144742,1014810,0,,single
1791144743,1148450,0,,single
1791144744,1545830,0,,single
1791144746,2075050,3,,single
1791144747,2497210,0,,single
1791144749,3246450,0,,single
1791144750,5070160,134,,single
1791144751,254920,3,,single
1791144753,320650,0,,single
1791144754,576650,1,,single
1791144755,1413980,1,,single
1791144757,1629910,0,,single
1791144758,2020530,4,,single
1791144760,2174720,0,,single
1791144761,3551620,26,,single
1791144763,378030,3,,single
1791144764,645720,0,,single
1791144765,918670,7,,single
1791144767,980210,0,,single
1791144768,1210550,1,,single
1791144769,1506760,3,,single
1791144771,1706870,11,,single
1791144772,1825160,1,,single
1791144774,2112380,0,,single
1791144775,2392160,0,,single
1791144776,3250980,3,,single
1791144778,3910920,12,,single
1791144779,4458730,13,,single
1791144781,546550,0,,single
1791144782,673060,0,,single
1791144784,746620,2,,single
1791144785,1631860,0,,single
1791144786,2353850,2,,single
1791144788,4257850,0,,single
1791144789,10140,0,,single
1791144791,485760,1,,single
1791144792,618750,1,,single
1791144793,822040,5,,single
1791144795,1233530,0,,single
1791144796,1369720,4,,single
1791144798,1692060,1,,single
1791144799,2301850,5,,single
1791144801,2988290,1,,single
1791144802,468240,1,,single
1791144804,681530,0,,single
1791144805,916350,2,,single
1791144807,970300,0,,single
1791144808,1698080,4,,single
1791144810,2013580,0,,single
1791144811,2219970,0,,single
1791144812,2864850,4,,single
1791144814,3828500,6,,single
1791144815,340860,0,,single
1791144817,479990,1,,single
1791144818,593240,1,,single
1791144820,980730,1,,single
1791144821,1237510,0,,single
1791144822,1576370,0,,single
1791144824,2067590,3,,single
1791144825,4198720,0,,single
1791144827,343690,1,,single
1791144828,561000,1,,single
1791144830,865160,0,,single
1791144831,1070690,0,,single
1791144832,1684840,0,,single
1791144834,2132450,1,,single
1791144835,2322520,3,,single
1791144837,3393380,0,,single
1791144838,630830,0,,single
1791144840,979480,0,,single
1791144841,1264350,0,,single
1791144842,1447920,0,,single
1791144846,1554470,1,,single
1791144848,1684610,2,,single
1791144849,1972050,1,,single
1791144851,2424660,0,,single
1791144852,2691470,2,,single
1791144854,399100,0,,single
1791144855,740040,4,,single
1791144856,975150,0,,single
1791144858,1327920,0,,single
1791144859,1929990,1,,single
1791144860,2821860,9,,single
1791144862,491620,1,,single
1791144863,595930,2,,single
1791144865,791200,0,,single
1791144866,1271740,0,,single
1791144867,1730920,0,,single
1791144869,2027920,2,,single
1791144870,2624760,0,,single
1791144872,2520,0,,single
1791144873,328440,3,,single
1791144874,554150,0,,single
1791144876,695970,0,,single
1791144877,1038620,2,,single
1791144879,1164750,1,,single
1791144880,1443630,0,,single
1791144881,1833570,5,,single
1791144883,2104920,4,,single
1791144884,2221980,2,,single
1791144886,2778460,0,,single
1791144887,3920160,0,,single
1791144888,289580,0,,single
1791144890,358250,1,,single
1791144891,485080,0,,single
1791144892,1114380,5,,single
1791144894,1988080,0,,single
1791144895,2152540,0,,single
1791144897,2248250,1,,single
1791144898,2610720,0,,single
1791144899,4924510,20,,single
1791144901,570680,0,,single
1791144902,658990,2,,single
1791144904,959150,4,,single
1791144905,1251850,0,,single
1791144907,1959520,1,,single
1791144908,2122430,1,,single
1791144909,3487540,5,,single
1791144911,339850,0,,single
1791144912,543960,1,,single
1791144913,671980,0,,single
1791144915,965610,0,,single
1791144916,1333300,0,,single
1791144918,1535060,2,,single
1791144919,1758910,1,,single
1791144920,1970450,0,,single
1791144922,2020540,2,,single
1791144923,2132840,2,,single
1791144924,3286700,12,,single
1791144926,110500,1,,single
1791144927,361020,10,,single
1791144929,404510,0,,single
1791144930,617590,0,,single
1791144932,962700,1,,single
1791144933,1313940,0,,single
1791144935,1426500,0,,single
1791144936,2004610,0,,single
1791144938,2983270,0,,single
1791144939,3349970,3,,single
1791144941,435020,1,,single
1791144942,521750,10,,single
1791144944,870110,0,,single
1791144945,972160,0,,single
1791144947,1081450,0,,single
1791144948,1214520,2,,single
1791144950,1455230,1,,single
1791144951,1750740,0,,single
1791144953,2020090,0,,single
1791144954,2573050,0,,single
1791144955,2849180,5,,single
1791144957,3527690,4,,single
1791144958,2850,1,,single
1791144960,465190,0,,single
1791144961,714240,0,,single
1791144963,1498550,7,,single
1791144964,1689010,0,,single
1791144966,2119110,0,,single
1791144967,2223850,10,,single
1791144968,2936260,0,,single
1791144970,3854420,12,,single
1791144971,289480,0,,single
1791144973,509610,1,,single
1791144974,738270,2,,single
1791144976,1351500,1,,single
1791144977,1827450,3,,single
1791144979,2516570,4,,single
1791144980,10230,0,,single
1791144982,272010,2,,single
1791144984,533340,1,,single
1791144985,777160,0,,single
1791144986,1207880,0,,single
1791144988,1415920,1,,single
1791144989,1595050,0,,single
1791144991,1747330,1,,single
1791144992,1942120,5,,single
1791144993,2249040,4,,single
1791144995,2437690,1,,single
1791144996,3306920,11,,single
1791144998,317380,0,,single
1791144999,1042160,0,,single
1791145000,1203470,1,,single
1791145002,1767570,2,,single
1791145003,2452240,0,,single
1791145005,2661210,0,,single
1791145006,3956380,42,,single
1791145008,283580,0,,single
1791145009,377710,0,,single
1791145011,607040,1,,single
1791145012,789830,1,,single
1791145014,956600,0,,single
1791145015,1277950,2,,single
1791145016,1559760,0,,single
1791145018,1994060,0,,single
1791145019,2391840,1,,single
1791145021,2537730,11,,single
1791145022,3685340,1,,single
1791145024,4383570,5,,single
1791145027,433290,10,,single
1791145028,531540,3,,single
1791145029,626640,3,,single
1791145031,967330,0,,single
1791145033,1590700,0,,single
1791145034,1759920,1,,single
1791145035,1965920,1,,single
1791145037,2380450,0,,single
1791145038,2676930,1,,single
1791145040,3970070,1,,single
1791145041,339840,1,,single
1791145043,503480,0,,single
1791145044,789260,4,,single
1791145046,1432200,1,,single
1791145047,1867520,1,,single
1791145049,2072420,2,,single
1791145050,385130,5,,single
1791145052,578350,0,,single
1791145053,705370,0,,single
1791145054,1386620,1,,single
1791145056,1596750,1,,single
1791145057,1953780,0,,single
1791145059,2082060,4,,single
1791145060,2611040,0,,single
1791145062,3141900,4,,single
1791145063,289380,1,,single
1791145065,370600,0,,single
1791145067,525190,0,,single
1791145068,671550,2,,single
1791145069,830490,0,,single
1791145071,1181610,0,,single
1791145072,1602980,0,,single
1791145074,1717410,4,,single
1791145075,2642460,1,,single
1791145077,4643930,3,,single
1791145078,410770,6,,single
1791145080,566490,0,,single
1791145081,794940,0,,single
1791145083,935490,1,,single
1791145084,1191680,0,,single
1791145085,1457660,2,,single
1791145087,1759870,4,,single
1791145088,2017700,0,,single
1791145090,2546110,0,,single
1791145091,3250970,1,,single
1791145093,283840,0,,single
1791145094,418000,1,,single
1791145096,674310,0,,single
1791145097,1076120,0,,single
1791145099,1138960,0,,single
1791145100,1415280,0,,single
1791145101,1700890,1,,single
1791145103,2337760,1,,single
1791145104,3153770,0,,single
1791145106,4819360,25,,single
1791145107,497080,0,,single
1791145109,573210,0,,single
1791145110,1195070,0,,single
1791145112,1417940,0,,single
1791145113,1795430,0,,single
1791145114,2101110,4,,single
1791145116,2313930,0,,single
1791145117,3938540,2,,single
1791145119,46380,3,,single
1791145120,848530,0,,single
1791145122,965620,1,,single
1791145123,1063890,1,,single
1791145125,1300310,2,,single
1791145126,1728490,1,,single
1791145127,1987970,0,,single
1791145129,2405280,15,,single
1791145131,3886200,6,,single
1791145132,346670,1,,single
1791145134,671170,1,,single
1791145135,1087110,0,,single
1791145137,1489120,0,,single
1791145138,1933970,0,,single
1791145140,2146070,0,,single
1791145141,2634610,0,,single
1791145143,3521250,0,,single
1791145144,321560,0,,single
1791145146,459470,3,,single
1791145148,628580,2,,single
1791145149,1143860,0,,single
1791145151,1557720,0,,single
1791145152,1757680,1,,single
1791145154,2004290,6,,single
1791145155,2427570,0,,single
1791145157,2519420,0,,single
1791145158,4162350,3,,single
1791145160,5101080,1,,single
1791145161,402220,0,,single
1791145163,681640,1,,single
1791145164,1283280,1,,single
1791145166,1524470,2,,single
1791145167,1778500,1,,single
1791145169,2100780,1,,single
1791145170,2605780,3,,single
1791145172,3928800,0,,single
1791145173,4533730,1,,single
1791145175,428510,3,,single
1791145176,528070,1,,single
1791145178,823640,0,,single
1791145179,1050510,0,,single
1791145181,1656680,2,,single
1791145182,1993200,0,,single
1791145184,2735060,0,,single
1791145185,4282720,0,,single
1791145186,327370,0,,single
1791145188,502100,1,,single
1791145190,862110,0,,single
1791145191,899200,0,,single
1791145193,1329080,0,,single
1791145194,1575510,0,,single
1791145196,2131800,1,,single
1791145197,2258350,0,,single
1791145199,4935210,5,,single
1791145200,392330,3,,single
1791145202,750210,0,,single
1791145204,1233350,1,,single
1791145205,1603720,0,,single
1791145207,2097880,1,,single
1791145208,2393810,1,,single
1791145210,2627540,21,,single
1791145211,3644610,3,,single
1791145213,281080,0,,single
1791145214,419990,0,,single
1791145215,550400,1,,single
1791145217,818570,0,,single
1791145218,1204930,0,,single
1791145220,1424300,1,,single
1791145221,2418120,2,,single
1791145223,3567200,1,,single
1791145224,401120,0,,single
1791145226,620940,1,,single
1791145227,939120,0,,single
1791145229,1213570,1,,single
1791145230,1342120,0,,single
1791145232,1766420,0,,single
1791145233,2331950,0,,single
1791145234,2551780,0,,single
1791145236,44600,1,,single
1791145237,387850,8,,single
1791145239,688260,0,,single
1791145240,939350,0,,single
1791145242,1133990,0,,single
1791145243,1457650,0,,single
1791145245,1790630,8,,single
1791145246,2291690,0,,single
1791145248,4299970,5,,single
1791145249,281350,1,,single
1791145251,1090390,1,,single
1791145253,1454000,0,,single
1791145255,1867810,3,,single
1791145256,2177570,3,,single
1791145257,2300660,1,,single
1791145259,2697200,5,,single
1791145260,289220,0,,single
1791145262,397090,1,,single
1791145263,587400,0,,single
1791145265,809240,0,,single
1791145266,966720,0,,single
1791145268,1304780,0,,single
1791145269,1709870,0,,single
1791145271,2321180,0,,single
1791145273,3119480,0,,single
1791145274,4284680,0,,single
1791145276,386110,0,,single
1791145277,511540,1,,single
1791145279,977840,3,,single
1791145280,1161360,2,,single
1791145281,1645270,0,,single
1791145283,1947950,4,,single
1791145284,2012610,0,,single
1791145286,2630300,0,,single
1791145287,4491190,1,,single
1791145289,302360,0,,single
1791145290,370700,0,,single
1791145291,846050,0,,single
1791145293,1006400,0,,single
1791145294,1346390,0,,single
1791145296,1501320,0,,single
1791145298,1907440,1,,single
1791145299,2095740,0,,single
1791145301,2399670,5,,single
1791145302,279560,1,,single
1791145304,404270,2,,single
1791145305,503900,1,,single
1791145307,624690,16,,single
1791145309,994670,2,,single
1791145310,1279590,2,,single
1791145311,1524350,1,,single
1791145313,1960890,0,,single
1791145314,3990990,2,,single
1791145316,356290,1,,single
1791145318,762480,0,,single
1791145319,1239660,0,,single
1791145321,1483300,1,,single
1791145322,1709180,11,,single
1791145324,1934900,1,,single
1791145325,2418940,0,,single
1791145327,4133970,0,,single
1791145329,552580,2,,single
1791145330,634150,4,,single
1791145332,858050,0,,single
1791145333,1137400,1,,single
1791145334,1286600,0,,single
1791145336,1843110,0,,single
1791145337,2090890,2,,single
1791145339,2311840,1,,single
1791145340,3616960,0,,single
1791145342,351410,0,,single
1791145343,529700,6,,single
1791145345,742150,0,,single
1791145346,1534850,1,,single
1791145347,1616520,0,,single
1791145349,1747900,1,,single
1791145350,1992700,0,,single
1791145352,2347380,1,,single
1791145353,2509370,1,,single
1791145355,2653260,8,,single
1791145356,4866960,10,,single
1791145358,344810,2,,single
1791145359,477310,0,,single
1791145360,601180,4,,single
1791145362,1140030,0,,single
1791145363,1613450,6,,single
1791145365,1982130,0,,single
1791145366,2240390,0,,single
1791145368,2469610,0,,single
1791145369,2989760,2,,single
1791145371,3520,1,,single
1791145372,329630,6,,single
1791145374,481600,0,,single
1791145375,598990,1,,single
1791145377,1342090,0,,single
1791145378,1474770,1,,single
1791145380,1709590,0,,single
1791145381,1897250,0,,single
1791145383,2133870,2,,single
1791145384,2971750,0,,single
1791145386,3874450,64,,single
1791145387,365110,0,,single
1791145389,567320,0,,single
1791145390,892780,0,,single
1791145391,1252390,0,,single
1791145393,2054810,1,,single
1791145394,2281610,0,,single
1791145396,2587890,0,,single
1791145397,4003210,0,,single
1791145399,448050,1,,single
1791145401,809900,0,,single
1791145404,1122240,0,,single
1791145406,1276540,0,,single
1791145407,1403990,2,,single
1791145409,1520250,0,,single
1791145410,1765160,0,,single
1791145412,1935910,1,,single
1791145413,2340360,0,,single
1791145415,2708880,1,,single
1791145416,4013510,21,,single
1791145418,462590,0,,single
1791145420,521090,6,,single
1791145421,810470,0,,single
1791145422,1126470,3,,single
1791145424,1338940,0,,single
1791145425,1909330,0,,single
1791145427,2175570,1,,single
1791145428,2358100,0,,single
1791145429,2475980,2,,single
1791145431,4492990,14,,single
1791145433,332380,0,,single
1791145434,370780,0,,single
1791145435,736840,0,,single
1791145437,1092260,0,,single
1791145438,1634950,0,,single
1791145440,2020510,0,,single
1791145441,4623570,38870,,single
1791145443,4870460,8,,single
1791145444,2218460,43,,single
1791145446,2402630,0,,single
1791145447,2564970,6,,single
1791145449,294720,6,,single
1791145450,342890,0,,single
1791145452,497470,0,,single
1791145453,845970,0,,single
1791145454,966090,3,,single
1791145456,1267260,0,,single
1791145457,1913550,1,,single
1791145459,2106560,1,,single
1791145460,2610080,1,,single
1791145462,4134900,1,,single
1791145463,302170,1,,single
1791145465,512260,2,,single
1791145466,577890,0,,single
1791145468,844180,0,,single
1791145469,1023140,0,,single
1791145471,1301060,0,,single
1791145472,1604060,5,,single
1791145474,1911780,0,,single
1791145475,2014690,0,,single
1791145477,2478810,3,,single
1791145478,38170,29,,single
1791145480,407190,9,,single
1791145481,568860,1,,single
1791145483,808800,0,,single
1791145484,1015430,0,,single
1791145486,1229890,1,,single
1791145487,1933490,2,,single
1791145489,2289130,3,,single
1791145490,3591680,0,,single
1791145492,3959100,0,,single
1791145494,625910,0,,single
1791145495,1931600,0,,single
1791145497,2309630,0,,single
1791145498,3085950,66,,single
1791145499,3774560,1,,single
1791145501,351080,1,,single
1791145505,776540,0,,single
1791145506,952920,0,,single
1791145508,1351370,2,,single
1791145509,1585250,0,,single
1791145510,2579020,1,,single
1791145512,234350,4,,single
1791145513,654100,0,,single
1791145515,1109820,0,,single
1791145516,1422730,0,,single
1791145518,1639690,0,,single
1791145519,2021710,0,,single
1791145521,2307160,0,,single
1791145522,209610,1,,single
1791145524,380560,0,,single
1791145525,586130,3,,single
1791145527,740410,27,,single
1791145528,1032170,0,,single
1791145530,1820470,0,,single
1791145531,1871620,0,,single
1791145533,2002870,0,,single
1791145534,2196240,0,,single
1791145535,2486430,0,,single
1791145537,3332860,0,,single
1791145538,4130040,5,,single
1791145540,434920,1,,single
1791145541,490510,1,,single
1791145543,1048900,0,,single
1791145544,1287250,1,,single
1791145546,1660480,0,,single
1791145547,1998660,1,,single
1791145549,2319870,0,,single
1791145550,2706390,0,,single
1791145551,3444540,8,,single
1791145553,3913950,84,,single
1791145554,402940,0,,single
1791145556,504880,1,,single
1791145558,601640,0,,single
1791145559,667120,0,,single
1791145560,831120,0,,single
1791145562,1183740,0,,single
1791145564,1673040,0,,single
1791145565,2091130,5,,single
1791145567,2310920,0,,single
1791145568,2511570,3,,single
1791145570,2867700,0,,single
1791145571,60340,3,,single
1791145573,365420,0,,single
1791145574,667300,1,,single
1791145576,802490,0,,single
1791145577,998790,3,,single
1791145578,1175160,4,,single
1791145580,1448780,3,,single
1791145581,1515740,5,,single
1791145583,1632670,3,,single
1791145584,1999870,0,,single
1791145586,3390280,3,,single
1791145587,329670,3,,single
1791145589,451640,1,,single
1791145590,766680,0,,single
1791145592,917140,1,,single
1791145593,1009460,0,,single
1791145595,1082470,3,,single
1791145596,1280640,0,,single
1791145598,1521520,0,,single
1791145599,1835830,1,,single
1791145601,2119670,2,,single
1791145602,3031150,1,,single
1791145604,4429920,2,,single
1791145605,493820,2,,single
1791145607,550450,5,,single
1791145608,791400,2,,single
1791145610,1042990,0,,single
1791145611,1519900,0,,single
1791145613,1825880,0,,single
1791145614,2053580,3,,single
1791145615,2850940,3,,single
1791145617,3580,2,,single
1791145618,292840,1,,single
1791145620,358340,1,,single
1791145621,461380,0,,single
1791145623,1024400,0,,single
1791145625,1256950,0,,single
1791145626,1396980,1,,single
1791145628,1658960,0,,single
1791145629,1865170,0,,single
1791145631,2082270,2,,single
1791145632,2167750,0,,single
1791145633,2884750,5,,single
1791145635,3570,0,,single
1791145636,403090,0,,single
1791145638,596500,1,,single
1791145639,705550,0,,single
1791145641,1043000,0,,single
1791145642,1516330,0,,single
1791145644,1561660,0,,single
1791145646,2282330,0,,single
1791145647,3535970,1,,single
1791145649,4596050,5,,single
1791145650,275830,7,,single
1791145651,380680,0,,single
1791145653,499110,0,,single
1791145654,597810,0,,single
1791145656,928670,1,,single
1791145657,1268370,2,,single
1791145659,1526930,0,,single
1791145660,1950490,0,,single
1791145661,1972190,0,,single
1791145663,2194670,2,,single
1791145665,3874890,1,,single
1791145667,303910,0,,single
1791145668,397770,1,,single
1791145669,592060,0,,single
1791145671,935360,0,,single
1791145672,995240,0,,single
1791145674,1196400,3,,single
1791145676,1393910,1,,single
1791145677,2004670,1,,single
1791145678,2529930,0,,single
1791145680,279460,3,,single
1791145681,440790,0,,single
1791145683,628100,30,,single
1791145684,660320,0,,single
1791145686,1613770,4,,single
1791145687,1904560,3,,single
1791145689,2325470,0,,single
1791145691,2446270,0,,single
1791145693,2972220,9,,single
1791145694,3981670,0,,single
1791145696,4449460,7,,single
1791145697,4911220,0,,single
1791145699,319300,2,,single
1791145700,661470,0,,single
1791145703,945740,0,,single
1791145704,1277320,2,,single
1791145706,1823730,0,,single
1791145707,1995240,0,,single
1791145708,2280510,1,,single
1791145710,2422610,0,,single
1791145711,2994790,0,,single
1791145713,3329700,0,,single
1791145714,4185160,3,,single
1791145716,347520,2,,single
1791145717,435040,2,,single
1791145719,607030,0,,single
1791145720,676830,0,,single
1791145722,942800,0,,single
1791145724,1270390,0,,single
1791145725,1576720,3,,single
1791145726,1787030,10,,single
1791145728,1887760,0,,single
1791145729,2217100,0,,single
1791145731,3203710,16,,single
1791145732,3674680,3,,single
1791145734,4272570,3,,single
1791145735,1912410,14966,,single
1791145737,3594090,22,,single
1791145738,5220090,77,,single
1791145740,4917440,248,,single
1791145741,5138000,121,,single
1791145745,4962560,38,,single
1791145746,5221510,267,,single
1791145748,4890770,284,,single
1791145749,4395950,47,,single
1791145751,5174540,79,,single
