ts,appid,concurrent,peak_in_game,src
1791352120,2179170,1,,single
1791352122,1586800,13,,single
1791352123,1969080,5,,single
1791352125,2073910,19,,single
1791352126,2840190,4,,single
1791352128,1405500,6,,single
1791352129,620,1421,,single
1791352131,413150,48686,,single
1791352132,3164500,7155,,single
1791352134,546560,244,,single
1791352135,2246340,20712,,single
1791352137,420,17,,single
1791352138,31270,3,,single
1791352140,200710,240,,single
1791352141,208200,43,,single
1791352143,214490,194,,single
1791352144,226740,1,,single
1791352146,237740,0,,single
1791352147,250600,1,,single
1791352149,264380,17,,single
1791352150,274270,0,,single
1791352152,301860,1,,single
1791352153,315810,23,,single
1791352155,323470,58,,single
1791352156,333600,44,,single
1791352158,339190,1,,single
1791352160,353330,0,,single
1791352161,367500,323,,single
1791352163,384190,10,,single
1791352164,399810,11,,single
1791352166,418370,1488,,single
1791352167,467380,0,,single
1791352169,483980,23,,single
1791352170,506870,0,,single
1791352172,526870,9284,,single
1791352173,550010,6,,single
1791352175,568770,8,,single
1791352176,582010,14854,,single
1791352178,602700,3,,single
1791352179,654880,13,,single
1791352181,691450,6,,single
1791352182,736570,3,,single
1791352184,764790,18,,single
1791352185,814370,85,,single
1791352187,862440,0,,single
1791352188,894940,9,,single
1791352190,910630,1,,single
1791352191,924070,0,,single
1791352193,963000,1,,single
1791352194,976730,2274,,single
1791352196,1012570,0,,single
1791352197,1047220,2,,single
1791352199,1067850,11,,single
1791352200,1083790,1,,single
1791352202,1092720,12,,single
1791352203,1140270,9,,single
1791352205,1159690,126,,single
1791352206,1172450,19,,single
1791352208,1218210,43,,single
1791352209,1240210,58,,single
1791352211,1272840,1,,single
1791352212,1307550,73,,single
1791352214,1364960,9,,single
1791352215,1380420,10,,single
1791352218,1441550,6,,single
1791352219,1488200,205,,single
1791352221,1549550,3,,single
1791352222,1597730,4,,single
1791352224,1629520,333,,single
1791352225,1665190,10,,single
1791352228,1733060,2,,single
1791352230,1808680,16,,single
1791352231,1895350,11,,single
1791352233,1928980,30,,single
1791352234,1948280,384,,single
1791352235,2142790,4141,,single
1791352237,2246880,13,,single
1791352238,2262610,2,,single
1791352240,2313240,0,,single
1791352241,2356560,112,,single
1791352243,2479320,3,,single
1791352244,2567870,1286,,single
1791352246,2788520,28,,single
1791352247,3069120,73,,single
1791352249,3263320,25,,single
1791352250,70,624,,single
1791352252,550,30836,,single
1791352253,2600,57,,single
1791352255,4000,13822,,single
1791352256,9420,348,,single
1791352258,22320,189,,single
1791352259,22490,104,,single
1791352261,33100,26,,single
1791352262,48700,2916,,single
1791352264,105600,27468,,single
1791352265,206190,2,,single
1791352267,219150,230,,single
1791352268,227300,12847,,single
1791352270,236090,9,,single
1791352271,239140,4377,,single
1791352273,246420,8747,,single
1791352274,250900,35288,,single
1791352276,261030,38,,single
1791352277,268910,1754,,single
1791352279,280220,103,,single
1791352280,294100,21555,,single
1791352282,312530,48,,single
1791352283,337320,262,,single
1791352285,360740,15,,single
1791352286,397740,11,,single
1791352288,412830,237,,single
1791352289,420530,96,,single
1791352291,427410,1610,,single
1791352293,433950,2,,single
1791352294,447530,73,,single
1791352296,460950,148,,single
1791352297,488860,147,,single
1791352299,512900,277,,single
1791352300,531510,41,,single
1791352302,553310,20,,single
1791352303,593280,24,,single
1791352305,603960,9,,single
1791352306,615120,4,,single
1791352308,636480,503,,single
1791352309,667970,99,,single
1791352311,732690,20,,single
1791352312,760890,2,,single
1791352314,787480,1039,,single
1791352315,805590,2,,single
1791352317,851100,20,,single
1791352318,897330,299,,single
1791352320,909080,121,,single
1791352321,960090,6792,,single
1791352323,992740,2,,single
1791352324,1043810,48,,single
1791352326,1070550,3,,single
1791352327,1092590,2,,single
1791352329,1102190,151,,single
1791352330,1113000,1145,,single
1791352332,1127400,669,,single
1791352333,1162750,481,,single
1791352335,1175140,1,,single
1791352336,1201280,1,,single
1791352338,1216200,5,,single
1791352339,1255650,3,,single
1791352341,1275670,10,,single
1791352342,1282200,0,,single
1791352344,1285670,7,,single
1791352345,1290000,789,,single
1791352347,1293860,0,,single
1791352348,1332010,338,,single
1791352350,1353230,62,,single
1791352351,1369320,81,,single
1791352353,1407420,1,,single
1791352354,1422650,2,,single
1791352356,1444350,5,,single
1791352358,1500740,13,,single
1791352359,1511860,0,,single
1791352361,1533420,86,,single
1791352362,1545990,2,,single
1791352364,1562700,64,,single
1791352366,1584090,857,,single
1791352367,1609230,58,,single
1791352369,1639790,5,,single
1791352370,1669980,571,,single
1791352372,1683150,309,,single
1791352373,1708150,7,,single
1791352375,1718570,1001,,single
1791352376,1734320,9,,single
1791352378,1775490,39,,single
1791352379,1817000,2,,single
1791352381,1868140,7565,,single
1791352382,1898500,8,,single
1791352384,1927720,41,,single
1791352385,1935660,1,,single
1791352387,1966720,1710,,single
1791352388,1986840,11,,single
1791352390,2006140,15,,single
1791352391,2056220,8,,single
1791352393,2067780,55,,single
1791352394,2097570,96,,single
1791352396,2113850,1046,,single
1791352397,2135690,1,,single
1791352399,2167960,112,,single
1791352400,2218750,193,,single
1791352402,2291850,42,,single
1791352403,2358720,10850,,single
1791352405,2378620,2,,single
1791352406,2394650,39,,single
1791352408,2441700,9,,single
1791352409,2501600,53,,single
1791352411,2539960,1,,single
1791352412,2612680,4,,single
1791352414,2666510,277,,single
1791352415,2703850,25,,single
1791352417,2725260,216,,single
1791352418,2835570,902,,single
1791352420,2882440,0,,single
1791352421,2929730,1,,single
1791352422,3070070,3462,,single
1791352424,3108510,53,,single
1791352425,3191050,13,,single
1791352427,3247500,1,,single
1791352428,3445580,3,,single
1791352430,50,64,,single
1791352431,100,42,,single
1791352433,300,103,,single
1791352435,380,6,,single
1791352436,730,580775,,single
1791352438,1500,3,,single
1791352439,1630,26,,single
1791352441,1840,640,,single
1791352442,2200,12,,single
1791352444,2320,47,,single
1791352445,2610,5,,single
1791352447,2700,22,,single
1791352448,3020,7,,single
1791352450,3330,618,,single
1791352451,3620,183,,single
1791352453,3900,412,,single
1791352454,4500,56,,single
1791352456,4700,1809,,single
1791352457,6000,23,,single
1791352459,6030,8,,single
1791352460,6220,9,,single
1791352462,6800,29,,single
1791352463,6860,88,,single
1791352465,7000,15,,single
1791352466,7620,56,,single
1791352468,7800,11,,single
1791352469,7940,96,,single
1791352471,8140,17,,single
1791352472,8400,5,,single
1791352474,8850,15,,single
1791352475,8980,92,,single
1791352477,9180,4,,single
1791352478,9350,36,,single
1791352480,9900,708,,single
1791352481,10150,117,,single
1791352483,10500,1175,,single
1791352484,11390,1,,single
1791352486,12110,69,,single
1791352487,12200,194,,single
1791352489,12360,31,,single
1791352490,12810,21,,single
1791352492,13250,4,,single
1791352493,13570,35,,single
1791352495,15100,39,,single
1791352496,15210,23,,single
1791352498,15390,9,,single
1791352500,16730,1,,single
1791352501,17340,0,,single
1791352503,17440,19,,single
1791352504,17470,59,,single
1791352506,17570,21,,single
1791352507,18500,37,,single
1791352509,20530,6,,single
1791352510,20820,2,,single
1791352512,21100,12,,single
1791352513,21970,99,,single
1791352515,22180,2,,single
1791352516,22340,0,,single
1791352518,24010,294,,single
1791352520,24420,2,,single
1791352521,24780,272,,single
1791352523,24960,9,,single
1791352524,25800,29,,single
1791352526,25900,72,,single
1791352528,29180,2,,single
1791352530,32330,24,,single
1791352532,32380,8,,single
1791352533,32450,10,,single
1791352535,32800,6,,single
1791352536,33320,15,,single
1791352538,33930,87,,single
1791352539,34330,1685,,single
1791352541,34830,9,,single
1791352542,35130,5,,single
1791352544,35480,1,,single
1791352546,38400,97,,single
1791352547,38720,1,,single
1791352549,39140,94,,single
1791352550,39210,11789,,single
1791352552,39540,54,,single
1791352553,39800,4,,single
1791352555,40380,0,,single
1791352556,40720,0,,single
1791352558,40980,34,,single
1791352559,41060,6,,single
1791352561,41300,0,,single
1791352562,42670,8,,single
1791352564,42710,59,,single
1791352565,45700,1,,single
1791352567,46500,19,,single
1791352568,47810,238,,single
1791352570,48000,73,,single
1791352571,48720,80,,single
1791352573,50300,10,,single
1791352574,55140,22,,single
1791352576,57640,1,,single
1791352577,58610,5,,single
1791352579,63200,1,,single
1791352580,63710,3,,single
1791352582,65300,6,,single
1791352584,65790,15,,single
1791352585,70100,1,,single
1791352586,71240,1,,single
1791352588,73010,2,,single
1791352590,80310,3,,single
1791352591,91200,2,,single
1791352593,92800,8,,single
1791352594,94400,8,,single
1791352596,96000,11,,single
1791352597,98200,3,,single
1791352599,98800,15,,single
1791352600,102600,14,,single
1791352602,105450,155,,single
1791352603,107310,0,,single
1791352605,108200,49,,single
1791352607,108800,11,,single
1791352608,113200,152,,single
1791352610,115320,82,,single
1791352611,200260,544,,single
1791352613,200940,3,,single
1791352614,201790,18,,single
1791352616,201870,127,,single
1791352617,202530,4,,single
1791352619,203160,1036,,single
1791352620,203630,24,,single
1791352622,203830,31,,single
1791352623,204300,36,,single
1791352625,204450,63,,single
1791352626,204880,148,,single
1791352628,205650,6,,single
1791352629,206420,89,,single
1791352631,206500,39,,single
1791352632,207170,16,,single
1791352634,207350,15,,single
1791352635,208090,0,,single
1791352637,208480,3,,single
1791352638,208650,1225,,single
1791352640,209160,36,,single
1791352641,209540,0,,single
1791352643,210770,11,,single
1791352644,211440,0,,single
1791352646,211820,496,,single
1791352647,212500,460,,single
1791352649,212800,2,,single
1791352650,213650,0,,single
1791352652,214340,67,,single
1791352653,214590,0,,single
1791352655,214770,1,,single
1791352656,214970,3,,single
1791352658,215530,7,,single
1791352660,218060,0,,single
1791352661,218680,32,,single
1791352663,219890,9,,single
1791352664,220160,6,,single
1791352666,220440,78,,single
1791352667,220860,0,,single
1791352669,221380,1692,,single
1791352670,221680,312,,single
1791352672,222440,91,,single
1791352673,222750,13,,single
1791352675,223330,15,,single
1791352676,223750,540,,single
1791352678,224260,481,,single
1791352679,224480,10,,single
1791352681,224820,0,,single
1791352682,224940,1,,single
1791352684,225260,40,,single
1791352685,225840,131,,single
1791352687,226860,73,,single
1791352688,227200,0,,single
1791352690,227580,3,,single
1791352691,228200,659,,single
1791352693,228360,6,,single
1791352694,229480,6,,single
1791352696,230190,25,,single
1791352697,230410,44446,,single
1791352699,231200,6,,single
1791352700,232750,1,,single
1791352702,232810,0,,single
1791352703,233150,2,,single
1791352705,233470,1,,single
1791352706,233740,19,,single
1791352708,234270,12,,single
1791352709,234650,11,,single
1791352711,235210,7,,single
1791352712,235540,22,,single
1791352714,235900,158,,single
1791352715,236450,6,,single
1791352717,237110,21,,single
1791352718,237850,3,,single
1791352720,238010,126,,single
1791352722,238750,24,,single
1791352723,239350,55,,single
1791352725,240600,1,,single
1791352726,241260,26,,single
1791352728,241600,37,,single
1791352729,242570,1,,single
1791352731,242820,0,,single
1791352732,242920,376,,single
1791352734,243470,1125,,single
1791352735,243970,13,,single
1791352737,244160,60,,single
1791352738,244450,405,,single
1791352740,244870,0,,single
1791352741,245390,18,,single
1791352743,245620,32,,single
1791352744,246900,96,,single
1791352746,247080,58,,single
1791352747,247910,0,,single
1791352749,248330,3,,single
1791352750,248570,34,,single
1791352752,248860,25,,single
1791352753,249330,5,,single
1791352755,250050,1,,single
1791352756,250260,14,,single
1791352758,250520,105,,single
1791352759,251060,178,,single
1791352761,251290,39,,single
1791352762,251730,25,,single
1791352764,252110,10,,single
1791352765,252250,0,,single
1791352767,252530,423,,single
1791352768,252690,1,,single
1791352770,253030,4,,single
1791352771,253430,9,,single
1791352773,253770,0,,single
1791352774,254200,11,,single
1791352776,254700,651,,single
1791352777,255710,6850,,single
1791352779,256370,1,,single
1791352780,257350,247,,single
1791352782,257850,40,,single
1791352783,258890,0,,single
1791352785,259530,1,,single
1791352786,259740,0,,single
1791352788,260430,34,,single
1791352789,261470,2,,single
1791352791,261570,237,,single
1791352792,262120,3,,single
1791352794,262690,0,,single
1791352795,263060,0,,single
1791352797,263760,7,,single
1791352798,265630,43,,single
1791352800,266010,3,,single
1791352801,266410,591,,single
1791352803,266840,389,,single
1791352805,268400,171,,single
1791352806,268540,25,,single
1791352808,268990,12,,single
1791352809,269270,0,,single
1791352811,269950,262,,single
1791352812,270210,2,,single
1791352814,271590,32625,,single
1791352815,272470,1,,single
1791352817,273110,43,,single
1791352819,274500,13,,single
1791352820,274940,27,,single
1791352822,275390,10,,single
1791352823,277590,9,,single
1791352825,278460,0,,single
1791352826,281640,6,,single
1791352829,282070,869,,single
1791352831,282530,20,,single
1791352833,283160,3,,single
1791352834,283960,15,,single
1791352836,284710,1,,single
1791352837,284850,1,,single
1791352839,285190,71,,single
1791352841,285380,1,,single
1791352842,285800,5,,single
1791352844,286040,0,,single
1791352845,286260,2,,single
1791352847,287290,225,,single
1791352848,287450,388,,single
1791352850,288120,8,,single
1791352851,289520,45,,single
1791352853,289950,5,,single
1791352854,290340,18,,single
1791352857,290890,0,,single
1791352858,292180,1,,single
1791352860,292930,4,,single
1791352861,293260,12,,single
1791352863,294040,0,,single
1791352864,296490,84,,single
1791352866,296970,3,,single
1791352867,298160,2,,single
1791352869,298900,2,,single
1791352870,299680,0,,single
1791352872,300570,0,,single
1791352873,301640,40,,single
1791352874,301970,3,,single
1791352876,302710,0,,single
1791352877,304050,370,,single
1791352879,304410,145,,single
1791352880,305620,1614,,single
1791352882,306660,4,,single
1791352883,307110,10,,single
1791352885,307640,13,,single
1791352886,307780,241,,single
1791352888,308600,84,,single
1791352889,310510,2,,single
1791352891,311210,3297,,single
1791352892,311340,57,,single
1791352894,312370,4,,single
1791352895,312660,666,,single
1791352897,313120,126,,single
1791352898,313480,19,,single
1791352900,314160,298,,single
1791352902,314410,5,,single
1791352903,314650,152,,single
1791352904,315460,9,,single
1791352906,316610,1,,single
1791352907,317820,1,,single
1791352909,318600,5,,single
1791352910,319870,3,,single
1791352912,320140,1,,single
1791352914,321360,17,,single
1791352915,322170,23623,,single
1791352917,322290,1,,single
1791352918,322500,42,,single
1791352920,322910,0,,single
1791352921,323190,1868,,single
1791352923,323720,1,,single
1791352924,324310,3,,single
1791352926,325210,8,,single
1791352927,326180,0,,single
1791352929,326670,2,,single
1791352930,327400,100,,single
1791352932,327640,1,,single
1791352933,328760,0,,single
1791352935,329110,583,,single
1791352936,330580,1,,single
1791352938,331480,0,,single
1791352939,331750,5,,single
1791352941,332800,29,,single
1791352942,333640,243,,single
1791352944,334540,3,,single
1791352945,335000,3,,single
1791352947,335670,25,,single
1791352948,337150,8,,single
1791352950,339280,1,,single
1791352951,341000,2,,single
1791352953,342310,2,,single
1791352954,343440,0,,single
1791352956,344770,1,,single
1791352957,346010,173,,single
1791352959,346560,4,,single
1791352960,348250,15,,single
1791352962,348620,0,,single
1791352963,350080,77,,single
1791352965,351700,15,,single
1791352967,351990,0,,single
1791352968,352720,35,,single
1791352970,353640,11,,single
1791352971,354160,6,,single
1791352973,355060,3,,single
1791352974,355980,14,,single
1791352976,356520,0,,single
1791352978,357190,126,,single
1791352979,358090,1,,single
1791352981,359320,2248,,single
1791352982,360620,0,,single
1791352984,360830,2,,single
1791352985,361630,0,,single
1791352987,362930,22,,single
1791352988,363680,9,,single
1791352990,364360,149,,single
1791352991,365360,1037,,single
1791352993,366090,61,,single
1791352994,367450,92,,single
1791352996,368180,2,,single
1791352997,368370,9,,single
1791352999,368620,4,,single
1791353000,370360,21,,single
1791353002,371570,4,,single
1791353003,372800,44,,single
1791353005,373420,527,,single
1791353006,374190,21,,single
1791353008,375480,262,,single
1791353009,375900,4,,single
1791353011,376300,1,,single
1791353013,377860,10,,single
1791353014,379210,9,,single
1791353016,380600,1904,,single
1791353017,381780,1,,single
1791353019,382490,1,,single
1791353020,383840,8,,single
1791353022,384180,119,,single
1791353023,385380,1,,single
1791353025,386070,103,,single
1791353026,386620,11,,single
1791353028,387290,762,,single
1791353029,388210,11,,single
1791353031,389140,3,,single
1791353032,389730,417,,single
1791353034,390710,6,,single
1791353035,391540,1124,,single
1791353037,392160,1598,,single
1791353038,393430,3,,single
1791353040,394510,159,,single
1791353041,395170,1,,single
1791353043,396710,4,,single
1791353044,397060,15,,single
1791353046,397430,17,,single
1791353047,398710,2,,single
1791353049,399670,0,,single
1791353050,400630,12,,single
1791353052,402020,0,,single
1791353053,403640,283,,single
1791353055,404540,0,,single
1791353056,405310,116,,single
1791353058,405820,10,,single
1791353059,406150,8,,single
1791353061,406550,53,,single
1791353062,407530,15,,single
1791353064,409160,0,,single
1791353065,410110,15,,single
1791353067,410890,20,,single
1791353068,412220,862,,single
1791353070,413710,4,,single
1791353071,415200,169,,single
1791353073,417430,2,,single
1791353074,418180,2,,single
1791353076,418500,0,,single
1791353077,419480,10,,single
1791353079,420440,12,,single
1791353081,421040,4,,single
1791353082,422900,16,,single
1791353083,424840,120,,single
1791353085,427250,0,,single
1791353086,428430,3,,single
1791353088,428750,1,,single
1791353089,429570,7,,single
1791353091,429790,89,,single
1791353092,431240,592,,single
1791353094,431730,4938,,single
1791353095,433910,0,,single
1791353097,435120,94,,single
1791353098,435530,14,,single
1791353100,436320,1,,single
1791353102,438040,519,,single
1791353103,438270,0,,single
1791353105,439190,1,,single
1791353106,440540,5,,single
1791353108,442120,43,,single
1791353109,444640,116,,single
1791353111,445220,343,,single
1791353112,446800,66,,single
1791353114,447120,2,,single
1791353115,448280,12,,single
1791353117,448850,4,,single
1791353119,450390,76,,single
1791353120,451520,0,,single
1791353122,453340,0,,single
1791353123,455400,6,,single
1791353125,456750,62,,single
1791353126,457760,1,,single
1791353129,459080,3,,single
1791353130,461620,3,,single
1791353132,464060,13,,single
1791353133,464920,143,,single
1791353135,466240,1,,single
1791353137,467960,45,,single
1791353138,470220,142,,single
1791353140,471710,30,,single
1791353141,474210,0,,single
1791353143,475190,1,,single
1791353144,476600,129,,single
1791353146,477740,87,,single
1791353147,479130,1,,single
1791353149,481110,0,,single
1791353150,482730,223,,single
1791353152,485460,6,,single
1791353153,486310,2,,single
1791353155,488550,4,,single
1791353156,489630,431,,single
1791353158,490920,7,,single
1791353159,491530,2,,single
1791353161,492230,3,,single
1791353162,493840,6,,single
1791353164,494840,335,,single
1791353165,495560,9,,single
1791353167,497180,7,,single
1791353168,499440,0,,single
1791353170,500810,10,,single
1791353171,501320,0,,single
1791353173,502520,240,,single
1791353174,503560,61,,single
1791353176,504370,33,,single
1791353177,506500,1,,single
1791353179,507490,16,,single
1791353180,509580,4,,single
1791353182,511470,18,,single
1791353183,513230,0,,single
1791353185,515180,24,,single
1791353186,517630,296,,single
1791353188,518030,7,,single
1791353189,520530,0,,single
1791353191,523660,3,,single
1791353192,525360,2,,single
1791353194,526740,1,,single
1791353195,528230,41,,single
1791353197,530320,3,,single
1791353199,532110,136,,single
1791353200,534370,5,,single
1791353202,537110,7,,single
1791353203,538680,79,,single
1791353205,540840,2,,single
1791353206,542050,2,,single
1791353208,544550,194,,single
1791353209,544920,11,,single
1791353211,550320,39,,single
1791353212,552080,0,,single
1791353214,552520,1713,,single
1791353215,553210,0,,single
1791353217,553520,121,,single
1791353218,553850,29463,,single
1791353220,555160,35,,single
1791353221,557600,57,,single
1791353223,558990,163,,single
1791353224,559650,15,,single
1791353226,562220,2,,single
1791353227,562860,7,,single
1791353229,564310,25,,single
1791353230,566050,66,,single
1791353232,567630,81,,single
1791353233,568320,39,,single
1791353234,571260,13,,single
1791353236,572220,0,,single
1791353237,573090,726,,single
1791353239,573410,8,,single
1791353240,574740,2,,single
1791353242,576770,22,,single
1791353244,577940,21,,single
1791353245,578720,0,,single
1791353247,580170,2,,single
1791353248,581660,2,,single
1791353250,582550,15,,single
1791353251,584400,70,,single
1791353253,585420,721,,single
1791353254,587000,6,,single
1791353256,587620,31,,single
1791353257,588730,2,,single
1791353259,589870,34,,single
1791353260,591740,41,,single
1791353262,592600,0,,single
1791353263,594570,601,,single
1791353265,595280,2,,single
1791353266,596970,23,,single
1791353268,598550,20,,single
1791353269,598980,8,,single
1791353271,599750,2,,single
1791353272,600990,1,,single
1791353274,601510,1875,,single
1791353275,602960,1388,,single
1791353277,604330,2,,single
1791353278,606150,255,,single
1791353280,609110,0,,single
1791353281,610180,27,,single
1791353283,611980,0,,single
1791353284,614570,36,,single
1791353286,617480,5,,single
1791353287,618740,2,,single
1791353289,619700,2,,single
1791353290,620590,15,,single
1791353292,621060,78,,single
1791353293,623940,9,,single
1791353295,626610,7,,single
1791353297,628070,827,,single
1791353298,629730,286,,single
1791353300,631570,1,,single
1791353301,633060,5,,single
1791353302,633460,6,,single
1791353304,635320,2,,single
1791353306,636450,2,,single
1791353307,638230,47,,single
1791353309,639490,21,,single
1791353310,641080,17,,single
1791353312,641990,251,,single
1791353313,644390,13,,single
1791353315,645790,1,,single
1791353316,646910,313,,single
1791353318,648350,122,,single
1791353319,648580,45,,single
1791353321,653530,240,,single
1791353322,656350,50,,single
1791353324,658700,7,,single
1791353326,660880,3,,single
1791353327,663390,36,,single
1791353328,666140,290,,single
1791353330,666570,16,,single
1791353331,667600,19,,single
1791353333,668210,0,,single
1791353335,671440,13,,single
1791353336,671860,144,,single
1791353338,673610,92,,single
1791353339,673950,253,,single
1791353341,674930,9,,single
1791353342,675260,31,,single
1791353344,677620,7,,single
1791353345,678960,296,,single
1791353347,680360,2,,single
1791353348,682130,19,,single
1791353350,688420,121,,single
1791353351,690790,360,,single
1791353352,694280,279,,single
1791353354,697550,0,,single
1791353356,699170,45,,single
1791353357,702320,454,,single
1791353359,704450,464,,single
1791353360,705120,4,,single
1791353362,711540,9,,single
1791353363,712730,9,,single
1791353365,716710,1,,single
1791353366,719750,0,,single
1791353368,720560,22,,single
1791353369,722730,20,,single
1791353371,725480,4,,single
1791353372,726830,1,,single
1791353374,728740,40,,single
1791353375,729040,350,,single
1791353377,731490,167,,single
1791353378,732430,5,,single
1791353380,733990,3,,single
1791353381,735290,2,,single
1791353383,736190,446,,single
1791353384,738060,34,,single
1791353386,741510,3,,single
1791353387,743130,2,,single
1791353389,746580,5,,single
1791353390,747660,168,,single
1791353392,748490,33,,single
1791353393,752590,257,,single
1791353395,753660,8,,single
1791353396,755500,10,,single
1791353398,757210,32,,single
1791353399,757480,1,,single
1791353401,758370,65,,single
1791353402,758990,15,,single
1791353404,760650,9,,single
1791353405,761830,52,,single
1791353407,762830,1,,single
1791353408,765810,7,,single
1791353410,767390,2,,single
1791353411,770810,70,,single
1791353413,773790,67,,single
1791353414,774791,6,,single
1791353416,776490,5,,single
1791353418,780310,661,,single
1791353419,783770,0,,single
1791353421,784950,262,,single
1791353422,785890,3,,single
1791353424,789660,5,,single
1791353425,790820,69,,single
1791353428,792100,13,,single
1791353430,792710,5,,single
1791353431,794800,37,,single
1791353433,795630,51,,single
1791353434,797430,88,,single
1791353436,798490,13,,single
1791353437,799600,208,,single
1791353439,801480,14,,single
1791353440,803050,15,,single
1791353442,804700,15,,single
1791353443,807120,26,,single
1791353445,809230,68,,single
1791353446,812040,3,,single
1791353448,813630,43,,single
1791353449,814000,22,,single
1791353451,815780,4,,single
1791353452,816350,0,,single
1791353454,818320,36,,single
1791353455,821250,224,,single
1791353457,823500,16,,single
1791353458,824550,36,,single
1791353460,828740,36,,single
1791353461,829660,39,,single
1791353463,834280,2,,single
1791353464,835860,1,,single
1791353466,838310,4,,single
1791353467,839910,4,,single
1791353469,840800,1,,single
1791353470,842180,15,,single
1791353472,843380,359,,single
1791353473,844260,0,,single
1791353475,845880,7,,single
1791353476,846110,16,,single
1791353478,847370,31,,single
1791353479,848480,106,,single
1791353481,852220,2,,single
1791353483,853770,6,,single
1791353484,855860,22,,single
1791353486,858760,8,,single
1791353487,860510,258,,single
1791353489,861250,5,,single
1791353490,864060,3,,single
1791353492,865610,1,,single
1791353493,866800,28,,single
1791353495,868360,299,,single
1791353496,871720,51,,single
1791353498,873940,9,,single
1791353499,876650,33,,single
1791353501,880940,994,,single
1791353502,881320,2,,single
1791353504,884260,0,,single
1791353505,885970,617,,single
1791353507,890720,1,,single
1791353508,893520,1,,single
1791353510,895400,302,,single
1791353511,896520,10,,single
1791353513,898750,127,,single
1791353514,900270,11,,single
1791353516,908100,2,,single
1791353518,913550,40,,single
1791353519,914800,30,,single
1791353521,915600,4,,single
1791353522,917150,4,,single
1791353524,920490,515,,single
1791353525,925570,0,,single
1791353527,928600,14,,single
1791353528,936720,19,,single
1791353530,937310,158,,single
1791353531,939100,2,,single
1791353533,940680,1,,single
1791353534,942970,208,,single
1791353536,946050,200,,single
1791353537,949290,20,,single
1791353539,950180,0,,single
1791353540,952290,1,,single
1791353542,953880,9,,single
1791353543,956030,10,,single
1791353545,960170,493,,single
1791353547,961200,889,,single
1791353549,962730,46,,single
1791353550,964350,0,,single
1791353552,965200,51,,single
1791353553,965680,41,,single
1791353555,966330,3,,single
1791353556,968250,13,,single
1791353558,972660,978,,single
1791353559,973810,7,,single
1791353561,976890,5,,single
1791353562,978300,99,,single
1791353564,978780,129,,single
1791353565,979120,46,,single
1791353567,980300,4,,single
1791353568,981890,1,,single
1791353570,982720,1,,single
1791353571,986130,155,,single
1791353573,988910,6,,single
1791353574,993090,4715,,single
1791353576,995980,15,,single
1791353577,997010,180,,single
1791353579,998740,25,,single
1791353581,1003090,2,,single
1791353582,1004750,59,,single
1791353584,1007040,211,,single
1791353585,1010750,7,,single
1791353587,1011190,4,,single
1791353588,1012790,18,,single
1791353590,1013140,5,,single
1791353591,1016920,87,,single
1791353593,1018160,8,,single
1791353594,1019310,0,,single
1791353595,1021100,4,,single
1791353597,1022310,75,,single
1791353598,1024650,22,,single
1791353600,1026820,7,,single
1791353602,1028630,40,,single
1791353603,1031140,1,,single
1791353605,1036240,23,,single
1791353606,1038250,22,,single
1791353608,1039880,2,,single
1791353609,1042550,511,,single
1791353611,1044720,1136,,single
1791353612,1046930,668,,single
1791353614,1049410,70,,single
1791353615,1052990,24,,single
1791353617,1054510,166,,single
1791353618,1057700,1,,single
1791353619,1058450,9,,single
1791353621,1058770,32,,single
1791353622,1059980,0,,single
1791353624,1061180,0,,single
1791353625,1062110,5,,single
1791353627,1062830,5,,single
1791353628,1064460,3,,single
1791353630,1066260,0,,single
1791353632,1067540,7,,single
1791353633,1069160,14,,single
1791353635,1069660,270,,single
1791353636,1070330,11,,single
1791353638,1071130,2,,single
1791353639,1072420,253,,single
1791353641,1073910,11,,single
1791353642,1076160,66,,single
1791353644,1078420,1,,single
1791353645,1078920,2,,single
1791353647,1080110,50,,single
1791353648,1082180,16,,single
1791353650,1084640,2,,single
1791353651,1085660,20816,,single
1791353652,1087760,3,,single
1791353654,1089090,266,,single
1791353656,1091920,2,,single
1791353657,1094000,1,,single
1791353659,1096530,543,,single
1791353660,1097150,258,,single
1791353662,1098340,4,,single
1791353663,1100260,23,,single
1791353665,1100990,30,,single
1791353666,1102130,5,,single
1791353668,1106840,210,,single
1791353669,1109570,19,,single
1791353671,1111460,4,,single
1791353672,1114150,305,,single
1791353674,1115640,4,,single
1791353675,1118920,2,,single
1791353677,1120480,0,,single
1791353678,1122050,0,,single
1791353680,1122720,4,,single
1791353681,1124180,65,,single
1791353683,1127610,1,,single
1791353684,1129220,1,,single
1791353686,1130410,3,,single
1791353687,1134100,5,,single
1791353689,1135230,75,,single
1791353691,1137460,1,,single
1791353692,1138190,159,,single
1791353694,1139800,1,,single
1791353695,1139980,410,,single
1791353697,1140620,5,,single
1791353698,1142500,7,,single
1791353700,1144170,124,,single
1791353701,1146310,1,,single
1791353703,1147690,2650,,single
1791353704,1148650,11,,single
1791353705,1149620,180,,single
1791353707,1150950,0,,single
1791353708,1151640,256,,single
1791353710,1153640,15,,single
1791353711,1154840,36,,single
1791353713,1156990,28,,single
1791353714,1158310,15123,,single
1791353716,1158940,2,,single
1791353718,1160220,4,,single
1791353720,1161490,15,,single
1791353721,1162130,1,,single
1791353723,1164050,4,,single
1791353724,1166290,23,,single
1791353726,1167630,1281,,single
1791353727,1170060,1,,single
1791353729,1172470,85557,,single
1791353731,1173010,21,,single
1791353733,1173790,46,,single
1791353734,1173820,111,,single
1791353736,1176470,447,,single
1791353737,1178220,4,,single
1791353739,1180660,22,,single
1791353740,1182110,25,,single
1791353742,1182900,168,,single
1791353743,1186640,8,,single
1791353745,1188930,254,,single
1791353746,1190170,0,,single
1791353748,1191580,3,,single
1791353749,1194630,23,,single
1791353751,1195460,6,,single
1791353752,1197260,625,,single
1791353754,1199030,48,,single
1791353755,1201270,20,,single
1791353757,1202200,18,,single
1791353758,1203220,26371,,single
1791353760,1204050,82,,single
1791353762,1205520,44,,single
1791353763,1206560,1298,,single
1791353765,1210030,0,,single
1791353766,1211600,150,,single
1791353768,1214360,0,,single
1791353769,1216320,48,,single
1791353771,1218900,3,,single
1791353772,1221250,4,,single
1791353774,1222680,1309,,single
1791353775,1224290,10,,single
1791353777,1227530,23,,single
1791353778,1229240,137,,single
1791353780,1230170,3,,single
1791353781,1232580,25,,single
1791353783,1233570,420,,single
1791353784,1236720,89,,single
1791353786,1238080,30,,single
1791353787,1239080,414,,single
1791353789,1239690,3,,single
1791353790,1241950,6,,single
1791353792,1244090,149,,single
1791353793,1244800,50,,single
1791353795,1248130,1957,,single
1791353796,1250410,1734,,single
1791353798,1252830,5,,single
1791353799,1257360,6,,single
1791353801,1259420,1135,,single
1791353802,1260320,5824,,single
1791353804,1262240,107,,single
1791353805,1262540,113,,single
1791353807,1262600,49,,single
1791353808,1264250,27,,single
1791353810,1265860,17,,single
1791353811,1267470,4,,single
1791353813,1268960,1,,single
1791353814,1271280,4,,single
1791353816,1272160,119,,single
1791353818,1273400,1766,,single
1791353819,1274600,36,,single
1791353821,1278480,65,,single
1791353822,1281590,37,,single
1791353824,1282410,9,,single
1791353825,1283400,32,,single
1791353827,1284240,1,,single
1791353828,1286320,11,,single
1791353830,1286680,207,,single
1791353831,1288320,148,,single
1791353833,1289810,74,,single
1791353834,1291340,20,,single
1791353836,1292630,22,,single
1791353837,1294420,1,,single
1791353839,1294810,11,,single
1791353840,1295920,42,,single
1791353842,1297300,2,,single
1791353843,1301720,10,,single
1791353845,1304930,36231,,single
1791353846,1307890,93,,single
1791353848,1310330,2,,single
1791353849,1313140,1616,,single
1791353851,1316680,7,,single
1791353853,1319460,3,,single
1791353854,1324130,347,,single
1791353856,1328350,7,,single
1791353857,1329510,4,,single
1791353859,1330470,30,,single
1791353860,1331550,1165,,single
1791353862,1334730,1,,single
1791353863,1335790,39,,single
1791353865,1336560,0,,single
1791353866,1337760,52,,single
1791353868,1338580,6,,single
1791353869,1339000,6,,single
1791353871,1341290,198,,single
1791353872,1342890,0,,single
1791353874,1343400,1238,,single
1791353875,1345890,6,,single
1791353877,1347550,1,,single
1791353878,1348300,20,,single
1791353880,1351080,122,,single
1791353881,1352850,5,,single
1791353883,1356670,38,,single
1791353884,1357870,2,,single
1791353886,1360000,54,,single
1791353887,1361000,6,,single
1791353889,1363080,2792,,single
1791353890,1364100,9,,single
1791353892,1364390,216,,single
1791353893,1366800,23025,,single
1791353895,1368030,5,,single
1791353896,1369760,19,,single
1791353898,1372280,72,,single
1791353899,1372810,23,,single
1791353901,1375400,4,,single
1791353902,1377150,21,,single
1791353904,1377450,9,,single
1791353905,1380910,14,,single
1791353907,1384770,1,,single
1791353908,1386900,2,,single
1791353910,1389630,0,,single
1791353911,1390410,12,,single
1791353913,1393750,1,,single
1791353914,1397390,2,,single
1791353916,1401590,2549,,single
1791353917,1404850,125,,single
1791353918,1408230,12,,single
1791353920,1410640,9,,single
1791353921,1413480,119,,single
1791353923,1414850,1,,single
1791353925,1416260,45,,single
1791353926,1418630,840,,single
1791353928,1420350,6,,single
1791353929,1421790,9,,single
1791353931,1423330,4,,single
1791353932,1426450,74,,single
1791353934,1430680,7,,single
1791353935,1432860,486,,single
1791353937,1435670,7,,single
1791353939,1436990,2,,single
1791353940,1437830,556,,single
1791353942,1442430,135,,single
1791353943,1445790,12,,single
1791353945,1448030,1,,single
1791353946,1449280,17,,single
1791353948,1450830,9,,single
1791353949,1451480,6,,single
1791353951,1454400,8774,,single
1791353952,1455840,206,,single
1791353954,1456940,0,,single
1791353955,1461600,0,,single
1791353957,1462570,4,,single
1791353958,1465360,2158,,single
1791353960,1466860,6369,,single
1791353961,1468720,58,,single
1791353963,1472660,14,,single
1791353964,1476970,10208,,single
1791353966,1477830,908,,single
1791353967,1481170,44,,single
1791353969,1483870,220,,single
1791353970,1485590,3,,single
1791353972,1487270,6,,single
1791353973,1491340,14,,single
1791353975,1494440,0,,single
1791353976,1497640,0,,single
1791353978,1502190,4,,single
1791353979,1507190,12,,single
1791353981,1509960,77,,single
1791353982,1511630,52,,single
1791353984,1514930,0,,single
1791353985,1519350,14,,single
1791353987,1522820,117,,single
1791353988,1526490,102,,single
1791353990,1532200,32,,single
1791353991,1536070,72,,single
1791353993,1538970,1,,single
1791353994,1540960,145,,single
1791353996,1545450,17,,single
1791353998,1546320,2570,,single
1791353999,1547890,43,,single
1791354000,1552550,153,,single
1791354002,1555710,0,,single
1791354004,1556980,0,,single
1791354005,1558830,2,,single
1791354007,1562430,390,,single
1791354008,1566690,78,,single
1791354010,1569040,737,,single
1791354011,1569580,564,,single
1791354013,1570330,0,,single
1791354014,1574260,16,,single
1791354016,1574820,126,,single
1791354018,1575940,394,,single
1791354019,1578650,29,,single
1791354021,1580240,115,,single
1791354022,1582650,15,,single
1791354024,1585220,24,,single
1791354025,1589120,6,,single
1791354027,1591420,21,,single
1791354030,1592290,1,,single
1791354031,1594320,1410,,single
1791354033,1598160,0,,single
1791354034,1599600,2585,,single
1791354036,1601580,447,,single
1791354037,1603180,10,,single
1791354039,1604030,2277,,single
1791354040,1606340,206,,single
1791354042,1608230,33,,single
1791354043,1608700,1,,single
1791354045,1611410,95,,single
1791354046,1611910,118,,single
1791354048,1615290,25,,single
1791354049,1621070,55,,single
1791354051,1622770,12,,single
1791354052,1625080,2,,single
1791354054,1628130,0,,single
1791354055,1631470,12,,single
1791354057,1637320,419,,single
1791354058,1638230,42,,single
1791354060,1645820,700,,single
1791354062,1649010,13,,single
1791354063,1650010,122,,single
1791354064,1652250,43,,single
1791354066,1658040,46,,single
1791354068,1659420,884,,single
1791354069,1663040,27,,single
1791354071,1665460,8517,,single
1791354072,1669000,1316,,single
1791354074,1672970,1747,,single
1791354075,1676130,2,,single
1791354076,1677310,72,,single
1791354078,1681430,137,,single
1791354079,1682970,473,,single
1791354081,1689620,68,,single
1791354082,1694420,206,,single
1791354084,1697700,13,,single
1791354085,1700870,152,,single
1791354087,1703340,127,,single
1791354088,1708520,18,,single
1791354090,1711610,1,,single
1791354091,1715280,12,,single
1791354093,1718870,76,,single
1791354094,1726190,3,,single
1791354096,1730700,5,,single
1791354097,1735700,388,,single
1791354099,1739010,21,,single
1791354100,1746030,156,,single
1791354102,1750570,1,,single
1791354104,1755830,30,,single
1791354106,1761620,0,,single
1791354107,1766740,47,,single
1791354109,1769420,32,,single
1791354110,1777760,10,,single
1791354112,1782330,2,,single
1791354113,1787090,1898,,single
1791354115,1792250,21,,single
1791354116,1796790,113,,single
1791354118,1801520,9,,single
1791354119,1809540,760,,single
1791354121,1811950,42,,single
1791354122,1812370,30,,single
1791354124,1816300,20,,single
1791354125,1817800,44,,single
1791354127,1822910,2,,single
1791354128,1830970,29,,single
1791354130,1835240,8,,single
1791354131,1839430,116,,single
1791354133,1839940,9,,single
1791354135,1843940,52,,single
1791354136,1846380,544,,single
1791354138,1849250,80,,single
1791354139,1850480,0,,single
1791354141,1853200,10,,single
1791354142,1860510,61,,single
1791354144,1865060,119,,single
1791354145,1871990,0,,single
1791354147,1874880,4345,,single
1791354148,1879380,16,,single
1791354150,1881610,24,,single
1791354151,1885110,7,,single
1791354153,1887840,115,,single
1791354154,1889640,0,,single
1791354156,1893810,15,,single
1791354157,1895300,40,,single
1791354159,1899060,28,,single
1791354160,1902960,11,,single
1791354162,1907590,4,,single
1791354163,1911390,5,,single
1791354165,1913370,440,,single
1791354166,1920480,15,,single
1791354168,1924490,0,,single
1791354169,1931730,9,,single
1791354171,1932640,160,,single
1791354172,1934680,1150,,single
1791354174,1939160,34,,single
1791354175,1943950,3232,,single
1791354177,1946550,1,,single
1791354178,1949960,0,,single
1791354180,1953520,158,,single
1791354181,1955330,3,,single
1791354183,1957780,63,,single
1791354184,1963570,13,,single
1791354186,1967510,9,,single
1791354187,1970580,110,,single
1791354189,1972440,52,,single
1791354190,1978590,19,,single
1791354192,1981570,13,,single
1791354193,1988550,24,,single
1791354195,1999170,11,,single
1791354196,2008920,32,,single
1791354198,2013240,55,,single
1791354199,2015240,12,,single
1791354201,2021880,13,,single
1791354202,2026820,89,,single
1791354204,2055050,83,,single
1791354205,2058190,274,,single
1791354207,2060130,12,,single
1791354209,2064650,74,,single
1791354210,2067050,30,,single
1791354212,2068280,40,,single
1791354213,2069900,0,,single
1791354215,2075070,12,,single
1791354216,2078450,3,,single
1791354218,2085360,0,,single
1791354219,2089600,60,,single
1791354221,2096600,50,,single
1791354222,2099110,19,,single
1791354224,2104890,466,,single
1791354225,2109370,21,,single
1791354227,2114740,427,,single
1791354228,2119740,0,,single
1791354230,2124420,0,,single
1791354231,2131630,80,,single
1791354233,2134770,12,,single
1791354234,2140330,58,,single
1791354236,2144740,57,,single
1791354237,2160220,9,,single
1791354239,2166060,8,,single
1791354240,2171630,10,,single
1791354242,2180340,5,,single
1791354243,2181930,5,,single
1791354245,2183900,16325,,single
1791354246,2186680,3523,,single
1791354248,2194530,361,,single
1791354249,2195410,12,,single
1791354251,2205850,92,,single
1791354252,2207490,39,,single
1791354254,2211170,81,,single
1791354255,2216130,53,,single
1791354257,2221490,5075,,single
1791354258,2230650,49,,single
1791354260,2233120,12,,single
1791354261,2238900,77,,single
1791354263,2244130,173,,single
1791354264,2252570,8203,,single
1791354266,2271930,68,,single
1791354267,2272900,12,,single
1791354269,2273980,89,,single
1791354270,2281410,77,,single
1791354272,2289650,97,,single
1791354273,2291340,18,,single
1791354275,2296990,25,,single
1791354276,2302140,4,,single
1791354278,2304990,2,,single
1791354279,2314720,3,,single
1791354281,2322010,1381,,single
1791354282,2328750,36,,single
1791354284,2334730,85,,single
1791354286,2344320,1,,single
1791354287,2353250,15,,single
1791354289,2357000,12,,single
1791354290,2366970,7,,single
1791354292,2378900,190,,single
1791354293,2380050,26,,single
1791354295,2384580,1691,,single
1791354296,2399160,32,,single
1791354298,2400340,2,,single
1791354299,2401970,249,,single
1791354301,2418520,917,,single
1791354302,2420660,46,,single
1791354304,2431660,2,,single
1791354305,2441270,10,,single
1791354307,2455640,830,,single
1791354308,2475490,50,,single
1791354310,2479810,1427,,single
1791354311,2488370,388,,single
1791354313,2499470,16,,single
1791354314,2506160,15,,single
1791354316,2512560,0,,single
1791354318,2521180,0,,single
1791354319,2525310,80,,single
1791354321,2533960,10,,single
1791354322,2543180,45,,single
1791354324,2552450,491,,single
1791354326,2559270,3,,single
1791354328,2575900,3,,single
1791354330,2591280,480,,single
1791354332,2595860,2,,single
1791354333,2608270,93,,single
1791354335,2629330,0,,single
1791354336,2638370,10,,single
1791354338,2649080,11,,single
1791354339,2653790,20,,single
1791354341,2658450,20,,single
1791354342,2669320,1599,,single
1791354344,2674590,35,,single
1791354345,2677660,197,,single
1791354347,2685620,4,,single
1791354348,2688950,775,,single
1791354350,2694420,5,,single
1791354351,2698780,161,,single
1791354353,2707940,75,,single
1791354354,2716400,71,,single
1791354356,2719290,52,,single
1791354357,2742830,891,,single
1791354359,2772750,242,,single
1791354361,2784470,622,,single
1791354362,2798600,0,,single
1791354364,2824660,1,,single
1791354365,2827230,22,,single
1791354367,2849080,1170,,single
1791354368,2865490,3,,single
1791354370,2878980,2175,,single
1791354371,2890830,38,,single
1791354373,2916430,125,,single
1791354374,2928520,33,,single
1791354376,2956820,5,,single
1791354377,2963880,9,,single
1791354379,2976720,20,,single
1791354380,3017860,519,,single
1791354382,3024540,2,,single
1791354383,3035570,337,,single
1791354385,3061810,166,,single
1791354386,3107800,2,,single
1791354388,3121110,34,,single
1791354389,3132990,27,,single
1791354391,3156770,305,,single
1791354392,3170540,21,,single
1791354394,3188550,20,,single
1791354395,3226530,272,,single
1791354397,3244220,74,,single
1791354398,3292260,5,,single
1791354400,3402530,54,,single
1791354401,3463050,0,,single
1791354403,1546970,156,,single
1791354404,292030,46088,,single
1791354406,1900,8,,single
1791354407,2290,0,,single
1791354409,2500,0,,single
1791354411,2870,10,,single
1791354412,3710,4,,single
1791354414,4720,6,,single
1791354415,6040,2,,single
1791354417,6300,0,,single
1791354418,6510,0,,single
1791354420,6880,5,,single
1791354421,7510,6,,single
1791354423,7650,6,,single
1791354424,9160,0,,single
1791354426,9940,0,,single
1791354427,11280,0,,single
1791354429,12150,41,,single
1791354430,13140,0,,single
1791354432,13560,29,,single
1791354433,15170,101,,single
1791354435,15370,124,,single
1791354436,15740,4,,single
1791354438,17300,3,,single
1791354439,18040,2,,single
1791354441,19800,1,,single
1791354442,19980,7,,single
1791354444,20900,383,,single
1791354446,21120,5,,single
1791354447,21780,2,,single
1791354449,22120,3,,single
1791354451,22310,2,,single
1791354452,22450,3,,single
1791354454,23310,14,,single
1791354455,24800,272,,single
1791354457,24880,41,,single
1791354458,26500,0,,single
1791354460,29800,0,,single
1791354461,32340,0,,single
1791354463,32500,14,,single
1791354464,34270,35,,single
1791354466,37600,0,,single
1791354467,39120,94,,single
1791354469,39500,78,,single
1791354470,40990,26,,single
1791354472,42170,0,,single
1791354473,43000,0,,single
1791354475,45750,1,,single
1791354476,47400,8,,single
1791354478,47800,3,,single
1791354479,48220,59,,single
1791354481,49470,4,,single
1791354482,55040,0,,single
1791354484,57650,3,,single
1791354485,57900,20,,single
1791354487,63500,3,,single
1791354488,63940,6,,single
1791354490,65930,7,,single
1791354491,70420,0,,single
1791354493,73020,4,,single
1791354495,92000,1,,single
1791354496,93200,4,,single
1791354498,97100,1,,single
1791354499,102500,9,,single
1791354501,105800,0,,single
1791354502,111800,0,,single
1791354504,113420,1,,single
1791354505,200910,0,,single
1791354507,201420,0,,single
1791354508,202310,4,,single
1791354510,203210,1,,single
1791354511,203810,0,,single
1791354513,204180,0,,single
1791354514,205710,153,,single
1791354516,205990,9,,single
1791354517,208520,8,,single
1791354519,208750,2,,single
1791354520,209120,2,,single
1791354522,209870,0,,single
1791354523,210970,388,,single
1791354525,211500,200,,single
1791354526,212160,74,,single
1791354528,212630,30,,single
1791354529,214360,2,,single
1791354531,215080,26,,single
1791354532,215510,2,,single
1791354534,215790,5,,single
1791354535,216150,12757,,single
1791354537,217100,2,,single
1791354538,217750,21,,single
1791354540,218090,3,,single
1791354541,218640,8,,single
1791354543,219830,0,,single
1791354544,220460,0,,single
1791354546,220820,9,,single
1791354547,221180,7,,single
1791354549,222640,0,,single
1791354550,223100,33,,single
1791354552,224500,6,,single
1791354553,224860,0,,single
1791354555,225160,3,,single
1791354557,225420,9,,single
1791354558,225640,16,,single
1791354560,226580,3,,single
1791354561,227180,0,,single
1791354563,227940,5,,single
1791354564,230700,11,,single
1791354566,231060,1,,single
1791354567,231740,2,,single
1791354569,232430,0,,single
1791354570,233290,9,,single
1791354572,233720,16,,single
1791354573,234190,2,,single
1791354575,235250,0,,single
1791354576,235600,62,,single
1791354578,236510,0,,single
1791354579,236930,1,,single
1791354581,237890,9,,single
1791354582,238280,1,,single
1791354584,238430,12,,single
1791354585,239070,5,,single
1791354587,239840,3,,single
1791354588,240720,278,,single
1791354590,241540,3,,single
1791354591,242720,2,,single
1791354593,243040,1,,single
1791354594,243200,34,,single
1791354596,243930,2,,single
1791354597,244770,5,,single
1791354599,245280,3,,single
1791354601,245490,13,,single
1791354602,246110,5,,single
1791354604,247950,0,,single
1791354605,249230,22,,single
1791354607,249650,18,,single
1791354608,250400,10,,single
1791354610,250580,0,,single
1791354611,250700,0,,single
1791354613,251430,1,,single
1791354614,251870,2,,single
1791354616,252350,3,,single
1791354617,252490,52734,,single
1791354619,253190,0,,single
1791354621,253650,0,,single
1791354622,254060,3,,single
1791354624,255220,4,,single
1791354625,255390,3,,single
1791354627,256190,2,,single
1791354628,257400,8,,single
1791354631,257710,1,,single
1791354633,258520,1,,single
1791354635,259570,0,,single
1791354636,260410,0,,single
1791354638,261700,0,,single
1791354639,262150,0,,single
1791354641,262470,1,,single
1791354642,263020,0,,single
1791354644,263560,0,,single
1791354645,264160,6,,single
1791354647,265330,22,,single
1791354648,265690,2,,single
1791354650,266130,0,,single
1791354651,268050,191,,single
1791354653,269110,3,,single
1791354654,269250,3,,single
1791354656,269650,2,,single
1791354657,269790,6,,single
1791354659,270630,14,,single
1791354660,271240,21,,single
1791354662,271670,0,,single
1791354663,272060,9,,single
1791354665,273350,3,,single
1791354666,274290,1,,single
1791354668,274560,0,,single
1791354669,275490,0,,single
1791354671,277450,9,,single
1791354672,278910,1,,single
1791354674,280520,0,,single
1791354675,280790,11,,single
1791354677,281940,0,,single
1791354678,282210,15,,single
1791354680,282760,0,,single
1791354681,283640,99,,single
1791354683,284240,0,,single
1791354684,284950,1,,single
1791354686,286000,5,,single
1791354687,287020,3,,single
1791354689,287580,2,,single
1791354690,288140,5,,single
1791354692,289690,2,,single
1791354693,290510,0,,single
1791354695,291550,5045,,single
1791354696,292140,45,,single
1791354698,293220,1,,single
1791354700,293680,0,,single
1791354701,294660,17,,single
1791354703,296070,0,,single
1791354704,296770,0,,single
1791354706,297000,925,,single
1791354707,297130,14,,single
1791354709,298180,1,,single
1791354710,298630,43,,single
1791354712,299740,37,,single
1791354713,300820,4,,single
1791354715,301280,1,,single
1791354716,302080,4,,single
1791354718,302590,0,,single
1791354719,303390,5,,single
1791354721,303800,0,,single
1791354722,304730,9,,single
1791354724,305380,1,,single
1791354725,307050,0,,single
1791354727,308040,1,,single
1791354728,310890,0,,single
1791354730,311190,3,,single
1791354731,311730,44,,single
1791354733,312200,16,,single
1791354734,312560,9,,single
1791354736,312780,20,,single
1791354737,313020,0,,single
1791354739,313740,1,,single
1791354740,314020,0,,single
1791354742,314450,1,,single
1791354743,314790,0,,single
1791354745,315430,0,,single
1791354746,317250,1,,single
1791354748,317620,4,,single
1791354750,318230,2,,single
1791354751,318970,3,,single
1791354753,663090,317,,single
1791354754,320820,0,,single
1791354756,321480,1,,single
1791354757,322520,19,,single
1791354759,324510,7,,single
1791354760,324810,36,,single
1791354762,326160,33,,single
1791354763,327070,206,,single
1791354765,327670,1,,single
1791354766,329130,16,,single
1791354768,329490,1,,single
1791354769,330070,7,,single
1791354771,330840,2,,single
1791354772,331470,139,,single
1791354774,332200,6,,single
1791354775,333950,7,,single
1791354777,334120,1,,single
1791354778,335070,25,,single
1791354780,336130,1,,single
1791354781,337950,0,,single
1791354783,338540,0,,single
1791354784,339340,179,,single
1791354786,339800,155,,single
1791354788,340150,0,,single
1791354789,340730,1,,single
1791354791,342180,4,,single
1791354792,342940,171,,single
1791354794,343710,2,,single
1791354795,344760,10,,single
1791354797,345240,64,,single
1791354798,345350,37,,single
1791354800,345610,6,,single
1791354801,345890,5,,single
1791354803,346850,12,,single
1791354804,347560,0,,single
1791354806,347800,2,,single
1791354807,348470,7,,single
1791354809,349720,0,,single
1791354810,350640,9,,single
1791354812,351030,44,,single
1791354813,351290,0,,single
1791354815,351920,7,,single
1791354816,353270,6,,single
1791354818,353560,0,,single
1791354819,354380,7,,single
1791354821,355250,3,,single
1791354822,356040,51,,single
1791354824,356310,2,,single
1791354825,357300,1,,single
1791354827,357900,0,,single
1791354828,359100,1,,single
1791354830,359800,2,,single
1791354831,360170,15,,single
1791354833,360870,0,,single
1791354834,362490,44,,single
1791354836,363360,1,,single
1791354838,363860,0,,single
1791354839,364470,2,,single
1791354841,365960,102,,single
1791354842,366250,13,,single
1791354844,367120,1,,single
1791354845,368070,109,,single
1791354847,368430,1,,single
1791354848,368950,1,,single
1791354850,369530,0,,single
1791354851,371180,0,,single
1791354853,371660,402,,single
1791354854,374030,1,,single
1791354856,375510,1,,single
1791354857,376520,0,,single
1791354859,377300,22,,single
1791354860,378360,12,,single
1791354862,378760,115,,single
1791354863,379980,0,,single
1791354865,381210,36099,,single
1791354866,382890,3,,single
1791354868,383150,201,,single
1791354869,383580,0,,single
1791354871,384490,1,,single
1791354872,385370,1,,single
1791354874,385760,39,,single
1791354875,387340,2,,single
1791354877,387990,1169,,single
1791354878,389430,1530,,single
1791354880,390290,5,,single
1791354881,390720,0,,single
1791354883,391460,0,,single
1791354884,393080,38,,single
1791354886,393520,4,,single
1791354888,394310,39,,single
1791354889,395520,0,,single
1791354891,397100,0,,single
1791354892,397900,176,,single
1791354894,400040,2159,,single
1791354895,400160,0,,single
1791354897,400740,20,,single
1791354898,401190,0,,single
1791354900,402180,4,,single
1791354901,402430,2,,single
1791354903,402840,139,,single
1791354904,404590,0,,single
1791354906,405500,0,,single
1791354907,408120,0,,single
1791354909,408990,1,,single
1791354910,409670,0,,single
1791354912,410670,0,,single
1791354913,411000,3,,single
1791354915,411830,4,,single
1791354916,412450,0,,single
1791354919,414700,197,,single
1791354920,415600,35,,single
1791354922,416600,10,,single
1791354923,417290,6,,single
1791354925,419460,1,,single
1791354926,420790,66,,single
1791354928,421670,0,,single
1791354931,422910,13,,single
1791354932,423880,1,,single
1791354934,426000,34,,single
1791354935,427190,22,,single
1791354937,427510,13,,single
1791354938,427940,1,,single
1791354940,429180,2,,single
1791354941,429660,29,,single
1791354943,431940,1,,single
1791354944,432350,59,,single
1791354946,433280,9,,single
1791354947,433850,39,,single
1791354949,434420,0,,single
1791354950,434650,279,,single
1791354952,435300,1,,single
1791354953,436500,1,,single
1791354955,437220,0,,single
1791354956,438490,25,,single
1791354958,439340,0,,single
1791354959,440650,24,,single
1791354961,441790,1,,single
1791354962,442070,7,,single
1791354964,442780,0,,single
1791354965,443810,39,,single
1791354967,444940,26,,single
1791354968,446020,12,,single
1791354970,448370,1,,single
1791354972,449800,7,,single
1791354973,451760,5,,single
1791354975,452490,1,,single
1791354976,453890,0,,single
1791354978,455120,2,,single
1791354979,457330,1,,single
1791354981,459820,731,,single
1791354982,460700,1,,single
1791354984,461040,16,,single
1791354985,461840,0,,single
1791354987,462780,106,,single
1791354988,463150,0,,single
1791354990,464340,9,,single
1791354991,465200,13,,single
1791354993,465650,5,,single
1791354994,466130,45,,single
1791354996,467360,0,,single
1791354997,469610,4,,single
1791354999,469920,15,,single
1791355000,471550,20,,single
1791355002,473690,21,,single
1791355003,476650,6,,single
1791355005,484900,9,,single
1791355006,485450,1,,single
1791355008,486780,2,,single
1791355009,487220,1,,single
1791355011,488440,0,,single
1791355012,489940,0,,single
1791355014,493200,1,,single
1791355015,493520,343,,single
1791355017,495050,22,,single
1791355018,496240,4,,single
1791355020,496620,3,,single
1791355021,499890,2,,single
1791355023,502280,9,,single
1791355025,502820,0,,single
1791355026,503580,0,,single
1791355028,504130,4,,single
1791355029,505630,1,,single
1791355031,505740,3,,single
1791355032,509220,0,,single
1791355034,510490,0,,single
1791355035,511740,2,,single
1791355037,513000,47,,single
1791355038,513560,0,,single
1791355040,514900,2,,single
1791355041,515220,12,,single
1791355043,518920,2,,single
1791355044,520010,0,,single
1791355046,520950,1,,single
1791355047,522210,7,,single
1791355049,523650,3,,single
1791355050,525480,43,,single
1791355052,526160,10,,single
1791355053,527270,0,,single
1791355055,528550,1,,single
1791355056,529520,2,,single
1791355058,529780,0,,single
1791355059,530630,3,,single
1791355061,532210,114,,single
1791355062,533780,2,,single
1791355064,535480,5,,single
1791355065,536890,1,,single
1791355067,537340,12,,single
1791355068,538070,3,,single
1791355070,541670,14,,single
1791355071,543900,15,,single
1791355073,545540,0,,single
1791355074,546090,11,,single
1791355076,547680,5,,single
1791355078,550470,38,,single
1791355079,551170,294,,single
1791355081,552620,54,,single
1791355082,554510,0,,single
1791355084,555220,11,,single
1791355085,556180,0,,single
1791355087,558420,3,,single
1791355088,559680,3,,single
1791355090,560430,2,,single
1791355091,564230,84,,single
1791355093,566440,6,,single
1791355094,567380,0,,single
1791355096,569610,13,,single
1791355097,571880,4,,single
1791355099,574720,15,,single
1791355100,575640,2,,single
1791355102,578080,326361,,single
1791355103,578900,1,,single
1791355105,580040,0,,single
1791355106,582160,1553,,single
1791355108,585450,5,,single
1791355109,585840,0,,single
1791355111,586350,93,,single
1791355112,587110,10,,single
1791355114,587860,0,,single
1791355115,588430,964,,single
1791355117,589500,2,,single
1791355118,591370,17,,single
1791355120,593640,0,,single
1791355121,595690,13,,single
1791355123,598330,20,,single
1791355124,600750,149,,single
1791355126,601530,1,,single
1791355127,602770,2,,single
1791355129,604500,85,,single
1791355130,606230,13,,single
1791355132,606800,26,,single
1791355133,607260,38,,single
1791355135,609150,17,,single
1791355136,610080,263,,single
1791355138,611790,125,,single
1791355139,612470,18,,single
1791355141,612880,160,,single
1791355142,616560,14,,single
1791355144,617700,2,,single
1791355145,619290,2,,single
1791355147,619880,1,,single
1791355148,621220,2,,single
1791355150,622650,71,,single
1791355151,624970,9,,single
1791355153,626690,30,,single
1791355155,629090,0,,single
1791355156,629760,219,,single
1791355158,630310,0,,single
1791355159,632470,852,,single
1791355161,635730,2,,single
1791355162,637090,673,,single
1791355164,637670,7,,single
1791355165,638650,9,,single
1791355167,639790,0,,single
1791355168,640820,446,,single
1791355170,644570,3,,single
1791355171,645730,8,,single
1791355173,649640,2,,single
1791355174,650220,1,,single
1791355176,651660,3,,single
1791355177,654890,80,,single
1791355179,657200,2,,single
1791355180,658620,28,,single
1791355182,663670,12,,single
1791355183,665180,1,,single
1791355185,667890,34,,single
1791355186,669950,0,,single
1791355188,671510,9,,single
1791355189,672680,150,,single
1791355191,673560,11,,single
1791355192,674750,16,,single
1791355194,677480,0,,single
1791355195,681660,0,,single
1791355197,684450,65,,single
1791355198,685240,2,,single
1791355200,686810,1434,,single
1791355201,688060,7,,single
1791355203,690510,0,,single
1791355204,690830,424,,single
1791355206,692840,0,,single
1791355207,695290,2,,single
1791355209,696370,9,,single
1791355210,698670,46,,single
1791355212,699920,7,,single
1791355213,702050,45,,single
1791355215,703860,7,,single
1791355216,706560,0,,single
1791355219,707030,30,,single
1791355220,711750,8,,single
1791355222,714120,29,,single
1791355223,716500,1,,single
1791355225,718650,10,,single
1791355226,720250,3,,single
1791355228,722230,1,,single
1791355230,723390,4,,single
1791355232,726840,14,,single
1791355234,728530,115,,single
1791355235,730390,2,,single
1791355237,733210,0,,single
1791355238,736820,212,,single
1791355240,738530,0,,single
1791355241,740130,141,,single
1791355243,743450,22,,single
1791355244,744060,0,,single
1791355246,747200,18,,single
1791355247,747360,0,,single
1791355249,751440,1,,single
1791355250,753590,0,,single
1791355252,754530,9,,single
1791355253,755800,109,,single
1791355255,757300,3,,single
1791355256,758480,1,,single
1791355258,762220,1,,single
1791355259,765710,1,,single
1791355261,767560,925,,single
1791355262,768520,11,,single
1791355264,772430,3,,single
1791355265,774171,1143,,single
1791355267,774361,526,,single
1791355268,775940,0,,single
1791355270,778700,21,,single
1791355271,779590,1,,single
1791355273,782250,4,,single
1791355274,787070,1,,single
1791355276,788100,106,,single
1791355277,788690,0,,single
1791355279,790710,68,,single
1791355281,794260,253,,single
1791355282,794860,8,,single
1791355284,798810,0,,single
1791355285,803600,60,,single
1791355287,804490,3,,single
1791355288,808910,9,,single
1791355290,809890,6,,single
1791355291,813540,7,,single
1791355293,814680,0,,single
1791355294,817840,12,,single
1791355296,821890,1,,single
1791355297,824070,0,,single
1791355299,825630,69,,single
1791355300,830370,2,,single
1791355302,833040,5,,single
1791355303,836450,2,,single
1791355305,838380,15,,single
1791355306,841770,1,,single
1791355308,843200,1,,single
1791355309,844930,9,,single
1791355311,849100,5,,single
1791355312,851890,6,,single
1791355314,855740,12,,single
1791355315,859570,3,,single
1791355317,862480,0,,single
1791355318,863550,95,,single
1791355320,867290,1,,single
1791355321,869880,0,,single
1791355323,871980,20,,single
1791355325,877010,2,,single
1791355326,878320,1,,single
1791355328,879510,2,,single
1791355329,882140,9,,single
1791355331,886250,90,,single
1791355332,888790,10,,single
1791355334,889910,3,,single
1791355335,893180,56,,single
1791355337,896890,0,,single
1791355338,898650,0,,single
1791355340,900010,0,,single
1791355341,905640,10,,single
1791355343,909320,1,,single
1791355344,911400,228,,single
1791355346,914620,43,,single
1791355347,915460,1,,single
1791355349,917950,19,,single
1791355350,919640,177,,single
1791355352,921590,8,,single
1791355353,923260,3,,single
1791355355,924970,865,,single
1791355356,927270,0,,single
1791355358,928950,0,,single
1791355359,931280,21,,single
1791355361,933110,2567,,single
1791355362,934780,5,,single
1791355364,938380,40,,single
1791355365,939520,7,,single
1791355367,940910,2,,single
1791355368,944220,90,,single
1791355370,946030,4,,single
1791355371,952040,61,,single
1791355373,952250,0,,single
1791355374,954740,70,,single
1791355376,955900,499,,single
1791355377,957960,2,,single
1791355379,960910,324,,single
1791355380,964650,1,,single
1791355382,968790,29,,single
1791355383,970570,35,,single
1791355385,971030,0,,single
1791355386,977720,1,,single
1791355388,979060,45,,single
1791355389,980940,3,,single
1791355391,984110,0,,single
1791355392,984800,6,,single
1791355394,990050,3,,single
1791355395,991560,4,,single
1791355397,992640,0,,single
1791355398,994220,4,,single
1791355400,996380,2,,single
1791355401,999020,47,,single
1791355403,1000410,2,,single
1791355405,1004240,0,,single
1791355406,1005870,1,,single
1791355408,1011510,100,,single
1791355409,2696480,45,,single
1791355411,1015930,2,,single
1791355412,1016950,48,,single
1791355413,1018020,3,,single
1791355415,1025580,0,,single
1791355417,1026680,144,,single
1791355418,1029690,1169,,single
1791355420,1030830,274,,single
1791355421,1031460,0,,single
1791355423,1034900,1,,single
1791355424,1037020,11,,single
1791355426,1040550,0,,single
1791355427,1041920,1,,single
1791355429,1042780,1,,single
1791355430,1044620,46,,single
1791355432,1046820,3,,single
1791355433,1049320,6,,single
1791355435,1049890,6,,single
1791355436,1056640,34,,single
1791355438,1057640,20,,single
1791355439,1062000,2,,single
1791355441,1063490,2,,single
1791355442,1064340,12,,single
1791355444,1069030,1,,single
1791355445,1070910,19,,single
1791355447,1072500,16,,single
1791355448,1079620,1,,single
1791355450,1084160,1467,,single
1791355451,1086940,28090,,single
1791355453,1088150,18,,single
1791355454,1090630,5,,single
1791355456,1092730,5,,single
1791355457,1096200,0,,single
1791355459,1096710,17,,single
1791355460,1097580,10,,single
1791355462,1099410,151,,single
1791355463,1101450,13,,single
1791355465,1104280,48,,single
1791355467,1105420,359,,single
1791355468,1106340,5,,single
1791355470,1107320,23,,single
1791355471,1108590,9,,single
1791355473,1110910,25,,single
1791355474,1112400,1,,single
1791355476,1113560,181,,single
1791355477,1117090,9,,single
1791355479,1119700,3,,single
1791355480,1121560,16,,single
1791355482,1124260,3,,single
1791355483,1127840,1,,single
1791355485,1128810,1053,,single
1791355486,1130620,4,,single
1791355488,1133120,5,,single
1791355489,1134700,339,,single
1791355491,1136160,21,,single
1791355492,1137300,32,,single
1791355494,1140890,1,,single
1791355495,1142080,3,,single
1791355497,1546920,2,,single
1791355498,1146370,31,,single
1791355500,1147510,0,,single
1791355501,1150440,100,,single
1791355503,1151340,5411,,single
1791355504,1157340,1,,single
1791355506,1159660,1,,single
1791355507,1161830,63,,single
1791355509,1164390,1,,single
1791355510,1167140,9,,single
1791355512,1170950,145,,single
1791355513,1172050,1,,single
1791355515,1173780,55,,single
1791355516,1175830,12,,single
1791355519,1178780,0,,single
1791355520,1179680,79,,single
1791355522,1181400,2,,single
1791355523,1183800,3,,single
1791355525,1184370,1904,,single
1791355526,1186040,2,,single
1791355528,1189630,87,,single
1791355529,1190400,2,,single
1791355531,1194840,2,,single
1791355534,1196310,65,,single
1791355535,1200860,0,,single
1791355537,1203620,3087,,single
1791355538,1206060,2,,single
1791355540,1208600,0,,single
1791355541,1212620,4,,single
1791355543,1214650,18,,single
1791355544,1218280,2,,single
1791355546,1220140,46,,single
1791355547,1222670,14252,,single
1791355549,1224020,3,,single
1791355550,1225570,155,,single
1791355552,1227780,2,,single
1791355553,1229460,1,,single
1791355555,1231990,4,,single
1791355556,1234430,6,,single
1791355558,1235140,398,,single
1791355559,1237980,11,,single
1791355561,1238040,84,,single
1791355562,1238820,63,,single
1791355564,1239520,9,,single
1791355566,1244950,2,,single
1791355567,1249130,1,,single
1791355569,1250650,8,,single
1791355570,1252600,60,,single
1791355572,1253920,174,,single
1791355573,1255560,6,,single
1791355575,1257290,10,,single
1791355576,1259790,90,,single
1791355578,1263070,3,,single
1791355579,1265780,3,,single
1791355581,1266690,3,,single
1791355582,1268590,16,,single
1791355584,1269690,10,,single
1791355585,1271700,27,,single
1791355587,1274570,465,,single
1791355588,1276760,209,,single
1791355590,1277930,72,,single
1791355592,1281270,1,,single
1791355593,1282590,13,,single
1791355595,1283230,3,,single
1791355596,1284820,8,,single
1791355598,1287840,23,,single
1791355599,1290270,4,,single
1791355601,1293160,6,,single
1791355602,1295660,5655,,single
1791355604,1296510,2,,single
1791355605,1298140,2,,single
1791355607,1305080,16,,single
1791355608,1307660,0,,single
1791355610,1311070,2,,single
1791355611,1317020,1,,single
1791355613,1321450,17,,single
1791355614,1324350,0,,single
1791355616,1325860,9230,,single
1791355617,1328990,1,,single
1791355619,1333200,4,,single
1791355620,1334010,0,,single
1791355622,1336180,8,,single
1791355623,1341820,10,,single
1791355625,1346070,0,,single
1791355627,1351240,54,,single
1791355628,1355090,21,,single
1791355630,1358140,0,,single
1791355631,1361680,33,,single
1791355633,1367590,16,,single
1791355634,1368870,17,,single
1791355636,1369520,1,,single
1791355637,1371690,1,,single
1791355639,1372150,5,,single
1791355640,1373550,4,,single
1791355642,1374970,6,,single
1791355643,1377580,117,,single
1791355645,1380390,0,,single
1791355646,1384700,4,,single
1791355648,1388880,107,,single
1791355649,1391530,17,,single
1791355651,1395030,9,,single
1791355652,1401730,50,,single
1791355654,1402320,1,,single
1791355655,1406990,20,,single
1791355657,1412310,7,,single
1791355658,1415660,0,,single
1791355660,1419160,15,,single
1791355661,1421290,10,,single
1791355663,1424980,0,,single
1791355664,1427340,0,,single
1791355666,1428900,0,,single
1791355667,1432050,47,,single
1791355669,1433990,26,,single
1791355670,1439300,0,,single
1791355672,1443490,1,,single
1791355673,1446650,60,,single
1791355675,1451940,313,,single
1791355676,1456820,14,,single
1791355678,1457320,27,,single
1791355680,1465460,487,,single
1791355681,1465860,0,,single
1791355683,1471270,4,,single
1791355684,1474740,2,,single
1791355686,1478070,0,,single
1791355687,1480560,23,,single
1791355689,1484720,22,,single
1791355690,1487210,75,,single
1791355692,1489630,26,,single
1791355693,1491410,8,,single
1791355695,1493750,2,,single
1791355696,1494460,95,,single
1791355698,1498570,267,,single
1791355699,1502660,3,,single
1791355701,1506830,317,,single
1791355702,1508030,1,,single
1791355704,1515950,44,,single
1791355705,1519310,5,,single
1791355707,1529810,2,,single
1791355708,1531540,65,,single
1791355710,1536620,8,,single
1791355711,1541250,1,,single
1791355713,1544020,24,,single
1791355714,1549180,0,,single
1791355716,1550010,2,,single
1791355717,1552810,4,,single
1791355719,1556100,8,,single
1791355720,1562420,10,,single
1791355722,1569200,19,,single
1791355724,1573720,9,,single
1791355725,1574270,9,,single
1791355727,1577250,2,,single
1791355728,1580780,25,,single
1791355730,1584940,16,,single
1791355731,1590840,4,,single
1791355733,1591520,0,,single
1791355734,1593030,194,,single
1791355736,1597310,18,,single
1791355737,1602000,340,,single
1791355739,1608400,1,,single
1791355741,1609730,1,,single
1791355742,1612420,20,,single
1791355744,1618380,24,,single
1791355745,1621140,0,,single
1791355747,1622900,14,,single
1791355748,1627350,4,,single
1791355750,1632490,1,,single
1791355751,1636710,1,,single
1791355753,1641960,69,,single
1791355754,1644490,0,,single
1791355756,1649080,748,,single
1791355757,1659600,1,,single
1791355759,1662210,4,,single
1791355760,1668290,1,,single
1791355762,1670870,10,,single
1791355763,1672500,95,,single
1791355765,1677350,51,,single
1791355766,1680880,16,,single
1791355768,1684410,3,,single
1791355769,1690730,29,,single
1791355771,1692240,0,,single
1791355772,1694960,6,,single
1791355774,1697880,4,,single
1791355775,1702330,55,,single
1791355777,1707550,4,,single
1791355778,1708460,0,,single
1791355780,1711950,14,,single
1791355781,1714320,3,,single
1791355783,1715130,39,,single
1791355784,1716740,2118,,single
1791355786,1722620,1,,single
1791355788,1726400,3,,single
1791355789,1732190,15,,single
1791355791,1739300,7,,single
1791355792,1742930,1,,single
1791355794,1749860,35,,single
1791355795,1760250,20,,single
1791355797,1762930,27,,single
1791355798,1766060,874,,single
1791355800,1776380,18,,single
1791355801,1778840,18,,single
1791355803,1784570,207,,single
1791355804,1794960,58,,single
1791355806,1803400,10,,single
1791355807,1809700,135,,single
1791355809,1814010,45,,single
1791355810,1823950,17,,single
1791355812,1836120,180,,single
1791355813,1840080,25,,single
1791355815,1843760,65,,single
1791355816,1849790,11,,single
1791355819,1850740,25,,single
1791355820,1856030,8,,single
1791355822,1858630,40,,single
1791355823,1867530,2,,single
1791355825,1872860,1,,single
1791355826,1878740,1,,single
1791355829,1885750,0,,single
1791355831,1893620,1,,single
1791355832,1898300,376,,single
1791355834,1902690,77,,single
1791355835,1914580,3,,single
1791355837,1918040,32,,single
1791355838,1923790,4,,single
1791355840,1926520,3,,single
1791355841,1929610,165,,single
1791355843,1933660,44,,single
1791355844,1938090,13867,,single
1791355846,1944240,3,,single
1791355848,1947500,3,,single
1791355849,1949030,22,,single
1791355851,1954420,291,,single
1791355852,1959350,1,,single
1791355854,1961950,41,,single
1791355855,1968340,1,,single
1791355857,1975520,25,,single
1791355858,1981820,56,,single
1791355860,1984020,2,,single
1791355861,1987080,176,,single
1791355863,1990740,9,,single
1791355864,1997660,15,,single
1791355866,2001070,27,,single
1791355867,2005160,4,,single
1791355869,2009100,3,,single
1791355870,2013360,34,,single
1791355872,2021910,62,,single
1791355873,2023360,3,,single
1791355875,2051120,33,,single
1791355877,2055290,7,,single
1791355878,2071280,492,,single
1791355880,2075720,52,,single
1791355881,2083210,2,,single
1791355883,2089350,10,,single
1791355884,2102450,9,,single
1791355886,2106670,42,,single
1791355887,2110820,5,,single
1791355889,2121980,28,,single
1791355890,2130460,3,,single
1791355892,2138610,36,,single
1791355893,2141730,402,,single
1791355895,2157560,203,,single
1791355896,2167220,8,,single
1791355898,2179380,13,,single
1791355899,2187220,312,,single
1791355901,2197890,26,,single
1791355902,2201940,146,,single
1791355904,2209680,1,,single
1791355905,2215260,9,,single
1791355907,2221920,152,,single
1791355908,2230110,47,,single
1791355910,2239710,957,,single
1791355911,2249160,1,,single
1791355913,2257010,10,,single
1791355914,2262770,3,,single
1791355916,2276980,10,,single
1791355917,2286390,3,,single
1791355919,2288630,96,,single
1791355921,2292650,5,,single
1791355922,2306590,97,,single
1791355924,2315400,13,,single
1791355925,2316580,1,,single
1791355927,2334170,9,,single
1791355928,2338140,63,,single
1791355930,2344520,15852,,single
1791355931,2348610,6,,single
1791355933,2367820,0,,single
1791355934,2375550,139,,single
1791355936,2384620,60,,single
1791355937,2390230,105,,single
1791355939,2396980,179,,single
1791355940,2401230,3,,single
1791355942,2405060,13,,single
1791355943,2407830,36,,single
1791355945,2427410,86,,single
1791355946,2429350,0,,single
1791355948,2431100,1,,single
1791355949,2438680,16,,single
1791355951,2442020,1,,single
1791355953,2446550,13,,single
1791355954,2453060,11,,single
1791355956,2457220,163,,single
1791355957,2458830,8,,single
1791355958,2473480,23,,single
1791355960,2481020,3,,single
1791355961,2490990,18,,single
1791355963,2497900,7,,single
1791355964,2510960,40,,single
1791355966,2518960,39,,single
1791355967,2529170,5,,single
1791355969,2536530,1,,single
1791355970,2545360,3,,single
1791355972,2565550,2,,single
1791355973,2599270,8,,single
1791355975,2609610,46,,single
1791355976,2619650,142,,single
1791355978,2623190,618,,single
1791355979,2631250,4,,single
1791355981,2659900,4,,single
1791355982,2668430,25,,single
1791355984,2671970,13,,single
1791355985,2682580,5,,single
1791355987,2691350,0,,single
1791355988,2695940,31,,single
1791355990,2701660,178,,single
1791355991,2719940,16,,single
1791355993,2727650,7,,single
1791355994,2745870,11,,single
1791355996,2749770,35,,single
1791355997,2757330,6,,single
1791355999,2768430,314,,single
1791356000,2786680,40,,single
1791356002,2796010,12,,single
1791356003,2820820,97,,single
1791356005,2826800,11,,single
1791356006,2840770,614,,single
1791356008,2853590,101,,single
1791356009,2870710,1,,single
1791356011,2891310,3,,single
1791356012,2904000,2141,,single
1791356014,2919660,11,,single
1791356015,2922410,26,,single
1791356017,2943150,6,,single
1791356018,2952470,15,,single
1791356020,2965660,98,,single
1791356021,2996040,68,,single
1791356023,3011030,2,,single
1791356024,3021100,80,,single
1791356026,3037410,661,,single
1791356027,3062930,1,,single
1791356029,3099730,1,,single
1791356031,3123410,70,,single
1791356032,3149370,3,,single
1791356033,3179730,34,,single
1791356035,3187030,527,,single
1791356037,3213850,2690,,single
1791356038,3238670,119,,single
1791356040,3258290,45,,single
1791356041,3314060,109,,single
1791356043,3339780,7,,single
1791356044,3400930,9,,single
1791356046,3435260,8,,single
1791356047,3453600,31,,single
1791356048,3539440,11,,single
1791356050,1859910,462,,single
1791356051,1520470,441,,single
1791356053,1504570,1,,single
1791356054,1880330,40,,single
1791356056,1162520,280,,single
1791356058,47790,37,,single
1791356059,2361680,71,,single
1791356060,652980,6,,single
1791356062,1239020,37,,single
1791356063,1407450,53,,single
1791356065,1506980,14,,single
1791356067,1461810,19,,single
1791356068,1008710,0,,single
1791356070,570780,73,,single
1791356071,1393350,6,,single
1791356072,2453360,263,,single
1791356074,703700,5,,single
1791356075,1434480,41,,single
1791356077,2696050,117,,single
1791356079,33220,25,,single
1791356080,2106520,85,,single
1791356082,2321210,1,,single
1791356083,1146970,18,,single
1791356085,1233270,2,,single
1791356086,1230410,0,,single
1791356088,2875140,12,,single
1791356089,244710,0,,single
1791356091,967250,2,,single
1791356092,1069230,5,,single
1791356094,296710,8,,single
1791356095,1672670,3,,single
1791356097,1186400,0,,single
1791356098,3109580,99,,single
1791356100,1217390,1,,single
1791356101,851800,2,,single
1791356103,2093920,44,,single
1791356104,1191210,0,,single
1791356106,2734450,51,,single
1791356107,570770,25,,single
1791356109,1225780,2,,single
1791356110,1939560,10,,single
1791356112,789760,3,,single
1791356113,600090,8,,single
1791356115,1334040,14,,single
1791356116,1256610,2,,single
1791356119,1149660,2,,single
1791356120,278890,0,,single
1791356122,1057680,0,,single
1791356123,921390,22,,single
1791356125,779640,4,,single
1791356126,241910,28,,single
1791356128,2346410,65,,single
1791356130,588690,4,,single
1791356132,1161870,3,,single
1791356134,400240,0,,single
1791356135,2510770,19,,single
1791356137,280180,5,,single
1791356138,1868000,7,,single
1791356140,1510030,9,,single
1791356141,1801650,7,,single
1791356143,1562260,0,,single
1791356144,1212830,0,,single
1791356146,1193340,1,,single
1791356147,258760,3,,single
1791356149,1277940,22,,single
1791356150,1601740,0,,single
1791356152,665090,0,,single
1791356153,3028500,2,,single
1791356155,2986260,19,,single
1791356156,1041840,17,,single
1791356158,500710,10,,single
1791356159,2868860,123,,single
1791356161,2226700,45,,single
1791356162,704030,0,,single
1791356164,599460,13,,single
1791356165,1060670,0,,single
1791356167,551770,0,,single
1791356168,758530,1,,single
1791356170,1449070,6,,single
1791356171,3376250,127,,single
1791356173,381640,9,,single
1791356174,1519090,30,,single
1791356176,2780710,82,,single
1791356177,1083210,1,,single
1791356179,810670,2,,single
1791356180,948830,4,,single
1791356182,2093010,0,,single
1791356183,600370,0,,single
1791356185,742250,3,,single
1791356186,1028470,0,,single
1791356188,656200,1,,single
1791356189,1904860,40,,single
1791356191,1985930,1,,single
1791356192,1471180,65,,single
1791356194,2957700,18,,single
1791356195,1340130,1,,single
1791356197,2642890,3,,single
1791356198,2111870,3,,single
1791356200,662830,1,,single
1791356201,668550,5,,single
1791356203,970560,19,,single
1791356205,1101360,8,,single
1791356206,1159420,10,,single
1791356208,1246020,4,,single
1791356209,2628570,0,,single
1791356211,1089630,1,,single
1791356212,1783780,7,,single
1791356214,2963550,2,,single
1791356215,835650,3,,single
1791356217,585020,0,,single
1791356218,1594880,4,,single
1791356220,1274490,4,,single
1791356221,2137760,5,,single
1791356223,710470,1,,single
1791356224,2882870,2,,single
1791356226,2621150,0,,single
1791356228,1162070,1,,single
1791356229,2788040,4,,single
1791356231,2232600,0,,single
1791356232,2849960,5,,single
1791356234,1057180,1,,single
1791356235,760640,94,,single
1791356237,1092040,0,,single
1791356238,1674890,9,,single
1791356240,1405470,9,,single
1791356241,1546010,2,,single
1791356243,3395140,12,,single
1791356244,2400640,2,,single
1791356246,671800,7,,single
1791356247,826600,0,,single
1791356249,418670,4,,single
1791356250,1232460,5,,single
1791356252,1638300,10,,single
1791356253,364050,0,,single
1791356255,1151450,12,,single
1791356256,65600,1,,single
1791356258,2115390,10,,single
1791356259,1029630,2,,single
1791356261,326190,0,,single
1791356262,2389040,30,,single
1791356264,553790,19,,single
1791356265,1037130,1,,single
1791356267,975470,2,,single
1791356269,858940,7,,single
1791356270,1409830,3,,single
1791356272,3364770,0,,single
1791356273,1930600,1,,single
1791356275,907270,4,,single
1791356276,2757350,0,,single
1791356278,769970,1,,single
1791356279,319830,4,,single
1791356281,1328890,8,,single
1791356282,1433420,0,,single
1791356284,2310700,30,,single
1791356285,275470,1,,single
1791356287,2720280,0,,single
1791356288,2997980,20,,single
1791356290,929200,45,,single
1791356291,2186700,0,,single
1791356293,2456350,10,,single
1791356294,440760,0,,single
1791356296,2712580,1,,single
1791356297,645260,128,,single
1791356298,2162680,2,,single
1791356300,1115780,0,,single
1791356301,1583570,0,,single
1791356303,2485180,1,,single
1791356304,2087460,0,,single
1791356306,3215170,1,,single
1791356307,2125540,0,,single
1791356309,1253710,3,,single
1791356311,481870,0,,single
1791356312,418950,1,,single
1791356314,1269020,3,,single
1791356315,1426490,4,,single
1791356317,370510,0,,single
1791356318,3268080,0,,single
1791356320,440730,0,,single
1791356321,2904890,1,,single
1791356323,1323470,2,,single
1791356324,1222800,156,,single
1791356326,6840,3,,single
1791356327,2782610,27,,single
1791356329,2898270,11,,single
1791356330,2603020,7,,single
1791356332,463210,0,,single
1791356334,2754690,1,,single
1791356335,2186360,12,,single
1791356337,975680,4,,single
1791356338,3099000,11,,single
1791356340,809060,0,,single
1791356341,2429240,1,,single
1791356343,1684100,3,,single
1791356344,1557480,2,,single
1791356346,966430,0,,single
1791356347,2701510,6,,single
1791356349,738510,2,,single
1791356350,3334550,0,,single
1791356352,375450,180,,single
1791356353,880510,0,,single
1791356355,1433570,3,,single
1791356356,887720,0,,single
1791356358,1910790,5,,single
1791356359,2846290,2,,single
1791356361,587420,0,,single
1791356363,2600600,17,,single
1791356364,2175540,539,,single
1791356366,482300,0,,single
1791356367,1485870,1,,single
1791356369,713650,0,,single
1791356370,1007350,3,,single
1791356372,970510,7,,single
1791356373,685340,6,,single
1791356375,673260,13,,single
1791356376,1460220,6,,single
1791356378,522570,0,,single
1791356379,380020,0,,single
1791356381,1731520,0,,single
1791356382,1857740,19,,single
1791356384,482450,6,,single
1791356385,881690,1,,single
1791356387,2057550,3,,single
1791356388,1612780,2,,single
1791356390,229580,0,,single
1791356391,299480,2,,single
1791356393,489610,0,,single
1791356394,2317640,10,,single
1791356396,1003480,7,,single
1791356398,1755910,12,,single
1791356399,2286780,39,,single
1791356401,691280,1,,single
1791356403,205840,3,,single
1791356404,2178990,11,,single
1791356406,1964040,6,,single
1791356407,936500,6,,single
1791356409,391070,1,,single
1791356410,2111630,71,,single
1791356412,658550,2,,single
1791356413,893720,1,,single
1791356415,655100,1,,single
1791356416,2865580,42,,single
1791356419,1393410,0,,single
1791356420,367570,0,,single
1791356422,369420,0,,single
1791356423,1264970,6,,single
1791356425,357290,1,,single
1791356426,701930,1,,single
1791356428,2455370,1,,single
1791356430,488730,0,,single
1791356433,1948700,1,,single
1791356434,415480,2,,single
1791356436,2618840,0,,single
1791356437,2430730,3,,single
1791356439,2461050,0,,single
1791356440,2075100,3,,single
1791356442,1178400,28,,single
1791356443,282010,1,,single
1791356445,252010,0,,single
1791356446,2403290,0,,single
1791356448,2521630,12,,single
1791356449,515260,1,,single
1791356451,1370140,1,,single
1791356452,2840210,0,,single
1791356454,1679320,1,,single
1791356455,654900,0,,single
1791356457,90200,2,,single
1791356458,664180,2,,single
1791356460,1299360,0,,single
1791356462,345220,1,,single
1791356463,1475400,0,,single
1791356465,1266600,0,,single
1791356466,2294450,20,,single
1791356468,1768650,9,,single
1791356469,1334700,0,,single
1791356471,257830,0,,single
1791356472,871420,3,,single
1791356474,2014550,4,,single
1791356475,301200,0,,single
1791356477,2637070,15,,single
1791356478,1501690,1,,single
1791356479,719640,123,,single
1791356481,352950,0,,single
1791356482,965320,22,,single
1791356484,2910460,0,,single
1791356485,1664350,0,,single
1791356487,447850,3,,single
1791356488,1158220,0,,single
1791356490,347290,0,,single
1791356491,526790,0,,single
1791356493,2404370,0,,single
1791356494,887060,0,,single
1791356496,1687000,8,,single
1791356498,402040,0,,single
1791356499,2019760,4,,single
1791356501,454100,0,,single
1791356502,1119600,4,,single
1791356504,1157250,0,,single
1791356505,11480,9,,single
1791356507,1089790,0,,single
1791356508,2165390,0,,single
1791356510,2487060,4,,single
1791356512,503820,0,,single
1791356513,680980,0,,single
1791356515,2251010,0,,single
1791356516,2830150,3,,single
1791356518,703320,9,,single
1791356519,1259800,6,,single
1791356521,904740,0,,single
1791356522,1385100,0,,single
1791356524,462680,0,,single
1791356525,1118840,0,,single
1791356527,1418160,0,,single
1791356528,851530,0,,single
1791356530,1349120,0,,single
1791356531,1133590,0,,single
1791356533,1939790,13,,single
1791356534,575950,0,,single
1791356536,1483370,4,,single
1791356537,423590,0,,single
1791356539,1429880,26,,single
1791356540,2151580,7,,single
1791356542,2064810,3,,single
1791356543,418190,1,,single
1791356545,253290,0,,single
1791356546,920680,1,,single
1791356548,1266630,204,,single
1791356549,1640630,1,,single
1791356551,1147940,0,,single
1791356552,1518770,6,,single
1791356554,1121710,0,,single
1791356556,1213230,2,,single
1791356557,1238680,24,,single
1791356559,1054550,1,,single
1791356560,1049710,5,,single
1791356562,1311250,0,,single
1791356563,605610,1,,single
1791356565,1335230,0,,single
1791356566,388060,5,,single
1791356568,111600,0,,single
1791356569,659190,0,,single
1791356571,1373880,6,,single
1791356572,1430220,6,,single
1791356574,2774190,2,,single
1791356575,1223870,0,,single
1791356577,1260130,0,,single
1791356578,1003400,3,,single
1791356580,3385670,5,,single
1791356581,2591210,24,,single
1791356583,398680,0,,single
1791356584,345430,0,,single
1791356586,294230,0,,single
1791356587,65610,0,,single
1791356589,33180,3,,single
1791356590,2270210,4,,single
1791356592,430070,0,,single
1791356593,2532050,5,,single
1791356595,317100,1,,single
1791356596,2457540,90,,single
1791356598,681390,0,,single
1791356599,263680,0,,single
1791356601,2552310,2,,single
1791356602,3410310,1,,single
1791356604,1717090,6,,single
1791356606,1465890,0,,single
1791356607,1688100,1,,single
1791356609,1233880,15,,single
1791356610,485040,3,,single
1791356612,268220,0,,single
1791356613,3046600,25,,single
1791356615,1415140,1,,single
1791356616,301840,2,,single
1791356618,1449320,4,,single
1791356619,545690,4,,single
1791356621,741820,0,,single
1791356622,1494560,8,,single
1791356624,228960,0,,single
1791356625,1639080,1,,single
1791356627,247140,0,,single
1791356628,2060750,0,,single
1791356630,389270,1,,single
1791356631,339790,10,,single
1791356633,33610,2,,single
1791356634,975270,15,,single
1791356636,1647190,3,,single
1791356637,2851150,5,,single
1791356639,1620290,2,,single
1791356640,1292910,0,,single
1791356642,2353340,8,,single
1791356643,2917350,12,,single
1791356645,1300920,0,,single
1791356646,1252560,0,,single
1791356648,1189440,7,,single
1791356649,341550,0,,single
1791356651,2439760,5,,single
1791356652,574080,0,,single
1791356654,1372300,3,,single
1791356655,1119060,0,,single
1791356657,698870,0,,single
1791356658,209730,0,,single
1791356660,1331210,2,,single
1791356661,353550,1,,single
1791356663,755980,0,,single
1791356664,538810,2,,single
1791356666,1418020,0,,single
1791356667,965670,1,,single
1791356669,285840,0,,single
1791356671,1013870,2,,single
1791356672,23450,0,,single
1791356674,530950,1,,single
1791356675,3411020,9,,single
1791356677,1144440,1,,single
1791356678,262550,0,,single
1791356680,209230,1,,single
1791356681,251530,0,,single
1791356683,472680,0,,single
1791356684,517810,19,,single
1791356686,2187230,1,,single
1791356687,1036740,1,,single
1791356689,565860,1,,single
1791356690,877360,0,,single
1791356692,1007810,0,,single
1791356693,3080380,0,,single
1791356695,2204350,1,,single
1791356696,2377970,5,,single
1791356698,555510,0,,single
1791356699,1497950,5,,single
1791356701,326150,0,,single
1791356702,1656930,8,,single
1791356704,232950,0,,single
1791356705,628750,0,,single
1791356707,1140630,1,,single
1791356708,595440,1,,single
1791356710,1682260,2,,single
1791356711,599610,0,,single
1791356713,1243140,0,,single
1791356714,214550,0,,single
1791356716,2961460,19,,single
1791356717,506730,0,,single
1791356719,1897650,11,,single
1791356721,1047010,0,,single
1791356723,3014520,1,,single
1791356724,259780,2,,single
1791356726,1303950,4,,single
1791356727,262490,6,,single
1791356730,1299170,19,,single
1791356732,259810,51,,single
1791356733,451650,12,,single
1791356735,721090,20,,single
1791356736,406090,0,,single
1791356738,1638390,5,,single
1791356739,2458310,0,,single
1791356741,603750,23,,single
1791356742,3064290,5,,single
1791356744,2295920,2,,single
1791356745,527340,0,,single
1791356747,449710,2,,single
1791356748,1132910,1,,single
1791356750,346180,0,,single
1791356752,321150,0,,single
1791356754,891510,1,,single
1791356755,2099220,1,,single
1791356757,1061880,2,,single
1791356758,340460,0,,single
1791356760,574820,2,,single
1791356761,2752720,1,,single
1791356763,2667410,2,,single
1791356764,2530420,0,,single
1791356766,1209410,4,,single
1791356767,314010,1,,single
1791356769,1286340,0,,single
1791356770,2476100,1,,single
1791356772,655290,0,,single
1791356773,1146600,1,,single
1791356775,2411910,39,,single
1791356776,561770,21,,single
1791356778,2794830,3,,single
1791356779,284730,0,,single
1791356781,1534340,1,,single
1791356782,3447690,4,,single
1791356784,549860,0,,single
1791356785,2153330,8,,single
1791356787,286360,0,,single
1791356789,466270,0,,single
1791356790,1515640,8,,single
1791356792,2662780,11,,single
1791356793,1502040,3,,single
1791356795,945770,7,,single
1791356797,1627850,1,,single
1791356798,1262040,2,,single
1791356800,219760,2,,single
1791356801,1037590,1,,single
1791356803,1273560,3,,single
1791356804,1667700,2,,single
1791356806,1177400,0,,single
1791356807,1475840,3,,single
1791356809,2336980,9,,single
1791356810,2321120,6,,single
1791356812,1045180,0,,single
1791356813,270050,0,,single
1791356815,936140,6,,single
1791356816,893010,0,,single
1791356818,359350,0,,single
1791356819,1903560,0,,single
1791356821,1312960,1,,single
1791356822,7210,1,,single
1791356824,1137350,0,,single
1791356825,2803810,4,,single
1791356827,799240,68,,single
1791356828,522940,0,,single
1791356830,805270,0,,single
1791356831,855630,0,,single
1791356833,438080,0,,single
1791356834,339120,0,,single
1791356836,930780,2,,single
1791356837,447780,1,,single
1791356839,338140,3,,single
1791356840,1824580,10,,single
1791356842,252550,0,,single
1791356843,536280,0,,single
1791356845,422100,1,,single
1791356846,347670,1,,single
1791356848,45300,1,,single
1791356849,429780,0,,single
1791356851,692030,2,,single
1791356852,935580,4,,single
1791356854,1046300,10,,single
1791356855,57620,18,,single
1791356857,3098470,9,,single
1791356858,2436570,53,,single
1791356860,2421310,5,,single
1791356861,1492360,0,,single
1791356863,1985260,3,,single
1791356864,230210,2,,single
1791356866,2464880,1,,single
1791356867,586960,0,,single
1791356869,1423370,1,,single
1791356870,1085160,0,,single
1791356872,1998450,0,,single
1791356873,424590,1,,single
1791356875,2776500,0,,single
1791356876,1330250,32,,single
1791356878,1361010,0,,single
1791356880,2514460,0,,single
1791356881,467370,1,,single
1791356883,339470,1,,single
1791356884,2494350,72,,single
1791356886,1917920,1,,single
1791356888,2432110,9,,single
1791356889,704040,14,,single
1791356891,1146300,0,,single
1791356892,311140,1,,single
1791356894,490820,0,,single
1791356895,321870,0,,single
1791356897,46260,4,,single
1791356898,2274200,2,,single
1791356900,363490,0,,single
1791356901,223630,0,,single
1791356903,3021630,0,,single
1791356904,1035560,0,,single
1791356905,1583850,0,,single
1791356907,11150,3,,single
1791356909,1357610,1,,single
1791356910,1075200,0,,single
1791356912,427700,5,,single
1791356913,802730,1,,single
1791356915,724300,0,,single
1791356916,32350,0,,single
1791356918,344910,1,,single
1791356919,200230,1,,single
1791356921,1188540,1,,single
1791356922,737520,1,,single
1791356924,277460,3,,single
1791356925,1932260,1,,single
1791356927,350110,4,,single
1791356928,1370170,3,,single
1791356930,983350,2,,single
1791356931,1114130,0,,single
1791356933,899390,1,,single
1791356934,1504150,3,,single
1791356936,2947240,1,,single
1791356938,521570,1,,single
1791356939,1494190,0,,single
1791356941,880580,5,,single
1791356942,1781890,4,,single
1791356944,2332260,1,,single
1791356945,2285630,1,,single
1791356947,2022930,0,,single
1791356948,1895890,2,,single
1791356950,212410,1,,single
1791356952,3337210,2,,single
1791356953,2147380,9,,single
1791356955,2844700,0,,single
1791356956,466810,0,,single
1791356958,2747780,3,,single
1791356959,294370,0,,single
1791356961,490450,1,,single
1791356962,227380,1,,single
1791356964,527280,1,,single
1791356965,531930,0,,single
1791356967,2052040,8,,single
1791356968,303290,5,,single
1791356970,773580,0,,single
1791356971,2484160,0,,single
1791356973,543140,2,,single
1791356974,861050,1,,single
1791356976,332790,2,,single
1791356977,3218880,0,,single
1791356979,951820,0,,single
1791356980,286460,1,,single
1791356982,38440,0,,single
1791356984,2868430,2,,single
1791356985,244810,0,,single
1791356987,415030,0,,single
1791356988,2628420,3,,single
1791356990,2268470,0,,single
1791356991,1751350,1,,single
1791356993,854570,0,,single
1791356994,819020,3,,single
1791356996,1156060,1,,single
1791356997,2216360,2,,single
1791356999,2591410,12,,single
1791357000,1743830,7,,single
1791357002,909820,2,,single
1791357004,1498130,1,,single
1791357005,1611300,0,,single
1791357007,2804510,3,,single
1791357008,2915490,1,,single
1791357010,1200720,3,,single
1791357011,3140620,9,,single
1791357013,3232040,0,,single
1791357014,2753620,5,,single
1791357016,438180,2,,single
1791357017,758090,1,,single
1791357019,503770,1,,single
1791357021,2264140,2,,single
1791357022,11240,0,,single
1791357024,1248060,1,,single
1791357025,305640,0,,single
1791357027,590590,1,,single
1791357028,585830,1,,single
1791357030,2095450,1,,single
1791357031,614630,19,,single
1791357034,294750,0,,single
1791357036,1432850,2,,single
1791357037,218760,10,,single
1791357039,1420740,1,,single
1791357040,547340,0,,single
1791357042,1924170,49,,single
1791357043,2844850,21,,single
1791357045,606730,4,,single
1791357046,2708210,18,,single
1791357048,377140,0,,single
1791357050,977230,0,,single
1791357051,753220,0,,single
1791357053,656600,0,,single
1791357054,1409530,0,,single
1791357056,2753720,1,,single
1791357057,488280,2,,single
1791357059,2384920,0,,single
1791357060,1472250,0,,single
1791357062,1071140,0,,single
1791357063,1687550,0,,single
1791357065,936160,24,,single
1791357066,1815530,2,,single
1791357068,1018130,1,,single
1791357069,474020,0,,single
1791357071,3027620,7,,single
1791357072,434520,17,,single
1791357074,1065260,1,,single
1791357075,453690,1,,single
1791357077,1057430,0,,single
1791357078,1555150,2,,single
1791357080,557040,0,,single
1791357082,864160,0,,single
1791357083,1174390,0,,single
1791357085,289200,4,,single
1791357086,226960,0,,single
1791357088,260250,0,,single
1791357089,108210,0,,single
1791357091,643810,0,,single
1791357092,6250,1,,single
1791357094,575490,0,,single
1791357095,442810,0,,single
1791357097,243360,0,,single
1791357098,2113540,6,,single
1791357100,2738940,0,,single
1791357101,1305720,0,,single
1791357103,1629200,0,,single
1791357104,247370,0,,single
1791357106,2630020,30,,single
1791357107,2092850,0,,single
1791357109,426310,0,,single
1791357110,1490860,1,,single
1791357112,324140,11,,single
1791357113,1098080,0,,single
1791357115,1455900,1,,single
1791357116,3159570,5,,single
1791357118,115200,8,,single
1791357119,1306770,0,,single
1791357121,24400,2,,single
1791357122,1096590,0,,single
1791357124,721180,4,,single
1791357125,1141530,77,,single
1791357127,80360,1,,single
1791357128,2871930,1,,single
1791357130,1329600,0,,single
1791357131,2097030,0,,single
1791357133,298930,0,,single
1791357134,2939640,1,,single
1791357136,351860,70,,single
1791357137,255870,0,,single
1791357139,2810780,0,,single
1791357140,2550040,0,,single
1791357142,1226990,0,,single
1791357143,268890,0,,single
1791357145,619280,0,,single
1791357147,1866630,3,,single
1791357148,2523310,6,,single
1791357150,1890120,2,,single
1791357151,2168260,2,,single
1791357153,1240630,67,,single
1791357154,1309620,5,,single
1791357156,1243670,6,,single
1791357157,1448260,1,,single
1791357159,1581800,5,,single
1791357160,1346830,0,,single
1791357162,1424910,0,,single
1791357163,3357250,38,,single
1791357165,3288270,8,,single
1791357166,880400,0,,single
1791357168,1212400,3,,single
1791357169,321840,1,,single
1791357171,1295270,20,,single
1791357172,915670,0,,single
1791357174,575510,0,,single
1791357175,2258500,5,,single
1791357177,2198800,30,,single
1791357178,313650,0,,single
1791357180,2518900,2,,single
1791357181,45450,0,,single
1791357183,311720,0,,single
1791357184,398100,1,,single
1791357186,1553910,0,,single
1791357187,528660,0,,single
1791357189,1985420,0,,single
1791357190,904360,2,,single
1791357192,231310,1,,single
1791357193,1692080,163,,single
1791357195,1422420,1,,single
1791357197,773840,0,,single
1791357198,497780,4,,single
1791357200,1462650,1,,single
1791357201,2785280,5,,single
1791357203,227560,0,,single
1791357204,2793290,0,,single
1791357206,12330,1,,single
1791357207,22670,0,,single
1791357209,2240920,1,,single
1791357210,867490,1,,single
1791357212,301610,6,,single
1791357213,311120,0,,single
1791357215,761030,0,,single
1791357216,449020,0,,single
1791357218,2328310,0,,single
1791357219,1883000,15,,single
1791357221,1036640,55,,single
1791357222,346750,13,,single
1791357224,1983710,43,,single
1791357225,403400,1,,single
1791357227,280320,0,,single
1791357228,1365720,1,,single
1791357230,370540,6,,single
1791357231,576130,0,,single
1791357233,1279920,0,,single
1791357234,3601790,2,,single
1791357236,25990,3,,single
1791357238,405780,0,,single
1791357239,2655590,1,,single
1791357241,1205900,0,,single
1791357242,341870,0,,single
1791357244,1364800,0,,single
1791357245,319850,1,,single
1791357247,464150,1,,single
1791357248,3131680,0,,single
1791357250,517130,0,,single
1791357251,724250,4,,single
1791357253,1722870,34,,single
1791357254,1787500,1,,single
1791357256,1001800,0,,single
1791357257,446620,0,,single
1791357259,1111380,7,,single
1791357260,537430,0,,single
1791357262,1731460,0,,single
1791357263,2072660,0,,single
1791357265,3114010,3,,single
1791357266,1024480,0,,single
1791357268,606860,1,,single
1791357269,1533050,0,,single
1791357271,1919550,0,,single
1791357272,837610,4,,single
1791357274,733050,0,,single
1791357276,2652000,5,,single
1791357277,1045620,14,,single
1791357278,1306750,3,,single
1791357280,3044030,0,,single
1791357282,377080,2,,single
1791357283,1017410,0,,single
1791357285,256390,4,,single
1791357286,957720,39,,single
1791357288,1146230,0,,single
1791357289,265970,1,,single
1791357291,9060,0,,single
1791357292,345860,0,,single
1791357294,2473980,3,,single
1791357295,2808570,4,,single
1791357297,1295790,0,,single
1791357298,1846330,11,,single
1791357300,323490,0,,single
1791357301,39520,9,,single
1791357303,240970,0,,single
1791357304,2286770,5,,single
1791357306,543240,0,,single
1791357307,1013750,1,,single
1791357309,2529520,16,,single
1791357310,320320,2,,single
1791357312,1094420,0,,single
1791357313,1356240,5,,single
1791357315,2566880,0,,single
1791357316,2638050,1,,single
1791357319,598730,0,,single
1791357320,1502560,7,,single
1791357322,1266800,1,,single
1791357323,2812850,0,,single
1791357325,449550,3,,single
1791357326,492150,0,,single
1791357328,314180,1,,single
1791357330,545980,0,,single
1791357331,1558930,0,,single
1791357333,214910,1,,single
1791357336,263400,0,,single
1791357337,2336200,0,,single
1791357339,1341050,1,,single
1791357340,2096030,0,,single
1791357342,1561040,0,,single
1791357343,300580,0,,single
1791357345,1015890,1,,single
1791357346,1247170,0,,single
1791357348,308173,2,,single
1791357349,1403020,0,,single
1791357351,1306620,0,,single
1791357352,1185160,0,,single
1791357354,257790,4,,single
1791357355,497730,3,,single
1791357357,1102980,1,,single
1791357358,1880470,0,,single
1791357360,715010,0,,single
1791357361,3070880,26,,single
1791357363,506900,0,,single
1791357364,1966220,0,,single
1791357366,1163910,1,,single
1791357367,1996770,2,,single
1791357369,810500,0,,single
1791357370,1422610,1,,single
1791357372,2744150,0,,single
1791357373,1014040,0,,single
1791357375,1251460,0,,single
1791357376,3229170,0,,single
1791357378,1040730,7,,single
1791357380,1479810,1,,single
1791357381,1016360,0,,single
1791357383,779090,0,,single
1791357384,655780,2,,single
1791357386,46490,2,,single
1791357387,1226670,0,,single
1791357389,2994010,4,,single
1791357390,327060,0,,single
1791357392,2191190,1,,single
1791357393,1407860,23,,single
1791357395,1163740,0,,single
1791357396,3800,1,,single
1791357398,2399730,27,,single
1791357399,1668460,2,,single
1791357401,638200,9,,single
1791357402,403560,0,,single
1791357404,658890,1,,single
1791357405,808080,0,,single
1791357407,746400,0,,single
1791357408,1773890,0,,single
1791357410,2350020,0,,single
1791357411,470780,1,,single
1791357413,628050,153,,single
1791357414,656700,0,,single
1791357416,2616430,11,,single
1791357418,453290,2,,single
1791357419,1617430,0,,single
1791357421,581030,0,,single
1791357422,1111930,7,,single
1791357424,523600,12,,single
1791357425,438020,2,,single
1791357427,552110,0,,single
1791357428,2392520,15,,single
1791357430,295250,0,,single
1791357431,1146720,3,,single
1791357433,635250,0,,single
1791357434,1167790,0,,single
1791357436,1302050,0,,single
1791357437,2452080,30,,single
1791357439,266230,0,,single
1791357440,34410,1,,single
1791357442,1060310,0,,single
1791357444,2060790,2,,single
1791357445,233680,0,,single
1791357447,1097110,1,,single
1791357448,1803390,4,,single
1791357450,693800,0,,single
1791357451,1141650,0,,single
1791357453,1344740,0,,single
1791357454,742500,8,,single
1791357456,2313720,2,,single
1791357457,1805930,0,,single
1791357459,2553710,0,,single
1791357460,2050510,3,,single
1791357462,292390,1,,single
1791357463,2647820,6,,single
1791357465,33670,1,,single
1791357466,1374290,1,,single
1791357468,252190,0,,single
1791357469,1911860,0,,single
1791357471,769670,5,,single
1791357472,18000,0,,single
1791357474,663110,0,,single
1791357475,1184250,3,,single
1791357477,1397650,1,,single
1791357478,1363350,2,,single
1791357480,512460,1,,single
1791357481,272620,0,,single
1791357483,2840480,0,,single
1791357484,957660,0,,single
1791357486,40350,1,,single
1791357487,1154850,0,,single
1791357489,923810,1,,single
1791357490,1368340,0,,single
1791357492,271640,0,,single
1791357493,809540,1,,single
1791357495,689980,0,,single
1791357497,2904290,0,,single
1791357498,1019450,0,,single
1791357500,227020,5,,single
1791357502,349270,0,,single
1791357503,329460,0,,single
1791357505,1797680,0,,single
1791357506,24480,1,,single
1791357508,1374580,5,,single
1791357509,1381530,0,,single
1791357511,539270,22,,single
1791357512,1098610,1,,single
1791357514,2722270,3,,single
1791357515,658600,1,,single
1791357517,691730,3,,single
1791357518,215710,2,,single
1791357520,594220,0,,single
1791357521,277870,0,,single
1791357523,241000,0,,single
1791357524,2686580,0,,single
1791357526,32630,2,,single
1791357527,299660,1,,single
1791357529,1933370,1,,single
1791357530,429610,1,,single
1791357532,945460,0,,single
1791357533,1646580,3,,single
1791357535,354860,0,,single
1791357536,3446150,11,,single
1791357538,892760,2,,single
1791357539,1693040,0,,single
1791357541,12520,0,,single
1791357542,2741360,1,,single
1791357544,1077970,1,,single
1791357545,361850,0,,single
1791357547,1536080,23,,single
1791357548,496550,0,,single
1791357550,2116510,0,,single
1791357551,556050,1,,single
1791357553,2295970,0,,single
1791357554,983150,0,,single
1791357556,839870,4,,single
1791357557,1028590,2,,single
1791357559,2602030,5,,single
1791357560,1837330,1,,single
1791357562,618510,0,,single
1791357563,289180,0,,single
1791357565,1341490,0,,single
1791357566,397040,11,,single
1791357568,1114430,1,,single
1791357569,3074020,0,,single
1791357571,11130,0,,single
1791357572,448440,0,,single
1791357574,1299620,0,,single
1791357575,1112830,2,,single
1791357577,1621990,1,,single
1791357578,490230,2,,single
1791357580,1174460,7,,single
1791357581,463170,0,,single
1791357583,1921980,1,,single
1791357584,769920,0,,single
1791357586,1709050,4,,single
1791357587,433000,1,,single
1791357589,570980,0,,single
1791357590,1493300,2,,single
1791357592,971160,1,,single
1791357593,444480,2,,single
1791357595,586750,0,,single
1791357597,446380,0,,single
1791357598,742520,0,,single
1791357600,70660,0,,single
1791357601,1335940,1,,single
1791357603,381100,0,,single
1791357604,9500,0,,single
1791357606,647570,0,,single
1791357607,1512480,1,,single
1791357609,844330,0,,single
1791357610,2936180,4,,single
1791357612,890970,1,,single
1791357614,777590,1,,single
1791357615,2933180,1,,single
1791357617,1135260,0,,single
1791357619,550340,4,,single
1791357621,501990,0,,single
1791357622,1112930,5,,single
1791357624,370870,0,,single
1791357625,2348090,2,,single
1791357627,1301950,3,,single
1791357629,1068360,1,,single
1791357631,1331910,0,,single
1791357633,3313310,14,,single
1791357634,387930,1,,single
1791357636,2118250,3,,single
1791357637,1912750,1,,single
1791357639,827640,0,,single
1791357640,2543050,2,,single
1791357642,555750,0,,single
1791357643,671390,1,,single
1791357645,3335120,17,,single
1791357646,2154650,2,,single
1791357648,678560,1,,single
1791357649,1220930,0,,single
1791357651,860860,0,,single
1791357652,1266220,1,,single
1791357654,283270,4,,single
1791357655,1483780,1,,single
1791357657,3288180,1,,single
1791357658,351870,2,,single
1791357660,1258710,0,,single
1791357662,1961520,2,,single
1791357663,1925320,2,,single
1791357665,2657310,0,,single
1791357666,3001730,0,,single
1791357668,1769320,0,,single
1791357669,2876250,0,,single
1791357671,2392280,0,,single
1791357672,541370,0,,single
1791357674,2198680,0,,single
1791357675,1067860,1,,single
1791357677,336440,3,,single
1791357678,881560,1,,single
1791357680,1412850,3,,single
1791357682,1109840,4,,single
1791357683,2492390,7,,single
1791357685,247350,0,,single
1791357686,1605320,4,,single
1791357688,1296560,0,,single
1791357689,1098170,0,,single
1791357691,1082970,6,,single
1791357692,3521320,1,,single
1791357694,211180,1,,single
1791357695,1386040,5,,single
1791357697,2701700,4,,single
1791357698,1671280,0,,single
1791357700,2119940,0,,single
1791357701,848050,11,,single
1791357703,2737980,6,,single
1791357704,280560,1,,single
1791357706,422920,19,,single
1791357707,388420,0,,single
1791357709,331650,0,,single
1791357710,2356460,0,,single
1791357712,454890,4,,single
1791357713,1247100,0,,single
1791357715,2430900,0,,single
1791357716,1481780,0,,single
1791357718,2078350,16,,single
1791357719,1730260,6,,single
1791357721,23400,3,,single
1791357722,1847150,2,,single
1791357724,565720,0,,single
1791357725,904540,5,,single
1791357727,95900,0,,single
1791357728,1771180,1,,single
1791357730,1596730,1,,single
1791357731,259130,1,,single
1791357733,2648050,2,,single
1791357734,2781750,1,,single
1791357736,2403340,3,,single
1791357737,1659800,0,,single
1791357739,725330,0,,single
1791357740,342610,0,,single
1791357742,990920,0,,single
1791357744,3018830,0,,single
1791357745,1690,1,,single
1791357747,1823390,3,,single
1791357748,263700,1,,single
1791357750,269370,0,,single
1791357751,703180,0,,single
1791357753,414720,0,,single
1791357754,502090,0,,single
1791357756,1480830,0,,single
1791357757,1738610,0,,single
1791357759,1788100,16,,single
1791357760,2512930,2,,single
1791357762,542400,1,,single
1791357763,485870,1,,single
1791357765,777770,0,,single
1791357766,1570760,1,,single
1791357768,2947220,2,,single
1791357769,968370,0,,single
1791357771,827290,1,,single
1791357772,337070,2,,single
1791357774,434020,0,,single
1791357775,257670,1,,single
1791357777,1627870,1,,single
1791357778,496640,2,,single
1791357780,687750,3,,single
1791357781,1918970,0,,single
1791357783,1949770,28,,single
1791357784,2197680,3,,single
1791357786,3340810,2,,single
1791357787,1214670,4,,single
1791357789,1889620,52,,single
1791357790,2116850,1,,single
1791357792,1698220,2,,single
1791357793,2062550,1,,single
1791357795,1443430,0,,single
1791357796,202130,0,,single
1791357798,1484960,0,,single
1791357799,3215660,3,,single
1791357801,1215270,1,,single
1791357802,2242100,4,,single
1791357804,17100,0,,single
1791357805,80200,1,,single
1791357807,265950,0,,single
1791357808,525920,9,,single
1791357810,255340,0,,single
1791357811,2598020,0,,single
1791357813,1278360,0,,single
1791357814,3324320,0,,single
1791357816,1566450,0,,single
1791357817,1083870,0,,single
1791357819,319320,0,,single
1791357820,524010,0,,single
1791357822,437000,1,,single
1791357823,1802330,2,,single
1791357825,344480,0,,single
1791357826,270010,1,,single
1791357828,1454010,1,,single
1791357829,542350,0,,single
1791357831,446120,0,,single
1791357833,2202590,3,,single
1791357834,1563700,1,,single
1791357836,1448600,1,,single
1791357837,2118130,0,,single
1791357839,2182630,1,,single
1791357840,3116640,1,,single
1791357842,1724440,1,,single
1791357843,8100,1,,single
1791357845,813700,1,,single
1791357846,1209000,0,,single
1791357848,541660,7,,single
1791357849,547050,4,,single
1791357851,1299510,7,,single
1791357852,343740,1,,single
1791357854,2474030,1,,single
1791357855,1588380,1,,single
1791357857,337490,0,,single
1791357858,365900,1,,single
1791357860,2462520,7,,single
1791357861,513340,0,,single
1791357863,623090,1,,single
1791357864,1796200,0,,single
1791357866,3432500,0,,single
1791357867,812160,0,,single
1791357869,2825300,12,,single
1791357870,2852770,3,,single
1791357872,453750,0,,single
1791357874,1103730,0,,single
1791357875,1691560,0,,single
1791357877,530120,0,,single
1791357878,853500,0,,single
1791357880,925470,1,,single
1791357881,2969380,2,,single
1791357882,949970,0,,single
1791357884,1000440,0,,single
1791357886,437250,0,,single
1791357887,394680,1,,single
1791357889,304580,0,,single
1791357890,2530430,1,,single
1791357892,242530,0,,single
1791357893,1416730,0,,single
1791357895,277110,0,,single
1791357896,2761510,0,,single
1791357898,456430,1,,single
1791357899,622770,0,,single
1791357901,1337920,0,,single
1791357902,977390,0,,single
1791357904,2769070,1,,single
1791357905,2460980,0,,single
1791357907,2179300,1,,single
1791357908,683830,2,,single
1791357910,626510,1,,single
1791357911,1096930,17,,single
1791357913,1813860,5,,single
1791357914,378800,0,,single
1791357916,1665260,0,,single
1791357919,715050,1,,single
1791357920,883080,8,,single
1791357922,2479840,0,,single
1791357923,3141720,11,,single
1791357925,2077380,0,,single
1791357926,395620,1,,single
1791357929,645690,2,,single
1791357931,539400,5,,single
1791357933,675170,1,,single
1791357934,2450400,2,,single
1791357936,406850,0,,single
1791357937,1229030,0,,single
1791357939,25860,0,,single
1791357940,2404170,1,,single
1791357942,63800,0,,single
1791357943,704230,13,,single
1791357945,349320,0,,single
1791357946,363610,0,,single
1791357948,297760,4,,single
1791357949,415150,0,,single
1791357951,2079950,0,,single
1791357952,546220,2,,single
1791357954,1524750,0,,single
1791357955,229950,1,,single
1791357957,2179440,1,,single
1791357958,1271100,1,,single
1791357960,2948640,2,,single
1791357961,1919470,3,,single
1791357963,576030,2,,single
1791357964,1037910,0,,single
1791357966,451570,1,,single
1791357967,2941350,0,,single
1791357969,730050,0,,single
1791357970,2800900,2,,single
1791357972,502400,0,,single
1791357973,3058140,0,,single
1791357975,1520270,0,,single
1791357976,754810,0,,single
1791357978,348950,1,,single
1791357979,355630,0,,single
1791357981,1984190,0,,single
1791357982,344440,0,,single
1791357984,672730,0,,single
1791357985,286200,1,,single
1791357987,2312520,6,,single
1791357988,2630080,10,,single
1791357990,2252960,0,,single
1791357991,843660,197,,single
1791357993,2427950,0,,single
1791357994,1065020,0,,single
1791357996,1585910,1,,single
1791357997,556870,0,,single
1791357999,485650,1,,single
1791358000,459010,0,,single
1791358002,697650,2,,single
1791358003,2431880,96,,single
1791358005,866190,0,,single
1791358006,2118370,0,,single
1791358008,1101930,0,,single
1791358009,634340,1,,single
1791358011,46550,0,,single
1791358012,589320,0,,single
1791358014,874400,0,,single
1791358015,439910,0,,single
1791358017,1747050,2,,single
1791358018,1192010,0,,single
1791358020,551450,0,,single
1791358021,2783610,0,,single
1791358023,469890,0,,single
1791358024,1078200,0,,single
1791358026,259870,0,,single
1791358027,307590,0,,single
1791358029,2794610,1,,single
1791358030,1629830,2,,single
1791358032,355530,1,,single
1791358034,2013900,0,,single
1791358035,2178480,791,,single
1791358037,643820,0,,single
1791358038,322850,3,,single
1791358040,882410,1,,single
1791358041,1671360,1,,single
1791358043,1986880,2,,single
1791358044,294000,1,,single
1791358046,956140,0,,single
1791358047,575480,5,,single
1791358049,356420,0,,single
1791358050,337480,0,,single
1791358052,410970,42,,single
1791358053,492500,0,,single
1791358055,102850,0,,single
1791358056,772070,0,,single
1791358058,688740,0,,single
1791358059,237370,1,,single
1791358061,831050,0,,single
1791358062,2491640,0,,single
1791358064,421810,1,,single
1791358065,1193760,0,,single
1791358067,612370,1,,single
1791358068,31830,5,,single
1791358070,292800,2,,single
1791358071,416790,0,,single
1791358073,549080,1,,single
1791358075,314320,0,,single
1791358076,1419370,0,,single
1791358078,398450,0,,single
1791358079,1103100,0,,single
1791358081,2332240,0,,single
1791358082,2795270,0,,single
1791358084,843890,0,,single
1791358085,1450090,17,,single
1791358087,222660,0,,single
1791358088,777880,2,,single
1791358090,1259510,0,,single
1791358091,1696220,1,,single
1791358093,1906020,1,,single
1791358094,573170,0,,single
1791358096,992490,1,,single
1791358098,405610,0,,single
1791358099,1835810,0,,single
1791358101,3330280,181,,single
1791358102,1413960,2,,single
1791358104,710030,2,,single
1791358105,443360,0,,single
1791358107,1934800,0,,single
1791358108,2408680,0,,single
1791358110,2078510,1,,single
1791358111,1882040,4,,single
1791358113,949200,1,,single
1791358114,1631210,0,,single
1791358116,1071290,0,,single
1791358117,46770,9,,single
1791358119,461010,0,,single
1791358120,921700,16,,single
1791358122,412520,1,,single
1791358123,461700,0,,single
1791358125,2347940,1,,single
1791358126,3311560,2,,single
1791358128,1926590,8,,single
1791358129,305980,0,,single
1791358131,893020,2,,single
1791358132,1437500,0,,single
1791358134,867180,3,,single
1791358136,339160,0,,single
1791358137,651490,0,,single
1791358139,1556490,2,,single
1791358140,546980,0,,single
1791358141,437420,1,,single
1791358143,801290,1,,single
1791358144,1198850,2,,single
1791358146,331190,0,,single
1791358147,281450,2,,single
1791358149,1277130,2,,single
1791358150,557260,0,,single
1791358152,1931940,1,,single
1791358153,1131920,12,,single
1791358155,316890,0,,single
1791358156,2224610,1,,single
1791358158,10110,1,,single
1791358160,1580800,7,,single
1791358161,1620720,0,,single
1791358163,1148560,1,,single
1791358164,631980,1,,single
1791358166,200080,6,,single
1791358167,1788850,3,,single
1791358169,394280,0,,single
1791358170,1055990,0,,single
1791358172,664000,0,,single
1791358174,2577760,2,,single
1791358175,1249060,0,,single
1791358177,1771360,0,,single
1791358178,1543710,2,,single
1791358180,424000,2,,single
1791358181,563360,0,,single
1791358183,288370,1,,single
1791358184,1162280,0,,single
1791358186,290970,0,,single
1791358187,42850,12,,single
1791358189,1195560,0,,single
1791358190,1392340,1,,single
1791358192,227760,0,,single
1791358194,1895810,0,,single
1791358195,2083800,0,,single
1791358197,696360,2,,single
1791358198,2329130,0,,single
1791358200,402390,0,,single
1791358201,1733170,0,,single
1791358203,476540,0,,single
1791358204,786580,0,,single
1791358206,1913420,2,,single
1791358207,1775550,49,,single
1791358209,2002570,7,,single
1791358210,1233800,0,,single
1791358212,513330,0,,single
1791358213,445770,4,,single
1791358215,377520,1,,single
1791358216,432980,0,,single
1791358219,933450,0,,single
1791358220,1958600,0,,single
1791358222,453720,0,,single
1791358223,456810,0,,single
1791358225,289400,0,,single
1791358226,2473640,1,,single
1791358228,1174720,1,,single
1791358229,298560,1,,single
1791358231,1978330,0,,single
1791358233,1068640,1,,single
1791358236,965590,5,,single
1791358237,775580,0,,single
1791358239,315550,0,,single
1791358240,1523650,0,,single
1791358242,458480,0,,single
1791358243,1575710,4,,single
1791358245,1113030,1,,single
1791358246,915230,0,,single
1791358248,908050,1,,single
1791358249,340320,0,,single
1791358251,1542280,20,,single
1791358252,1018000,1,,single
1791358254,480450,0,,single
1791358255,1212410,1,,single
1791358257,739130,1,,single
1791358258,882250,0,,single
1791358260,2743850,1,,single
1791358261,887400,0,,single
1791358263,1815230,1,,single
1791358264,332490,2,,single
1791358266,1822240,1,,single
1791358268,2375780,221,,single
1791358269,431810,0,,single
1791358271,61510,7,,single
1791358272,1250440,0,,single
1791358274,2280540,3,,single
1791358275,1365750,0,,single
1791358276,2948790,0,,single
1791358278,611120,1,,single
1791358280,504390,13,,single
1791358281,1028860,16,,single
1791358283,628290,4,,single
1791358284,1095120,2,,single
1791358286,1461920,16,,single
1791358287,1386650,0,,single
1791358289,1177130,0,,single
1791358290,493080,3,,single
1791358292,614950,0,,single
1791358293,804730,0,,single
1791358295,343090,1,,single
1791358296,542590,17,,single
1791358298,1737690,7,,single
1791358299,1088770,2,,single
1791358301,513890,0,,single
1791358302,686900,2,,single
1791358304,1435010,0,,single
1791358305,260930,0,,single
1791358307,2531950,1,,single
1791358308,605990,0,,single
1791358310,1557420,0,,single
1791358311,1617030,0,,single
1791358313,352010,0,,single
1791358314,1256530,0,,single
1791358316,2359470,19,,single
1791358318,377310,1,,single
1791358319,1168690,1,,single
1791358321,730430,1,,single
1791358322,2497560,0,,single
1791358324,1495860,1,,single
1791358325,2572560,6,,single
1791358327,3245050,0,,single
1791358328,46290,1,,single
1791358330,1682410,0,,single
1791358331,2196980,2,,single
1791358333,440740,0,,single
1791358334,312630,0,,single
1791358336,658590,1,,single
1791358337,1459960,0,,single
1791358339,785840,1,,single
1791358340,61730,1,,single
1791358342,1399240,2,,single
1791358343,828150,0,,single
1791358345,532320,2,,single
1791358346,1005120,0,,single
1791358348,2428840,0,,single
1791358349,611750,0,,single
1791358351,702110,3,,single
1791358352,868150,0,,single
1791358354,558450,0,,single
1791358355,368080,0,,single
1791358357,841350,0,,single
1791358358,2722360,2,,single
1791358360,473520,3,,single
1791358361,1155880,5,,single
1791358363,527760,1,,single
1791358364,361320,3,,single
1791358366,1055010,7,,single
1791358367,1740850,0,,single
1791358369,3110010,4,,single
1791358370,22500,6,,single
1791358372,230330,15,,single
1791358373,1501410,0,,single
1791358375,916900,0,,single
1791358376,1251300,0,,single
1791358378,1492730,27,,single
1791358379,2935840,1,,single
1791358381,294670,12,,single
1791358382,687540,6,,single
1791358384,1097100,1,,single
1791358385,283390,0,,single
1791358387,782660,14,,single
1791358388,1016770,0,,single
1791358390,375320,0,,single
1791358391,2508890,0,,single
1791358393,363950,0,,single
1791358394,545410,0,,single
1791358396,1385780,0,,single
1791358397,556860,0,,single
1791358399,2494720,0,,single
1791358401,2400280,32,,single
1791358402,715580,4,,single
1791358404,515470,0,,single
1791358405,1348920,0,,single
1791358407,488660,0,,single
1791358408,42140,0,,single
1791358410,1833040,1,,single
1791358411,2406180,1,,single
1791358413,1450250,0,,single
1791358414,373480,1,,single
1791358416,2003050,0,,single
1791358417,1095040,0,,single
1791358419,1042920,0,,single
1791358421,360970,0,,single
1791358422,4900,8,,single
1791358424,1630590,3,,single
1791358425,1516400,4,,single
1791358427,2787300,0,,single
1791358428,440520,1,,single
1791358430,660920,0,,single
1791358431,852340,2,,single
1791358433,1115450,1,,single
1791358434,1237610,0,,single
1791358436,485950,0,,single
1791358438,313810,0,,single
1791358439,1349600,1,,single
1791358441,1459010,1,,single
1791358442,427780,0,,single
1791358444,286280,0,,single
1791358445,1783680,1,,single
1791358447,205690,0,,single
1791358448,505060,0,,single
1791358450,631830,0,,single
1791358451,1151740,1,,single
1791358453,1449430,0,,single
1791358454,1466230,1,,single
1791358456,491220,1,,single
1791358457,292780,9,,single
1791358459,2707040,0,,single
1791358460,1516750,1,,single
1791358462,576810,1,,single
1791358464,989790,1,,single
1791358465,1627890,1,,single
1791358467,1106940,0,,single
1791358468,864300,0,,single
1791358470,2412490,0,,single
1791358471,12690,1,,single
1791358473,441280,0,,single
1791358474,2153770,20,,single
1791358476,2010370,0,,single
1791358477,324760,0,,single
1791358479,371510,1,,single
1791358480,1861440,0,,single
1791358482,1054950,0,,single
1791358483,926310,0,,single
1791358485,1668080,2,,single
1791358486,11050,1,,single
1791358488,742480,0,,single
1791358489,857350,2,,single
1791358491,1791910,0,,single
1791358492,2488340,31,,single
1791358494,1010850,1,,single
1791358495,603020,0,,single
1791358497,1025070,0,,single
1791358498,830980,2,,single
1791358500,1689350,2,,single
1791358501,338120,0,,single
1791358503,1742610,0,,single
1791358504,209690,4,,single
1791358506,428340,5,,single
1791358507,935070,0,,single
1791358509,1585700,0,,single
1791358510,1395850,2,,single
1791358512,420660,0,,single
1791358513,1410830,0,,single
1791358515,1469620,3,,single
1791358516,1520760,1,,single
1791358518,2260530,0,,single
1791358520,397720,6,,single
1791358521,834150,2,,single
1791358523,1122100,0,,single
1791358524,1120370,3,,single
1791358526,1917550,0,,single
1791358527,2176900,0,,single
1791358529,1151250,0,,single
1791358530,363090,120,,single
1791358532,1300600,0,,single
1791358535,452860,1,,single
1791358537,544310,1,,single
1791358538,392410,0,,single
1791358540,550670,0,,single
1791358541,407600,0,,single
1791358543,332580,2,,single
1791358544,1811740,0,,single
1791358546,350700,2,,single
1791358547,2259210,1,,single
1791358549,2754170,1,,single
1791358550,1179560,0,,single
1791358552,478960,2,,single
1791358553,372930,0,,single
1791358555,496750,3,,single
1791358556,1793030,55,,single
1791358558,602430,0,,single
1791358559,573770,0,,single
1791358561,1322650,0,,single
1791358562,2276420,0,,single
1791358564,233210,0,,single
1791358565,1708190,0,,single
1791358567,999660,3,,single
1791358568,1787790,0,,single
1791358570,577460,0,,single
1791358571,559960,0,,single
1791358573,2449430,3,,single
1791358574,8790,1,,single
1791358576,461880,0,,single
1791358577,584100,2,,single
1791358579,555640,0,,single
1791358580,701870,0,,single
1791358582,536750,1,,single
1791358583,1131900,0,,single
1791358585,3134550,0,,single
1791358586,606370,14,,single
1791358588,1262060,2,,single
1791358589,541930,0,,single
1791358591,341020,1,,single
1791358592,369030,0,,single
1791358594,799500,0,,single
1791358595,1819160,0,,single
1791358597,375010,1,,single
1791358599,307570,0,,single
1791358600,907210,1,,single
1791358602,994020,0,,single
1791358603,912450,3,,single
1791358605,741250,1,,single
1791358606,3122990,0,,single
1791358608,910450,3,,single
1791358609,1234400,3,,single
1791358611,2166140,3,,single
1791358612,568720,0,,single
1791358614,8330,1,,single
1791358615,2146570,0,,single
1791358617,3043740,0,,single
1791358618,959860,2,,single
1791358620,2158650,0,,single
1791358621,373750,1,,single
1791358623,504920,0,,single
1791358624,2189640,0,,single
1791358626,1080010,0,,single
1791358627,347000,1,,single
1791358629,2487390,0,,single
1791358630,962630,0,,single
1791358632,252750,0,,single
1791358633,338530,2,,single
1791358635,1306970,0,,single
1791358637,1907900,0,,single
1791358638,383330,0,,single
1791358640,6400,2,,single
1791358641,2786100,0,,single
1791358643,1991300,0,,single
1791358644,251910,0,,single
1791358646,946010,1,,single
1791358647,490860,1,,single
1791358649,1886830,1,,single
1791358650,568750,0,,single
1791358652,1015730,3,,single
1791358653,303720,0,,single
1791358655,1347450,0,,single
1791358656,1054340,3,,single
1791358658,1399750,1,,single
1791358660,1383770,0,,single
1791358661,2310160,1,,single
1791358663,2918410,1,,single
1791358664,1229880,0,,single
1791358666,1593780,0,,single
1791358667,523160,0,,single
1791358669,1309820,0,,single
1791358670,586970,0,,single
1791358672,1444920,0,,single
1791358673,15240,7,,single
1791358675,344190,0,,single
1791358676,1502230,0,,single
1791358678,444160,1,,single
1791358680,1546090,1,,single
1791358681,273620,0,,single
1791358683,1586290,0,,single
1791358684,925460,0,,single
1791358686,2564860,0,,single
1791358688,964040,6,,single
1791358689,346500,0,,single
1791358691,287900,3,,single
1791358692,399520,0,,single
1791358694,1453790,0,,single
1791358695,566530,0,,single
1791358697,468070,5,,single
1791358698,1121780,1,,single
1791358700,1587710,1,,single
1791358701,302130,1,,single
1791358703,403700,0,,single
1791358704,424780,6,,single
1791358706,452420,0,,single
1791358707,2220870,2,,single
1791358709,2936030,11,,single
1791358710,375520,1,,single
1791358712,764230,4,,single
1791358713,2304640,3,,single
1791358715,1082930,0,,single
1791358716,1481440,0,,single
1791358718,2655580,0,,single
1791358719,658780,2,,single
1791358721,2941580,17,,single
1791358722,1659210,0,,single
1791358724,1600500,8,,single
1791358725,686440,0,,single
1791358727,821670,5,,single
1791358728,4520,1,,single
1791358730,402890,0,,single
1791358731,949600,1,,single
1791358733,2490790,1,,single
1791358734,1650550,0,,single
1791358736,362410,1,,single
1791358737,655480,1,,single
1791358739,1337530,0,,single
1791358740,1608470,0,,single
1791358742,1253880,1,,single
1791358743,703880,0,,single
1791358745,348540,0,,single
1791358747,375130,0,,single
1791358748,2387110,1,,single
1791358750,634410,0,,single
1791358751,976420,1,,single
1791358753,251210,0,,single
1791358754,205870,0,,single
1791358756,411080,0,,single
1791358757,1546440,1,,single
1791358759,1050370,0,,single
1791358760,2693460,0,,single
1791358762,446990,1,,single
1791358763,1346960,0,,single
1791358765,98500,0,,single
1791358766,1725340,0,,single
1791358768,1982150,0,,single
1791358769,581520,0,,single
1791358771,1721530,1,,single
1791358772,1887020,1,,single
1791358774,1452500,1,,single
1791358775,1449500,7,,single
1791358777,1550840,0,,single
1791358778,1084480,0,,single
1791358780,347400,1,,single
1791358781,358460,1,,single
1791358783,1998330,1,,single
1791358784,49900,0,,single
1791358786,1670,0,,single
1791358787,1583500,1,,single
1791358789,1272580,0,,single
1791358790,1301220,0,,single
1791358792,1949000,0,,single
1791358793,38230,1,,single
1791358795,1818180,0,,single
1791358796,262190,0,,single
1791358798,966670,2,,single
1791358799,567980,0,,single
1791358801,741430,0,,single
1791358802,828580,0,,single
1791358804,2206140,0,,single
1791358806,1557860,1,,single
1791358807,691150,4,,single
1791358809,226820,2,,single
1791358810,2168450,1,,single
1791358812,981590,8,,single
1791358813,1537910,10,,single
1791358815,365050,1,,single
1791358816,704510,2,,single
1791358818,1021670,0,,single
1791358820,2156620,1,,single
1791358821,2560460,1,,single
1791358823,570420,0,,single
1791358824,1031900,0,,single
1791358826,361690,0,,single
1791358827,1237730,0,,single
1791358830,599000,4,,single
1791358832,533480,0,,single
1791358833,1010270,0,,single
1791358835,1090800,1,,single
1791358836,2055500,0,,single
1791358838,867960,0,,single
1791358839,2273880,0,,single
1791358841,1114420,42,,single
1791358842,312350,6,,single
1791358844,1413990,0,,single
1791358845,1241040,0,,single
1791358847,897930,0,,single
1791358849,1161880,1,,single
1791358850,1726760,1,,single
1791358852,286770,0,,single
1791358853,1785910,0,,single
1791358855,420210,6,,single
1791358856,826480,0,,single
1791358858,310110,0,,single
1791358859,377360,1,,single
1791358861,972010,0,,single
1791358862,260690,1,,single
1791358864,1830910,0,,single
1791358865,1222210,9,,single
1791358867,2553960,0,,single
1791358868,1394930,7,,single
1791358870,416190,3,,single
1791358871,547900,21,,single
1791358873,1523720,4,,single
1791358874,1156730,0,,single
1791358876,1803600,3,,single
1791358877,388970,0,,single
1791358879,485490,0,,single
1791358880,1755030,1,,single
1791358882,1420810,1,,single
1791358883,1301010,1,,single
1791358885,340280,0,,single
1791358886,37210,4,,single
1791358888,677450,0,,single
1791358890,706490,0,,single
1791358891,374410,0,,single
1791358893,1102880,1,,single
1791358894,263380,0,,single
1791358896,869840,1,,single
1791358897,1598370,0,,single
1791358899,370070,0,,single
1791358900,1265230,0,,single
1791358902,865940,0,,single
1791358903,1885690,6,,single
1791358905,495350,0,,single
1791358906,1518220,2,,single
1791358908,359190,0,,single
1791358909,275510,4,,single
1791358911,1876460,11,,single
1791358912,939000,1,,single
1791358914,691390,0,,single
1791358915,496760,2,,single
1791358917,1056750,3,,single
1791358918,796290,0,,single
1791358920,1772060,1,,single
1791358921,289820,1,,single
1791358923,355020,4,,single
1791358924,356270,2,,single
1791358926,1458900,1,,single
1791358928,1293650,0,,single
1791358929,1454540,1,,single
1791358931,279990,1,,single
1791358932,253790,0,,single
1791358934,322750,0,,single
1791358935,1457630,20,,single
1791358937,1037410,0,,single
1791358938,1146100,1,,single
1791358940,656880,0,,single
1791358941,886820,7,,single
1791358943,396280,3,,single
1791358944,403980,0,,single
1791358946,291030,0,,single
1791358947,1152810,0,,single
1791358949,1859860,0,,single
1791358950,311860,1,,single
1791358952,527770,1,,single
1791358953,1859290,4,,single
1791358955,299110,0,,single
1791358956,1449510,0,,single
1791358958,1222050,0,,single
1791358959,453670,0,,single
1791358961,1986230,0,,single
1791358962,656510,0,,single
1791358964,916160,2,,single
1791358965,977570,0,,single
1791358967,2142450,0,,single
1791358968,512020,0,,single
1791358970,9850,3,,single
1791358971,1469690,0,,single
1791358973,686720,15,,single
1791358974,1325470,0,,single
1791358976,2026880,1,,single
1791358978,491650,1,,single
1791358979,1721350,1,,single
1791358981,452710,0,,single
1791358982,1055850,0,,single
1791358984,1519790,0,,single
1791358985,1480480,1,,single
1791358987,342350,1,,single
1791358988,872680,0,,single
1791358990,1373930,0,,single
1791358991,845250,6,,single
1791358993,2205290,0,,single
1791358994,762610,0,,single
1791358996,312640,0,,single
1791358997,411320,6,,single
1791358999,536990,0,,single
1791359000,458760,0,,single
1791359002,1054710,0,,single
1791359004,2581570,0,,single
1791359005,2086140,0,,single
1791359007,751060,0,,single
1791359008,1437050,1,,single
1791359010,333430,0,,single
1791359011,603150,0,,single
1791359013,938810,1,,single
1791359014,420880,0,,single
1791359016,1931240,0,,single
1791359017,61100,1,,single
1791359019,530040,0,,single
1791359020,2484360,1,,single
1791359022,277700,0,,single
1791359023,1666250,0,,single
1791359025,672860,5,,single
1791359026,1343520,0,,single
1791359028,1155120,1,,single
1791359029,378770,0,,single
1791359031,1249110,0,,single
1791359032,465020,0,,single
1791359034,2022290,15,,single
1791359035,97130,14,,single
1791359037,1490340,0,,single
1791359038,1508400,0,,single
1791359040,953900,0,,single
1791359041,1924400,0,,single
1791359043,738610,0,,single
1791359044,673850,0,,single
1791359046,500190,4,,single
1791359047,245430,9,,single
1791359049,358080,0,,single
1791359050,517360,0,,single
1791359052,361380,1,,single
1791359053,925940,2,,single
1791359055,429530,1,,single
1791359056,1387500,1,,single
1791359058,1471530,0,,single
1791359059,416040,0,,single
1791359061,514090,0,,single
1791359062,2109430,0,,single
1791359064,306490,1,,single
1791359065,544180,5,,single
1791359067,2004440,0,,single
1791359068,494810,0,,single
1791359070,1676910,1,,single
1791359071,1189230,1,,single
1791359073,1061610,0,,single
1791359074,508530,0,,single
1791359076,539330,0,,single
1791359077,567080,2,,single
1791359079,1988940,1,,single
1791359081,39660,0,,single
1791359082,1502790,0,,single
1791359084,307130,0,,single
1791359085,494600,0,,single
1791359087,1033080,0,,single
1791359088,1970020,0,,single
1791359090,1259000,0,,single
1791359091,1057780,0,,single
1791359093,2444470,0,,single
1791359094,2150660,2,,single
1791359096,1184560,1,,single
1791359098,567800,2,,single
1791359099,922630,0,,single
1791359101,1315210,0,,single
1791359102,880220,0,,single
1791359104,1603940,4,,single
1791359105,593620,0,,single
1791359107,351250,0,,single
1791359108,2377420,4,,single
1791359110,840930,0,,single
1791359111,420770,0,,single
1791359113,346950,0,,single
1791359114,1615060,3,,single
1791359116,296730,0,,single
1791359117,1825930,0,,single
1791359119,43100,0,,single
1791359121,1184570,0,,single
1791359122,2216600,2,,single
1791359124,1647420,4,,single
1791359125,760460,2,,single
1791359127,1198740,0,,single
1791359129,680830,1,,single
1791359130,780820,0,,single
1791359132,366280,0,,single
1791359135,1687960,0,,single
1791359136,1845670,0,,single
1791359138,866420,1,,single
1791359139,788630,0,,single
1791359141,350530,0,,single
1791359142,493060,0,,single
1791359144,1218890,1,,single
1791359145,512080,0,,single
1791359147,1487430,0,,single
1791359148,399420,2,,single
1791359150,1791790,0,,single
1791359152,1060300,0,,single
1791359153,1767310,0,,single
1791359155,1763830,0,,single
1791359156,365890,0,,single
1791359158,1552310,0,,single
1791359159,2114370,1,,single
1791359161,2125160,0,,single
1791359162,1170370,0,,single
1791359164,1355780,6,,single
1791359165,1603420,0,,single
1791359167,1013910,1,,single
1791359168,1022710,1,,single
1791359170,391280,0,,single
1791359171,964130,2,,single
1791359173,445020,2,,single
1791359174,2400880,0,,single
1791359176,1859580,0,,single
1791359177,1454160,3,,single
1791359179,2107860,14,,single
1791359180,2336590,0,,single
1791359182,204940,1,,single
1791359183,264060,0,,single
1791359185,744050,1,,single
1791359186,326990,1,,single
1791359188,1240480,0,,single
1791359189,1338460,0,,single
1791359191,1540220,0,,single
1791359192,377450,1,,single
1791359194,584800,0,,single
1791359195,2124470,6,,single
1791359197,255940,0,,single
1791359198,1257880,2,,single
1791359200,270810,0,,single
1791359201,1270010,1,,single
1791359203,552460,1,,single
1791359204,1234620,0,,single
1791359206,1811600,2,,single
1791359207,1807930,1,,single
1791359209,453960,0,,single
1791359210,1895820,0,,single
1791359212,1000770,0,,single
1791359214,2305180,0,,single
1791359215,690120,0,,single
1791359217,420180,0,,single
1791359218,1835870,0,,single
1791359220,1287590,0,,single
1791359221,1010670,0,,single
1791359223,578590,1,,single
1791359224,648780,0,,single
1791359226,1640320,1,,single
1791359227,317300,0,,single
1791359229,1819180,0,,single
1791359230,1273250,0,,single
1791359232,1149710,0,,single
1791359233,709240,0,,single
1791359235,361600,0,,single
1791359236,2250550,5,,single
1791359238,1849570,4,,single
1791359239,1638950,0,,single
1791359241,773430,0,,single
1791359242,1838970,5,,single
1791359244,327930,1,,single
1791359245,1399670,0,,single
1791359247,200130,0,,single
1791359248,1282760,1,,single
1791359250,1909770,0,,single
1791359251,306640,4,,single
1791359253,1077340,0,,single
1791359254,431280,0,,single
1791359256,545580,0,,single
1791359257,1684670,2,,single
1791359259,990360,0,,single
1791359260,579720,0,,single
1791359262,555290,0,,single
1791359263,1826860,0,,single
1791359265,1358530,1,,single
1791359266,1251980,0,,single
1791359268,1480810,4,,single
1791359269,1029650,0,,single
1791359271,377950,0,,single
1791359272,411980,1,,single
1791359274,4460,2,,single
1791359275,2303800,1,,single
1791359277,1152320,8,,single
1791359278,990250,1,,single
1791359280,1550870,0,,single
1791359281,1437860,67,,single
1791359283,1562910,2,,single
1791359284,1969060,0,,single
1791359286,2297010,7,,single
1791359287,827050,1,,single
1791359289,809000,0,,single
1791359290,1129250,0,,single
1791359292,446000,0,,single
1791359293,787510,8,,single
1791359295,2000090,0,,single
1791359296,314470,2,,single
1791359298,204440,0,,single
1791359300,1229500,0,,single
1791359301,303840,0,,single
1791359303,1836030,7,,single
1791359304,1709350,0,,single
1791359306,366290,1,,single
1791359307,2091960,0,,single
1791359309,2620500,0,,single
1791359310,296550,0,,single
1791359312,1947940,1,,single
1791359313,615780,2,,single
1791359315,574260,2,,single
1791359316,1314770,2,,single
1791359318,1750110,0,,single
1791359319,1233540,0,,single
1791359321,1801640,0,,single
1791359322,1882280,33,,single
1791359324,2420620,0,,single
1791359325,1388580,0,,single
1791359327,559260,0,,single
1791359328,385590,0,,single
1791359330,870690,2,,single
1791359331,533970,0,,single
1791359333,592730,0,,single
1791359334,513740,0,,single
1791359336,1779180,0,,single
1791359337,2644010,7,,single
1791359339,2227450,0,,single
1791359340,2486930,3,,single
1791359342,547480,0,,single
1791359343,1114950,2,,single
1791359345,1848130,0,,single
1791359346,437390,1,,single
1791359348,255960,0,,single
1791359349,714250,0,,single
1791359351,450140,11,,single
1791359352,447200,0,,single
1791359354,1452630,0,,single
1791359355,451130,6,,single
1791359357,286660,0,,single
1791359358,1436920,0,,single
1791359360,1346720,0,,single
1791359361,262240,0,,single
1791359363,1991850,8,,single
1791359365,817020,0,,single
1791359366,1015710,0,,single
1791359368,1145290,0,,single
1791359369,437690,0,,single
1791359371,449060,1,,single
1791359372,1086860,1,,single
1791359374,1945230,1,,single
1791359375,358360,1,,single
1791359377,724000,0,,single
1791359378,861270,5,,single
1791359380,509600,0,,single
1791359381,575860,1,,single
1791359383,273750,0,,single
1791359384,771240,0,,single
1791359386,935570,0,,single
1791359387,1466690,0,,single
1791359389,1209140,0,,single
1791359390,296930,1,,single
1791359392,291690,0,,single
1791359393,781130,0,,single
1791359395,2560530,0,,single
1791359396,378110,0,,single
1791359398,2310300,0,,single
1791359399,610860,2,,single
1791359401,1325800,2,,single
1791359402,748610,7,,single
1791359404,635390,0,,single
1791359405,1563340,0,,single
1791359407,281060,0,,single
1791359408,40340,0,,single
1791359410,846730,0,,single
1791359411,1777750,1,,single
1791359413,543980,4,,single
1791359414,574270,0,,single
1791359416,287720,1,,single
1791359417,202690,0,,single
1791359420,788210,0,,single
1791359421,412290,0,,single
1791359423,1475460,1,,single
1791359424,523150,2,,single
1791359426,486480,1,,single
1791359427,1229420,2,,single
1791359430,570490,1,,single
1791359432,2229350,0,,single
1791359433,760630,2,,single
1791359435,1311700,1,,single
1791359436,458030,0,,single
1791359438,1309200,1,,single
1791359440,429280,0,,single
1791359441,1345760,1,,single
1791359443,1413970,1,,single
1791359444,1829650,2,,single
1791359446,1897050,0,,single
1791359447,853050,1,,single
1791359449,343340,0,,single
1791359450,1094540,0,,single
1791359452,1040820,0,,single
1791359453,509560,1,,single
1791359455,1662080,1,,single
1791359456,1941110,3,,single
1791359458,727570,0,,single
1791359459,1022480,0,,single
1791359461,2176850,0,,single
1791359462,579230,0,,single
1791359464,794960,1,,single
1791359466,364820,0,,single
1791359467,341040,2,,single
1791359469,1351450,0,,single
1791359470,610660,0,,single
1791359472,585190,4,,single
1791359473,776890,0,,single
1791359475,15930,3,,single
1791359476,2120310,1,,single
1791359478,420550,0,,single
1791359479,820910,0,,single
1791359481,2574840,0,,single
1791359482,15900,9,,single
1791359484,1302860,2,,single
1791359485,518670,0,,single
1791359487,302490,1,,single
1791359488,1273540,0,,single
1791359490,1779460,0,,single
1791359491,662190,0,,single
1791359493,2490910,31,,single
1791359494,1551160,3,,single
1791359496,1442170,1,,single
1791359497,1622710,3,,single
1791359499,277270,0,,single
1791359500,1084790,8,,single
1791359502,718940,0,,single
1791359503,1966130,13,,single
1791359505,408960,2,,single
1791359506,1637140,1,,single
1791359508,1146170,1,,single
1791359509,1365010,0,,single
1791359511,2119650,27,,single
1791359512,4731620,781,,single
1791359514,4877110,9,,single
1791359515,4740420,1,,single
1791359516,4855760,0,,single
1791359518,4830880,26,,single
1791359519,4824420,25,,single
1791359521,4754090,0,,single
1791359522,18020,0,,single
1791359524,31860,2,,single
1791359525,31920,3,,single
1791359527,38120,4,,single
1791359528,60800,1,,single
1791359530,200490,0,,single
1791359531,233310,1,,single
1791359533,245010,0,,single
1791359534,289360,2,,single
1791359536,300320,0,,single
1791359537,319230,0,,single
1791359539,341170,0,,single
1791359540,345440,0,,single
1791359542,368220,4,,single
1791359543,388980,1,,single
1791359545,406160,1,,single
1791359546,416290,0,,single
1791359548,432940,0,,single
1791359550,448560,0,,single
1791359551,466490,1,,single
1791359553,482890,1,,single
1791359554,512640,2,,single
1791359556,529890,2,,single
1791359557,546900,0,,single
1791359559,553610,1,,single
1791359560,558780,0,,single
1791359562,563120,0,,single
1791359563,567160,1,,single
1791359565,572740,4,,single
1791359566,575830,0,,single
1791359568,581200,3,,single
1791359569,594350,1,,single
1791359571,603010,0,,single
1791359572,617610,81,,single
1791359574,632050,0,,single
1791359575,648890,0,,single
1791359577,661680,0,,single
1791359578,679520,6,,single
1791359580,701470,65,,single
1791359581,717950,0,,single
1791359583,729460,2,,single
1791359584,740090,0,,single
1791359586,762520,0,,single
1791359587,778400,0,,single
1791359589,826010,0,,single
1791359590,844500,0,,single
1791359592,896960,2,,single
1791359593,928840,9,,single
1791359595,946880,1,,single
1791359596,961010,2,,single
1791359598,977510,2,,single
1791359599,1001040,2,,single
1791359601,1020910,1,,single
1791359602,1029980,11,,single
1791359604,1040630,0,,single
1791359605,1066760,0,,single
1791359607,1086620,0,,single
1791359608,1101270,0,,single
1791359610,1113780,2,,single
1791359611,1124160,0,,single
1791359613,1133930,1,,single
1791359615,1159500,0,,single
1791359616,1175190,1,,single
1791359618,1192610,0,,single
1791359619,1212100,0,,single
1791359621,1226970,3,,single
1791359622,1229390,2,,single
1791359624,1234730,24,,single
1791359625,1257850,2,,single
1791359627,1263620,0,,single
1791359628,1270620,2,,single
1791359630,1290750,4,,single
1791359631,1299290,3,,single
1791359633,1309710,3,,single
1791359634,1316760,0,,single
1791359636,1324030,0,,single
1791359637,1342060,1,,single
1791359639,1364690,18,,single
1791359640,1367690,0,,single
1791359642,1379110,0,,single
1791359643,1383570,3,,single
1791359645,1396540,2,,single
1791359646,1403740,12,,single
1791359648,1422630,1,,single
1791359649,1425250,0,,single
1791359651,1441180,0,,single
1791359653,1449780,0,,single
1791359654,1454640,0,,single
1791359656,1464380,0,,single
1791359657,1474930,3,,single
1791359659,1486440,0,,single
1791359660,1521810,1,,single
1791359662,1540060,0,,single
1791359663,1558000,0,,single
1791359665,1562920,5,,single
1791359666,1578160,0,,single
1791359668,1594130,0,,single
1791359669,1620030,1,,single
1791359671,1625230,0,,single
1791359672,1641240,2,,single
1791359674,1646790,4,,single
1791359675,1660290,1,,single
1791359677,1667400,3,,single
1791359678,1681880,1,,single
1791359680,1687530,1,,single
1791359681,1702430,0,,single
1791359683,1725950,9,,single
1791359684,1734890,0,,single
1791359686,1740660,0,,single
1791359687,1747890,0,,single
1791359689,1778210,2,,single
1791359690,1795180,0,,single
1791359692,1804270,0,,single
1791359693,1818940,14,,single
1791359695,1840710,0,,single
1791359697,1851610,5,,single
1791359698,1863080,0,,single
1791359700,1870150,9,,single
1791359701,1880610,4,,single
1791359703,1889890,7,,single
1791359704,1905530,2,,single
1791359705,1913740,8,,single
1791359707,1919040,0,,single
1791359709,1921760,7,,single
1791359710,1934300,11,,single
1791359712,1946300,0,,single
1791359713,1957760,1,,single
1791359715,1966070,0,,single
1791359716,1972550,0,,single
1791359718,1985740,2,,single
1791359720,1991980,0,,single
1791359721,2006730,0,,single
1791359723,2017620,5,,single
1791359724,2056200,3,,single
1791359726,2063480,0,,single
1791359727,2072980,1,,single
1791359730,2085040,0,,single
1791359732,2089450,34,,single
1791359733,2096570,0,,single
1791359735,2102490,12,,single
1791359736,2113770,3,,single
1791359738,2122090,4,,single
1791359739,2143980,2,,single
1791359741,2154240,1,,single
1791359742,2158740,0,,single
1791359744,2169120,2,,single
1791359745,2172900,6,,single
1791359747,2185030,1,,single
1791359748,2192900,2,,single
1791359750,2203040,3,,single
1791359751,2215410,4,,single
1791359753,2219820,2,,single
1791359754,2224740,0,,single
1791359756,2228030,0,,single
1791359758,2236590,0,,single
1791359759,2241560,0,,single
1791359761,2249850,0,,single
1791359762,2275940,1,,single
1791359764,2280060,65,,single
1791359765,2300340,2,,single
1791359767,2314180,0,,single
1791359768,2326590,3,,single
1791359770,2341070,0,,single
1791359771,2350280,4,,single
1791359773,2359170,0,,single
1791359774,2372330,24,,single
1791359776,2392500,4,,single
1791359777,2406370,2,,single
1791359779,2413190,5,,single
1791359780,2416880,0,,single
1791359782,2425150,7,,single
1791359783,2429190,11,,single
1791359785,2437570,1,,single
1791359786,2446680,0,,single
1791359788,2457030,2,,single
1791359789,2462060,4,,single
1791359791,2479740,0,,single
1791359792,2485350,0,,single
1791359794,2496920,5,,single
1791359795,2508210,0,,single
1791359797,2520410,5,,single
1791359798,2527450,5,,single
1791359800,2542140,2,,single
1791359801,2562460,0,,single
1791359803,2581750,0,,single
1791359804,2598800,0,,single
1791359806,2600700,0,,single
1791359808,2633500,8,,single
1791359809,2668000,1,,single
1791359811,2685380,0,,single
1791359812,2707110,6,,single
1791359814,2718240,2,,single
1791359815,2736860,23,,single
1791359817,2742150,0,,single
1791359818,2761240,0,,single
1791359820,2777740,0,,single
1791359821,2800840,1,,single
1791359823,2811100,4,,single
1791359824,2818150,1,,single
1791359826,2820140,34,,single
1791359827,2837600,6,,single
1791359829,2851770,1,,single
1791359830,2856370,0,,single
1791359832,2858370,3,,single
1791359833,2875280,1,,single
1791359835,2884190,0,,single
1791359836,2905090,0,,single
1791359838,2924310,1,,single
1791359839,2938850,0,,single
1791359841,2953560,1,,single
1791359842,2963230,0,,single
1791359844,2976490,0,,single
1791359845,2981650,0,,single
1791359847,2987750,0,,single
1791359848,2994240,1,,single
1791359850,3000030,45,,single
1791359851,3010460,6,,single
1791359853,3023190,32,,single
1791359854,3030250,1,,single
1791359856,3037180,2,,single
1791359857,3040220,0,,single
1791359859,3073580,2,,single
1791359860,3079970,1,,single
1791359862,3100210,1,,single
1791359863,3113680,0,,single
1791359865,3124550,25,,single
1791359867,3127000,3,,single
1791359868,3140990,3,,single
1791359870,3151830,0,,single
1791359871,3159900,0,,single
1791359873,3198680,1,,single
1791359874,3215190,1,,single
1791359876,3265280,0,,single
1791359877,3288460,1,,single
1791359879,3314340,331,,single
1791359880,3328900,8,,single
1791359882,3333890,0,,single
1791359883,3352300,0,,single
1791359885,3360110,2,,single
1791359886,3392420,1,,single
1791359888,3404380,0,,single
1791359889,3422450,2,,single
1791359891,3446200,3,,single
1791359892,3478200,2,,single
1791359894,3570430,5,,single
1791359895,3676960,0,,single
1791359897,254760,83,,single
1791359898,686060,2550,,single
1791359900,436780,267,,single
1791359901,551620,5,,single
1791359903,1030300,4770,,single
1791359904,2807960,17890,,single
1791359906,2868840,53019,,single
1791359908,3564740,5485,,single
1791359910,3419430,163569,,single
1791359911,3405340,1933,,single
1791359913,2483190,11212,,single
1791359914,2073620,17741,,single
1791359916,3949040,1971,,single
1791359917,4001890,30292,,single
1791359919,3008130,2210,,single
1791359920,3932890,26700,,single
1791359922,2524890,693,,single
1791359923,3065800,1960,,single
1791359925,2138720,2174,,single
1791359926,1478500,4162,,single
1791359928,3478870,892,,single
1791359929,3101040,1008,,single
1791359931,3557620,2385,,single
1791359932,3751950,1501,,single
1791359934,3472040,8722,,single
1791359935,3314790,831,,single
1791359937,2584990,4302,,single
1791359938,3199170,2089,,single
1791359940,2661300,2858,,single
1791359941,2075800,1384,,single
1791359943,3274300,17,,single
1791359944,3892270,5876,,single
1791359946,4164420,279,,single
1791359947,3751260,2864,,single
1791359949,4126040,43507,,single
1791359950,3028330,9,,single
1791359952,3679080,1328,,single
1791359953,1984270,953,,single
1791359955,1601570,271,,single
1791359956,2416450,146,,single
1791359958,2605790,207,,single
1791359959,2950790,632,,single
1791359961,3293260,789,,single
1791359962,1783560,963,,single
1791359964,4122860,60,,single
1791359965,1431300,2736,,single
1791359967,1631270,499,,single
1791359968,3548580,4188,,single
1791359970,3478050,350,,single
1791359971,1857950,708,,single
1791359973,2072560,688,,single
1791359974,2968420,929,,single
1791359976,4570720,959,,single
1791359977,2229850,1479,,single
1791359979,4421010,1522,,single
1791359980,1392860,228,,single
1791359982,3454610,12,,single
1791359983,3812600,1540,,single
1791359985,2791440,76,,single
1791359986,1663850,60,,single
1791359988,2753900,463,,single
1791359989,3672400,342,,single
1791359991,3917090,298,,single
1791359992,2057760,143,,single
1791359994,3606890,594,,single
1791359995,2905170,17,,single
1791359997,3483740,394,,single
1791359998,1535560,1050,,single
1791360000,4148240,602,,single
1791360001,2373990,187,,single
1791360003,1875580,73,,single
1791360004,2796340,11,,single
1791360006,3755860,357,,single
1791360007,3636770,519,,single
1791360009,2100280,142,,single
1791360010,3526710,412,,single
1791360015,2778610,62,,single
1791360016,2739600,60,,single
1791360018,2240620,73,,single
1791360020,2994020,214,,single
1791360021,2157830,86,,single
1791360023,3064370,109,,single
1791360024,3115220,154,,single
1791360026,2893820,97,,single
1791360027,2966320,283,,single
1791360030,1004640,358,,single
1791360032,3104410,4,,single
1791360035,1952920,133,,single
1791360036,3831120,98,,single
1791360038,2540100,34,,single
1791360039,2933290,3,,single
1791360041,3447040,1033,,single
1791360042,1724190,84,,single
1791360044,3504780,3,,single
1791360045,3787240,174,,single
1791360047,3767850,1176,,single
1791360048,3553500,59,,single
1791360050,2772560,60,,single
1791360051,3495730,49,,single
1791360053,1805320,535,,single
1791360055,2624870,43,,single
1791360056,2102040,22,,single
1791360058,2512840,2,,single
1791360059,3110070,7,,single
1791360061,2758540,4,,single
1791360062,2739990,416,,single
1791360064,2750780,96,,single
1791360065,3326230,258,,single
1791360067,3602290,81,,single
1791360068,3065940,266,,single
1791360070,3587610,11,,single
1791360071,3946950,208,,single
1791360073,2756770,64,,single
1791360074,2093940,72,,single
1791360076,3527760,37,,single
1791360077,3711590,424,,single
1791360079,3444020,249,,single
1791360080,2878450,221,,single
1791360082,1845250,109,,single
1791360083,1657090,5,,single
1791360085,3008200,7,,single
1791360086,1395520,56,,single
1791360088,2963870,36,,single
1791360089,2904040,71,,single
1791360091,3501070,68,,single
1791360092,2300840,13,,single
1791360094,4282500,2665,,single
1791360096,3694480,28,,single
1791360097,4739660,104,,single
1791360099,4450800,12,,single
1791360100,3692660,0,,single
1791360102,2489330,823,,single
1791360103,1962890,171,,single
1791360105,2238470,91,,single
1791360106,1067360,795,,single
1791360108,3105890,5,,single
1791360109,3180150,68,,single
1791360111,2004680,109,,single
1791360112,1368140,481,,single
1791360114,3400960,957,,single
1791360115,2654860,15,,single
1791360117,3446240,354,,single
1791360118,4358690,10408,,single
1791360120,3934270,489,,single
1791360121,3561220,831,,single
1791360123,2445260,504,,single
1791360124,2975950,79,,single
1791360126,2864560,177,,single
1791360127,3775050,5,,single
1791360129,3602570,33,,single
1791360130,2449710,84,,single
1791360132,4911390,84,,single
1791360133,3026450,193,,single
1791360135,3008740,60,,single
1791360136,4244510,152,,single
1791360138,4164790,6707,,single
1791360139,2715650,5,,single
1791360141,2735630,0,,single
1791360142,3570370,2,,single
1791360144,3398110,361,,single
1791360145,2934220,103,,single
1791360147,3577060,65,,single
1791360148,4292950,59,,single
1791360150,4032350,1690,,single
1791360151,3381680,224,,single
1791360153,3276050,181,,single
1791360154,2963800,224,,single
1791360156,4294490,691,,single
1791360157,2649970,108,,single
1791360159,2614070,38,,single
1791360160,4019220,16441,,single
1791360162,3664010,112,,single
1791360163,3399960,1059,,single
1791360165,4225940,5,,single
1791360166,2999060,6,,single
1791360168,2542120,6,,single
1791360169,3279780,1052,,single
1791360171,4080220,23897,,single
1791360172,4705510,648,,single
1791360174,2919650,14,,single
1791360175,3440070,23,,single
1791360177,1953230,17,,single
1791360178,2639100,76,,single
1791360180,1281040,29,,single
1791360181,3717070,647,,single
1791360183,2274620,45,,single
1791360184,2692990,32,,single
1791360186,3357960,98,,single
1791360187,1597080,0,,single
1791360189,2678640,130,,single
1791360190,3278760,8,,single
1791360192,1442670,6,,single
1791360193,3110760,46,,single
1791360195,2701440,69,,single
1791360196,3265060,15,,single
1791360198,2574970,4,,single
1791360199,2527160,79,,single
1791360201,2992240,2,,single
1791360203,2803000,1,,single
1791360204,2834910,19,,single
1791360206,2250500,235,,single
1791360207,4249110,74,,single
1791360209,1517850,26,,single
1791360210,3720420,171,,single
1791360212,2973390,1,,single
1791360213,2976910,10,,single
1791360215,4233550,23,,single
1791360216,3569430,2,,single
1791360218,3015610,73,,single
1791360219,3543040,11,,single
1791360221,2235200,162,,single
1791360222,3103780,217,,single
1791360224,2725560,204,,single
1791360226,4356430,11280,,single
1791360227,3300800,29,,single
1791360229,3902520,51,,single
1791360230,2626910,3,,single
1791360232,3363680,21,,single
1791360233,4286550,104,,single
1791360235,3247270,0,,single
1791360236,3029750,167,,single
1791360238,3112010,108,,single
1791360239,2782500,156,,single
1791360241,2679100,131,,single
1791360242,4164580,2,,single
1791360244,3734680,1,,single
1791360245,3767740,24,,single
1791360247,2209900,299,,single
1791360248,1260820,53,,single
1791360250,3451980,276,,single
1791360251,3286930,8,,single
1791360253,2377930,664,,single
1791360254,2901140,0,,single
1791360256,2569510,548,,single
1791360257,2590150,42,,single
1791360259,4297840,66,,single
1791360260,2880460,0,,single
1791360262,3446680,7,,single
1791360263,3099640,13,,single
1791360265,2989820,210,,single
1791360267,2881230,0,,single
1791360268,3115010,19,,single
1791360270,4323990,0,,single
1791360271,3483510,118,,single
1791360273,2845260,1,,single
1791360274,3247080,125,,single
1791360276,3599690,3,,single
1791360277,3476730,22,,single
1791360279,1526900,31,,single
1791360280,2453160,4,,single
1791360282,3017450,144,,single
1791360283,2535770,2,,single
1791360285,4395300,32,,single
1791360286,1674010,116,,single
1791360288,3569500,487,,single
1791360289,2690010,46,,single
1791360291,4111370,788,,single
1791360292,2940490,7,,single
1791360294,2876550,5,,single
1791360295,2121150,0,,single
1791360297,2543830,405,,single
1791360298,2412960,96,,single
1791360300,2208350,16,,single
1791360301,3218630,4,,single
1791360303,3559510,7,,single
1791360304,2454960,10,,single
1791360306,2821610,33,,single
1791360307,2713690,188,,single
1791360309,2599690,5,,single
1791360310,3849000,53,,single
1791360312,4298880,43,,single
1791360313,1198970,10,,single
1791360315,4327530,116,,single
1791360316,2756830,1,,single
1791360318,2825860,76,,single
1791360320,3749320,20,,single
1791360322,3882730,240,,single
1791360323,1869290,34,,single
1791360324,2638560,12,,single
1791360326,2144600,77,,single
1791360328,4585340,9,,single
1791360331,2308690,23,,single
1791360332,2429050,3,,single
1791360334,3298940,10,,single
1791360336,2799930,105,,single
1791360337,2738630,37,,single
1791360339,4891320,13933,,single
1791360340,3347670,6,,single
1791360342,3555430,19,,single
1791360343,1880620,3,,single
1791360345,4369130,140,,single
1791360346,1769830,41,,single
1791360348,2255370,12,,single
1791360349,3832630,0,,single
1791360351,1554260,18,,single
1791360352,3271280,363,,single
1791360354,3707400,385,,single
1791360355,3709430,442,,single
1791360357,2772820,8,,single
1791360358,3378960,5,,single
1791360360,2904320,0,,single
1791360361,2778430,5,,single
1791360363,3650160,38,,single
1791360364,3421300,8,,single
1791360366,3542380,93,,single
1791360367,3091140,48,,single
1791360369,2517850,0,,single
1791360370,1369700,77,,single
1791360372,2982610,18,,single
1791360373,2933990,0,,single
1791360375,3045200,31,,single
1791360376,1826420,220,,single
1791360378,2877170,8,,single
1791360379,3498270,105,,single
1791360381,2684500,1,,single
1791360382,3418570,92,,single
1791360384,2368930,26,,single
1791360385,3393070,240,,single
1791360387,3385970,1,,single
1791360388,3017330,13,,single
1791360390,3639070,54,,single
1791360391,3454980,13,,single
1791360393,2487300,31,,single
1791360394,3809900,60,,single
1791360396,3226450,35,,single
1791360397,3838370,9,,single
1791360399,1943730,125,,single
1791360400,2223700,2,,single
1791360402,3668560,64,,single
1791360403,3617620,24,,single
1791360405,4560660,1166,,single
1791360406,3177890,43,,single
1791360408,3861430,1957,,single
1791360409,2488590,4,,single
1791360411,3946810,15,,single
1791360412,4030150,698,,single
1791360414,2346840,3,,single
1791360415,2836100,21,,single
1791360417,2843190,7,,single
1791360418,3668370,21,,single
1791360420,3380760,27,,single
1791360421,3400350,33,,single
1791360423,4172530,127,,single
1791360424,3588490,16,,single
1791360426,1488310,2,,single
1791360427,3165680,222,,single
1791360429,4512570,69,,single
1791360431,4195470,378,,single
1791360432,4517460,144,,single
1791360434,2364580,19,,single
1791360435,2580020,4,,single
1791360437,2413950,5,,single
1791360438,3340750,0,,single
1791360440,2806640,101,,single
1791360441,2678830,134,,single
1791360443,3199360,22,,single
1791360444,2226730,23,,single
1791360446,3430340,75,,single
1791360447,3646460,7,,single
1791360449,2359120,4,,single
1791360450,3669060,39,,single
1791360452,3417410,14,,single
1791360453,2814990,15,,single
1791360455,3069470,324,,single
1791360456,2918310,12,,single
1791360458,2448020,7,,single
1791360459,2428980,5,,single
1791360460,1571200,60,,single
1791360462,3762550,7,,single
1791360463,3253830,4,,single
1791360465,3833760,13,,single
1791360466,4119420,1320,,single
1791360468,1943610,20,,single
1791360469,3051280,76,,single
1791360471,3576870,28,,single
1791360472,3904850,119,,single
1791360474,2770460,7,,single
1791360475,2159270,10,,single
1791360477,2629230,7,,single
1791360479,3947480,2,,single
1791360480,4087980,320,,single
1791360482,4173110,6,,single
1791360483,3195580,23,,single
1791360485,1900250,2,,single
1791360486,2712380,140,,single
1791360488,3011360,25,,single
1791360489,2859800,1,,single
1791360491,1674200,64,,single
1791360492,1442530,7,,single
1791360494,2458980,9,,single
1791360495,2735620,2,,single
1791360497,2980270,29,,single
1791360498,1843840,3,,single
1791360500,3837350,37,,single
1791360501,3589510,209,,single
1791360503,3916620,24,,single
1791360504,4225980,5139,,single
1791360506,1933000,3,,single
1791360507,2325920,16,,single
1791360509,2471970,8,,single
1791360510,2233770,63,,single
1791360512,3133650,9,,single
1791360513,4137460,4,,single
1791360515,2124930,0,,single
1791360516,3894440,0,,single
1791360518,2105620,13,,single
1791360519,1910150,187,,single
1791360521,2988620,6,,single
1791360522,2695430,2,,single
1791360524,3547270,20,,single
1791360525,2010030,7,,single
1791360527,2819750,3,,single
1791360528,1200770,4,,single
1791360530,2419710,1,,single
1791360531,3940610,1276,,single
1791360533,3744430,6,,single
1791360534,3531260,2,,single
1791360536,2988300,45,,single
1791360538,3389200,51,,single
1791360539,1876930,27,,single
1791360541,3799100,10,,single
1791360542,2986450,0,,single
1791360544,4833450,35,,single
1791360545,2971900,1,,single
1791360547,2786550,63,,single
1791360548,2738230,12,,single
1791360550,2752180,10,,single
1791360551,2585890,1,,single
1791360553,1869780,38,,single
1791360554,4195600,474,,single
1791360556,3523750,55,,single
1791360557,3436030,29,,single
1791360559,3872710,19,,single
1791360560,3959890,943,,single
1791360562,3237920,15,,single
1791360563,2862860,60,,single
1791360565,2437670,10,,single
1791360566,3949550,10,,single
1791360568,4487840,30,,single
1791360569,3764940,126,,single
1791360571,2788870,1,,single
1791360572,4259190,6063,,single
1791360574,3987560,17,,single
1791360575,2576150,25,,single
1791360577,3290690,15,,single
1791360579,2073030,2,,single
1791360580,2756930,14,,single
1791360582,4242290,158,,single
1791360583,4273120,51,,single
1791360585,3060250,11,,single
1791360586,3394250,1,,single
1791360588,3047030,80,,single
1791360589,2429270,16,,single
1791360591,3707780,6,,single
1791360592,3454830,83,,single
1791360594,3502270,23,,single
1791360595,3718190,50,,single
1791360597,3353830,1,,single
1791360598,3393280,200,,single
1791360600,3003460,54,,single
1791360601,1712100,3,,single
1791360603,1346840,5,,single
1791360604,3352690,2,,single
1791360606,2456070,1,,single
1791360607,4197990,53,,single
1791360609,2962480,12,,single
1791360610,3659020,40,,single
1791360612,1645630,6,,single
1791360613,1605250,15,,single
1791360615,3774440,82,,single
1791360616,3271000,397,,single
1791360618,3509740,13,,single
1791360620,3936730,23,,single
1791360622,3473500,3,,single
1791360623,3660220,3,,single
1791360625,4066790,6,,single
1791360626,4059360,0,,single
1791360628,3332830,10,,single
1791360631,3953520,579,,single
1791360632,3777270,15,,single
1791360634,3894170,3,,single
1791360635,2340130,15,,single
1791360637,3560670,417,,single
1791360638,3908900,15,,single
1791360640,3259600,26,,single
1791360641,2816870,0,,single
1791360643,3401490,6,,single
1791360644,3604430,4,,single
1791360646,4249140,9,,single
1791360647,2389170,25,,single
1791360649,4557380,1803,,single
1791360650,2453660,46,,single
1791360652,3856460,26,,single
1791360653,3220170,2,,single
1791360655,1922740,16,,single
1791360656,3657210,2,,single
1791360658,4401660,1,,single
1791360659,3549020,87,,single
1791360661,2415960,3,,single
1791360662,3919190,9,,single
1791360664,2651440,14,,single
1791360666,3306030,3,,single
1791360667,2774240,0,,single
1791360669,4283360,31,,single
1791360670,4364730,447,,single
1791360672,3394770,4,,single
1791360673,2942780,475,,single
1791360675,3593490,0,,single
1791360676,1848440,10,,single
1791360678,2348540,34,,single
1791360679,3104970,14,,single
1791360681,3634430,2,,single
1791360682,3030210,1,,single
1791360684,2955300,4,,single
1791360685,3089150,0,,single
1791360687,4031500,4,,single
1791360688,3869850,6,,single
1791360690,3415240,5,,single
1791360691,2393920,1,,single
1791360693,2943180,298,,single
1791360694,2983250,29,,single
1791360696,4927490,132,,single
1791360697,2600150,9,,single
1791360699,1281220,17,,single
1791360700,1657740,3,,single
1791360702,3065030,2,,single
1791360703,3751730,1,,single
1791360705,2881870,0,,single
1791360706,3194070,11,,single
1791360708,1266430,6,,single
1791360709,4018020,496,,single
1791360711,3880190,62,,single
1791360712,2701800,1,,single
1791360714,2960430,1,,single
1791360715,3116700,100,,single
1791360717,4051150,2,,single
1791360718,4952980,2165,,single
1791360720,2111550,7,,single
1791360721,2842150,1,,single
1791360723,4206270,17,,single
1791360724,3604030,8,,single
1791360726,3219010,29,,single
1791360727,3481020,146,,single
1791360729,4221310,25,,single
1791360731,4249150,23,,single
1791360732,2731330,2,,single
1791360734,3094480,0,,single
1791360735,3449040,3,,single
1791360737,2409780,9,,single
1791360738,4030290,1,,single
1791360740,3124230,3,,single
1791360741,3432480,22,,single
1791360743,2735580,6,,single
1791360744,3239270,8,,single
1791360746,4450350,3,,single
1791360747,3616260,9,,single
1791360749,2468550,11,,single
1791360750,3836960,3,,single
1791360752,3129930,6,,single
1791360753,2989770,12,,single
1791360755,903930,37,,single
1791360756,2996990,77,,single
1791360758,3956320,21,,single
1791360759,4216400,0,,single
1791360761,3315060,47,,single
1791360762,3457380,98,,single
1791360764,4369490,74,,single
1791360765,1686290,3,,single
1791360767,3934250,919,,single
1791360768,1460550,2,,single
1791360770,5053820,546,,single
1791360771,3056840,3,,single
1791360773,1833200,9,,single
1791360774,2496180,2,,single
1791360776,3091340,6,,single
1791360777,2507820,10,,single
1791360779,3839850,81,,single
1791360780,3339830,1,,single
1791360782,3468330,2,,single
1791360783,3784580,3,,single
1791360785,4261980,2,,single
1791360786,1859620,3,,single
1791360788,4104440,98,,single
1791360789,3669720,12,,single
1791360791,1771700,0,,single
1791360792,3556740,3,,single
1791360794,4165310,60,,single
1791360795,3905450,58,,single
1791360797,4533490,152,,single
1791360799,4078110,31,,single
1791360800,4285320,9,,single
1791360801,1148130,19,,single
1791360803,4094990,0,,single
1791360804,2539520,0,,single
1791360806,2395770,15,,single
1791360807,4409870,39,,single
1791360809,2652600,4,,single
1791360811,4083190,1,,single
1791360812,4169300,0,,single
1791360814,3642750,93,,single
1791360815,3073680,79,,single
1791360817,3510740,148,,single
1791360818,3218580,0,,single
1791360820,2091020,14,,single
1791360822,2537470,4,,single
1791360823,3715730,13,,single
1791360825,4108460,9,,single
1791360826,3144860,2,,single
1791360828,2867460,9,,single
1791360829,4426850,0,,single
1791360831,3437200,4,,single
1791360832,3380950,2,,single
1791360834,3845830,15,,single
1791360835,2838510,1,,single
1791360837,3002090,2,,single
1791360838,3856280,10,,single
1791360840,3425460,7,,single
1791360841,3642000,3,,single
1791360843,1640820,8,,single
1791360844,4634560,48,,single
1791360846,2769240,3,,single
1791360847,3509160,2,,single
1791360849,3047370,9,,single
1791360850,2906370,17,,single
1791360852,4038990,92,,single
1791360853,2592220,4,,single
1791360855,3351430,0,,single
1791360856,2774390,24,,single
1791360858,4489770,3,,single
1791360859,3468660,52,,single
1791360861,2686900,2,,single
1791360862,2838100,2,,single
1791360864,3039040,54,,single
1791360865,2517220,3,,single
1791360867,4045540,5,,single
1791360868,2918090,1,,single
1791360870,4739040,1,,single
1791360871,842980,1235,,single
1791360873,2219450,1,,single
1791360874,3256150,21,,single
1791360876,4049910,59,,single
1791360877,3901910,9,,single
1791360879,4181110,2,,single
1791360880,2140100,0,,single
1791360882,3294890,0,,single
1791360883,3441280,4,,single
1791360885,4045750,666,,single
1791360886,3581600,265,,single
1791360888,3796960,26,,single
1791360889,2612690,7,,single
1791360891,3288300,0,,single
1791360892,3734630,46,,single
1791360894,2591150,4,,single
1791360895,3462790,5,,single
1791360897,2647300,0,,single
1791360898,2640950,8,,single
1791360900,4468030,45,,single
1791360901,3699590,527,,single
1791360903,3203440,6,,single
1791360904,3070500,67,,single
1791360906,4310610,4,,single
1791360907,2739620,5,,single
1791360909,4266120,39,,single
1791360910,3686930,50,,single
1791360912,3155570,2,,single
1791360913,4285690,20,,single
1791360915,2420350,2,,single
1791360916,3338560,48,,single
1791360918,4311000,2,,single
1791360920,3232380,27,,single
1791360922,3634590,8,,single
1791360923,3795900,25,,single
1791360925,2295520,21,,single
1791360926,3010610,2,,single
1791360928,3909220,2,,single
1791360929,4914600,23,,single
1791360931,3638410,0,,single
1791360932,4584110,301,,single
1791360934,2442390,0,,single
1791360937,2701210,0,,single
1791360938,1257030,2,,single
1791360940,3411510,1,,single
1791360941,2502780,6,,single
1791360943,2133520,0,,single
1791360944,3532360,1,,single
1791360946,3929630,33,,single
1791360947,4384120,1,,single
1791360949,3238580,0,,single
1791360950,2919560,11,,single
1791360952,2281940,2,,single
1791360953,2731940,4,,single
1791360955,2821890,17,,single
1791360956,2819400,20,,single
1791360958,3055230,9,,single
1791360959,2719740,6,,single
1791360961,3872000,20,,single
1791360962,2602230,2,,single
1791360964,3266090,18,,single
1791360966,2293680,0,,single
1791360967,4212340,0,,single
1791360969,4276980,9,,single
1791360970,3915140,28,,single
1791360972,4132330,168,,single
1791360973,3679440,2,,single
1791360975,2580130,5,,single
1791360976,4156580,16,,single
1791360978,1509970,5,,single
1791360979,3042650,83,,single
1791360981,4111260,4,,single
1791360982,3361770,1,,single
1791360984,2983410,3,,single
1791360985,3591360,4,,single
1791360987,2270750,1,,single
1791360988,3844750,0,,single
1791360990,2841770,3,,single
1791360991,2549240,0,,single
1791360993,2280430,5,,single
1791360994,1670830,0,,single
1791360996,3060900,1,,single
1791360997,3155290,8,,single
1791360999,3744080,8,,single
1791361000,4406280,109,,single
1791361002,3226210,9,,single
1791361003,2482920,0,,single
1791361005,3607440,8,,single
1791361006,4375230,22,,single
1791361008,3997630,0,,single
1791361009,2540630,52,,single
1791361011,4449410,66,,single
1791361012,4090260,193,,single
1791361014,5027520,737,,single
1791361015,4039140,74,,single
1791361017,3055250,64,,single
1791361018,2525510,4,,single
1791361020,4149700,2,,single
1791361021,2651460,3,,single
1791361023,3491280,19,,single
1791361024,4429870,0,,single
1791361026,2899680,1,,single
1791361027,3474800,147,,single
1791361029,4261320,51,,single
1791361030,3063750,3,,single
1791361032,2154270,18,,single
1791361033,3714370,309,,single
1791361035,3633750,41,,single
1791361036,3852460,1,,single
1791361038,1626170,1,,single
1791361039,3310530,6,,single
1791361041,4734530,47,,single
1791361042,3384440,2,,single
1791361044,3877070,27,,single
1791361045,3377770,3,,single
1791361047,2160470,3,,single
1791361048,2263360,3,,single
1791361050,2957720,1,,single
1791361051,2262020,6,,single
1791361053,3278310,5,,single
1791361054,3351650,14,,single
1791361056,3447070,11,,single
1791361057,3948580,3,,single
1791361059,3848750,0,,single
1791361061,2084970,109,,single
1791361062,3579100,16,,single
1791361064,3736520,0,,single
1791361065,3780110,1,,single
1791361067,1803140,4,,single
1791361068,2734270,5,,single
1791361070,4645360,2,,single
1791361071,3311670,33,,single
1791361073,2481640,6,,single
1791361074,1671570,9,,single
1791361076,3608510,0,,single
1791361077,4033080,62,,single
1791361079,3597200,122,,single
1791361080,3279440,7,,single
1791361082,3762790,32,,single
1791361083,3104270,5,,single
1791361085,3997970,0,,single
1791361086,2886620,15,,single
1791361088,3355800,2,,single
1791361089,2540230,13,,single
1791361091,2249600,19,,single
1791361092,3158500,2,,single
1791361094,4678800,477,,single
1791361095,3019850,1,,single
1791361097,3371260,57,,single
1791361098,2376170,60,,single
1791361100,3555980,1,,single
1791361101,3306200,17,,single
1791361103,3135930,11,,single
1791361104,4661910,132,,single
1791361106,4575860,0,,single
1791361107,3561400,8,,single
1791361109,3869680,1,,single
1791361110,2981450,2,,single
1791361112,2847740,3,,single
1791361113,3103930,164,,single
1791361115,4563870,4,,single
1791361116,3997240,11,,single
1791361118,3544080,0,,single
1791361119,3989960,6,,single
1791361121,4622110,8,,single
1791361122,2924050,1,,single
1791361124,3733510,79,,single
1791361125,4142980,3,,single
1791361127,3686580,6,,single
1791361129,3547010,5,,single
1791361130,3898860,0,,single
1791361132,2573100,2,,single
1791361133,3058890,0,,single
1791361135,3913270,11,,single
1791361136,4596010,3,,single
1791361138,2800080,0,,single
1791361139,4096800,8,,single
1791361141,2289630,3,,single
1791361142,1890310,21,,single
1791361144,2944760,1,,single
1791361145,1997440,7,,single
1791361147,2987860,89,,single
1791361148,1553260,4,,single
1791361150,3827830,0,,single
1791361151,3324580,25,,single
1791361153,3766170,0,,single
1791361154,3211490,1,,single
1791361156,4464990,12,,single
1791361157,3411730,14,,single
1791361159,4177730,5,,single
1791361160,4317790,17,,single
1791361162,1307960,4,,single
1791361163,3126340,1,,single
1791361165,3217600,35,,single
1791361166,4216180,13,,single
1791361168,2895680,4,,single
1791361169,3954990,4,,single
1791361171,3474700,16,,single
1791361172,3756940,13,,single
1791361174,1719310,1,,single
1791361175,3686940,13,,single
1791361177,4251580,0,,single
1791361178,3754990,137,,single
1791361180,2319730,5,,single
1791361181,2066520,4,,single
1791361183,2913040,1,,single
1791361184,4870430,29,,single
1791361186,3938640,66,,single
1791361187,4201710,1125,,single
1791361189,3548520,3,,single
1791361190,2374670,2,,single
1791361192,3700760,86,,single
1791361193,3573430,9,,single
1791361195,2259330,1,,single
1791361196,3436170,3,,single
1791361198,1929230,2,,single
1791361199,3030980,1,,single
1791361201,3765590,2,,single
1791361202,2951890,0,,single
1791361204,2939600,4,,single
1791361205,3693030,0,,single
1791361207,2174380,1,,single
1791361208,4864560,5,,single
1791361210,3405160,19,,single
1791361212,4217690,2,,single
1791361213,2485860,7,,single
1791361215,2499040,3,,single
1791361216,3078390,8,,single
1791361218,3560360,70,,single
1791361220,1771110,1,,single
1791361222,2334130,0,,single
1791361223,3380520,4,,single
1791361225,1807090,0,,single
1791361226,3609640,3,,single
1791361228,3852250,322,,single
1791361231,2438330,1,,single
1791361232,3597880,1,,single
1791361234,3692070,2,,single
1791361235,1966410,1,,single
1791361237,3160090,8,,single
1791361238,1714510,4,,single
1791361240,3406850,3,,single
1791361241,3839250,7,,single
1791361243,2353700,3,,single
1791361244,2996080,0,,single
1791361246,3628380,3,,single
1791361247,4071040,14,,single
1791361249,3697890,2,,single
1791361250,2589670,4,,single
1791361252,1438480,0,,single
1791361253,2814610,2,,single
1791361255,3962460,0,,single
1791361257,1528260,0,,single
1791361258,2890150,7,,single
1791361260,3651310,3,,single
1791361261,2580000,4,,single
1791361263,3159120,2,,single
1791361264,3160400,4,,single
1791361266,2430390,31,,single
1791361267,3940340,2,,single
1791361269,2211090,2,,single
1791361270,2835030,0,,single
1791361272,3765010,6,,single
1791361273,1699710,13,,single
1791361275,4207270,14,,single
1791361276,2639460,1,,single
1791361278,2505590,3,,single
1791361280,3273530,2,,single
1791361281,2197740,5,,single
1791361283,3048760,0,,single
1791361284,4573090,69,,single
1791361286,2891040,2,,single
1791361287,4192600,0,,single
1791361289,3560030,9,,single
1791361290,4264260,20,,single
1791361292,4260530,19,,single
1791361293,2854780,0,,single
1791361295,4391590,0,,single
1791361296,2514630,3,,single
1791361298,3528280,1,,single
1791361299,4137770,1,,single
1791361301,3073990,13,,single
1791361302,3363390,0,,single
1791361304,4005090,11,,single
1791361306,3186680,1,,single
1791361307,2012670,0,,single
1791361308,2693710,4,,single
1791361310,3597020,8,,single
1791361311,2694020,26,,single
1791361313,3209750,14,,single
1791361315,2564070,1,,single
1791361316,2871140,2,,single
1791361318,3809910,4,,single
1791361319,3113990,10,,single
1791361321,2819470,7,,single
1791361323,3640200,98,,single
1791361324,3909960,1,,single
1791361326,1442520,1,,single
1791361327,3641940,0,,single
1791361329,4538140,2,,single
1791361330,2727660,1,,single
1791361332,3411830,11,,single
1791361333,2937910,4,,single
1791361335,3184990,4,,single
1791361336,3451380,3,,single
1791361338,1965270,6,,single
1791361339,3461680,3,,single
1791361341,2782530,76,,single
1791361342,2212910,4,,single
1791361344,3491690,37,,single
1791361345,4883590,139,,single
1791361347,2425130,0,,single
1791361348,3396400,16,,single
1791361350,4250510,95,,single
1791361351,3281410,0,,single
1791361353,2635670,40,,single
1791361354,2771600,1,,single
1791361356,3199870,2,,single
1791361357,3499220,6,,single
1791361359,2597810,11,,single
1791361360,3208930,86,,single
1791361362,3451440,3,,single
1791361363,1304280,1,,single
1791361365,3907210,1,,single
1791361366,4542660,0,,single
1791361368,3984570,2,,single
1791361369,1921490,2,,single
1791361371,2445980,0,,single
1791361372,3567620,5,,single
1791361374,1593230,0,,single
1791361375,3064990,0,,single
1791361377,2947650,3,,single
1791361378,3365030,45,,single
1791361380,2496640,1,,single
1791361381,3181470,1,,single
1791361383,3371510,3,,single
1791361384,1876850,1,,single
1791361386,3528970,0,,single
1791361387,4175440,8,,single
1791361389,2845090,5,,single
1791361390,3255890,0,,single
1791361392,2870430,4,,single
1791361393,3708070,2,,single
1791361395,4212210,28,,single
1791361396,3179350,1,,single
1791361398,3724490,2,,single
1791361399,2210520,0,,single
1791361401,3857590,0,,single
1791361403,4333460,0,,single
1791361404,2529750,4,,single
1791361406,2834700,79,,single
1791361407,2980900,0,,single
1791361409,3772080,2,,single
1791361410,2654990,1,,single
1791361412,3803930,0,,single
1791361413,4412320,109,,single
1791361415,4787190,1,,single
1791361416,3683850,0,,single
1791361418,1939890,3,,single
1791361419,2782400,0,,single
1791361421,4189910,1,,single
1791361422,3699970,0,,single
1791361424,2184770,0,,single
1791361426,3668080,0,,single
1791361427,4435340,60,,single
1791361429,2784980,0,,single
1791361430,4038780,0,,single
1791361432,1775960,0,,single
1791361433,3915610,10,,single
1791361435,2092840,4,,single
1791361436,3320980,9,,single
1791361438,2391680,2,,single
1791361439,4247820,3,,single
1791361441,4530240,0,,single
1791361442,2902070,2,,single
1791361444,3217970,0,,single
1791361445,3720820,5,,single
1791361447,971220,1,,single
1791361448,3814340,8,,single
1791361450,2897590,6,,single
1791361451,3975750,24,,single
1791361453,2952690,13,,single
1791361454,3639780,0,,single
1791361456,5064340,384,,single
1791361457,4260270,151,,single
1791361459,1374860,25,,single
1791361460,3936270,417,,single
1791361462,2999500,15,,single
1791361463,3880400,14,,single
1791361465,3836120,91,,single
1791361466,4289410,101,,single
1791361468,3445190,56,,single
1791361470,4981570,272,,single
1791361471,4270850,384,,single
1791361473,2140700,0,,single
1791361474,4366980,14,,single
1791361476,4169160,18,,single
1791361477,2403830,23,,single
1791361479,632950,7,,single
1791361480,4301110,11,,single
1791361482,2841650,27,,single
1791361483,4562940,34,,single
1791361485,3562200,3,,single
1791361486,3199470,7,,single
1791361488,4810070,2,,single
1791361489,5063140,18,,single
1791361491,3916440,0,,single
1791361492,4182430,0,,single
1791361494,4627590,13,,single
1791361495,3781550,1,,single
1791361497,5130150,9,,single
1791361498,4655600,0,,single
1791361500,2559690,3,,single
1791361501,4652040,1,,single
1791361503,3926930,6,,single
1791361504,4114690,103,,single
1791361506,4815930,0,,single
1791361507,1864690,30,,single
1791361509,3653250,2,,single
1791361510,2876200,77,,single
1791361512,4084120,19,,single
1791361513,2282890,2,,single
1791361515,4391380,48,,single
1791361516,4022090,4,,single
1791361518,3170490,2,,single
1791361520,4268460,3,,single
1791361521,4368560,49,,single
1791361523,4132960,7,,single
1791361524,3859630,2,,single
1791361526,3421740,1,,single
1791361528,1283700,1,,single
1791361531,2978440,0,,single
1791361533,2814790,0,,single
1791361534,856570,5,,single
1791361536,1584680,2,,single
1791361537,2840890,0,,single
1791361539,3124850,3,,single
1791361540,3936530,290,,single
1791361542,3119780,0,,single
1791361543,4843210,40,,single
1791361545,4739190,112,,single
1791361546,2412200,0,,single
1791361548,4937570,10,,single
1791361549,4835250,0,,single
1791361551,4834490,60,,single
1791361552,2431980,0,,single
1791361554,4838450,0,,single
1791361555,2906500,2,,single
1791361557,4914570,4,,single
1791361558,4861510,126,,single
1791361560,4872970,0,,single
1791361561,4751340,9,,single
1791361564,4869070,5,,single
1791361565,4727230,196,,single
1791361567,4914590,2,,single
1791361568,1485650,4,,single
1791361570,4882280,2,,single
1791361571,4736640,0,,single
1791361573,4847800,0,,single
1791361574,4757300,4,,single
1791361576,4768660,14,,single
1791361577,2994990,3,,single
1791361579,4826530,7,,single
1791361580,4738660,6,,single
1791361582,4789900,0,,single
1791361583,2560100,0,,single
1791361585,3161270,2,,single
1791361586,1569420,1,,single
1791361588,2543650,0,,single
1791361589,1280060,0,,single
1791361591,2471090,0,,single
1791361592,1795190,0,,single
1791361594,2294640,0,,single
1791361595,1374960,1,,single
1791361597,3068670,2,,single
1791361598,3213600,2,,single
1791361600,3196800,0,,single
1791361601,2995560,0,,single
1791361603,3057190,0,,single
1791361604,1683380,0,,single
1791361606,3476660,0,,single
1791361607,2927780,0,,single
1791361609,1318240,4,,single
1791361610,3170730,1,,single
1791361612,1543380,0,,single
1791361614,2825130,0,,single
1791361615,2354120,1,,single
1791361617,2532470,2,,single
1791361618,2754370,1,,single
1791361620,1875320,2,,single
1791361621,2246470,0,,single
1791361623,2934890,0,,single
1791361624,3468640,35,,single
1791361626,2795280,14,,single
1791361627,3601980,0,,single
1791361629,2871980,0,,single
1791361630,3593940,1,,single
1791361632,3659180,0,,single
1791361633,3697240,74,,single
1791361635,3030360,0,,single
1791361636,3615360,0,,single
1791361638,3272360,0,,single
1791361639,3494130,0,,single
1791361641,2848800,0,,single
1791361642,1729180,0,,single
1791361644,2879570,1,,single
1791361645,3169060,0,,single
1791361647,2781190,0,,single
1791361648,2472770,0,,single
1791361650,1503400,0,,single
1791361651,3595010,0,,single
1791361653,3534240,6,,single
1791361655,2805770,1,,single
1791361656,1063030,2,,single
1791361658,3548000,3,,single
1791361659,2684370,0,,single
1791361661,3054440,1,,single
1791361662,3137520,0,,single
1791361664,2347290,1,,single
1791361665,1904880,1,,single
1791361667,2447100,0,,single
1791361668,3213690,1,,single
1791361670,3484680,2,,single
1791361671,1674830,2,,single
1791361673,2483730,0,,single
1791361675,3227640,1,,single
1791361676,2336120,0,,single
1791361678,2340640,2,,single
1791361679,2492570,1,,single
1791361681,2672520,0,,single
1791361682,2804290,1,,single
1791361684,3379360,0,,single
1791361685,3550260,0,,single
1791361687,3110260,0,,single
1791361688,3529560,2,,single
1791361690,3391260,0,,single
1791361691,3499520,27,,single
1791361693,1586860,2,,single
1791361694,3456720,1,,single
1791361696,3043310,0,,single
1791361697,3041820,2,,single
1791361699,3108790,4,,single
1791361700,2384730,1,,single
1791361702,2671010,0,,single
1791361703,3012980,0,,single
1791361705,3439320,1,,single
1791361706,2184620,2,,single
1791361708,3042830,5,,single
1791361709,2730700,1,,single
1791361711,2475300,0,,single
1791361712,3430300,0,,single
1791361714,3318550,0,,single
1791361715,2788920,1,,single
1791361717,3132770,0,,single
1791361718,2230960,0,,single
1791361720,2745490,0,,single
1791361722,3554110,0,,single
1791361723,2462810,0,,single
1791361725,3213430,0,,single
1791361726,2536260,12,,single
1791361728,2905790,0,,single
1791361729,3264400,2,,single
1791361731,3488900,0,,single
1791361732,3061070,0,,single
1791361734,2910990,0,,single
1791361735,3247290,0,,single
1791361737,3134280,3,,single
1791361738,3293490,0,,single
1791361740,2742730,3,,single
1791361741,731650,2,,single
1791361743,1354260,0,,single
1791361745,3179860,0,,single
1791361746,3201530,7,,single
1791361748,2965680,16,,single
1791361749,3372420,1,,single
1791361751,2469950,0,,single
1791361752,1756020,0,,single
1791361754,3236010,0,,single
1791361755,2264820,0,,single
1791361757,3229480,2,,single
1791361758,3094150,0,,single
1791361760,3113230,3,,single
1791361761,3126980,1,,single
1791361763,2551440,0,,single
1791361764,3393400,0,,single
1791361766,3399670,0,,single
1791361767,3316620,1,,single
1791361769,2833640,1,,single
1791361770,2671320,0,,single
1791361772,2768640,0,,single
1791361773,1909100,0,,single
1791361775,3041810,1,,single
1791361776,2865610,1,,single
1791361778,3220830,0,,single
1791361779,2455610,6,,single
1791361781,2902580,1,,single
1791361782,3201240,2,,single
1791361784,3298150,0,,single
1791361785,2476350,0,,single
1791361787,1587570,0,,single
1791361789,3235270,1,,single
1791361790,2396190,0,,single
1791361792,3012130,0,,single
1791361793,2705480,2,,single
1791361795,2838940,7,,single
1791361796,2838720,1,,single
1791361798,2357950,0,,single
1791361799,3098890,2,,single
1791361801,3183950,2,,single
1791361802,2935400,2,,single
1791361804,2631870,21,,single
1791361805,1708770,1,,single
1791361807,2819970,0,,single
1791361808,3169750,0,,single
1791361810,3191990,0,,single
1791361811,3305540,0,,single
1791361813,2510760,0,,single
1791361814,2320880,1,,single
1791361816,3292980,0,,single
1791361817,2079980,0,,single
1791361819,3176560,0,,single
1791361821,3015350,1,,single
1791361823,3106490,2,,single
1791361824,1991820,0,,single
1791361826,1182420,0,,single
1791361827,2594290,0,,single
1791361829,3092090,3,,single
1791361830,1969650,0,,single
1791361832,3303530,0,,single
1791361835,2779890,25,,single
1791361836,1892140,0,,single
1791361838,2103510,0,,single
1791361839,2016080,0,,single
1791361841,2463620,0,,single
1791361842,3103750,0,,single
1791361844,3234760,1,,single
1791361845,2015960,1,,single
1791361847,2878270,0,,single
1791361849,968800,0,,single
1791361850,2886550,2,,single
1791361852,2185990,1,,single
1791361853,1290980,0,,single
1791361855,1032740,0,,single
1791361856,3229690,1,,single
1791361858,3239550,1,,single
1791361859,1899300,2,,single
1791361861,2836340,0,,single
1791361862,2565520,1,,single
1791361864,2909910,0,,single
1791361865,3013700,5,,single
1791361866,1240450,4,,single
1791361868,1965190,1,,single
1791361869,2693530,0,,single
1791361871,1772530,0,,single
1791361873,2617090,0,,single
1791361874,2456430,0,,single
1791361876,2746030,2,,single
1791361877,3187770,1,,single
1791361879,1674900,0,,single
1791361880,3047220,1,,single
1791361882,2843550,1,,single
1791361883,1600910,1,,single
1791361885,2655740,0,,single
1791361886,3205000,0,,single
1791361888,2940990,1,,single
1791361889,3013740,1,,single
1791361891,3113870,1,,single
1791361892,2612660,6,,single
1791361894,3176810,0,,single
1791361895,2014470,0,,single
1791361897,3119720,0,,single
1791361898,1592490,0,,single
1791361900,2939550,0,,single
1791361901,2509120,0,,single
1791361903,2797440,0,,single
1791361904,3053390,0,,single
1791361906,2717850,2,,single
1791361907,3059400,0,,single
1791361909,2634560,0,,single
1791361910,2199330,0,,single
1791361912,2595230,2,,single
1791361913,2804490,1,,single
1791361915,1424290,0,,single
1791361916,2791880,2,,single
1791361918,2649780,1,,single
1791361919,3065920,0,,single
1791361921,2107550,1,,single
1791361922,1515320,1,,single
1791361924,3022320,0,,single
1791361926,2873620,2,,single
1791361927,2840900,1,,single
1791361929,2906530,0,,single
1791361930,2311530,5,,single
1791361932,2320040,0,,single
1791361933,2673310,0,,single
1791361935,2888830,0,,single
1791361936,2827520,2,,single
1791361938,2541590,0,,single
1791361939,2463980,0,,single
1791361941,2891280,1,,single
1791361942,2598630,0,,single
1791361944,2322830,0,,single
1791361945,3066660,0,,single
1791361947,2993970,1,,single
1791361948,3040590,1,,single
1791361950,3089260,0,,single
1791361951,2989860,0,,single
1791361953,1955110,0,,single
1791361954,879050,3,,single
1791361956,1072300,0,,single
1791361957,3014150,1,,single
1791361959,1812210,0,,single
1791361960,2923560,4,,single
1791361962,2543350,0,,single
1791361963,2204900,0,,single
1791361965,2469260,0,,single
1791361966,2736220,0,,single
1791361968,2736950,0,,single
1791361969,3001830,4,,single
1791361971,2973820,1,,single
1791361972,581910,1,,single
1791361974,2178670,0,,single
1791361975,2453400,0,,single
1791361977,2697470,0,,single
1791361978,2880750,1,,single
1791361980,1781010,0,,single
1791361981,2392310,12,,single
1791361983,2916220,5,,single
1791361984,1364740,0,,single
1791361986,2547750,0,,single
1791361988,2934990,1,,single
1791361989,2903660,0,,single
1791361991,2916210,15,,single
1791361992,1847120,0,,single
1791361994,1168490,0,,single
1791361995,2600180,1,,single
1791361997,2553910,0,,single
1791361998,2616720,0,,single
1791362000,2314850,0,,single
1791362001,2206240,0,,single
1791362003,1527060,0,,single
1791362004,1268420,0,,single
1791362006,2527580,1,,single
1791362007,2838930,0,,single
1791362009,1586340,0,,single
1791362010,2195780,6,,single
1791362012,2820940,1,,single
1791362013,2682120,1,,single
1791362015,2810580,0,,single
1791362016,2451010,20,,single
1791362018,1486140,0,,single
1791362019,2614670,1,,single
1791362021,2317880,0,,single
1791362022,2563550,0,,single
1791362024,1166140,0,,single
1791362025,2843410,0,,single
1791362027,2333510,1,,single
1791362028,2093070,0,,single
1791362030,2592060,0,,single
1791362031,2454420,4,,single
1791362033,1096140,0,,single
1791362035,2080800,2,,single
1791362036,2742750,0,,single
1791362038,2683030,0,,single
1791362039,2778250,4,,single
1791362041,2821810,0,,single
1791362042,1591220,0,,single
1791362044,1701330,0,,single
1791362046,1807570,3,,single
1791362047,2212410,0,,single
1791362049,2719250,0,,single
1791362050,2766060,1,,single
1791362052,2780880,0,,single
1791362053,2775180,0,,single
1791362055,2696520,4,,single
1791362056,1613580,0,,single
1791362058,2089140,0,,single
1791362059,2700230,0,,single
1791362061,2507630,0,,single
1791362062,2754340,1,,single
1791362064,2307300,0,,single
1791362065,2574030,1,,single
1791362067,2184590,1,,single
1791362068,2111360,0,,single
1791362070,2228210,0,,single
1791362071,2487490,1,,single
1791362073,1737400,0,,single
1791362074,2050260,0,,single
1791362076,570,561005,,single
1791362077,1625450,278,,single
1791362079,1818450,7421,,single
1791362080,1180320,1013,,single
1791362082,1928420,296,,single
1791362083,2349820,1009,,single
1791362085,1997040,2134,,single
1791362086,1977530,58,,single
1791362088,1607250,4299,,single
1791362089,2263010,2,,single
1791362091,1902490,5,,single
1791362092,307950,430,,single
1791362094,1367080,840,,single
1791362095,1002300,90,,single
1791362097,1590320,15,,single
1791362098,2313250,2,,single
1791362100,2495980,64,,single
1791362101,1623660,9229,,single
1791362103,1481400,0,,single
1791362104,1126320,838,,single
1791362106,2668080,37,,single
1791362107,1161770,47,,single
1791362109,1891700,2810,,single
1791362110,2381620,18,,single
1791362112,2667970,10,,single
1791362113,690530,0,,single
1791362115,1740100,20,,single
1791362116,1129540,17,,single
1791362118,2551500,7,,single
1791362120,2422870,19,,single
1791362122,712840,5,,single
1791362123,1485080,19,,single
1791362125,1827180,377,,single
1791362126,1710930,4,,single
1791362128,1271710,5,,single
1791362130,1742020,12,,single
1791362132,1748620,26,,single
1791362134,1495320,186,,single
1791362136,1223750,53,,single
1791362137,1713610,1,,single
1791362139,327890,1,,single
1791362140,2471100,3173,,single
1791362142,1453490,0,,single
1791362143,1035120,13,,single
1791362145,1896170,109,,single
1791362146,1712390,0,,single
1791362148,2143030,31,,single
1791362149,2088250,10,,single
1791362151,1812390,18,,single
1791362152,823910,20,,single
1791362154,2173800,23,,single
1791362155,2180600,20,,single
1791362157,1813430,96,,single
1791362158,1146950,4,,single
1791362160,2207540,1,,single
1791362161,2171690,3,,single
1791362163,1897120,2,,single
1791362164,1968840,7,,single
1791362166,1870300,271,,single
1791362167,1757490,3,,single
1791362169,1568940,5,,single
1791362170,508190,0,,single
1791362172,1878910,10,,single
1791362173,1131080,1,,single
1791362175,1360980,9,,single
1791362176,1597480,54,,single
1791362178,1568540,1,,single
1791362180,1802870,7,,single
1791362181,1085750,4,,single
1791362182,2507640,6,,single
1791362184,1799370,26,,single
1791362186,2127010,27,,single
1791362187,1428870,0,,single
1791362189,1384630,0,,single
1791362190,2434340,1,,single
1791362192,1566060,3,,single
1791362193,1827980,255,,single
1791362194,2672090,0,,single
1791362196,1102930,86,,single
1791362197,1482840,2,,single
1791362199,1574360,446,,single
1791362200,1846920,25,,single
1791362202,1785820,4,,single
1791362203,2363730,0,,single
1791362205,1772820,2,,single
1791362207,2626940,73,,single
1791362208,2519830,117,,single
1791362210,2160000,1,,single
1791362211,2466680,13,,single
1791362213,680320,1,,single
1791362214,1986760,1,,single
1791362216,960980,0,,single
1791362217,2599450,2,,single
1791362219,2178330,26,,single
1791362220,3837340,226,,single
1791362222,1174690,1,,single
1791362223,1731270,181,,single
1791362225,1315610,1,,single
1791362226,1722570,0,,single
1791362228,1694200,1,,single
1791362229,1264710,173,,single
1791362231,1431570,2,,single
1791362232,616090,0,,single
1791362234,2564660,16,,single
1791362235,1631080,29,,single
1791362237,1310910,2,,single
1791362238,1661270,3,,single
1791362240,1506600,0,,single
1791362241,674090,4,,single
1791362243,1753410,34,,single
1791362244,2332210,4,,single
1791362246,2346660,118,,single
1791362247,935270,3,,single
1791362249,2274980,44,,single
1791362250,1761220,24,,single
1791362252,1191420,85,,single
1791362253,295950,2,,single
1791362255,2274120,61,,single
1791362256,1260390,31,,single
1791362258,1299320,3,,single
1791362259,1940040,3,,single
1791362261,1687670,95,,single
1791362262,336510,0,,single
1791362264,1530300,260,,single
1791362265,1457220,11,,single
1791362267,2230170,0,,single
1791362268,1622780,9,,single
1791362270,2343600,3,,single
1791362272,1754870,18,,single
1791362273,2439510,651,,single
1791362275,1628760,1,,single
1791362276,733340,32,,single
1791362278,368650,1,,single
1791362279,1745310,13,,single
1791362281,1683560,40,,single
1791362282,1380410,58,,single
1791362284,1224160,4,,single
1791362285,46480,4,,single
1791362287,2231010,12,,single
1791362288,1567420,0,,single
1791362290,1539580,2,,single
1791362291,1630290,1,,single
1791362293,2110110,9,,single
1791362294,1821570,3,,single
1791362296,1744330,8,,single
1791362297,2472840,0,,single
1791362299,1327080,6,,single
1791362301,552440,1,,single
1791362302,1177420,3,,single
1791362304,2074890,13,,single
1791362305,228560,0,,single
1791362307,1379560,1,,single
1791362308,1590730,25,,single
1791362310,1174400,47,,single
1791362311,2010530,97,,single
1791362313,1405790,1,,single
1791362314,288080,13,,single
1791362316,1016180,2,,single
1791362317,1528560,1,,single
1791362319,559620,1,,single
1791362320,1589770,0,,single
1791362322,6100,4,,single
1791362323,2053940,18,,single
1791362325,348820,2,,single
1791362326,2640560,1,,single
1791362328,2059310,5,,single
1791362329,2458210,14,,single
1791362331,2544090,36,,single
1791362332,1361230,0,,single
1791362334,2430830,71,,single
1791362336,1879340,1,,single
1791362337,1894080,1,,single
1791362339,2126680,9,,single
1791362340,348670,1,,single
1791362342,1683430,1,,single
1791362343,1601280,3,,single
1791362345,1333360,4,,single
1791362346,299500,3,,single
1791362348,2505120,6,,single
1791362349,1522260,1,,single
1791362351,1710920,0,,single
1791362352,1884540,0,,single
1791362354,321410,0,,single
1791362355,359220,2,,single
1791362357,1314630,4,,single
1791362358,1520060,1,,single
1791362360,2445660,58,,single
1791362361,214610,2,,single
1791362363,535850,0,,single
1791362364,1264520,0,,single
1791362366,47000,1,,single
1791362367,1667130,2,,single
1791362369,2000270,0,,single
1791362370,2139300,11,,single
1791362372,1573300,0,,single
1791362373,649600,3,,single
1791362375,1034910,1,,single
1791362376,391000,93,,single
1791362378,492800,0,,single
1791362379,2419900,0,,single
1791362381,1819980,1,,single
1791362382,1996210,0,,single
1791362384,2063680,2,,single
1791362385,1567080,1,,single
1791362387,1140170,0,,single
1791362388,745850,0,,single
1791362390,2291020,2,,single
1791362391,1898210,60,,single
1791362393,657690,1,,single
1791362394,324520,10,,single
1791362396,1101580,1,,single
1791362397,884320,0,,single
1791362399,1892370,1,,single
1791362400,2163060,4,,single
1791362402,942850,0,,single
1791362403,1442360,0,,single
1791362405,1258340,1,,single
1791362406,1180330,1,,single
1791362408,937380,72,,single
1791362409,1302750,0,,single
1791362411,1684720,0,,single
1791362412,1886630,1,,single
1791362414,1766720,9,,single
1791362416,620620,10,,single
1791362417,2348680,7,,single
1791362419,1997780,10,,single
1791362421,589510,0,,single
1791362422,1460200,14,,single
1791362424,45000,2,,single
1791362425,468000,0,,single
1791362427,1748610,0,,single
1791362428,33210,1,,single
1791362432,414660,1,,single
1791362433,1528000,1,,single
1791362435,1794330,0,,single
1791362436,749960,1,,single
1791362438,1571190,54,,single
1791362439,521800,4,,single
1791362441,896460,0,,single
1791362442,2675630,6,,single
1791362444,1326700,1,,single
1791362445,361670,3,,single
1791362447,1468160,0,,single
1791362448,969700,1,,single
1791362450,2351970,5,,single
1791362451,1863290,5,,single
1791362453,297210,0,,single
1791362454,397330,0,,single
1791362456,2196420,2,,single
1791362457,792200,11,,single
1791362459,1367760,11,,single
1791362460,1077410,84,,single
1791362462,1554220,0,,single
1791362463,408000,0,,single
1791362465,933300,0,,single
1791362466,365770,0,,single
1791362468,2262930,15,,single
1791362469,2208530,11,,single
1791362471,1008510,0,,single
1791362473,1781750,0,,single
1791362474,576430,7,,single
1791362476,315670,0,,single
1791362477,2336180,0,,single
1791362479,626010,1,,single
1791362480,3820,0,,single
1791362482,1949220,0,,single
1791362483,1184990,0,,single
1791362485,315060,1,,single
1791362486,2434160,2,,single
1791362488,854250,7,,single
1791362489,47540,2,,single
1791362491,640990,1,,single
1791362492,1571820,0,,single
1791362494,1541220,0,,single
1791362495,1380650,0,,single
1791362497,1210360,1,,single
1791362498,1736630,7,,single
1791362500,2057770,0,,single
1791362501,2455180,0,,single
1791362503,1851330,21,,single
1791362504,763970,0,,single
1791362506,1664410,0,,single
1791362507,1719460,0,,single
1791362509,830640,150,,single
1791362510,1542390,0,,single
1791362512,879000,0,,single
1791362513,1706820,24,,single
1791362515,2120060,0,,single
1791362516,1103490,0,,single
1791362518,859150,5,,single
1791362519,747910,1,,single
1791362521,2523250,0,,single
1791362522,301560,0,,single
1791362524,1910130,12,,single
1791362526,1781030,0,,single
1791362527,2262970,1,,single
1791362529,463700,0,,single
1791362530,2125090,3,,single
1791362531,2357760,0,,single
1791362533,1131550,1,,single
1791362534,2332130,0,,single
1791362536,2183600,5,,single
1791362538,733110,2,,single
1791362539,319400,0,,single
1791362541,2050680,4,,single
1791362542,2676540,0,,single
1791362544,1083650,0,,single
1791362545,2655840,1,,single
1791362547,1943760,0,,single
1791362548,1133770,0,,single
1791362550,1853410,1,,single
1791362551,898590,0,,single
1791362553,844980,2,,single
1791362554,1302990,0,,single
1791362556,1357670,2,,single
1791362557,2094190,10,,single
1791362559,1868170,22,,single
1791362560,2379030,5,,single
1791362562,694060,0,,single
1791362563,1565670,0,,single
1791362565,556480,5,,single
1791362566,2110540,0,,single
1791362568,1976230,0,,single
1791362569,2407310,0,,single
1791362571,1766160,1,,single
1791362572,1197770,0,,single
1791362574,37030,4,,single
1791362575,2321430,169,,single
1791362577,2190210,34,,single
1791362578,3757560,1,,single
1791362580,1603410,0,,single
1791362581,2271750,0,,single
1791362583,3276280,6,,single
1791362584,4625810,7,,single
1791362586,1720560,1,,single
1791362587,2639380,1,,single
1791362589,3407070,0,,single
1791362590,3950050,6,,single
1791362592,1563940,35,,single
1791362593,2720010,23,,single
1791362595,3668270,2,,single
1791362596,2097180,1,,single
1791362598,3366780,10,,single
1791362600,4501680,72,,single
1791362601,1289720,2,,single
1791362603,2116620,2,,single
1791362604,3903190,2,,single
1791362606,1296400,5,,single
1791362607,3064810,1,,single
1791362609,3823290,2,,single
1791362610,2489560,1,,single
1791362612,3493400,8,,single
1791362613,3854870,114,,single
1791362615,316480,1,,single
1791362616,1703220,6,,single
1791362618,3462210,2,,single
1791362619,3689560,43,,single
1791362621,210870,1,,single
1791362622,1248270,0,,single
1791362624,2194610,2,,single
1791362625,2739980,0,,single
1791362627,3199390,1,,single
1791362628,3818900,1,,single
1791362630,2251380,0,,single
1791362631,3209930,1,,single
1791362633,2088810,0,,single
1791362634,2484170,2,,single
1791362636,4645760,2,,single
1791362637,1507420,0,,single
1791362639,2173900,0,,single
1791362640,3436140,0,,single
1791362642,3869630,0,,single
1791362643,267610,1,,single
1791362645,3072880,0,,single
1791362646,4654940,6,,single
1791362648,3953280,0,,single
1791362649,381750,0,,single
1791362651,1338490,2,,single
1791362652,3059750,89,,single
1791362654,4253760,1,,single
1791362655,2393730,1,,single
1791362657,3866140,2,,single
1791362658,1481340,71,,single
1791362660,3517980,0,,single
1791362661,518040,3,,single
1791362663,2931620,0,,single
1791362664,3963030,53,,single
1791362666,1937470,4,,single
1791362667,3035330,1,,single
1791362669,1385290,2,,single
1791362670,2808560,12,,single
1791362672,3232660,0,,single
1791362673,4208140,3,,single
1791362675,596950,1,,single
1791362676,1461100,1,,single
1791362678,1572450,1,,single
1791362679,2088550,1,,single
1791362681,3543320,2,,single
1791362682,4284570,26,,single
1791362684,1976980,2,,single
1791362685,3751210,7,,single
1791362687,1716170,0,,single
1791362688,2050800,5,,single
1791362690,2536720,4,,single
1791362692,2842590,1,,single
1791362693,3458610,1,,single
1791362695,4489930,6,,single
1791362696,2685840,0,,single
1791362698,3676330,12,,single
1791362699,678310,2,,single
1791362701,2054690,1,,single
1791362702,4297760,0,,single
1791362704,2258290,0,,single
1791362705,3771230,14,,single
1791362707,4141900,1,,single
1791362708,982300,11,,single
1791362710,2707360,0,,single
1791362711,3044560,0,,single
1791362713,3312030,45,,single
1791362714,3971650,28,,single
1791362716,4911470,3,,single
1791362717,1790490,1,,single
1791362720,2765320,12,,single
1791362721,3726250,3,,single
1791362723,4467560,7,,single
1791362724,1273640,3,,single
1791362726,2438970,6,,single
1791362727,2682380,4,,single
1791362729,350300,0,,single
1791362730,1111810,1,,single
1791362732,3048840,2,,single
1791362733,3813350,6,,single
1791362737,1014730,0,,single
1791362738,2510020,1,,single
1791362740,3320410,10,,single
1791362741,4112070,12,,single
1791362743,1910090,4,,single
1791362744,2794330,0,,single
1791362746,3234100,0,,single
1791362747,3470550,21,,single
1791362749,4027450,242,,single
1791362750,1177380,0,,single
1791362752,2767480,1,,single
1791362753,2960490,4,,single
1791362755,3848180,2,,single
1791362756,4375110,10,,single
1791362758,1457430,1,,single
1791362759,2676180,1,,single
1791362761,3877790,2,,single
1791362762,1816080,0,,single
1791362764,3508910,1,,single
1791362765,202070,0,,single
1791362767,2550170,0,,single
1791362769,3846650,1,,single
1791362770,1972470,3,,single
1791362771,2854170,1,,single
1791362773,3603580,7,,single
1791362775,1250520,0,,single
1791362776,3330160,3,,single
1791362778,3681820,0,,single
1791362779,1701130,0,,single
1791362781,2121100,3,,single
1791362782,2391900,1,,single
1791362784,3062030,79,,single
1791362785,3349840,0,,single
1791362787,4286040,25,,single
1791362788,5035220,15,,single
1791362790,4090330,20,,single
1791362791,4938200,3,,single
1791362792,2962780,1,,single
1791362794,4948000,27,,single
1791362795,4951190,62,,single
1791362797,3959530,13,,single
1791362798,3659090,0,,single
1791362800,4403510,3,,single
1791362801,3258560,21,,single
1791362803,1510330,1,,single
1791362804,4029740,1,,single
1791362806,2438110,1,,single
1791362807,3501540,10,,single
1791362809,4092940,4,,single
1791362810,4796160,1,,single
1791362812,3096230,0,,single
1791362813,2454600,1,,single
1791362815,3987230,6,,single
1791362816,4354710,0,,single
1791362818,4969200,2,,single
1791362819,1142040,1,,single
1791362821,4705650,4,,single
1791362822,3004390,2,,single
1791362824,4672200,6,,single
1791362825,4901260,20,,single
1791362827,3855650,22,,single
1791362828,4651120,6,,single
1791362830,4261030,1,,single
1791362831,2477710,9,,single
1791362833,4550370,11,,single
1791362834,2358630,1,,single
1791362836,4243330,1,,single
1791362838,3424990,0,,single
1791362839,4985540,77,,single
1791362841,4953610,17,,single
1791362842,4635890,0,,single
1791362844,4637870,29,,single
1791362845,4516490,1,,single
1791362847,4180620,4,,single
1791362848,4145350,2,,single
1791362850,4450570,9,,single
1791362851,3396920,0,,single
1791362853,3726730,1,,single
1791362854,1843400,1,,single
1791362856,5005590,68,,single
1791362857,5007590,12,,single
1791362859,3462650,0,,single
1791362860,4967500,18,,single
1791362862,2495730,1,,single
1791362863,4537400,8,,single
1791362865,4566700,1,,single
1791362866,4268200,6,,single
1791362868,4509630,1,,single
1791362869,663950,3,,single
1791362871,3492150,1,,single
1791362872,4264950,2,,single
1791362874,4516880,0,,single
1791362875,4225400,2,,single
1791362877,1530850,1,,single
1791362878,4838360,4,,single
1791362880,4696490,0,,single
1791362882,2871010,4,,single
1791362883,3613960,5,,single
1791362885,4832030,6,,single
1791362886,2570580,1,,single
1791362888,3846480,1,,single
1791362889,2238400,0,,single
1791362891,4315910,0,,single
1791362892,4406360,1,,single
1791362894,4348580,12,,single
1791362895,4902600,0,,single
1791362897,4932460,3,,single
1791362898,1678650,0,,single
1791362899,4141350,1,,single
1791362901,3968160,10,,single
1791362903,2530250,5,,single
1791362904,4252700,11,,single
1791362906,4156370,9,,single
1791362907,2251220,13,,single
1791362909,4624560,8,,single
1791362910,4605210,1,,single
1791362912,4178020,12,,single
1791362913,3633760,0,,single
1791362915,3825390,8,,single
1791362916,2984850,0,,single
1791362918,4370020,2,,single
1791362919,3497800,4,,single
1791362921,3685900,0,,single
1791362923,3213120,1,,single
1791362925,4485620,90,,single
1791362926,3287230,1,,single
1791362928,1696950,0,,single
1791362929,4622330,16,,single
1791362931,2695260,0,,single
1791362932,4336770,69,,single
1791362934,4141710,20,,single
1791362935,4668220,34,,single
1791362937,2467880,0,,single
1791362938,3957240,10,,single
1791362939,3825860,47,,single
1791362941,4492260,0,,single
1791362943,3957810,2,,single
1791362944,2994200,1,,single
1791362946,4175650,0,,single
1791362947,2305210,1,,single
1791362949,3358170,3,,single
1791362950,4572790,29,,single
1791362952,3703200,1,,single
1791362953,4665920,0,,single
1791362955,1722800,0,,single
1791362957,2184020,2,,single
1791362958,4608380,0,,single
1791362960,3708250,4,,single
1791362961,3873040,11,,single
1791362963,2976110,2,,single
1791362964,4571080,7,,single
1791362966,3451970,0,,single
1791362967,4286660,0,,single
1791362969,948820,2,,single
1791362970,2600970,0,,single
1791362972,4047160,0,,single
1791362973,4714000,1,,single
1791362975,3946120,2,,single
1791362976,3406890,2,,single
1791362978,4537100,0,,single
1791362979,917820,1,,single
1791362981,4282450,1,,single
1791362982,4505680,0,,single
1791362984,4559140,550,,single
1791362985,2899760,11,,single
1791362987,3857430,9,,single
1791362988,4557340,2,,single
1791362990,4483120,0,,single
1791362991,3547880,7,,single
1791362993,3564340,4,,single
1791362994,4157170,16,,single
1791362996,3759220,2,,single
1791362998,4673140,4,,single
1791362999,3972980,11,,single
1791363001,4583050,0,,single
1791363002,4631110,6,,single
1791363004,4616840,10,,single
1791363006,1570450,0,,single
1791363007,3734890,14,,single
1791363009,3929330,3,,single
1791363010,2489950,1,,single
1791363012,4411600,10,,single
1791363014,4060150,2,,single
1791363015,4521680,1,,single
1791363016,3403590,2,,single
1791363018,3975500,5,,single
1791363020,3723750,1,,single
1791363022,4500270,1,,single
1791363023,4579750,30,,single
1791363025,2555390,2,,single
1791363026,3500880,1,,single
1791363028,4359800,0,,single
1791363029,4501210,1,,single
1791363032,3143910,5,,single
1791363034,4184020,0,,single
1791363035,4222040,0,,single
1791363037,3700130,2,,single
1791363038,1525290,1,,single
1791363040,4600670,2,,single
1791363041,4695000,3,,single
1791363043,4618160,0,,single
1791363044,3429890,0,,single
1791363046,3421660,17,,single
1791363047,3979350,0,,single
1791363049,2190920,1,,single
1791363050,2868100,3,,single
1791363052,3657180,1,,single
1791363053,3866920,1,,single
1791363055,4149320,0,,single
1791363056,3097510,5,,single
1791363058,4209240,2,,single
1791363060,3583670,2,,single
1791363061,4119360,2,,single
1791363063,3304110,2,,single
1791363064,2223420,2,,single
1791363066,4565430,0,,single
1791363067,4651840,1,,single
1791363069,4038160,2,,single
1791363070,4282710,4,,single
1791363072,4539950,1,,single
1791363073,3123540,0,,single
1791363075,4612480,0,,single
1791363076,4241840,3,,single
1791363078,4095490,0,,single
1791363079,2854620,0,,single
1791363081,254780,37,,single
1791363082,1938100,0,,single
1791363084,4522520,2,,single
1791363085,4559050,50,,single
1791363087,2345430,5,,single
1791363088,4585260,0,,single
1791363090,4093970,0,,single
1791363091,4288460,1,,single
1791363093,3169360,0,,single
1791363094,4045680,1,,single
1791363096,4554740,2,,single
1791363097,3829690,5,,single
1791363099,4573210,4,,single
1791363100,3032150,0,,single
1791363102,3813910,1,,single
1791363103,4565790,0,,single
1791363105,4401160,3,,single
1791363106,3115530,0,,single
1791363108,4394890,0,,single
1791363109,3092360,7,,single
1791363111,2377450,8,,single
1791363113,4247760,3,,single
1791363114,3196180,4,,single
1791363116,4090270,0,,single
1791363117,2482940,2,,single
1791363119,4511370,31,,single
1791363120,4200440,85,,single
1791363122,854080,2,,single
1791363123,3641010,0,,single
1791363125,1165990,2,,single
1791363126,4494970,0,,single
1791363128,3894520,2,,single
1791363129,2927510,0,,single
1791363131,3835650,2,,single
1791363132,3970110,21,,single
1791363134,3436130,0,,single
1791363135,3002240,2,,single
1791363137,2676030,3,,single
1791363138,4078230,3,,single
1791363140,3402720,11,,single
1791363141,4224500,5,,single
1791363143,3713650,3,,single
1791363144,3052510,15,,single
1791363146,3823650,0,,single
1791363147,3942580,18,,single
1791363149,3936620,2,,single
1791363150,4559800,1,,single
1791363152,2837790,1,,single
1791363154,3896300,1,,single
1791363155,3882650,0,,single
1791363157,4280920,2,,single
1791363158,4218520,7,,single
1791363160,2976260,1,,single
1791363161,3874000,0,,single
1791363163,1205270,1,,single
1791363164,3448430,1,,single
1791363166,3668640,7,,single
1791363167,4140170,3,,single
1791363168,1374680,0,,single
1791363170,4541930,1,,single
1791363171,3978480,1,,single
1791363173,4565980,1,,single
1791363175,2134850,0,,single
1791363176,4529360,2,,single
1791363178,4287570,6,,single
1791363179,4161970,1,,single
1791363181,3780030,19,,single
1791363182,4361900,0,,single
1791363184,3458500,0,,single
1791363185,4591240,1,,single
1791363187,2604930,5,,single
1791363188,4327940,3,,single
1791363190,4130990,0,,single
1791363191,3998790,0,,single
1791363193,4243380,61,,single
1791363194,1338030,15,,single
1791363196,4464630,0,,single
1791363197,2699280,2,,single
1791363199,3399860,13,,single
1791363200,3029570,2,,single
1791363202,3714400,2,,single
1791363203,3597510,4,,single
1791363205,4213600,1,,single
1791363206,3978320,6,,single
1791363208,4192650,78,,single
1791363209,2864590,0,,single
1791363211,4185050,0,,single
1791363212,1451050,0,,single
1791363214,4344480,0,,single
1791363215,4205900,0,,single
1791363217,4301130,5,,single
1791363218,4019090,0,,single
1791363220,4102700,0,,single
1791363221,3482510,1,,single
1791363223,4154100,0,,single
1791363224,3818350,5,,single
1791363226,3109650,1,,single
1791363227,4244020,1,,single
1791363229,3334580,2,,single
1791363230,4054940,3,,single
1791363232,2949120,0,,single
1791363233,4081590,9,,single
1791363235,4278170,1,,single
1791363236,3794770,0,,single
1791363238,3492830,0,,single
1791363239,4304030,1,,single
1791363241,4018170,1,,single
1791363242,3301420,0,,single
1791363244,2900870,1,,single
1791363245,4481110,0,,single
1791363247,3507460,1,,single
1791363249,3823520,0,,single
1791363250,4113480,1,,single
1791363251,3498010,0,,single
1791363253,4341360,1,,single
1791363255,3841010,3,,single
1791363256,3522640,45,,single
1791363258,2408350,1,,single
1791363259,2452130,3,,single
1791363261,2116610,3,,single
1791363262,3146140,3,,single
1791363264,4249650,1,,single
1791363265,3252360,0,,single
1791363267,2656490,2,,single
1791363268,4226350,1,,single
1791363270,4270630,0,,single
1791363271,2976890,2,,single
1791363273,4319350,0,,single
1791363274,2984450,0,,single
1791363276,4044510,8,,single
1791363277,3914780,6,,single
1791363279,4340600,42,,single
1791363280,4355950,22,,single
1791363282,4007140,141,,single
1791363283,2622690,0,,single
1791363285,2781470,0,,single
1791363286,4216710,3,,single
1791363288,2968860,1,,single
1791363289,3567010,0,,single
1791363291,3954850,2,,single
1791363292,4382250,1,,single
1791363294,2878580,0,,single
1791363295,3721960,0,,single
1791363297,3062650,0,,single
1791363298,2214620,0,,single
1791363300,2496090,12,,single
1791363301,4310570,0,,single
1791363303,4119610,1,,single
1791363304,3308960,3,,single
1791363306,1933930,3,,single
1791363307,4131900,0,,single
1791363309,4254300,22,,single
1791363310,808610,0,,single
1791363312,3903800,1,,single
1791363313,2017480,0,,single
1791363315,3334520,6,,single
1791363316,2352670,0,,single
1791363318,3614160,1,,single
1791363320,2919510,0,,single
1791363321,4230120,1,,single
1791363323,4122810,1,,single
1791363324,3947490,3,,single
1791363326,4244930,0,,single
1791363327,3834480,0,,single
1791363329,1897060,1,,single
1791363332,4215730,5,,single
1791363334,3073070,0,,single
1791363335,4283340,0,,single
1791363337,1872510,0,,single
1791363338,4260720,2,,single
1791363340,2964960,1,,single
1791363341,2604490,2,,single
1791363343,4213380,7,,single
1791363344,3927780,0,,single
1791363346,2547320,0,,single
1791363347,3439430,0,,single
1791363349,4254400,3,,single
1791363350,4280230,0,,single
1791363352,3933710,2,,single
1791363353,3655610,1,,single
1791363355,2885060,0,,single
1791363356,3576880,0,,single
1791363358,4123780,37,,single
1791363359,4094120,19,,single
1791363361,3585160,1,,single
1791363362,1578720,2,,single
1791363364,3929970,2,,single
1791363365,3273660,1,,single
1791363367,3894980,3,,single
1791363368,3098170,1,,single
1791363370,3873190,0,,single
1791363371,3924000,0,,single
1791363373,3587490,2,,single
1791363374,3669740,2,,single
1791363376,4041630,7,,single
1791363377,3468400,2,,single
1791363379,3462600,6,,single
1791363380,4160290,0,,single
1791363382,3074840,0,,single
1791363383,4211840,1,,single
1791363385,3409620,1,,single
1791363386,4217660,3,,single
1791363388,3854060,0,,single
1791363389,3556670,0,,single
1791363391,1631980,0,,single
1791363392,3241940,0,,single
1791363394,3490280,3,,single
1791363395,3808010,0,,single
1791363397,3929990,1,,single
1791363398,3960150,1,,single
1791363400,3273700,0,,single
1791363401,2865430,6,,single
1791363403,3024370,2,,single
1791363404,3690390,0,,single
1791363406,3405540,1,,single
1791363407,3725910,1,,single
1791363409,2269540,0,,single
1791363411,3354220,7,,single
1791363412,3531470,0,,single
1791363414,2672470,0,,single
1791363415,3099630,1,,single
1791363416,4145450,4,,single
1791363418,3837380,2,,single
1791363419,2873810,0,,single
1791363421,3771390,2,,single
1791363422,3898150,0,,single
1791363424,3054210,1,,single
1791363425,2076520,0,,single
1791363427,3956340,3,,single
1791363429,3342800,1,,single
1791363430,3367500,3,,single
1791363432,4007740,300,,single
1791363433,2213330,0,,single
1791363435,3877090,0,,single
1791363436,3585230,19,,single
1791363438,3778040,3,,single
1791363439,2085620,1,,single
1791363441,3365040,47,,single
1791363442,3170350,13,,single
1791363444,1893440,0,,single
1791363445,3905630,1,,single
1791363447,3601890,0,,single
1791363448,2790190,1,,single
1791363450,2122880,6,,single
1791363451,3191110,0,,single
1791363453,3750430,986,,single
1791363454,2550790,2,,single
1791363456,3820810,3,,single
1791363457,3364970,4,,single
1791363459,3790640,1,,single
1791363460,2670960,0,,single
1791363462,3782120,0,,single
1791363463,3979710,1,,single
1791363465,3108130,0,,single
1791363466,3696700,1,,single
1791363468,3996450,0,,single
1791363469,2952180,0,,single
1791363471,1538010,0,,single
1791363472,3077190,0,,single
1791363474,3969010,0,,single
1791363475,3488460,0,,single
1791363477,3609980,1,,single
1791363478,3704300,4,,single
1791363480,3582440,1,,single
1791363482,3550490,9,,single
1791363483,3696410,3,,single
1791363485,1497430,1,,single
1791363486,3783210,1,,single
1791363488,2472940,0,,single
1791363489,3829340,74,,single
1791363491,2747650,4,,single
1791363493,3509180,0,,single
1791363494,3566840,0,,single
1791363496,3690460,2,,single
1791363497,3619760,0,,single
1791363499,3433230,0,,single
1791363503,4015300,2,,single
1791363504,4036850,1,,single
1791363506,2827960,4,,single
1791363507,3794810,59,,single
1791363509,2685570,0,,single
1791363510,4054680,0,,single
1791363512,3708660,1,,single
1791363513,3993510,27,,single
1791363515,2767910,2,,single
1791363516,3689390,0,,single
1791363518,3352310,0,,single
1791363519,3091010,0,,single
1791363521,2906280,3,,single
1791363522,3928970,0,,single
1791363524,3079770,4,,single
1791363525,3979440,1,,single
1791363527,3838280,6,,single
1791363528,3025310,0,,single
1791363530,2526560,2,,single
1791363531,3639970,0,,single
1791363533,3956470,1,,single
1791363534,2488430,2,,single
1791363536,3621930,0,,single
1791363538,2800280,0,,single
1791363539,3296910,1,,single
1791363541,3510060,1,,single
1791363542,3170570,6,,single
1791363544,3674980,0,,single
1791363545,3813590,100,,single
1791363547,1575810,1,,single
1791363548,3189790,6,,single
1791363550,3621050,1,,single
1791363551,3208630,0,,single
1791363553,3908200,1,,single
1791363554,3965810,3,,single
1791363556,2865670,0,,single
1791363557,2644590,0,,single
1791363559,3907100,0,,single
1791363560,2503550,2,,single
1791363562,3675160,1,,single
1791363563,2189310,3,,single
1791363565,3914710,5,,single
1791363566,3772010,0,,single
1791363568,3858850,0,,single
1791363569,1794830,0,,single
1791363571,3521490,1,,single
1791363572,1952690,0,,single
1791363574,2273850,3,,single
1791363575,3950280,0,,single
1791363577,3833800,0,,single
1791363578,3442880,2,,single
1791363580,3629360,0,,single
1791363581,3419810,2,,single
1791363583,3947300,2,,single
1791363584,2299690,1,,single
1791363586,1476400,0,,single
1791363587,3978150,0,,single
1791363589,3273980,1,,single
1791363590,3176190,0,,single
1791363592,2549650,0,,single
1791363593,3895170,0,,single
1791363595,3419450,0,,single
1791363596,3376020,1,,single
1791363598,3823130,0,,single
1791363599,3873400,0,,single
1791363601,3606830,1,,single
1791363602,3774940,1,,single
1791363604,3073900,0,,single
1791363607,3830780,20,,single
1791363608,3556730,6,,single
1791363610,3272170,0,,single
1791363611,3838170,0,,single
1791363613,3843530,0,,single
1791363614,3606610,1,,single
1791363616,3466670,0,,single
1791363617,3848570,7,,single
1791363620,3577630,0,,single
1791363622,3871600,1,,single
1791363623,3341510,1,,single
1791363625,3686920,0,,single
1791363626,3919920,0,,single
1791363628,3504570,0,,single
1791363629,3304340,0,,single
1791363631,1332430,0,,single
1791363632,3826300,1,,single
1791363634,3304760,2,,single
1791363635,3280020,4,,single
1791363638,2244520,0,,single
1791363640,3759780,1,,single
1791363642,3880640,0,,single
1791363643,3086120,3,,single
1791363645,3589010,0,,single
1791363646,2914490,0,,single
1791363648,3202950,0,,single
1791363649,1906040,3,,single
1791363651,1548180,0,,single
1791363652,2967630,0,,single
1791363654,2251400,1,,single
1791363656,3588630,0,,single
1791363657,2397450,0,,single
1791363659,2098160,3,,single
1791363660,2323200,0,,single
1791363662,3253150,5,,single
1791363663,3395930,0,,single
1791363665,2131550,1,,single
1791363666,2797650,2,,single
1791363668,3557690,8,,single
1791363669,3452270,0,,single
1791363671,1308940,0,,single
1791363672,2651220,0,,single
1791363674,3531640,0,,single
1791363675,3655580,2,,single
1791363677,3618760,103,,single
1791363678,2804440,0,,single
1791363680,3210330,1,,single
1791363681,3657450,0,,single
1791363683,3196520,4,,single
1791363684,3748090,42,,single
1791363686,2924580,1,,single
1791363687,1856600,0,,single
1791363689,2812670,0,,single
1791363690,3650100,0,,single
1791363692,3466430,0,,single
1791363693,3026310,4,,single
1791363695,3720340,3,,single
1791363696,3583310,0,,single
1791363698,2862890,3,,single
1791363699,3749780,0,,single
1791363701,3362040,0,,single
1791363702,3207300,0,,single
1791363704,3356340,1,,single
1791363706,2870150,1,,single
1791363707,3235170,0,,single
1791363709,3626090,7,,single
1791363710,3223330,0,,single
1791363712,1498060,1,,single
1791363713,3131280,0,,single
1791363715,3185000,3,,single
1791363716,3025590,0,,single
1791363718,1708950,0,,single
1791363719,3515550,0,,single
1791363721,1878490,1,,single
1791363723,3525360,0,,single
1791363724,3620000,4,,single
1791363726,1644750,0,,single
1791363727,3601190,8,,single
1791363729,3441450,10,,single
1791363730,2623040,1,,single
1791363732,3395500,0,,single
1791363733,3741350,0,,single
1791363735,1885380,0,,single
1791363736,3665800,0,,single
1791363738,3646650,1,,single
1791363739,3410640,0,,single
1791363741,3683690,1,,single
1791363742,2799350,7,,single
1791363744,3362120,1,,single
1791363745,3183730,1,,single
1791363747,3627340,0,,single
1791363748,3383430,2,,single
1791363750,3352180,2,,single
1791363751,2828490,2,,single
1791363753,1779030,2,,single
1791363754,3408060,0,,single
1791363756,3366710,2,,single
1791363757,3425890,2,,single
1791363759,3138170,0,,single
1791363760,2851110,1,,single
1791363762,3383700,2,,single
1791363763,3500640,0,,single
1791363765,3400520,0,,single
1791363766,3263710,0,,single
1791363768,3072000,24,,single
1791363770,3446850,0,,single
1791363771,2254410,0,,single
1791363773,2767950,1,,single
1791363774,3057290,6,,single
1791363776,3349850,0,,single
1791363777,2948310,1,,single
1791363779,2885620,0,,single
1791363780,3133180,0,,single
1791363782,3356740,3,,single
1791363783,3017110,2,,single
1791363785,1745680,0,,single
1791363786,3306780,4,,single
1791363788,3222850,1,,single
1791363789,2485910,1,,single
1791363791,2067310,0,,single
1791363792,2809820,0,,single
1791363794,2191680,0,,single
1791363795,3034520,1,,single
1791363797,3230020,0,,single
1791363798,3090870,0,,single
1791363800,2999510,0,,single
1791363801,3136030,1,,single
1791363803,2945900,0,,single
1791363804,3172790,1,,single
1791363806,3076620,58,,single
1791363807,3070830,76,,single
1791363809,3141480,12,,single
1791363810,3101720,1,,single
1791363812,2983260,2,,single
1791363813,2487680,96,,single
1791363815,2545650,1,,single
1791363816,3118290,1,,single
1791363818,2940120,4,,single
1791363819,3088770,78,,single
1791363821,3060080,63,,single
1791363822,2921870,9,,single
1791363824,3066230,66,,single
1791363825,3083200,75,,single
1791363827,3097670,85,,single
1791363828,3101620,0,,single
1791363830,2744230,1,,single
1791363831,3057940,76,,single
1791363833,3056550,58,,single
1791363834,3067770,82,,single
1791363836,3095590,85,,single
1791363838,3066830,65,,single
1791363839,3064010,92,,single
1791363841,3077280,77,,single
1791363842,3069620,88,,single
1791363844,3073460,80,,single
1791363845,3073720,1,,single
1791363847,2837280,0,,single
1791363848,3077360,85,,single
1791363850,3072100,0,,single
1791363851,1587070,82,,single
1791363853,3059220,82,,single
1791363854,2999090,2,,single
1791363856,3058790,86,,single
1791363857,3067650,72,,single
1791363859,2995230,0,,single
1791363860,3022740,56,,single
1791363862,2899890,27,,single
1791363863,3033660,4,,single
1791363865,3015120,0,,single
1791363866,2015950,0,,single
1791363868,1120400,0,,single
1791363869,2514680,1,,single
1791363871,2953230,77,,single
1791363872,2719830,5,,single
1791363874,2830720,2,,single
1791363875,2056090,0,,single
1791363877,2901290,8,,single
1791363878,2714210,0,,single
1791363880,2847250,2,,single
1791363881,2511180,1,,single
1791363883,2726240,0,,single
1791363884,2776290,3,,single
1791363886,2425580,0,,single
1791363887,2374660,1,,single
1791363889,2741110,2,,single
1791363890,2399370,0,,single
1791363892,2723460,4,,single
1791363893,2367650,4,,single
1791363895,2663450,1,,single
1791363896,2779230,0,,single
1791363898,2104670,0,,single
1791363899,823600,1,,single
1791363901,1526540,18,,single
1791363902,2535670,0,,single
1791363904,1987980,0,,single
1791363905,1191260,4,,single
1791363907,2724540,3,,single
1791363908,1001860,0,,single
1791363910,1968820,1,,single
1791363911,2543110,3,,single
1791363913,603350,1,,single
1791363914,1451720,2,,single
1791363916,3495810,3,,single
1791363917,1189680,0,,single
1791363919,2772650,1,,single
1791363921,1558100,0,,single
1791363922,2576040,0,,single
1791363924,565080,0,,single
1791363925,1350250,2,,single
1791363927,427570,0,,single
1791363928,876850,0,,single
1791363931,2469290,0,,single
1791363933,4174910,27,,single
1791363935,605190,0,,single
1791363936,2000160,0,,single
1791363938,3757060,1,,single
1791363939,1067020,0,,single
1791363941,1462520,1,,single
1791363942,2379620,0,,single
1791363944,4293350,22,,single
1791363945,700480,1,,single
1791363947,1696080,0,,single
1791363948,3310950,3,,single
1791363950,738000,0,,single
1791363951,1170940,0,,single
1791363953,1901620,6,,single
1791363954,2854440,0,,single
1791363956,365260,0,,single
1791363958,1067220,3,,single
1791363959,2308360,0,,single
1791363961,3410880,0,,single
1791363962,642650,1,,single
1791363964,1156250,0,,single
1791363965,3230990,6,,single
1791363967,4218020,0,,single
1791363968,1883570,3,,single
1791363970,3597000,2,,single
1791363971,1262910,0,,single
1791363973,1723790,3,,single
1791363974,2090370,4,,single
1791363976,2328740,1,,single
1791363977,3078950,3,,single
1791363979,3570940,2,,single
1791363980,432290,0,,single
1791363982,858630,0,,single
1791363983,1097480,0,,single
1791363985,1700550,1,,single
1791363986,1916290,0,,single
1791363988,2119680,19,,single
1791363989,2380410,0,,single
1791363991,16100,5,,single
1791363992,1126990,0,,single
1791363994,1476170,0,,single
1791363995,1816140,7,,single
1791363997,2564050,3,,single
1791363999,31900,0,,single
1791364000,1290350,0,,single
1791364002,1596440,0,,single
1791364003,2060170,3,,single
1791364005,3298250,2,,single
1791364006,851180,0,,single
1791364008,1186030,0,,single
1791364009,1568880,0,,single
1791364011,2360260,0,,single
1791364012,3205430,4,,single
1791364014,50990,2,,single
1791364015,2265180,0,,single
1791364017,3732310,2,,single
1791364018,4033150,1,,single
1791364020,809850,2,,single
1791364022,1286330,0,,single
1791364023,1642620,6,,single
1791364025,1952170,18,,single
1791364026,4280140,0,,single
1791364028,1257310,0,,single
1791364029,1949980,2,,single
1791364031,2613010,0,,single
1791364032,666730,1,,single
1791364034,930310,1,,single
1791364035,1377260,3,,single
1791364037,2401460,1,,single
1791364038,2652480,1,,single
1791364040,3427660,251,,single
1791364041,432310,4,,single
1791364043,886730,0,,single
1791364044,1048660,0,,single
1791364046,2287980,1,,single
1791364047,5033210,1119,,single
1791364049,757200,1,,single
1791364050,1730910,50,,single
1791364052,514160,1,,single
1791364053,618610,0,,single
1791364055,951260,0,,single
1791364056,1425130,1,,single
1791364058,1729300,0,,single
1791364059,1934910,0,,single
1791364061,2491040,2,,single
1791364062,3204510,0,,single
1791364064,950700,0,,single
1791364065,1591490,0,,single
1791364067,2011410,0,,single
1791364068,2687990,3,,single
1791364070,572730,0,,single
1791364071,2371130,2,,single
1791364073,4821420,38,,single
1791364074,688140,0,,single
1791364076,1008800,2,,single
1791364078,1822710,1,,single
1791364079,2068710,0,,single
1791364081,3114500,2,,single
1791364082,3870580,1,,single
1791364084,789950,2,,single
1791364085,1533470,0,,single
1791364087,2174320,7,,single
1791364088,2994260,6,,single
1791364090,368000,0,,single
1791364091,551550,0,,single
1791364093,795510,2,,single
1791364094,881490,1,,single
1791364096,1512390,0,,single
1791364097,2066460,0,,single
1791364099,2304170,2,,single
1791364100,2710970,3,,single
1791364102,3263380,83,,single
1791364103,628660,5,,single
1791364105,1389840,0,,single
1791364106,1552730,0,,single
1791364108,2278010,0,,single
1791364109,2470860,3,,single
1791364111,3427420,0,,single
1791364112,620700,0,,single
1791364114,1042020,0,,single
1791364115,1367320,4,,single
1791364117,1465950,0,,single
1791364118,1825740,0,,single
1791364120,2114970,0,,single
1791364121,2820590,1,,single
1791364123,3607470,0,,single
1791364124,40320,1,,single
1791364126,502240,0,,single
1791364127,632800,0,,single
1791364129,1117310,1,,single
1791364130,1507410,4,,single
1791364132,2182690,4,,single
1791364133,3160880,4,,single
1791364135,718200,1,,single
1791364136,1250220,0,,single
1791364138,1772480,0,,single
1791364139,2516590,1,,single
1791364141,3192340,6,,single
1791364143,411820,1,,single
1791364144,1445440,1,,single
1791364146,2203590,3,,single
1791364147,3172270,1,,single
1791364149,4677310,13,,single
1791364150,1013180,0,,single
1791364152,1344530,0,,single
1791364153,1745790,0,,single
1791364155,1923690,8,,single
1791364156,2994810,0,,single
1791364158,386600,0,,single
1791364159,724430,0,,single
1791364161,1698030,0,,single
1791364162,1892950,0,,single
1791364164,2367560,1,,single
1791364165,3558300,0,,single
1791364167,366380,1,,single
1791364168,1465190,0,,single
1791364170,1832050,4,,single
1791364171,2110840,2,,single
1791364173,2543370,1,,single
1791364174,672150,14,,single
1791364176,1096730,1,,single
1791364177,1470310,0,,single
1791364179,2092190,0,,single
1791364180,2774580,0,,single
1791364182,338960,0,,single
1791364183,872350,0,,single
1791364185,1122970,0,,single
1791364186,1404190,0,,single
1791364188,2065000,0,,single
1791364189,2241000,17,,single
1791364190,3510160,6,,single
1791364192,492530,2,,single
1791364193,882560,1,,single
1791364195,1405660,0,,single
1791364196,2005050,0,,single
1791364198,2229680,0,,single
1791364199,2711320,0,,single
1791364201,3426450,0,,single
1791364203,358390,0,,single
1791364204,815150,0,,single
1791364206,1502710,1,,single
1791364208,2176070,0,,single
1791364209,2997120,0,,single
1791364210,4997080,5,,single
1791364212,454320,1,,single
1791364213,1098510,2,,single
1791364215,1641860,0,,single
1791364217,2199580,1,,single
1791364218,1209750,0,,single
1791364220,1690690,1,,single
1791364222,2179860,0,,single
1791364223,2661620,0,,single
1791364225,4728830,5,,single
1791364227,539660,1,,single
1791364228,1005580,1,,single
1791364230,1738520,1,,single
1791364233,2285650,8,,single
1791364234,2889280,0,,single
1791364235,286300,0,,single
1791364237,434290,1,,single
1791364239,510590,0,,single
1791364240,1054660,0,,single
1791364242,1153830,0,,single
1791364243,1548940,0,,single
1791364245,1912340,0,,single
1791364247,3465660,8,,single
1791364248,49300,1,,single
1791364250,292260,1,,single
1791364251,703310,1,,single
1791364253,1056510,0,,single
1791364254,1533280,0,,single
1791364256,1834820,1,,single
1791364257,2324610,0,,single
1791364259,4147190,9,,single
1791364260,337680,0,,single
1791364262,575570,0,,single
1791364263,873980,0,,single
1791364265,1122700,0,,single
1791364266,1588410,1,,single
1791364268,3182330,0,,single
1791364269,389850,0,,single
1791364271,559070,2,,single
1791364272,674150,0,,single
1791364274,1132720,1,,single
1791364275,1315680,7,,single
1791364277,1728520,6,,single
1791364278,2442400,0,,single
1791364280,2807490,1,,single
1791364281,345080,0,,single
1791364283,549170,2,,single
1791364284,685950,2,,single
1791364286,1076620,0,,single
1791364287,1352680,0,,single
1791364289,1983700,23,,single
1791364290,5086560,12,,single
1791364292,4964580,261,,single
1791364294,3115490,2,,single
1791364295,3681780,24,,single
1791364297,3664090,4,,single
1791364298,2536650,0,,single
1791364300,3006900,0,,single
1791364301,4518170,4,,single
1791364303,353630,1,,single
1791364304,573790,3,,single
1791364306,763710,1,,single
1791364307,1450650,0,,single
1791364309,2256790,2,,single
1791364310,2889290,0,,single
1791364312,467850,0,,single
1791364313,1004860,0,,single
1791364315,1153540,1,,single
1791364316,1449330,0,,single
1791364318,1551520,0,,single
1791364319,1952520,15,,single
1791364321,2251120,0,,single
1791364322,2901060,1,,single
1791364324,3982450,2,,single
1791364325,302180,0,,single
1791364327,354740,0,,single
1791364328,661960,5,,single
1791364330,1306780,0,,single
1791364331,1657880,13,,single
1791364333,2298610,1,,single
1791364334,4013320,0,,single
1791364336,305780,0,,single
1791364337,464080,0,,single
1791364339,1127390,4,,single
1791364340,1221240,0,,single
1791364342,1419480,0,,single
1791364343,1770460,0,,single
1791364345,2119660,8,,single
1791364346,2352040,0,,single
1791364348,3164640,0,,single
1791364349,46280,0,,single
1791364351,540780,2,,single
1791364352,1141320,1,,single
1791364354,1265850,2,,single
1791364356,1574910,0,,single
1791364357,2543770,0,,single
1791364359,3084810,7,,single
1791364360,4945040,6,,single
1791364362,327390,0,,single
1791364363,541380,0,,single
1791364365,631660,0,,single
1791364366,1094720,0,,single
1791364368,1346400,0,,single
1791364369,1571220,0,,single
1791364371,1903730,0,,single
1791364372,2161450,0,,single
1791364374,2554670,38,,single
1791364375,4141040,1,,single
1791364377,867120,0,,single
1791364378,1337590,0,,single
1791364380,1914750,1,,single
1791364382,2430380,5,,single
1791364383,3251270,2,,single
1791364385,18470,2,,single
1791364386,344630,0,,single
1791364387,479100,0,,single
1791364389,618470,1,,single
1791364390,1127540,2,,single
1791364392,1647740,0,,single
1791364393,1997190,0,,single
1791364395,2800520,0,,single
1791364396,16180,2,,single
1791364398,638930,0,,single
1791364399,751340,0,,single
1791364401,1150620,0,,single
1791364402,1576130,1,,single
1791364404,1812930,0,,single
1791364405,2087610,0,,single
1791364407,3436220,1,,single
1791364408,25850,1,,single
1791364410,447700,15,,single
1791364411,594720,0,,single
1791364413,893500,0,,single
1791364414,1067810,101,,single
1791364416,1703180,1,,single
1791364417,1871480,1,,single
1791364419,2300920,2,,single
1791364420,3825620,0,,single
1791364422,575940,1,,single
1791364423,1031020,3,,single
1791364425,1557410,0,,single
1791364426,2176320,0,,single
1791364428,3960410,1,,single
1791364429,302350,0,,single
1791364431,489260,0,,single
1791364432,557030,0,,single
1791364434,979310,0,,single
1791364435,1872040,0,,single
1791364437,2222200,0,,single
1791364438,3669040,10,,single
1791364440,270830,2,,single
1791364441,554750,0,,single
1791364443,845030,2,,single
1791364444,1455450,0,,single
1791364446,1815010,0,,single
1791364448,2082540,20,,single
1791364449,2153610,18,,single
1791364451,2413570,1,,single
1791364452,2694600,2,,single
1791364454,3832120,12,,single
1791364455,3340,1,,single
1791364457,587970,0,,single
1791364458,1187130,0,,single
1791364460,1500650,0,,single
1791364461,1965370,0,,single
1791364463,4144580,3,,single
1791364464,425240,0,,single
1791364466,1081650,0,,single
1791364467,1294880,0,,single
1791364469,1681480,0,,single
1791364470,2328980,0,,single
1791364472,3198360,4,,single
1791364473,3894300,0,,single
1791364475,486810,4,,single
1791364476,561440,0,,single
1791364478,942010,0,,single
1791364479,1340120,0,,single
1791364481,1796410,0,,single
1791364482,2631210,8,,single
1791364484,3430330,1,,single
1791364485,210230,2,,single
1791364487,360600,0,,single
1791364488,557580,0,,single
1791364490,808090,1,,single
1791364491,986350,0,,single
1791364493,1435780,2,,single
1791364494,1694290,0,,single
1791364496,1904610,5,,single
1791364498,2424240,0,,single
1791364499,4782460,1,,single
1791364501,422760,0,,single
1791364502,588290,0,,single
1791364504,863980,0,,single
1791364505,1285560,0,,single
1791364507,1497230,0,,single
1791364508,1888300,9,,single
1791364510,2633890,0,,single
1791364511,3172330,0,,single
1791364513,564210,1,,single
1791364514,813650,2,,single
1791364516,830590,0,,single
1791364517,1367040,0,,single
1791364519,1732390,4,,single
1791364521,2000760,1,,single
1791364523,2421320,1,,single
1791364524,49000,1,,single
1791364526,499910,0,,single
1791364527,539280,0,,single
1791364529,938310,3,,single
1791364530,1092000,0,,single
1791364532,1446160,0,,single
1791364533,1785420,1,,single
1791364535,1876560,0,,single
1791364538,16130,5,,single
1791364539,694370,0,,single
1791364541,762930,2,,single
1791364542,1237040,1,,single
1791364544,1490980,0,,single
1791364545,1671590,0,,single
1791364547,2178100,3,,single
1791364548,2430360,7,,single
1791364550,4450550,2,,single
1791364551,397750,1,,single
1791364553,675810,0,,single
1791364554,783180,0,,single
1791364556,957070,2,,single
1791364558,1234550,0,,single
1791364559,1843880,8,,single
1791364561,2009650,0,,single
1791364562,2962400,9,,single
1791364564,318570,0,,single
1791364565,435970,1,,single
1791364567,1069390,0,,single
1791364568,1429350,2,,single
1791364570,2086150,0,,single
1791364571,2508400,1,,single
1791364573,2768380,5,,single
1791364574,365560,0,,single
1791364576,501050,2,,single
1791364577,726950,0,,single
1791364579,1023550,0,,single
1791364580,1364730,1,,single
1791364582,1584660,0,,single
1791364583,1817560,1,,single
1791364585,2135580,0,,single
1791364586,2205460,0,,single
1791364588,2417580,1,,single
1791364589,2678280,2,,single
1791364591,2944560,9,,single
1791364592,3889540,7,,single
1791364594,360590,1,,single
1791364595,475960,0,,single
1791364597,614460,0,,single
1791364598,832320,0,,single
1791364600,985650,0,,single
1791364601,1033220,0,,single
1791364603,1446930,4,,single
1791364604,1933820,0,,single
1791364606,2357400,1,,single
1791364607,2533870,0,,single
1791364609,4246910,29,,single
1791364610,49330,0,,single
1791364612,263940,0,,single
1791364613,395930,4,,single
1791364615,656210,0,,single
1791364617,1484730,0,,single
1791364618,1849820,0,,single
1791364620,2074370,0,,single
1791364621,2470980,4,,single
1791364623,4173760,1,,single
1791364624,390880,0,,single
1791364626,732930,0,,single
1791364627,955400,0,,single
1791364629,1199370,0,,single
1791364630,1292770,0,,single
1791364632,1608730,1,,single
1791364633,1741120,5,,single
1791364635,1922020,0,,single
1791364636,2339930,0,,single
1791364638,2697890,2,,single
1791364639,3684690,0,,single
1791364641,4208790,0,,single
1791364642,490250,0,,single
1791364644,627350,0,,single
1791364645,724390,0,,single
1791364647,1511650,4,,single
1791364648,2194700,0,,single
1791364650,2668160,0,,single
1791364651,4587610,9,,single
1791364653,312720,0,,single
1791364654,572720,3,,single
1791364656,774441,0,,single
1791364657,1036980,0,,single
1791364659,1265570,2,,single
1791364660,1554970,0,,single
1791364662,2154730,2,,single
1791364663,2988290,0,,single
1791364665,468240,0,,single
1791364666,681530,1,,single
1791364668,916350,1,,single
1791364669,970300,1,,single
1791364671,1551540,2,,single
1791364672,1809530,8,,single
1791364674,2086380,0,,single
1791364675,2618370,0,,single
1791364677,3508760,0,,single
1791364678,274010,1,,single
1791364680,377070,0,,single
1791364681,521790,0,,single
1791364683,979400,0,,single
1791364684,1097790,0,,single
1791364686,1544460,0,,single
1791364688,1901780,0,,single
1791364689,2432040,0,,single
1791364691,327380,0,,single
1791364692,438560,0,,single
1791364694,628170,6,,single
1791364695,893840,2,,single
1791364697,1604300,0,,single
1791364698,1923670,4,,single
1791364700,2198830,6,,single
1791364701,2355250,7,,single
1791364703,370480,0,,single
1791364704,656590,0,,single
1791364706,1004150,2,,single
1791364707,1359630,1,,single
1791364709,1520900,0,,single
1791364710,1558970,0,,single
1791364712,1785000,0,,single
1791364714,2194000,1,,single
1791364715,2439780,0,,single
1791364717,3962840,17,,single
1791364718,628710,0,,single
1791364720,885470,0,,single
1791364721,1172530,0,,single
1791364723,1464550,0,,single
1791364724,2598940,1,,single
1791364726,3084180,2,,single
1791364727,542290,2,,single
1791364729,596810,0,,single
1791364730,1117380,0,,single
1791364732,1356040,11,,single
1791364733,1761290,0,,single
1791364735,2283200,5,,single
1791364736,3664060,5,,single
1791364738,276750,1,,single
1791364739,349460,1,,single
1791364741,615670,0,,single
1791364742,797620,0,,single
1791364744,1089660,0,,single
1791364746,1221800,0,,single
1791364747,1488100,1,,single
1791364749,1833570,3,,single
1791364750,2104920,0,,single
1791364752,2221980,2,,single
1791364753,3028150,0,,single
1791364755,42200,0,,single
1791364756,297570,1,,single
1791364758,412660,0,,single
1791364759,603930,0,,single
1791364761,1518820,1,,single
1791364762,2027000,0,,single
1791364764,2189420,0,,single
1791364765,2478020,1,,single
1791364767,3835980,6,,single
1791364768,513480,1,,single
1791364770,623070,1,,single
1791364771,957820,0,,single
1791364773,1159680,0,,single
1791364774,1415320,0,,single
1791364776,2058200,0,,single
1791364777,3098050,1,,single
1791364779,240360,0,,single
1791364780,464650,0,,single
1791364782,604510,1,,single
1791364783,925550,0,,single
1791364785,1202280,0,,single
1791364786,1442840,0,,single
1791364788,1712950,0,,single
1791364789,1849360,1,,single
1791364791,2019380,18,,single
1791364792,2127430,0,,single
1791364794,3286700,4,,single
1791364795,110500,0,,single
1791364797,361020,16,,single
1791364798,404510,0,,single
1791364800,617590,0,,single
1791364801,962700,1,,single
1791364803,1313940,0,,single
1791364804,1426500,0,,single
1791364806,2004610,1,,single
1791364807,2983270,0,,single
1791364809,3349970,0,,single
1791364810,435020,2,,single
1791364812,521750,23,,single
1791364813,870110,0,,single
1791364815,972160,0,,single
1791364816,1081450,0,,single
1791364818,1214520,0,,single
1791364820,1455230,0,,single
1791364822,1750740,6,,single
1791364824,2020090,0,,single
1791364825,2234060,0,,single
1791364827,2685610,1,,single
1791364828,3470480,1,,single
1791364831,4272540,4,,single
1791364833,438010,2,,single
1791364835,533180,0,,single
1791364836,1138440,0,,single
1791364838,1590750,0,,single
1791364839,1830780,0,,single
1791364841,2219190,0,,single
1791364842,2614720,1,,single
1791364844,3214690,0,,single
1791364845,276360,0,,single
1791364847,503450,0,,single
1791364848,646470,0,,single
1791364850,1304770,0,,single
1791364851,1778330,0,,single
1791364853,1930580,1,,single
1791364854,3420,1,,single
1791364856,37280,4,,single
1791364858,356000,1,,single
1791364859,722920,4,,single
1791364861,973800,0,,single
1791364862,1309860,1,,single
1791364864,1595050,0,,single
1791364865,1747330,0,,single
1791364867,1942120,3,,single
1791364868,2249040,0,,single
1791364870,2437690,2,,single
1791364871,3306920,0,,single
1791364873,317380,1,,single
1791364874,949800,0,,single
1791364876,1145030,0,,single
1791364877,1383640,1,,single
1791364879,2421300,0,,single
1791364880,2565960,2,,single
1791364882,2701750,0,,single
1791364883,218020,0,,single
1791364885,363240,0,,single
1791364886,555920,0,,single
1791364888,662230,0,,single
1791364889,947890,13,,single
1791364891,1237070,0,,single
1791364892,1521930,0,,single
1791364894,1604020,0,,single
1791364895,2347740,0,,single
1791364897,2424810,0,,single
1791364898,2696200,0,,single
1791364900,4293360,2,,single
1791364901,337460,0,,single
1791364903,503650,0,,single
1791364904,588930,0,,single
1791364906,850230,1,,single
1791364907,1590700,0,,single
1791364909,1759920,0,,single
1791364910,1884300,0,,single
1791364912,2176930,0,,single
1791364913,2603040,5,,single
1791364915,3294590,3,,single
1791364916,4761320,3,,single
1791364918,460220,0,,single
1791364919,546410,0,,single
1791364921,924800,0,,single
1791364922,1748300,0,,single
1791364924,1997250,0,,single
1791364926,4651910,2,,single
1791364927,548680,0,,single
1791364929,699540,0,,single
1791364930,732400,0,,single
1791364932,1488430,0,,single
1791364933,1823170,0,,single
1791364935,1976390,1,,single
1791364937,2090150,1,,single
1791364938,2686690,1,,single
1791364940,3676110,4,,single
1791364941,297590,0,,single
1791364943,419080,1,,single
1791364944,575970,0,,single
1791364946,673910,0,,single
1791364947,987850,0,,single
1791364949,1266680,0,,single
1791364950,1714190,0,,single
1791364952,2377110,0,,single
1791364953,3646510,1,,single
1791364955,395920,2,,single
1791364956,541190,0,,single
1791364958,689710,0,,single
1791364959,885120,0,,single
1791364961,1084220,0,,single
1791364962,1257860,0,,single
1791364964,1759870,0,,single
1791364965,2017700,0,,single
1791364967,2546110,1,,single
1791364968,3250970,1,,single
1791364970,283840,0,,single
1791364971,418000,0,,single
1791364973,674310,1,,single
1791364974,1076120,0,,single
1791364976,1138960,1,,single
1791364978,1415280,0,,single
1791364979,1700890,0,,single
1791364981,2337760,0,,single
1791364982,3153770,0,,single
1791364984,4819360,6,,single
1791364985,497080,25,,single
1791364987,573210,0,,single
1791364988,1195070,1,,single
1791364990,1417940,5,,single
1791364991,1795430,0,,single
1791364993,2101110,7,,single
1791364994,2157250,0,,single
1791364996,3213010,4,,single
1791364997,4307360,1,,single
1791364999,402980,0,,single
1791365000,916040,0,,single
1791365002,1049880,7,,single
1791365003,1209510,0,,single
1791365005,1639210,1,,single
1791365006,1899950,0,,single
1791365008,2391400,16,,single
1791365009,2412150,1,,single
1791365011,229970,1,,single
1791365012,572660,1,,single
1791365014,904600,0,,single
1791365015,1247570,0,,single
1791365017,1701370,11,,single
1791365018,2092130,0,,single
1791365020,2421950,1,,single
1791365021,3266580,0,,single
1791365023,220420,1,,single
1791365024,421260,0,,single
1791365026,623160,0,,single
1791365027,942270,0,,single
1791365029,1412960,0,,single
1791365030,1713720,0,,single
1791365032,1903970,1,,single
1791365033,2074910,1,,single
1791365035,2513490,1,,single
1791365036,3436280,1,,single
1791365038,4657600,2,,single
1791365039,314220,0,,single
1791365041,593740,0,,single
1791365042,809500,0,,single
1791365044,1476680,1,,single
1791365045,1602620,2,,single
1791365047,1894220,0,,single
1791365048,2229480,0,,single
1791365050,2952570,0,,single
1791365051,4442190,1,,single
1791365053,206020,1,,single
1791365055,501090,0,,single
1791365056,747620,0,,single
1791365058,977300,0,,single
1791365059,1204470,0,,single
1791365060,1810610,0,,single
1791365062,2404510,2,,single
1791365063,4093240,6,,single
1791365065,305390,0,,single
1791365066,462110,0,,single
1791365068,662680,0,,single
1791365069,892550,1,,single
1791365071,1041940,0,,single
1791365073,1482490,3,,single
1791365074,1848590,0,,single
1791365076,2257610,4,,single
1791365077,4147100,4,,single
1791365079,332410,0,,single
1791365080,628150,1,,single
1791365082,1233350,1,,single
1791365083,1740310,0,,single
1791365085,2208620,0,,single
1791365086,2430370,5,,single
1791365088,2680420,0,,single
1791365089,3670880,1,,single
1791365091,339740,0,,single
1791365092,454970,2,,single
1791365094,628130,5,,single
1791365095,890220,0,,single
1791365097,1424300,0,,single
1791365098,2418120,1,,single
1791365100,3567200,0,,single
1791365101,401120,1,,single
1791365103,620940,2,,single
1791365104,939120,0,,single
1791365106,1213570,1,,single
1791365107,1342120,0,,single
1791365109,1766420,0,,single
1791365110,2331950,0,,single
1791365112,2551780,0,,single
1791365113,44600,0,,single
1791365115,387850,1,,single
1791365116,688260,0,,single
1791365118,939350,0,,single
1791365120,1133990,0,,single
1791365122,1457650,3,,single
1791365123,1790630,4,,single
1791365125,2595640,3,,single
1791365126,4484400,1,,single
1791365128,497720,0,,single
1791365130,1173740,0,,single
1791365132,1740230,0,,single
1791365134,2130680,0,,single
1791365135,2295070,2,,single
1791365137,2520580,0,,single
1791365138,3114300,0,,single
1791365140,294280,0,,single
1791365141,462730,0,,single
1791365143,619810,0,,single
1791365144,832770,0,,single
1791365146,1003600,1,,single
1791365147,1304780,0,,single
1791365149,1709870,0,,single
1791365150,2321180,0,,single
1791365152,3119480,0,,single
1791365153,4284680,0,,single
1791365155,386110,0,,single
1791365156,511540,0,,single
1791365158,977840,0,,single
1791365159,1161360,1,,single
1791365161,1645270,0,,single
1791365162,1947950,4,,single
1791365164,2012610,0,,single
1791365165,2630300,1,,single
1791365167,4491190,0,,single
1791365169,302360,0,,single
1791365170,370700,0,,single
1791365172,846050,2,,single
1791365173,1006400,0,,single
1791365175,1346390,0,,single
1791365176,1501320,0,,single
1791365178,1947750,0,,single
1791365179,2144040,0,,single
1791365181,3035310,0,,single
1791365182,292670,1,,single
1791365184,494170,0,,single
1791365185,560760,1,,single
1791365187,765690,2,,single
1791365188,994670,1,,single
1791365190,1279590,4,,single
1791365191,1524350,1,,single
1791365193,1960890,0,,single
1791365194,3990990,3,,single
1791365196,356290,1,,single
1791365197,762480,1,,single
1791365199,1239660,0,,single
1791365200,1483300,0,,single
1791365202,1709180,8,,single
1791365203,1934900,0,,single
1791365205,2418940,0,,single
1791365206,4133970,1,,single
1791365208,552580,1,,single
1791365209,634150,0,,single
1791365211,858050,0,,single
1791365212,1137400,1,,single
1791365214,1286600,0,,single
1791365216,1843110,0,,single
1791365218,2090890,0,,single
1791365219,2311840,0,,single
1791365221,3616960,0,,single
1791365222,351410,1,,single
1791365224,529700,2,,single
1791365225,742150,0,,single
1791365227,1534850,0,,single
1791365228,1616520,0,,single
1791365230,1747900,1,,single
1791365231,2013060,0,,single
1791365233,2366530,3,,single
1791365234,2561500,0,,single
1791365236,3785130,0,,single
1791365237,294700,2,,single
1791365239,354730,0,,single
1791365240,536420,0,,single
1791365242,827610,0,,single
1791365243,1203890,2,,single
1791365245,1792600,1,,single
1791365246,2019360,10,,single
1791365248,2469610,0,,single
1791365249,2989760,1,,single
1791365251,3520,1,,single
1791365252,329630,2,,single
1791365254,481600,0,,single
1791365255,598990,0,,single
1791365257,1342090,0,,single
1791365258,1474770,2,,single
1791365260,1709590,0,,single
1791365261,1867070,0,,single
1791365263,2133870,1,,single
1791365264,2971750,1,,single
1791365266,3874450,10,,single
1791365267,514360,3,,single
1791365269,876190,0,,single
1791365270,1136440,0,,single
1791365272,1969310,0,,single
1791365273,2281610,1,,single
1791365275,2920030,2,,single
1791365276,16200,1,,single
1791365278,528180,0,,single
1791365279,1232150,0,,single
1791365281,1340300,0,,single
1791365282,1459710,0,,single
1791365284,1584330,0,,single
1791365285,1770490,2,,single
1791365287,1998980,7,,single
1791365288,2473070,26,,single
1791365290,3417490,8,,single
1791365292,294770,1,,single
1791365293,503680,2,,single
1791365295,538550,0,,single
1791365296,1000470,0,,single
1791365298,1186600,1,,single
1791365299,1613680,1,,single
1791365301,1922960,4,,single
1791365302,2274500,0,,single
1791365304,2361700,1,,single
1791365305,3271470,1,,single
1791365307,284020,0,,single
1791365308,361950,2,,single
1791365310,499210,0,,single
1791365311,804430,0,,single
1791365313,1342810,1,,single
1791365314,1697460,17,,single
1791365316,2020510,4,,single
1791365317,5184600,75,,single
1791365319,2932680,1,,single
1791365320,2244160,0,,single
1791365322,2423070,7,,single
1791365323,2566020,0,,single
1791365325,328830,0,,single
1791365326,458330,2,,single
1791365328,828660,1,,single
1791365329,966090,4,,single
1791365331,1267260,0,,single
1791365332,1913550,0,,single
1791365334,2106560,0,,single
1791365335,2610080,1,,single
1791365337,4134900,0,,single
1791365338,302170,0,,single
1791365340,512260,2,,single
1791365341,577890,0,,single
1791365343,939390,0,,single
1791365344,1073860,1,,single
1791365346,1521100,0,,single
1791365347,1790360,0,,single
1791365349,2014370,1,,single
1791365350,2396740,2,,single
1791365352,3859750,0,,single
1791365353,403100,0,,single
1791365355,518650,0,,single
1791365356,806960,2,,single
1791365358,896950,0,,single
1791365359,1170340,0,,single
1791365361,1342410,0,,single
1791365362,2081540,0,,single
1791365364,3332070,1,,single
1791365365,3812250,0,,single
1791365367,524030,0,,single
1791365368,1248550,0,,single
1791365370,2168530,7,,single
1791365371,2512430,0,,single
1791365373,3384130,0,,single
1791365374,294390,1,,single
1791365376,416310,0,,single
1791365377,776540,0,,single
1791365379,952920,0,,single
1791365380,1351370,0,,single
1791365382,2101290,1,,single
1791365383,2799920,1,,single
1791365385,391660,0,,single
1791365386,1085520,0,,single
1791365388,1184500,0,,single
1791365389,1611290,0,,single
1791365391,1824840,1,,single
1791365392,2196120,1,,single
1791365394,4178920,5,,single
1791365395,333330,0,,single
1791365397,390940,0,,single
1791365398,595660,2,,single
1791365400,740410,9,,single
1791365401,1028850,0,,single
1791365403,1200580,8,,single
1791365404,1855100,0,,single
1791365406,1977450,0,,single
1791365407,2118680,1,,single
1791365409,2471660,0,,single
1791365410,3272980,2,,single
1791365412,3801270,0,,single
1791365413,334270,0,,single
1791365415,462640,0,,single
1791365416,839670,1,,single
1791365418,1211370,0,,single
1791365421,1446280,1,,single
1791365422,1904580,4,,single
1791365424,2170520,0,,single
1791365425,2625650,0,,single
1791365427,3246900,4,,single
1791365428,3883970,4,,single
1791365430,363050,0,,single
1791365431,452120,0,,single
1791365433,568910,1,,single
1791365434,667120,3,,single
1791365437,831120,0,,single
1791365439,1183740,0,,single
1791365440,1673040,0,,single
1791365442,2091130,5,,single
1791365443,2310920,0,,single
1791365445,2511570,5,,single
1791365447,2867700,0,,single
1791365448,283020,1,,single
1791365450,514080,0,,single
1791365451,722810,8,,single
1791365453,818440,0,,single
1791365454,1045850,0,,single
1791365456,1196450,2,,single
1791365458,1450800,0,,single
1791365459,1533940,1,,single
1791365461,1670120,0,,single
1791365462,2096620,1,,single
1791365464,37390,1,,single
1791365465,355010,0,,single
1791365467,461340,0,,single
1791365468,782130,0,,single
1791365470,932940,1,,single
1791365471,1034540,0,,single
1791365473,1093760,1,,single
1791365474,1434310,2,,single
1791365476,1561090,0,,single
1791365477,2017340,0,,single
1791365479,2150200,0,,single
1791365480,3220050,5,,single
1791365482,411060,4,,single
1791365483,499610,0,,single
1791365485,623170,3,,single
1791365486,837200,2,,single
1791365488,1042990,0,,single
1791365489,1519900,0,,single
1791365491,1825880,1,,single
1791365492,2053580,3,,single
1791365494,2570640,4,,single
1791365495,4843710,22,,single
1791365497,285420,0,,single
1791365498,323280,0,,single
1791365500,370730,66,,single
1791365501,602510,1,,single
1791365503,1034150,0,,single
1791365504,1330570,0,,single
1791365506,1508660,6,,single
1791365507,1725620,0,,single
1791365509,1911220,1,,single
1791365510,2160420,0,,single
1791365512,2489850,0,,single
1791365513,4813880,11,,single
1791365515,298830,1,,single
1791365516,585090,0,,single
1791365518,705550,1,,single
1791365519,1043000,1,,single
1791365521,1516330,0,,single
1791365522,1561660,0,,single
1791365524,2282330,0,,single
1791365525,3535970,1,,single
1791365527,4596050,2,,single
1791365528,275830,4,,single
1791365530,380680,0,,single
1791365531,499110,0,,single
1791365533,597810,0,,single
1791365534,929310,0,,single
1791365536,1373180,0,,single
1791365538,1698630,0,,single
1791365539,1955800,1,,single
1791365541,1977910,3,,single
1791365542,2256280,1,,single
1791365543,4159320,3,,single
1791365545,334100,0,,single
1791365547,464070,0,,single
1791365548,610570,5,,single
1791365550,953330,0,,single
1791365551,1094640,2,,single
1791365553,1217930,1,,single
1791365554,1928710,1,,single
1791365556,2129390,3,,single
1791365557,279460,0,,single
1791365559,440790,0,,single
1791365560,628100,53,,single
1791365562,660320,1,,single
1791365563,1202150,1,,single
1791365565,1700110,0,,single
1791365566,2191620,0,,single
1791365568,2375080,2,,single
1791365569,2756120,2,,single
1791365571,3649690,4,,single
1791365572,4299940,4,,single
1791365574,4758360,0,,single
1791365575,298850,0,,single
1791365577,416320,1,,single
1791365578,857950,1,,single
1791365580,1088750,0,,single
1791365581,1744120,0,,single
1791365583,1952160,3,,single
1791365584,2279710,0,,single
1791365586,2414190,0,,single
1791365587,2625170,0,,single
1791365589,3146490,3,,single
1791365590,3633770,0,,single
1791365592,291050,0,,single
1791365593,433580,0,,single
1791365595,524560,0,,single
1791365597,672970,0,,single
1791365598,771430,0,,single
1791365600,1045120,0,,single
1791365601,1476760,2,,single
1791365603,1730190,1,,single
1791365604,1842510,0,,single
1791365606,2181060,0,,single
1791365607,3128220,0,,single
1791365609,3345130,35,,single
1791365610,4035570,1,,single
1791365612,4838460,11,,single
1791365613,2900640,76,,single
1791365615,3541630,4,,single
1791365616,2288340,18298,,single
1791365618,3919140,10,,single
1791365620,5219020,43,,single
1791365621,3582120,3,,single
1791365622,5186690,75,,single
1791365624,4415120,63,,single
1791365625,3231480,6,,single
1791365627,5230220,48,,single
1791365628,4078430,5293,,single
1791365630,5204830,78,,single
