ts,appid,concurrent,peak_in_game,src
1791330286,3376990,10,,single
1791330288,1055540,37,,single
1791330289,1129190,109,,single
1791330290,1567800,10,,single
1791330292,1717770,0,,single
1791330293,2124380,6,,single
1791330295,2714620,5,,single
1791330296,1089980,128,,single
1791330297,400,641,,single
1791330299,2231450,415,,single
1791330300,374320,4372,,single
1791330301,1623730,31887,,single
1791330303,3830,70,,single
1791330304,40800,86,,single
1791330306,204030,33,,single
1791330307,209370,0,,single
1791330308,219680,0,,single
1791330310,227000,4,,single
1791330311,238960,3861,,single
1791330313,251270,7,,single
1791330315,265210,8,,single
1791330316,274520,163,,single
1791330317,303610,2,,single
1791330319,316720,0,,single
1791330320,324160,59,,single
1791330322,335300,3674,,single
1791330324,345180,20,,single
1791330327,359510,52,,single
1791330328,373770,1,,single
1791330330,385240,0,,single
1791330331,409660,0,,single
1791330333,430960,1,,single
1791330334,477870,8,,single
1791330336,487430,1,,single
1791330337,508550,2,,single
1791330338,527430,118,,single
1791330340,562360,126,,single
1791330341,570940,3562,,single
1791330343,583470,12,,single
1791330344,635940,20,,single
1791330346,665370,10,,single
1791330347,711660,9,,single
1791330349,745920,56,,single
1791330350,768200,217,,single
1791330352,829280,6,,single
1791330353,869760,0,,single
1791330354,899440,46,,single
1791330356,913740,25,,single
1791330357,951000,2,,single
1791330359,969760,1,,single
1791330360,983870,151,,single
1791330362,1018850,0,,single
1791330363,1062520,483,,single
1791330364,1079260,40,,single
1791330366,1092700,9,,single
1791330367,1116580,5,,single
1791330369,1145350,3225,,single
1791330370,1169040,685,,single
1791330371,1177980,118,,single
1791330373,1230140,35,,single
1791330374,1245560,99,,single
1791330376,1277400,127,,single
1791330377,1321440,132,,single
1791330378,1369340,6,,single
1791330380,1382070,67,,single
1791330381,1446780,5972,,single
1791330383,1516240,1,,single
1791330384,1566200,58,,single
1791330385,1599020,12,,single
1791330387,1654660,5,,single
1791330388,1709880,7,,single
1791330389,1763250,139,,single
1791330391,1819460,7,,single
1791330392,1919460,19,,single
1791330394,1944570,14,,single
1791330395,2001120,1449,,single
1791330396,2238040,6,,single
1791330398,2250060,4,,single
1791330399,2276930,199,,single
1791330400,2354600,1,,single
1791330402,2415010,164,,single
1791330403,2484130,13,,single
1791330405,2637990,7,,single
1791330406,2877540,4,,single
1791330407,3069810,34,,single
1791330409,3290710,5,,single
1791330410,240,1851,,single
1791330412,2280,205,,single
1791330413,3480,254,,single
1791330415,4580,135,,single
1791330416,13230,20,,single
1791330417,22330,391,,single
1791330419,32440,265,,single
1791330420,35140,803,,single
1791330421,70400,10,,single
1791330423,107100,14,,single
1791330424,207610,211,,single
1791330426,219740,621,,single
1791330427,230290,383,,single
1791330428,238460,134,,single
1791330430,242680,117,,single
1791330431,246840,63,,single
1791330432,253230,202,,single
1791330434,264200,8,,single
1791330435,270880,11459,,single
1791330436,284160,15041,,single
1791330438,303590,1,,single
1791330439,312990,10,,single
1791330441,341800,83,,single
1791330442,362680,150,,single
1791330443,407900,0,,single
1791330445,413410,817,,single
1791330446,424280,5,,single
1791330447,427520,11750,,single
1791330449,434170,78,,single
1791330450,450540,163,,single
1791330452,466300,55,,single
1791330453,504230,1547,,single
1791330454,519860,37,,single
1791330456,541570,211,,single
1791330457,557630,2,,single
1791330458,597170,216,,single
1791330460,610370,63,,single
1791330461,615610,0,,single
1791330463,646570,3840,,single
1791330464,668350,14,,single
1791330465,736260,175,,single
1791330467,774181,65,,single
1791330468,791470,8,,single
1791330469,824600,15,,single
1791330471,858210,88,,single
1791330472,904750,0,,single
1791330474,914710,21,,single
1791330475,990630,67,,single
1791330477,1040200,648,,single
1791330478,1057090,2709,,single
1791330479,1070710,1,,single
1791330481,1092790,932,,single
1791330482,1104380,3,,single
1791330483,1115050,8,,single
1791330485,1127500,367,,single
1791330486,1170880,3,,single
1791330488,1178030,0,,single
1791330489,1202540,1,,single
1791330490,1229490,2770,,single
1791330492,1260520,39,,single
1791330493,1275890,89,,single
1791330495,1283130,0,,single
1791330496,1286710,8,,single
1791330497,1292940,74,,single
1791330499,1304680,18,,single
1791330500,1333910,10,,single
1791330502,1361320,37,,single
1791330503,1388770,103,,single
1791330505,1411910,33,,single
1791330506,1424330,140,,single
1791330507,1469280,3,,single
1791330509,1507580,52,,single
1791330510,1520370,233,,single
1791330512,1536610,295,,single
1791330513,1546570,21,,single
1791330514,1564790,10,,single
1791330516,1585180,76,,single
1791330517,1628610,5,,single
1791330518,1644940,25,,single
1791330520,1671210,2762,,single
1791330521,1684930,41,,single
1791330523,1710100,0,,single
1791330524,1718910,2,,single
1791330526,1764390,2,,single
1791330527,1796580,2,,single
1791330528,1817230,97,,single
1791330530,1876590,19,,single
1791330531,1901370,7,,single
1791330532,1931020,3,,single
1791330534,1942280,3391,,single
1791330535,1967430,30,,single
1791330537,1996010,35,,single
1791330538,2011780,11,,single
1791330540,2059670,1,,single
1791330541,2088570,103,,single
1791330542,2111190,15,,single
1791330544,2128270,78,,single
1791330545,2159210,2,,single
1791330546,2179850,54,,single
1791330548,2236070,45,,single
1791330549,2305840,19,,single
1791330551,2365810,49,,single
1791330552,2379780,7119,,single
1791330553,2396240,17,,single
1791330555,2443360,3,,single
1791330556,2513280,226,,single
1791330558,2585830,19,,single
1791330559,2624280,3,,single
1791330561,2667430,2,,single
1791330562,2704110,14,,single
1791330563,2763670,8,,single
1791330565,2857730,0,,single
1791330566,2883280,1,,single
1791330567,2951770,2,,single
1791330569,3084280,2,,single
1791330570,3146520,195,,single
1791330572,3195790,1054,,single
1791330573,3259470,74,,single
1791330574,20,48,,single
1791330576,60,7,,single
1791330577,130,45,,single
1791330579,320,102,,single
1791330580,440,57335,,single
1791330582,1200,4,,single
1791330583,1510,7,,single
1791330585,1640,20,,single
1791330586,2100,29,,single
1791330587,2270,10,,single
1791330589,2390,1,,single
1791330590,2620,39,,single
1791330592,2820,24,,single
1791330593,3310,87,,single
1791330595,3390,17,,single
1791330596,3700,35,,single
1791330598,3910,1360,,single
1791330599,4560,66,,single
1791330600,4760,517,,single
1791330602,6010,9,,single
1791330603,6060,151,,single
1791330605,6370,0,,single
1791330606,6810,13,,single
1791330607,6920,6,,single
1791330609,7200,33,,single
1791330610,7670,51,,single
1791330611,7830,11,,single
1791330613,8000,36,,single
1791330614,8170,2,,single
1791330616,8500,3657,,single
1791330617,8870,264,,single
1791330618,9010,33,,single
1791330620,9310,11,,single
1791330621,9450,240,,single
1791330623,10090,299,,single
1791330624,10180,261,,single
1791330626,10680,81,,single
1791330627,11450,14,,single
1791330628,12120,366,,single
1791330630,12210,4120,,single
1791330631,12500,14,,single
1791330632,12900,6,,single
1791330634,13500,23,,single
1791330635,13600,37,,single
1791330638,15130,0,,single
1791330639,15300,16,,single
1791330641,15620,116,,single
1791330642,16810,229,,single
1791330643,17390,652,,single
1791330645,17450,5,,single
1791330646,17480,254,,single
1791330647,17580,0,,single
1791330649,19680,346,,single
1791330650,20540,31,,single
1791330651,21000,234,,single
1791330653,21130,69,,single
1791330654,21980,7,,single
1791330655,22200,14,,single
1791330657,22600,20,,single
1791330658,24200,316,,single
1791330660,24720,143,,single
1791330661,24790,239,,single
1791330662,24980,3,,single
1791330664,25830,17,,single
1791330665,26800,2,,single
1791330667,31280,10,,single
1791330668,32360,24,,single
1791330670,32400,1,,single
1791330671,32460,18,,single
1791330672,33120,15,,single
1791330674,33600,6,,single
1791330675,34010,8,,single
1791330676,34440,2,,single
1791330678,34870,32,,single
1791330679,35450,43,,single
1791330680,35700,26,,single
1791330682,38410,156,,single
1791330683,38740,0,,single
1791330685,39150,99,,single
1791330686,39510,236,,single
1791330687,39670,1,,single
1791330689,40100,138,,single
1791330690,40390,18,,single
1791330692,40950,60,,single
1791330693,41000,28,,single
1791330694,41070,37,,single
1791330696,41500,37,,single
1791330697,42680,197,,single
1791330699,42960,382,,single
1791330700,45740,51,,single
1791330701,46510,10,,single
1791330703,47830,0,,single
1791330704,48110,5,,single
1791330706,49520,2919,,single
1791330707,50620,29,,single
1791330708,55150,101,,single
1791330710,57690,82,,single
1791330711,61700,10,,single
1791330712,63380,29,,single
1791330714,63910,43,,single
1791330715,65540,73,,single
1791330717,65800,254,,single
1791330718,70300,19,,single
1791330720,71340,32,,single
1791330721,73170,66,,single
1791330723,80330,4,,single
1791330724,91700,23,,single
1791330726,94200,0,,single
1791330727,94590,1,,single
1791330729,97000,4,,single
1791330730,98300,0,,single
1791330731,99900,230,,single
1791330733,104900,2,,single
1791330734,107200,9,,single
1791330736,107410,4885,,single
1791330737,108600,46039,,single
1791330738,109600,496,,single
1791330740,115100,39,,single
1791330741,115800,8,,single
1791330743,200510,527,,single
1791330744,201230,162,,single
1791330745,201810,307,,single
1791330747,202170,15,,single
1791330748,202710,15,,single
1791330750,203290,132,,single
1791330751,203750,12,,single
1791330752,204120,28,,single
1791330754,204340,53,,single
1791330755,204530,9,,single
1791330756,205190,2,,single
1791330758,205910,0,,single
1791330759,206440,38,,single
1791330761,207080,1,,single
1791330762,207230,1,,single
1791330763,207490,34,,single
1791330765,208140,32,,single
1791330766,208500,20,,single
1791330768,209000,685,,single
1791330769,209170,37,,single
1791330770,209650,30,,single
1791330772,211160,2,,single
1791330773,211600,25,,single
1791330774,212010,6,,single
1791330776,212680,915,,single
1791330777,213330,153,,single
1791330779,213850,19,,single
1791330780,214420,0,,single
1791330782,214700,0,,single
1791330783,214830,0,,single
1791330785,215280,30,,single
1791330786,216890,11,,single
1791330788,218410,6,,single
1791330789,219640,12,,single
1791330790,219910,13,,single
1791330792,220200,2866,,single
1791330793,220740,25,,single
1791330795,221040,1083,,single
1791330796,221540,37,,single
1791330798,221910,53,,single
1791330799,222520,56,,single
1791330801,222880,94,,single
1791330803,223510,1,,single
1791330804,223830,36,,single
1791330806,224300,0,,single
1791330807,224600,2,,single
1791330808,224900,1,,single
1791330810,224960,6,,single
1791330811,225280,1,,single
1791330813,226620,9,,single
1791330814,227080,0,,single
1791330815,227220,0,,single
1791330817,227780,9,,single
1791330818,228260,21,,single
1791330820,228400,10,,single
1791330821,230050,4,,single
1791330823,230230,12,,single
1791330824,230820,7,,single
1791330826,231430,1242,,single
1791330827,232770,30,,single
1791330829,232910,36,,single
1791330830,233270,56,,single
1791330832,233610,14,,single
1791330833,233980,6,,single
1791330834,234330,269,,single
1791330836,234670,46,,single
1791330837,235320,11,,single
1791330839,235620,5,,single
1791330840,236150,5,,single
1791330841,236690,72,,single
1791330843,237430,3,,single
1791330844,237930,11,,single
1791330846,238090,139,,single
1791330847,239120,38,,single
1791330849,239800,0,,single
1791330850,240760,13,,single
1791330851,241410,4,,single
1791330853,241930,608,,single
1791330854,242640,31,,single
1791330855,242860,30,,single
1791330857,242960,4,,single
1791330858,243800,2,,single
1791330860,244030,3,,single
1791330861,244210,6936,,single
1791330862,244730,1,,single
1791330864,244930,1,,single
1791330865,245450,37,,single
1791330866,246580,18,,single
1791330868,247000,92,,single
1791330869,247240,5,,single
1791330871,248170,132,,single
1791330872,248390,161,,single
1791330873,248610,18,,single
1791330875,248970,2,,single
1791330876,249680,1,,single
1791330877,250110,1,,single
1791330879,250340,13,,single
1791330880,250560,2,,single
1791330881,251130,12,,single
1791330883,251470,13,,single
1791330884,251990,9,,single
1791330885,252130,0,,single
1791330887,252410,29,,single
1791330888,252610,75,,single
1791330890,252870,16,,single
1791330891,253110,7,,single
1791330892,253710,116,,single
1791330893,253840,1,,single
1791330895,254320,11,,single
1791330896,254960,6,,single
1791330898,256290,6,,single
1791330899,257030,4,,single
1791330900,257510,177,,single
1791330902,258180,2,,single
1791330903,259060,3,,single
1791330904,259550,3,,single
1791330906,260210,14,,single
1791330907,260730,23,,single
1791330909,261510,0,,single
1791330910,261640,374,,single
1791330911,262280,11,,single
1791330913,262830,11,,single
1791330914,263300,2,,single
1791330915,264080,2,,single
1791330917,265890,7,,single
1791330918,266210,13,,single
1791330920,266430,5,,single
1791330921,267530,39,,single
1791330922,268420,0,,single
1791330924,268650,245,,single
1791330925,269030,0,,single
1791330927,269710,6,,single
1791330928,270110,28,,single
1791330929,270450,1,,single
1791330931,271900,10,,single
1791330932,272510,34,,single
1791330934,274170,365,,single
1791330935,274900,2,,single
1791330936,274980,4,,single
1791330938,275850,16238,,single
1791330939,278080,112,,single
1791330940,279800,5,,single
1791330942,281920,0,,single
1791330943,282400,22,,single
1791330944,282660,1,,single
1791330946,283290,3,,single
1791330947,284050,1,,single
1791330949,284770,0,,single
1791330950,285110,17,,single
1791330952,285310,200,,single
1791330953,285500,11,,single
1791330954,285900,457,,single
1791330955,286100,0,,single
1791330957,286340,0,,single
1791330958,287310,9,,single
1791330960,287700,1686,,single
1791330961,289070,17878,,single
1791330962,289650,522,,single
1791330964,290100,11,,single
1791330965,290730,46,,single
1791330966,291650,263,,single
1791330968,292500,3,,single
1791330969,292990,40,,single
1791330970,293760,485,,single
1791330972,294810,5,,single
1791330973,296570,4,,single
1791330975,298030,79,,single
1791330976,298600,0,,single
1791330977,299030,0,,single
1791330979,300380,29,,single
1791330980,301190,6,,single
1791330982,301650,7,,single
1791330983,302610,2,,single
1791330984,303210,10,,single
1791330986,304240,696,,single
1791330987,304650,50,,single
1791330988,306020,169,,single
1791330990,306760,13,,single
1791330991,307230,0,,single
1791330993,307670,5,,single
1791330994,307960,166,,single
1791330995,310060,6,,single
1791330997,310560,51,,single
1791330998,311240,21,,single
1791330999,311560,300,,single
1791331001,312450,141,,single
1791331002,312670,16,,single
1791331003,313160,78,,single
1791331005,313500,9,,single
1791331006,314230,0,,single
1791331008,314430,22,,single
1791331009,314830,10,,single
1791331010,316010,51,,single
1791331012,316790,38,,single
1791331013,318100,0,,single
1791331015,319050,4,,single
1791331016,319910,3,,single
1791331017,320300,8,,single
1791331019,321400,0,,single
1791331020,322190,11,,single
1791331022,322330,9760,,single
1791331023,322680,1,,single
1791331024,322920,1,,single
1791331026,323380,0,,single
1791331027,323850,27,,single
1791331029,324680,12,,single
1791331030,325260,1,,single
1791331031,326410,10,,single
1791331033,327090,0,,single
1791331034,327410,2,,single
1791331035,327860,2,,single
1791331037,329050,167,,single
1791331038,329860,0,,single
1791331039,330830,18,,single
1791331041,331600,28,,single
1791331042,332310,62,,single
1791331043,332950,49,,single
1791331045,333930,29,,single
1791331046,334920,63,,single
1791331048,335240,943,,single
1791331049,336140,5,,single
1791331050,338170,0,,single
1791331052,339350,1,,single
1791331053,341310,52,,single
1791331054,342560,57,,single
1791331056,343780,45,,single
1791331057,345390,10,,single
1791331058,346110,8497,,single
1791331060,346900,1176,,single
1791331061,348360,5,,single
1791331062,348710,0,,single
1791331064,351490,1,,single
1791331065,351910,3,,single
1791331067,352400,155,,single
1791331068,353090,8,,single
1791331070,353700,1,,single
1791331071,354240,8,,single
1791331073,355180,6,,single
1791331074,356400,6,,single
1791331075,356570,44,,single
1791331077,357330,2,,single
1791331078,358130,21,,single
1791331079,359550,61991,,single
1791331081,360640,3,,single
1791331082,361280,126,,single
1791331083,361990,2,,single
1791331085,362960,51,,single
1791331086,363890,552,,single
1791331088,365160,5,,single
1791331089,365450,27,,single
1791331090,366760,0,,single
1791331092,367580,0,,single
1791331093,368230,52,,single
1791331095,368390,10,,single
1791331096,369990,42,,single
1791331098,370910,4,,single
1791331099,371970,689,,single
1791331100,373180,1,,single
1791331102,373930,76,,single
1791331103,374280,43,,single
1791331105,375530,52,,single
1791331106,375950,25,,single
1791331107,376870,6,,single
1791331109,378610,2,,single
1791331110,379720,537,,single
1791331111,380840,2,,single
1791331113,382110,45,,single
1791331114,382560,10,,single
1791331116,383870,159,,single
1791331117,384300,55,,single
1791331118,385710,0,,single
1791331120,386260,2,,single
1791331121,386880,0,,single
1791331122,388080,674,,single
1791331124,388410,173,,single
1791331125,389170,11,,single
1791331127,390520,0,,single
1791331128,391220,732,,single
1791331129,391730,19,,single
1791331131,393190,1,,single
1791331132,394230,0,,single
1791331133,394690,266,,single
1791331135,395570,1,,single
1791331136,396750,22,,single
1791331138,397340,31,,single
1791331139,397460,7,,single
1791331140,398850,6,,single
1791331142,399820,0,,single
1791331143,400910,14,,single
1791331144,402560,2,,single
1791331146,403970,0,,single
1791331147,404790,1737,,single
1791331148,405640,12,,single
1791331150,405830,14,,single
1791331151,406290,75,,single
1791331152,406970,2,,single
1791331154,408410,16,,single
1791331155,409590,1,,single
1791331156,410320,94,,single
1791331158,410900,232,,single
1791331159,412740,1,,single
1791331161,414340,51,,single
1791331162,415420,7,,single
1791331163,417860,9,,single
1791331165,418340,11,,single
1791331166,418530,333,,single
1791331168,420000,57,,single
1791331169,420740,9,,single
1791331170,421050,11,,single
1791331172,422970,35,,single
1791331173,425210,1,,single
1791331174,427270,2,,single
1791331176,428550,15,,single
1791331177,429050,144,,single
1791331179,429680,1,,single
1791331180,430210,10,,single
1791331181,431600,29,,single
1791331183,431930,3,,single
1791331184,434030,1,,single
1791331186,435150,3495,,single
1791331187,435790,1,,single
1791331189,437160,0,,single
1791331190,438100,29243,,single
1791331191,438480,26,,single
1791331193,440310,17,,single
1791331194,440880,2,,single
1791331195,444090,805,,single
1791331197,444770,7,,single
1791331198,445310,41,,single
1791331200,447020,199,,single
1791331201,447150,8,,single
1791331203,448320,0,,single
1791331204,449610,11,,single
1791331206,451020,17,,single
1791331207,452570,2,,single
1791331208,454120,2,,single
1791331210,455820,0,,single
1791331211,457210,8,,single
1791331213,458710,428,,single
1791331214,460810,23,,single
1791331216,462770,8,,single
1791331217,464350,44,,single
1791331218,465520,0,,single
1791331220,466560,726,,single
1791331221,468920,63,,single
1791331223,470260,1,,single
1791331224,473770,18,,single
1791331226,474960,122,,single
1791331227,475550,56,,single
1791331228,476620,114,,single
1791331230,477770,9,,single
1791331231,480430,8,,single
1791331232,481510,109,,single
1791331234,482920,90,,single
1791331235,485610,18,,single
1791331236,486860,34,,single
1791331238,489140,2,,single
1791331239,489830,28536,,single
1791331240,491040,2,,single
1791331242,491540,53,,single
1791331243,492720,515,,single
1791331245,493900,32,,single
1791331246,495140,60,,single
1791331248,495890,2,,single
1791331249,498240,70,,single
1791331251,499520,3,,single
1791331252,501080,13,,single
1791331253,502370,13,,single
1791331255,502940,0,,single
1791331256,503940,90,,single
1791331258,505170,5,,single
1791331259,506540,0,,single
1791331260,508900,4,,single
1791331262,510050,0,,single
1791331263,512470,12,,single
1791331265,513510,0,,single
1791331266,516110,4,,single
1791331267,517710,7,,single
1791331269,518150,11,,single
1791331270,520940,10,,single
1791331272,523780,9,,single
1791331273,525510,15,,single
1791331274,527230,293,,single
1791331276,529340,3667,,single
1791331277,530700,1,,single
1791331278,532190,2,,single
1791331280,535520,7,,single
1791331281,537800,66,,single
1791331283,539470,14,,single
1791331284,541200,4,,single
1791331285,543870,42,,single
1791331287,544610,35,,single
1791331288,545270,0,,single
1791331290,551730,6,,single
1791331291,552100,836,,single
1791331293,552920,0,,single
1791331294,553260,3,,single
1791331295,553540,97,,single
1791331297,554620,44,,single
1791331298,555880,0,,single
1791331300,558100,7,,single
1791331301,559210,3,,single
1791331302,561600,9,,single
1791331304,562260,13,,single
1791331305,563560,36,,single
1791331307,564530,72,,single
1791331308,566160,3,,single
1791331310,568090,6,,single
1791331311,569480,177,,single
1791331313,571310,26,,single
1791331314,572430,11,,single
1791331316,573100,112,,single
1791331317,574310,1,,single
1791331319,574980,6,,single
1791331320,577690,26,,single
1791331322,578310,2,,single
1791331323,578850,1,,single
1791331324,580720,7,,single
1791331326,582270,2,,single
1791331327,583010,43,,single
1791331329,584640,5,,single
1791331330,585710,11,,single
1791331331,587430,11,,single
1791331333,588030,270,,single
1791331334,589290,543,,single
1791331336,590380,227,,single
1791331337,592260,22,,single
1791331339,593600,205,,single
1791331340,594650,8873,,single
1791331342,595500,10,,single
1791331343,597180,408,,single
1791331344,598810,95,,single
1791331346,599140,3092,,single
1791331347,600130,3,,single
1791331349,601220,2,,single
1791331350,601840,56,,single
1791331351,603850,259,,single
1791331353,605230,33,,single
1791331354,606500,1,,single
1791331356,609320,10,,single
1791331357,610360,0,,single
1791331358,613100,1218,,single
1791331360,616110,14,,single
1791331361,617830,32,,single
1791331363,619150,16,,single
1791331364,619820,238,,single
1791331366,620980,396,,single
1791331367,621830,277,,single
1791331368,624270,27,,single
1791331370,627270,342,,single
1791331372,628770,3,,single
1791331373,629820,218,,single
1791331374,632300,134,,single
1791331376,633080,4,,single
1791331377,634160,11,,single
1791331379,636100,2,,single
1791331380,637850,1,,single
1791331382,638510,33,,single
1791331383,640590,41,,single
1791331385,641320,65,,single
1791331386,643270,0,,single
1791331388,645090,2,,single
1791331389,646270,20,,single
1791331390,647830,186,,single
1791331392,648390,1,,single
1791331393,648800,3763,,single
1791331394,653930,7,,single
1791331396,657240,9,,single
1791331397,659540,17,,single
1791331399,661790,7,,single
1791331400,665300,1227,,single
1791331401,666150,216,,single
1791331403,666860,230,,single
1791331404,667720,39,,single
1791331406,669330,1432,,single
1791331407,671610,3,,single
1791331409,672870,29,,single
1791331410,673750,74,,single
1791331412,674500,11,,single
1791331413,674940,202,,single
1791331414,676820,0,,single
1791331416,678800,100,,single
1791331417,679110,13,,single
1791331419,681280,236,,single
1791331421,684410,25,,single
1791331422,688470,16,,single
1791331424,691260,18,,single
1791331425,695330,0,,single
1791331427,698540,10,,single
1791331428,700600,85,,single
1791331429,702810,0,,single
1791331431,704850,226,,single
1791331432,706020,1,,single
1791331433,711980,27,,single
1791331435,716490,16,,single
1791331436,718560,30,,single
1791331437,719890,617,,single
1791331439,720620,334,,single
1791331440,725270,1,,single
1791331442,726110,12,,single
1791331443,727020,1,,single
1791331444,728880,1110,,single
1791331446,730820,13,,single
1791331447,732050,15,,single
1791331449,733070,13,,single
1791331450,734750,58,,single
1791331452,735570,0,,single
1791331453,736590,71,,single
1791331454,739630,7023,,single
1791331456,742120,17,,single
1791331457,743390,2,,single
1791331458,746850,76,,single
1791331460,748300,2,,single
1791331461,750920,484,,single
1791331463,753420,44,,single
1791331464,754150,78,,single
1791331465,755790,5,,single
1791331467,757240,1,,single
1791331468,758190,205,,single
1791331470,758690,70,,single
1791331471,759740,6,,single
1791331472,761600,28,,single
1791331474,761890,5725,,single
1791331476,763890,181,,single
1791331477,766280,0,,single
1791331478,769560,127,,single
1791331480,772540,0,,single
1791331482,774201,16,,single
1791331483,774861,7,,single
1791331485,777390,82,,single
1791331486,782330,705,,single
1791331488,784080,2885,,single
1791331489,785740,9,,single
1791331490,786520,670,,single
1791331492,790600,6,,single
1791331493,790850,2,,single
1791331495,792120,10,,single
1791331496,793350,0,,single
1791331498,795100,1,,single
1791331499,797400,12,,single
1791331501,798290,16,,single
1791331502,798840,16,,single
1791331504,799960,821,,single
1791331505,801550,38,,single
1791331507,803330,125,,single
1791331508,805550,1362,,single
1791331510,808290,49,,single
1791331511,810040,1,,single
1791331513,812140,3006,,single
1791331515,813780,14173,,single
1791331516,814380,2713,,single
1791331518,816090,67,,single
1791331519,817510,2,,single
1791331521,819030,1,,single
1791331522,822240,109,,single
1791331524,823950,1,,single
1791331526,824720,3,,single
1791331528,829110,143,,single
1791331529,831980,10,,single
1791331531,834740,14,,single
1791331532,835960,435,,single
1791331533,838630,3,,single
1791331535,840010,8,,single
1791331537,841190,12,,single
1791331538,842780,103,,single
1791331539,843390,6,,single
1791331541,844590,34,,single
1791331542,845890,0,,single
1791331544,846470,12,,single
1791331545,848350,14,,single
1791331547,850320,13,,single
1791331548,853450,2,,single
1791331550,855010,9,,single
1791331551,858260,5,,single
1791331553,858820,88,,single
1791331554,860890,58,,single
1791331556,861540,67,,single
1791331557,865360,98,,single
1791331558,866140,0,,single
1791331560,867210,92,,single
1791331561,870200,58,,single
1791331563,872670,68,,single
1791331564,874260,30,,single
1791331566,878380,2,,single
1791331567,881020,778,,single
1791331568,882710,5,,single
1791331570,884660,45,,single
1791331571,887570,94,,single
1791331572,891040,68,,single
1791331574,893850,31,,single
1791331575,895870,271,,single
1791331577,897450,43,,single
1791331578,898890,6,,single
1791331579,905340,5,,single
1791331581,909660,21,,single
1791331582,914010,7,,single
1791331584,915310,8,,single
1791331585,916440,1392,,single
1791331586,917680,1,,single
1791331588,922320,9,,single
1791331590,925950,6,,single
1791331592,934840,0,,single
1791331593,936790,28,,single
1791331595,937580,8,,single
1791331596,939400,42,,single
1791331598,940710,4,,single
1791331599,944010,3,,single
1791331601,946720,4,,single
1791331602,949480,9,,single
1791331604,950740,2,,single
1791331605,952860,82,,single
1791331606,954870,25,,single
1791331608,956680,11,,single
1791331609,960690,15,,single
1791331611,962130,1723,,single
1791331612,963710,8,,single
1791331614,964440,1,,single
1791331615,965230,1,,single
1791331616,965820,0,,single
1791331618,966610,71,,single
1791331619,969990,75,,single
1791331621,973580,96,,single
1791331622,975370,665,,single
1791331623,977400,3933,,single
1791331625,978460,28,,single
1791331626,979080,0,,single
1791331628,979640,46,,single
1791331629,980610,173,,single
1791331630,982270,2,,single
1791331632,984780,0,,single
1791331633,986800,1,,single
1791331635,989440,1,,single
1791331636,994140,1,,single
1791331637,996470,90,,single
1791331639,997380,27,,single
1791331640,1000030,13,,single
1791331641,1003590,138,,single
1791331643,1005300,38,,single
1791331644,1009560,31,,single
1791331645,1010800,2,,single
1791331647,1012110,12,,single
1791331648,1012840,2,,single
1791331650,1013320,1564,,single
1791331651,1017900,504,,single
1791331652,1018800,7,,single
1791331654,1019550,1,,single
1791331655,1021210,111,,single
1791331656,1022980,239,,single
1791331658,1025440,23,,single
1791331659,1026840,0,,single
1791331661,1029550,42,,single
1791331662,1031480,1,,single
1791331664,1036890,8,,single
1791331665,1038370,7,,single
1791331666,1040070,2,,single
1791331668,1043260,31,,single
1791331669,1046030,25,,single
1791331670,1048540,12,,single
1791331672,1051200,2,,single
1791331673,1054430,3,,single
1791331675,1054800,0,,single
1791331676,1058020,33,,single
1791331677,1058640,1,,single
1791331679,1058830,20,,single
1791331680,1060230,9,,single
1791331682,1061910,22,,single
1791331683,1062140,5,,single
1791331684,1063420,79,,single
1791331686,1064610,0,,single
1791331687,1066780,2137,,single
1791331688,1067900,1,,single
1791331690,1069640,23,,single
1791331691,1069690,2,,single
1791331693,1070580,109,,single
1791331694,1072040,396,,single
1791331695,1072480,5,,single
1791331697,1075190,16,,single
1791331699,1076200,46,,single
1791331700,1078730,4,,single
1791331701,1079160,2,,single
1791331703,1080750,5,,single
1791331704,1084020,106,,single
1791331706,1085220,2,,single
1791331707,1086410,5,,single
1791331709,1088790,54,,single
1791331710,1089350,93,,single
1791331711,1092630,3,,single
1791331713,1094520,37,,single
1791331714,1096900,936,,single
1791331716,1097350,21,,single
1791331717,1099640,3,,single
1791331719,1100600,488,,single
1791331720,1101120,24,,single
1791331721,1104450,6,,single
1791331723,1107300,2,,single
1791331724,1109680,15,,single
1791331725,1112890,12,,single
1791331727,1114220,4,,single
1791331728,1116540,6,,single
1791331730,1119730,745,,single
1791331731,1120810,2,,single
1791331732,1122340,92,,single
1791331734,1123770,18,,single
1791331735,1125240,27,,single
1791331736,1127700,29,,single
1791331738,1129310,18,,single
1791331739,1131190,5,,single
1791331741,1134570,32,,single
1791331742,1135690,207,,single
1791331743,1137750,33,,single
1791331745,1138660,14,,single
1791331746,1139890,5,,single
1791331747,1140150,113,,single
1791331749,1141550,2,,single
1791331750,1142710,34259,,single
1791331751,1144200,5307,,single
1791331753,1147550,25,,single
1791331754,1147860,203,,single
1791331756,1148760,56,,single
1791331757,1150590,1,,single
1791331758,1151050,2,,single
1791331760,1152340,6,,single
1791331761,1154040,5,,single
1791331763,1155330,7,,single
1791331764,1157220,12,,single
1791331765,1158370,22,,single
1791331767,1159290,37,,single
1791331768,1160490,2,,single
1791331770,1161580,225,,single
1791331771,1163550,71,,single
1791331772,1164250,4,,single
1791331774,1166860,116,,single
1791331775,1168470,0,,single
1791331776,1170080,5,,single
1791331778,1172620,4172,,single
1791331779,1173510,462,,single
1791331780,1173800,86,,single
1791331782,1174180,22896,,single
1791331783,1177660,2,,single
1791331785,1179080,57,,single
1791331786,1181830,20,,single
1791331787,1182310,15,,single
1791331789,1182920,28,,single
1791331790,1186740,3,,single
1791331792,1189490,390,,single
1791331793,1190970,2283,,single
1791331794,1191840,1,,single
1791331796,1194810,4,,single
1791331797,1196470,17,,single
1791331799,1197570,3,,single
1791331800,1201230,34,,single
1791331802,1201540,89,,single
1791331803,1202900,21,,single
1791331804,1203630,13,,single
1791331806,1205040,10,,single
1791331807,1205970,321,,single
1791331809,1206610,17,,single
1791331810,1210250,16,,single
1791331812,1211630,60,,single
1791331813,1214470,32,,single
1791331814,1216710,21,,single
1791331816,1220010,79,,single
1791331817,1222140,2673,,single
1791331819,1222730,49,,single
1791331820,1225330,41,,single
1791331821,1227650,9,,single
1791331824,1229380,18,,single
1791331827,1231880,7,,single
1791331828,1233070,24,,single
1791331830,1233590,3,,single
1791331831,1237950,914,,single
1791331833,1238840,2949,,single
1791331834,1239260,8,,single
1791331836,1240590,1,,single
1791331837,1242980,38,,single
1791331839,1244460,344,,single
1791331840,1245480,47,,single
1791331841,1249040,7,,single
1791331843,1250760,0,,single
1791331844,1254370,6,,single
1791331846,1257410,6,,single
1791331847,1259840,17,,single
1791331848,1260590,18,,single
1791331850,1262350,187,,single
1791331851,1262560,193,,single
1791331853,1263230,2,,single
1791331854,1264280,10,,single
1791331855,1266030,7,,single
1791331857,1267540,53,,single
1791331858,1269950,9,,single
1791331860,1271400,0,,single
1791331861,1272320,334,,single
1791331863,1273440,1,,single
1791331864,1275350,121,,single
1791331866,1278540,56,,single
1791331867,1281630,158,,single
1791331868,1282730,179,,single
1791331870,1283410,67,,single
1791331871,1286220,1152,,single
1791331873,1286350,17,,single
1791331874,1286830,3258,,single
1791331875,1289340,0,,single
1791331877,1290260,0,,single
1791331878,1291500,0,,single
1791331879,1293170,2,,single
1791331881,1294660,0,,single
1791331882,1295500,130,,single
1791331884,1296840,1,,single
1791331885,1299460,16,,single
1791331886,1302240,150,,single
1791331888,1305420,0,,single
1791331889,1309610,10,,single
1791331890,1310520,0,,single
1791331892,1313860,72,,single
1791331893,1316910,10,,single
1791331895,1320140,1,,single
1791331896,1324530,7,,single
1791331898,1328660,154,,single
1791331899,1329880,3,,single
1791331900,1330660,4,,single
1791331902,1332470,1,,single
1791331903,1335530,4,,single
1791331904,1335830,72,,single
1791331906,1336980,583,,single
1791331907,1337890,1,,single
1791331909,1338770,165,,single
1791331910,1340530,3,,single
1791331911,1342330,102,,single
1791331913,1343240,29,,single
1791331914,1343670,26,,single
1791331915,1346010,8,,single
1791331917,1347780,21,,single
1791331918,1350200,7,,single
1791331920,1351630,5,,single
1791331921,1352930,21,,single
1791331922,1356810,44,,single
1791331924,1358700,164,,single
1791331925,1360390,0,,single
1791331927,1361210,7222,,single
1791331928,1363430,6,,single
1791331930,1364210,94,,single
1791331931,1364780,6917,,single
1791331932,1366950,4,,single
1791331934,1369630,134,,single
1791331935,1370050,6,,single
1791331936,1372320,3,,single
1791331938,1373780,0,,single
1791331939,1375740,1,,single
1791331940,1377360,0,,single
1791331942,1378290,16,,single
1791331943,1382200,1,,single
1791331945,1385380,275,,single
1791331946,1388870,20,,single
1791331947,1389990,36,,single
1791331949,1392820,15,,single
1791331950,1395560,27,,single
1791331951,1397920,450,,single
1791331953,1402110,4,,single
1791331954,1406850,2,,single
1791331956,1408610,105,,single
1791331957,1410710,39,,single
1791331958,1413870,10,,single
1791331960,1416130,0,,single
1791331961,1416920,29,,single
1791331963,1419170,1040,,single
1791331964,1420770,8,,single
1791331965,1422130,64,,single
1791331967,1426010,8,,single
1791331968,1428100,11,,single
1791331969,1431610,1,,single
1791331971,1433340,59,,single
1791331972,1435790,241,,single
1791331974,1437760,29,,single
1791331975,1440440,12,,single
1791331976,1444110,0,,single
1791331978,1447000,5,,single
1791331979,1448530,5,,single
1791331980,1449690,684,,single
1791331982,1450900,58,,single
1791331983,1451740,0,,single
1791331985,1455630,104,,single
1791331986,1456200,17,,single
1791331987,1458140,257,,single
1791331989,1462040,2481,,single
1791331990,1462810,70,,single
1791331991,1466060,1489,,single
1791331993,1467920,4,,single
1791331994,1469610,86,,single
1791331995,1475380,0,,single
1791331997,1477070,25,,single
1791331998,1478160,2,,single
1791331999,1482380,12,,single
1791332001,1484280,14,,single
1791332002,1486630,37,,single
1791332004,1489970,4,,single
1791332005,1491670,3,,single
1791332006,1494810,20,,single
1791332008,1499120,2,,single
1791332009,1504500,3,,single
1791332011,1509510,123,,single
1791332012,1510460,24,,single
1791332013,1511670,0,,single
1791332015,1515210,60,,single
1791332016,1521580,51,,single
1791332018,1522870,18,,single
1791332019,1527910,2,,single
1791332020,1533390,844,,single
1791332022,1536090,58,,single
1791332023,1539140,42,,single
1791332024,1543280,10,,single
1791332026,1545560,54,,single
1791332027,1546400,35,,single
1791332029,1549690,16,,single
1791332030,1554790,9,,single
1791332031,1556200,27,,single
1791332033,1557740,457,,single
1791332034,1559600,67,,single
1791332035,1563130,2,,single
1791332037,1567020,40,,single
1791332038,1569090,6,,single
1791332040,1570010,6,,single
1791332041,1571100,8,,single
1791332042,1574310,2,,single
1791332044,1574900,23,,single
1791332045,1576060,1,,single
1791332046,1578860,0,,single
1791332048,1580520,19,,single
1791332049,1582680,1,,single
1791332051,1587130,88,,single
1791332052,1590230,13,,single
1791332053,1592190,328,,single
1791332055,1592520,4,,single
1791332056,1594940,236,,single
1791332057,1599330,32,,single
1791332059,1599880,3,,single
1791332060,1601970,12,,single
1791332061,1603640,9,,single
1791332063,1605220,150,,single
1791332064,1607680,40,,single
1791332066,1608290,26,,single
1791332067,1610440,16,,single
1791332068,1611430,11,,single
1791332070,1612620,0,,single
1791332071,1618540,9,,single
1791332072,1621310,17,,single
1791332074,1623940,37,,single
1791332075,1626890,0,,single
1791332077,1629530,5,,single
1791332078,1634150,2,,single
1791332079,1637730,59,,single
1791332081,1644320,165,,single
1791332082,1646850,32,,single
1791332083,1649730,106,,single
1791332085,1651560,127,,single
1791332086,1656780,39,,single
1791332087,1658280,58,,single
1791332089,1660080,131,,single
1791332090,1663220,11,,single
1791332092,1668510,46,,single
1791332093,1669170,0,,single
1791332094,1674170,358,,single
1791332096,1677110,227,,single
1791332097,1677740,1877,,single
1791332098,1681970,1,,single
1791332100,1684350,45,,single
1791332101,1689910,2,,single
1791332103,1696440,35,,single
1791332104,1699480,90,,single
1791332105,1701380,4,,single
1791332107,1705180,65,,single
1791332108,1709900,15,,single
1791332109,1712350,21,,single
1791332111,1715730,0,,single
1791332112,1723260,9,,single
1791332113,1730250,11,,single
1791332115,1731070,23,,single
1791332116,1735950,2,,single
1791332117,1740720,51,,single
1791332119,1746930,3,,single
1791332120,1750770,48,,single
1791332122,1761380,29,,single
1791332123,1763050,17,,single
1791332125,1768280,22,,single
1791332126,1771300,7990,,single
1791332128,1779200,17,,single
1791332129,1783360,2,,single
1791332131,1789480,3,,single
1791332132,1796220,21,,single
1791332133,1798010,51,,single
1791332135,1802720,1,,single
1791332136,1811040,1,,single
1791332138,1811990,79,,single
1791332139,1812620,5052,,single
1791332140,1817070,4288,,single
1791332142,1818750,55,,single
1791332144,1823930,9,,single
1791332145,1831250,19,,single
1791332147,1836160,5,,single
1791332148,1839810,2,,single
1791332149,1839950,253,,single
1791332151,1844380,6,,single
1791332152,1847240,8,,single
1791332154,1849900,5,,single
1791332155,1850510,94,,single
1791332157,1859280,13,,single
1791332158,1862520,29,,single
1791332159,1866880,2,,single
1791332161,1874170,48,,single
1791332162,1875060,48,,single
1791332164,1881200,28,,single
1791332165,1882500,49,,single
1791332167,1886070,4,,single
1791332168,1888160,595,,single
1791332169,1892030,61,,single
1791332171,1894430,179,,single
1791332172,1896390,13,,single
1791332173,1900340,2,,single
1791332175,1903620,34,,single
1791332176,1909420,2,,single
1791332178,1911610,88,,single
1791332179,1915510,9,,single
1791332180,1920780,13,,single
1791332182,1927740,3,,single
1791332183,1931950,0,,single
1791332185,1933700,1,,single
1791332186,1937500,82,,single
1791332187,1939970,31,,single
1791332189,1944430,99,,single
1791332190,1946700,13,,single
1791332191,1951230,9,,single
1791332193,1954200,72,,single
1791332194,1956040,33,,single
1791332195,1958220,38,,single
1791332197,1966900,66,,single
1791332198,1967630,65,,single
1791332200,1970980,19,,single
1791332201,1975440,13,,single
1791332202,1979440,14,,single
1791332204,1983260,26,,single
1791332205,1989270,215,,single
1791332206,2000950,610,,single
1791332208,2009350,427,,single
1791332209,2013730,9,,single
1791332210,2017080,29,,single
1791332212,2024070,5,,single
1791332213,2027330,535,,single
1791332215,2056210,45,,single
1791332216,2059170,1321,,single
1791332217,2060160,583,,single
1791332219,2064870,66,,single
1791332220,2067790,1,,single
1791332221,2069040,24,,single
1791332223,2073250,173,,single
1791332224,2076010,151,,single
1791332225,2080690,404,,single
1791332227,2086430,35,,single
1791332228,2093910,1,,single
1791332230,2096610,52,,single
1791332231,2103130,66,,single
1791332233,2106840,27,,single
1791332234,2111170,33,,single
1791332235,2116120,205,,single
1791332237,2120900,13,,single
1791332238,2124780,8,,single
1791332240,2131640,137,,single
1791332241,2135150,765,,single
1791332242,2140510,47,,single
1791332244,2151290,249,,single
1791332245,2161700,3954,,single
1791332246,2168680,765,,single
1791332248,2172010,155,,single
1791332249,2181610,17,,single
1791332251,2182400,2,,single
1791332252,2185060,950,,single
1791332254,2187290,102,,single
1791332255,2195120,87,,single
1791332256,2196790,1,,single
1791332258,2206210,4,,single
1791332259,2208570,97,,single
1791332261,2212330,862,,single
1791332262,2217000,711,,single
1791332263,2228280,7,,single
1791332265,2230980,102,,single
1791332266,2235240,10,,single
1791332268,2239150,295,,single
1791332269,2248430,14,,single
1791332271,2252680,6,,single
1791332272,2272250,18,,single
1791332274,2273430,572,,single
1791332275,2275150,2,,single
1791332276,2287520,16,,single
1791332278,2290000,16,,single
1791332279,2292260,6,,single
1791332281,2299900,11,,single
1791332282,2302660,30,,single
1791332284,2307350,183,,single
1791332285,2318480,7,,single
1791332287,2322440,20,,single
1791332288,2330500,6,,single
1791332289,2336220,320,,single
1791332291,2348100,3,,single
1791332292,2354000,12,,single
1791332294,2357910,9,,single
1791332295,2366980,30,,single
1791332296,2379390,30,,single
1791332298,2381590,8,,single
1791332299,2389240,1,,single
1791332301,2399830,16616,,single
1791332302,2400510,196,,single
1791332303,2408820,258,,single
1791332304,2419090,7,,single
1791332306,2421410,21,,single
1791332307,2435900,2,,single
1791332309,2442460,24,,single
1791332310,2461850,40,,single
1791332311,2477090,7,,single
1791332313,2479830,2,,single
1791332314,2495100,842,,single
1791332315,2502760,35,,single
1791332317,2510710,8,,single
1791332318,2514960,6,,single
1791332320,2521380,38,,single
1791332321,2527390,42,,single
1791332322,2535830,0,,single
1791332324,2551020,353,,single
1791332325,2555320,0,,single
1791332326,2561580,476,,single
1791332328,2581700,37,,single
1791332329,2593370,30,,single
1791332330,2597080,79,,single
1791332332,2612700,4,,single
1791332333,2634890,95,,single
1791332335,2644610,41,,single
1791332336,2651280,3136,,single
1791332337,2653940,5,,single
1791332339,2658470,8,,single
1791332340,2669410,18,,single
1791332341,2675290,1,,single
1791332343,2679460,1638,,single
1791332344,2687970,12,,single
1791332345,2689470,19,,single
1791332347,2695490,15,,single
1791332348,2706170,34,,single
1791332349,2708450,20,,single
1791332351,2719030,32,,single
1791332352,2726450,15,,single
1791332354,2758000,9,,single
1791332355,2776450,242,,single
1791332356,2793710,12,,single
1791332358,2816950,29,,single
1791332359,2825530,47,,single
1791332360,2828860,190,,single
1791332362,2850190,6,,single
1791332363,2873080,61,,single
1791332364,2881650,628,,single
1791332366,2903560,7,,single
1791332367,2923390,14,,single
1791332369,2933080,86,,single
1791332370,2961530,11,,single
1791332371,2967990,29,,single
1791332373,2993780,153,,single
1791332374,3019370,1,,single
1791332376,3028310,66,,single
1791332377,3058630,406,,single
1791332378,3097560,379,,single
1791332380,3112260,85,,single
1791332381,3126330,20,,single
1791332382,3149840,0,,single
1791332384,3167550,363,,single
1791332385,3176060,18,,single
1791332386,3204250,12,,single
1791332388,3228180,12,,single
1791332389,3261010,5,,single
1791332391,3371240,39,,single
1791332392,3416070,291,,single
1791332393,990080,6012,,single
1791332395,1546990,316,,single
1791332396,40,3,,single
1791332397,1930,12,,single
1791332399,2420,1,,single
1791332400,2590,0,,single
1791332401,3300,35,,single
1791332403,3730,10,,single
1791332404,4770,15,,single
1791332406,6080,7,,single
1791332407,6310,3,,single
1791332408,6830,26,,single
1791332410,6900,19,,single
1791332411,7520,13,,single
1791332413,7660,11,,single
1791332415,9460,4,,single
1791332416,10220,2,,single
1791332418,11610,6,,single
1791332419,12160,1,,single
1791332421,13520,62,,single
1791332422,13580,8,,single
1791332426,15190,9,,single
1791332427,15500,0,,single
1791332429,16450,36,,single
1791332430,17430,3,,single
1791332432,18700,0,,single
1791332433,19830,16,,single
1791332434,20510,51,,single
1791332436,20920,475,,single
1791332437,21670,3,,single
1791332438,21800,15,,single
1791332440,22140,0,,single
1791332441,22350,5,,single
1791332443,22610,2,,single
1791332444,23530,1,,single
1791332445,24840,14,,single
1791332447,42890,17,,single
1791332448,27000,2,,single
1791332450,29900,7,,single
1791332451,32390,3,,single
1791332452,33460,4,,single
1791332454,34900,5,,single
1791332455,38420,16,,single
1791332457,39160,8,,single
1791332458,39690,2,,single
1791332460,41800,1,,single
1791332461,42910,9,,single
1791332466,44340,1,,single
1791332468,45770,34,,single
1791332475,47410,259,,single
1791332477,47890,1078,,single
1791332478,48240,42,,single
1791332479,49540,28,,single
1791332481,55100,27,,single
1791332482,57680,1,,single
1791332483,61500,6,,single
1791332485,63660,13,,single
1791332486,63950,0,,single
1791332488,65980,230,,single
1791332489,71250,82,,single
1791332490,80340,2,,single
1791332492,92100,1,,single
1791332493,95400,11,,single
1791332495,99300,0,,single
1791332496,102840,9,,single
1791332497,108500,0,,single
1791332499,111900,0,,single
1791332500,115120,12,,single
1791332502,201210,43,,single
1791332503,201510,2,,single
1791332504,202750,39,,single
1791332506,203510,1,,single
1791332507,204060,1,,single
1791332509,205020,0,,single
1791332511,205730,0,,single
1791332512,207420,0,,single
1791332514,208670,4,,single
1791332515,209060,0,,single
1791332517,209630,1,,single
1791332518,209950,12,,single
1791332520,211340,0,,single
1791332521,211780,8,,single
1791332523,212200,440,,single
1791332524,213670,1025,,single
1791332525,214790,11,,single
1791332527,215100,10,,single
1791332528,215630,1,,single
1791332530,215830,2,,single
1791332531,216260,1,,single
1791332532,217140,5,,single
1791332534,217790,1,,single
1791332535,218230,244,,single
1791332537,218740,0,,single
1791332538,219950,2,,single
1791332539,220660,4,,single
1791332541,221020,4,,single
1791332542,221810,4,,single
1791332544,222940,8,,single
1791332545,223410,4,,single
1791332546,224540,0,,single
1791332548,224980,2,,single
1791332549,225300,3,,single
1791332550,225540,555,,single
1791332552,226100,6,,single
1791332553,226700,12,,single
1791332555,227600,18,,single
1791332556,228300,19,,single
1791332557,230860,0,,single
1791332559,231140,2,,single
1791332560,232050,11,,single
1791332561,232890,125,,single
1791332563,233350,5,,single
1791332564,233840,1,,single
1791332565,234390,5,,single
1791332567,235360,2,,single
1791332568,236110,247,,single
1791332569,236730,0,,single
1791332571,237310,260,,single
1791332572,238240,0,,single
1791332574,238320,544,,single
1791332575,238910,1,,single
1791332576,239160,49,,single
1791332578,240320,3,,single
1791332579,404730,52,,single
1791332581,241720,1,,single
1791332582,242780,0,,single
1791332583,243120,0,,single
1791332585,243220,1,,single
1791332586,244070,2,,single
1791332588,244910,0,,single
1791332589,245300,9,,single
1791332591,246070,0,,single
1791332592,246760,6,,single
1791332594,248650,3,,single
1791332595,249590,0,,single
1791332596,249990,0,,single
1791332598,250420,2,,single
1791332599,250620,15,,single
1791332600,251110,22,,single
1791332602,251630,0,,single
1791332603,251950,10,,single
1791332604,252370,3,,single
1791332606,252670,2,,single
1791332607,253250,46,,single
1791332608,253920,0,,single
1791332610,254440,1,,single
1791332611,255280,11,,single
1791332613,255420,3,,single
1791332614,256460,3,,single
1791332615,257420,43,,single
1791332617,257750,5,,single
1791332618,258970,47,,single
1791332619,260160,67,,single
1791332621,260790,0,,single
1791332622,261760,2,,single
1791332623,262260,4,,single
1791332625,262790,1,,single
1791332626,263200,2,,single
1791332628,263620,1,,single
1791332629,264730,2,,single
1791332630,265550,111,,single
1791332632,265990,8,,single
1791332633,267490,8,,single
1791332635,268750,10,,single
1791332636,269190,13,,single
1791332637,269310,4,,single
1791332639,269670,2,,single
1791332640,270170,1,,single
1791332642,270850,0,,single
1791332643,271260,10,,single
1791332645,271760,7,,single
1791332646,272230,4,,single
1791332647,273500,3,,single
1791332649,274310,1,,single
1791332650,275100,4,,single
1791332652,275670,1,,single
1791332653,277890,8,,single
1791332654,278970,3,,single
1791332656,280680,1324,,single
1791332657,281370,0,,single
1791332659,282050,0,,single
1791332660,282560,7,,single
1791332661,282900,25,,single
1791332663,283880,2,,single
1791332664,284750,7,,single
1791332666,285440,0,,single
1791332667,286240,3,,single
1791332668,287260,0,,single
1791332670,287920,5,,single
1791332671,288470,241,,single
1791332672,290080,77,,single
1791332674,290790,4,,single
1791332675,292000,1888,,single
1791332677,292410,6,,single
1791332678,293520,1,,single
1791332679,294160,0,,single
1791332681,295690,0,,single
1791332682,296300,1,,single
1791332684,296830,1,,single
1791332685,297020,0,,single
1791332686,297860,13,,single
1791332688,298260,0,,single
1791332689,299460,0,,single
1791332690,299950,0,,single
1791332692,300970,27,,single
1791332693,301520,2,,single
1791332695,302270,0,,single
1791332697,302790,0,,single
1791332698,303430,1,,single
1791332699,304030,0,,single
1791332701,305050,0,,single
1791332702,306040,0,,single
1791332703,307290,0,,single
1791332705,310370,1,,single
1791332706,310950,126,,single
1791332708,311260,92,,single
1791332709,311770,87,,single
1791332710,312280,22,,single
1791332712,312610,9,,single
1791332713,312840,36,,single
1791332715,313630,4,,single
1791332716,313780,1,,single
1791332718,314070,4,,single
1791332719,314660,8,,single
1791332720,314970,14,,single
1791332722,315660,34,,single
1791332724,317410,1,,single
1791332726,318020,13,,single
1791332727,318430,0,,single
1791332729,319140,0,,single
1791332730,320240,50,,single
1791332731,321270,5,,single
1791332733,321960,100,,single
1791332734,323220,34,,single
1791332735,324570,4,,single
1791332737,325090,0,,single
1791332738,326480,9,,single
1791332740,327220,49,,single
1791332741,327740,3,,single
1791332742,329430,84,,single
1791332744,329830,0,,single
1791332745,330390,15,,single
1791332746,331120,0,,single
1791332748,331690,2,,single
1791332749,1116960,12,,single
1791332751,333980,4,,single
1791332752,334210,0,,single
1791332753,335190,3,,single
1791332755,336150,37,,single
1791332756,338180,1,,single
1791332758,339200,0,,single
1791332759,339580,2,,single
1791332760,340000,0,,single
1791332762,340170,16,,single
1791332763,341500,0,,single
1791332765,342200,371,,single
1791332766,342980,1,,single
1791332768,344240,1,,single
1791332769,344850,15,,single
1791332771,345260,96,,single
1791332772,345370,28,,single
1791332774,345650,2,,single
1791332775,346250,0,,single
1791332776,347160,3,,single
1791332778,347600,7,,single
1791332780,347830,1,,single
1791332781,348510,5,,single
1791332783,349730,6,,single
1791332784,350740,0,,single
1791332785,351090,10,,single
1791332787,351710,9,,single
1791332788,352550,0,,single
1791332790,353360,0,,single
1791332791,354200,10,,single
1791332793,354640,0,,single
1791332795,355800,3,,single
1791332796,356050,0,,single
1791332798,356650,13,,single
1791332799,357310,14,,single
1791332801,358750,2,,single
1791332802,359230,3,,single
1791332803,359840,6,,single
1791332805,360430,468,,single
1791332806,360940,1,,single
1791332808,362870,47,,single
1791332809,363440,70,,single
1791332811,363930,7,,single
1791332812,365070,0,,single
1791332813,366220,66,,single
1791332815,366320,0,,single
1791332816,367270,46,,single
1791332818,368340,152,,single
1791332819,368730,1,,single
1791332820,369070,2,,single
1791332822,370020,0,,single
1791332824,371200,1,,single
1791332825,372000,196,,single
1791332826,375200,0,,single
1791332828,375600,0,,single
1791332829,376680,51,,single
1791332831,377530,58,,single
1791332832,378540,43,,single
1791332834,378860,59,,single
1791332836,380360,11,,single
1791332837,381990,9,,single
1791332838,382900,8,,single
1791332840,383180,72,,single
1791332841,384110,27,,single
1791332843,384740,2,,single
1791332844,385560,1,,single
1791332846,386180,623,,single
1791332847,387860,1,,single
1791332848,388750,3,,single
1791332850,389510,1,,single
1791332852,390340,2,,single
1791332853,391040,8,,single
1791332855,391720,13,,single
1791332856,393200,1,,single
1791332858,393530,38,,single
1791332859,394760,2,,single
1791332860,396350,2,,single
1791332862,397270,2,,single
1791332863,399790,52,,single
1791332865,400080,16,,single
1791332866,400250,1,,single
1791332868,400750,3269,,single
1791332869,401710,3,,single
1791332871,402310,0,,single
1791332872,402620,4,,single
1791332874,403180,5,,single
1791332875,404620,0,,single
1791332877,407330,5,,single
1791332878,408520,0,,single
1791332880,409100,1,,single
1791332881,409720,155,,single
1791332883,410710,9,,single
1791332884,411300,34,,single
1791332886,411970,6,,single
1791332887,412880,4,,single
1791332889,414870,2,,single
1791332890,416210,1,,single
1791332891,416690,0,,single
1791332893,417880,2,,single
1791332894,420110,13,,single
1791332896,420930,3,,single
1791332897,422510,1,,single
1791332899,423230,18,,single
1791332900,423950,1,,single
1791332902,426790,7,,single
1791332903,427290,153,,single
1791332904,427730,71,,single
1791332906,428370,0,,single
1791332907,429300,2,,single
1791332909,429940,0,,single
1791332910,431960,48184,,single
1791332912,433100,1,,single
1791332913,433350,20,,single
1791332914,434050,47,,single
1791332916,434460,13,,single
1791332917,434730,0,,single
1791332919,436110,0,,single
1791332920,436520,2,,single
1791332922,437570,0,,single
1791332924,438680,0,,single
1791332925,439940,2,,single
1791332926,440900,5874,,single
1791332928,441830,6,,single
1791332929,442080,0,,single
1791332930,443110,49,,single
1791332932,444250,1,,single
1791332933,445130,0,,single
1791332935,446150,1,,single
1791332936,449140,1,,single
1791332937,449960,9,,single
1791332939,451840,0,,single
1791332940,452510,7,,single
1791332942,454060,0,,single
1791332943,455910,6,,single
1791332944,458750,591,,single
1791332946,460120,4,,single
1791332947,460790,192,,single
1791332949,461430,12,,single
1791332950,461870,0,,single
1791332951,462930,25,,single
1791332953,463270,1,,single
1791332954,464780,0,,single
1791332955,465240,0,,single
1791332957,465760,7,,single
1791332958,466500,1,,single
1791332960,468530,0,,single
1791332961,469790,2,,single
1791332963,469990,11,,single
1791332964,471660,2,,single
1791332965,474750,16,,single
1791332967,477730,1,,single
1791332968,485030,0,,single
1791332970,485510,249,,single
1791332971,487000,3,,single
1791332973,487700,2,,single
1791332974,488790,1156,,single
1791332975,490220,9,,single
1791332977,493370,16,,single
1791332978,493540,2,,single
1791332979,495420,1335,,single
1791332981,496300,84,,single
1791332982,496810,0,,single
1791332984,500260,7,,single
1791332985,502550,0,,single
1791332987,503300,0,,single
1791332988,503620,0,,single
1791332990,504770,0,,single
1791332991,505640,2,,single
1791332993,506140,40,,single
1791332994,509980,73,,single
1791332996,510510,3,,single
1791332997,512250,2,,single
1791332998,513290,0,,single
1791333000,513710,4236,,single
1791333001,514920,0,,single
1791333003,515960,12,,single
1791333004,519140,1,,single
1791333006,520440,78,,single
1791333007,521150,9,,single
1791333009,523000,4,,single
1791333010,524220,776,,single
1791333011,525680,8,,single
1791333013,526490,11,,single
1791333015,527450,0,,single
1791333016,528740,243,,single
1791333018,529590,5,,single
1791333019,530330,0,,single
1791333021,530890,13,,single
1791333022,532840,0,,single
1791333023,534380,2117,,single
1791333025,535930,330,,single
1791333027,536930,3,,single
1791333029,537450,5,,single
1791333030,540610,3,,single
1791333032,543260,4,,single
1791333033,544730,830,,single
1791333035,545650,4,,single
1791333036,546390,0,,single
1791333038,548570,36,,single
1791333039,550650,146,,single
1791333041,552450,1,,single
1791333042,552700,21,,single
1791333043,555150,0,,single
1791333045,555570,101,,single
1791333046,557180,14,,single
1791333047,559100,18,,single
1791333049,560130,241,,single
1791333050,562230,1,,single
1791333052,566090,0,,single
1791333053,566540,30,,single
1791333054,567640,353,,single
1791333056,570460,0,,single
1791333057,572410,35,,single
1791333059,574760,5,,single
1791333060,576500,1,,single
1791333061,578620,8,,single
1791333063,579180,17,,single
1791333064,581270,2,,single
1791333066,582660,16810,,single
1791333067,585550,3,,single
1791333068,586140,252,,single
1791333070,586980,1,,single
1791333071,587260,7,,single
1791333073,588190,4,,single
1791333074,588950,6,,single
1791333075,589530,17,,single
1791333077,591420,2,,single
1791333078,594130,1,,single
1791333080,597820,56,,single
1791333081,598700,3,,single
1791333082,601050,61,,single
1791333084,601810,1,,single
1791333085,603530,5,,single
1791333087,604540,51,,single
1791333088,606280,79,,single
1791333089,606880,51,,single
1791333091,607890,8,,single
1791333092,609490,2,,single
1791333093,611660,33,,single
1791333095,612020,56,,single
1791333096,612570,1,,single
1791333098,613190,0,,single
1791333099,617160,3,,single
1791333100,618720,0,,single
1791333102,619540,18,,single
1791333103,620190,1,,single
1791333104,622220,16,,single
1791333106,622720,14,,single
1791333107,625960,852,,single
1791333109,628670,11,,single
1791333110,629520,9284,,single
1791333111,629910,15,,single
1791333113,632000,1,,single
1791333114,633360,13,,single
1791333115,636040,270,,single
1791333117,637100,24,,single
1791333118,638070,3,,single
1791333120,638850,1,,single
1791333121,640150,0,,single
1791333122,641780,20,,single
1791333124,644830,43,,single
1791333125,646200,0,,single
1791333126,649950,5,,single
1791333128,650510,5,,single
1791333129,651670,13,,single
1791333131,654990,0,,single
1791333132,658260,1,,single
1791333133,658850,57,,single
1791333135,664430,5,,single
1791333136,665360,11,,single
1791333137,668580,1178,,single
1791333139,670260,3,,single
1791333140,671970,11,,single
1791333142,673000,1,,single
1791333143,674020,5,,single
1791333144,677120,71,,single
1791333146,678900,14,,single
1791333147,682990,71,,single
1791333149,684580,3,,single
1791333150,686260,1,,single
1791333152,687260,0,,single
1791333153,688130,62,,single
1791333154,690640,37,,single
1791333156,691020,1,,single
1791333157,692850,189,,single
1791333159,695920,5,,single
1791333160,696480,1,,single
1791333162,698780,536,,single
1791333163,700030,5,,single
1791333164,702670,17,,single
1791333166,704270,251,,single
1791333167,706990,8,,single
1791333169,709440,0,,single
1791333170,711810,2,,single
1791333171,715560,10,,single
1791333173,717560,0,,single
1791333174,718670,156,,single
1791333175,720280,2,,single
1791333177,722560,2,,single
1791333178,726360,13,,single
1791333180,727130,6,,single
1791333181,728730,26,,single
1791333182,732240,9,,single
1791333184,735850,0,,single
1791333185,737800,45,,single
1791333186,738540,54,,single
1791333188,741670,1,,single
1791333189,743890,140,,single
1791333190,744900,453,,single
1791333192,747340,0,,single
1791333194,750050,0,,single
1791333195,752480,1,,single
1791333197,753650,7,,single
1791333198,754890,4,,single
1791333199,756530,11,,single
1791333201,757310,18,,single
1791333202,760060,20,,single
1791333204,764300,9,,single
1791333205,765870,6,,single
1791333207,767930,3,,single
1791333208,770100,7,,single
1791333210,773670,1,,single
1791333211,774241,19,,single
1791333212,774541,7,,single
1791333214,776340,0,,single
1791333215,779290,2,,single
1791333217,780210,15,,single
1791333218,785260,4,,single
1791333220,787810,23,,single
1791333221,788260,0,,single
1791333222,788770,1,,single
1791333224,792220,5,,single
1791333225,794540,1,,single
1791333227,798420,11,,single
1791333228,801800,128,,single
1791333230,803980,2,,single
1791333231,806140,8,,single
1791333232,809140,18,,single
1791333234,811870,2,,single
1791333235,814480,33,,single
1791333237,816020,9,,single
1791333238,820630,1,,single
1791333240,822930,0,,single
1791333241,824270,2220,,single
1791333243,826940,2,,single
1791333244,830820,2,,single
1791333246,834530,58,,single
1791333247,837380,61,,single
1791333248,839310,3,,single
1791333250,842100,2,,single
1791333251,844660,3,,single
1791333253,846800,2,,single
1791333254,849740,1,,single
1791333256,852090,3,,single
1791333257,857980,19,,single
1791333259,859680,0,,single
1791333260,862800,4,,single
1791333262,863570,2,,single
1791333263,868020,4,,single
1791333264,871530,3,,single
1791333266,872410,1713,,single
1791333267,877200,3,,single
1791333269,878750,6,,single
1791333271,880850,10,,single
1791333272,883860,212,,single
1791333274,886900,6,,single
1791333275,889480,0,,single
1791333276,891220,0,,single
1791333278,893680,10,,single
1791333279,897030,2,,single
1791333281,899310,1,,single
1791333282,900040,28,,single
1791333284,906100,21,,single
1791333285,910490,2,,single
1791333287,911430,12,,single
1791333289,914690,3,,single
1791333290,915810,0,,single
1791333292,918820,2,,single
1791333293,920210,428,,single
1791333294,921800,22,,single
1791333296,924140,0,,single
1791333297,924980,32,,single
1791333299,927380,19,,single
1791333300,928960,20,,single
1791333302,931690,0,,single
1791333303,933820,61,,single
1791333305,935400,1,,single
1791333306,939330,15,,single
1791333308,939850,58,,single
1791333309,942140,0,,single
1791333310,944250,1,,single
1791333312,947300,4,,single
1791333313,952060,1049,,single
1791333315,953580,3,,single
1791333317,954850,47,,single
1791333318,956450,10,,single
1791333320,959080,1,,single
1791333321,962580,3,,single
1791333323,967050,76,,single
1791333324,968870,4,,single
1791333325,970830,32,,single
1791333327,976310,970,,single
1791333330,977880,18,,single
1791333331,979070,14,,single
1791333333,983380,15,,single
1791333334,984560,0,,single
1791333336,985830,8,,single
1791333337,991260,8,,single
1791333339,992070,930,,single
1791333340,992910,0,,single
1791333341,994280,37,,single
1791333343,996770,33,,single
1791333344,999220,14,,single
1791333346,1000760,1,,single
1791333347,1004270,1,,single
1791333348,1009290,12,,single
1791333350,1011670,8,,single
1791333351,1015140,0,,single
1791333353,1016120,3,,single
1791333354,1017100,143,,single
1791333356,1020470,12,,single
1791333357,1025600,112,,single
1791333359,1028570,0,,single
1791333360,1029890,6,,single
1791333361,1030840,436,,single
1791333363,1032430,43,,single
1791333364,1035510,10,,single
1791333366,1038740,3,,single
1791333367,1041320,657,,single
1791333368,1042380,8,,single
1791333370,1042800,21,,single
1791333371,1045720,1,,single
1791333373,1047440,13,,single
1791333374,1049400,0,,single
1791333376,1053680,14,,single
1791333377,1056840,2,,single
1791333378,1057750,0,,single
1791333380,1062810,45,,single
1791333381,1063730,351,,single
1791333383,1065100,3,,single
1791333384,1069530,3,,single
1791333386,1071870,48,,single
1791333387,1077290,0,,single
1791333388,1080020,42,,single
1791333390,1086640,0,,single
1791333391,1087460,13,,single
1791333393,1088710,38,,single
1791333394,1091500,27072,,single
1791333395,1094030,0,,single
1791333397,1096410,8,,single
1791333399,1097200,28,,single
1791333400,1097620,2,,single
1791333402,1100410,11,,single
1791333403,1101790,6,,single
1791333405,1104330,19,,single
1791333406,1105500,77,,single
1791333407,1106530,90,,single
1791333409,1107790,2,,single
1791333410,1110050,2,,single
1791333412,1111210,2,,single
1791333413,1112790,13,,single
1791333415,1113570,2,,single
1791333416,1118240,17,,single
1791333417,1120320,22,,single
1791333419,1121910,4,,single
1791333420,1124300,308,,single
1791333422,1127980,5,,single
1791333423,1128860,47,,single
1791333425,1131240,1,,single
1791333426,1133760,37,,single
1791333427,1135240,1,,single
1791333429,1136370,43,,single
1791333430,1138640,7,,single
1791333432,1141020,88,,single
1791333433,1142100,0,,single
1791333434,1144400,160,,single
1791333436,1146510,3,,single
1791333437,1148510,2,,single
1791333439,1150530,51,,single
1791333440,1154810,8,,single
1791333442,1158420,1,,single
1791333443,1160750,114,,single
1791333445,1162680,0,,single
1791333446,1164690,3,,single
1791333448,1168880,3,,single
1791333449,1170970,194,,single
1791333450,1173200,3,,single
1791333452,1174940,0,,single
1791333453,1175880,1,,single
1791333455,1178830,9,,single
1791333456,1180030,0,,single
1791333457,1182020,190,,single
1791333459,1184050,54,,single
1791333460,1184480,4,,single
1791333462,1188680,0,,single
1791333463,1190110,1,,single
1791333465,1191630,10,,single
1791333466,1194930,1,,single
1791333467,1196590,1698,,single
1791333469,1203180,0,,single
1791333470,1203930,5,,single
1791333472,1206480,0,,single
1791333473,1209040,0,,single
1791333474,1213740,13,,single
1791333476,1216060,5,,single
1791333478,1218500,0,,single
1791333479,1220150,3,,single
1791333480,1222690,476,,single
1791333482,1224600,2,,single
1791333483,1225590,0,,single
1791333484,1227890,187,,single
1791333486,1229580,4,,single
1791333487,1232130,0,,single
1791333489,1234520,0,,single
1791333490,1236300,1,,single
1791333492,1238000,264,,single
1791333493,1238060,188,,single
1791333495,1238860,866,,single
1791333496,1240440,1803,,single
1791333498,1245430,4,,single
1791333499,1249480,2,,single
1791333500,1250790,58,,single
1791333502,1252680,8,,single
1791333503,1254120,167,,single
1791333505,1255630,6,,single
1791333506,1258040,0,,single
1791333508,1259970,508,,single
1791333509,1263550,53,,single
1791333511,1265920,202,,single
1791333512,1266700,63,,single
1791333513,1268750,186,,single
1791333515,1269710,2,,single
1791333516,1272080,829,,single
1791333518,1275630,2,,single
1791333519,1276790,44,,single
1791333521,1278060,90,,single
1791333522,1282150,33,,single
1791333524,1282690,5,,single
1791333525,1283970,7919,,single
1791333526,1286880,35,,single
1791333528,1288170,0,,single
1791333529,1290330,5,,single
1791333531,1293230,0,,single
1791333532,1295900,23,,single
1791333534,1296610,406,,single
1791333535,1299120,1,,single
1791333537,1306580,1,,single
1791333538,1310410,14,,single
1791333539,1314000,17,,single
1791333541,1318090,2,,single
1791333542,1321680,29,,single
1791333544,1325200,531,,single
1791333545,1325900,3,,single
1791333547,1330460,32,,single
1791333548,1333350,257,,single
1791333549,1334590,5,,single
1791333551,1340480,43,,single
1791333552,1344350,38,,single
1791333554,1346360,7,,single
1791333555,1353270,3,,single
1791333556,1356280,16,,single
1791333558,1358710,1,,single
1791333559,1363740,19,,single
1791333560,1368130,6,,single
1791333562,1369370,10,,single
1791333563,1371580,416,,single
1791333565,1371980,800,,single
1791333566,1373090,16,,single
1791333567,1374840,32,,single
1791333569,1375900,9,,single
1791333570,1378990,147,,single
1791333572,1381650,1,,single
1791333573,1385730,1,,single
1791333574,1389160,0,,single
1791333576,1393370,6,,single
1791333577,1397790,1,,single
1791333579,1402020,3,,single
1791333580,1403370,0,,single
1791333582,1409160,7,,single
1791333583,1413020,1,,single
1791333584,1416050,7,,single
1791333586,1420290,26,,single
1791333587,1421490,3,,single
1791333589,1425350,1,,single
1791333590,1428420,16,,single
1791333591,1429850,12,,single
1791333593,1432320,94,,single
1791333594,1436700,39,,single
1791333596,1439750,11,,single
1791333597,1444300,2,,single
1791333598,1448440,137,,single
1791333600,1454890,0,,single
1791333601,1456880,4,,single
1791333603,1458100,87,,single
1791333604,1465470,669,,single
1791333605,1466390,6,,single
1791333607,1472560,38,,single
1791333608,1475810,113,,single
1791333610,1479140,22,,single
1791333611,1481080,84,,single
1791333612,1484900,0,,single
1791333615,1487390,0,,single
1791333616,1490060,3,,single
1791333618,1492070,26,,single
1791333619,1493760,11,,single
1791333620,1494840,9,,single
1791333622,1498740,3,,single
1791333623,1504020,2,,single
1791333626,1506850,17,,single
1791333628,1508460,1,,single
1791333629,1517340,3,,single
1791333631,1519490,25,,single
1791333632,1530140,0,,single
1791333634,1532690,4,,single
1791333635,1536980,5,,single
1791333636,1543030,26,,single
1791333638,1547670,4,,single
1791333639,1549750,0,,single
1791333641,1550710,1,,single
1791333642,1553120,2,,single
1791333643,1556870,0,,single
1791333645,1563180,44,,single
1791333646,1571440,24,,single
1791333647,1574240,61,,single
1791333649,1575470,0,,single
1791333650,1579880,21,,single
1791333652,1580790,14,,single
1791333653,1587540,2,,single
1791333654,1590910,30,,single
1791333656,1591530,19,,single
1791333657,1593350,368,,single
1791333659,1599340,3497,,single
1791333660,1602010,90,,single
1791333661,1608450,20,,single
1791333663,1610900,40,,single
1791333664,1612770,11,,single
1791333666,1619520,29,,single
1791333667,1621560,8,,single
1791333668,1622910,64,,single
1791333670,1627570,13,,single
1791333672,1634080,20,,single
1791333673,1639610,2,,single
1791333674,1643310,57,,single
1791333676,1647160,6,,single
1791333677,1649240,137,,single
1791333679,1660840,13,,single
1791333680,1664200,2,,single
1791333681,1668520,25,,single
1791333683,1671410,2,,single
1791333685,1674780,2,,single
1791333686,1678430,4,,single
1791333687,1682050,4,,single
1791333689,1685750,17,,single
1791333690,1691190,25,,single
1791333692,1692250,50,,single
1791333693,1695830,11,,single
1791333694,1701520,77,,single
1791333696,1703140,1,,single
1791333697,1707990,3,,single
1791333698,1708850,98,,single
1791333700,1713350,27,,single
1791333701,1714420,0,,single
1791333703,1715590,14,,single
1791333704,1721060,44,,single
1791333705,1722860,29,,single
1791333707,1729790,0,,single
1791333708,1733240,3,,single
1791333710,1740930,10,,single
1791333711,1745510,56,,single
1791333712,1755100,5,,single
1791333714,1762010,0,,single
1791333715,1765780,2,,single
1791333717,1766100,8,,single
1791333719,1777620,30,,single
1791333720,1781160,4,,single
1791333721,1785650,121,,single
1791333723,1800940,9,,single
1791333724,1805480,72,,single
1791333725,1812300,1,,single
1791333727,1814170,42,,single
1791333728,1832040,6,,single
1791333730,1837480,36,,single
1791333731,1840490,4,,single
1791333733,1845910,418,,single
1791333734,1850050,6,,single
1791333735,1850960,19,,single
1791333737,1857080,70,,single
1791333738,1861610,18,,single
1791333740,1868180,102,,single
1791333741,1874000,80,,single
1791333743,1879330,69,,single
1791333744,1888930,2467,,single
1791333746,1893820,0,,single
1791333747,1901200,1,,single
1791333748,1910860,0,,single
1791333750,1915380,26,,single
1791333752,1920490,209,,single
1791333753,1924430,1,,single
1791333754,1926620,0,,single
1791333756,1931010,12,,single
1791333757,1937480,26,,single
1791333758,1940340,606,,single
1791333760,1946970,31,,single
1791333761,1948800,202,,single
1791333763,1950440,0,,single
1791333764,1954750,1,,single
1791333765,1959390,3,,single
1791333767,1963210,1,,single
1791333768,1971870,1155,,single
1791333770,1975580,12,,single
1791333771,1982340,1,,single
1791333772,1985810,498,,single
1791333774,1988540,101,,single
1791333775,1995520,540,,single
1791333776,1999770,5,,single
1791333778,2004080,21,,single
1791333779,2008100,86,,single
1791333781,2012190,4,,single
1791333782,2015270,210,,single
1791333783,2022180,2,,single
1791333785,2024230,1,,single
1791333786,2052410,112,,single
1791333787,2058570,12,,single
1791333789,2071500,21,,single
1791333790,2076580,7,,single
1791333792,2085370,14,,single
1791333793,2094320,3,,single
1791333794,2102520,0,,single
1791333796,2107090,4,,single
1791333797,2113570,2,,single
1791333799,2123640,5,,single
1791333800,2131680,31,,single
1791333801,2139020,3,,single
1791333803,2142680,5,,single
1791333804,2160360,4,,single
1791333806,2176130,38,,single
1791333807,2184150,0,,single
1791333808,2192790,1,,single
1791333810,2198070,7,,single
1791333811,2202770,0,,single
1791333813,2213120,6,,single
1791333814,2216830,18,,single
1791333815,2223840,11,,single
1791333817,2232840,14,,single
1791333818,2240790,8,,single
1791333820,2250600,12,,single
1791333821,2259260,4,,single
1791333822,2274110,7,,single
1791333824,2280350,22,,single
1791333825,2287220,16,,single
1791333827,2289450,547,,single
1791333828,2292800,115,,single
1791333829,2311190,4,,single
1791333831,2315430,17,,single
1791333832,2319640,10,,single
1791333834,2334220,2,,single
1791333835,2340520,82,,single
1791333837,2345020,10,,single
1791333838,2355150,4,,single
1791333839,2369390,4620,,single
1791333841,2382520,55,,single
1791333842,2386310,8,,single
1791333844,2393160,22,,single
1791333845,2399420,2101,,single
1791333846,2401410,52,,single
1791333848,2406770,3962,,single
1791333849,2414270,92,,single
1791333851,2427420,45,,single
1791333852,2429860,65,,single
1791333853,2435960,1,,single
1791333855,2440380,19,,single
1791333856,2445690,642,,single
1791333858,2448930,2,,single
1791333859,2454890,2,,single
1791333860,2457890,2,,single
1791333862,2464530,30,,single
1791333863,2477010,168,,single
1791333865,2488510,8,,single
1791333866,2492040,202,,single
1791333868,2498570,26,,single
1791333869,2515240,1,,single
1791333870,2521600,11,,single
1791333872,2529820,13,,single
1791333873,2537590,3939,,single
1791333874,2556990,9,,single
1791333876,2731870,1,,single
1791333877,2599300,2,,single
1791333879,2616460,28,,single
1791333880,2622000,768,,single
1791333881,2625420,456,,single
1791333883,2644470,72,,single
1791333884,2663530,21,,single
1791333885,2668510,728,,single
1791333887,2680010,519,,single
1791333888,2685900,0,,single
1791333889,2693060,4,,single
1791333891,2698940,971,,single
1791333892,2707490,18,,single
1791333894,2720950,12,,single
1791333895,2735870,1,,single
1791333896,2747550,10,,single
1791333898,2750000,35,,single
1791333899,2764750,335,,single
1791333901,2772990,107,,single
1791333902,2789460,22,,single
1791333903,2796180,14,,single
1791333905,2821800,40,,single
1791333906,2828500,122,,single
1791333908,2845630,1,,single
1791333909,2854740,13,,single
1791333911,2878960,172,,single
1791333912,2897700,33,,single
1791333913,2909110,283,,single
1791333915,2920570,40,,single
1791333916,2925510,0,,single
1791333918,2943280,32,,single
1791333919,2957800,4,,single
1791333920,2967320,6,,single
1791333922,3004100,12,,single
1791333923,3011440,2,,single
1791333925,3030720,28,,single
1791333926,3059070,126,,single
1791333927,3070520,27,,single
1791333929,3111080,1,,single
1791333930,3145620,0,,single
1791333932,3151380,70,,single
1791333933,3183280,116,,single
1791333934,3205080,2,,single
1791333936,3222970,7,,single
1791333937,3240220,27495,,single
1791333938,3287520,43,,single
1791333940,3314070,747,,single
1791333941,3359320,29,,single
1791333942,3404470,123,,single
1791333944,3438800,78,,single
1791333945,3461920,2,,single
1791333946,3580580,24,,single
1791333948,202970,105,,single
1791333949,583950,379,,single
1791333950,1178490,26,,single
1791333952,2901520,15,,single
1791333953,1559390,17,,single
1791333955,1249800,4,,single
1791333956,584980,4,,single
1791333957,298240,3,,single
1791333959,1126290,0,,single
1791333960,615530,8,,single
1791333962,253980,3,,single
1791333963,2128940,17,,single
1791333965,1816570,0,,single
1791333966,287630,14,,single
1791333967,1064730,0,,single
1791333969,724970,1,,single
1791333970,1263370,1,,single
1791333972,104200,0,,single
1791333973,2059790,37,,single
1791333975,862690,2,,single
1791333976,604450,0,,single
1791333977,3358510,52,,single
1791333979,1269370,41,,single
1791333980,308420,2,,single
1791333982,17330,4,,single
1791333983,3094010,33,,single
1791333985,2755330,2,,single
1791333986,3433810,1,,single
1791333988,1122750,1,,single
1791333989,3167180,6,,single
1791333990,662960,0,,single
1791333992,722960,3,,single
1791333993,944020,2,,single
1791333995,919370,1,,single
1791333996,1345740,0,,single
1791333997,1566390,14,,single
1791333999,715400,3,,single
1791334000,1993150,30,,single
1791334002,326360,149,,single
1791334003,1016600,0,,single
1791334004,334310,9,,single
1791334006,1540150,1,,single
1791334007,1974520,10,,single
1791334009,3099660,2,,single
1791334010,1639430,4,,single
1791334012,1078350,14,,single
1791334013,3003300,218,,single
1791334014,339400,1,,single
1791334016,552280,0,,single
1791334017,1786200,1,,single
1791334019,828070,4,,single
1791334020,939600,0,,single
1791334021,995460,1,,single
1791334023,1918680,3,,single
1791334024,1777430,0,,single
1791334025,2399220,28,,single
1791334027,1634680,148,,single
1791334028,1517960,2,,single
1791334030,2078780,0,,single
1791334031,1782570,4,,single
1791334033,1314140,2,,single
1791334035,2285550,433,,single
1791334036,1394800,3,,single
1791334038,2663950,6,,single
1791334039,466860,1,,single
1791334041,2695270,2,,single
1791334042,2734310,0,,single
1791334044,1109460,0,,single
1791334045,844850,3,,single
1791334046,485310,1,,single
1791334048,931500,29,,single
1791334049,638990,8,,single
1791334050,448780,0,,single
1791334052,593200,0,,single
1791334053,2774380,2,,single
1791334054,2581050,8,,single
1791334056,1171310,1,,single
1791334057,588970,0,,single
1791334059,242840,0,,single
1791334060,1011940,4,,single
1791334062,857450,0,,single
1791334063,577670,0,,single
1791334064,2144590,2,,single
1791334066,2781370,1,,single
1791334067,1553000,15,,single
1791334068,976390,12,,single
1791334070,1033420,9,,single
1791334071,1726130,15,,single
1791334072,2522520,0,,single
1791334074,2654540,55,,single
1791334075,2242710,5,,single
1791334077,2084940,6,,single
1791334078,2983140,16,,single
1791334079,741260,0,,single
1791334081,2423620,42,,single
1791334083,1125480,4,,single
1791334084,2834600,12,,single
1791334085,926340,0,,single
1791334087,1166990,25,,single
1791334088,2165610,3,,single
1791334090,2531940,7,,single
1791334091,3132860,140,,single
1791334093,2793370,4,,single
1791334094,2340500,2,,single
1791334096,2328540,1,,single
1791334097,2118420,0,,single
1791334098,2604480,1,,single
1791334100,1048350,1,,single
1791334101,1732740,1,,single
1791334102,1100930,0,,single
1791334104,254480,12,,single
1791334105,2750080,33,,single
1791334107,1550510,2,,single
1791334108,1179580,3,,single
1791334109,1029500,4,,single
1791334111,1996430,18,,single
1791334112,1301390,12,,single
1791334113,3126150,7,,single
1791334115,3168260,16,,single
1791334116,223870,5,,single
1791334117,2530980,113,,single
1791334119,550840,0,,single
1791334120,2144640,16,,single
1791334122,1724770,2,,single
1791334123,1149550,9,,single
1791334124,1300,3,,single
1791334126,1431230,4,,single
1791334127,1464930,0,,single
1791334128,1132730,2,,single
1791334130,233190,0,,single
1791334131,951430,8,,single
1791334133,355150,0,,single
1791334134,1585570,1,,single
1791334135,2510130,0,,single
1791334137,1375870,0,,single
1791334138,630060,1,,single
1791334139,39550,14,,single
1791334141,3170,31,,single
1791334142,2774830,1,,single
1791334144,449220,0,,single
1791334145,921780,2,,single
1791334146,591630,0,,single
1791334148,33130,1,,single
1791334149,2337860,4,,single
1791334151,3192360,1,,single
1791334152,1419730,0,,single
1791334153,2300230,9,,single
1791334155,2157680,3,,single
1791334156,1074070,13,,single
1791334157,1133730,0,,single
1791334159,385400,0,,single
1791334160,1529710,0,,single
1791334162,542340,5,,single
1791334163,2360210,2,,single
1791334165,1802880,7,,single
1791334166,934580,0,,single
1791334167,2101890,6,,single
1791334169,359600,3,,single
1791334170,1065970,1,,single
1791334172,1058380,1,,single
1791334173,1681060,12,,single
1791334174,776960,3,,single
1791334176,420060,0,,single
1791334177,364690,0,,single
1791334179,212030,1,,single
1791334180,453270,0,,single
1791334181,2776780,6,,single
1791334183,1989070,13,,single
1791334184,446840,2,,single
1791334186,2976870,0,,single
1791334187,3025290,1,,single
1791334188,1004490,5,,single
1791334190,37000,5,,single
1791334191,289300,4,,single
1791334192,4890,10,,single
1791334194,445230,0,,single
1791334195,2905970,3,,single
1791334197,562410,1,,single
1791334198,860910,3,,single
1791334199,342300,1,,single
1791334201,2829600,0,,single
1791334202,267920,0,,single
1791334204,554530,1,,single
1791334205,3334660,0,,single
1791334206,1623880,0,,single
1791334208,1239300,0,,single
1791334210,2414750,0,,single
1791334211,510660,18,,single
1791334213,2089980,0,,single
1791334214,410210,1,,single
1791334215,1983970,2,,single
1791334217,2169950,0,,single
1791334218,2318070,0,,single
1791334220,2658920,1,,single
1791334221,340070,0,,single
1791334222,885640,0,,single
1791334224,2730540,3,,single
1791334225,412470,1,,single
1791334227,603320,0,,single
1791334228,613730,0,,single
1791334230,885140,0,,single
1791334231,2697490,10,,single
1791334232,1016960,3,,single
1791334234,2258770,11,,single
1791334235,2473710,3,,single
1791334236,2620240,0,,single
1791334238,1098940,0,,single
1791334239,293320,0,,single
1791334241,897820,3,,single
1791334242,3391500,0,,single
1791334243,1524630,7,,single
1791334245,3362990,12,,single
1791334246,1441840,10,,single
1791334248,377600,1,,single
1791334249,466110,1,,single
1791334250,279720,0,,single
1791334252,2450450,0,,single
1791334253,3389860,0,,single
1791334255,1800790,0,,single
1791334256,603260,1,,single
1791334258,3173890,5,,single
1791334259,248530,0,,single
1791334261,2566340,15,,single
1791334262,1100420,8,,single
1791334263,2331130,16,,single
1791334265,2517200,0,,single
1791334266,1092400,1,,single
1791334268,1729410,4,,single
1791334269,1768470,0,,single
1791334270,264300,0,,single
1791334272,2185770,0,,single
1791334273,360380,0,,single
1791334275,495110,3,,single
1791334276,346730,0,,single
1791334277,3036010,8,,single
1791334279,464450,4,,single
1791334280,3090080,3,,single
1791334282,608990,1,,single
1791334283,1799220,0,,single
1791334284,628890,65,,single
1791334286,447890,0,,single
1791334287,1807750,0,,single
1791334289,1232420,152,,single
1791334290,446390,3,,single
1791334291,2214880,3,,single
1791334293,3543420,1,,single
1791334294,1142390,4,,single
1791334295,1573100,5,,single
1791334297,1278390,1,,single
1791334298,269330,0,,single
1791334300,629650,3,,single
1791334301,774511,3,,single
1791334302,1167950,3,,single
1791334304,1394960,9,,single
1791334306,1132190,1,,single
1791334307,1135830,4,,single
1791334308,1823600,9,,single
1791334310,2717010,6,,single
1791334311,2262080,5,,single
1791334313,281750,87,,single
1791334314,448070,1,,single
1791334316,525040,4,,single
1791334317,1986010,8,,single
1791334318,259340,1,,single
1791334320,2766860,2,,single
1791334321,285010,1,,single
1791334323,2159730,2,,single
1791334324,2248180,6,,single
1791334326,839200,19,,single
1791334327,2732100,4,,single
1791334329,2717260,0,,single
1791334330,2094270,1,,single
1791334331,365810,1,,single
1791334333,1671350,4,,single
1791334334,2608040,1,,single
1791334335,332480,2,,single
1791334337,1781260,1,,single
1791334338,2856450,1,,single
1791334340,3384350,0,,single
1791334341,3177970,1,,single
1791334343,979710,90,,single
1791334344,1493520,3,,single
1791334346,3376760,2,,single
1791334347,206370,2,,single
1791334348,2091500,6,,single
1791334350,3089130,6,,single
1791334351,2494780,5,,single
1791334353,289780,5,,single
1791334354,1150090,0,,single
1791334355,2616140,13,,single
1791334357,1396150,0,,single
1791334358,1132980,2,,single
1791334360,1637370,1,,single
1791334361,376730,0,,single
1791334362,904380,0,,single
1791334364,1789030,7,,single
1791334365,2749000,6,,single
1791334367,832360,2,,single
1791334368,491280,2,,single
1791334369,296050,0,,single
1791334371,1098280,8,,single
1791334372,943370,11,,single
1791334374,330350,0,,single
1791334375,377900,4,,single
1791334377,3072450,12,,single
1791334378,384680,1,,single
1791334380,445720,6,,single
1791334381,18820,0,,single
1791334382,2696320,1,,single
1791334384,809720,1,,single
1791334385,1601330,9,,single
1791334386,2088030,0,,single
1791334388,1811500,0,,single
1791334389,528060,0,,single
1791334391,2015620,0,,single
1791334392,494230,1,,single
1791334393,1802980,0,,single
1791334395,2468100,3,,single
1791334396,646240,0,,single
1791334398,2924170,13,,single
1791334400,225000,0,,single
1791334401,2388460,1,,single
1791334403,434210,0,,single
1791334404,794580,3,,single
1791334405,415610,1,,single
1791334407,400180,0,,single
1791334408,314030,4,,single
1791334410,1502970,20,,single
1791334411,816490,0,,single
1791334413,398000,6,,single
1791334414,614910,21,,single
1791334416,1049660,2,,single
1791334417,229870,1,,single
1791334418,865040,0,,single
1791334420,91330,0,,single
1791334422,1225580,1,,single
1791334423,638000,0,,single
1791334425,1351210,3,,single
1791334426,2080640,0,,single
1791334427,612930,0,,single
1791334429,1307690,2,,single
1791334430,2090760,2,,single
1791334431,466740,0,,single
1791334434,1933840,0,,single
1791334435,1379930,2,,single
1791334436,588440,1,,single
1791334439,392280,0,,single
1791334440,1558510,2,,single
1791334442,783120,0,,single
1791334443,463060,2,,single
1791334444,371670,0,,single
1791334446,402880,0,,single
1791334447,929670,5,,single
1791334448,1382910,0,,single
1791334450,2951580,2,,single
1791334452,422250,0,,single
1791334453,1186460,1,,single
1791334454,1773180,0,,single
1791334456,336240,0,,single
1791334457,2221500,4,,single
1791334459,521350,3,,single
1791334460,1914970,0,,single
1791334461,986040,2,,single
1791334463,2479290,2,,single
1791334464,212780,5,,single
1791334466,502770,0,,single
1791334467,2757490,3,,single
1791334468,2613060,8,,single
1791334470,3413590,0,,single
1791334471,2707070,9,,single
1791334473,3255380,24,,single
1791334474,1333470,2,,single
1791334476,2803060,1,,single
1791334477,891360,0,,single
1791334479,2776940,1,,single
1791334480,875310,0,,single
1791334481,546080,0,,single
1791334483,1720850,8,,single
1791334484,839450,2,,single
1791334486,363330,0,,single
1791334487,1003360,0,,single
1791334489,2002220,2,,single
1791334490,271860,0,,single
1791334492,810660,3,,single
1791334493,384980,1,,single
1791334495,625430,1,,single
1791334496,1142830,7,,single
1791334497,967390,2,,single
1791334499,1934080,0,,single
1791334500,279440,3,,single
1791334502,459160,14,,single
1791334503,2514640,1,,single
1791334505,201480,0,,single
1791334506,11140,2,,single
1791334507,1090440,0,,single
1791334509,687850,2,,single
1791334510,1009990,0,,single
1791334512,1833490,0,,single
1791334513,2234150,14,,single
1791334515,1621760,8,,single
1791334516,368610,16,,single
1791334518,602890,0,,single
1791334519,2536960,4,,single
1791334521,2264340,51,,single
1791334522,639650,0,,single
1791334524,574050,1,,single
1791334527,1016930,0,,single
1791334528,1662480,0,,single
1791334530,254080,3,,single
1791334531,2673490,0,,single
1791334533,476240,0,,single
1791334534,745740,0,,single
1791334536,1793090,6,,single
1791334537,1515900,0,,single
1791334539,842150,23,,single
1791334540,3292340,0,,single
1791334541,2579280,0,,single
1791334543,1379830,1,,single
1791334544,1389560,1,,single
1791334546,2692570,1,,single
1791334547,232970,0,,single
1791334548,11200,2,,single
1791334550,3598130,0,,single
1791334551,1517150,1,,single
1791334553,2616420,1,,single
1791334554,944920,3,,single
1791334556,1724140,11,,single
1791334557,509250,0,,single
1791334559,1932160,5,,single
1791334560,2061430,3,,single
1791334562,2414630,2,,single
1791334563,255370,1,,single
1791334565,2699820,13,,single
1791334566,1731200,3,,single
1791334567,3029990,0,,single
1791334569,361190,0,,single
1791334570,1168870,0,,single
1791334571,296240,3,,single
1791334573,1390700,0,,single
1791334574,1415220,2,,single
1791334575,898720,2,,single
1791334577,1201400,0,,single
1791334578,865090,0,,single
1791334580,887800,30,,single
1791334581,431260,2,,single
1791334583,423890,0,,single
1791334584,1824960,2,,single
1791334585,1383960,4,,single
1791334587,882960,0,,single
1791334588,284890,2,,single
1791334589,2817140,1,,single
1791334591,887530,2,,single
1791334592,1133060,1,,single
1791334594,365020,0,,single
1791334595,579020,1,,single
1791334596,1600780,0,,single
1791334598,1259640,0,,single
1791334599,1349540,43,,single
1791334601,1883090,3,,single
1791334602,2633640,2,,single
1791334603,512180,8,,single
1791334605,965300,10,,single
1791334606,11340,0,,single
1791334608,1576240,1,,single
1791334609,351160,4,,single
1791334611,1116480,3,,single
1791334612,1399080,7,,single
1791334613,65730,2,,single
1791334615,299250,2,,single
1791334616,421660,0,,single
1791334617,3107770,7,,single
1791334619,1514840,6,,single
1791334620,675690,38,,single
1791334622,925440,0,,single
1791334623,306670,0,,single
1791334624,887450,1,,single
1791334626,487370,0,,single
1791334628,12640,2,,single
1791334629,242130,1,,single
1791334630,311480,0,,single
1791334632,959000,5,,single
1791334633,751820,1,,single
1791334635,687920,0,,single
1791334636,4800,1,,single
1791334638,573130,1,,single
1791334639,2538910,1,,single
1791334641,3281300,2,,single
1791334642,424250,4,,single
1791334644,1129570,3,,single
1791334645,2981590,2,,single
1791334646,346810,1,,single
1791334648,34820,0,,single
1791334649,3469850,8,,single
1791334651,699180,12,,single
1791334652,393980,0,,single
1791334654,2430690,4,,single
1791334655,908360,5,,single
1791334656,349500,0,,single
1791334658,386280,0,,single
1791334659,2055220,1,,single
1791334661,3072640,2,,single
1791334662,259390,0,,single
1791334664,1437840,47,,single
1791334665,604780,0,,single
1791334667,1147960,0,,single
1791334668,583090,1,,single
1791334670,837880,2,,single
1791334672,2084450,0,,single
1791334673,316930,0,,single
1791334674,1734070,0,,single
1791334676,65560,0,,single
1791334677,553960,0,,single
1791334679,897410,1,,single
1791334680,1450180,0,,single
1791334682,2300160,3,,single
1791334683,781030,81,,single
1791334685,46410,0,,single
1791334686,1059900,2,,single
1791334688,1413660,3,,single
1791334690,1759350,2,,single
1791334691,1114290,3,,single
1791334693,1093290,5,,single
1791334694,1952250,2,,single
1791334696,58550,0,,single
1791334697,1078280,0,,single
1791334699,1996630,8,,single
1791334700,300610,8,,single
1791334701,2061150,0,,single
1791334703,882020,4,,single
1791334704,516600,0,,single
1791334706,1251930,2,,single
1791334707,595740,2,,single
1791334709,1792820,1,,single
1791334710,1381440,9,,single
1791334712,754040,1,,single
1791334713,2712540,0,,single
1791334714,305940,0,,single
1791334716,395160,1,,single
1791334717,1167680,1,,single
1791334719,907760,0,,single
1791334720,251850,0,,single
1791334722,1202310,1,,single
1791334723,2644360,4,,single
1791334724,1184810,2,,single
1791334726,1171270,1,,single
1791334727,330460,0,,single
1791334729,895670,0,,single
1791334730,666330,0,,single
1791334732,568930,2,,single
1791334733,392580,0,,single
1791334735,1533680,8,,single
1791334736,2810,3,,single
1791334738,384500,0,,single
1791334739,2803280,2,,single
1791334740,2014380,22,,single
1791334742,3050220,31,,single
1791334743,289420,6,,single
1791334745,1962430,2,,single
1791334746,7010,0,,single
1791334747,411330,2,,single
1791334749,1956740,67,,single
1791334750,2729480,7,,single
1791334752,1325890,2,,single
1791334753,2625510,2,,single
1791334754,680380,0,,single
1791334756,397500,2,,single
1791334757,1490130,3,,single
1791334759,1231590,0,,single
1791334760,1140610,0,,single
1791334762,1611580,12,,single
1791334763,3288600,3,,single
1791334765,328590,0,,single
1791334766,319970,0,,single
1791334767,3098070,8,,single
1791334769,1211360,1,,single
1791334770,418300,1,,single
1791334772,3206200,0,,single
1791334773,642560,1,,single
1791334775,1325310,0,,single
1791334776,2455920,3,,single
1791334777,965310,16,,single
1791334779,2789810,13,,single
1791334780,790540,0,,single
1791334782,320760,0,,single
1791334783,516480,1,,single
1791334785,2243710,45,,single
1791334786,2152740,1,,single
1791334787,1363900,1,,single
1791334789,1921560,0,,single
1791334790,630720,1,,single
1791334792,2439710,0,,single
1791334793,569800,0,,single
1791334795,694130,31,,single
1791334796,673450,0,,single
1791334797,739540,0,,single
1791334799,2823890,9,,single
1791334800,363620,0,,single
1791334802,337360,0,,single
1791334803,1304340,3,,single
1791334804,2165620,2,,single
1791334806,426690,3,,single
1791334807,1094530,1,,single
1791334808,623840,0,,single
1791334810,336420,0,,single
1791334811,3088410,1,,single
1791334813,396800,3,,single
1791334815,489220,1,,single
1791334816,3345960,0,,single
1791334817,11040,4,,single
1791334819,912570,0,,single
1791334820,2894960,1,,single
1791334824,3428620,4,,single
1791334826,254370,0,,single
1791334828,412770,1,,single
1791334830,557810,0,,single
1791334831,1056490,0,,single
1791334833,290260,0,,single
1791334834,285480,1,,single
1791334835,2552440,256,,single
1791334837,253960,0,,single
1791334838,493720,0,,single
1791334840,1787480,0,,single
1791334841,1100150,13,,single
1791334842,1450120,13,,single
1791334844,656970,3,,single
1791334845,2870420,3,,single
1791334847,345200,3,,single
1791334848,251690,0,,single
1791334850,3444480,4,,single
1791334851,1116170,1,,single
1791334852,851110,6,,single
1791334854,707300,0,,single
1791334855,715310,18,,single
1791334857,417750,0,,single
1791334858,715670,52,,single
1791334859,3489670,2,,single
1791334861,317710,0,,single
1791334862,32620,2,,single
1791334864,1038300,8,,single
1791334865,382260,8,,single
1791334867,310700,0,,single
1791334868,522040,0,,single
1791334870,1412170,0,,single
1791334872,3107900,3,,single
1791334873,266390,0,,single
1791334875,581300,1,,single
1791334876,1164000,0,,single
1791334877,1733250,2,,single
1791334879,115210,9,,single
1791334880,1496590,4,,single
1791334882,689900,2,,single
1791334883,207020,0,,single
1791334885,948630,2,,single
1791334886,1232570,0,,single
1791334888,1591450,2,,single
1791334889,462990,4,,single
1791334891,1689640,0,,single
1791334892,2078040,1,,single
1791334894,1044980,2,,single
1791334896,1189100,5,,single
1791334897,1026110,0,,single
1791334898,1648190,2,,single
1791334900,343560,0,,single
1791334902,748040,9,,single
1791334903,1328530,0,,single
1791334904,1141100,0,,single
1791334906,259190,1,,single
1791334907,234160,1,,single
1791334909,409850,2,,single
1791334910,409890,4,,single
1791334912,2351860,5,,single
1791334913,2964280,1,,single
1791334914,552970,0,,single
1791334916,1585020,0,,single
1791334918,369000,1,,single
1791334919,1944250,6,,single
1791334921,865830,5,,single
1791334922,33620,0,,single
1791334923,1037190,1,,single
1791334925,1732750,1,,single
1791334927,331920,10,,single
1791334928,1945760,0,,single
1791334930,299050,1,,single
1791334931,3260,1,,single
1791334932,2916770,26,,single
1791334934,368640,1,,single
1791334935,2314820,1,,single
1791334937,315840,0,,single
1791334938,1810960,3,,single
1791334940,1271190,0,,single
1791334941,321950,0,,single
1791334943,27020,1,,single
1791334944,1642220,0,,single
1791334946,2103470,7,,single
1791334947,460850,0,,single
1791334949,1429740,0,,single
1791334950,991810,2,,single
1791334952,266170,0,,single
1791334953,2669150,1,,single
1791334955,450500,0,,single
1791334956,2243110,2,,single
1791334958,392470,15,,single
1791334959,423490,1,,single
1791334961,112100,5,,single
1791334962,2693940,0,,single
1791334963,2553050,0,,single
1791334965,2216770,3,,single
1791334966,351470,0,,single
1791334967,365660,0,,single
1791334969,485350,0,,single
1791334970,216090,0,,single
1791334972,61520,23,,single
1791334973,264690,0,,single
1791334975,319250,1,,single
1791334976,39560,0,,single
1791334978,1642790,1,,single
1791334979,717310,2,,single
1791334981,611040,2,,single
1791334982,1875280,0,,single
1791334984,1425760,0,,single
1791334985,2730530,0,,single
1791334987,2635350,1,,single
1791334988,782340,0,,single
1791334989,597840,7,,single
1791334991,1463780,0,,single
1791334993,522230,27,,single
1791334994,416000,2,,single
1791334995,1158470,15,,single
1791334997,2600570,1,,single
1791334998,269470,21,,single
1791335000,1187330,4,,single
1791335001,1691970,25,,single
1791335003,2081470,5,,single
1791335004,1710540,5,,single
1791335006,408650,0,,single
1791335007,239700,0,,single
1791335008,1477330,4,,single
1791335010,500670,0,,single
1791335011,319180,0,,single
1791335013,995050,1,,single
1791335014,1681840,5,,single
1791335016,2697560,4,,single
1791335017,583930,5,,single
1791335018,213030,0,,single
1791335020,242940,0,,single
1791335021,1269810,0,,single
1791335023,767490,3,,single
1791335024,567670,1,,single
1791335026,812550,0,,single
1791335027,1020800,0,,single
1791335029,259320,2,,single
1791335030,1520380,1,,single
1791335031,708340,0,,single
1791335033,1226530,0,,single
1791335034,1083600,14,,single
1791335036,619390,4,,single
1791335037,575050,0,,single
1791335039,1794780,9,,single
1791335040,2005210,1,,single
1791335042,2469200,0,,single
1791335043,1722840,48,,single
1791335045,529240,3,,single
1791335046,1549030,0,,single
1791335048,2914480,1,,single
1791335049,1648610,1,,single
1791335050,2141770,2,,single
1791335052,717790,0,,single
1791335053,1588560,1,,single
1791335055,1592170,0,,single
1791335056,115220,11,,single
1791335057,1120560,1,,single
1791335059,943980,2,,single
1791335060,1700300,0,,single
1791335062,2794770,2,,single
1791335063,404530,0,,single
1791335064,322130,13,,single
1791335066,2710,2,,single
1791335067,1062040,1,,single
1791335069,384310,5,,single
1791335070,1269150,1,,single
1791335071,257120,1,,single
1791335073,2026990,2,,single
1791335074,2279600,4,,single
1791335076,3010,0,,single
1791335078,265810,0,,single
1791335079,655730,0,,single
1791335080,253860,7,,single
1791335082,643200,0,,single
1791335083,1905020,0,,single
1791335085,2736020,0,,single
1791335086,46370,1,,single
1791335087,403950,1,,single
1791335089,2443630,6,,single
1791335090,357280,0,,single
1791335092,3027260,0,,single
1791335093,963330,1,,single
1791335095,3585310,0,,single
1791335096,301300,1,,single
1791335098,1147450,1,,single
1791335099,2382250,0,,single
1791335100,961620,2,,single
1791335102,431250,2,,single
1791335103,3193670,0,,single
1791335105,299260,0,,single
1791335106,1117160,0,,single
1791335108,2843640,25,,single
1791335109,445110,4,,single
1791335111,438130,0,,single
1791335112,848030,4,,single
1791335114,2193050,0,,single
1791335116,789100,46,,single
1791335117,3128740,1,,single
1791335119,307340,4,,single
1791335120,425670,1,,single
1791335122,2840250,1,,single
1791335123,3562530,1,,single
1791335127,3560,16,,single
1791335129,2071200,1,,single
1791335130,1287920,6,,single
1791335131,431710,3,,single
1791335133,402750,1,,single
1791335134,3242950,77,,single
1791335136,1732330,6,,single
1791335137,212050,0,,single
1791335138,1867510,2,,single
1791335140,304350,1,,single
1791335141,1733890,0,,single
1791335143,1572810,0,,single
1791335144,583270,0,,single
1791335146,457420,0,,single
1791335147,1681600,1,,single
1791335148,1291790,3,,single
1791335150,2492290,1,,single
1791335151,1132760,0,,single
1791335152,867400,3,,single
1791335154,1446330,0,,single
1791335155,32680,8,,single
1791335157,1546710,4,,single
1791335158,721030,15,,single
1791335160,62000,1,,single
1791335161,281280,1,,single
1791335162,1551530,12,,single
1791335164,2564880,1,,single
1791335165,1073820,0,,single
1791335167,541640,15,,single
1791335168,224000,0,,single
1791335170,282880,0,,single
1791335171,463980,2,,single
1791335173,726910,0,,single
1791335174,263320,0,,single
1791335175,2287970,7,,single
1791335177,390100,3,,single
1791335178,457010,0,,single
1791335180,1957990,3,,single
1791335181,330990,2,,single
1791335183,987230,0,,single
1791335184,2351330,0,,single
1791335186,676500,9,,single
1791335187,2719190,1,,single
1791335189,661430,0,,single
1791335190,914320,9,,single
1791335192,356450,0,,single
1791335193,787400,0,,single
1791335195,2991400,3,,single
1791335196,985950,4,,single
1791335198,1414430,0,,single
1791335200,3432160,0,,single
1791335201,469720,3,,single
1791335203,398840,0,,single
1791335204,2304620,8,,single
1791335205,458000,0,,single
1791335207,554600,0,,single
1791335208,265120,0,,single
1791335210,802450,2,,single
1791335211,2903160,1,,single
1791335213,428080,0,,single
1791335214,281200,0,,single
1791335215,698700,2,,single
1791335217,1502380,12,,single
1791335218,373970,1,,single
1791335220,1942440,2,,single
1791335221,2951840,2,,single
1791335222,416450,18,,single
1791335224,1116230,0,,single
1791335225,383460,0,,single
1791335226,289280,0,,single
1791335228,528460,5,,single
1791335229,463220,1,,single
1791335231,332260,6,,single
1791335232,313080,0,,single
1791335234,2050590,0,,single
1791335235,713530,0,,single
1791335237,1676380,0,,single
1791335238,338810,4,,single
1791335239,436290,1,,single
1791335241,8880,0,,single
1791335242,939990,1,,single
1791335244,1257200,2,,single
1791335245,586950,0,,single
1791335247,428180,9,,single
1791335248,253410,0,,single
1791335250,526540,0,,single
1791335251,750290,1,,single
1791335253,2966850,5,,single
1791335254,782570,1,,single
1791335255,1665130,8,,single
1791335257,237950,0,,single
1791335258,2409360,5,,single
1791335260,340580,0,,single
1791335261,1348390,11,,single
1791335262,643960,9,,single
1791335264,342620,0,,single
1791335265,1055210,0,,single
1791335267,1210800,0,,single
1791335268,287200,0,,single
1791335269,490840,0,,single
1791335271,1028350,1,,single
1791335272,3332640,0,,single
1791335274,263860,0,,single
1791335275,392080,2,,single
1791335277,725780,0,,single
1791335278,275570,2,,single
1791335280,1680000,16,,single
1791335281,703510,2,,single
1791335283,444490,0,,single
1791335284,200390,0,,single
1791335286,3597690,0,,single
1791335287,2839450,0,,single
1791335288,354680,0,,single
1791335290,948880,0,,single
1791335291,316600,0,,single
1791335293,211580,0,,single
1791335294,2376540,0,,single
1791335296,826230,0,,single
1791335297,33530,2,,single
1791335298,664750,0,,single
1791335300,1939100,1,,single
1791335301,428950,0,,single
1791335303,1078330,1,,single
1791335304,520850,0,,single
1791335305,1586700,4,,single
1791335307,2000770,1,,single
1791335308,2304440,9,,single
1791335310,809540,2,,single
1791335311,689980,2,,single
1791335313,2904290,4,,single
1791335314,1019450,0,,single
1791335316,227020,0,,single
1791335317,349270,0,,single
1791335318,329460,0,,single
1791335320,1797680,1,,single
1791335321,24480,2,,single
1791335323,1374580,0,,single
1791335324,1381530,0,,single
1791335325,539270,30,,single
1791335327,1098610,1,,single
1791335328,2722270,1,,single
1791335330,658600,1,,single
1791335331,691730,3,,single
1791335333,215710,5,,single
1791335334,594220,2,,single
1791335335,277870,0,,single
1791335337,241000,2,,single
1791335338,2686580,0,,single
1791335340,32630,2,,single
1791335341,299660,0,,single
1791335343,1933370,2,,single
1791335344,429610,0,,single
1791335346,945460,0,,single
1791335347,1646580,2,,single
1791335349,354860,0,,single
1791335350,3446150,7,,single
1791335352,892760,1,,single
1791335353,1693040,0,,single
1791335355,12520,1,,single
1791335356,2741360,1,,single
1791335358,1077970,0,,single
1791335360,361850,2,,single
1791335361,1536080,9,,single
1791335362,496550,0,,single
1791335364,2116510,1,,single
1791335365,556050,2,,single
1791335367,2295970,2,,single
1791335368,983150,0,,single
1791335370,839870,5,,single
1791335371,1028590,5,,single
1791335373,2602030,10,,single
1791335374,1837330,1,,single
1791335376,618510,0,,single
1791335377,289180,2,,single
1791335378,1341490,2,,single
1791335380,397040,3,,single
1791335381,1114430,1,,single
1791335383,3074020,0,,single
1791335384,11130,0,,single
1791335386,448440,0,,single
1791335387,1299620,1,,single
1791335388,1112830,5,,single
1791335390,1621990,0,,single
1791335391,490230,1,,single
1791335393,1174460,6,,single
1791335394,463170,0,,single
1791335395,1921980,2,,single
1791335397,769920,7,,single
1791335398,1709050,1,,single
1791335400,433000,1,,single
1791335401,570980,0,,single
1791335403,1493300,1,,single
1791335404,971160,1,,single
1791335405,444480,4,,single
1791335407,586750,0,,single
1791335408,446380,1,,single
1791335410,742520,0,,single
1791335411,70660,0,,single
1791335412,1335940,1,,single
1791335414,381100,1,,single
1791335416,9500,4,,single
1791335417,647570,0,,single
1791335419,1512480,5,,single
1791335420,844330,0,,single
1791335422,2936180,1,,single
1791335423,890970,2,,single
1791335424,777590,1,,single
1791335426,2933180,0,,single
1791335427,1135260,0,,single
1791335429,550340,5,,single
1791335430,501990,1,,single
1791335432,1112930,3,,single
1791335433,370870,1,,single
1791335435,2348090,1,,single
1791335436,1301950,0,,single
1791335438,1068360,1,,single
1791335439,1331910,2,,single
1791335441,3313310,9,,single
1791335442,387930,0,,single
1791335444,2118250,2,,single
1791335445,1912750,5,,single
1791335446,827640,0,,single
1791335448,2543050,1,,single
1791335449,555750,0,,single
1791335451,671390,0,,single
1791335452,3335120,20,,single
1791335454,2154650,0,,single
1791335455,678560,1,,single
1791335457,1220930,1,,single
1791335458,860860,0,,single
1791335459,1266220,2,,single
1791335461,283270,2,,single
1791335462,1483780,1,,single
1791335464,3288180,2,,single
1791335465,351870,0,,single
1791335466,1258710,0,,single
1791335468,1961520,2,,single
1791335469,1925320,3,,single
1791335471,2657310,0,,single
1791335472,3001730,0,,single
1791335474,1769320,1,,single
1791335475,2876250,0,,single
1791335476,2392280,2,,single
1791335478,541370,0,,single
1791335479,2198680,0,,single
1791335481,1067860,1,,single
1791335482,336440,1,,single
1791335484,881560,0,,single
1791335485,1412850,4,,single
1791335487,1109840,2,,single
1791335488,2492390,11,,single
1791335489,247350,1,,single
1791335491,1605320,4,,single
1791335492,1296560,0,,single
1791335494,1098170,0,,single
1791335495,1082970,7,,single
1791335497,3521320,1,,single
1791335498,211180,0,,single
1791335499,1386040,9,,single
1791335501,2701700,6,,single
1791335502,1671280,0,,single
1791335504,2119940,0,,single
1791335505,848050,10,,single
1791335506,2737980,2,,single
1791335508,280560,1,,single
1791335509,422920,26,,single
1791335511,388420,0,,single
1791335512,331650,0,,single
1791335513,2356460,0,,single
1791335515,454890,4,,single
1791335516,1247100,0,,single
1791335517,2430900,2,,single
1791335519,1481780,3,,single
1791335521,2078350,24,,single
1791335522,1730260,8,,single
1791335524,23400,2,,single
1791335525,1847150,0,,single
1791335526,565720,0,,single
1791335528,904540,5,,single
1791335529,95900,1,,single
1791335531,1771180,3,,single
1791335532,1596730,2,,single
1791335534,259130,2,,single
1791335535,2648050,4,,single
1791335536,2781750,0,,single
1791335538,2403340,0,,single
1791335539,1659800,0,,single
1791335540,725330,0,,single
1791335542,342610,1,,single
1791335544,990920,0,,single
1791335545,3018830,0,,single
1791335546,1690,13,,single
1791335548,1823390,5,,single
1791335549,263700,0,,single
1791335551,269370,0,,single
1791335552,703180,2,,single
1791335554,414720,0,,single
1791335555,502090,1,,single
1791335557,1480830,3,,single
1791335558,1738610,3,,single
1791335559,1788100,2,,single
1791335561,2512930,0,,single
1791335562,542400,0,,single
1791335564,485870,1,,single
1791335565,777770,0,,single
1791335567,1570760,0,,single
1791335568,2947220,0,,single
1791335570,968370,0,,single
1791335571,827290,1,,single
1791335572,337070,4,,single
1791335574,434020,0,,single
1791335575,257670,0,,single
1791335577,1627870,1,,single
1791335578,496640,1,,single
1791335579,687750,2,,single
1791335581,1918970,0,,single
1791335582,1949770,27,,single
1791335584,2197680,3,,single
1791335585,3340810,1,,single
1791335587,1214670,0,,single
1791335588,1889620,57,,single
1791335589,2116850,1,,single
1791335591,1698220,1,,single
1791335592,2062550,0,,single
1791335594,1443430,0,,single
1791335595,202130,0,,single
1791335596,1484960,0,,single
1791335598,3215660,0,,single
1791335599,1215270,0,,single
1791335600,2242100,6,,single
1791335602,17100,1,,single
1791335603,80200,0,,single
1791335605,265950,0,,single
1791335606,525920,8,,single
1791335608,255340,0,,single
1791335609,2598020,1,,single
1791335610,1278360,0,,single
1791335612,3324320,1,,single
1791335613,1566450,0,,single
1791335615,1083870,0,,single
1791335616,319320,0,,single
1791335617,524010,0,,single
1791335619,437000,5,,single
1791335620,1802330,0,,single
1791335622,344480,1,,single
1791335623,270010,0,,single
1791335624,1454010,0,,single
1791335626,542350,0,,single
1791335627,446120,0,,single
1791335629,2202590,3,,single
1791335630,1563700,0,,single
1791335632,1448600,3,,single
1791335633,2118130,0,,single
1791335634,2182630,3,,single
1791335636,3116640,0,,single
1791335638,1724440,3,,single
1791335639,8100,1,,single
1791335641,813700,0,,single
1791335642,1209000,0,,single
1791335644,541660,5,,single
1791335645,547050,3,,single
1791335647,1299510,14,,single
1791335648,343740,0,,single
1791335650,2474030,0,,single
1791335651,1588380,0,,single
1791335652,337490,0,,single
1791335654,365900,1,,single
1791335655,2462520,9,,single
1791335657,513340,1,,single
1791335658,623090,7,,single
1791335660,1796200,0,,single
1791335661,3432500,0,,single
1791335662,812160,1,,single
1791335664,2825300,2,,single
1791335665,2852770,4,,single
1791335667,453750,0,,single
1791335668,1103730,0,,single
1791335670,1691560,0,,single
1791335671,530120,0,,single
1791335673,853500,0,,single
1791335674,925470,0,,single
1791335675,2969380,0,,single
1791335677,949970,0,,single
1791335678,1000440,0,,single
1791335680,437250,1,,single
1791335681,394680,1,,single
1791335683,304580,1,,single
1791335684,2530430,2,,single
1791335686,242530,1,,single
1791335687,1416730,0,,single
1791335689,277110,1,,single
1791335690,2761510,0,,single
1791335691,456430,3,,single
1791335693,622770,0,,single
1791335695,1337920,1,,single
1791335696,977390,0,,single
1791335697,2769070,0,,single
1791335699,2460980,0,,single
1791335700,2179300,1,,single
1791335702,683830,1,,single
1791335703,626510,0,,single
1791335705,1096930,20,,single
1791335706,1813860,8,,single
1791335707,378800,0,,single
1791335709,1665260,1,,single
1791335710,715050,0,,single
1791335712,883080,0,,single
1791335713,2479840,3,,single
1791335714,3141720,3,,single
1791335720,2077380,1,,single
1791335721,395620,0,,single
1791335723,645690,1,,single
1791335726,539400,2,,single
1791335728,675170,1,,single
1791335730,2450400,3,,single
1791335731,406850,0,,single
1791335733,1229030,0,,single
1791335734,25860,0,,single
1791335736,2404170,1,,single
1791335737,63800,0,,single
1791335738,704230,7,,single
1791335740,349320,0,,single
1791335741,363610,2,,single
1791335743,297760,2,,single
1791335745,415150,0,,single
1791335746,2079950,0,,single
1791335747,546220,1,,single
1791335749,1524750,0,,single
1791335750,229950,2,,single
1791335752,2179440,3,,single
1791335753,1271100,0,,single
1791335755,2948640,5,,single
1791335756,1919470,2,,single
1791335758,576030,1,,single
1791335760,1037910,0,,single
1791335761,451570,1,,single
1791335763,2941350,0,,single
1791335764,730050,1,,single
1791335765,2800900,3,,single
1791335767,502400,0,,single
1791335768,3058140,0,,single
1791335770,1520270,0,,single
1791335771,754810,0,,single
1791335773,348950,0,,single
1791335774,355630,0,,single
1791335776,1984190,1,,single
1791335777,344440,3,,single
1791335779,672730,0,,single
1791335780,286200,0,,single
1791335782,2312520,4,,single
1791335783,2630080,8,,single
1791335784,2252960,1,,single
1791335786,843660,211,,single
1791335787,2427950,1,,single
1791335789,1065020,0,,single
1791335790,1585910,1,,single
1791335792,556870,1,,single
1791335793,485650,2,,single
1791335794,459010,0,,single
1791335796,697650,1,,single
1791335797,2431880,52,,single
1791335798,866190,0,,single
1791335800,2118370,0,,single
1791335801,1101930,0,,single
1791335803,634340,0,,single
1791335804,46550,0,,single
1791335806,589320,0,,single
1791335807,874400,1,,single
1791335808,439910,0,,single
1791335810,1747050,6,,single
1791335811,1192010,3,,single
1791335813,551450,0,,single
1791335814,2783610,0,,single
1791335816,469890,0,,single
1791335817,1078200,2,,single
1791335819,259870,0,,single
1791335820,307590,0,,single
1791335822,2794610,7,,single
1791335823,1629830,7,,single
1791335824,355530,0,,single
1791335826,2013900,0,,single
1791335827,2178480,497,,single
1791335829,643820,0,,single
1791335830,322850,3,,single
1791335831,882410,1,,single
1791335833,1671360,2,,single
1791335835,1986880,1,,single
1791335836,294000,1,,single
1791335838,956140,0,,single
1791335839,575480,3,,single
1791335841,356420,0,,single
1791335842,337480,0,,single
1791335843,410970,79,,single
1791335845,492500,0,,single
1791335847,102850,0,,single
1791335848,772070,0,,single
1791335850,688740,0,,single
1791335851,237370,2,,single
1791335852,831050,0,,single
1791335854,2491640,0,,single
1791335855,421810,1,,single
1791335857,1193760,0,,single
1791335858,612370,0,,single
1791335860,31830,17,,single
1791335861,292800,7,,single
1791335862,416790,0,,single
1791335864,549080,2,,single
1791335865,314320,0,,single
1791335867,1419370,1,,single
1791335868,398450,0,,single
1791335870,1103100,1,,single
1791335871,2332240,3,,single
1791335873,2795270,1,,single
1791335874,843890,0,,single
1791335875,1450090,7,,single
1791335877,222660,0,,single
1791335878,777880,0,,single
1791335880,1259510,0,,single
1791335881,1696220,1,,single
1791335883,1906020,1,,single
1791335884,573170,1,,single
1791335886,992490,0,,single
1791335887,405610,0,,single
1791335889,1835810,1,,single
1791335890,3330280,204,,single
1791335891,1413960,0,,single
1791335893,710030,1,,single
1791335894,443360,0,,single
1791335896,1934800,0,,single
1791335897,2408680,1,,single
1791335899,2078510,2,,single
1791335900,1882040,2,,single
1791335902,949200,1,,single
1791335903,1631210,0,,single
1791335904,1071290,0,,single
1791335906,46770,14,,single
1791335907,461010,0,,single
1791335909,921700,93,,single
1791335910,412520,0,,single
1791335912,461700,1,,single
1791335913,2347940,2,,single
1791335915,3311560,0,,single
1791335916,1926590,13,,single
1791335918,305980,0,,single
1791335919,893020,0,,single
1791335921,1437500,0,,single
1791335922,867180,0,,single
1791335923,339160,0,,single
1791335925,651490,0,,single
1791335926,1556490,0,,single
1791335928,546980,0,,single
1791335929,437420,1,,single
1791335931,801290,0,,single
1791335932,1198850,0,,single
1791335933,331190,1,,single
1791335935,281450,3,,single
1791335936,1277130,2,,single
1791335938,557260,0,,single
1791335939,1931940,1,,single
1791335941,1131920,12,,single
1791335942,316890,0,,single
1791335943,2224610,0,,single
1791335945,10110,3,,single
1791335946,1580800,9,,single
1791335948,1620720,0,,single
1791335949,1148560,2,,single
1791335951,631980,0,,single
1791335952,200080,12,,single
1791335953,1788850,0,,single
1791335955,394280,0,,single
1791335956,1055990,0,,single
1791335958,664000,0,,single
1791335959,2577760,4,,single
1791335961,1249060,0,,single
1791335962,1771360,1,,single
1791335963,1543710,3,,single
1791335965,424000,0,,single
1791335966,563360,0,,single
1791335968,288370,1,,single
1791335969,1162280,1,,single
1791335971,290970,0,,single
1791335972,42850,14,,single
1791335974,1195560,1,,single
1791335975,1392340,1,,single
1791335977,227760,1,,single
1791335978,1895810,1,,single
1791335980,2083800,0,,single
1791335981,696360,0,,single
1791335983,2329130,1,,single
1791335984,402390,0,,single
1791335985,1733170,0,,single
1791335987,476540,0,,single
1791335988,786580,2,,single
1791335990,1913420,3,,single
1791335991,1775550,56,,single
1791335993,2002570,2,,single
1791335994,1233800,0,,single
1791335995,513330,0,,single
1791335997,445770,5,,single
1791335998,377520,6,,single
1791336000,432980,0,,single
1791336001,933450,0,,single
1791336003,1958600,0,,single
1791336004,453720,0,,single
1791336005,456810,0,,single
1791336007,289400,0,,single
1791336008,2473640,1,,single
1791336010,1174720,0,,single
1791336011,298560,0,,single
1791336013,1978330,1,,single
1791336015,1068640,0,,single
1791336016,965590,9,,single
1791336018,775580,0,,single
1791336019,315550,0,,single
1791336021,1523650,2,,single
1791336022,458480,1,,single
1791336024,1575710,3,,single
1791336025,1113030,1,,single
1791336028,915230,1,,single
1791336029,908050,0,,single
1791336030,340320,0,,single
1791336032,1542280,3,,single
1791336033,1018000,0,,single
1791336035,480450,0,,single
1791336036,1212410,1,,single
1791336038,739130,1,,single
1791336039,882250,2,,single
1791336041,2743850,2,,single
1791336042,887400,0,,single
1791336044,1815230,2,,single
1791336045,332490,3,,single
1791336046,1822240,1,,single
1791336048,2375780,284,,single
1791336049,431810,0,,single
1791336051,61510,9,,single
1791336052,1250440,0,,single
1791336053,2280540,0,,single
1791336055,1365750,0,,single
1791336056,2948790,1,,single
1791336058,611120,1,,single
1791336059,504390,8,,single
1791336060,1028860,13,,single
1791336062,628290,4,,single
1791336063,1095120,0,,single
1791336065,1461920,8,,single
1791336066,1386650,1,,single
1791336068,1177130,0,,single
1791336069,493080,0,,single
1791336070,614950,0,,single
1791336072,804730,0,,single
1791336073,343090,1,,single
1791336075,542590,10,,single
1791336077,1737690,9,,single
1791336078,1088770,1,,single
1791336079,513890,0,,single
1791336081,686900,4,,single
1791336082,1435010,2,,single
1791336084,260930,1,,single
1791336085,2531950,0,,single
1791336087,605990,0,,single
1791336089,1557420,1,,single
1791336090,1617030,0,,single
1791336092,352010,0,,single
1791336093,1256530,0,,single
1791336094,2359470,31,,single
1791336096,377310,2,,single
1791336097,1168690,1,,single
1791336098,730430,2,,single
1791336100,2497560,0,,single
1791336102,1495860,8,,single
1791336103,2572560,2,,single
1791336104,3245050,5,,single
1791336106,46290,0,,single
1791336107,1682410,0,,single
1791336109,2196980,3,,single
1791336110,440740,0,,single
1791336112,312630,0,,single
1791336113,658590,0,,single
1791336114,1459960,1,,single
1791336116,785840,0,,single
1791336117,61730,0,,single
1791336119,1399240,0,,single
1791336120,828150,0,,single
1791336122,532320,5,,single
1791336124,1005120,1,,single
1791336125,2428840,0,,single
1791336126,611750,0,,single
1791336128,702110,0,,single
1791336129,868150,1,,single
1791336131,558450,0,,single
1791336132,368080,0,,single
1791336134,841350,0,,single
1791336135,2722360,6,,single
1791336137,473520,1,,single
1791336138,1155880,2,,single
1791336139,527760,2,,single
1791336141,361320,2,,single
1791336142,1055010,7,,single
1791336144,1740850,1,,single
1791336145,3110010,0,,single
1791336147,22500,7,,single
1791336148,230330,31,,single
1791336150,1501410,0,,single
1791336151,916900,0,,single
1791336152,1251300,0,,single
1791336154,1492730,13,,single
1791336155,2935840,3,,single
1791336156,294670,13,,single
1791336158,687540,4,,single
1791336159,1097100,1,,single
1791336161,283390,0,,single
1791336162,782660,13,,single
1791336164,1016770,0,,single
1791336165,375320,0,,single
1791336167,2508890,1,,single
1791336168,363950,0,,single
1791336170,545410,1,,single
1791336171,1385780,0,,single
1791336173,556860,1,,single
1791336174,2494720,1,,single
1791336176,2400280,19,,single
1791336177,715580,1,,single
1791336179,515470,0,,single
1791336180,1348920,1,,single
1791336182,488660,0,,single
1791336183,42140,0,,single
1791336184,1833040,0,,single
1791336186,2406180,0,,single
1791336187,1450250,0,,single
1791336189,373480,1,,single
1791336190,2003050,2,,single
1791336192,1095040,1,,single
1791336193,1042920,1,,single
1791336195,360970,0,,single
1791336196,4900,8,,single
1791336198,1630590,4,,single
1791336199,1516400,1,,single
1791336200,2787300,0,,single
1791336202,440520,1,,single
1791336203,660920,0,,single
1791336205,852340,1,,single
1791336206,1115450,0,,single
1791336208,1237610,1,,single
1791336209,485950,1,,single
1791336211,313810,0,,single
1791336212,1349600,0,,single
1791336214,1459010,1,,single
1791336215,427780,0,,single
1791336217,286280,2,,single
1791336218,1783680,0,,single
1791336219,205690,0,,single
1791336221,505060,0,,single
1791336222,631830,0,,single
1791336224,1151740,0,,single
1791336225,1449430,0,,single
1791336226,1466230,0,,single
1791336228,491220,0,,single
1791336229,292780,8,,single
1791336231,2707040,0,,single
1791336232,1516750,1,,single
1791336234,576810,0,,single
1791336235,989790,1,,single
1791336237,1627890,0,,single
1791336238,1106940,0,,single
1791336240,864300,2,,single
1791336241,2412490,0,,single
1791336243,12690,2,,single
1791336244,441280,0,,single
1791336246,2153770,23,,single
1791336247,2010370,0,,single
1791336249,324760,0,,single
1791336250,371510,0,,single
1791336252,1861440,1,,single
1791336253,1054950,0,,single
1791336255,926310,0,,single
1791336256,1668080,2,,single
1791336258,11050,2,,single
1791336259,742480,0,,single
1791336261,857350,3,,single
1791336262,1791910,0,,single
1791336263,2488340,19,,single
1791336265,1010850,1,,single
1791336266,603020,1,,single
1791336268,1025070,0,,single
1791336269,830980,2,,single
1791336271,1689350,2,,single
1791336272,338120,0,,single
1791336274,1742610,0,,single
1791336275,209690,5,,single
1791336276,428340,3,,single
1791336278,935070,0,,single
1791336279,1585700,0,,single
1791336281,1395850,1,,single
1791336282,420660,0,,single
1791336284,1410830,0,,single
1791336285,1469620,1,,single
1791336286,1520760,0,,single
1791336288,2260530,0,,single
1791336289,397720,3,,single
1791336291,834150,1,,single
1791336292,1122100,0,,single
1791336294,1120370,2,,single
1791336296,1917550,1,,single
1791336297,2176900,0,,single
1791336299,1151250,0,,single
1791336300,363090,90,,single
1791336302,1300600,0,,single
1791336303,452860,2,,single
1791336305,544310,1,,single
1791336306,392410,1,,single
1791336308,550670,0,,single
1791336309,407600,1,,single
1791336311,332580,0,,single
1791336312,1811740,0,,single
1791336313,350700,0,,single
1791336315,2259210,1,,single
1791336316,2754170,0,,single
1791336318,1179560,0,,single
1791336319,478960,1,,single
1791336320,372930,0,,single
1791336322,496750,0,,single
1791336323,1793030,39,,single
1791336325,602430,0,,single
1791336327,573770,0,,single
1791336329,1322650,2,,single
1791336330,2276420,0,,single
1791336332,233210,0,,single
1791336333,1708190,0,,single
1791336334,999660,1,,single
1791336336,1787790,0,,single
1791336337,577460,0,,single
1791336338,559960,0,,single
1791336340,2449430,2,,single
1791336341,8790,0,,single
1791336342,461880,0,,single
1791336344,584100,1,,single
1791336345,555640,2,,single
1791336347,701870,2,,single
1791336348,536750,2,,single
1791336349,1131900,0,,single
1791336351,3134550,0,,single
1791336352,606370,9,,single
1791336354,1262060,1,,single
1791336355,541930,0,,single
1791336357,341020,1,,single
1791336358,369030,0,,single
1791336359,799500,0,,single
1791336361,1819160,0,,single
1791336362,375010,0,,single
1791336364,307570,1,,single
1791336365,907210,0,,single
1791336366,994020,1,,single
1791336368,912450,3,,single
1791336369,741250,2,,single
1791336371,3122990,0,,single
1791336372,910450,1,,single
1791336373,1234400,3,,single
1791336375,2166140,4,,single
1791336376,568720,0,,single
1791336378,8330,0,,single
1791336379,2146570,1,,single
1791336380,3043740,1,,single
1791336382,959860,0,,single
1791336383,2158650,1,,single
1791336385,373750,0,,single
1791336386,504920,0,,single
1791336387,2189640,0,,single
1791336389,1080010,3,,single
1791336390,347000,0,,single
1791336392,2487390,2,,single
1791336393,962630,0,,single
1791336395,252750,0,,single
1791336396,338530,4,,single
1791336397,1306970,0,,single
1791336399,1907900,0,,single
1791336400,383330,1,,single
1791336402,6400,1,,single
1791336404,2786100,0,,single
1791336405,1991300,0,,single
1791336406,251910,0,,single
1791336408,946010,2,,single
1791336409,490860,1,,single
1791336411,1886830,0,,single
1791336412,568750,0,,single
1791336414,1015730,4,,single
1791336416,303720,0,,single
1791336417,1347450,0,,single
1791336419,1054340,1,,single
1791336420,1399750,4,,single
1791336422,1383770,1,,single
1791336423,2310160,0,,single
1791336424,2918410,1,,single
1791336426,1229880,0,,single
1791336427,1593780,2,,single
1791336429,523160,0,,single
1791336430,1309820,0,,single
1791336432,586970,0,,single
1791336433,1444920,1,,single
1791336434,15240,6,,single
1791336436,344190,0,,single
1791336437,1502230,0,,single
1791336439,444160,0,,single
1791336440,1546090,6,,single
1791336441,273620,0,,single
1791336443,1586290,0,,single
1791336446,925460,0,,single
1791336448,2564860,2,,single
1791336449,964040,11,,single
1791336451,346500,2,,single
1791336452,287900,1,,single
1791336456,399520,0,,single
1791336457,1453790,0,,single
1791336459,566530,0,,single
1791336460,468070,5,,single
1791336462,1121780,1,,single
1791336463,1587710,1,,single
1791336465,302130,1,,single
1791336466,403700,0,,single
1791336467,424780,8,,single
1791336469,452420,0,,single
1791336471,2220870,2,,single
1791336472,2936030,6,,single
1791336474,375520,0,,single
1791336475,764230,3,,single
1791336476,2304640,2,,single
1791336478,1082930,1,,single
1791336479,1481440,1,,single
1791336481,2655580,2,,single
1791336482,658780,0,,single
1791336484,2941580,32,,single
1791336485,1659210,1,,single
1791336486,1600500,4,,single
1791336488,686440,0,,single
1791336489,821670,3,,single
1791336491,4520,3,,single
1791336492,402890,0,,single
1791336493,949600,0,,single
1791336495,2490790,1,,single
1791336496,1650550,0,,single
1791336498,930620,0,,single
1791336499,451920,1,,single
1791336500,376920,1,,single
1791336502,760330,0,,single
1791336503,877850,3,,single
1791336505,851280,0,,single
1791336507,1122690,1,,single
1791336508,32770,5,,single
1791336509,1426120,0,,single
1791336511,761700,1,,single
1791336512,606960,0,,single
1791336514,2171280,23,,single
1791336515,1862840,1,,single
1791336517,977810,2,,single
1791336518,485900,0,,single
1791336520,754350,1,,single
1791336521,373240,0,,single
1791336522,335830,0,,single
1791336524,244410,1,,single
1791336525,545600,0,,single
1791336526,681240,1,,single
1791336528,1369770,0,,single
1791336529,290000,0,,single
1791336531,1330890,2,,single
1791336532,447170,0,,single
1791336534,2109640,3,,single
1791336535,1448000,0,,single
1791336536,443970,0,,single
1791336538,460160,0,,single
1791336539,1318790,0,,single
1791336540,334190,0,,single
1791336542,1109360,0,,single
1791336543,413680,0,,single
1791336545,317320,0,,single
1791336546,658160,1,,single
1791336547,254840,3,,single
1791336549,1576280,0,,single
1791336550,285090,0,,single
1791336551,936190,3,,single
1791336553,490910,1,,single
1791336554,1257170,1,,single
1791336556,555050,0,,single
1791336557,362400,0,,single
1791336558,1184840,5,,single
1791336560,465720,0,,single
1791336561,2054740,3,,single
1791336562,1748230,0,,single
1791336564,831570,0,,single
1791336565,2342980,0,,single
1791336567,404690,0,,single
1791336568,562430,0,,single
1791336570,1200110,0,,single
1791336571,33950,0,,single
1791336572,18050,0,,single
1791336574,1376910,0,,single
1791336575,673190,0,,single
1791336577,952200,0,,single
1791336578,386080,0,,single
1791336579,389870,2,,single
1791336581,490930,1,,single
1791336582,924650,0,,single
1791336584,444280,1,,single
1791336585,1266100,5,,single
1791336586,423550,0,,single
1791336588,9710,1,,single
1791336589,2249830,0,,single
1791336591,1425730,2,,single
1791336592,1091010,9,,single
1791336593,881040,0,,single
1791336595,341540,1,,single
1791336596,1192810,0,,single
1791336597,447190,2,,single
1791336599,710600,0,,single
1791336600,1093320,0,,single
1791336602,339210,0,,single
1791336603,926860,1,,single
1791336604,772290,2,,single
1791336606,685400,0,,single
1791336608,537520,0,,single
1791336609,777240,0,,single
1791336610,1228560,0,,single
1791336612,551370,3,,single
1791336613,263460,1,,single
1791336616,1460540,1,,single
1791336617,304690,7,,single
1791336618,324090,0,,single
1791336620,586310,0,,single
1791336621,1253610,41,,single
1791336623,2018640,1,,single
1791336626,1021800,0,,single
1791336628,1899810,0,,single
1791336630,1092530,0,,single
1791336631,277520,0,,single
1791336633,1276810,0,,single
1791336634,1198040,0,,single
1791336635,751500,0,,single
1791336637,458660,0,,single
1791336638,594050,0,,single
1791336640,287840,0,,single
1791336641,875800,3,,single
1791336643,2094250,0,,single
1791336644,946660,1,,single
1791336645,1211110,0,,single
1791336647,329650,0,,single
1791336648,1550760,2,,single
1791336650,950050,0,,single
1791336651,1124080,1,,single
1791336653,606330,0,,single
1791336654,2055410,1,,single
1791336656,527990,0,,single
1791336657,541920,1,,single
1791336658,288220,0,,single
1791336660,895420,0,,single
1791336661,2254910,0,,single
1791336663,1430970,6,,single
1791336664,323780,0,,single
1791336665,690980,0,,single
1791336667,684270,0,,single
1791336668,652810,3,,single
1791336670,1393270,0,,single
1791336671,1015940,0,,single
1791336672,2105660,0,,single
1791336674,392970,1,,single
1791336675,1750710,1,,single
1791336677,381870,0,,single
1791336678,1582290,0,,single
1791336680,1033410,4,,single
1791336681,1610,13,,single
1791336682,289840,1,,single
1791336684,451980,0,,single
1791336685,1328900,0,,single
1791336686,1524550,1,,single
1791336688,1933990,5,,single
1791336689,675940,0,,single
1791336691,2444350,0,,single
1791336692,46340,0,,single
1791336694,1770400,1,,single
1791336695,1871510,0,,single
1791336696,1075400,0,,single
1791336698,536780,1,,single
1791336699,1167170,0,,single
1791336701,1674640,0,,single
1791336702,1236780,5,,single
1791336704,649790,0,,single
1791336705,415840,0,,single
1791336706,1299480,0,,single
1791336708,1305310,2,,single
1791336709,1385950,0,,single
1791336710,345540,0,,single
1791336712,338130,1,,single
1791336713,2103640,0,,single
1791336715,342190,1,,single
1791336716,39640,0,,single
1791336717,527150,0,,single
1791336719,1091320,1,,single
1791336720,1960110,3,,single
1791336722,1013220,4,,single
1791336723,833140,2,,single
1791336724,747920,30,,single
1791336726,11550,1,,single
1791336727,787110,0,,single
1791336728,819190,1,,single
1791336730,464850,0,,single
1791336731,2304030,13,,single
1791336733,741150,10,,single
1791336734,929270,7,,single
1791336735,386990,0,,single
1791336737,1508740,1,,single
1791336738,1273480,0,,single
1791336739,283310,0,,single
1791336741,1542110,0,,single
1791336742,1243130,2,,single
1791336744,1147130,0,,single
1791336745,749840,2,,single
1791336746,953840,0,,single
1791336748,362090,0,,single
1791336749,1165860,9,,single
1791336750,528250,1,,single
1791336752,364210,1,,single
1791336753,453910,0,,single
1791336755,369830,4,,single
1791336756,375180,0,,single
1791336757,2320910,0,,single
1791336759,1414020,2,,single
1791336760,589670,0,,single
1791336761,1781350,3,,single
1791336763,358830,0,,single
1791336764,502140,1,,single
1791336766,2013300,1,,single
1791336767,251410,0,,single
1791336768,1727000,0,,single
1791336770,1546100,0,,single
1791336771,2422090,17,,single
1791336773,2490160,0,,single
1791336774,619210,0,,single
1791336775,1779560,0,,single
1791336777,346140,8,,single
1791336778,46750,3,,single
1791336779,266030,0,,single
1791336781,431840,0,,single
1791336782,1669360,0,,single
1791336784,857320,36,,single
1791336785,1225070,3,,single
1791336786,450700,0,,single
1791336788,1427210,0,,single
1791336789,2251620,0,,single
1791336791,18070,0,,single
1791336792,668980,0,,single
1791336793,396090,0,,single
1791336795,1147330,0,,single
1791336796,1859490,1,,single
1791336797,653220,1,,single
1791336799,202670,6,,single
1791336800,1923680,2,,single
1791336802,1704080,0,,single
1791336803,788420,7,,single
1791336804,1202970,1,,single
1791336806,791150,0,,single
1791336807,42980,5,,single
1791336809,50000,0,,single
1791336810,1247110,0,,single
1791336811,2099790,2,,single
1791336813,428190,0,,single
1791336814,502570,36,,single
1791336816,1156590,3,,single
1791336817,1356180,12,,single
1791336819,522090,1,,single
1791336820,1009450,0,,single
1791336821,304910,2,,single
1791336823,1567000,0,,single
1791336824,25910,7,,single
1791336825,558790,0,,single
1791336827,346040,0,,single
1791336828,286830,0,,single
1791336830,1054580,5,,single
1791336831,1308500,1,,single
1791336833,1280370,0,,single
1791336834,330720,1,,single
1791336836,392260,0,,single
1791336837,1522950,0,,single
1791336839,2169830,0,,single
1791336840,1081670,0,,single
1791336841,1119570,1,,single
1791336843,328470,0,,single
1791336844,1748750,1,,single
1791336845,253350,0,,single
1791336847,2063420,6,,single
1791336848,395900,4,,single
1791336850,689070,0,,single
1791336851,1125110,0,,single
1791336852,446040,0,,single
1791336854,1182830,0,,single
1791336855,1277500,0,,single
1791336856,104000,2,,single
1791336858,1073810,0,,single
1791336859,1406020,1,,single
1791336861,276340,2,,single
1791336862,1890520,0,,single
1791336863,368160,0,,single
1791336865,1597400,0,,single
1791336866,1306570,0,,single
1791336868,838410,7,,single
1791336869,903040,16,,single
1791336870,2516360,4,,single
1791336872,293880,0,,single
1791336873,1272070,0,,single
1791336875,1442160,0,,single
1791336876,976500,1,,single
1791336877,587810,1,,single
1791336879,449940,0,,single
1791336880,1079000,0,,single
1791336882,737870,2,,single
1791336883,734330,3,,single
1791336885,1872550,0,,single
1791336886,511140,0,,single
1791336888,471920,0,,single
1791336889,1424600,0,,single
1791336891,1660860,0,,single
1791336892,1399090,0,,single
1791336893,1046230,0,,single
1791336895,377880,0,,single
1791336896,363410,0,,single
1791336898,1717020,2,,single
1791336899,391280,0,,single
1791336901,964130,0,,single
1791336902,445020,0,,single
1791336903,937940,1,,single
1791336905,1383630,0,,single
1791336906,292420,2,,single
1791336908,312790,2,,single
1791336909,278530,1,,single
1791336910,427550,1,,single
1791336912,262210,0,,single
1791336913,2244480,1,,single
1791336915,1173590,6,,single
1791336916,577990,1,,single
1791336917,1918300,0,,single
1791336919,1748660,0,,single
1791336920,1975670,0,,single
1791336922,1431350,1,,single
1791336923,1966420,1,,single
1791336924,595460,1,,single
1791336927,1431040,0,,single
1791336929,1228500,0,,single
1791336930,1033170,1,,single
1791336931,695600,0,,single
1791336933,491260,0,,single
1791336934,777200,0,,single
1791336936,1127970,0,,single
1791336937,573060,1,,single
1791336938,444970,4,,single
1791336940,1492160,0,,single
1791336941,1400290,1,,single
1791336943,289500,0,,single
1791336944,264560,0,,single
1791336946,834450,0,,single
1791336947,349520,0,,single
1791336948,785880,0,,single
1791336950,2093000,2,,single
1791336951,32760,0,,single
1791336953,395760,1,,single
1791336954,794240,0,,single
1791336955,243060,0,,single
1791336957,613670,1,,single
1791336958,921070,1,,single
1791336960,1882240,15,,single
1791336961,1786010,0,,single
1791336962,23420,0,,single
1791336964,396850,0,,single
1791336965,1700630,1,,single
1791336966,1185490,3,,single
1791336968,1155980,4,,single
1791336969,844040,0,,single
1791336971,1399700,0,,single
1791336972,273730,0,,single
1791336974,277630,1,,single
1791336975,1178230,0,,single
1791336976,1094920,0,,single
1791336978,600630,0,,single
1791336979,626600,4,,single
1791336981,450440,0,,single
1791336982,2180550,1,,single
1791336983,659500,11,,single
1791336985,395560,0,,single
1791336986,1916850,1,,single
1791336988,450170,0,,single
1791336989,1808130,0,,single
1791336990,856890,0,,single
1791336992,1727520,0,,single
1791336993,344500,0,,single
1791336995,2059280,1,,single
1791336996,450950,0,,single
1791336998,317970,0,,single
1791336999,1014140,1,,single
1791337001,1300700,1,,single
1791337002,472420,0,,single
1791337004,420970,1,,single
1791337005,858040,4,,single
1791337007,332400,0,,single
1791337008,2007930,0,,single
1791337009,1174860,7,,single
1791337011,1058690,3,,single
1791337012,1785300,0,,single
1791337013,410390,0,,single
1791337015,1715980,0,,single
1791337016,1247940,0,,single
1791337018,2337140,1,,single
1791337019,313870,1,,single
1791337020,416870,3,,single
1791337022,454530,14,,single
1791337023,35300,0,,single
1791337024,314500,1,,single
1791337026,7260,1,,single
1791337027,1623420,1,,single
1791337029,414120,0,,single
1791337030,378300,0,,single
1791337032,327440,0,,single
1791337033,657040,1,,single
1791337035,2562240,0,,single
1791337036,770500,0,,single
1791337037,2398940,1,,single
1791337039,556160,1,,single
1791337040,777470,21,,single
1791337042,31820,5,,single
1791337043,857080,0,,single
1791337044,1878070,0,,single
1791337046,485330,0,,single
1791337047,356910,0,,single
1791337049,1597290,0,,single
1791337050,557880,1,,single
1791337052,31930,5,,single
1791337053,1433950,0,,single
1791337054,992330,0,,single
1791337056,348440,0,,single
1791337057,1398910,1,,single
1791337059,331880,0,,single
1791337060,539460,0,,single
1791337062,347590,0,,single
1791337063,1041210,0,,single
1791337064,3430,4,,single
1791337066,435480,0,,single
1791337067,1707870,1,,single
1791337069,1378800,0,,single
1791337070,624890,1,,single
1791337071,746840,1,,single
1791337073,2293420,0,,single
1791337074,961660,0,,single
1791337076,816270,0,,single
1791337077,474050,0,,single
1791337079,1292170,5,,single
1791337080,385530,0,,single
1791337081,260330,0,,single
1791337083,1106830,0,,single
1791337084,993170,0,,single
1791337086,1038810,1,,single
1791337087,38460,1,,single
1791337088,2265310,2,,single
1791337090,363110,81,,single
1791337091,1012460,0,,single
1791337092,2247820,2,,single
1791337094,1532460,0,,single
1791337095,2268560,0,,single
1791337096,1361110,0,,single
1791337098,781820,0,,single
1791337099,1341170,3,,single
1791337101,1539620,2,,single
1791337102,23300,0,,single
1791337103,2527660,0,,single
1791337105,257220,0,,single
1791337106,364510,0,,single
1791337108,853200,2,,single
1791337109,1662570,0,,single
1791337110,252970,0,,single
1791337112,275810,10,,single
1791337113,332330,1,,single
1791337115,615970,0,,single
1791337116,623580,3,,single
1791337117,950990,0,,single
1791337119,65500,1,,single
1791337120,302470,0,,single
1791337122,1258460,0,,single
1791337123,1341450,0,,single
1791337124,1523390,0,,single
1791337126,2135500,0,,single
1791337127,311910,0,,single
1791337129,744270,0,,single
1791337130,1139870,0,,single
1791337132,431640,2,,single
1791337133,504310,0,,single
1791337134,15160,1,,single
1791337136,1054690,1,,single
1791337137,811070,3,,single
1791337138,2342030,16,,single
1791337140,567680,1,,single
1791337141,974910,0,,single
1791337143,23460,0,,single
1791337144,1963510,0,,single
1791337146,986280,0,,single
1791337147,551190,0,,single
1791337148,2131200,0,,single
1791337150,591790,0,,single
1791337151,33990,0,,single
1791337152,750990,0,,single
1791337154,1623700,1,,single
1791337155,1519060,1,,single
1791337157,1496180,0,,single
1791337158,390220,0,,single
1791337160,1223020,0,,single
1791337161,277390,3,,single
1791337162,2009380,0,,single
1791337164,371100,0,,single
1791337165,2444000,0,,single
1791337166,338980,0,,single
1791337168,1418360,2,,single
1791337169,34810,0,,single
1791337170,693700,1,,single
1791337172,283000,0,,single
1791337173,2024300,0,,single
1791337175,1041710,33,,single
1791337176,463020,0,,single
1791337177,320630,1,,single
1791337179,898450,7,,single
1791337180,1128900,0,,single
1791337181,1680340,0,,single
1791337183,1324270,0,,single
1791337184,1701560,0,,single
1791337186,2685490,0,,single
1791337187,1094730,0,,single
1791337188,449170,1,,single
1791337190,2464090,0,,single
1791337191,1612480,0,,single
1791337193,2051420,0,,single
1791337194,1287800,0,,single
1791337196,2422110,2,,single
1791337197,761170,2,,single
1791337198,1532250,0,,single
1791337200,283820,0,,single
1791337202,1852830,0,,single
1791337203,548330,1,,single
1791337204,393610,0,,single
1791337206,407720,0,,single
1791337207,1048920,1,,single
1791337208,473970,0,,single
1791337210,555630,1,,single
1791337211,2175250,4,,single
1791337213,292240,8,,single
1791337214,1804170,8,,single
1791337215,659480,0,,single
1791337217,4800590,674,,single
1791337218,4836540,49,,single
1791337219,4834070,56,,single
1791337221,4804480,56,,single
1791337222,4775410,0,,single
1791337223,4808310,345,,single
1791337225,4746070,98,,single
1791337226,18420,0,,single
1791337228,31890,4,,single
1791337229,32730,0,,single
1791337230,38130,7,,single
1791337232,63960,0,,single
1791337233,216210,0,,single
1791337234,241300,1,,single
1791337236,254820,1,,single
1791337237,291960,1,,single
1791337238,302390,0,,single
1791337240,335120,0,,single
1791337241,342860,0,,single
1791337243,352620,0,,single
1791337245,370300,0,,single
1791337246,389460,2,,single
1791337248,407340,1,,single
1791337249,426050,1,,single
1791337250,437720,0,,single
1791337252,464260,0,,single
1791337253,467090,0,,single
1791337255,494360,1,,single
1791337256,513930,1,,single
1791337257,532270,0,,single
1791337259,551080,0,,single
1791337260,554290,1,,single
1791337262,559310,4,,single
1791337263,563190,3,,single
1791337264,570970,2,,single
1791337266,573110,0,,single
1791337267,576960,1,,single
1791337268,581650,0,,single
1791337270,599880,3,,single
1791337271,608760,0,,single
1791337273,617710,0,,single
1791337274,635850,10,,single
1791337275,651340,0,,single
1791337277,664320,2,,single
1791337278,684000,3,,single
1791337279,703980,0,,single
1791337281,721390,0,,single
1791337282,729720,3,,single
1791337283,743940,0,,single
1791337285,765940,0,,single
1791337286,812840,1,,single
1791337288,834390,0,,single
1791337289,856210,0,,single
1791337290,897630,0,,single
1791337292,942200,0,,single
1791337293,951930,1,,single
1791337294,973220,0,,single
1791337296,990090,0,,single
1791337297,1011290,0,,single
1791337298,1023740,0,,single
1791337300,1031270,0,,single
1791337301,1064010,0,,single
1791337303,1071240,1,,single
1791337304,1094660,0,,single
1791337305,1107230,2,,single
1791337307,1121530,5,,single
1791337308,1132070,0,,single
1791337310,1144300,1,,single
1791337311,1163040,0,,single
1791337312,1181000,10,,single
1791337314,1203670,2,,single
1791337315,1215280,0,,single
1791337317,1228360,1,,single
1791337318,1231950,1,,single
1791337319,1244040,12,,single
1791337321,1261760,1,,single
1791337322,1268140,5,,single
1791337324,1274200,0,,single
1791337325,1291660,0,,single
1791337327,1299810,0,,single
1791337328,1311570,3,,single
1791337329,1320490,0,,single
1791337331,1329360,2,,single
1791337332,1347630,2,,single
1791337333,1365760,6,,single
1791337335,1374990,3,,single
1791337336,1379550,0,,single
1791337338,1386730,0,,single
1791337339,1397110,0,,single
1791337340,1403830,0,,single
1791337342,1424050,0,,single
1791337343,1428820,1,,single
1791337344,1443620,2,,single
1791337346,1451680,0,,single
1791337347,1460490,2,,single
1791337349,1465710,0,,single
1791337350,1478850,0,,single
1791337351,1500180,0,,single
1791337353,1525890,1,,single
1791337354,1542790,1,,single
1791337355,1560770,0,,single
1791337357,1570510,11,,single
1791337358,1586880,0,,single
1791337360,1597910,0,,single
1791337361,1620040,1,,single
1791337362,1626620,1,,single
1791337364,1642580,5,,single
1791337365,1647730,0,,single
1791337367,1665280,0,,single
1791337368,1679010,0,,single
1791337369,1685460,27,,single
1791337371,1701950,0,,single
1791337372,1707400,0,,single
1791337374,1729140,0,,single
1791337375,1739650,0,,single
1791337376,1747830,5,,single
1791337378,1764700,1,,single
1791337379,1785940,2,,single
1791337381,1802850,0,,single
1791337382,1812420,3,,single
1791337384,1827650,21,,single
1791337385,1843470,26,,single
1791337386,1856900,1,,single
1791337388,1866430,2,,single
1791337389,1879950,0,,single
1791337391,1882580,0,,single
1791337392,1898830,945,,single
1791337393,1910600,0,,single
1791337395,1918530,10,,single
1791337396,1920540,0,,single
1791337398,1933980,0,,single
1791337399,1945590,0,,single
1791337401,1955340,2,,single
1791337402,1961760,0,,single
1791337404,1970060,2,,single
1791337405,1983690,6,,single
1791337407,1989320,3,,single
1791337408,2004180,0,,single
1791337410,2012140,3,,single
1791337411,2025840,1,,single
1791337412,2060000,0,,single
1791337414,2067350,6,,single
1791337415,2076260,11,,single
1791337417,2088770,1,,single
1791337418,2093610,0,,single
1791337419,2101350,2,,single
1791337421,2109060,1,,single
1791337422,2120070,2,,single
1791337423,2140570,4,,single
1791337425,2149630,3,,single
1791337426,2157710,1,,single
1791337427,2168150,3,,single
1791337429,2170370,0,,single
1791337430,2183070,0,,single
1791337431,2191490,11,,single
1791337433,2202220,0,,single
1791337434,2214000,3,,single
1791337435,2216960,0,,single
1791337437,2223740,3,,single
1791337438,2227130,5,,single
1791337439,2235500,0,,single
1791337441,2241380,35,,single
1791337443,2249850,0,,single
1791337444,2275940,1,,single
1791337445,2280060,43,,single
1791337447,2300340,2,,single
1791337448,2314180,0,,single
1791337449,2326590,1,,single
1791337451,2341070,1,,single
1791337452,2350280,11,,single
1791337454,2359170,0,,single
1791337455,2372330,12,,single
1791337456,2392500,4,,single
1791337458,2406370,4,,single
1791337459,2413190,10,,single
1791337460,2416880,1,,single
1791337462,2425150,6,,single
1791337463,2429190,8,,single
1791337465,2437570,0,,single
1791337466,2446680,0,,single
1791337467,2457030,2,,single
1791337469,2462060,1,,single
1791337470,2479740,2,,single
1791337472,2485350,0,,single
1791337473,2496920,6,,single
1791337474,2508210,0,,single
1791337476,2520410,13,,single
1791337477,2527450,1,,single
1791337478,2542140,1,,single
1791337480,2562460,0,,single
1791337481,2581750,0,,single
1791337483,2598800,0,,single
1791337484,2600700,1,,single
1791337485,2633500,4,,single
1791337487,2668000,1,,single
1791337488,2685380,1,,single
1791337489,2707110,3,,single
1791337491,2718240,0,,single
1791337492,2736860,19,,single
1791337494,2742150,0,,single
1791337495,2761240,0,,single
1791337497,2777740,0,,single
1791337498,2800840,2,,single
1791337499,2811100,0,,single
1791337501,2818150,7,,single
1791337502,2820140,15,,single
1791337503,2837600,3,,single
1791337505,2851770,1,,single
1791337506,2856370,0,,single
1791337508,2858370,9,,single
1791337509,2875280,0,,single
1791337510,2884190,1,,single
1791337512,2905090,0,,single
1791337513,2924310,0,,single
1791337514,2938850,1,,single
1791337516,2953560,0,,single
1791337517,2963230,0,,single
1791337519,2976490,0,,single
1791337520,2981650,0,,single
1791337521,2987750,0,,single
1791337523,2994240,1,,single
1791337526,3000030,37,,single
1791337528,3010460,1,,single
1791337529,3023190,15,,single
1791337531,3030250,0,,single
1791337532,3037180,3,,single
1791337533,3040220,0,,single
1791337535,3073580,1,,single
1791337536,3079970,0,,single
1791337538,3100210,2,,single
1791337539,3113680,0,,single
1791337540,3124550,15,,single
1791337542,3127000,5,,single
1791337543,3140990,17,,single
1791337544,3151830,0,,single
1791337546,3159900,0,,single
1791337547,3198680,0,,single
1791337549,3215190,0,,single
1791337550,3265280,10,,single
1791337551,3288460,2,,single
1791337553,3314340,95,,single
1791337554,3328900,9,,single
1791337555,3333890,0,,single
1791337557,3352300,0,,single
1791337558,3360110,2,,single
1791337559,3392420,2,,single
1791337561,3404380,1,,single
1791337562,3422450,1,,single
1791337564,3446200,1,,single
1791337565,3478200,0,,single
1791337566,3570430,1,,single
1791337568,3676960,0,,single
1791337569,254760,102,,single
1791337570,686060,3495,,single
1791337572,436780,333,,single
1791337573,551620,5,,single
1791337575,1030300,5054,,single
1791337576,2807960,25888,,single
1791337577,2868840,49070,,single
1791337579,3564740,5176,,single
1791337580,3419430,145278,,single
1791337581,3405340,3327,,single
1791337583,2483190,9905,,single
1791337584,2073620,18650,,single
1791337585,3949040,3308,,single
1791337587,4001890,18124,,single
1791337588,3008130,2484,,single
1791337589,3932890,18169,,single
1791337591,2524890,799,,single
1791337592,3065800,5616,,single
1791337593,2138720,7161,,single
1791337595,1478500,5204,,single
1791337596,3478870,1067,,single
1791337598,3101040,411,,single
1791337599,3557620,2172,,single
1791337600,3751950,1619,,single
1791337602,3472040,4962,,single
1791337603,3314790,934,,single
1791337605,2584990,3309,,single
1791337606,3199170,4278,,single
1791337608,2661300,4122,,single
1791337609,2075800,2791,,single
1791337610,3274300,9,,single
1791337612,3892270,5455,,single
1791337613,4164420,239,,single
1791337615,3751260,4181,,single
1791337616,4126040,53551,,single
1791337617,3028330,8,,single
1791337619,3679080,1218,,single
1791337620,1984270,1124,,single
1791337621,1601570,205,,single
1791337623,2416450,235,,single
1791337624,2605790,329,,single
1791337625,2950790,778,,single
1791337627,3293260,1699,,single
1791337628,1783560,1380,,single
1791337630,4122860,46,,single
1791337631,1431300,1244,,single
1791337632,1631270,577,,single
1791337634,3548580,2244,,single
1791337635,3478050,139,,single
1791337636,1857950,1111,,single
1791337638,2072560,1045,,single
1791337639,2968420,1485,,single
1791337641,4570720,683,,single
1791337642,2229850,1211,,single
1791337644,4421010,2307,,single
1791337645,1392860,227,,single
1791337647,3454610,20,,single
1791337648,3812600,2131,,single
1791337650,2791440,124,,single
1791337651,1663850,98,,single
1791337652,2753900,326,,single
1791337654,3672400,583,,single
1791337655,3917090,300,,single
1791337657,2057760,258,,single
1791337658,3606890,565,,single
1791337659,2905170,12,,single
1791337661,3483740,383,,single
1791337662,1535560,1038,,single
1791337664,4148240,176,,single
1791337665,2373990,178,,single
1791337666,1875580,196,,single
1791337668,2796340,7,,single
1791337669,3755860,196,,single
1791337671,3636770,241,,single
1791337672,2100280,71,,single
1791337673,3526710,504,,single
1791337675,2778610,133,,single
1791337676,2739600,40,,single
1791337678,2240620,170,,single
1791337679,2994020,606,,single
1791337680,2157830,135,,single
1791337682,3064370,54,,single
1791337683,3115220,243,,single
1791337685,2893820,44,,single
1791337686,2966320,185,,single
1791337687,1004640,597,,single
1791337689,3104410,1,,single
1791337690,1952920,424,,single
1791337691,3831120,32,,single
1791337693,2540100,13,,single
1791337694,2933290,3,,single
1791337696,3447040,340,,single
1791337697,1724190,107,,single
1791337698,3504780,1,,single
1791337700,3787240,437,,single
1791337701,3767850,906,,single
1791337703,3553500,84,,single
1791337704,2772560,47,,single
1791337705,3495730,103,,single
1791337707,1805320,664,,single
1791337708,2624870,74,,single
1791337709,2102040,15,,single
1791337711,2512840,4,,single
1791337712,3110070,8,,single
1791337713,2758540,0,,single
1791337715,2739990,509,,single
1791337716,2750780,15,,single
1791337717,3326230,200,,single
1791337719,3602290,101,,single
1791337720,3065940,339,,single
1791337722,3587610,20,,single
1791337723,3946950,278,,single
1791337724,2756770,44,,single
1791337726,2093940,51,,single
1791337727,3527760,46,,single
1791337728,3711590,266,,single
1791337730,3444020,142,,single
1791337731,2878450,227,,single
1791337732,1845250,128,,single
1791337734,1657090,21,,single
1791337735,3008200,6,,single
1791337737,1395520,133,,single
1791337738,2963870,203,,single
1791337739,2904040,40,,single
1791337741,3501070,131,,single
1791337742,2300840,23,,single
1791337743,4282500,1836,,single
1791337745,3694480,38,,single
1791337746,4739660,189,,single
1791337748,4450800,29,,single
1791337749,3692660,7,,single
1791337750,2489330,826,,single
1791337752,1962890,174,,single
1791337753,2238470,208,,single
1791337755,1067360,593,,single
1791337756,3105890,6,,single
1791337757,3180150,56,,single
1791337759,2004680,129,,single
1791337760,1368140,387,,single
1791337761,3400960,811,,single
1791337763,2654860,16,,single
1791337764,3446240,224,,single
1791337766,4358690,10188,,single
1791337767,3934270,755,,single
1791337768,3561220,307,,single
1791337770,2445260,1453,,single
1791337771,2975950,204,,single
1791337772,2864560,170,,single
1791337774,3775050,1,,single
1791337775,3602570,82,,single
1791337776,2449710,84,,single
1791337778,4911390,40,,single
1791337779,3026450,129,,single
1791337781,3008740,81,,single
1791337782,4244510,410,,single
1791337783,4164790,2566,,single
1791337785,2715650,5,,single
1791337786,2735630,1,,single
1791337787,3570370,4,,single
1791337789,3398110,422,,single
1791337790,2934220,124,,single
1791337791,3577060,79,,single
1791337793,4292950,21,,single
1791337794,4032350,6629,,single
1791337795,3381680,196,,single
1791337797,3276050,180,,single
1791337798,2963800,251,,single
1791337799,4294490,832,,single
1791337801,2649970,90,,single
1791337802,2614070,17,,single
1791337804,4019220,33856,,single
1791337805,3664010,103,,single
1791337806,3399960,723,,single
1791337808,4225940,2,,single
1791337809,2999060,1,,single
1791337811,2542120,23,,single
1791337812,3279780,1008,,single
1791337813,4080220,31091,,single
1791337815,4705510,1505,,single
1791337816,2919650,4,,single
1791337818,3440070,38,,single
1791337819,1953230,44,,single
1791337821,2639100,38,,single
1791337822,1281040,42,,single
1791337823,3717070,965,,single
1791337825,2274620,78,,single
1791337826,2692990,42,,single
1791337827,3357960,87,,single
1791337829,1597080,6,,single
1791337830,2678640,51,,single
1791337831,3278760,7,,single
1791337833,1442670,4,,single
1791337834,3110760,56,,single
1791337835,2701440,41,,single
1791337837,3265060,15,,single
1791337838,2574970,0,,single
1791337840,2527160,137,,single
1791337841,2992240,0,,single
1791337842,2803000,0,,single
1791337844,2834910,30,,single
1791337845,2250500,413,,single
1791337847,4249110,108,,single
1791337848,1517850,28,,single
1791337850,3720420,83,,single
1791337851,2973390,0,,single
1791337852,2976910,9,,single
1791337854,4233550,8,,single
1791337855,3569430,3,,single
1791337857,3015610,79,,single
1791337858,3543040,3,,single
1791337859,2235200,106,,single
1791337861,3103780,195,,single
1791337862,2725560,186,,single
1791337864,4356430,9173,,single
1791337867,3300800,21,,single
1791337868,3902520,29,,single
1791337870,2626910,3,,single
1791337871,3363680,30,,single
1791337873,4286550,92,,single
1791337874,3247270,2,,single
1791337875,3029750,179,,single
1791337877,3112010,74,,single
1791337878,2782500,118,,single
1791337880,2679100,257,,single
1791337881,4164580,0,,single
1791337882,3734680,0,,single
1791337884,3767740,52,,single
1791337885,2209900,642,,single
1791337886,1260820,74,,single
1791337888,3451980,255,,single
1791337889,3286930,18,,single
1791337891,2377930,340,,single
1791337892,2901140,2,,single
1791337894,2569510,555,,single
1791337895,2590150,37,,single
1791337896,4297840,54,,single
1791337898,2880460,2,,single
1791337899,3446680,3,,single
1791337901,3099640,15,,single
1791337902,2989820,229,,single
1791337904,2881230,3,,single
1791337905,3115010,16,,single
1791337906,4323990,1,,single
1791337908,3483510,143,,single
1791337909,2845260,0,,single
1791337911,3247080,134,,single
1791337912,3599690,12,,single
1791337913,3476730,52,,single
1791337915,1526900,34,,single
1791337916,2453160,11,,single
1791337918,3017450,130,,single
1791337919,2535770,1,,single
1791337921,4395300,14,,single
1791337922,1674010,249,,single
1791337924,3569500,250,,single
1791337925,2690010,40,,single
1791337926,4111370,350,,single
1791337928,2940490,3,,single
1791337929,2876550,19,,single
1791337931,2121150,2,,single
1791337932,2543830,792,,single
1791337933,2412960,94,,single
1791337935,2208350,22,,single
1791337936,3218630,10,,single
1791337938,3559510,5,,single
1791337939,2454960,9,,single
1791337940,2821610,43,,single
1791337942,2713690,168,,single
1791337943,2599690,10,,single
1791337944,3849000,190,,single
1791337946,4298880,40,,single
1791337947,1198970,8,,single
1791337949,4327530,69,,single
1791337950,2756830,3,,single
1791337952,2825860,83,,single
1791337953,3749320,9,,single
1791337954,3882730,183,,single
1791337956,1869290,37,,single
1791337957,2638560,10,,single
1791337959,2144600,90,,single
1791337960,4585340,21,,single
1791337961,2308690,36,,single
1791337963,2429050,11,,single
1791337964,3298940,14,,single
1791337966,2799930,46,,single
1791337967,2738630,44,,single
1791337969,4891320,22441,,single
1791337970,3347670,1,,single
1791337972,3555430,23,,single
1791337976,1880620,14,,single
1791337977,4369130,227,,single
1791337979,1769830,35,,single
1791337980,2255370,24,,single
1791337981,3832630,6,,single
1791337983,1554260,12,,single
1791337984,3271280,603,,single
1791337986,3707400,530,,single
1791337987,3709430,173,,single
1791337989,2772820,10,,single
1791337990,3378960,4,,single
1791337991,2904320,2,,single
1791337993,2778430,1,,single
1791337995,3650160,42,,single
1791337996,3421300,7,,single
1791337998,3542380,132,,single
1791337999,3091140,70,,single
1791338001,2517850,0,,single
1791338002,1369700,89,,single
1791338004,2982610,22,,single
1791338005,2933990,0,,single
1791338007,3045200,52,,single
1791338008,1826420,278,,single
1791338010,2877170,3,,single
1791338011,3498270,66,,single
1791338013,2684500,1,,single
1791338016,3418570,44,,single
1791338018,2368930,43,,single
1791338019,3393070,237,,single
1791338021,3385970,4,,single
1791338022,3017330,18,,single
1791338024,3639070,93,,single
1791338025,3454980,36,,single
1791338026,2487300,36,,single
1791338028,3809900,72,,single
1791338029,3226450,50,,single
1791338031,3838370,11,,single
1791338032,1943730,140,,single
1791338033,2223700,0,,single
1791338035,3668560,40,,single
1791338036,3617620,36,,single
1791338038,4560660,750,,single
1791338039,3177890,25,,single
1791338041,3861430,1715,,single
1791338042,2488590,14,,single
1791338044,3946810,8,,single
1791338045,4030150,375,,single
1791338046,2346840,3,,single
1791338048,2836100,20,,single
1791338049,2843190,10,,single
1791338051,3668370,24,,single
1791338052,3380760,25,,single
1791338054,3400350,46,,single
1791338055,4172530,146,,single
1791338056,3588490,50,,single
1791338058,1488310,0,,single
1791338059,3165680,325,,single
1791338061,4512570,109,,single
1791338062,4195470,434,,single
1791338064,4517460,120,,single
1791338065,2364580,52,,single
1791338066,2580020,2,,single
1791338068,2413950,19,,single
1791338069,3340750,0,,single
1791338071,2806640,141,,single
1791338072,2678830,56,,single
1791338073,3199360,33,,single
1791338075,2226730,11,,single
1791338076,3430340,133,,single
1791338078,3646460,36,,single
1791338079,2359120,6,,single
1791338081,3669060,1,,single
1791338082,3417410,59,,single
1791338083,2814990,39,,single
1791338085,3069470,89,,single
1791338086,2918310,38,,single
1791338088,2448020,12,,single
1791338089,2428980,19,,single
1791338090,1571200,63,,single
1791338092,3762550,10,,single
1791338093,3253830,4,,single
1791338095,3833760,20,,single
1791338096,4119420,1183,,single
1791338098,1943610,23,,single
1791338099,3051280,78,,single
1791338101,3576870,48,,single
1791338102,3904850,260,,single
1791338103,2770460,3,,single
1791338105,2159270,28,,single
1791338106,2629230,11,,single
1791338108,3947480,1,,single
1791338109,4087980,196,,single
1791338110,4173110,5,,single
1791338112,3195580,69,,single
1791338113,1900250,8,,single
1791338115,2712380,149,,single
1791338117,3011360,50,,single
1791338118,2859800,0,,single
1791338119,1674200,73,,single
1791338121,1442530,10,,single
1791338122,2458980,32,,single
1791338124,2735620,0,,single
1791338127,2980270,36,,single
1791338128,1843840,6,,single
1791338130,3837350,18,,single
1791338131,3589510,255,,single
1791338132,3916620,14,,single
1791338134,4225980,3154,,single
1791338135,1933000,3,,single
1791338137,2325920,15,,single
1791338138,2471970,16,,single
1791338140,2233770,12,,single
1791338141,3133650,38,,single
1791338143,4137460,0,,single
1791338144,2124930,1,,single
1791338145,3894440,12,,single
1791338147,2105620,18,,single
1791338148,1910150,113,,single
1791338150,2988620,3,,single
1791338151,2695430,9,,single
1791338152,3547270,40,,single
1791338154,2010030,13,,single
1791338155,2819750,1,,single
1791338157,1200770,1,,single
1791338158,2419710,1,,single
1791338160,3940610,4675,,single
1791338161,3744430,12,,single
1791338162,3531260,5,,single
1791338164,2988300,23,,single
1791338165,3389200,12,,single
1791338167,1876930,16,,single
1791338168,3799100,8,,single
1791338169,2986450,1,,single
1791338171,4833450,80,,single
1791338172,2971900,9,,single
1791338174,2786550,170,,single
1791338175,2738230,14,,single
1791338177,2752180,10,,single
1791338178,2585890,6,,single
1791338179,1869780,45,,single
1791338181,4195600,556,,single
1791338182,3523750,82,,single
1791338184,3436030,33,,single
1791338185,3872710,3,,single
1791338186,3959890,778,,single
1791338188,3237920,25,,single
1791338189,2862860,29,,single
1791338191,2437670,21,,single
1791338192,3949550,13,,single
1791338193,4487840,9,,single
1791338195,3764940,27,,single
1791338196,2788870,0,,single
1791338197,4259190,3044,,single
1791338199,3987560,5,,single
1791338201,2576150,15,,single
1791338202,3290690,21,,single
1791338204,2073030,2,,single
1791338205,2756930,23,,single
1791338207,4242290,100,,single
1791338208,4273120,62,,single
1791338209,3060250,14,,single
1791338211,3394250,1,,single
1791338212,3047030,85,,single
1791338214,2429270,31,,single
1791338215,3707780,1,,single
1791338216,3454830,86,,single
1791338218,3502270,27,,single
1791338220,3718190,32,,single
1791338221,3353830,1,,single
1791338222,3393280,344,,single
1791338224,3003460,7,,single
1791338225,1712100,2,,single
1791338227,1346840,7,,single
1791338228,3352690,3,,single
1791338229,2456070,0,,single
1791338231,4197990,45,,single
1791338232,2962480,15,,single
1791338233,3659020,40,,single
1791338235,1645630,5,,single
1791338236,1605250,20,,single
1791338238,3774440,50,,single
1791338239,3271000,261,,single
1791338241,3509740,3,,single
1791338242,3936730,15,,single
1791338243,3473500,14,,single
1791338245,3660220,3,,single
1791338246,4066790,1,,single
1791338248,4059360,2,,single
1791338249,3332830,2,,single
1791338251,3953520,619,,single
1791338252,3777270,14,,single
1791338254,3894170,3,,single
1791338255,2340130,19,,single
1791338256,3560670,623,,single
1791338258,3908900,16,,single
1791338259,3259600,23,,single
1791338260,2816870,3,,single
1791338262,3401490,9,,single
1791338263,3604430,7,,single
1791338265,4249140,13,,single
1791338266,2389170,14,,single
1791338267,4557380,3210,,single
1791338269,2453660,101,,single
1791338270,3856460,61,,single
1791338272,3220170,0,,single
1791338273,1922740,22,,single
1791338274,3657210,8,,single
1791338276,4401660,5,,single
1791338278,3549020,68,,single
1791338279,2415960,3,,single
1791338280,3919190,5,,single
1791338282,2651440,21,,single
1791338283,3306030,2,,single
1791338284,2774240,0,,single
1791338286,4283360,39,,single
1791338287,4364730,634,,single
1791338289,3394770,6,,single
1791338290,2942780,507,,single
1791338292,3593490,0,,single
1791338293,1848440,8,,single
1791338295,2348540,53,,single
1791338296,3104970,41,,single
1791338297,3634430,0,,single
1791338299,3030210,1,,single
1791338300,2955300,2,,single
1791338302,3089150,0,,single
1791338303,4031500,0,,single
1791338305,3869850,10,,single
1791338306,3415240,2,,single
1791338308,2393920,3,,single
1791338309,2943180,273,,single
1791338311,2983250,22,,single
1791338312,4927490,231,,single
1791338313,2600150,6,,single
1791338315,1281220,31,,single
1791338316,1657740,10,,single
1791338317,3065030,5,,single
1791338319,3751730,3,,single
1791338320,2881870,0,,single
1791338322,3194070,1,,single
1791338323,1266430,7,,single
1791338325,4018020,502,,single
1791338326,3880190,52,,single
1791338328,2701800,1,,single
1791338329,2960430,1,,single
1791338331,3116700,45,,single
1791338332,4051150,1,,single
1791338333,4952980,2015,,single
1791338335,2111550,11,,single
1791338336,2842150,1,,single
1791338338,4206270,14,,single
1791338339,3604030,5,,single
1791338340,3219010,31,,single
1791338342,3481020,65,,single
1791338343,4221310,37,,single
1791338345,4249150,30,,single
1791338346,2731330,0,,single
1791338348,3094480,2,,single
1791338349,3449040,4,,single
1791338351,2409780,14,,single
1791338352,4030290,1,,single
1791338353,3124230,2,,single
1791338355,3432480,28,,single
1791338356,2735580,7,,single
1791338358,3239270,8,,single
1791338359,4450350,7,,single
1791338360,3616260,64,,single
1791338362,2468550,10,,single
1791338363,3836960,3,,single
1791338365,3129930,2,,single
1791338366,2989770,8,,single
1791338367,903930,47,,single
1791338369,2996990,68,,single
1791338370,3956320,12,,single
1791338372,4216400,0,,single
1791338373,3315060,95,,single
1791338374,3457380,146,,single
1791338376,4369490,102,,single
1791338377,1686290,3,,single
1791338379,3934250,457,,single
1791338380,1460550,1,,single
1791338381,5053820,787,,single
1791338383,3056840,7,,single
1791338384,1833200,9,,single
1791338385,2496180,5,,single
1791338387,3091340,8,,single
1791338388,2507820,13,,single
1791338389,3839850,113,,single
1791338391,3339830,0,,single
1791338392,3468330,5,,single
1791338394,3784580,2,,single
1791338395,4261980,1,,single
1791338397,1859620,3,,single
1791338398,4104440,163,,single
1791338399,3669720,6,,single
1791338401,1771700,1,,single
1791338402,3556740,0,,single
1791338403,4165310,45,,single
1791338405,3905450,82,,single
1791338406,4533490,112,,single
1791338408,4078110,25,,single
1791338409,4285320,11,,single
1791338410,1148130,15,,single
1791338412,4094990,0,,single
1791338414,2539520,5,,single
1791338415,2395770,8,,single
1791338416,4409870,28,,single
1791338418,2652600,2,,single
1791338419,4083190,1,,single
1791338421,4169300,1,,single
1791338422,3642750,85,,single
1791338423,3073680,71,,single
1791338427,3510740,429,,single
1791338428,3218580,1,,single
1791338430,2091020,21,,single
1791338431,2537470,1,,single
1791338433,3715730,5,,single
1791338434,4108460,4,,single
1791338435,3144860,4,,single
1791338437,2867460,3,,single
1791338438,4426850,0,,single
1791338440,3437200,4,,single
1791338441,3380950,10,,single
1791338443,3845830,16,,single
1791338444,2838510,0,,single
1791338446,3002090,1,,single
1791338447,3856280,8,,single
1791338449,3425460,11,,single
1791338450,3642000,11,,single
1791338451,1640820,7,,single
1791338453,4634560,57,,single
1791338454,2769240,14,,single
1791338456,3509160,6,,single
1791338457,3047370,10,,single
1791338459,2906370,14,,single
1791338460,4038990,74,,single
1791338462,2592220,0,,single
1791338463,3351430,0,,single
1791338465,2774390,19,,single
1791338466,4489770,4,,single
1791338467,3468660,24,,single
1791338469,2686900,9,,single
1791338470,2838100,2,,single
1791338472,3039040,46,,single
1791338473,2517220,0,,single
1791338474,4045540,1,,single
1791338476,2918090,3,,single
1791338477,4739040,3,,single
1791338479,842980,986,,single
1791338480,2219450,1,,single
1791338481,3256150,17,,single
1791338483,4049910,53,,single
1791338484,3901910,8,,single
1791338485,4181110,1,,single
1791338487,2140100,3,,single
1791338488,3294890,2,,single
1791338490,3441280,0,,single
1791338491,4045750,1301,,single
1791338492,3581600,180,,single
1791338494,3796960,38,,single
1791338495,2612690,3,,single
1791338497,3288300,0,,single
1791338498,3734630,23,,single
1791338500,2591150,2,,single
1791338501,3462790,5,,single
1791338503,2647300,0,,single
1791338504,2640950,17,,single
1791338505,4468030,71,,single
1791338507,3699590,700,,single
1791338508,3203440,10,,single
1791338509,3070500,77,,single
1791338511,4310610,16,,single
1791338512,2739620,4,,single
1791338514,4266120,29,,single
1791338515,3686930,9,,single
1791338516,3155570,4,,single
1791338518,4285690,29,,single
1791338519,2420350,1,,single
1791338520,3338560,26,,single
1791338522,4311000,3,,single
1791338523,3232380,14,,single
1791338525,3634590,19,,single
1791338526,3795900,20,,single
1791338527,2295520,18,,single
1791338529,3010610,5,,single
1791338530,3909220,2,,single
1791338531,4914600,17,,single
1791338533,3638410,0,,single
1791338534,4584110,210,,single
1791338536,2442390,1,,single
1791338537,2701210,2,,single
1791338538,1257030,8,,single
1791338540,3411510,1,,single
1791338541,2502780,18,,single
1791338543,2133520,0,,single
1791338544,3532360,0,,single
1791338545,3929630,38,,single
1791338547,4384120,0,,single
1791338548,3238580,7,,single
1791338550,2919560,9,,single
1791338551,2281940,4,,single
1791338552,2731940,2,,single
1791338554,2821890,19,,single
1791338555,2819400,73,,single
1791338556,3055230,5,,single
1791338558,2719740,9,,single
1791338559,3872000,22,,single
1791338561,2602230,0,,single
1791338562,3266090,21,,single
1791338563,2293680,0,,single
1791338565,4212340,0,,single
1791338566,4276980,11,,single
1791338568,3915140,14,,single
1791338569,4132330,106,,single
1791338570,3679440,0,,single
1791338572,2580130,5,,single
1791338574,4156580,26,,single
1791338575,1509970,3,,single
1791338576,3042650,50,,single
1791338578,4111260,1,,single
1791338579,3361770,0,,single
1791338581,2983410,4,,single
1791338582,3591360,7,,single
1791338584,2270750,3,,single
1791338585,3844750,2,,single
1791338587,2841770,2,,single
1791338588,2549240,1,,single
1791338589,2280430,3,,single
1791338591,1670830,3,,single
1791338592,3060900,0,,single
1791338594,3155290,7,,single
1791338595,3744080,12,,single
1791338596,4406280,475,,single
1791338598,3226210,6,,single
1791338599,2482920,1,,single
1791338600,3607440,14,,single
1791338602,4375230,7,,single
1791338603,3997630,0,,single
1791338604,2540630,69,,single
1791338606,4449410,25,,single
1791338607,4090260,95,,single
1791338609,5027520,1239,,single
1791338610,4039140,96,,single
1791338611,3055250,56,,single
1791338613,2525510,3,,single
1791338614,4149700,2,,single
1791338615,2651460,1,,single
1791338617,3491280,28,,single
1791338618,4429870,1,,single
1791338620,2899680,0,,single
1791338621,3474800,179,,single
1791338622,4261320,33,,single
1791338624,3063750,0,,single
1791338625,2154270,14,,single
1791338626,3714370,218,,single
1791338628,3633750,27,,single
1791338629,3852460,3,,single
1791338631,1626170,5,,single
1791338632,3310530,4,,single
1791338633,4734530,25,,single
1791338635,3384440,2,,single
1791338636,3877070,27,,single
1791338638,3377770,3,,single
1791338639,2160470,4,,single
1791338640,2263360,1,,single
1791338642,2957720,2,,single
1791338643,2262020,8,,single
1791338645,3278310,4,,single
1791338646,3351650,6,,single
1791338647,3447070,0,,single
1791338649,3948580,4,,single
1791338650,3848750,3,,single
1791338652,2084970,110,,single
1791338653,3579100,14,,single
1791338655,3736520,0,,single
1791338656,3780110,0,,single
1791338657,1803140,4,,single
1791338659,2734270,3,,single
1791338660,4645360,4,,single
1791338662,3311670,17,,single
1791338663,2481640,9,,single
1791338665,1671570,10,,single
1791338666,3608510,0,,single
1791338667,4033080,64,,single
1791338669,3597200,193,,single
1791338670,3279440,16,,single
1791338672,3762790,38,,single
1791338673,3104270,2,,single
1791338674,3997970,0,,single
1791338676,2886620,8,,single
1791338677,3355800,4,,single
1791338679,2540230,16,,single
1791338680,2249600,11,,single
1791338681,3158500,0,,single
1791338683,4678800,343,,single
1791338684,3019850,1,,single
1791338685,3371260,42,,single
1791338687,2376170,67,,single
1791338688,3555980,4,,single
1791338690,3306200,17,,single
1791338691,3135930,7,,single
1791338693,4661910,101,,single
1791338694,4575860,0,,single
1791338695,3561400,2,,single
1791338697,3869680,0,,single
1791338698,2981450,1,,single
1791338700,2847740,1,,single
1791338701,3103930,76,,single
1791338703,4563870,4,,single
1791338704,3997240,28,,single
1791338705,3544080,0,,single
1791338707,3989960,18,,single
1791338708,4622110,5,,single
1791338710,2924050,2,,single
1791338711,3733510,64,,single
1791338713,4142980,5,,single
1791338714,3686580,9,,single
1791338716,3547010,2,,single
1791338718,3898860,0,,single
1791338719,2573100,1,,single
1791338721,3058890,0,,single
1791338722,3913270,15,,single
1791338724,4596010,21,,single
1791338727,2800080,1,,single
1791338728,4096800,5,,single
1791338730,2289630,1,,single
1791338732,1890310,20,,single
1791338733,2944760,0,,single
1791338734,1997440,4,,single
1791338736,2987860,92,,single
1791338738,1553260,2,,single
1791338739,3827830,0,,single
1791338740,3324580,30,,single
1791338742,3766170,0,,single
1791338743,3211490,3,,single
1791338745,4464990,45,,single
1791338746,3411730,20,,single
1791338747,4177730,6,,single
1791338749,4317790,25,,single
1791338750,1307960,7,,single
1791338751,3126340,2,,single
1791338753,3217600,31,,single
1791338754,4216180,8,,single
1791338756,2895680,2,,single
1791338757,3954990,3,,single
1791338758,3474700,21,,single
1791338760,3756940,16,,single
1791338761,1719310,3,,single
1791338763,3686940,9,,single
1791338764,4251580,0,,single
1791338765,3754990,156,,single
1791338767,2319730,2,,single
1791338768,2066520,5,,single
1791338770,2913040,1,,single
1791338771,4870430,37,,single
1791338772,3938640,36,,single
1791338774,4201710,716,,single
1791338775,3548520,2,,single
1791338777,2374670,0,,single
1791338779,3700760,60,,single
1791338780,3573430,3,,single
1791338782,2259330,1,,single
1791338783,3436170,2,,single
1791338784,1929230,0,,single
1791338786,3030980,0,,single
1791338787,3765590,3,,single
1791338789,2951890,0,,single
1791338790,2939600,6,,single
1791338792,3693030,3,,single
1791338793,2174380,10,,single
1791338794,4864560,1,,single
1791338796,3405160,6,,single
1791338797,4217690,1,,single
1791338799,2485860,8,,single
1791338800,2499040,0,,single
1791338802,3078390,10,,single
1791338803,3560360,211,,single
1791338805,1771110,1,,single
1791338806,2334130,5,,single
1791338807,3380520,3,,single
1791338809,1807090,1,,single
1791338811,3609640,3,,single
1791338812,3852250,343,,single
1791338814,2438330,1,,single
1791338815,3597880,1,,single
1791338817,3692070,1,,single
1791338818,1966410,4,,single
1791338819,3160090,10,,single
1791338821,1714510,5,,single
1791338822,3406850,0,,single
1791338824,3839250,8,,single
1791338825,2353700,5,,single
1791338827,2996080,6,,single
1791338828,3628380,2,,single
1791338829,4071040,8,,single
1791338831,3697890,6,,single
1791338832,2589670,4,,single
1791338834,1438480,0,,single
1791338835,2814610,1,,single
1791338836,3962460,3,,single
1791338838,1528260,0,,single
1791338839,2890150,11,,single
1791338841,3651310,2,,single
1791338842,2580000,11,,single
1791338843,3159120,3,,single
1791338845,3160400,1,,single
1791338846,2430390,37,,single
1791338848,3940340,3,,single
1791338849,2211090,2,,single
1791338850,2835030,0,,single
1791338852,3765010,9,,single
1791338853,1699710,8,,single
1791338854,4207270,13,,single
1791338856,2639460,1,,single
1791338857,2505590,0,,single
1791338859,3273530,2,,single
1791338860,2197740,6,,single
1791338861,3048760,0,,single
1791338863,4573090,60,,single
1791338864,2891040,1,,single
1791338866,4192600,0,,single
1791338867,3560030,19,,single
1791338868,4264260,6,,single
1791338870,4260530,17,,single
1791338871,2854780,0,,single
1791338872,4391590,1,,single
1791338874,2514630,1,,single
1791338875,3528280,0,,single
1791338877,4137770,1,,single
1791338878,3073990,12,,single
1791338879,3363390,0,,single
1791338881,4005090,6,,single
1791338882,3186680,0,,single
1791338883,2012670,0,,single
1791338885,2693710,10,,single
1791338886,3597020,7,,single
1791338888,2694020,30,,single
1791338889,3209750,3,,single
1791338890,2564070,1,,single
1791338892,2871140,2,,single
1791338893,3809910,1,,single
1791338895,3113990,6,,single
1791338896,2819470,6,,single
1791338897,3640200,573,,single
1791338899,3909960,2,,single
1791338900,1442520,3,,single
1791338902,3641940,2,,single
1791338903,4538140,10,,single
1791338904,2727660,0,,single
1791338906,3411830,21,,single
1791338907,2937910,3,,single
1791338909,3184990,0,,single
1791338910,3451380,4,,single
1791338912,1965270,1,,single
1791338913,3461680,1,,single
1791338914,2782530,51,,single
1791338916,2212910,7,,single
1791338917,3491690,56,,single
1791338919,4883590,645,,single
1791338920,2425130,1,,single
1791338921,3396400,9,,single
1791338923,4250510,98,,single
1791338924,3281410,0,,single
1791338926,2635670,35,,single
1791338927,2771600,3,,single
1791338929,3199870,3,,single
1791338930,3499220,4,,single
1791338932,2597810,21,,single
1791338934,3208930,49,,single
1791338935,3451440,1,,single
1791338936,1304280,14,,single
1791338938,3907210,6,,single
1791338939,4542660,0,,single
1791338940,3984570,5,,single
1791338942,1921490,4,,single
1791338943,2445980,2,,single
1791338945,3567620,3,,single
1791338946,1593230,0,,single
1791338947,3064990,0,,single
1791338949,2947650,0,,single
1791338950,3365030,35,,single
1791338952,2496640,4,,single
1791338953,3181470,1,,single
1791338954,3371510,2,,single
1791338956,1876850,0,,single
1791338957,3528970,5,,single
1791338959,4175440,5,,single
1791338960,2845090,3,,single
1791338962,3255890,0,,single
1791338963,2870430,3,,single
1791338965,3708070,1,,single
1791338966,4212210,20,,single
1791338968,3179350,10,,single
1791338969,3724490,5,,single
1791338970,2210520,0,,single
1791338972,3857590,0,,single
1791338973,4333460,0,,single
1791338975,2529750,0,,single
1791338976,2834700,89,,single
1791338977,2980900,2,,single
1791338979,3772080,4,,single
1791338980,2654990,5,,single
1791338983,3803930,1,,single
1791338984,4412320,171,,single
1791338985,4787190,0,,single
1791338987,3683850,0,,single
1791338988,1939890,2,,single
1791338990,2782400,0,,single
1791338991,4189910,1,,single
1791338992,3699970,1,,single
1791338994,2184770,1,,single
1791338995,3668080,0,,single
1791338997,4435340,83,,single
1791338998,2784980,0,,single
1791338999,4038780,0,,single
1791339001,1775960,0,,single
1791339002,3915610,1,,single
1791339003,2092840,7,,single
1791339005,3320980,12,,single
1791339006,2391680,3,,single
1791339008,4247820,2,,single
1791339009,4530240,1,,single
1791339010,2902070,1,,single
1791339012,3217970,1,,single
1791339013,3720820,3,,single
1791339014,971220,2,,single
1791339017,3814340,26,,single
1791339018,2897590,8,,single
1791339019,3975750,11,,single
1791339021,2952690,2,,single
1791339022,3639780,2,,single
1791339023,5064340,505,,single
1791339025,4260270,127,,single
1791339026,1374860,63,,single
1791339027,3936270,433,,single
1791339029,2999500,37,,single
1791339030,3880400,24,,single
1791339031,3836120,63,,single
1791339033,4289410,71,,single
1791339034,3445190,172,,single
1791339036,4981570,446,,single
1791339037,4270850,199,,single
1791339039,2140700,0,,single
1791339040,4366980,3,,single
1791339041,4169160,11,,single
1791339043,2403830,16,,single
1791339044,632950,9,,single
1791339046,4301110,5,,single
1791339047,2841650,54,,single
1791339048,4562940,59,,single
1791339050,3562200,4,,single
1791339051,3199470,2,,single
1791339052,4810070,2,,single
1791339054,5063140,29,,single
1791339055,3916440,0,,single
1791339057,4182430,5,,single
1791339058,4627590,24,,single
1791339060,3781550,5,,single
1791339061,5130150,21,,single
1791339062,4655600,0,,single
1791339064,2559690,5,,single
1791339065,4652040,3,,single
1791339067,3926930,3,,single
1791339068,4114690,115,,single
1791339069,4815930,1,,single
1791339071,1864690,23,,single
1791339072,3653250,0,,single
1791339074,2876200,137,,single
1791339075,4084120,18,,single
1791339076,2282890,3,,single
1791339078,4391380,59,,single
1791339079,4022090,26,,single
1791339081,3170490,13,,single
1791339082,4268460,4,,single
1791339083,4368560,9,,single
1791339085,4132960,6,,single
1791339086,3859630,1,,single
1791339087,3421740,5,,single
1791339089,1283700,1,,single
1791339090,2978440,1,,single
1791339092,2814790,1,,single
1791339093,856570,2,,single
1791339094,1584680,1,,single
1791339096,2840890,2,,single
1791339097,3124850,2,,single
1791339099,3936530,112,,single
1791339100,3119780,0,,single
1791339101,4843210,21,,single
1791339103,4739190,140,,single
1791339104,2412200,0,,single
1791339106,4937570,10,,single
1791339107,4835250,1,,single
1791339108,4834490,19,,single
1791339110,2431980,1,,single
1791339111,4838450,2,,single
1791339112,2906500,0,,single
1791339114,4914570,2,,single
1791339116,4861510,100,,single
1791339117,4872970,0,,single
1791339118,4751340,12,,single
1791339120,4869070,3,,single
1791339121,4727230,129,,single
1791339123,4914590,0,,single
1791339124,1485650,2,,single
1791339125,4882280,3,,single
1791339127,4736640,0,,single
1791339128,4771890,0,,single
1791339130,4754800,1,,single
1791339131,4768400,21,,single
1791339132,4820610,4,,single
1791339134,2613890,3,,single
1791339135,4771880,2,,single
1791339137,4831190,0,,single
1791339138,2613720,0,,single
1791339139,2141520,1,,single
1791339141,1233170,1,,single
1791339142,1828800,0,,single
1791339144,2994150,0,,single
1791339145,2099680,1,,single
1791339147,3334280,0,,single
1791339148,3399040,4,,single
1791339149,2576600,1,,single
1791339151,1403940,3,,single
1791339152,2452900,0,,single
1791339154,2657930,7,,single
1791339155,2392400,0,,single
1791339156,1936360,1,,single
1791339158,3440120,1,,single
1791339159,2332970,0,,single
1791339160,2238440,0,,single
1791339162,2915660,4,,single
1791339163,2615630,1,,single
1791339165,3112500,0,,single
1791339166,2147530,2,,single
1791339167,1061270,0,,single
1791339169,3487770,39,,single
1791339170,2954460,0,,single
1791339172,2830480,4,,single
1791339173,1685870,4,,single
1791339174,3163790,2,,single
1791339176,1811340,1,,single
1791339177,1951780,0,,single
1791339178,3675060,1,,single
1791339180,1372660,1,,single
1791339181,2318800,0,,single
1791339183,3672540,1,,single
1791339184,1267210,1,,single
1791339186,2362680,0,,single
1791339187,2877770,1,,single
1791339189,3193730,0,,single
1791339190,3408410,0,,single
1791339192,3125570,0,,single
1791339193,2370420,1,,single
1791339195,3549220,2,,single
1791339196,3234700,2,,single
1791339198,3550060,5,,single
1791339200,3714790,0,,single
1791339201,3156530,2,,single
1791339202,2997460,1,,single
1791339204,3446990,0,,single
1791339205,3002510,1,,single
1791339206,2449450,0,,single
1791339208,3554790,0,,single
1791339209,2115760,3,,single
1791339210,3543720,0,,single
1791339212,3547790,3,,single
1791339213,1914060,3,,single
1791339215,3203590,0,,single
1791339216,1795570,3,,single
1791339218,2604320,0,,single
1791339219,3193560,0,,single
1791339220,3179830,3,,single
1791339222,3555700,2,,single
1791339223,3049990,1,,single
1791339225,3296260,0,,single
1791339226,3600700,0,,single
1791339227,3443620,6,,single
1791339229,1932360,0,,single
1791339230,2508940,2,,single
1791339231,2067020,0,,single
1791339233,3232580,1,,single
1791339234,3399400,2,,single
1791339235,2421480,0,,single
1791339237,1521360,0,,single
1791339238,325470,0,,single
1791339239,2850380,3,,single
1791339241,2084300,0,,single
1791339242,3398870,0,,single
1791339244,3427090,5,,single
1791339245,3328910,8,,single
1791339247,3123830,0,,single
1791339248,2404360,0,,single
1791339249,2658640,1,,single
1791339251,2870220,4,,single
1791339252,3038580,0,,single
1791339254,2372950,0,,single
1791339255,3518110,0,,single
1791339256,3179810,1,,single
1791339258,3416270,0,,single
1791339259,2643290,0,,single
1791339260,3316380,1,,single
1791339262,3498980,0,,single
1791339263,3491310,0,,single
1791339265,3236000,0,,single
1791339266,2955320,0,,single
1791339267,3300470,0,,single
1791339269,3308550,3,,single
1791339270,3051380,0,,single
1791339272,3069410,2,,single
1791339273,2517440,0,,single
1791339275,2894820,1,,single
1791339276,3338380,0,,single
1791339277,2824580,0,,single
1791339279,2659710,0,,single
1791339280,2650350,2,,single
1791339282,2964540,4,,single
1791339283,3384190,7,,single
1791339285,2969140,5,,single
1791339286,3384180,0,,single
1791339288,2957110,49,,single
1791339289,2549380,0,,single
1791339291,2438260,3,,single
1791339292,1932210,0,,single
1791339294,2850110,0,,single
1791339295,3350140,8,,single
1791339297,3380340,0,,single
1791339298,2861740,0,,single
1791339299,2933910,0,,single
1791339301,3163730,0,,single
1791339302,2884080,0,,single
1791339304,3326290,0,,single
1791339305,3231960,0,,single
1791339307,2751820,0,,single
1791339308,1859720,0,,single
1791339309,3262320,1,,single
1791339311,1266470,6,,single
1791339312,3254940,0,,single
1791339313,1170720,0,,single
1791339316,2886090,1,,single
1791339317,3356790,6,,single
1791339319,2947970,1,,single
1791339320,2366130,0,,single
1791339321,2507400,0,,single
1791339323,2669500,0,,single
1791339324,2341760,0,,single
1791339325,3256030,0,,single
1791339328,2330960,0,,single
1791339329,3049980,1,,single
1791339331,2393370,1,,single
1791339332,2847380,0,,single
1791339333,1640400,1,,single
1791339335,3188960,5,,single
1791339336,3318730,0,,single
1791339338,3344750,0,,single
1791339339,2745040,2,,single
1791339341,3161510,0,,single
1791339342,1509060,1,,single
1791339344,2911390,1,,single
1791339345,2190400,1,,single
1791339347,2909230,0,,single
1791339348,3269860,0,,single
1791339350,3191720,1,,single
1791339351,1744970,2,,single
1791339353,1877650,2,,single
1791339354,3002500,1,,single
1791339355,3050140,1,,single
1791339357,3290350,5,,single
1791339358,3290040,6,,single
1791339360,2473260,0,,single
1791339361,2508770,1,,single
1791339362,2172580,0,,single
1791339364,3341450,0,,single
1791339365,2738990,1,,single
1791339366,3220730,7,,single
1791339368,2844290,1,,single
1791339369,3098750,0,,single
1791339371,2541890,14,,single
1791339372,1707710,1,,single
1791339373,2645490,0,,single
1791339375,1640890,0,,single
1791339376,2354330,0,,single
1791339378,2936410,19,,single
1791339379,2288600,0,,single
1791339380,3078590,2,,single
1791339382,2969060,0,,single
1791339383,3011020,1,,single
1791339384,2855770,0,,single
1791339386,2324210,0,,single
1791339387,2322340,2,,single
1791339389,1764270,0,,single
1791339390,3061910,0,,single
1791339391,2922990,1,,single
1791339393,2353130,0,,single
1791339394,2225010,0,,single
1791339395,2442820,0,,single
1791339397,2844910,0,,single
1791339398,3201810,0,,single
1791339399,2795750,1,,single
1791339401,2994880,3,,single
1791339402,2205330,4,,single
1791339404,3194140,2,,single
1791339405,2756470,3,,single
1791339406,2837580,0,,single
1791339408,2456430,0,,single
1791339409,2746030,1,,single
1791339411,3187770,0,,single
1791339412,1674900,0,,single
1791339413,3047220,1,,single
1791339415,2843550,0,,single
1791339416,1600910,0,,single
1791339418,2655740,0,,single
1791339419,3205000,0,,single
1791339420,2940990,3,,single
1791339422,3013740,2,,single
1791339423,3113870,0,,single
1791339425,2612660,3,,single
1791339426,3176810,0,,single
1791339427,2014470,1,,single
1791339429,3119720,0,,single
1791339430,1592490,3,,single
1791339431,2939550,0,,single
1791339433,2509120,0,,single
1791339434,2797440,0,,single
1791339436,3053390,0,,single
1791339437,2717850,0,,single
1791339438,3059400,1,,single
1791339440,2634560,0,,single
1791339441,2199330,0,,single
1791339442,2595230,1,,single
1791339444,2804490,0,,single
1791339445,1424290,1,,single
1791339447,2791880,1,,single
1791339448,2649780,1,,single
1791339449,3065920,0,,single
1791339451,2107550,1,,single
1791339452,1687700,0,,single
1791339454,2399060,1,,single
1791339455,2312770,2,,single
1791339456,2749100,2,,single
1791339458,3063050,0,,single
1791339459,2513580,0,,single
1791339461,1874190,1,,single
1791339462,2461240,0,,single
1791339463,1969860,2,,single
1791339465,2740080,12,,single
1791339466,3034560,0,,single
1791339468,2364330,2,,single
1791339469,3025630,0,,single
1791339470,3101670,0,,single
1791339472,2947210,0,,single
1791339473,2299930,0,,single
1791339475,3064270,97,,single
1791339476,2201150,0,,single
1791339477,2738870,1,,single
1791339479,1235100,6,,single
1791339480,2921600,4,,single
1791339482,2332250,1,,single
1791339483,1760330,2,,single
1791339484,2864830,0,,single
1791339486,2407300,2,,single
1791339487,1896570,0,,single
1791339489,2955100,0,,single
1791339490,2459420,0,,single
1791339492,883230,0,,single
1791339493,2166690,0,,single
1791339495,1974300,1,,single
1791339496,2722200,1,,single
1791339498,2336580,0,,single
1791339499,2749350,0,,single
1791339500,2530170,2,,single
1791339502,2377410,0,,single
1791339503,2961060,0,,single
1791339504,2903460,0,,single
1791339506,2736490,0,,single
1791339507,2751310,0,,single
1791339509,2322900,0,,single
1791339510,2329910,0,,single
1791339512,2337090,0,,single
1791339513,2832220,0,,single
1791339515,2905290,0,,single
1791339516,2945100,4,,single
1791339517,2200410,0,,single
1791339519,2882080,5,,single
1791339520,2144220,1,,single
1791339521,1839930,0,,single
1791339523,1347560,0,,single
1791339524,2820110,7,,single
1791339525,2889460,0,,single
1791339527,1858450,0,,single
1791339528,1415570,0,,single
1791339530,2686250,2,,single
1791339531,2699690,0,,single
1791339532,2254600,0,,single
1791339534,2461460,0,,single
1791339535,2195790,2,,single
1791339537,2453920,1,,single
1791339538,2480560,5,,single
1791339540,2120250,6,,single
1791339541,2626240,1,,single
1791339543,1162470,0,,single
1791339544,2435310,0,,single
1791339545,2732020,3,,single
1791339547,1445740,1,,single
1791339548,2737260,4,,single
1791339550,2174900,0,,single
1791339551,2657480,0,,single
1791339552,2203860,2,,single
1791339554,2338910,0,,single
1791339555,2827780,3,,single
1791339557,1604250,0,,single
1791339558,1968630,3,,single
1791339560,2813380,3,,single
1791339561,2780270,0,,single
1791339562,1116080,0,,single
1791339564,2751610,1,,single
1791339565,2591070,4,,single
1791339567,2827450,1,,single
1791339568,2459620,0,,single
1791339569,874440,0,,single
1791339571,2791030,0,,single
1791339572,1818570,5,,single
1791339574,2743650,1,,single
1791339575,960730,1,,single
1791339576,2610690,0,,single
1791339578,2551920,5,,single
1791339579,1528220,1,,single
1791339581,1629350,0,,single
1791339582,2752530,2,,single
1791339583,2729360,1,,single
1791339585,2494440,0,,single
1791339586,743910,0,,single
1791339587,2184570,0,,single
1791339589,2622260,0,,single
1791339590,2277720,3,,single
1791339591,2429310,0,,single
1791339593,2749650,0,,single
1791339594,2073850,12034,,single
1791339596,1973530,35788,,single
1791339597,1568590,1158,,single
1791339598,2281730,631,,single
1791339600,1962663,5,,single
1791339601,1714040,324,,single
1791339603,2141910,10619,,single
1791339604,1797880,93,,single
1791339605,985810,3246,,single
1791339607,2324650,22,,single
1791339608,1280770,37,,single
1791339609,2225070,1113,,single
1791339611,1969870,171,,single
1791339612,1549250,580,,single
1791339614,1949740,91,,single
1791339615,1350650,92,,single
1791339616,1985690,11,,single
1791339618,270550,1,,single
1791339619,2167580,157,,single
1791339621,1941780,71,,single
1791339622,2157110,5,,single
1791339623,1671200,52,,single
1791339625,1463120,37,,single
1791339626,2240530,8,,single
1791339628,1290490,3,,single
1791339629,1810580,32,,single
1791339631,2368470,11,,single
1791339632,1812820,464,,single
1791339633,1806840,0,,single
1791339635,850170,157,,single
1791339636,1737100,135,,single
1791339638,921630,0,,single
1791339639,1973710,933,,single
1791339641,1655140,0,,single
1791339642,2289970,4,,single
1791339643,1854430,3,,single
1791339645,1593310,7,,single
1791339646,1073440,119,,single
1791339648,1045520,4,,single
1791339649,1910580,17,,single
1791339650,1399720,953,,single
1791339652,1619750,141,,single
1791339653,417360,4,,single
1791339654,2475460,1931,,single
1791339656,1793250,45,,single
1791339657,1304510,6,,single
1791339659,2433730,6,,single
1791339660,1268110,3,,single
1791339662,2186570,3,,single
1791339663,2203070,243,,single
1791339664,1607130,13,,single
1791339666,1641650,218,,single
1791339667,1296770,9,,single
1791339669,1792010,8,,single
1791339670,1904820,9,,single
1791339671,1860570,1,,single
1791339673,1148150,20,,single
1791339674,2328760,135,,single
1791339676,1794470,40,,single
1791339677,1349040,2,,single
1791339678,1812290,14,,single
1791339680,1390740,1,,single
1791339681,2373630,15,,single
1791339683,1574700,4,,single
1791339684,2386250,4,,single
1791339685,1896700,65,,single
1791339687,2057080,0,,single
1791339688,1873030,16,,single
1791339690,711990,0,,single
1791339691,1184770,122,,single
1791339692,1680550,2,,single
1791339694,2176560,8,,single
1791339695,2173600,1,,single
1791339697,1861970,3,,single
1791339698,1905950,115,,single
1791339699,1173400,3,,single
1791339701,407810,3,,single
1791339702,1958390,15,,single
1791339704,1924140,4,,single
1791339705,1552620,1,,single
1791339706,1292690,100,,single
1791339708,1309000,7,,single
1791339710,2069640,8,,single
1791339711,2103530,588,,single
1791339712,1826980,4,,single
1791339714,2443110,0,,single
1791339715,1259440,19,,single
1791339717,2102020,5,,single
1791339718,2322660,86,,single
1791339719,1590360,1,,single
1791339721,2544720,31,,single
1791339722,2448340,1,,single
1791339724,1877960,554,,single
1791339725,1443820,24,,single
1791339727,1473250,0,,single
1791339728,1639990,15,,single
1791339730,2088270,0,,single
1791339731,1653970,135,,single
1791339732,1973970,24,,single
1791339734,1863670,27,,single
1791339735,885000,13,,single
1791339737,852480,5,,single
1791339738,2403320,4,,single
1791339740,930910,15,,single
1791339741,1097880,0,,single
1791339742,333300,23,,single
1791339744,2551170,1,,single
1791339745,216110,0,,single
1791339747,1836450,47,,single
1791339748,1903370,0,,single
1791339749,2308870,17,,single
1791339751,2716140,0,,single
1791339752,1890650,4,,single
1791339753,1577420,3,,single
1791339755,1840660,2,,single
1791339756,1768550,0,,single
1791339758,1823380,11,,single
1791339759,1948450,0,,single
1791339760,1181140,0,,single
1791339762,2440200,6,,single
1791339763,1941000,93,,single
1791339765,2071530,1,,single
1791339766,1281160,4,,single
1791339767,1571340,12,,single
1791339769,1545820,7,,single
1791339770,2261050,8,,single
1791339771,2337640,5,,single
1791339773,1964220,55,,single
1791339774,2009010,1,,single
1791339775,1205950,13,,single
1791339777,2386580,10,,single
1791339778,1660520,0,,single
1791339780,1688580,0,,single
1791339781,2022330,0,,single
1791339782,2168610,1,,single
1791339784,2246300,11,,single
1791339785,2211280,5,,single
1791339787,1881340,0,,single
1791339788,720380,0,,single
1791339790,1658310,1,,single
1791339791,1386950,23,,single
1791339793,1172940,0,,single
1791339794,2062930,0,,single
1791339796,1862690,1,,single
1791339797,1455070,2,,single
1791339798,1745200,61,,single
1791339800,1259740,1,,single
1791339801,2399910,3,,single
1791339802,2236300,0,,single
1791339804,2513890,0,,single
1791339805,2206560,7,,single
1791339807,1432910,6,,single
1791339808,2467790,1,,single
1791339810,339040,1,,single
1791339811,1741040,5,,single
1791339812,811890,2,,single
1791339814,765900,2,,single
1791339815,2293410,1,,single
1791339816,1359120,4,,single
1791339818,1991860,24,,single
1791339819,675560,7,,single
1791339821,2635340,2,,single
1791339822,1167750,13,,single
1791339823,1626640,0,,single
1791339825,2317560,14,,single
1791339826,1641990,5,,single
1791339828,2019680,4,,single
1791339829,2558580,2,,single
1791339830,1996930,7,,single
1791339832,1777390,3,,single
1791339833,907090,11,,single
1791339835,1997470,4,,single
1791339836,1276610,3,,single
1791339837,1336060,1,,single
1791339839,2258940,4,,single
1791339841,1159520,2,,single
1791339842,13200,0,,single
1791339844,1597460,15,,single
1791339845,516510,0,,single
1791339847,1984350,0,,single
1791339848,1899700,4,,single
1791339850,2147110,0,,single
1791339851,356430,8,,single
1791339853,1137410,0,,single
1791339854,1427860,17,,single
1791339855,2270600,3,,single
1791339857,323460,1,,single
1791339858,2552850,26,,single
1791339860,1354760,11,,single
1791339861,1065180,0,,single
1791339863,991710,68,,single
1791339864,2207970,1,,single
1791339865,1702140,24,,single
1791339867,1111030,83,,single
1791339868,1709920,97,,single
1791339869,1121310,0,,single
1791339871,1918520,28,,single
1791339872,1044450,2,,single
1791339874,905450,1,,single
1791339875,1565220,0,,single
1791339877,1693280,5,,single
1791339878,1859020,0,,single
1791339880,407420,0,,single
1791339881,1072120,13,,single
1791339882,2081460,0,,single
1791339884,1925210,0,,single
1791339885,306290,12,,single
1791339887,433300,3,,single
1791339888,319540,0,,single
1791339890,2060480,32,,single
1791339891,2546970,1,,single
1791339892,1642890,22,,single
1791339894,1967870,1,,single
1791339895,1150720,3,,single
1791339897,1104340,1,,single
1791339898,1527980,0,,single
1791339899,1448750,3,,single
1791339901,550310,0,,single
1791339903,898580,1,,single
1791339904,2061230,0,,single
1791339905,1658620,8,,single
1791339907,1177970,25,,single
1791339908,2492430,349,,single
1791339910,2170050,0,,single
1791339911,2442230,5,,single
1791339912,904960,3,,single
1791339914,316260,1,,single
1791339916,1200330,10,,single
1791339917,1864080,2,,single
1791339919,1161190,1,,single
1791339920,2130380,0,,single
1791339922,1609160,1,,single
1791339923,1789470,1,,single
1791339924,1366850,0,,single
1791339927,2575060,2,,single
1791339929,1056390,0,,single
1791339930,357500,1,,single
1791339931,1724320,0,,single
1791339933,1477020,0,,single
1791339934,761910,3,,single
1791339935,1270210,6,,single
1791339937,831660,3,,single
1791339938,524110,0,,single
1791339940,965810,1,,single
1791339941,1135440,0,,single
1791339943,1373950,6,,single
1791339944,670900,1,,single
1791339946,562350,1,,single
1791339947,1349030,1,,single
1791339948,1315160,2,,single
1791339950,1830720,0,,single
1791339951,2424440,2,,single
1791339952,1906220,2,,single
1791339954,2014910,1,,single
1791339955,1446850,18,,single
1791339957,1932230,1,,single
1791339958,864680,1,,single
1791339959,2130000,0,,single
1791339961,2283780,6,,single
1791339963,2337630,0,,single
1791339964,37240,15,,single
1791339966,1398070,0,,single
1791339967,565170,1,,single
1791339969,982220,15,,single
1791339970,1672920,0,,single
1791339972,2222540,1,,single
1791339973,2461430,5,,single
1791339974,1909270,0,,single
1791339976,2519560,0,,single
1791339978,980830,0,,single
1791339979,491330,0,,single
1791339980,1518440,3,,single
1791339982,9030,0,,single
1791339984,1106860,0,,single
1791339985,2187920,7,,single
1791339987,1606280,0,,single
1791339988,1594410,0,,single
1791339990,2523910,8,,single
1791339991,1594090,0,,single
1791339993,2014620,4,,single
1791339994,1407210,3,,single
1791339996,1528550,0,,single
1791339997,2420330,0,,single
1791339999,1938630,0,,single
1791340000,361360,2,,single
1791340002,793150,1,,single
1791340003,1668610,0,,single
1791340005,2499420,0,,single
1791340006,1441240,1,,single
1791340007,331970,0,,single
1791340009,297470,1,,single
1791340010,1243880,0,,single
1791340012,2373440,3,,single
1791340013,1742470,0,,single
1791340014,359940,0,,single
1791340016,2546690,2,,single
1791340018,1346770,1,,single
1791340019,2193070,3,,single
1791340021,1770600,3,,single
1791340022,1916270,5,,single
1791340024,1611070,6,,single
1791340025,2083840,1,,single
1791340026,375440,2,,single
1791340029,1245780,0,,single
1791340030,2589200,2,,single
1791340031,1493730,1,,single
1791340033,1837230,1,,single
1791340034,1565890,2,,single
1791340036,546230,1,,single
1791340037,1960630,0,,single
1791340039,1823710,5,,single
1791340040,1553230,2,,single
1791340041,1290220,0,,single
1791340043,1200730,2,,single
1791340044,2262220,1,,single
1791340046,1233900,0,,single
1791340047,1921770,7,,single
1791340049,569970,0,,single
1791340050,1141290,14,,single
1791340052,340990,0,,single
1791340053,1888070,4,,single
1791340055,1748050,0,,single
1791340056,2108950,5,,single
1791340057,936960,0,,single
1791340059,2085970,7,,single
1791340060,2190200,12,,single
1791340062,2206460,0,,single
1791340063,2071520,0,,single
1791340064,3642010,6,,single
1791340066,774651,2,,single
1791340067,2257720,1,,single
1791340069,3095170,10,,single
1791340070,3962270,9,,single
1791340071,1597220,28,,single
1791340073,2377240,1,,single
1791340074,2971960,0,,single
1791340076,3814970,5,,single
1791340077,4355490,24,,single
1791340079,2564960,17,,single
1791340080,3603100,1,,single
1791340081,1673320,0,,single
1791340083,3249380,1,,single
1791340084,3997900,0,,single
1791340086,485000,2,,single
1791340087,1449630,2,,single
1791340089,3742830,9,,single
1791340090,3987810,9,,single
1791340092,2510490,1,,single
1791340093,3575730,0,,single
1791340094,2282020,5,,single
1791340096,3418150,56,,single
1791340097,3807550,2,,single
1791340099,4950470,248,,single
1791340100,328500,0,,single
1791340101,3444650,48,,single
1791340103,3526830,6,,single
1791340104,4040210,1,,single
1791340106,869690,0,,single
1791340107,1674340,1,,single
1791340109,2416650,0,,single
1791340110,3065090,63,,single
1791340112,3512300,0,,single
1791340113,1570020,0,,single
1791340114,2781250,3,,single
1791340116,4508570,4,,single
1791340117,2474770,23,,single
1791340119,3875050,38,,single
1791340120,908060,3,,single
1791340122,2169220,13,,single
1791340123,2688650,1,,single
1791340125,3821860,2,,single
1791340126,4609770,10,,single
1791340128,2550140,0,,single
1791340129,4486290,20,,single
1791340130,3814570,16,,single
1791340132,4235230,1,,single
1791340133,1246250,0,,single
1791340135,2179630,0,,single
1791340137,3569400,1,,single
1791340138,2372170,0,,single
1791340140,3860100,1,,single
1791340141,1449000,0,,single
1791340143,3408380,1,,single
1791340144,4289150,0,,single
1791340146,2484580,2,,single
1791340147,3376290,2,,single
1791340149,4405880,4,,single
1791340150,2598930,1,,single
1791340152,3837390,0,,single
1791340153,2411360,4,,single
1791340154,3214000,1,,single
1791340156,3759820,60,,single
1791340157,550590,0,,single
1791340159,1280260,1,,single
1791340160,1498120,1,,single
1791340162,1924680,1,,single
1791340163,3247200,13,,single
1791340165,3962070,0,,single
1791340166,1248840,0,,single
1791340167,3580110,1,,single
1791340169,341030,1,,single
1791340170,1902940,16,,single
1791340171,2085410,2,,single
1791340173,2648900,5,,single
1791340174,3239650,3,,single
1791340176,4151830,4,,single
1791340177,1985680,1,,single
1791340179,3381130,35,,single
1791340180,574200,0,,single
1791340182,1895780,1,,single
1791340183,3298520,502,,single
1791340184,2217550,41,,single
1791340186,3509430,3,,single
1791340187,4057940,0,,single
1791340189,669500,0,,single
1791340190,2345770,2,,single
1791340191,3040390,4,,single
1791340193,3130800,3,,single
1791340194,3571560,1,,single
1791340196,4636370,42,,single
1791340198,1461770,0,,single
1791340199,2534370,2,,single
1791340201,3721890,4,,single
1791340202,4339280,12,,single
1791340203,931060,2,,single
1791340205,2363180,0,,single
1791340206,2585270,0,,single
1791340208,4428630,17,,single
1791340209,1083190,0,,single
1791340210,2741260,9,,single
1791340212,3298820,0,,single
1791340213,971470,0,,single
1791340215,2059090,1,,single
1791340217,2925410,0,,single
1791340218,3912370,1,,single
1791340220,368720,0,,single
1791340221,2726370,3,,single
1791340223,3212180,1,,single
1791340224,3456930,6,,single
1791340227,3897540,4,,single
1791340228,4885890,6,,single
1791340230,1998050,0,,single
1791340231,2923350,0,,single
1791340233,3306990,4,,single
1791340234,4173970,11,,single
1791340236,1205170,0,,single
1791340237,2304730,0,,single
1791340238,3422270,32,,single
1791340240,4108760,0,,single
1791340241,3394080,4,,single
1791340243,3907880,18,,single
1791340244,1852520,0,,single
1791340246,3409760,65,,single
1791340247,1363840,4,,single
1791340249,2836990,9,,single
1791340251,3029540,23,,single
1791340253,3958640,1,,single
1791340254,3242090,40,,single
1791340255,3508730,2,,single
1791340257,1190600,25,,single
1791340258,1853830,2,,single
1791340260,2319160,0,,single
1791340261,2632800,0,,single
1791340262,3347620,1,,single
1791340264,3908810,2,,single
1791340266,4540820,7,,single
1791340267,4629600,2,,single
1791340268,3315770,0,,single
1791340270,4626940,27,,single
1791340271,3967130,29,,single
1791340273,4540090,4,,single
1791340274,4921760,64,,single
1791340276,3222890,5,,single
1791340277,4663300,20,,single
1791340278,4290680,8,,single
1791340280,4289340,48,,single
1791340281,3590360,52,,single
1791340283,4517190,6,,single
1791340284,4650950,4,,single
1791340286,4945850,12,,single
1791340287,4539530,4,,single
1791340289,4225890,97,,single
1791340290,3423990,4,,single
1791340292,3160640,9,,single
1791340293,3994120,16,,single
1791340294,4607690,7,,single
1791340296,2100020,15,,single
1791340297,4281060,2,,single
1791340299,4235410,4,,single
1791340300,4011300,5,,single
1791340301,4588930,1,,single
1791340303,3507880,3,,single
1791340305,4629900,94,,single
1791340306,4172180,5,,single
1791340308,4860970,7,,single
1791340309,3935270,6,,single
1791340310,4611990,12,,single
1791340312,4226580,2,,single
1791340313,4271680,22,,single
1791340315,3176720,1,,single
1791340316,4677280,1,,single
1791340318,4632540,18,,single
1791340319,4300950,5,,single
1791340321,4077060,3,,single
1791340322,3417140,5,,single
1791340323,4143220,1,,single
1791340325,4129770,0,,single
1791340326,2332150,10,,single
1791340328,4209830,1,,single
1791340329,3294440,1,,single
1791340330,3957050,8,,single
1791340332,3764970,2,,single
1791340333,3084370,1,,single
1791340335,4661260,1,,single
1791340336,2656050,1,,single
1791340337,4448490,6,,single
1791340339,4054100,11,,single
1791340340,4826200,20,,single
1791340342,4977680,44,,single
1791340343,4920100,0,,single
1791340345,2598990,8,,single
1791340346,4000770,0,,single
1791340348,4485850,4,,single
1791340349,4881490,0,,single
1791340350,992840,0,,single
1791340352,4266960,118,,single
1791340353,4476070,1,,single
1791340355,2682270,1,,single
1791340356,4723300,1,,single
1791340358,4412960,0,,single
1791340359,5048740,2,,single
1791340360,3714180,4,,single
1791340362,4653120,21,,single
1791340363,4202710,6,,single
1791340365,1939390,1,,single
1791340366,2958210,2,,single
1791340367,4711680,2,,single
1791340369,3647190,0,,single
1791340371,782260,0,,single
1791340372,3834590,18,,single
1791340374,4051900,9,,single
1791340375,4597380,3,,single
1791340377,4018550,3,,single
1791340378,3722660,2,,single
1791340379,2521170,2,,single
1791340381,4210010,26,,single
1791340383,4342570,0,,single
1791340384,4113050,5,,single
1791340387,3088400,14,,single
1791340388,4438540,217,,single
1791340389,4278010,0,,single
1791340391,3152750,1,,single
1791340392,4317900,4,,single
1791340394,4323800,1,,single
1791340395,4676570,2,,single
1791340396,4216280,3,,single
1791340398,3257760,4,,single
1791340399,4358310,23,,single
1791340401,4453300,44,,single
1791340402,2481810,5,,single
1791340403,2765790,1,,single
1791340405,2219390,3,,single
1791340406,4582080,15,,single
1791340408,3825600,3,,single
1791340409,3323490,2,,single
1791340410,3227240,0,,single
1791340412,2783370,1,,single
1791340413,3920300,0,,single
1791340415,4121610,4,,single
1791340416,4613890,7,,single
1791340418,4652730,44,,single
1791340419,4358380,2,,single
1791340421,4209160,8,,single
1791340422,3815550,13,,single
1791340424,4502210,1,,single
1791340425,4151820,3,,single
1791340427,4652340,0,,single
1791340428,3635130,0,,single
1791340429,3463400,2,,single
1791340431,3810680,2,,single
1791340432,4583230,5,,single
1791340434,3136320,2,,single
1791340436,4385270,2,,single
1791340437,4042330,0,,single
1791340438,4617670,14,,single
1791340440,4293110,8,,single
1791340441,4422430,1,,single
1791340443,4571480,0,,single
1791340444,3522360,3,,single
1791340446,4617230,1,,single
1791340447,4383880,2,,single
1791340449,4375120,6,,single
1791340450,3915120,0,,single
1791340451,4404580,0,,single
1791340453,3898970,28,,single
1791340454,4328400,7,,single
1791340456,3515530,26,,single
1791340457,1944040,3,,single
1791340459,4030830,108,,single
1791340460,4334840,32,,single
1791340462,4169770,3,,single
1791340463,3894790,21,,single
1791340465,1281640,1,,single
1791340466,2651350,38,,single
1791340467,4056810,5,,single
1791340469,3880410,1,,single
1791340470,3992580,4,,single
1791340472,3828610,3,,single
1791340473,3723050,2,,single
1791340474,1466520,1,,single
1791340476,3740010,0,,single
1791340477,4705620,0,,single
1791340479,4322960,4,,single
1791340481,3265290,3,,single
1791340482,4446010,2,,single
1791340484,4716540,1,,single
1791340485,3936610,0,,single
1791340487,4160880,2,,single
1791340488,4389960,8,,single
1791340489,3383040,2,,single
1791340491,4397060,18,,single
1791340492,4162290,0,,single
1791340494,4625760,108,,single
1791340495,4490130,13,,single
1791340496,4020320,1,,single
1791340498,4585880,4,,single
1791340499,1395930,0,,single
1791340501,3584870,2,,single
1791340502,3845640,2,,single
1791340504,4290390,1,,single
1791340505,2900050,0,,single
1791340507,4698860,0,,single
1791340508,4606620,6,,single
1791340510,4398690,40,,single
1791340511,3484850,18,,single
1791340513,3115240,7,,single
1791340514,2369580,0,,single
1791340516,3228580,7,,single
1791340518,4291500,1,,single
1791340519,4417950,1,,single
1791340521,3061390,4,,single
1791340522,4179280,0,,single
1791340524,3496890,4,,single
1791340525,4077400,0,,single
1791340528,4183230,1,,single
1791340529,3537690,4,,single
1791340531,4330860,31,,single
1791340532,4293310,0,,single
1791340534,3892910,3,,single
1791340535,3127750,1,,single
1791340536,3887090,34,,single
1791340538,3432650,0,,single
1791340539,4192770,10,,single
1791340541,2980170,2,,single
1791340542,4354300,2,,single
1791340544,3470370,2,,single
1791340545,3181890,0,,single
1791340547,4389400,6,,single
1791340548,3336240,3,,single
1791340550,3930150,1,,single
1791340551,4237210,0,,single
1791340553,4079340,2,,single
1791340554,3208910,0,,single
1791340556,2423290,3,,single
1791340558,2141280,0,,single
1791340559,3585520,1,,single
1791340561,4295730,0,,single
1791340562,3634010,4,,single
1791340564,3723430,1,,single
1791340565,3172440,5,,single
1791340567,1811190,0,,single
1791340568,4014040,26,,single
1791340570,3229980,0,,single
1791340571,3104000,1,,single
1791340573,4459820,0,,single
1791340574,4663660,9,,single
1791340575,2270540,2,,single
1791340577,4280940,8,,single
1791340579,3969150,12,,single
1791340581,4417890,0,,single
1791340582,4082900,9,,single
1791340583,1924070,2,,single
1791340585,3955660,11,,single
1791340587,4371680,87,,single
1791340588,2928410,11,,single
1791340590,2906070,4,,single
1791340591,4020880,3,,single
1791340593,3811840,2,,single
1791340594,4114120,0,,single
1791340595,3003120,5,,single
1791340597,4530880,4,,single
1791340598,3079160,3,,single
1791340600,4282510,4,,single
1791340601,4532140,6,,single
1791340603,3127770,0,,single
1791340639,3299080,13,,single
1791340641,3691420,8,,single
1791340642,2432240,0,,single
1791340644,2778210,3,,single
1791340645,2230450,0,,single
1791340647,4513410,6,,single
1791340648,2965220,7,,single
1791340649,4185580,2,,single
1791340651,2096260,1,,single
1791340652,3144450,2,,single
1791340654,3583970,4,,single
1791340656,3433610,1,,single
1791340658,4007490,1,,single
1791340659,2294780,6,,single
1791340661,2715870,1,,single
1791340662,3916390,0,,single
1791340664,3247720,1,,single
1791340665,4280890,2,,single
1791340667,4562850,0,,single
1791340668,4017820,1,,single
1791340670,2902740,238,,single
1791340671,2511210,0,,single
1791340673,4338800,4,,single
1791340675,4486210,1,,single
1791340676,3966350,0,,single
1791340679,4175140,1,,single
1791340681,2134390,1,,single
1791340685,3143290,0,,single
1791340686,4015470,0,,single
1791340687,4546840,24,,single
1791340689,4144990,2,,single
1791340691,1759150,0,,single
1791340692,3779540,2,,single
1791340693,4078210,1,,single
1791340695,1748110,0,,single
1791340696,2330930,23,,single
1791340698,3734400,2,,single
1791340699,3969080,231,,single
1791340701,3600990,1,,single
1791340702,2832310,0,,single
1791340704,4294620,6,,single
1791340705,995680,1,,single
1791340707,3809410,5,,single
1791340708,3629290,6,,single
1791340709,2867470,5,,single
1791340711,2406680,1,,single
1791340712,4428790,2,,single
1791340714,1778050,2,,single
1791340715,2891370,1,,single
1791340717,3913310,1,,single
1791340718,3114370,0,,single
1791340720,3990760,0,,single
1791340721,3931060,4,,single
1791340723,4385600,2,,single
1791340724,4332150,0,,single
1791340725,3833300,2,,single
1791340727,3669600,2,,single
1791340728,3831080,2,,single
1791340730,3453530,3,,single
1791340731,2145460,0,,single
1791340733,1830290,0,,single
1791340734,3954580,0,,single
1791340736,3896970,3,,single
1791340738,3974110,0,,single
1791340739,4508060,1,,single
1791340741,2997840,0,,single
1791340742,4223140,1,,single
1791340744,3947980,0,,single
1791340745,1401630,2,,single
1791340747,3766810,5,,single
1791340748,4255490,0,,single
1791340750,2948080,1,,single
1791340751,2724040,0,,single
1791340753,3856210,2,,single
1791340754,3498010,1,,single
1791340756,4341360,1,,single
1791340757,3841010,2,,single
1791340759,3522640,28,,single
1791340761,2408350,1,,single
1791340762,2452130,1,,single
1791340764,2116610,1,,single
1791340765,3146140,5,,single
1791340768,4249650,0,,single
1791340769,3252360,0,,single
1791340771,2656490,0,,single
1791340772,4226350,1,,single
1791340774,4270630,0,,single
1791340775,2976890,0,,single
1791340777,4319350,1,,single
1791340778,2984450,1,,single
1791340780,4044510,8,,single
1791340781,3914780,12,,single
1791340783,4340600,39,,single
1791340784,4355950,19,,single
1791340786,4007140,161,,single
1791340788,2622690,0,,single
1791340789,2781470,0,,single
1791340791,4216710,6,,single
1791340792,2968860,0,,single
1791340794,3567010,1,,single
1791340795,3954850,1,,single
1791340797,4382250,1,,single
1791340798,2878580,0,,single
1791340800,3721960,0,,single
1791340801,3062650,1,,single
1791340803,2214620,0,,single
1791340804,2496090,9,,single
1791340806,4310570,0,,single
1791340807,4119610,0,,single
1791340809,3308960,1,,single
1791340811,1933930,0,,single
1791340812,4131900,0,,single
1791340814,4254300,14,,single
1791340815,808610,1,,single
1791340817,3903800,2,,single
1791340818,2017480,0,,single
1791340820,3334520,2,,single
1791340821,2352670,2,,single
1791340823,3614160,0,,single
1791340824,2919510,2,,single
1791340826,4230120,0,,single
1791340827,4122810,2,,single
1791340828,3947490,10,,single
1791340830,4244930,0,,single
1791340831,3834480,2,,single
1791340833,1897060,0,,single
1791340835,4215730,5,,single
1791340836,3073070,0,,single
1791340838,4283340,1,,single
1791340839,1872510,1,,single
1791340841,4260720,3,,single
1791340842,2964960,0,,single
1791340844,2604490,2,,single
1791340845,4213380,5,,single
1791340847,3927780,1,,single
1791340848,2547320,0,,single
1791340850,3439430,0,,single
1791340851,4254400,2,,single
1791340853,4280230,0,,single
1791340854,3933710,18,,single
1791340856,3655610,3,,single
1791340857,2885060,0,,single
1791340858,3576880,0,,single
1791340860,4123780,36,,single
1791340861,4094120,26,,single
1791340863,3585160,1,,single
1791340864,1578720,4,,single
1791340866,3929970,2,,single
1791340867,3273660,2,,single
1791340869,3894980,0,,single
1791340870,3098170,1,,single
1791340872,3873190,0,,single
1791340873,3924000,0,,single
1791340875,3587490,9,,single
1791340876,3669740,9,,single
1791340878,4041630,1,,single
1791340879,3468400,0,,single
1791340881,3462600,2,,single
1791340882,4160290,0,,single
1791340884,3074840,0,,single
1791340885,4211840,0,,single
1791340887,3409620,0,,single
1791340889,4217660,1,,single
1791340890,3854060,1,,single
1791340892,3556670,0,,single
1791340893,1631980,0,,single
1791340895,3241940,0,,single
1791340896,3490280,1,,single
1791340898,3808010,0,,single
1791340899,3929990,2,,single
1791340901,3960150,2,,single
1791340902,3273700,0,,single
1791340904,2865430,4,,single
1791340905,3024370,0,,single
1791340907,3690390,0,,single
1791340908,3405540,3,,single
1791340910,3725910,0,,single
1791340911,2269540,3,,single
1791340913,3354220,17,,single
1791340914,3531470,0,,single
1791340916,2672470,3,,single
1791340917,3099630,0,,single
1791340919,4145450,2,,single
1791340920,3837380,0,,single
1791340922,2873810,0,,single
1791340923,3771390,1,,single
1791340925,3898150,0,,single
1791340927,3054210,2,,single
1791340928,2076520,1,,single
1791340930,3956340,2,,single
1791340931,3342800,0,,single
1791340933,3367500,1,,single
1791340934,4007740,330,,single
1791340936,2213330,1,,single
1791340937,3877090,0,,single
1791340939,3585230,18,,single
1791340940,3778040,3,,single
1791340941,2085620,1,,single
1791340943,3365040,35,,single
1791340944,3170350,14,,single
1791340946,1893440,3,,single
1791340947,3905630,2,,single
1791340949,3601890,0,,single
1791340950,2790190,0,,single
1791340952,2122880,4,,single
1791340953,3191110,0,,single
1791340955,3750430,914,,single
1791340956,2550790,0,,single
1791340958,3820810,4,,single
1791340959,3364970,2,,single
1791340961,3790640,1,,single
1791340962,2670960,0,,single
1791340964,3782120,0,,single
1791340965,3979710,1,,single
1791340967,3108130,1,,single
1791340968,3696700,0,,single
1791340969,3996450,0,,single
1791340971,2952180,0,,single
1791340972,1538010,0,,single
1791340974,3077190,0,,single
1791340977,3969010,0,,single
1791340978,3488460,0,,single
1791340980,3609980,1,,single
1791340981,3704300,6,,single
1791340983,3582440,3,,single
1791340985,3550490,11,,single
1791340986,3696410,1,,single
1791340988,1497430,0,,single
1791340989,3783210,0,,single
1791340991,2472940,1,,single
1791340993,3829340,83,,single
1791340994,2747650,2,,single
1791340996,3509180,0,,single
1791340997,3566840,0,,single
1791340999,3690460,9,,single
1791341000,3619760,1,,single
1791341002,3433230,1,,single
1791341004,4015300,3,,single
1791341006,4036850,1,,single
1791341007,2827960,4,,single
1791341009,3794810,26,,single
1791341010,2685570,0,,single
1791341012,4054680,0,,single
1791341013,3708660,0,,single
1791341015,3993510,28,,single
1791341016,2767910,2,,single
1791341018,3689390,0,,single
1791341019,3352310,1,,single
1791341020,3091010,0,,single
1791341022,2906280,3,,single
1791341024,3928970,0,,single
1791341025,3079770,0,,single
1791341027,3979440,0,,single
1791341028,3838280,4,,single
1791341030,3025310,0,,single
1791341031,2526560,1,,single
1791341033,3639970,0,,single
1791341035,3956470,2,,single
1791341036,2488430,2,,single
1791341038,3621930,0,,single
1791341039,2800280,0,,single
1791341041,3296910,0,,single
1791341042,3510060,0,,single
1791341044,3170570,12,,single
1791341045,3674980,5,,single
1791341047,3813590,35,,single
1791341048,1575810,1,,single
1791341050,3189790,0,,single
1791341051,3621050,3,,single
1791341053,3208630,2,,single
1791341054,3908200,0,,single
1791341055,3965810,2,,single
1791341057,2865670,1,,single
1791341058,2644590,0,,single
1791341060,3907100,0,,single
1791341062,2503550,2,,single
1791341063,3675160,4,,single
1791341065,2189310,1,,single
1791341067,3914710,15,,single
1791341068,3772010,0,,single
1791341070,3858850,0,,single
1791341072,1794830,0,,single
1791341073,3521490,1,,single
1791341075,1952690,0,,single
1791341076,2273850,1,,single
1791341078,3950280,0,,single
1791341079,3833800,2,,single
1791341081,3442880,2,,single
1791341082,3629360,1,,single
1791341084,3419810,1,,single
1791341085,3947300,2,,single
1791341087,2299690,0,,single
1791341088,1476400,1,,single
1791341090,3978150,0,,single
1791341091,3273980,2,,single
1791341093,3176190,0,,single
1791341094,2549650,0,,single
1791341096,3301820,2,,single
1791341098,3864010,0,,single
1791341099,3062150,1,,single
1791341101,2475010,2,,single
1791341102,3649900,0,,single
1791341104,3123120,1,,single
1791341105,2582470,0,,single
1791341107,3831660,2,,single
1791341108,1543960,2,,single
1791341110,3898040,2,,single
1791341111,3906770,0,,single
1791341113,3635220,17,,single
1791341114,3656400,7,,single
1791341116,3622760,2,,single
1791341117,3221170,1,,single
1791341119,2878220,1,,single
1791341121,3883760,2,,single
1791341122,3446170,1,,single
1791341124,3393740,1,,single
1791341127,3551370,3,,single
1791341128,3553750,4,,single
1791341130,3583790,1,,single
1791341132,2221390,0,,single
1791341133,2484630,4,,single
1791341135,3826300,2,,single
1791341136,3304760,1,,single
1791341138,3280020,0,,single
1791341139,2244520,0,,single
1791341140,3759780,2,,single
1791341142,3880640,1,,single
1791341144,3086120,5,,single
1791341145,3589010,0,,single
1791341147,2914490,3,,single
1791341148,3202950,2,,single
1791341150,1906040,2,,single
1791341151,1548180,3,,single
1791341153,2967630,1,,single
1791341154,2251400,0,,single
1791341156,3588630,1,,single
1791341157,2397450,1,,single
1791341159,2098160,13,,single
1791341160,2323200,0,,single
1791341162,3253150,7,,single
1791341163,3395930,0,,single
1791341165,2131550,1,,single
1791341166,2797650,3,,single
1791341168,3557690,1,,single
1791341170,3452270,0,,single
1791341171,1308940,0,,single
1791341173,2651220,1,,single
1791341174,3531640,0,,single
1791341176,3655580,1,,single
1791341177,3618760,37,,single
1791341179,2804440,1,,single
1791341180,3210330,5,,single
1791341182,3657450,0,,single
1791341183,3196520,5,,single
1791341185,3748090,31,,single
1791341186,2924580,0,,single
1791341188,1856600,4,,single
1791341189,2812670,1,,single
1791341191,3650100,0,,single
1791341192,3466430,0,,single
1791341194,3026310,2,,single
1791341195,3720340,2,,single
1791341197,3583310,0,,single
1791341198,2862890,5,,single
1791341200,3749780,0,,single
1791341201,3362040,0,,single
1791341203,3207300,0,,single
1791341204,3356340,0,,single
1791341206,2870150,0,,single
1791341207,3235170,0,,single
1791341209,3626090,0,,single
1791341210,3223330,0,,single
1791341212,1498060,1,,single
1791341213,3131280,1,,single
1791341215,3185000,1,,single
1791341216,3025590,0,,single
1791341218,1708950,2,,single
1791341220,3515550,0,,single
1791341222,1878490,2,,single
1791341223,3525360,0,,single
1791341225,3620000,5,,single
1791341226,1644750,0,,single
1791341228,3601190,6,,single
1791341230,3441450,11,,single
1791341231,2623040,0,,single
1791341233,3395500,0,,single
1791341234,3741350,0,,single
1791341236,1885380,0,,single
1791341238,3665800,0,,single
1791341239,3646650,0,,single
1791341241,3410640,0,,single
1791341242,3683690,1,,single
1791341244,2799350,10,,single
1791341245,3362120,0,,single
1791341247,3183730,1,,single
1791341248,3627340,0,,single
1791341250,3383430,0,,single
1791341252,3352180,14,,single
1791341253,2828490,2,,single
1791341254,1779030,0,,single
1791341256,3408060,0,,single
1791341257,3366710,2,,single
1791341259,3425890,2,,single
1791341261,3138170,0,,single
1791341262,2851110,0,,single
1791341264,3383700,3,,single
1791341265,3500640,1,,single
1791341267,3400520,0,,single
1791341268,3263710,0,,single
1791341269,3072000,31,,single
1791341271,3446850,0,,single
1791341272,2254410,0,,single
1791341274,2767950,2,,single
1791341275,3057290,5,,single
1791341277,3349850,0,,single
1791341278,2948310,1,,single
1791341280,2885620,0,,single
1791341281,3133180,0,,single
1791341283,3356740,2,,single
1791341284,3017110,3,,single
1791341286,1745680,1,,single
1791341287,3306780,1,,single
1791341289,3222850,3,,single
1791341290,2485910,0,,single
1791341291,2067310,0,,single
1791341293,2809820,0,,single
1791341294,2191680,0,,single
1791341296,3034520,1,,single
1791341297,3230020,2,,single
1791341299,3090870,0,,single
1791341300,2999510,1,,single
1791341301,3136030,0,,single
1791341303,2945900,0,,single
1791341304,3172790,0,,single
1791341306,3076620,21,,single
1791341307,3070830,59,,single
1791341309,3141480,8,,single
1791341310,3101720,2,,single
1791341312,2983260,2,,single
1791341313,2487680,57,,single
1791341314,2545650,2,,single
1791341316,3118290,1,,single
1791341317,2940120,1,,single
1791341319,3088770,78,,single
1791341320,3060080,65,,single
1791341322,2921870,10,,single
1791341323,3066230,70,,single
1791341325,3083200,56,,single
1791341326,3097670,60,,single
1791341328,2836290,1,,single
1791341329,2791180,2,,single
1791341331,3071740,62,,single
1791341332,3064410,0,,single
1791341334,3062580,55,,single
1791341335,3064160,70,,single
1791341337,3048820,0,,single
1791341338,3076350,87,,single
1791341339,3107440,4,,single
1791341341,3059840,70,,single
1791341342,2716030,0,,single
1791341344,3099520,63,,single
1791341345,3057850,92,,single
1791341347,2936220,12,,single
1791341348,3061500,82,,single
1791341350,3076520,65,,single
1791341351,2940890,1,,single
1791341352,3008970,1,,single
1791341354,3069530,82,,single
1791341355,2996190,15,,single
1791341357,3012510,0,,single
1791341358,3013470,71,,single
1791341360,2788960,1,,single
1791341362,1304130,0,,single
1791341363,2830700,0,,single
1791341364,2717710,0,,single
1791341366,2525810,0,,single
1791341367,1866320,2,,single
1791341369,2915930,22,,single
1791341370,2941600,11,,single
1791341372,2857560,20,,single
1791341373,2889370,0,,single
1791341375,1651090,0,,single
1791341376,2738900,2,,single
1791341377,2424740,1,,single
1791341379,2850300,0,,single
1791341380,2841010,16,,single
1791341382,2161620,0,,single
1791341383,2776950,0,,single
1791341384,2622750,8,,single
1791341386,2746000,0,,single
1791341387,2579430,0,,single
1791341389,2676820,0,,single
1791341390,2735950,0,,single
1791341392,2429890,0,,single
1791341393,2520950,0,,single
1791341395,1554680,0,,single
1791341396,1373350,0,,single
1791341398,1671510,0,,single
1791341399,1176050,6,,single
1791341400,4158970,2,,single
1791341402,1237540,0,,single
1791341403,2911250,3,,single
1791341405,1542100,0,,single
1791341406,2320130,29,,single
1791341408,2547120,3,,single
1791341409,624120,9,,single
1791341411,1537080,1,,single
1791341412,3771570,0,,single
1791341413,1357840,0,,single
1791341415,3638180,3,,single
1791341417,2415240,3,,single
1791341418,3009830,1,,single
1791341419,736860,0,,single
1791341421,2254000,7,,single
1791341422,618620,3,,single
1791341424,1283500,0,,single
1791341426,2525230,0,,single
1791341428,461820,0,,single
1791341430,1418720,1,,single
1791341431,2134030,14,,single
1791341433,4783540,65,,single
1791341434,1422940,3,,single
1791341436,1642260,0,,single
1791341437,2483970,0,,single
1791341439,312920,0,,single
1791341440,1093520,0,,single
1791341441,2098130,1,,single
1791341443,3932130,11,,single
1791341444,1103800,1,,single
1791341446,1824250,0,,single
1791341447,2407350,0,,single
1791341449,4142300,3,,single
1791341450,563200,13,,single
1791341451,1614890,0,,single
1791341453,3207780,4,,single
1791341454,521980,0,,single
1791341456,998220,0,,single
1791341457,1813820,1,,single
1791341459,3682700,0,,single
1791341460,1397290,2,,single
1791341462,3436350,4,,single
1791341463,747970,27,,single
1791341464,1556190,0,,single
1791341466,1870140,4,,single
1791341467,2321310,0,,single
1791341469,2697060,2,,single
1791341470,3544130,5,,single
1791341472,32650,1,,single
1791341473,628920,0,,single
1791341475,975000,4,,single
1791341477,1551560,1,,single
1791341478,1807450,0,,single
1791341479,2119680,17,,single
1791341481,2380410,1,,single
1791341482,16100,10,,single
1791341484,1126990,1,,single
1791341485,1476170,0,,single
1791341487,1816140,7,,single
1791341488,2564050,1,,single
1791341490,31900,1,,single
1791341491,1290350,2,,single
1791341493,1596440,1,,single
1791341494,2060170,5,,single
1791341495,3298250,1,,single
1791341497,851180,6,,single
1791341498,1186030,1,,single
1791341500,1568880,0,,single
1791341501,2360260,2,,single
1791341503,3205430,5,,single
1791341504,50990,10,,single
1791341506,2265180,0,,single
1791341507,3732310,4,,single
1791341508,4033150,2,,single
1791341510,809850,2,,single
1791341511,1286330,0,,single
1791341513,1642620,4,,single
1791341514,1952170,10,,single
1791341515,4280140,2,,single
1791341517,1257310,1,,single
1791341518,1949980,4,,single
1791341520,2613010,0,,single
1791341521,666730,0,,single
1791341522,930310,1,,single
1791341524,1377260,5,,single
1791341525,2401460,1,,single
1791341527,2652480,1,,single
1791341528,3427660,243,,single
1791341529,432310,4,,single
1791341531,886730,4,,single
1791341532,1048660,1,,single
1791341534,2287980,3,,single
1791341535,5033210,948,,single
1791341537,757200,0,,single
1791341538,1730910,53,,single
1791341540,514160,1,,single
1791341541,618610,0,,single
1791341542,951260,0,,single
1791341544,1425130,1,,single
1791341545,1729300,0,,single
1791341547,1934910,1,,single
1791341548,2491040,3,,single
1791341549,3204510,0,,single
1791341551,950700,0,,single
1791341552,1591490,1,,single
1791341554,2011410,1,,single
1791341555,2687990,1,,single
1791341557,572730,7,,single
1791341558,2371130,1,,single
1791341559,4821420,24,,single
1791341561,688140,0,,single
1791341562,1008800,1,,single
1791341564,1822710,1,,single
1791341565,2068710,0,,single
1791341567,3114500,2,,single
1791341568,3870580,1,,single
1791341569,789950,0,,single
1791341571,1533470,0,,single
1791341572,2174320,11,,single
1791341574,2994260,5,,single
1791341575,368000,0,,single
1791341577,551550,1,,single
1791341578,795510,1,,single
1791341579,881490,4,,single
1791341581,1512390,0,,single
1791341582,2066460,0,,single
1791341584,2304170,1,,single
1791341585,2710970,7,,single
1791341586,3263380,127,,single
1791341588,628660,3,,single
1791341589,1389840,0,,single
1791341590,1552730,0,,single
1791341592,2278010,0,,single
1791341593,2470860,2,,single
1791341595,3427420,0,,single
1791341596,620700,0,,single
1791341597,1042020,0,,single
1791341599,1367320,7,,single
1791341600,1465950,0,,single
1791341602,1825740,1,,single
1791341603,2114970,1,,single
1791341605,2820590,0,,single
1791341606,3607470,1,,single
1791341607,40320,1,,single
1791341609,502240,1,,single
1791341610,632800,1,,single
1791341611,1117310,1,,single
1791341613,1507410,6,,single
1791341614,2182690,6,,single
1791341616,3160880,0,,single
1791341617,718200,1,,single
1791341619,1250220,0,,single
1791341620,1772480,0,,single
1791341621,2516590,2,,single
1791341623,3192340,7,,single
1791341624,411820,0,,single
1791341626,1445440,1,,single
1791341627,2203590,6,,single
1791341629,3172270,1,,single
1791341630,4677310,13,,single
1791341631,1013180,1,,single
1791341633,1344530,0,,single
1791341634,1745790,1,,single
1791341636,1923690,4,,single
1791341637,2994810,0,,single
1791341638,386600,0,,single
1791341640,724430,0,,single
1791341641,1698030,0,,single
1791341643,1892950,3,,single
1791341644,2367560,1,,single
1791341646,3558300,0,,single
1791341647,366380,0,,single
1791341649,1465190,0,,single
1791341650,1832050,5,,single
1791341652,2110840,1,,single
1791341653,2543370,1,,single
1791341655,672150,13,,single
1791341656,1096730,0,,single
1791341657,1470310,0,,single
1791341659,2092190,0,,single
1791341660,2774580,0,,single
1791341662,338960,0,,single
1791341663,493580,0,,single
1791341665,1097810,0,,single
1791341666,1222750,8,,single
1791341667,1597040,0,,single
1791341669,2085920,0,,single
1791341670,3028830,9,,single
1791341672,368050,0,,single
1791341673,795760,0,,single
1791341675,1354300,1,,single
1791341676,1713190,1,,single
1791341677,2158900,0,,single
1791341679,2551690,0,,single
1791341680,3377320,0,,single
1791341682,4809400,22,,single
1791341683,511660,3,,single
1791341685,1478350,0,,single
1791341686,2134860,8,,single
1791341688,2535420,0,,single
1791341689,4032940,2,,single
1791341690,435840,0,,single
1791341692,968950,0,,single
1791341693,1538730,2,,single
1791341694,2025320,0,,single
1791341696,821320,0,,single
1791341697,1590160,0,,single
1791341699,1967100,0,,single
1791341700,2437750,5,,single
1791341701,2833810,0,,single
1791341703,318330,0,,single
1791341704,777150,72,,single
1791341705,1638330,0,,single
1791341707,1918130,2,,single
1791341708,2383860,0,,single
1791341710,42230,6,,single
1791341711,320670,0,,single
1791341713,508300,0,,single
1791341714,1051950,0,,single
1791341717,1098190,0,,single
1791341718,1545290,0,,single
1791341719,1875310,0,,single
1791341721,3362480,0,,single
1791341722,4420,1,,single
1791341724,233110,0,,single
1791341727,359650,0,,single
1791341728,988430,0,,single
1791341730,1192380,1,,single
1791341731,1673000,0,,single
1791341733,1956960,1,,single
1791341734,2529510,1,,single
1791341735,337680,0,,single
1791341737,575570,0,,single
1791341738,873980,5,,single
1791341740,1122700,0,,single
1791341741,1588410,0,,single
1791341743,3182330,0,,single
1791341744,389850,0,,single
1791341746,559070,0,,single
1791341747,674150,0,,single
1791341749,1132720,0,,single
1791341750,1315680,9,,single
1791341752,1728520,5,,single
1791341753,2442400,0,,single
1791341754,2807490,0,,single
1791341756,345080,0,,single
1791341758,549170,1,,single
1791341759,685950,1,,single
1791341761,1076620,0,,single
1791341762,1352680,0,,single
1791341763,4976640,2,,single
1791341765,5148990,2,,single
1791341766,3179120,24,,single
1791341768,3932790,10,,single
1791341769,3989550,7,,single
1791341770,3818160,1648,,single
1791341772,2749380,20,,single
1791341773,3327470,1,,single
1791341775,285520,1,,single
1791341776,353980,0,,single
1791341778,575580,0,,single
1791341779,978870,0,,single
1791341780,1717290,1,,single
1791341782,2356470,7,,single
1791341783,3725650,3,,single
1791341784,724010,0,,single
1791341786,1049850,2,,single
1791341787,1231150,1,,single
1791341789,1483100,0,,single
1791341790,1709700,1,,single
1791341792,2181640,1,,single
1791341793,2367580,3,,single
1791341795,2998920,0,,single
1791341796,4536900,21,,single
1791341797,344340,0,,single
1791341799,434880,0,,single
1791341800,715680,2,,single
1791341802,1553710,0,,single
1791341803,1695791,13,,single
1791341805,2430700,2,,single
1791341806,31200,0,,single
1791341807,314330,2,,single
1791341809,717850,0,,single
1791341810,1157620,0,,single
1791341811,1231840,0,,single
1791341813,1508430,2,,single
1791341814,1772050,0,,single
1791341816,2192270,0,,single
1791341817,2493220,3,,single
1791341819,3930840,8,,single
1791341820,294730,2,,single
1791341822,630550,0,,single
1791341823,1169020,0,,single
1791341824,1361670,0,,single
1791341826,1896900,1,,single
1791341828,2772670,2,,single
1791341829,3884200,1,,single
1791341831,275350,0,,single
1791341832,523750,11,,single
1791341833,542880,4,,single
1791341835,801750,0,,single
1791341836,1171820,2,,single
1791341838,1473260,6,,single
1791341839,1616280,0,,single
1791341841,1984790,2,,single
1791341842,2352790,14,,single
1791341844,2986400,12,,single
1791341845,277470,2,,single
1791341847,1071940,0,,single
1791341848,1352200,0,,single
1791341849,2061020,0,,single
1791341851,2546310,1,,single
1791341852,3282670,0,,single
1791341854,286750,0,,single
1791341855,375220,0,,single
1791341856,590670,0,,single
1791341858,749850,1,,single
1791341859,1424630,0,,single
1791341860,1975340,0,,single
1791341862,2303740,5,,single
1791341863,2949720,2,,single
1791341865,348300,8,,single
1791341866,644710,7,,single
1791341867,769550,0,,single
1791341869,1266560,2,,single
1791341870,1605290,5,,single
1791341872,1868020,2,,single
1791341873,2507840,1,,single
1791341875,3439830,2,,single
1791341877,327950,1,,single
1791341878,526980,0,,single
1791341880,701420,0,,single
1791341881,921530,0,,single
1791341882,1413580,4,,single
1791341884,1770380,1,,single
1791341885,1904160,15,,single
1791341887,2341920,0,,single
1791341888,279900,0,,single
1791341890,607820,1,,single
1791341891,1131670,2,,single
1791341893,2089490,1,,single
1791341894,2190390,0,,single
1791341896,51010,9,,single
1791341897,373650,0,,single
1791341899,504380,0,,single
1791341900,663210,0,,single
1791341902,1294220,0,,single
1791341903,1905220,0,,single
1791341904,2423470,2,,single
1791341906,3690850,0,,single
1791341907,296210,1,,single
1791341908,577710,6,,single
1791341910,1197590,2,,single
1791341911,1495420,2,,single
1791341912,1871470,1,,single
1791341914,2117420,0,,single
1791341915,2180000,1,,single
1791341917,2569170,0,,single
1791341918,2727440,0,,single
1791341920,4144180,0,,single
1791341921,15970,1,,single
1791341922,657470,0,,single
1791341924,1375930,1,,single
1791341925,1643850,0,,single
1791341927,2311760,3,,single
1791341928,37220,3,,single
1791341929,576540,0,,single
1791341931,1194610,0,,single
1791341932,1407100,0,,single
1791341934,1778270,0,,single
1791341935,2331960,0,,single
1791341937,3571820,0,,single
1791341938,4925300,8,,single
1791341939,535700,0,,single
1791341941,740550,0,,single
1791341942,1052440,0,,single
1791341944,1395400,0,,single
1791341945,2008420,0,,single
1791341946,3087180,3,,single
1791341948,4110360,10,,single
1791341949,259980,0,,single
1791341951,380120,0,,single
1791341952,683280,2,,single
1791341954,832540,0,,single
1791341955,1277210,0,,single
1791341956,1471910,3,,single
1791341958,1698350,0,,single
1791341959,1984610,0,,single
1791341961,2775050,0,,single
1791341962,332390,1,,single
1791341964,449510,0,,single
1791341965,844390,0,,single
1791341967,1157960,1,,single
1791341968,1312990,0,,single
1791341969,1684010,0,,single
1791341971,2097740,0,,single
1791341972,2955820,0,,single
1791341973,4174600,17,,single
1791341975,595420,0,,single
1791341976,817460,0,,single
1791341978,934180,0,,single
1791341979,1437750,1,,single
1791341981,1863390,32,,single
1791341982,2001970,2,,single
1791341983,2663600,0,,single
1791341985,392030,0,,single
1791341986,513720,0,,single
1791341987,555320,0,,single
1791341989,975620,0,,single
1791341990,1229570,0,,single
1791341992,1618310,1,,single
1791341993,1823320,0,,single
1791341994,2314110,0,,single
1791341996,435420,0,,single
1791341997,724260,0,,single
1791341999,891790,0,,single
1791342000,1262640,0,,single
1791342002,1512830,0,,single
1791342003,1752250,0,,single
1791342005,2304490,0,,single
1791342006,2649990,0,,single
1791342008,97110,2,,single
1791342009,416240,0,,single
1791342010,716010,0,,single
1791342012,837040,0,,single
1791342013,1085630,0,,single
1791342015,1284080,2,,single
1791342017,1920500,1,,single
1791342018,2358500,2,,single
1791342020,3920170,0,,single
1791342021,370150,0,,single
1791342023,573710,5,,single
1791342024,1070500,13,,single
1791342026,1429350,0,,single
1791342028,2086150,0,,single
1791342030,2508400,1,,single
1791342031,2768380,4,,single
1791342033,365560,0,,single
1791342034,501050,2,,single
1791342036,726950,1,,single
1791342037,1023550,0,,single
1791342038,1364730,0,,single
1791342040,1584660,0,,single
1791342041,1817560,0,,single
1791342043,2135580,0,,single
1791342044,2205460,0,,single
1791342046,2417580,0,,single
1791342047,2678280,4,,single
1791342048,2944560,12,,single
1791342050,3889540,7,,single
1791342051,360590,1,,single
1791342053,475960,0,,single
1791342054,614460,0,,single
1791342055,832320,1,,single
1791342057,985650,0,,single
1791342058,1033220,0,,single
1791342060,1446930,1,,single
1791342061,1933820,2,,single
1791342063,2357400,6,,single
1791342064,2533870,1,,single
1791342065,4246910,33,,single
1791342067,49330,0,,single
1791342068,263940,2,,single
1791342070,395930,1,,single
1791342071,656210,3,,single
1791342072,1484730,2,,single
1791342074,1849820,0,,single
1791342075,2074370,0,,single
1791342076,2470980,5,,single
1791342078,4173760,1,,single
1791342079,390880,0,,single
1791342081,732930,0,,single
1791342082,945440,0,,single
1791342083,1051410,0,,single
1791342085,1246950,1,,single
1791342086,1598910,0,,single
1791342088,1717570,0,,single
1791342089,1848710,0,,single
1791342090,2166710,1,,single
1791342092,2594020,1,,single
1791342093,3639590,5,,single
1791342095,3961110,2,,single
1791342096,4859270,2,,single
1791342097,623550,0,,single
1791342099,682780,0,,single
1791342100,1329790,0,,single
1791342102,2114350,0,,single
1791342103,2459180,1,,single
1791342105,4467550,2,,single
1791342106,264320,0,,single
1791342108,570580,2,,single
1791342109,682080,0,,single
1791342110,868410,13,,single
1791342112,1246870,4,,single
1791342114,1512720,1,,single
1791342115,1925560,18,,single
1791342116,2658660,1,,single
1791342118,205080,0,,single
1791342119,678890,0,,single
1791342121,897640,0,,single
1791342122,954270,0,,single
1791342124,1465380,0,,single
1791342125,1795470,3,,single
1791342127,2084110,0,,single
1791342128,2334990,0,,single
1791342130,3298500,4,,single
1791342131,73190,1,,single
1791342132,371220,0,,single
1791342134,492090,23,,single
1791342135,656570,0,,single
1791342137,1071220,1,,single
1791342138,1240050,0,,single
1791342139,1730080,0,,single
1791342141,2112680,0,,single
1791342142,4491210,1,,single
1791342144,358410,0,,single
1791342145,562540,1,,single
1791342146,889240,0,,single
1791342148,1420650,1,,single
1791342149,1923670,1,,single
1791342151,2198830,2,,single
1791342152,2355250,7,,single
1791342154,370480,0,,single
1791342155,656590,0,,single
1791342156,1004150,0,,single
1791342158,1359630,0,,single
1791342159,1520900,0,,single
1791342161,1558970,2,,single
1791342162,1785000,2,,single
1791342163,2194000,4,,single
1791342165,2439780,0,,single
1791342166,3962840,19,,single
1791342168,628710,0,,single
1791342169,885470,0,,single
1791342170,1172530,0,,single
1791342172,1464550,1,,single
1791342173,2598940,7,,single
1791342175,3084180,2,,single
1791342176,542290,1,,single
1791342178,596810,0,,single
1791342179,1117380,0,,single
1791342181,1356040,9,,single
1791342182,1761290,0,,single
1791342184,2283200,7,,single
1791342186,3664060,9,,single
1791342187,276750,0,,single
1791342188,349460,3,,single
1791342190,615670,0,,single
1791342191,797620,0,,single
1791342193,1089660,0,,single
1791342194,1221800,1,,single
1791342196,1488100,0,,single
1791342197,1833570,4,,single
1791342199,2104920,0,,single
1791342200,2221980,2,,single
1791342201,3028150,0,,single
1791342203,42200,1,,single
1791342204,297570,1,,single
1791342206,412660,0,,single
1791342207,603930,0,,single
1791342209,1518820,0,,single
1791342210,2027000,0,,single
1791342212,2189420,0,,single
1791342213,2478020,2,,single
1791342214,3835980,4,,single
1791342216,513480,0,,single
1791342217,623070,1,,single
1791342219,957820,0,,single
1791342220,1159680,0,,single
1791342222,1415320,0,,single
1791342223,2058200,0,,single
1791342224,3098050,2,,single
1791342226,240360,1,,single
1791342227,464650,1,,single
1791342229,604510,0,,single
1791342230,925550,0,,single
1791342232,1202280,0,,single
1791342233,1442840,2,,single
1791342234,1712950,0,,single
1791342236,1849360,1,,single
1791342238,2019380,7,,single
1791342239,2127430,0,,single
1791342240,2658650,0,,single
1791342242,4145320,4,,single
1791342243,337760,7,,single
1791342245,402210,0,,single
1791342246,590370,1,,single
1791342247,917740,0,,single
1791342249,1011420,1,,single
1791342250,1388230,0,,single
1791342252,1980980,0,,single
1791342253,2217740,0,,single
1791342255,3291310,5,,single
1791342256,326630,0,,single
1791342257,494100,0,,single
1791342259,801040,0,,single
1791342260,913160,0,,single
1791342262,1015750,0,,single
1791342263,1204220,1,,single
1791342264,1293540,0,,single
1791342266,1650860,0,,single
1791342267,1997420,0,,single
1791342269,2062690,1,,single
1791342270,2667850,0,,single
1791342272,3252740,0,,single
1791342273,3794210,6,,single
1791342274,321190,0,,single
1791342276,514150,1,,single
1791342277,851050,0,,single
1791342279,1575640,0,,single
1791342280,1820050,0,,single
1791342282,2156770,1,,single
1791342283,2249450,6,,single
1791342285,3032190,0,,single
1791342286,3966070,6,,single
1791342287,420950,1,,single
1791342289,572710,4,,single
1791342290,975640,1,,single
1791342292,1448820,0,,single
1791342293,1882140,7,,single
1791342295,3100970,16,,single
1791342296,25620,0,,single
1791342298,317370,0,,single
1791342299,564960,3,,single
1791342301,839850,0,,single
1791342302,1238330,0,,single
1791342303,1587860,0,,single
1791342305,1662860,8,,single
1791342306,1793350,0,,single
1791342308,2072170,3,,single
1791342309,2283380,0,,single
1791342310,2552410,1,,single
1791342312,32740,0,,single
1791342313,922140,1,,single
1791342315,1087720,0,,single
1791342317,1208590,0,,single
1791342318,1926170,0,,single
1791342320,2490930,3,,single
1791342321,2701250,1,,single
1791342322,4470,0,,single
1791342324,299080,0,,single
1791342327,514890,0,,single
1791342329,617640,0,,single
1791342330,846690,2,,single
1791342332,1107750,0,,single
1791342333,1419620,0,,single
1791342334,1586710,0,,single
1791342336,2159670,5,,single
1791342337,2421800,0,,single
1791342339,2553920,11,,single
1791342340,3994640,4,,single
1791342341,65080,0,,single
1791342343,494740,2,,single
1791342345,586790,1,,single
1791342346,755950,1,,single
1791342347,1541790,0,,single
1791342349,1698670,2,,single
1791342350,1884300,0,,single
1791342351,2176930,2,,single
1791342353,2603040,1,,single
1791342354,3294590,0,,single
1791342356,4761320,2,,single
1791342357,460220,0,,single
1791342359,546410,1,,single
1791342360,924800,0,,single
1791342361,1748300,0,,single
1791342363,1997250,0,,single
1791342364,4651910,4,,single
1791342366,548680,0,,single
1791342367,699540,0,,single
1791342369,732400,0,,single
1791342370,1488430,0,,single
1791342371,1823170,0,,single
1791342373,1976390,0,,single
1791342374,2090150,1,,single
1791342376,2686690,2,,single
1791342377,3676110,4,,single
1791342379,297590,0,,single
1791342380,419080,0,,single
1791342381,575970,0,,single
1791342383,673910,0,,single
1791342384,987850,0,,single
1791342385,1266680,0,,single
1791342387,1714190,1,,single
1791342390,2377110,0,,single
1791342391,3646510,2,,single
1791342393,395920,0,,single
1791342394,541190,0,,single
1791342395,689710,0,,single
1791342397,885120,1,,single
1791342398,1084220,0,,single
1791342400,1257860,0,,single
1791342401,1759870,0,,single
1791342402,2017700,0,,single
1791342404,2546110,1,,single
1791342406,3250970,3,,single
1791342407,283840,0,,single
1791342409,418000,0,,single
1791342410,674310,1,,single
1791342412,1076120,0,,single
1791342413,1138960,0,,single
1791342415,1415280,0,,single
1791342416,1700890,1,,single
1791342418,2337760,0,,single
1791342419,3153770,1,,single
1791342420,4819360,13,,single
1791342422,497080,0,,single
1791342423,573210,1,,single
1791342424,1195070,1,,single
1791342426,1417940,2,,single
1791342427,1797630,0,,single
1791342429,2117430,0,,single
1791342430,2827610,0,,single
1791342432,3994260,0,,single
1791342433,381880,0,,single
1791342434,862740,10,,single
1791342436,1014280,0,,single
1791342437,1132120,0,,single
1791342439,1318750,1,,single
1791342440,1801410,1,,single
1791342442,2027370,0,,single
1791342443,2407550,0,,single
1791342445,4126530,16,,single
1791342446,459840,1,,single
1791342448,894620,0,,single
1791342449,1247570,0,,single
1791342450,1701370,13,,single
1791342452,2092130,0,,single
1791342453,2421950,0,,single
1791342455,3266580,0,,single
1791342456,220420,3,,single
1791342458,421260,0,,single
1791342459,623160,0,,single
1791342460,942270,0,,single
1791342462,1412960,0,,single
1791342463,1713720,1,,single
1791342465,1903970,1,,single
1791342466,2074910,0,,single
1791342467,2513490,1,,single
1791342469,3436280,2,,single
1791342470,4657600,4,,single
1791342472,314220,0,,single
1791342473,593740,0,,single
1791342474,809500,0,,single
1791342476,1438190,0,,single
1791342477,1593950,0,,single
1791342479,1866420,2,,single
1791342480,2207070,0,,single
1791342482,2613830,0,,single
1791342483,4093190,2,,single
1791342484,3510,4,,single
1791342486,460230,3,,single
1791342488,644080,2,,single
1791342489,909430,3,,single
1791342490,1122490,3,,single
1791342492,1774220,0,,single
1791342493,2230220,0,,single
1791342495,3026460,0,,single
1791342496,278510,1,,single
1791342497,348450,0,,single
1791342499,513690,1,,single
1791342500,864450,0,,single
1791342502,990900,0,,single
1791342503,1407140,0,,single
1791342505,1582410,2,,single
1791342506,2215540,0,,single
1791342508,2503150,0,,single
1791342509,294690,7,,single
1791342510,497360,1,,single
1791342512,1123190,0,,single
1791342513,1505540,0,,single
1791342514,2023810,0,,single
1791342516,2245080,0,,single
1791342517,2520590,4,,single
1791342518,3530770,3,,single
1791342520,16040,3,,single
1791342521,358260,1,,single
1791342523,486850,0,,single
1791342524,764590,0,,single
1791342525,1204930,0,,single
1791342527,2232180,0,,single
1791342528,2500710,2,,single
1791342529,3500,4,,single
1791342531,546070,0,,single
1791342532,743670,6,,single
1791342534,1085260,2,,single
1791342535,1253390,0,,single
1791342536,1401170,1,,single
1791342538,2012100,1,,single
1791342539,2426310,0,,single
1791342541,2709090,4,,single
1791342542,205530,0,,single
1791342543,459680,0,,single
1791342545,858360,0,,single
1791342546,1013650,0,,single
1791342547,1175210,4,,single
1791342549,1561060,0,,single
1791342550,1793800,2,,single
1791342552,3234140,1,,single
1791342553,16110,5,,single
1791342554,703500,0,,single
1791342556,1304320,1,,single
1791342557,1750350,1,,single
1791342559,2130680,0,,single
1791342560,2295070,3,,single
1791342561,2614980,1,,single
1791342563,3764390,3,,single
1791342564,368770,1,,single
1791342566,587400,0,,single
1791342567,809240,0,,single
1791342568,966720,0,,single
1791342570,1195230,0,,single
1791342571,1523510,0,,single
1791342573,2228390,1,,single
1791342574,2866440,0,,single
1791342576,3915320,6,,single
1791342577,354310,0,,single
1791342579,461480,0,,single
1791342580,711130,0,,single
1791342581,1079320,0,,single
1791342583,1547290,1,,single
1791342584,1749430,0,,single
1791342586,1992770,2,,single
1791342587,2109380,0,,single
1791342588,4265410,12,,single
1791342590,31870,0,,single
1791342591,362130,0,,single
1791342593,575920,0,,single
1791342594,986990,0,,single
1791342595,1119940,1,,single
1791342597,1442650,0,,single
1791342598,1907440,0,,single
1791342600,2095740,0,,single
1791342601,2399670,0,,single
1791342603,279560,1,,single
1791342604,404270,0,,single
1791342605,503900,0,,single
1791342607,624690,3,,single
1791342608,919200,0,,single
1791342610,1253570,0,,single
1791342611,1363690,2,,single
1791342612,1913680,0,,single
1791342614,2556950,0,,single
1791342616,257870,0,,single
1791342617,581840,0,,single
1791342619,1064200,0,,single
1791342620,1458590,0,,single
1791342621,1632750,0,,single
1791342623,1842220,0,,single
1791342624,2351730,0,,single
1791342626,3723310,4,,single
1791342628,463880,2,,single
1791342630,627670,0,,single
1791342631,816720,0,,single
1791342633,1014050,0,,single
1791342634,1262930,0,,single
1791342635,1829370,0,,single
1791342637,1984230,0,,single
1791342638,2281870,0,,single
1791342640,3241880,4,,single
1791342641,46740,1,,single
1791342642,508760,2,,single
1791342644,719660,0,,single
1791342645,1496970,19,,single
1791342647,1592480,3,,single
1791342648,1669500,0,,single
1791342649,1992700,0,,single
1791342651,2347380,2,,single
1791342652,2509370,0,,single
1791342653,2653260,6,,single
1791342655,4866960,13,,single
1791342656,344810,1,,single
1791342658,477310,0,,single
1791342659,601180,1,,single
1791342660,1140030,0,,single
1791342662,1613450,2,,single
1791342663,1982130,0,,single
1791342665,2240390,0,,single
1791342666,2503780,0,,single
1791342667,3245420,0,,single
1791342669,266250,0,,single
1791342670,379610,0,,single
1791342671,506260,2,,single
1791342673,993780,4,,single
1791342674,1418180,2,,single
1791342676,1477050,0,,single
1791342678,1714080,0,,single
1791342679,1904530,4,,single
1791342680,2479300,1,,single
1791342682,3488640,2,,single
1791342683,206060,1,,single
1791342685,547930,0,,single
1791342686,892780,0,,single
1791342688,1252390,0,,single
1791342689,2054810,4,,single
1791342691,2370140,3,,single
1791342692,3989640,0,,single
1791342694,336780,0,,single
1791342695,767030,0,,single
1791342697,1232150,0,,single
1791342698,1340300,0,,single
1791342700,1459710,1,,single
1791342701,1584330,0,,single
1791342702,1770490,4,,single
1791342704,1998980,2,,single
1791342705,2473070,20,,single
1791342707,3417490,6,,single
1791342708,294770,0,,single
1791342709,503680,2,,single
1791342711,538550,1,,single
1791342712,1000470,0,,single
1791342714,1186600,0,,single
1791342715,1613680,2,,single
1791342717,1922960,2,,single
1791342718,2274500,0,,single
1791342719,2361700,0,,single
1791342721,3271470,1,,single
1791342722,284020,0,,single
1791342724,361950,1,,single
1791342725,499210,0,,single
1791342727,804430,0,,single
1791342728,1342810,0,,single
1791342730,1697460,19,,single
1791342731,2020510,3,,single
1791342733,4623570,42386,,single
1791342734,4870460,0,,single
1791342735,2218460,9,,single
1791342737,2402630,0,,single
1791342738,2564970,5,,single
1791342739,294720,6,,single
1791342741,342890,0,,single
1791342742,497470,0,,single
1791342744,908990,0,,single
1791342745,1090920,0,,single
1791342746,1800890,0,,single
1791342748,2105840,1,,single
1791342749,2573950,0,,single
1791342751,4123320,4,,single
1791342752,259960,1,,single
1791342754,425460,0,,single
1791342755,538710,0,,single
1791342756,715840,0,,single
1791342758,1015080,1,,single
1791342759,1095290,0,,single
1791342761,1604060,1,,single
1791342762,1911780,1,,single
1791342764,2014690,0,,single
1791342766,2478810,10,,single
1791342767,38170,11,,single
1791342768,407190,3,,single
1791342770,568860,0,,single
1791342771,808800,0,,single
1791342773,1015430,0,,single
1791342774,1229890,1,,single
1791342776,1933490,1,,single
1791342777,2289130,1,,single
1791342778,3591680,0,,single
1791342780,3959100,0,,single
1791342781,625910,0,,single
1791342782,1931600,2,,single
1791342784,2309630,0,,single
1791342785,3085950,15,,single
1791342787,3774560,0,,single
1791342788,351080,1,,single
1791342789,769110,0,,single
1791342791,788050,0,,single
1791342792,1296260,0,,single
1791342794,1585250,0,,single
1791342795,2579020,0,,single
1791342797,234350,4,,single
1791342798,654100,0,,single
1791342799,1109820,0,,single
1791342801,1422730,0,,single
1791342802,1639690,0,,single
1791342804,2021710,0,,single
1791342805,2307160,1,,single
1791342807,209610,0,,single
1791342808,365860,0,,single
1791342810,509130,1,,single
1791342811,597200,3,,single
1791342813,769840,0,,single
1791342814,1094930,5,,single
1791342815,1831980,5,,single
1791342817,1925050,0,,single
1791342818,2050740,0,,single
1791342820,2335220,0,,single
1791342821,3079150,12,,single
1791342823,3628760,0,,single
1791342824,313470,0,,single
1791342826,458420,1,,single
1791342827,833270,0,,single
1791342828,1129660,5,,single
1791342830,1414470,0,,single
1791342831,1718240,1,,single
1791342833,2101280,4,,single
1791342834,2548950,2,,single
1791342836,3015270,0,,single
1791342837,3452230,0,,single
1791342838,16030,1,,single
1791342840,451140,0,,single
1791342841,521210,0,,single
1791342843,626580,0,,single
1791342844,794950,0,,single
1791342846,1121720,2,,single
1791342847,1470940,1,,single
1791342848,1880930,0,,single
1791342850,2303720,0,,single
1791342851,2450480,3,,single
1791342853,2590810,0,,single
1791342854,60340,5,,single
1791342856,365420,1,,single
1791342857,667300,0,,single
1791342859,726070,0,,single
1791342860,951740,0,,single
1791342861,1091210,1,,single
1791342863,1432650,0,,single
1791342864,1496640,1,,single
1791342866,1584800,0,,single
1791342867,1896160,2,,single
1791342869,2407910,0,,single
1791342870,38000,3,,single
1791342871,378850,2,,single
1791342873,704480,0,,single
1791342874,817770,0,,single
1791342876,973050,0,,single
1791342877,1059150,0,,single
1791342878,1132100,0,,single
1791342880,1469540,0,,single
1791342881,1693950,0,,single
1791342883,2059960,1,,single
1791342884,2360620,1,,single
1791342886,3263540,5,,single
1791342887,423600,1,,single
1791342889,521280,2,,single
1791342890,790860,0,,single
1791342891,917940,0,,single
1791342893,1423000,0,,single
1791342894,1817290,0,,single
1791342896,2050720,0,,single
1791342897,2570640,5,,single
1791342898,4843710,14,,single
1791342900,285420,0,,single
1791342901,323280,0,,single
1791342903,370730,47,,single
1791342904,602510,1,,single
1791342906,1034150,0,,single
1791342907,1330570,0,,single
1791342908,1508660,1,,single
1791342910,1725620,0,,single
1791342911,1911220,0,,single
1791342913,2160420,0,,single
1791342914,2489850,3,,single
1791342915,4813880,8,,single
1791342917,298830,1,,single
1791342918,585090,0,,single
1791342920,705550,0,,single
1791342921,1043000,0,,single
1791342922,1516330,0,,single
1791342924,1561660,0,,single
1791342927,2282330,0,,single
1791342928,3535970,0,,single
1791342930,4596050,3,,single
1791342931,275830,1,,single
1791342933,380680,0,,single
1791342934,499110,1,,single
1791342936,597810,0,,single
1791342937,929310,0,,single
1791342939,1373180,1,,single
1791342940,1698630,0,,single
1791342941,1955800,1,,single
1791342943,1977910,4,,single
1791342945,2256280,2,,single
1791342946,4159320,5,,single
1791342948,334100,0,,single
1791342949,464070,0,,single
1791342950,610570,3,,single
1791342952,953330,0,,single
1791342953,1094640,0,,single
1791342955,1217930,1,,single
1791342956,1928710,0,,single
1791342958,2129390,4,,single
1791342959,279460,0,,single
1791342960,440790,0,,single
1791342962,628100,36,,single
1791342963,660320,0,,single
1791342965,1202150,1,,single
1791342966,1700110,0,,single
1791342968,2191620,1,,single
1791342969,2375080,1,,single
1791342971,2756120,0,,single
1791342973,3649690,0,,single
1791342974,4299940,1,,single
1791342976,4758360,0,,single
1791342977,298850,1,,single
1791342978,416320,0,,single
1791342980,857950,0,,single
1791342981,1088750,0,,single
1791342983,1744120,0,,single
1791342984,1952160,5,,single
1791342986,2279710,0,,single
1791342987,2414190,0,,single
1791342989,2625170,0,,single
1791342990,3146490,2,,single
1791342991,3633770,1,,single
1791342993,291050,0,,single
1791342994,433580,0,,single
1791342996,524560,1,,single
1791342997,672970,0,,single
1791342999,771430,0,,single
1791343000,1045120,0,,single
1791343001,1476760,1,,single
1791343003,1730190,1,,single
1791343004,1842510,0,,single
1791343005,2181060,0,,single
1791343007,3128220,0,,single
1791343008,3345130,49,,single
1791343010,4035570,0,,single
1791343011,4838460,9,,single
1791343012,2900640,84,,single
1791343014,3541630,12,,single
1791343015,2288340,20772,,single
1791343017,3919140,11,,single
1791343018,5219020,36,,single
1791343019,3582120,3,,single
1791343021,5012840,2,,single
1791343022,4244040,1,,single
1791343024,5184050,0,,single
1791343025,3393110,243638,,single
